Timestamp,Camelina01 - Weather station PARLight (µmol/m<sup>2</sup>/s),Camelina01 - Weather station RH (%),Camelina01 - Weather station Temp (°C),Camelina01 - Weather Station VPD (kPa)
2025-04-10T00:00:00,0,65.6,18,0.70944
2025-04-10T00:03:00,0,65.3,18,0.71563
2025-04-10T00:06:00,0,65.2,18,0.71769
2025-04-10T00:09:00,0,64.8,18,0.72594
2025-04-10T00:12:00,0,65.3,18,0.71563
2025-04-10T00:15:00,0,64.7,18,0.728
2025-04-10T00:18:00,0,63.5,18,0.75275
2025-04-10T00:21:00,0,62.5,19,0.82337
2025-04-10T00:24:00,0,62,19,0.83435
2025-04-10T00:27:00,0,61.9,19,0.83655
2025-04-10T00:30:00,0,61.8,18,0.78781
2025-04-10T00:33:00,0,62.9,18,0.76513
2025-04-10T00:36:00,0,64.4,18,0.73419
2025-04-10T00:39:00,0,65.5,18,0.7115
2025-04-10T00:42:00,0,65.9,18,0.70326
2025-04-10T00:45:00,0,66.5,18,0.69088
2025-04-10T00:48:00,0,66.4,18,0.69294
2025-04-10T00:51:00,0,66.6,18,0.68882
2025-04-10T00:54:00,0,66.6,18,0.68882
2025-04-10T00:57:00,0,66.8,18,0.68469
2025-04-10T01:00:00,0,67,18,0.68057
2025-04-10T01:03:00,0,67.1,18,0.67851
2025-04-10T01:06:00,0,67,18,0.68057
2025-04-10T01:09:00,0,67.1,18,0.67851
2025-04-10T01:12:00,0,66,18,0.70119
2025-04-10T01:15:00,0,65.1,18,0.71975
2025-04-10T01:18:00,0,64.2,18,0.73832
2025-04-10T01:21:00,0,64,18,0.74244
2025-04-10T01:24:00,0,64.1,18,0.74038
2025-04-10T01:27:00,0,64.2,18,0.73832
2025-04-10T01:30:00,0,64,18,0.74244
2025-04-10T01:33:00,0,63.8,18,0.74656
2025-04-10T01:36:00,0,63.8,18,0.74656
2025-04-10T01:39:00,0,63.6,18,0.75069
2025-04-10T01:42:00,0,63.6,18,0.75069
2025-04-10T01:45:00,0,63.4,18,0.75481
2025-04-10T01:48:00,0,63.7,18,0.74863
2025-04-10T01:51:00,0,63.6,18,0.75069
2025-04-10T01:54:00,0,63.8,18,0.74656
2025-04-10T01:57:00,0,62.6,18,0.77131
2025-04-10T02:00:00,0,61.7,18,0.78987
2025-04-10T02:03:00,0,62.3,18,0.7775
2025-04-10T02:06:00,0,63.7,19,0.79702
2025-04-10T02:09:00,0,64.4,19,0.78165
2025-04-10T02:12:00,0,64.9,18,0.72388
2025-04-10T02:15:00,0,65.2,18,0.71769
2025-04-10T02:18:00,0,65.9,18,0.70326
2025-04-10T02:21:00,0,66.3,18,0.69501
2025-04-10T02:24:00,0,66.4,18,0.69294
2025-04-10T02:27:00,0,66.7,18,0.68676
2025-04-10T02:30:00,0,67,18,0.68057
2025-04-10T02:33:00,0,66.7,18,0.68676
2025-04-10T02:36:00,0,67.3,18,0.67438
2025-04-10T02:39:00,0,66.9,18,0.68263
2025-04-10T02:42:00,0,66.1,18,0.69913
2025-04-10T02:45:00,0,64.8,18,0.72594
2025-04-10T02:48:00,0,64.8,18,0.72594
2025-04-10T02:51:00,0,64.3,18,0.73625
2025-04-10T02:54:00,0,64.4,18,0.73419
2025-04-10T02:57:00,0,64.4,18,0.73419
2025-04-10T03:00:00,0,64.3,18,0.73625
2025-04-10T03:03:00,0,64.2,18,0.73832
2025-04-10T03:06:00,0,64.3,18,0.73625
2025-04-10T03:09:00,0,64.3,18,0.73625
2025-04-10T03:12:00,0,64.1,18,0.74038
2025-04-10T03:15:00,0,64.4,18,0.73419
2025-04-10T03:18:00,0,63.7,18,0.74863
2025-04-10T03:21:00,0,62.8,18,0.76719
2025-04-10T03:24:00,0,62.1,18,0.78162
2025-04-10T03:27:00,0,61.7,18,0.78987
2025-04-10T03:30:00,0,61.8,18,0.78781
2025-04-10T03:33:00,0,61.7,18,0.78987
2025-04-10T03:36:00,0,61.6,18,0.79194
2025-04-10T03:39:00,0,61.6,18,0.79194
2025-04-10T03:42:00,0,61.9,18,0.78575
2025-04-10T03:45:00,0,61.7,18,0.78987
2025-04-10T03:48:00,0,61.9,18,0.78575
2025-04-10T03:51:00,0,61.3,18,0.79812
2025-04-10T03:54:00,0,60.4,18,0.81668
2025-04-10T03:57:00,0,59.7,18,0.83112
2025-04-10T04:00:00,0,59.7,18,0.83112
2025-04-10T04:03:00,354,59.5,18,0.83524
2025-04-10T04:06:00,350,58.7,18,0.85174
2025-04-10T04:09:00,348,58.3,19,0.91559
2025-04-10T04:12:00,346,57.7,19,0.92876
2025-04-10T04:15:00,344,57.3,19,0.93755
2025-04-10T04:18:00,344,57.1,19,0.94194
2025-04-10T04:21:00,341,56.8,19,0.94852
2025-04-10T04:24:00,341,56.4,19,0.95731
2025-04-10T04:27:00,339,56.1,19,0.96389
2025-04-10T04:30:00,338,55.9,19,0.96828
2025-04-10T04:33:00,337,55.6,19,0.97487
2025-04-10T04:36:00,338,55.5,19,0.97707
2025-04-10T04:39:00,338,55.3,19,0.98146
2025-04-10T04:42:00,336,55.3,19,0.98146
2025-04-10T04:45:00,336,55.2,19,0.98365
2025-04-10T04:48:00,336,54.8,19,0.99244
2025-04-10T04:51:00,336,54.7,19,0.99463
2025-04-10T04:54:00,335,54.6,19,0.99683
2025-04-10T04:57:00,336,54.1,19,1.00781
2025-04-10T05:00:00,336,54,19,1.01
2025-04-10T05:03:00,336,53.8,19,1.01439
2025-04-10T05:06:00,336,53.5,19,1.02098
2025-04-10T05:09:00,335,53.3,19,1.02537
2025-04-10T05:12:00,335,53.3,19,1.02537
2025-04-10T05:15:00,336,53.2,19,1.02757
2025-04-10T05:18:00,336,52.8,20,1.10282
2025-04-10T05:21:00,335,52.7,19,1.03855
2025-04-10T05:24:00,336,52.6,19,1.04074
2025-04-10T05:27:00,335,52.8,19,1.03635
2025-04-10T05:30:00,336,52.6,20,1.10749
2025-04-10T05:33:00,335,52.3,20,1.1145
2025-04-10T05:36:00,336,52.2,20,1.11684
2025-04-10T05:39:00,336,51.9,20,1.12385
2025-04-10T05:42:00,336,51.8,20,1.12618
2025-04-10T05:45:00,334,51.8,20,1.12618
2025-04-10T05:48:00,334,51.7,20,1.12852
2025-04-10T05:51:00,336,51.7,20,1.12852
2025-04-10T05:54:00,336,51.4,20,1.13553
2025-04-10T05:57:00,336,51.4,20,1.13553
2025-04-10T06:00:00,336,51.6,20,1.13086
2025-04-10T06:03:00,336,51.5,20,1.13319
2025-04-10T06:06:00,336,51.4,20,1.13553
2025-04-10T06:09:00,336,51.2,20,1.1402
2025-04-10T06:12:00,337,50.9,20,1.14721
2025-04-10T06:15:00,336,51,20,1.14487
2025-04-10T06:18:00,337,51,20,1.14487
2025-04-10T06:21:00,336,51,20,1.14487
2025-04-10T06:24:00,336,50.8,20,1.14955
2025-04-10T06:27:00,338,50.7,20,1.15188
2025-04-10T06:30:00,336,50.5,20,1.15656
2025-04-10T06:33:00,337,50.4,20,1.15889
2025-04-10T06:36:00,338,50.4,20,1.15889
2025-04-10T06:39:00,339,50.2,20,1.16357
2025-04-10T06:42:00,339,50.3,20,1.16123
2025-04-10T06:45:00,339,50.1,20,1.1659
2025-04-10T06:48:00,340,50,20,1.16824
2025-04-10T06:51:00,341,50,20,1.16824
2025-04-10T06:54:00,341,49.7,20,1.17525
2025-04-10T06:57:00,341,49.9,20,1.17058
2025-04-10T07:00:00,342,49.6,20,1.17759
2025-04-10T07:03:00,342,49.7,20,1.17525
2025-04-10T07:06:00,343,49.8,20,1.17291
2025-04-10T07:09:00,344,49.7,20,1.17525
2025-04-10T07:12:00,344,49.6,20,1.17759
2025-04-10T07:15:00,344,49.6,20,1.17759
2025-04-10T07:18:00,345,49.6,20,1.17759
2025-04-10T07:21:00,345,49.6,20,1.17759
2025-04-10T07:24:00,344,49.5,20,1.17992
2025-04-10T07:27:00,345,49.6,20,1.17759
2025-04-10T07:30:00,345,49.6,20,1.17759
2025-04-10T07:33:00,346,49.6,20,1.17759
2025-04-10T07:36:00,344,49.9,20,1.17058
2025-04-10T07:39:00,344.5,49.85,20,1.17174
2025-04-10T07:42:00,345,49.8,20,1.17291
2025-04-10T07:45:00,347,49.8,21,1.24755
2025-04-10T07:48:00,347,49.8,21,1.24755
2025-04-10T07:51:00,346,50,21,1.24258
2025-04-10T07:54:00,348,50,21,1.24258
2025-04-10T07:57:00,347,50,21,1.24258
2025-04-10T08:00:00,348,50.1,21,1.24009
2025-04-10T08:03:00,348,50.3,21,1.23512
2025-04-10T08:06:00,348,50.5,21,1.23015
2025-04-10T08:09:00,349,50.3,21,1.23512
2025-04-10T08:12:00,348,50.5,21,1.23015
2025-04-10T08:15:00,348,50.5,21,1.23015
2025-04-10T08:18:00,349,50.7,21,1.22518
2025-04-10T08:21:00,350,50.6,21,1.22767
2025-04-10T08:24:00,350,50.6,21,1.22767
2025-04-10T08:27:00,350,50.7,21,1.22518
2025-04-10T08:30:00,350,50.7,21,1.22518
2025-04-10T08:33:00,350,50.8,21,1.2227
2025-04-10T08:36:00,350,50.8,21,1.2227
2025-04-10T08:39:00,351,50.7,21,1.22518
2025-04-10T08:42:00,352,50.9,21,1.22021
2025-04-10T08:45:00,351,50.9,21,1.22021
2025-04-10T08:48:00,353,50.8,21,1.2227
2025-04-10T08:51:00,353,51,21,1.21773
2025-04-10T08:54:00,353,50.9,21,1.22021
2025-04-10T08:57:00,353,51.2,22,1.28932
2025-04-10T09:00:00,354,51.3,22,1.28668
2025-04-10T09:03:00,356,51.2,22,1.28932
2025-04-10T09:06:00,354,51.5,22,1.28139
2025-04-10T09:09:00,356,51.6,22,1.27875
2025-04-10T09:12:00,361,51.7,22,1.27611
2025-04-10T09:15:00,364,52,22,1.26818
2025-04-10T09:18:00,366,52.1,22,1.26554
2025-04-10T09:21:00,371,51.8,22,1.27347
2025-04-10T09:24:00,378,49.5,22,1.33423
2025-04-10T09:27:00,397,48.4,22,1.3633
2025-04-10T09:30:00,421,46.5,23,1.50204
2025-04-10T09:33:00,570,44.9,23,1.54696
2025-04-10T09:36:00,677,42.3,24,1.72064
2025-04-10T09:39:00,682,41.2,24,1.75344
2025-04-10T09:42:00,669,39.8,25,1.9059
2025-04-10T09:45:00,682,37,25,1.99455
2025-04-10T09:48:00,680,36.2,25,2.01987
2025-04-10T09:51:00,675,32.9,26,2.25435
2025-04-10T09:54:00,672,30.7,25,2.194
2025-04-10T09:57:00,657,30,26,2.35178
2025-04-10T10:00:00,622,29.7,24,2.09637
2025-04-10T10:03:00,591,26.9,25,2.31431
2025-04-10T10:06:00,569,27.7,25,2.28898
2025-04-10T10:09:00,564,26.3,24,2.19776
2025-04-10T10:12:00,561,25.2,24,2.23057
2025-04-10T10:15:00,558,25.8,23,2.0832
2025-04-10T10:18:00,560,23.3,25,2.42828
2025-04-10T10:21:00,586,23.1,25,2.43461
2025-04-10T10:24:00,592,23.3,25,2.42828
2025-04-10T10:27:00,1093,22.8,25,2.44411
2025-04-10T10:30:00,1353,23.1,24,2.29319
2025-04-10T10:33:00,1339,23.8,24,2.27232
2025-04-10T10:36:00,1372,21.5,26,2.63735
2025-04-10T10:39:00,888,21.1,26,2.65079
2025-04-10T10:42:00,866,21.2,26,2.64743
2025-04-10T10:45:00,1423,21.3,25,2.4916
2025-04-10T10:48:00,998.5,21.85,24.5,2.40139
2025-04-10T10:51:00,574,22.4,24,2.31406
2025-04-10T10:54:00,562,22.6,24,2.3081
2025-04-10T10:57:00,560,22.8,25,2.44411
2025-04-10T11:00:00,1109,23.5,24,2.28126
2025-04-10T11:03:00,912,23.3,24,2.28723
2025-04-10T11:06:00,1430,22.5,24,2.31108
2025-04-10T11:09:00,1499,22.1,24,2.32301
2025-04-10T11:12:00,1448,24.9,20,1.7547
2025-04-10T11:15:00,1419,23.6,23,2.14496
2025-04-10T11:18:00,1423,22.2,23,2.18427
2025-04-10T11:21:00,1008,21.1,24,2.35283
2025-04-10T11:24:00,1488,25.3,22,1.97361
2025-04-10T11:27:00,1463,22.5,23,2.17585
2025-04-10T11:30:00,1416,24.2,23,2.12812
2025-04-10T11:33:00,1171,27,20,1.70563
2025-04-10T11:36:00,793,24.2,23,2.12812
2025-04-10T11:39:00,551,25.9,21,1.8415
2025-04-10T11:42:00,763,22.5,23,2.17585
2025-04-10T11:45:00,571,24.9,22,1.98418
2025-04-10T11:48:00,580,25.6,22,1.96568
2025-04-10T11:51:00,740,26,19,1.62479
2025-04-10T11:54:00,670,23.9,23,2.13654
2025-04-10T11:57:00,595,24.4,22,1.99739
2025-04-10T12:00:00,574,25.3,20,1.74535
2025-04-10T12:03:00,546,24,23,2.13373
2025-04-10T12:06:00,531,25.8,21,1.84398
2025-04-10T12:09:00,524,24,21,1.88872
2025-04-10T12:12:00,520,23.3,23,2.15339
2025-04-10T12:15:00,515,25.6,21,1.84895
2025-04-10T12:18:00,513,24.9,20,1.7547
2025-04-10T12:21:00,509,22.8,23,2.16742
2025-04-10T12:24:00,506,25.9,20,1.73133
2025-04-10T12:27:00,507,22.7,23,2.17023
2025-04-10T12:30:00,502,24.3,22,2.00003
2025-04-10T12:33:00,498,25.9,20,1.73133
2025-04-10T12:36:00,497,23.1,22,2.03173
2025-04-10T12:39:00,495,24.5,22,1.99475
2025-04-10T12:42:00,493,25.4,21,1.85392
2025-04-10T12:45:00,493,25.3,20,1.74535
2025-04-10T12:48:00,493,24.2,22,2.00267
2025-04-10T12:51:00,493,22.2,24,2.32003
2025-04-10T12:54:00,496,23.3,22,2.02645
2025-04-10T12:57:00,490,26.2,21,1.83404
2025-04-10T13:00:00,490,25.3,21,1.85641
2025-04-10T13:03:00,491,25.5,21,1.85144
2025-04-10T13:06:00,492,22.1,24,2.32301
2025-04-10T13:09:00,499,21.4,25,2.48843
2025-04-10T13:12:00,494,25.6,20,1.73834
2025-04-10T13:15:00,489,26.1,21,1.83653
2025-04-10T13:18:00,493,23.2,23,2.15619
2025-04-10T13:21:00,489,25.9,19,1.62698
2025-04-10T13:24:00,490,23.6,23,2.14496
2025-04-10T13:27:00,493,24.4,21,1.87878
2025-04-10T13:30:00,489,26.7,19,1.60942
2025-04-10T13:33:00,490,23.7,23,2.14216
2025-04-10T13:36:00,494,24.2,21,1.88375
2025-04-10T13:39:00,490,27,20,1.70563
2025-04-10T13:42:00,496,22.4,23,2.17865
2025-04-10T13:45:00,495,26.5,19,1.61381
2025-04-10T13:48:00,491,26.3,20,1.72199
2025-04-10T13:51:00,501,22.4,22,2.05023
2025-04-10T13:54:00,495,27.4,19,1.59405
2025-04-10T13:57:00,537,24.1,23,2.13093
2025-04-10T14:00:00,621,24.9,21,1.86635
2025-04-10T14:03:00,654,26.1,20,1.72666
2025-04-10T14:06:00,746,23.4,23,2.15058
2025-04-10T14:09:00,897,22.7,23,2.17023
2025-04-10T14:12:00,1026,26,20,1.72899
2025-04-10T14:15:00,1121,25.3,22,1.97361
2025-04-10T14:18:00,1281,21.3,23,2.20954
2025-04-10T14:21:00,1284,25.9,20,1.73133
2025-04-10T14:24:00,1287,24.8,22,1.98682
2025-04-10T14:27:00,1492,23.5,23,2.14777
2025-04-10T14:30:00,1522,26.7,20,1.71264
2025-04-10T14:33:00,1542,23.6,24,2.27828
2025-04-10T14:36:00,534,25.4,21,1.85392
2025-04-10T14:39:00,518,29,19,1.55892
2025-04-10T14:42:00,517,25.3,22,1.97361
2025-04-10T14:45:00,520,25.9,21,1.8415
2025-04-10T14:48:00,717,27.8,19,1.58526
2025-04-10T14:51:00,1361,24,24,2.26635
2025-04-10T14:54:00,1532,25.3,21,1.85641
2025-04-10T14:57:00,1538,26.6,21,1.8241
2025-04-10T15:00:00,1547,23.3,24,2.28723
2025-04-10T15:03:00,1025,26.3,20,1.72199
2025-04-10T15:06:00,1524,25.5,22,1.96833
2025-04-10T15:09:00,1526,21.9,24,2.32897
2025-04-10T15:12:00,1504,25.2,20,1.74769
2025-04-10T15:15:00,1500,25.2,21,1.85889
2025-04-10T15:18:00,1498,23.7,23,2.14216
2025-04-10T15:21:00,565,23.7,22,2.01588
2025-04-10T15:24:00,1459,25,21,1.86387
2025-04-10T15:27:00,1457,23.7,23,2.14216
2025-04-10T15:30:00,1470,20.9,25,2.50426
2025-04-10T15:33:00,1447,25.4,21,1.85392
2025-04-10T15:36:00,1254,26.1,20,1.72666
2025-04-10T15:39:00,848,23.7,23,2.14216
2025-04-10T15:42:00,1131,21.4,25,2.48843
2025-04-10T15:45:00,1038,26.7,20,1.71264
2025-04-10T15:48:00,789,25.3,21,1.85641
2025-04-10T15:51:00,541,22.3,24,2.31705
2025-04-10T15:54:00,886,21.1,24,2.35283
2025-04-10T15:57:00,974,25.2,20,1.74769
2025-04-10T16:00:00,554,23.3,23,2.15339
2025-04-10T16:03:00,506,22,24,2.32599
2025-04-10T16:06:00,490,24.5,21,1.87629
2025-04-10T16:09:00,480,24.2,21,1.88375
2025-04-10T16:12:00,471,25.4,20,1.74301
2025-04-10T16:15:00,465,24.7,21,1.87132
2025-04-10T16:18:00,463,24.6,20,1.76171
2025-04-10T16:21:00,463,22.7,22,2.0423
2025-04-10T16:24:00,463,21.6,22,2.07137
2025-04-10T16:27:00,492,22.4,22,2.05023
2025-04-10T16:30:00,461,22.8,22,2.03966
2025-04-10T16:33:00,513,23.2,21,1.9086
2025-04-10T16:36:00,457,22.1,23,2.18708
2025-04-10T16:39:00,457,21.1,23,2.21515
2025-04-10T16:42:00,467,21.1,24,2.35283
2025-04-10T16:45:00,599,21.3,24,2.34687
2025-04-10T16:48:00,591.5,21.25,24,2.34836
2025-04-10T16:51:00,584,21.2,24,2.34985
2025-04-10T16:54:00,460,21.1,24,2.35283
2025-04-10T16:57:00,452,21.1,24,2.35283
2025-04-10T17:00:00,445,21.6,24,2.33792
2025-04-10T17:03:00,440,21.5,23,2.20392
2025-04-10T17:06:00,436,22.1,24,2.32301
2025-04-10T17:09:00,439,21.2,24,2.34985
2025-04-10T17:12:00,440,21.6,24,2.33792
2025-04-10T17:15:00,432,21.4,24,2.34388
2025-04-10T17:18:00,454,21.3,24,2.34687
2025-04-10T17:21:00,451,20.7,24,2.36476
2025-04-10T17:24:00,413,20.8,24,2.36178
2025-04-10T17:27:00,405,21.3,23,2.20954
2025-04-10T17:30:00,405,21,23,2.21796
2025-04-10T17:33:00,407,20.7,24,2.36476
2025-04-10T17:36:00,405,22.1,24,2.32301
2025-04-10T17:39:00,407,23.5,24,2.28126
2025-04-10T17:42:00,405,23.8,24,2.27232
2025-04-10T17:45:00,403,23.4,24,2.28424
2025-04-10T17:48:00,400,23.3,24,2.28723
2025-04-10T17:51:00,405,23.6,24,2.27828
2025-04-10T17:54:00,404,23.3,24,2.28723
2025-04-10T17:57:00,403,23.5,25,2.42195
2025-04-10T18:00:00,404,23.2,24,2.29021
2025-04-10T18:03:00,403,23.2,25,2.43145
2025-04-10T18:06:00,410,22.9,24,2.29915
2025-04-10T18:09:00,441,22.9,25,2.44094
2025-04-10T18:12:00,487,23.5,25,2.42195
2025-04-10T18:15:00,457,23.3,24,2.28723
2025-04-10T18:18:00,408,23.2,25,2.43145
2025-04-10T18:21:00,407,23.5,24,2.28126
2025-04-10T18:24:00,394,23.7,24,2.2753
2025-04-10T18:27:00,394,24.1,24,2.26337
2025-04-10T18:30:00,380,24.2,25,2.39979
2025-04-10T18:33:00,378,24.4,25,2.39346
2025-04-10T18:36:00,373,24.6,25,2.38712
2025-04-10T18:39:00,370,24.4,24,2.25442
2025-04-10T18:42:00,369,24.5,24,2.25144
2025-04-10T18:45:00,365,24.4,24,2.25442
2025-04-10T18:48:00,363,25,24,2.23653
2025-04-10T18:51:00,358,25.4,23,2.09443
2025-04-10T18:54:00,353,25,23,2.10566
2025-04-10T18:57:00,353,25.3,23,2.09724
2025-04-10T19:00:00,352,25.2,24,2.23057
2025-04-10T19:03:00,353,25.4,24,2.2246
2025-04-10T19:06:00,353,25.4,23,2.09443
2025-04-10T19:09:00,350,25.7,23,2.08601
2025-04-10T19:12:00,350,25.9,23,2.08039
2025-04-10T19:15:00,347,26.2,23,2.07197
2025-04-10T19:18:00,347,26.6,23,2.06074
2025-04-10T19:21:00,347,26.9,23,2.05232
2025-04-10T19:24:00,345,27.2,23,2.04389
2025-04-10T19:27:00,345,27.3,23,2.04109
2025-04-10T19:30:00,344,27.6,23,2.03266
2025-04-10T19:33:00,343,28,22,1.90227
2025-04-10T19:36:00,340,28.4,22,1.89171
2025-04-10T19:39:00,340,27.9,23,2.02424
2025-04-10T19:42:00,342,28.1,23,2.01862
2025-04-10T19:45:00,342,28.2,23,2.01582
2025-04-10T19:48:00,341,28.3,23,2.01301
2025-04-10T19:51:00,339,28.7,24,2.1262
2025-04-10T19:54:00,342,29.1,24,2.11427
2025-04-10T19:57:00,340,29.4,24,2.10532
2025-04-10T20:00:00,341,29.9,24,2.09041
2025-04-10T20:03:00,0,30.4,24,2.0755
2025-04-10T20:06:00,0,31.2,23,1.93159
2025-04-10T20:09:00,0,32.1,23,1.90632
2025-04-10T20:12:00,0,33.2,23,1.87544
2025-04-10T20:15:00,0,34.1,23,1.85017
2025-04-10T20:18:00,0,35,23,1.8249
2025-04-10T20:21:00,0,35.8,22,1.69619
2025-04-10T20:24:00,0,36.6,22,1.67506
2025-04-10T20:27:00,0,37.5,22,1.65128
2025-04-10T20:30:00,0,38.3,22,1.63014
2025-04-10T20:33:00,0,39.1,22,1.60901
2025-04-10T20:36:00,0,39.8,22,1.59051
2025-04-10T20:39:00,0,40.5,22,1.57202
2025-04-10T20:42:00,0,41.3,21,1.45879
2025-04-10T20:45:00,0,42.2,21,1.43642
2025-04-10T20:48:00,0,42.7,21,1.42399
2025-04-10T20:51:00,0,43.4,21,1.4066
2025-04-10T20:54:00,0,43.9,21,1.39417
2025-04-10T20:57:00,0,44.3,21,1.38423
2025-04-10T21:00:00,0,45,21,1.36683
2025-04-10T21:03:00,0,45.5,21,1.35441
2025-04-10T21:06:00,0,45.9,21,1.34447
2025-04-10T21:09:00,0,46.4,21,1.33204
2025-04-10T21:12:00,0,46.8,20,1.24301
2025-04-10T21:15:00,0,47.3,20,1.23132
2025-04-10T21:18:00,0,47.6,20,1.22432
2025-04-10T21:21:00,0,48,20,1.21497
2025-04-10T21:24:00,0,48.1,20,1.21263
2025-04-10T21:27:00,0,48.4,20,1.20562
2025-04-10T21:30:00,0,48.7,20,1.19861
2025-04-10T21:33:00,0,48.8,20,1.19628
2025-04-10T21:36:00,0,49,20,1.1916
2025-04-10T21:39:00,0,49.2,20,1.18693
2025-04-10T21:42:00,0,49.5,20,1.17992
2025-04-10T21:45:00,0,49.8,20,1.17291
2025-04-10T21:48:00,0,49.9,20,1.17058
2025-04-10T21:51:00,0,50,19,1.09783
2025-04-10T21:54:00,0,50.2,19,1.09344
2025-04-10T21:57:00,0,50.3,19,1.09124
2025-04-10T22:00:00,0,50.6,19,1.08465
2025-04-10T22:03:00,0,50.6,19,1.08465
2025-04-10T22:06:00,0,50.7,19,1.08246
2025-04-10T22:09:00,0,50.9,19,1.07807
2025-04-10T22:12:00,0,51,19,1.07587
2025-04-10T22:15:00,0,51,19,1.07587
2025-04-10T22:18:00,0,51.1,19,1.07368
2025-04-10T22:21:00,0,51.3,19,1.06929
2025-04-10T22:24:00,0,51.4,19,1.06709
2025-04-10T22:27:00,0,51.5,19,1.06489
2025-04-10T22:30:00,0,51.6,19,1.0627
2025-04-10T22:33:00,0,51.7,19,1.0605
2025-04-10T22:36:00,0,51.9,19,1.05611
2025-04-10T22:39:00,0,51.9,19,1.05611
2025-04-10T22:42:00,0,52.1,19,1.05172
2025-04-10T22:45:00,0,52.1,19,1.05172
2025-04-10T22:48:00,0,52.4,19,1.04513
2025-04-10T22:51:00,0,52.5,19,1.04294
2025-04-10T22:54:00,0,52.7,19,1.03855
2025-04-10T22:57:00,0,52.8,19,1.03635
2025-04-10T23:00:00,0,52.8,18,0.97342
2025-04-10T23:03:00,0,53.7,18,0.95486
2025-04-10T23:06:00,0,57.8,19,0.92657
2025-04-10T23:09:00,0,60.4,18,0.81668
2025-04-10T23:12:00,0,62.2,18,0.77956
2025-04-10T23:15:00,0,63.5,18,0.75275
2025-04-10T23:18:00,0,64.6,18,0.73007
2025-04-10T23:21:00,0,65.2,18,0.71769
2025-04-10T23:24:00,0,65.8,18,0.70532
2025-04-10T23:27:00,0,66.4,18,0.69294
2025-04-10T23:30:00,0,66.6,18,0.68882
2025-04-10T23:33:00,0,66.7,18,0.68676
2025-04-10T23:36:00,0,66.8,18,0.68469
2025-04-10T23:39:00,0,67.1,18,0.67851
2025-04-10T23:42:00,0,66.9,18,0.68263
2025-04-10T23:45:00,0,66.8,18,0.68469
2025-04-10T23:48:00,0,66.7,18,0.68676
2025-04-10T23:51:00,0,66.8,18,0.68469
2025-04-10T23:54:00,0,66.9,18,0.68263
2025-04-10T23:57:00,0,66.9,18,0.68263
2025-04-11T00:00:00,0,66.8,18,0.68469
2025-04-11T00:03:00,0,66.5,18,0.69088
2025-04-11T00:06:00,0,66.6,18,0.68882
2025-04-11T00:09:00,0,66.3,18,0.69501
2025-04-11T00:12:00,0,66.5,18,0.69088
2025-04-11T00:15:00,0,66.2,18,0.69707
2025-04-11T00:18:00,0,66,18,0.70119
2025-04-11T00:21:00,0,65.8,18,0.70532
2025-04-11T00:24:00,0,66,18,0.70119
2025-04-11T00:27:00,0,66.1,18,0.69913
2025-04-11T00:30:00,0,64.7,18,0.728
2025-04-11T00:33:00,0,64.8,19,0.77287
2025-04-11T00:36:00,0,65.8,19,0.75091
2025-04-11T00:39:00,0,66.6,19,0.73335
2025-04-11T00:42:00,0,67,19,0.72457
2025-04-11T00:45:00,0,67.5,19,0.71359
2025-04-11T00:48:00,0,67.6,18,0.6682
2025-04-11T00:51:00,0,68.1,18,0.65788
2025-04-11T00:54:00,0,68.3,18,0.65376
2025-04-11T00:57:00,0,68.5,18,0.64963
2025-04-11T01:00:00,0,68.9,18,0.64139
2025-04-11T01:03:00,0,68.9,18,0.64139
2025-04-11T01:06:00,0,68.9,18,0.64139
2025-04-11T01:09:00,0,69,18,0.63932
2025-04-11T01:12:00,0,68.8,18,0.64345
2025-04-11T01:15:00,0,69.1,18,0.63726
2025-04-11T01:18:00,0,68.8,18,0.64345
2025-04-11T01:21:00,0,69,18,0.63932
2025-04-11T01:24:00,0,68.9,18,0.64139
2025-04-11T01:27:00,0,68.8,18,0.64345
2025-04-11T01:30:00,0,68.7,18,0.64551
2025-04-11T01:33:00,0,68.7,18,0.64551
2025-04-11T01:36:00,0,68.6,18,0.64757
2025-04-11T01:39:00,0,68.7,18,0.64551
2025-04-11T01:42:00,0,69.2,18,0.6352
2025-04-11T01:45:00,0,68,18,0.65995
2025-04-11T01:48:00,0,66.8,18,0.68469
2025-04-11T01:51:00,0,66,18,0.70119
2025-04-11T01:54:00,0,65.5,18,0.7115
2025-04-11T01:57:00,0,65.45,18,0.71254
2025-04-11T02:00:00,0,65.4,18,0.71357
2025-04-11T02:03:00,0,65.9,18,0.70326
2025-04-11T02:06:00,0,67.3,18,0.67438
2025-04-11T02:09:00,0,68.2,18,0.65582
2025-04-11T02:12:00,0,69,18,0.63932
2025-04-11T02:15:00,0,69.3,18,0.63314
2025-04-11T02:18:00,0,69.8,18,0.62282
2025-04-11T02:21:00,0,70.4,18,0.61045
2025-04-11T02:24:00,0,70.6,18,0.60633
2025-04-11T02:27:00,0,71.3,18,0.59189
2025-04-11T02:30:00,0,71.5,18,0.58776
2025-04-11T02:33:00,0,71.4,18,0.58983
2025-04-11T02:36:00,0,71.5,18,0.58776
2025-04-11T02:39:00,0,71.7,18,0.58364
2025-04-11T02:42:00,0,71.4,18,0.58983
2025-04-11T02:45:00,0,71.3,18,0.59189
2025-04-11T02:48:00,0,71.4,18,0.58983
2025-04-11T02:51:00,0,71.4,18,0.58983
2025-04-11T02:54:00,0,71.5,18,0.58776
2025-04-11T02:57:00,0,71.2,18,0.59395
2025-04-11T03:00:00,0,71.7,18,0.58364
2025-04-11T03:03:00,0,70.6,18,0.60633
2025-04-11T03:06:00,0,69.3,18,0.63314
2025-04-11T03:09:00,0,68.6,18,0.64757
2025-04-11T03:12:00,0,68.3,18,0.65376
2025-04-11T03:15:00,0,68.3,18,0.65376
2025-04-11T03:18:00,0,68.1,18,0.65788
2025-04-11T03:21:00,0,68,18,0.65995
2025-04-11T03:24:00,0,68,18,0.65995
2025-04-11T03:27:00,0,68,18,0.65995
2025-04-11T03:30:00,0,68.1,18,0.65788
2025-04-11T03:33:00,0,68.1,18,0.65788
2025-04-11T03:36:00,0,68.1,18,0.65788
2025-04-11T03:39:00,0,68.1,18,0.65788
2025-04-11T03:42:00,0,68,18,0.65995
2025-04-11T03:45:00,0,68,18,0.65995
2025-04-11T03:48:00,0,68,17,0.61957
2025-04-11T03:51:00,0,68.2,17,0.6157
2025-04-11T03:54:00,0,67.3,18,0.67438
2025-04-11T03:57:00,0,66.4,18,0.69294
2025-04-11T04:00:00,0,65.6,18,0.70944
2025-04-11T04:03:00,354,65,18,0.72182
2025-04-11T04:06:00,352,64,19,0.79044
2025-04-11T04:09:00,349,63.6,19,0.79922
2025-04-11T04:12:00,347,63,19,0.81239
2025-04-11T04:15:00,346,62.4,19,0.82557
2025-04-11T04:18:00,343,61.9,19,0.83655
2025-04-11T04:21:00,342,61.6,19,0.84313
2025-04-11T04:24:00,340,61.2,19,0.85192
2025-04-11T04:27:00,339,61,19,0.85631
2025-04-11T04:30:00,339,60.7,19,0.86289
2025-04-11T04:33:00,338,60.5,19,0.86728
2025-04-11T04:36:00,337,60.3,19,0.87168
2025-04-11T04:39:00,336,59.9,19,0.88046
2025-04-11T04:42:00,336,59.8,19,0.88265
2025-04-11T04:45:00,335,59.6,19,0.88705
2025-04-11T04:48:00,336,59.3,20,0.95095
2025-04-11T04:51:00,336,59.2,20,0.95328
2025-04-11T04:54:00,336,59,20,0.95796
2025-04-11T04:57:00,335,58.7,20,0.96497
2025-04-11T05:00:00,336,58.7,20,0.96497
2025-04-11T05:03:00,336,58.5,20,0.96964
2025-04-11T05:06:00,336,58.4,20,0.97198
2025-04-11T05:09:00,336,58.4,20,0.97198
2025-04-11T05:12:00,335,58.1,20,0.97898
2025-04-11T05:15:00,335,58.1,20,0.97898
2025-04-11T05:18:00,336,58,20,0.98132
2025-04-11T05:21:00,334,57.9,20,0.98366
2025-04-11T05:24:00,336,57.9,20,0.98366
2025-04-11T05:27:00,334,57.8,20,0.98599
2025-04-11T05:30:00,336,58.1,20,0.97898
2025-04-11T05:33:00,334,57.9,20,0.98366
2025-04-11T05:36:00,335,57.9,20,0.98366
2025-04-11T05:39:00,336,57.7,20,0.98833
2025-04-11T05:42:00,336,57.7,20,0.98833
2025-04-11T05:45:00,336,57.8,20,0.98599
2025-04-11T05:48:00,336,57.6,20,0.99067
2025-04-11T05:51:00,336,57.5,21,1.05619
2025-04-11T05:54:00,336,57.6,21,1.05371
2025-04-11T05:57:00,336,57.6,21,1.05371
2025-04-11T06:00:00,336,57.5,21,1.05619
2025-04-11T06:03:00,337,57.2,21,1.06365
2025-04-11T06:06:00,336,57.2,21,1.06365
2025-04-11T06:09:00,336,57.3,21,1.06116
2025-04-11T06:12:00,336,56.8,21,1.07359
2025-04-11T06:15:00,337,56.6,21,1.07856
2025-04-11T06:18:00,336,56.5,21,1.08104
2025-04-11T06:21:00,336,55.5,21,1.10589
2025-04-11T06:24:00,336,54.6,21,1.12826
2025-04-11T06:27:00,337,54.8,21,1.12329
2025-04-11T06:30:00,339,54.3,21,1.13572
2025-04-11T06:33:00,338,54.3,21,1.13572
2025-04-11T06:36:00,339,54.2,21,1.1382
2025-04-11T06:39:00,339,54.2,21,1.1382
2025-04-11T06:42:00,339,53.9,21,1.14566
2025-04-11T06:45:00,342,52.8,21,1.17299
2025-04-11T06:48:00,344,52.8,21,1.17299
2025-04-11T06:51:00,343,52.9,21,1.17051
2025-04-11T06:54:00,343,52.8,21,1.17299
2025-04-11T06:57:00,344,52.9,21,1.17051
2025-04-11T07:00:00,344,52.8,21,1.17299
2025-04-11T07:03:00,345,52.7,21,1.17548
2025-04-11T07:06:00,346,52.7,21,1.17548
2025-04-11T07:09:00,347,52.6,21,1.17796
2025-04-11T07:12:00,346,52.7,21,1.17548
2025-04-11T07:15:00,346,52.4,21,1.18293
2025-04-11T07:18:00,347,51.4,22,1.28404
2025-04-11T07:21:00,345,50.9,21,1.22021
2025-04-11T07:24:00,346,51,21,1.21773
2025-04-11T07:27:00,347,51,22,1.2946
2025-04-11T07:30:00,346,51,22,1.2946
2025-04-11T07:33:00,347,51,22,1.2946
2025-04-11T07:36:00,347,51.1,22,1.29196
2025-04-11T07:39:00,349,51.1,22,1.29196
2025-04-11T07:42:00,350,51.1,22,1.29196
2025-04-11T07:45:00,350,51.1,22,1.29196
2025-04-11T07:48:00,349,51.2,22,1.28932
2025-04-11T07:51:00,349,51.4,22,1.28404
2025-04-11T07:54:00,350,51.3,22,1.28668
2025-04-11T07:57:00,350,51.3,22,1.28668
2025-04-11T08:00:00,349,51.2,22,1.28932
2025-04-11T08:03:00,350,51.3,22,1.28668
2025-04-11T08:06:00,351,51.3,22,1.28668
2025-04-11T08:09:00,350,51.2,22,1.28932
2025-04-11T08:12:00,351,51.7,22,1.27611
2025-04-11T08:15:00,352,51.5,22,1.28139
2025-04-11T08:18:00,353,50.1,22,1.31838
2025-04-11T08:21:00,352,49.7,22,1.32895
2025-04-11T08:24:00,352,49.7,22,1.32895
2025-04-11T08:27:00,354,50,22,1.32102
2025-04-11T08:30:00,352,50.2,22,1.31574
2025-04-11T08:33:00,353,50.3,22,1.3131
2025-04-11T08:36:00,354,48,22,1.37386
2025-04-11T08:39:00,354,48.5,22,1.36065
2025-04-11T08:42:00,353,49,22,1.34744
2025-04-11T08:45:00,353,49.4,22,1.33688
2025-04-11T08:48:00,354,49.8,22,1.32631
2025-04-11T08:51:00,354,48.9,22,1.35009
2025-04-11T08:54:00,354,49,22,1.34744
2025-04-11T08:57:00,356,51,22,1.2946
2025-04-11T09:00:00,354,50.7,22,1.30253
2025-04-11T09:03:00,355,50.1,22,1.31838
2025-04-11T09:06:00,358,51.4,22,1.28404
2025-04-11T09:09:00,359,51.7,22,1.27611
2025-04-11T09:12:00,365,50.3,22,1.3131
2025-04-11T09:15:00,370,49.6,22,1.33159
2025-04-11T09:18:00,379,48.9,22,1.35009
2025-04-11T09:21:00,413,48.7,22,1.35537
2025-04-11T09:24:00,426,48.6,23,1.44308
2025-04-11T09:27:00,434,48.6,23,1.44308
2025-04-11T09:30:00,513,47.8,24,1.55663
2025-04-11T09:33:00,632,46.3,24,1.60136
2025-04-11T09:36:00,673,43.1,25,1.80142
2025-04-11T09:39:00,674,40,26,2.01581
2025-04-11T09:42:00,675,33.3,25,2.11169
2025-04-11T09:45:00,679,32.9,26,2.25435
2025-04-11T09:48:00,676,30.9,25,2.18767
2025-04-11T09:51:00,671,28.9,25,2.25099
2025-04-11T09:54:00,658,29.8,25,2.22249
2025-04-11T09:57:00,637,28.9,26,2.38874
2025-04-11T10:00:00,595,30.1,22,1.84679
2025-04-11T10:03:00,567,27.8,23,2.02705
2025-04-11T10:06:00,556,27.5,23,2.03547
2025-04-11T10:09:00,556,26.8,24,2.18285
2025-04-11T10:12:00,552,26,24,2.20671
2025-04-11T10:15:00,555,25.6,24,2.21864
2025-04-11T10:18:00,560,27,23,2.04951
2025-04-11T10:21:00,937,26.3,24,2.19776
2025-04-11T10:24:00,741,26.6,24,2.18882
2025-04-11T10:27:00,585,26.8,24,2.18285
2025-04-11T10:30:00,1084,29.4,22,1.86529
2025-04-11T10:33:00,1288,26.8,24,2.18285
2025-04-11T10:36:00,1135,27.1,23,2.0467
2025-04-11T10:39:00,1276,26,24,2.20671
2025-04-11T10:42:00,789,29.5,22,1.86264
2025-04-11T10:45:00,1311,27.9,22,1.90492
2025-04-11T10:48:00,1171,28.9,23,1.99616
2025-04-11T10:51:00,554,31.4,21,1.70482
2025-04-11T10:54:00,549,28.1,23,2.01862
2025-04-11T10:57:00,1144,29,23,1.99336
2025-04-11T11:00:00,625,32.1,21,1.68742
2025-04-11T11:03:00,1362,28.9,23,1.99616
2025-04-11T11:06:00,1342,29.3,23,1.98493
2025-04-11T11:09:00,1384,30.6,22,1.83358
2025-04-11T11:12:00,1457,29.6,21,1.74955
2025-04-11T11:15:00,1471,30.7,21,1.72221
2025-04-11T11:18:00,1004,32.8,20,1.57011
2025-04-11T11:21:00,1461,33,19,1.47109
2025-04-11T11:24:00,1449,34.4,19,1.44035
2025-04-11T11:27:00,1424,32.5,19,1.48207
2025-04-11T11:30:00,1198,33.7,19,1.45572
2025-04-11T11:33:00,1289,32.9,19,1.47329
2025-04-11T11:36:00,1128,32.5,19,1.48207
2025-04-11T11:39:00,720,32.6,20,1.57479
2025-04-11T11:42:00,519,32.5,20,1.57712
2025-04-11T11:45:00,511,32.5,20,1.57712
2025-04-11T11:48:00,765,32.4,20,1.57946
2025-04-11T11:51:00,706.5,32.5,20,1.57712
2025-04-11T11:54:00,648,32.6,20,1.57479
2025-04-11T11:57:00,575,31.9,20,1.59114
2025-04-11T12:00:00,550,31.8,20,1.59348
2025-04-11T12:03:00,523,30.9,21,1.71724
2025-04-11T12:06:00,510,30.9,20,1.61451
2025-04-11T12:09:00,501,31.8,20,1.59348
2025-04-11T12:12:00,495,30.8,20,1.61684
2025-04-11T12:15:00,493,31.5,20,1.60049
2025-04-11T12:18:00,491,31.1,20,1.60983
2025-04-11T12:21:00,490,30.6,21,1.7247
2025-04-11T12:24:00,488,31.3,20,1.60516
2025-04-11T12:27:00,484,31.4,20,1.60282
2025-04-11T12:30:00,482,31.5,20,1.60049
2025-04-11T12:33:00,480,31.1,20,1.60983
2025-04-11T12:36:00,481,31.1,20,1.60983
2025-04-11T12:39:00,479,31.5,20,1.60049
2025-04-11T12:42:00,476,31.6,20,1.59815
2025-04-11T12:45:00,476,32.1,20,1.58647
2025-04-11T12:48:00,478,31.4,20,1.60282
2025-04-11T12:51:00,476,31.6,20,1.59815
2025-04-11T12:54:00,476,31.5,20,1.60049
2025-04-11T12:57:00,476,31.6,20,1.59815
2025-04-11T13:00:00,479,31.2,20,1.6075
2025-04-11T13:03:00,477,30.7,21,1.72221
2025-04-11T13:06:00,478,31.2,21,1.70979
2025-04-11T13:09:00,476,31,21,1.71476
2025-04-11T13:12:00,476,31.1,21,1.71227
2025-04-11T13:15:00,479,30.7,21,1.72221
2025-04-11T13:18:00,481,30,21,1.73961
2025-04-11T13:21:00,479,29.9,21,1.74209
2025-04-11T13:24:00,480,29.6,21,1.74955
2025-04-11T13:27:00,479,29.1,21,1.76197
2025-04-11T13:30:00,479,28.8,22,1.88114
2025-04-11T13:33:00,482,29.5,21,1.75203
2025-04-11T13:36:00,482,28.8,22,1.88114
2025-04-11T13:39:00,483,29.3,22,1.86793
2025-04-11T13:42:00,484,30.1,21,1.73712
2025-04-11T13:45:00,484,29.1,21,1.76197
2025-04-11T13:48:00,484,28.9,22,1.8785
2025-04-11T13:51:00,485,29,21,1.76446
2025-04-11T13:54:00,489,28.9,22,1.8785
2025-04-11T13:57:00,498,28.3,22,1.89435
2025-04-11T14:00:00,580,28,22,1.90227
2025-04-11T14:03:00,611,27.9,22,1.90492
2025-04-11T14:06:00,756,27.9,22,1.90492
2025-04-11T14:09:00,873,27.8,22,1.90756
2025-04-11T14:12:00,971,28.1,22,1.89963
2025-04-11T14:15:00,1089,27.6,23,2.03266
2025-04-11T14:18:00,1249,27.2,23,2.04389
2025-04-11T14:21:00,1340,27,23,2.04951
2025-04-11T14:24:00,1404,27.7,23,2.02986
2025-04-11T14:27:00,1463,27.1,23,2.0467
2025-04-11T14:30:00,1504,25.9,23,2.08039
2025-04-11T14:33:00,1063,27.1,23,2.0467
2025-04-11T14:36:00,523,28.2,22,1.89699
2025-04-11T14:39:00,510,28.3,22,1.89435
2025-04-11T14:42:00,534,27.9,22,1.90492
2025-04-11T14:45:00,508,28.4,22,1.89171
2025-04-11T14:48:00,600,26.8,22,1.93398
2025-04-11T14:51:00,1505,26.8,22,1.93398
2025-04-11T14:54:00,1222,27.3,23,2.04109
2025-04-11T14:57:00,1518,26.2,23,2.07197
2025-04-11T15:00:00,1517,25.5,23,2.09162
2025-04-11T15:03:00,947,26.4,23,2.06635
2025-04-11T15:06:00,1452,26,23,2.07758
2025-04-11T15:09:00,1487,25.8,23,2.0832
2025-04-11T15:12:00,1487,25.4,23,2.09443
2025-04-11T15:15:00,1479,25.4,23,2.09443
2025-04-11T15:18:00,1457,25.8,23,2.0832
2025-04-11T15:21:00,1199,26.2,23,2.07197
2025-04-11T15:24:00,816,25.4,23,2.09443
2025-04-11T15:27:00,1446,25.2,23,2.10004
2025-04-11T15:30:00,1420,24.8,23,2.11127
2025-04-11T15:33:00,1411,25.2,23,2.10004
2025-04-11T15:36:00,1410,25.9,22,1.95776
2025-04-11T15:39:00,710,25.4,23,2.09443
2025-04-11T15:42:00,983,25.2,22,1.97625
2025-04-11T15:45:00,866,25.2,22,1.97625
2025-04-11T15:48:00,512,25.4,22,1.97097
2025-04-11T15:51:00,791,25.5,22,1.96833
2025-04-11T15:54:00,1066,24.6,22,1.9921
2025-04-11T15:57:00,867,24.6,22,1.9921
2025-04-11T16:00:00,537,24.1,22,2.00531
2025-04-11T16:03:00,490,24.1,21,1.88623
2025-04-11T16:06:00,474,24.3,21,1.88126
2025-04-11T16:09:00,466,25,22,1.98154
2025-04-11T16:12:00,459,23.5,22,2.02117
2025-04-11T16:15:00,454,23.3,22,2.02645
2025-04-11T16:18:00,451,23.7,21,1.89617
2025-04-11T16:21:00,446,24.2,21,1.88375
2025-04-11T16:24:00,444,24.5,21,1.87629
2025-04-11T16:27:00,465,24.9,21,1.86635
2025-04-11T16:30:00,502,24.4,21,1.87878
2025-04-11T16:33:00,461,24.5,21,1.87629
2025-04-11T16:36:00,454,24.5,21,1.87629
2025-04-11T16:39:00,434,23.5,21,1.90114
2025-04-11T16:42:00,431,24.3,21,1.88126
2025-04-11T16:45:00,441,24,21,1.88872
2025-04-11T16:48:00,547,23,21,1.91357
2025-04-11T16:51:00,446,23.4,21,1.90363
2025-04-11T16:54:00,431,22.2,21,1.93345
2025-04-11T16:57:00,424,22,21,1.93842
2025-04-11T17:00:00,419,22.4,21,1.92848
2025-04-11T17:03:00,416,22.5,21,1.92599
2025-04-11T17:06:00,410,22.9,21,1.91605
2025-04-11T17:09:00,412,23.4,21,1.90363
2025-04-11T17:12:00,408,23.6,21,1.89866
2025-04-11T17:15:00,405,24,21,1.88872
2025-04-11T17:18:00,405,23.9,21,1.8912
2025-04-11T17:21:00,484,23.6,21,1.89866
2025-04-11T17:24:00,391,23.9,20,1.77806
2025-04-11T17:27:00,388,24.7,20,1.75937
2025-04-11T17:30:00,383,24.8,20,1.75703
2025-04-11T17:33:00,382,24.5,20,1.76404
2025-04-11T17:36:00,379,25,20,1.75236
2025-04-11T17:39:00,378,24.9,20,1.7547
2025-04-11T17:42:00,378,25.1,20,1.75002
2025-04-11T17:45:00,375,25.2,20,1.74769
2025-04-11T17:48:00,377,24.9,20,1.7547
2025-04-11T17:51:00,378,24.8,20,1.75703
2025-04-11T17:54:00,379,25.1,20,1.75002
2025-04-11T17:57:00,379,25.7,20,1.736
2025-04-11T18:00:00,380,25.9,20,1.73133
2025-04-11T18:03:00,380,26.3,19,1.6182
2025-04-11T18:06:00,394,26.2,20,1.72432
2025-04-11T18:09:00,389,26.1,20,1.72666
2025-04-11T18:12:00,466,25.5,20,1.74068
2025-04-11T18:15:00,413,26,20,1.72899
2025-04-11T18:18:00,383,26.2,20,1.72432
2025-04-11T18:21:00,434,26.8,19,1.60722
2025-04-11T18:24:00,378,26.2,19,1.6204
2025-04-11T18:27:00,388,26.8,19,1.60722
2025-04-11T18:30:00,373,26.5,19,1.61381
2025-04-11T18:33:00,358,26.3,19,1.6182
2025-04-11T18:36:00,356,27,19,1.60283
2025-04-11T18:39:00,354,26.9,19,1.60503
2025-04-11T18:42:00,353,26.8,19,1.60722
2025-04-11T18:45:00,350,26.5,20,1.71731
2025-04-11T18:48:00,351,26.8,19,1.60722
2025-04-11T18:51:00,350,27.4,19,1.59405
2025-04-11T18:54:00,350,26.5,20,1.71731
2025-04-11T18:57:00,350,26.9,19,1.60503
2025-04-11T19:00:00,348,26.8,20,1.7103
2025-04-11T19:03:00,345,26.6,20,1.71498
2025-04-11T19:06:00,348,26.2,21,1.83404
2025-04-11T19:09:00,347,26.9,20,1.70797
2025-04-11T19:12:00,348,27.2,20,1.70096
2025-04-11T19:15:00,345,26.9,21,1.81665
2025-04-11T19:18:00,344,27.1,21,1.81168
2025-04-11T19:21:00,342,27.1,21,1.81168
2025-04-11T19:24:00,341,27.4,21,1.80422
2025-04-11T19:27:00,341,27.8,21,1.79428
2025-04-11T19:30:00,341,27.4,21,1.80422
2025-04-11T19:33:00,339,27.7,21,1.79677
2025-04-11T19:36:00,337,27.6,21,1.79925
2025-04-11T19:39:00,338,27.5,21,1.80174
2025-04-11T19:42:00,339,27.7,21,1.79677
2025-04-11T19:45:00,337,28,21,1.78931
2025-04-11T19:48:00,336,28.5,21,1.77688
2025-04-11T19:51:00,335,28.9,20,1.66124
2025-04-11T19:54:00,335,29.1,21,1.76197
2025-04-11T19:57:00,336,29,21,1.76446
2025-04-11T20:00:00,334,29.3,21,1.757
2025-04-11T20:03:00,0,29.7,21,1.74706
2025-04-11T20:06:00,0,29.9,21,1.74209
2025-04-11T20:09:00,0,30.1,20,1.6332
2025-04-11T20:12:00,0,30.4,20,1.62619
2025-04-11T20:15:00,0,30.4,20,1.62619
2025-04-11T20:18:00,0,30.6,20,1.62152
2025-04-11T20:21:00,0,30.8,20,1.61684
2025-04-11T20:24:00,0,30.7,20,1.61918
2025-04-11T20:27:00,0,30.9,20,1.61451
2025-04-11T20:30:00,0,31.2,20,1.6075
2025-04-11T20:33:00,0,31.4,20,1.60282
2025-04-11T20:36:00,0,31.5,20,1.60049
2025-04-11T20:39:00,0,31.7,20,1.59582
2025-04-11T20:42:00,0,32,20,1.58881
2025-04-11T20:45:00,0,32.1,20,1.58647
2025-04-11T20:48:00,0,32.1,19,1.49085
2025-04-11T20:51:00,0,32.1,19,1.49085
2025-04-11T20:54:00,0,32.4,19,1.48426
2025-04-11T20:57:00,0,32.6,19,1.47987
2025-04-11T21:00:00,0,33.3,19,1.4645
2025-04-11T21:03:00,0,33.6,19,1.45792
2025-04-11T21:06:00,0,34.4,20,1.53273
2025-04-11T21:09:00,0,35.1,20,1.51638
2025-04-11T21:12:00,0,35.8,20,1.50002
2025-04-11T21:15:00,0,36.4,20,1.486
2025-04-11T21:18:00,0,37.2,20,1.46731
2025-04-11T21:21:00,0,38,20,1.44862
2025-04-11T21:24:00,0,38.6,20,1.4346
2025-04-11T21:27:00,0,39.2,20,1.42058
2025-04-11T21:30:00,0,39.9,19,1.31959
2025-04-11T21:33:00,0,40.6,19,1.30422
2025-04-11T21:36:00,0,41.3,19,1.28885
2025-04-11T21:39:00,0,41.9,19,1.27568
2025-04-11T21:42:00,0,42.5,19,1.2625
2025-04-11T21:45:00,0,43.1,19,1.24933
2025-04-11T21:48:00,0,43.6,19,1.23835
2025-04-11T21:51:00,0,44.2,19,1.22518
2025-04-11T21:54:00,0,44.8,19,1.212
2025-04-11T21:57:00,0,45.2,19,1.20322
2025-04-11T22:00:00,0,45.6,19,1.19444
2025-04-11T22:03:00,0,46.1,19,1.18346
2025-04-11T22:06:00,0,46.6,19,1.17248
2025-04-11T22:09:00,0,47.1,19,1.1615
2025-04-11T22:12:00,0,47.4,19,1.15492
2025-04-11T22:15:00,0,47.9,19,1.14394
2025-04-11T22:18:00,0,48.2,19,1.13735
2025-04-11T22:21:00,0,48.7,19,1.12637
2025-04-11T22:24:00,0,49,19,1.11979
2025-04-11T22:27:00,0,49.2,19,1.11539
2025-04-11T22:30:00,0,49.7,19,1.10442
2025-04-11T22:33:00,0,49.9,19,1.10002
2025-04-11T22:36:00,0,50.4,19,1.08905
2025-04-11T22:39:00,0,50.5,19,1.08685
2025-04-11T22:42:00,0,50.8,19,1.08026
2025-04-11T22:45:00,0,51,19,1.07587
2025-04-11T22:48:00,0,51.4,19,1.06709
2025-04-11T22:51:00,0,51.6,19,1.0627
2025-04-11T22:54:00,0,51.6,19,1.0627
2025-04-11T22:57:00,0,51.8,19,1.05831
2025-04-11T23:00:00,0,52,19,1.05392
2025-04-11T23:03:00,0,52.5,19,1.04294
2025-04-11T23:06:00,0,56.5,19,0.95511
2025-04-11T23:09:00,0,59.1,19,0.89802
2025-04-11T23:12:00,0,61.3,19,0.84972
2025-04-11T23:15:00,0,62.8,18,0.76719
2025-04-11T23:18:00,0,63.6,18,0.75069
2025-04-11T23:21:00,0,64.4,18,0.73419
2025-04-11T23:24:00,0,64.7,18,0.728
2025-04-11T23:27:00,0,65.3,18,0.71563
2025-04-11T23:30:00,0,65.8,18,0.70532
2025-04-11T23:33:00,0,65.8,18,0.70532
2025-04-11T23:36:00,0,66.2,18,0.69707
2025-04-11T23:39:00,0,66.3,18,0.69501
2025-04-11T23:42:00,0,66.6,18,0.68882
2025-04-11T23:45:00,0,66.6,18,0.68882
2025-04-11T23:48:00,0,66.6,18,0.68882
2025-04-11T23:51:00,0,66.4,18,0.69294
2025-04-11T23:54:00,0,66.3,18,0.69501
2025-04-11T23:57:00,0,66.3,18,0.69501
2025-04-12T00:00:00,0,66.5,18,0.69088
2025-04-12T00:03:00,0,66.4,18,0.69294
2025-04-12T00:06:00,0,66.6,18,0.68882
2025-04-12T00:09:00,0,66.2,18,0.69707
2025-04-12T00:12:00,0,66.1,18,0.69913
2025-04-12T00:15:00,0,66.1,18,0.69913
2025-04-12T00:18:00,0,65.7,18,0.70738
2025-04-12T00:21:00,0,65.7,18,0.70738
2025-04-12T00:24:00,0,65.6,18,0.70944
2025-04-12T00:27:00,0,65.7,18,0.70738
2025-04-12T00:30:00,0,65.4,18,0.71357
2025-04-12T00:33:00,0,66.4,18,0.69294
2025-04-12T00:36:00,0,68,18,0.65995
2025-04-12T00:39:00,0,68.9,18,0.64139
2025-04-12T00:42:00,0,69.2,18,0.6352
2025-04-12T00:45:00,0,69.7,18,0.62489
2025-04-12T00:48:00,0,70.1,17,0.57891
2025-04-12T00:51:00,0,70.2,17,0.57698
2025-04-12T00:54:00,0,70.2,17,0.57698
2025-04-12T00:57:00,0,70.4,17,0.5731
2025-04-12T01:00:00,0,70.2,17,0.57698
2025-04-12T01:03:00,0,70.1,17,0.57891
2025-04-12T01:06:00,0,69.8,17,0.58472
2025-04-12T01:09:00,0,69.7,17,0.58666
2025-04-12T01:12:00,0,69.7,17,0.58666
2025-04-12T01:15:00,0,69.8,17,0.58472
2025-04-12T01:18:00,0,69.5,17,0.59053
2025-04-12T01:21:00,0,69.2,17,0.59634
2025-04-12T01:24:00,0,69.1,17,0.59827
2025-04-12T01:27:00,0,69.1,17,0.59827
2025-04-12T01:30:00,0,69.1,17,0.59827
2025-04-12T01:33:00,0,68.8,17,0.60408
2025-04-12T01:36:00,0,68.6,17,0.60796
2025-04-12T01:39:00,0,68.3,17,0.61376
2025-04-12T01:42:00,0,68.1,17,0.61764
2025-04-12T01:45:00,0,68.2,17,0.6157
2025-04-12T01:48:00,0,68,17,0.61957
2025-04-12T01:51:00,0,67.7,17,0.62538
2025-04-12T01:54:00,0,67.3,17,0.63313
2025-04-12T01:57:00,0,67.3,17,0.63313
2025-04-12T02:00:00,0,67.2,17,0.63506
2025-04-12T02:03:00,0,68.4,17,0.61183
2025-04-12T02:06:00,0,69.5,17,0.59053
2025-04-12T02:09:00,0,70.4,17,0.5731
2025-04-12T02:12:00,0,70.7,17,0.5673
2025-04-12T02:15:00,0,70.9,17,0.56342
2025-04-12T02:18:00,0,71.1,17,0.55955
2025-04-12T02:21:00,0,71.1,17,0.55955
2025-04-12T02:24:00,0,71.1,17,0.55955
2025-04-12T02:27:00,0,70.9,17,0.56342
2025-04-12T02:30:00,0,70.7,17,0.5673
2025-04-12T02:33:00,0,70.7,17,0.5673
2025-04-12T02:36:00,0,70.6,17,0.56923
2025-04-12T02:39:00,0,70.1,17,0.57891
2025-04-12T02:42:00,0,70.2,16,0.54141
2025-04-12T02:45:00,0,69.9,16,0.54686
2025-04-12T02:48:00,0,69.7,16,0.5505
2025-04-12T02:51:00,0,69.4,16,0.55595
2025-04-12T02:54:00,0,69.4,16,0.55595
2025-04-12T02:57:00,0,69.3,16,0.55776
2025-04-12T03:00:00,0,69.2,16,0.55958
2025-04-12T03:03:00,0,68.7,16,0.56866
2025-04-12T03:06:00,0,68.5,16,0.5723
2025-04-12T03:09:00,0,68.3,16,0.57593
2025-04-12T03:12:00,0,68.1,16,0.57957
2025-04-12T03:15:00,0,67.9,16,0.5832
2025-04-12T03:18:00,0,67.7,16,0.58683
2025-04-12T03:21:00,0,67.5,16,0.59047
2025-04-12T03:24:00,0,67.3,16,0.5941
2025-04-12T03:27:00,0,67.3,16,0.5941
2025-04-12T03:30:00,0,66.8,16,0.60318
2025-04-12T03:33:00,0,66.2,16,0.61409
2025-04-12T03:36:00,0,66.3,16,0.61227
2025-04-12T03:39:00,0,65.9,16,0.61954
2025-04-12T03:42:00,0,65.7,16,0.62317
2025-04-12T03:45:00,0,65.7,16,0.62317
2025-04-12T03:48:00,0,65.4,16,0.62862
2025-04-12T03:51:00,0,65.5,16,0.6268
2025-04-12T03:54:00,0,65.2,16,0.63225
2025-04-12T03:57:00,0,65.3,16,0.63044
2025-04-12T04:00:00,13,65.9,16,0.61954
2025-04-12T04:03:00,350,65.2,16,0.63225
2025-04-12T04:06:00,347,63,17,0.71638
2025-04-12T04:09:00,345,61.7,17,0.74155
2025-04-12T04:12:00,344,60.7,17,0.76091
2025-04-12T04:15:00,342,60,18,0.82493
2025-04-12T04:18:00,340,59.4,18,0.83731
2025-04-12T04:21:00,340,59,18,0.84556
2025-04-12T04:24:00,338,58.7,18,0.85174
2025-04-12T04:27:00,336,58.4,18,0.85793
2025-04-12T04:30:00,337,58,18,0.86618
2025-04-12T04:33:00,335,57.8,18,0.8703
2025-04-12T04:36:00,335,57.4,18,0.87855
2025-04-12T04:39:00,334.5,57.2,18,0.88268
2025-04-12T04:42:00,334,57,18,0.8868
2025-04-12T04:45:00,334,56.8,18,0.89093
2025-04-12T04:48:00,334,56.7,18,0.89299
2025-04-12T04:51:00,334,56.2,18,0.9033
2025-04-12T04:54:00,333,56.2,18,0.9033
2025-04-12T04:57:00,334,55.7,18,0.91361
2025-04-12T05:00:00,333,55.6,18,0.91568
2025-04-12T05:03:00,333,55.5,18,0.91774
2025-04-12T05:06:00,334,55.3,18,0.92186
2025-04-12T05:09:00,334,55.1,18,0.92599
2025-04-12T05:12:00,334,55,19,0.98805
2025-04-12T05:15:00,333,54.7,19,0.99463
2025-04-12T05:18:00,331,54.7,19,0.99463
2025-04-12T05:21:00,333,54.4,19,1.00122
2025-04-12T05:24:00,334,54.3,19,1.00342
2025-04-12T05:27:00,334,54.3,19,1.00342
2025-04-12T05:30:00,334,53.9,19,1.0122
2025-04-12T05:33:00,333,53.8,19,1.01439
2025-04-12T05:36:00,334,53.6,19,1.01879
2025-04-12T05:39:00,334,53.5,19,1.02098
2025-04-12T05:42:00,333,53.7,19,1.01659
2025-04-12T05:45:00,334,53.2,19,1.02757
2025-04-12T05:48:00,334,53.2,19,1.02757
2025-04-12T05:51:00,334,53.2,19,1.02757
2025-04-12T05:54:00,334,53.1,19,1.02976
2025-04-12T05:57:00,334,52.9,19,1.03415
2025-04-12T06:00:00,334,52.9,19,1.03415
2025-04-12T06:03:00,334,52.9,19,1.03415
2025-04-12T06:06:00,334,52.7,19,1.03855
2025-04-12T06:09:00,335,52.6,19,1.04074
2025-04-12T06:12:00,336,52.3,19,1.04733
2025-04-12T06:15:00,335,51.6,19,1.0627
2025-04-12T06:18:00,335,50.6,19,1.08465
2025-04-12T06:21:00,336,50.5,19,1.08685
2025-04-12T06:24:00,336,50,19,1.09783
2025-04-12T06:27:00,336,49.3,19,1.1132
2025-04-12T06:30:00,336,49.4,19,1.111
2025-04-12T06:33:00,338,49.3,19,1.1132
2025-04-12T06:36:00,336,49.4,19,1.111
2025-04-12T06:39:00,339,49.5,19,1.10881
2025-04-12T06:42:00,338,49.4,19,1.111
2025-04-12T06:45:00,339,49,19,1.11979
2025-04-12T06:48:00,339,48.2,19,1.13735
2025-04-12T06:51:00,339,48.3,19,1.13515
2025-04-12T06:54:00,341,48.4,19,1.13296
2025-04-12T06:57:00,341,48.5,19,1.13076
2025-04-12T07:00:00,341,48.7,19,1.12637
2025-04-12T07:03:00,342,49,19,1.11979
2025-04-12T07:06:00,342,48.9,19,1.12198
2025-04-12T07:09:00,343,49.2,19,1.11539
2025-04-12T07:12:00,345,49.5,19,1.10881
2025-04-12T07:15:00,345,49.7,19,1.10442
2025-04-12T07:18:00,344,50,19,1.09783
2025-04-12T07:21:00,350,50.5,19,1.08685
2025-04-12T07:24:00,350,50.9,19,1.07807
2025-04-12T07:27:00,351,51.4,19,1.06709
2025-04-12T07:30:00,352,51.4,19,1.06709
2025-04-12T07:33:00,352,51.5,19,1.06489
2025-04-12T07:36:00,353,51.9,19,1.05611
2025-04-12T07:39:00,353,52,19,1.05392
2025-04-12T07:42:00,353,52,19,1.05392
2025-04-12T07:45:00,354,52.1,19,1.05172
2025-04-12T07:48:00,356,52.3,19,1.04733
2025-04-12T07:51:00,356,52.4,19,1.04513
2025-04-12T07:54:00,356,52.5,19,1.04294
2025-04-12T07:57:00,357,52.7,19,1.03855
2025-04-12T08:00:00,358,52.7,19,1.03855
2025-04-12T08:03:00,358,52.8,19,1.03635
2025-04-12T08:06:00,358,52.8,20,1.10282
2025-04-12T08:09:00,359,52.9,20,1.10048
2025-04-12T08:12:00,360,52.9,20,1.10048
2025-04-12T08:15:00,361,53.1,20,1.09581
2025-04-12T08:18:00,361,53.2,20,1.09347
2025-04-12T08:21:00,361,53.1,20,1.09581
2025-04-12T08:24:00,361,53.1,20,1.09581
2025-04-12T08:27:00,363,53.1,20,1.09581
2025-04-12T08:30:00,362,53.3,20,1.09114
2025-04-12T08:33:00,364,53.2,20,1.09347
2025-04-12T08:36:00,365,53.3,20,1.09114
2025-04-12T08:39:00,365,53.1,20,1.09581
2025-04-12T08:42:00,365,53.4,20,1.0888
2025-04-12T08:45:00,365,53.2,20,1.09347
2025-04-12T08:48:00,366,53.4,20,1.0888
2025-04-12T08:51:00,367,53.5,20,1.08646
2025-04-12T08:54:00,367,53.5,20,1.08646
2025-04-12T08:57:00,368,53.6,20,1.08413
2025-04-12T09:00:00,370,53.5,20,1.08646
2025-04-12T09:03:00,369,53.8,20,1.07945
2025-04-12T09:06:00,374,54,20,1.07478
2025-04-12T09:09:00,378,54.4,20,1.06543
2025-04-12T09:12:00,382,53.9,21,1.14566
2025-04-12T09:15:00,392,51.6,21,1.20281
2025-04-12T09:18:00,405,49.8,21,1.24755
2025-04-12T09:21:00,413,48.9,21,1.26991
2025-04-12T09:24:00,434,46,21,1.34198
2025-04-12T09:27:00,446,44.9,21,1.36932
2025-04-12T09:30:00,509,43.7,22,1.48747
2025-04-12T09:33:00,593,41.3,23,1.64803
2025-04-12T09:36:00,634,40.6,23,1.66768
2025-04-12T09:39:00,654,39.6,23,1.69576
2025-04-12T09:42:00,652,34.3,24,1.9592
2025-04-12T09:45:00,646,33.6,24,1.98008
2025-04-12T09:48:00,649,29,23,1.99336
2025-04-12T09:51:00,648,30.4,23,1.95405
2025-04-12T09:54:00,628,27.3,23,2.04109
2025-04-12T09:57:00,608,30.2,24,2.08146
2025-04-12T10:00:00,567,28.9,19,1.56111
2025-04-12T10:03:00,547,25.8,22,1.9604
2025-04-12T10:06:00,545,23.6,22,2.01852
2025-04-12T10:09:00,539,23.7,21,1.89617
2025-04-12T10:12:00,538,23.6,21,1.89866
2025-04-12T10:15:00,540,23.7,22,2.01588
2025-04-12T10:18:00,550,23.4,22,2.02381
2025-04-12T10:21:00,1001,24.9,21,1.86635
2025-04-12T10:24:00,1197,23.9,21,1.8912
2025-04-12T10:27:00,955,23.6,22,2.01852
2025-04-12T10:30:00,564,23.1,22,2.03173
2025-04-12T10:33:00,865,26.4,19,1.616
2025-04-12T10:36:00,1203,23.5,22,2.02117
2025-04-12T10:39:00,1148,23.3,20,1.79208
2025-04-12T10:42:00,1322,20.8,22,2.0925
2025-04-12T10:45:00,737,23.1,21,1.91108
2025-04-12T10:48:00,1189,23.3,20,1.79208
2025-04-12T10:51:00,545,20.6,22,2.09779
2025-04-12T10:54:00,534,23,21,1.91357
2025-04-12T10:57:00,1060,25.7,18,1.53231
2025-04-12T11:00:00,632,21.8,21,1.94339
2025-04-12T11:03:00,1386,24.3,20,1.76871
2025-04-12T11:06:00,1421,25.3,19,1.64016
2025-04-12T11:09:00,1447,21.2,22,2.08193
2025-04-12T11:12:00,1447,23.1,21,1.91108
2025-04-12T11:15:00,1450,24.6,20,1.76171
2025-04-12T11:18:00,1200,22.6,20,1.80844
2025-04-12T11:21:00,1399,22.2,22,2.05551
2025-04-12T11:24:00,1454,23.3,21,1.90611
2025-04-12T11:27:00,1316,23.3,20,1.79208
2025-04-12T11:30:00,1375,22.2,19,1.70822
2025-04-12T11:33:00,1335,20.8,22,2.0925
2025-04-12T11:36:00,1254,22.1,21,1.93593
2025-04-12T11:39:00,1142,24.1,19,1.6665
2025-04-12T11:42:00,849,21,20,1.84582
2025-04-12T11:45:00,526,21.3,21,1.95582
2025-04-12T11:48:00,545,21.5,20,1.83414
2025-04-12T11:51:00,656,20.8,20,1.85049
2025-04-12T11:54:00,654,20,20,1.86918
2025-04-12T11:57:00,579,20.2,21,1.98315
2025-04-12T12:00:00,565,19,23,2.27411
2025-04-12T12:03:00,537,20.4,21,1.97818
2025-04-12T12:06:00,517,21.6,20,1.8318
2025-04-12T12:09:00,515,19.2,23,2.2685
2025-04-12T12:12:00,509,21.1,19,1.73237
2025-04-12T12:15:00,502,20.8,21,1.96824
2025-04-12T12:18:00,504,19.1,21,2.01049
2025-04-12T12:21:00,494,22.4,19,1.70383
2025-04-12T12:24:00,495,20.2,22,2.10835
2025-04-12T12:27:00,493,20.9,20,1.84816
2025-04-12T12:30:00,484,23,18,1.588
2025-04-12T12:33:00,484,20.9,21,1.96576
2025-04-12T12:36:00,486,19.5,20,1.88087
2025-04-12T12:39:00,481,21.4,19,1.72579
2025-04-12T12:42:00,482,20.2,21,1.98315
2025-04-12T12:45:00,481,20.4,20,1.85984
2025-04-12T12:48:00,477,21.3,19,1.72798
2025-04-12T12:51:00,478,20.8,20,1.85049
2025-04-12T12:54:00,481,19.9,20,1.87152
2025-04-12T12:57:00,478,20.4,18,1.64162
2025-04-12T13:00:00,482,17.9,21,2.04031
2025-04-12T13:03:00,482,18.1,20,1.91358
2025-04-12T13:06:00,478,17.8,19,1.80483
2025-04-12T13:09:00,477,17.8,20,1.92059
2025-04-12T13:12:00,482,16.2,22,2.21404
2025-04-12T13:15:00,481,18.1,19,1.79824
2025-04-12T13:18:00,477,19.1,18,1.66843
2025-04-12T13:21:00,482,17.3,21,2.05522
2025-04-12T13:24:00,482,17.3,19,1.81581
2025-04-12T13:27:00,478,18.7,19,1.78507
2025-04-12T13:30:00,481,16.8,21,2.06765
2025-04-12T13:33:00,483,16.2,20,1.95797
2025-04-12T13:36:00,483,16.3,19,1.83777
2025-04-12T13:39:00,485,16.2,21,2.08256
2025-04-12T13:42:00,490,16.1,21,2.08504
2025-04-12T13:45:00,488,16.6,19,1.83118
2025-04-12T13:48:00,487,16.3,20,1.95563
2025-04-12T13:51:00,488,16.6,20,1.94862
2025-04-12T13:54:00,490,15.3,21,2.10492
2025-04-12T13:57:00,498,18.6,20,1.90189
2025-04-12T14:00:00,599,17,22,2.1929
2025-04-12T14:03:00,704,18,21,2.03783
2025-04-12T14:06:00,805,19.1,20,1.89021
2025-04-12T14:09:00,914,17.1,20,1.93694
2025-04-12T14:12:00,1052,16.3,22,2.21139
2025-04-12T14:15:00,1143,17.7,21,2.04528
2025-04-12T14:18:00,1270,16.8,21,2.06765
2025-04-12T14:21:00,1365,16.5,21,2.0751
2025-04-12T14:24:00,1310,16.2,22,2.21404
2025-04-12T14:27:00,1356,16.9,20,1.94161
2025-04-12T14:30:00,769,16.3,19,1.83777
2025-04-12T14:33:00,572,17,21,2.06268
2025-04-12T14:36:00,802,17.1,21,2.06019
2025-04-12T14:39:00,531,17.6,20,1.92526
2025-04-12T14:42:00,549,17,20,1.93928
2025-04-12T14:45:00,513,15.9,22,2.22196
2025-04-12T14:48:00,553,17.1,21,2.06019
2025-04-12T14:51:00,1484,17.4,20,1.92993
2025-04-12T14:54:00,1480,17,21,2.06268
2025-04-12T14:57:00,1402,15.2,24,2.52877
2025-04-12T15:00:00,1505,17.2,21,2.05771
2025-04-12T15:03:00,1042,18.1,20,1.91358
2025-04-12T15:06:00,1420,17,22,2.1929
2025-04-12T15:09:00,1489,16.7,22,2.20083
2025-04-12T15:12:00,1479,17.7,21,2.04528
2025-04-12T15:15:00,1462,17.3,20,1.93227
2025-04-12T15:18:00,1347,16.6,23,2.34149
2025-04-12T15:21:00,1411,17.4,20,1.92993
2025-04-12T15:24:00,587,17.7,20,1.92292
2025-04-12T15:27:00,1415,17.7,21,2.04528
2025-04-12T15:30:00,1411,15.1,24,2.53175
2025-04-12T15:33:00,1407,18.2,20,1.91124
2025-04-12T15:36:00,1394,17.8,20,1.92059
2025-04-12T15:39:00,990,18.4,21,2.02789
2025-04-12T15:42:00,723,17.4,22,2.18233
2025-04-12T15:45:00,529,18.4,20,1.90657
2025-04-12T15:48:00,898,18.4,20,1.90657
2025-04-12T15:51:00,975,17.5,22,2.17969
2025-04-12T15:54:00,845,18,20,1.91591
2025-04-12T15:57:00,553,19.1,19,1.77629
2025-04-12T16:00:00,667,18.2,21,2.03286
2025-04-12T16:03:00,569,17.2,22,2.18762
2025-04-12T16:06:00,485,18,20,1.91591
2025-04-12T16:09:00,476,19.1,20,1.89021
2025-04-12T16:12:00,473,18.5,22,2.15327
2025-04-12T16:15:00,466,19.1,21,2.01049
2025-04-12T16:18:00,458,20.7,19,1.74116
2025-04-12T16:21:00,457,19.1,21,2.01049
2025-04-12T16:24:00,456,18.2,22,2.1612
2025-04-12T16:27:00,457,19.6,20,1.87853
2025-04-12T16:30:00,472,19.7,20,1.87619
2025-04-12T16:33:00,446,18.4,22,2.15591
2025-04-12T16:36:00,466,19.4,20,1.8832
2025-04-12T16:39:00,439,20.3,19,1.74994
2025-04-12T16:42:00,437,19,21,2.01297
2025-04-12T16:45:00,446,17.7,22,2.17441
2025-04-12T16:48:00,498,17.7,21,2.04528
2025-04-12T16:51:00,445,18.9,20,1.89488
2025-04-12T16:54:00,446,18.8,20,1.89722
2025-04-12T16:57:00,435,17.7,21,2.04528
2025-04-12T17:00:00,430,17.9,21,2.04031
2025-04-12T17:03:00,383,17.5,22,2.17969
2025-04-12T17:06:00,374,17.2,22,2.18762
2025-04-12T17:09:00,389,17.3,22,2.18497
2025-04-12T17:12:00,381,18.1,21,2.03534
2025-04-12T17:15:00,384,18.8,21,2.01794
2025-04-12T17:18:00,385,17.8,22,2.17176
2025-04-12T17:21:00,395,17.9,21,2.04031
2025-04-12T17:24:00,408,17.2,22,2.18762
2025-04-12T17:27:00,422,17.7,21,2.04528
2025-04-12T17:30:00,420,17.3,22,2.18497
2025-04-12T17:33:00,416,18.1,22,2.16384
2025-04-12T17:36:00,413,17.2,22,2.18762
2025-04-12T17:39:00,413,18.1,22,2.16384
2025-04-12T17:42:00,410,18.3,22,2.15855
2025-04-12T17:45:00,410,17.9,22,2.16912
2025-04-12T17:48:00,415,17.8,21,2.0428
2025-04-12T17:51:00,411,17.9,22,2.16912
2025-04-12T17:54:00,416,18.8,22,2.14534
2025-04-12T17:57:00,417,18.5,21,2.0254
2025-04-12T18:00:00,408,18.7,21,2.02043
2025-04-12T18:03:00,417,18.1,22,2.16384
2025-04-12T18:06:00,406,18,22,2.16648
2025-04-12T18:09:00,380,18,22,2.16648
2025-04-12T18:12:00,380,18.7,22,2.14798
2025-04-12T18:15:00,376,18.3,22,2.15855
2025-04-12T18:18:00,375,18.2,22,2.1612
2025-04-12T18:21:00,379,18.6,22,2.15063
2025-04-12T18:24:00,375,19.1,21,2.01049
2025-04-12T18:27:00,374,19,22,2.14006
2025-04-12T18:30:00,372,19.5,22,2.12685
2025-04-12T18:33:00,371,19.6,21,1.99806
2025-04-12T18:36:00,373,19.5,22,2.12685
2025-04-12T18:39:00,372,20,22,2.11364
2025-04-12T18:42:00,368,19.9,22,2.11628
2025-04-12T18:45:00,364,20.6,22,2.09779
2025-04-12T18:48:00,359,20.6,22,2.09779
2025-04-12T18:51:00,361,21,22,2.08722
2025-04-12T18:54:00,363,20.8,21,1.96824
2025-04-12T18:57:00,360,20.7,22,2.09514
2025-04-12T19:00:00,354,21,21,1.96327
2025-04-12T19:03:00,352,20.9,22,2.08986
2025-04-12T19:06:00,351,21.5,21,1.95085
2025-04-12T19:09:00,352,21.2,21,1.9583
2025-04-12T19:12:00,348,21.9,22,2.06344
2025-04-12T19:15:00,347,22.1,21,1.93593
2025-04-12T19:18:00,345,21.8,21,1.94339
2025-04-12T19:21:00,345,21.9,21,1.9409
2025-04-12T19:24:00,342,21.7,21,1.94588
2025-04-12T19:27:00,343,21.7,21,1.94588
2025-04-12T19:30:00,341,21.8,21,1.94339
2025-04-12T19:33:00,339,21.8,21,1.94339
2025-04-12T19:36:00,338,21.8,21,1.94339
2025-04-12T19:39:00,337,21.7,21,1.94588
2025-04-12T19:42:00,337,21.9,21,1.9409
2025-04-12T19:45:00,336,22,21,1.93842
2025-04-12T19:48:00,336,22.2,21,1.93345
2025-04-12T19:51:00,335,22.4,21,1.92848
2025-04-12T19:54:00,334,22.4,21,1.92848
2025-04-12T19:57:00,335,22.5,21,1.92599
2025-04-12T20:00:00,336,22.7,21,1.92102
2025-04-12T20:03:00,0,22.6,21,1.92351
2025-04-12T20:06:00,0,22.6,21,1.92351
2025-04-12T20:09:00,0,22.9,21,1.91605
2025-04-12T20:12:00,0,22.8,21,1.91854
2025-04-12T20:15:00,0,23.1,21,1.91108
2025-04-12T20:18:00,0,23.3,20,1.79208
2025-04-12T20:21:00,0,23.4,20,1.78974
2025-04-12T20:24:00,0,23.6,20,1.78507
2025-04-12T20:27:00,0,23.8,20,1.7804
2025-04-12T20:30:00,0,23.9,20,1.77806
2025-04-12T20:33:00,0,24.3,20,1.76871
2025-04-12T20:36:00,0,25,20,1.75236
2025-04-12T20:39:00,0,26.1,20,1.72666
2025-04-12T20:42:00,0,26.5,20,1.71731
2025-04-12T20:45:00,0,27.5,20,1.69395
2025-04-12T20:48:00,0,28.4,20,1.67292
2025-04-12T20:51:00,0,29.4,20,1.64955
2025-04-12T20:54:00,0,30.1,20,1.6332
2025-04-12T20:57:00,0,30.9,20,1.61451
2025-04-12T21:00:00,0,32,20,1.58881
2025-04-12T21:03:00,0,32.5,20,1.57712
2025-04-12T21:06:00,0,33.5,20,1.55376
2025-04-12T21:09:00,0,34.1,20,1.53974
2025-04-12T21:12:00,0,35,20,1.51871
2025-04-12T21:15:00,0,35.6,20,1.50469
2025-04-12T21:18:00,0,36.4,20,1.486
2025-04-12T21:21:00,0,37.1,20,1.46965
2025-04-12T21:24:00,0,38,20,1.44862
2025-04-12T21:27:00,0,38.8,20,1.42993
2025-04-12T21:30:00,0,39.3,20,1.41824
2025-04-12T21:33:00,0,40,20,1.40189
2025-04-12T21:36:00,0,40.5,20,1.39021
2025-04-12T21:39:00,0,41.1,20,1.37619
2025-04-12T21:42:00,0,41.8,20,1.35983
2025-04-12T21:45:00,0,42.5,19,1.2625
2025-04-12T21:48:00,0,43.1,19,1.24933
2025-04-12T21:51:00,0,42.9,19,1.25372
2025-04-12T21:54:00,0,43.7,19,1.23616
2025-04-12T21:57:00,0,44.3,19,1.22298
2025-04-12T22:00:00,0,44.9,19,1.20981
2025-04-12T22:03:00,0,45.4,19,1.19883
2025-04-12T22:06:00,0,45.9,19,1.18785
2025-04-12T22:09:00,0,46.4,19,1.17687
2025-04-12T22:12:00,0,47.2,19,1.15931
2025-04-12T22:15:00,0,47.6,19,1.15052
2025-04-12T22:18:00,0,48,19,1.14174
2025-04-12T22:21:00,0,48.4,19,1.13296
2025-04-12T22:24:00,0,48.8,19,1.12418
2025-04-12T22:27:00,0,49.4,19,1.111
2025-04-12T22:30:00,0,49.8,19,1.10222
2025-04-12T22:33:00,0,50.3,19,1.09124
2025-04-12T22:36:00,0,50.7,19,1.08246
2025-04-12T22:39:00,0,51.2,19,1.07148
2025-04-12T22:42:00,0,51.6,19,1.0627
2025-04-12T22:45:00,0,51.9,19,1.05611
2025-04-12T22:48:00,0,52.2,19,1.04952
2025-04-12T22:51:00,0,52.6,19,1.04074
2025-04-12T22:54:00,0,52.9,19,1.03415
2025-04-12T22:57:00,0,53.2,19,1.02757
2025-04-12T23:00:00,0,53.5,19,1.02098
2025-04-12T23:03:00,0,53.6,19,1.01879
2025-04-12T23:06:00,0,56.9,19,0.94633
2025-04-12T23:09:00,0,59.8,19,0.88265
2025-04-12T23:12:00,0,62.1,19,0.83215
2025-04-12T23:15:00,0,63.4,18,0.75481
2025-04-12T23:18:00,0,64.3,18,0.73625
2025-04-12T23:21:00,0,65,18,0.72182
2025-04-12T23:24:00,0,65.5,18,0.7115
2025-04-12T23:27:00,0,66,18,0.70119
2025-04-12T23:30:00,0,66.3,18,0.69501
2025-04-12T23:33:00,0,66.5,18,0.69088
2025-04-12T23:36:00,0,66.7,18,0.68676
2025-04-12T23:39:00,0,66.6,18,0.68882
2025-04-12T23:42:00,0,66.7,18,0.68676
2025-04-12T23:45:00,0,66.7,18,0.68676
2025-04-12T23:48:00,0,66.6,18,0.68882
2025-04-12T23:51:00,0,66.8,18,0.68469
2025-04-12T23:54:00,0,66.6,18,0.68882
2025-04-12T23:57:00,0,66.7,18,0.68676
2025-04-13T00:00:00,0,66.4,18,0.69294
2025-04-13T00:03:00,0,66.6,17,0.64668
2025-04-13T00:06:00,0,66.2,18,0.69707
2025-04-13T00:09:00,0,66.2,17,0.65442
2025-04-13T00:12:00,0,66.1,17,0.65636
2025-04-13T00:15:00,0,65.9,17,0.66023
2025-04-13T00:18:00,0,65.8,17,0.66217
2025-04-13T00:21:00,0,65.8,17,0.66217
2025-04-13T00:24:00,0,65.7,17,0.6641
2025-04-13T00:27:00,0,65.5,17,0.66798
2025-04-13T00:30:00,0,65.5,17,0.66798
2025-04-13T00:33:00,0,66.3,17,0.65249
2025-04-13T00:36:00,0,67.7,17,0.62538
2025-04-13T00:39:00,0,68.8,17,0.60408
2025-04-13T00:42:00,0,69.6,17,0.58859
2025-04-13T00:45:00,0,69.9,17,0.58279
2025-04-13T00:48:00,0,70.3,17,0.57504
2025-04-13T00:51:00,0,70.5,17,0.57117
2025-04-13T00:54:00,0,70.6,17,0.56923
2025-04-13T00:57:00,0,70.6,17,0.56923
2025-04-13T01:00:00,0,70.7,17,0.5673
2025-04-13T01:03:00,0,70.4,17,0.5731
2025-04-13T01:06:00,0,70.8,17,0.56536
2025-04-13T01:09:00,0,70.6,17,0.56923
2025-04-13T01:12:00,0,70.5,17,0.57117
2025-04-13T01:15:00,0,70.5,17,0.57117
2025-04-13T01:18:00,0,70.1,17,0.57891
2025-04-13T01:21:00,0,70,17,0.58085
2025-04-13T01:24:00,0,69.8,17,0.58472
2025-04-13T01:27:00,0,69.7,17,0.58666
2025-04-13T01:30:00,0,69.5,17,0.59053
2025-04-13T01:33:00,0,69.2,17,0.59634
2025-04-13T01:36:00,0,69.3,17,0.5944
2025-04-13T01:39:00,0,69,17,0.60021
2025-04-13T01:42:00,0,68.9,17,0.60215
2025-04-13T01:45:00,0,68.7,17,0.60602
2025-04-13T01:48:00,0,68.4,17,0.61183
2025-04-13T01:51:00,0,68.6,17,0.60796
2025-04-13T01:54:00,0,68.3,17,0.61376
2025-04-13T01:57:00,0,68.1,16,0.57957
2025-04-13T02:00:00,0,68,16,0.58138
2025-04-13T02:03:00,0,68.4,17,0.61183
2025-04-13T02:06:00,0,69.7,17,0.58666
2025-04-13T02:09:00,0,70.4,16,0.53778
2025-04-13T02:12:00,0,70.9,16,0.52869
2025-04-13T02:15:00,0,71.2,16,0.52324
2025-04-13T02:18:00,0,71.6,16,0.51598
2025-04-13T02:21:00,0,71.3,16,0.52143
2025-04-13T02:24:00,0,71.3,16,0.52143
2025-04-13T02:27:00,0,71.4,16,0.51961
2025-04-13T02:30:00,0,71.4,16,0.51961
2025-04-13T02:33:00,0,71.3,16,0.52143
2025-04-13T02:36:00,0,71.3,16,0.52143
2025-04-13T02:39:00,0,71,16,0.52688
2025-04-13T02:42:00,0,71,16,0.52688
2025-04-13T02:45:00,0,70.9,16,0.52869
2025-04-13T02:48:00,0,71,16,0.52688
2025-04-13T02:51:00,0,70.9,16,0.52869
2025-04-13T02:54:00,0,70.9,16,0.52869
2025-04-13T02:57:00,0,70.7,16,0.53233
2025-04-13T03:00:00,0,70.9,16,0.52869
2025-04-13T03:03:00,0,70.5,16,0.53596
2025-04-13T03:06:00,0,70.6,16,0.53414
2025-04-13T03:09:00,0,70.4,16,0.53778
2025-04-13T03:12:00,0,70.3,16,0.5396
2025-04-13T03:15:00,0,70.3,16,0.5396
2025-04-13T03:18:00,0,70.3,16,0.5396
2025-04-13T03:21:00,0,70.2,16,0.54141
2025-04-13T03:24:00,0,70.2,16,0.54141
2025-04-13T03:27:00,0,70.1,16,0.54323
2025-04-13T03:30:00,0,69.9,16,0.54686
2025-04-13T03:33:00,0,69.7,16,0.5505
2025-04-13T03:36:00,0,69.5,16,0.55413
2025-04-13T03:39:00,0,69.4,16,0.55595
2025-04-13T03:42:00,0,69.1,16,0.5614
2025-04-13T03:45:00,0,69.1,16,0.5614
2025-04-13T03:48:00,0,68.9,16,0.56503
2025-04-13T03:51:00,0,68.8,16,0.56685
2025-04-13T03:54:00,0,68.6,16,0.57048
2025-04-13T03:57:00,0,68.4,16,0.57412
2025-04-13T04:00:00,0,68.6,16,0.57048
2025-04-13T04:03:00,350,68.1,16,0.57957
2025-04-13T04:06:00,347,67.4,16,0.59228
2025-04-13T04:09:00,345,66.7,16,0.605
2025-04-13T04:12:00,342,66.2,17,0.65442
2025-04-13T04:15:00,342,65.5,17,0.66798
2025-04-13T04:18:00,339,64.9,17,0.67959
2025-04-13T04:21:00,338,64.5,17,0.68734
2025-04-13T04:24:00,338,64.1,17,0.69508
2025-04-13T04:27:00,336,63.4,17,0.70864
2025-04-13T04:30:00,334,63,17,0.71638
2025-04-13T04:33:00,336,62.7,18,0.76925
2025-04-13T04:36:00,335,62.5,18,0.77337
2025-04-13T04:39:00,336,62.1,18,0.78162
2025-04-13T04:42:00,334,61.9,18,0.78575
2025-04-13T04:45:00,333,61.6,18,0.79194
2025-04-13T04:48:00,334,61.2,18,0.80019
2025-04-13T04:51:00,332,61,18,0.80431
2025-04-13T04:54:00,334,60.7,18,0.8105
2025-04-13T04:57:00,334,60.5,18,0.81462
2025-04-13T05:00:00,334,60.3,18,0.81875
2025-04-13T05:03:00,334,60,18,0.82493
2025-04-13T05:06:00,334,59.8,18,0.82906
2025-04-13T05:09:00,334,59.7,19,0.88485
2025-04-13T05:12:00,332,59.6,19,0.88705
2025-04-13T05:15:00,334,59.3,19,0.89363
2025-04-13T05:18:00,334,59.3,19,0.89363
2025-04-13T05:21:00,333,59,19,0.90022
2025-04-13T05:24:00,334,58.9,19,0.90242
2025-04-13T05:27:00,334,59,19,0.90022
2025-04-13T05:30:00,334,58.8,19,0.90461
2025-04-13T05:33:00,334,58.6,19,0.909
2025-04-13T05:36:00,334,58.4,19,0.91339
2025-04-13T05:39:00,334,58.4,19,0.91339
2025-04-13T05:42:00,334,57.4,19,0.93535
2025-04-13T05:45:00,334,55.7,19,0.97268
2025-04-13T05:48:00,334,55.3,19,0.98146
2025-04-13T05:51:00,333,55.2,19,0.98365
2025-04-13T05:54:00,335,54.2,19,1.00561
2025-04-13T05:57:00,334,52.2,19,1.04952
2025-04-13T06:00:00,333,50.8,19,1.08026
2025-04-13T06:03:00,333,51.3,19,1.06929
2025-04-13T06:06:00,334,51.6,19,1.0627
2025-04-13T06:09:00,333,51.3,19,1.06929
2025-04-13T06:12:00,334,50.3,19,1.09124
2025-04-13T06:15:00,335,49.7,19,1.10442
2025-04-13T06:18:00,335,50.1,19,1.09563
2025-04-13T06:21:00,334,50.3,19,1.09124
2025-04-13T06:24:00,334,50.6,19,1.08465
2025-04-13T06:27:00,335,50.9,19,1.07807
2025-04-13T06:30:00,335,49.4,19,1.111
2025-04-13T06:33:00,336,49.5,19,1.10881
2025-04-13T06:36:00,334,49.7,19,1.10442
2025-04-13T06:39:00,336,50.3,19,1.09124
2025-04-13T06:42:00,336,50.6,19,1.08465
2025-04-13T06:45:00,336,50.9,19,1.07807
2025-04-13T06:48:00,336,51.2,19,1.07148
2025-04-13T06:51:00,336,51.2,20,1.1402
2025-04-13T06:54:00,337,51.4,20,1.13553
2025-04-13T06:57:00,336,51.3,20,1.13787
2025-04-13T07:00:00,338,50.1,20,1.1659
2025-04-13T07:03:00,336,48.8,20,1.19628
2025-04-13T07:06:00,339,49.2,20,1.18693
2025-04-13T07:09:00,336,49.5,20,1.17992
2025-04-13T07:12:00,339,49.8,20,1.17291
2025-04-13T07:15:00,340,50,20,1.16824
2025-04-13T07:18:00,339,50.2,20,1.16357
2025-04-13T07:21:00,339,50.4,20,1.15889
2025-04-13T07:24:00,341,50.5,20,1.15656
2025-04-13T07:27:00,342,51,20,1.14487
2025-04-13T07:30:00,342,50.9,20,1.14721
2025-04-13T07:33:00,342,51,20,1.14487
2025-04-13T07:36:00,343,51.1,20,1.14254
2025-04-13T07:39:00,344,51.3,20,1.13787
2025-04-13T07:42:00,344,51.7,20,1.12852
2025-04-13T07:45:00,345,51.9,20,1.12385
2025-04-13T07:48:00,349,52.1,20,1.11917
2025-04-13T07:51:00,350,52.5,20,1.10983
2025-04-13T07:54:00,349,52.5,20,1.10983
2025-04-13T07:57:00,360,52.8,20,1.10282
2025-04-13T08:00:00,363,53,20,1.09815
2025-04-13T08:03:00,364,53.5,20,1.08646
2025-04-13T08:06:00,364,53.8,20,1.07945
2025-04-13T08:09:00,365,53.9,20,1.07712
2025-04-13T08:12:00,368,54,20,1.07478
2025-04-13T08:15:00,369,54.4,20,1.06543
2025-04-13T08:18:00,369,54.5,20,1.0631
2025-04-13T08:21:00,373,53.1,20,1.09581
2025-04-13T08:24:00,374,50.8,20,1.14955
2025-04-13T08:27:00,375,51.8,20,1.12618
2025-04-13T08:30:00,378,52.4,20,1.11216
2025-04-13T08:33:00,376,52.7,20,1.10515
2025-04-13T08:36:00,382,53.2,20,1.09347
2025-04-13T08:39:00,388,52.9,20,1.10048
2025-04-13T08:42:00,389,51.5,20,1.13319
2025-04-13T08:45:00,391,50,20,1.16824
2025-04-13T08:48:00,393,49.7,20,1.17525
2025-04-13T08:51:00,394,50.4,21,1.23264
2025-04-13T08:54:00,395,50.9,21,1.22021
2025-04-13T08:57:00,397,51.2,21,1.21275
2025-04-13T09:00:00,400,50,21,1.24258
2025-04-13T09:03:00,402,48.7,21,1.27488
2025-04-13T09:06:00,402,48.4,21,1.28234
2025-04-13T09:09:00,402,48.5,21,1.27985
2025-04-13T09:12:00,411,47.6,21,1.30222
2025-04-13T09:15:00,403,47.6,21,1.30222
2025-04-13T09:18:00,399,47.3,21,1.30968
2025-04-13T09:21:00,399,46.6,21,1.32707
2025-04-13T09:24:00,402,47.5,21,1.30471
2025-04-13T09:27:00,411,48.1,21,1.28979
2025-04-13T09:30:00,421,46.6,21,1.32707
2025-04-13T09:33:00,427,45.8,21,1.34695
2025-04-13T09:36:00,430,45.9,21,1.34447
2025-04-13T09:39:00,439,44.8,21,1.3718
2025-04-13T09:42:00,447,44.1,21,1.3892
2025-04-13T09:45:00,454,42.9,22,1.50861
2025-04-13T09:48:00,473,42.7,22,1.51389
2025-04-13T09:51:00,484,41.9,22,1.53503
2025-04-13T09:54:00,490,41.6,22,1.54296
2025-04-13T09:57:00,493,40.4,22,1.57466
2025-04-13T10:00:00,494,39.4,22,1.60108
2025-04-13T10:03:00,496,39,23,1.7126
2025-04-13T10:06:00,490,38.8,23,1.71822
2025-04-13T10:09:00,484,38.1,23,1.73787
2025-04-13T10:12:00,483,37.7,23,1.7491
2025-04-13T10:15:00,484,36.9,23,1.77156
2025-04-13T10:18:00,484,35.9,23,1.79964
2025-04-13T10:21:00,488,34.8,22,1.72262
2025-04-13T10:24:00,479,34.6,23,1.83613
2025-04-13T10:27:00,479,34.7,23,1.83333
2025-04-13T10:30:00,477,34.8,22,1.72262
2025-04-13T10:33:00,473,34,22,1.74375
2025-04-13T10:36:00,484,34.5,22,1.73054
2025-04-13T10:39:00,508,33.3,22,1.76225
2025-04-13T10:42:00,529,33.6,22,1.75432
2025-04-13T10:45:00,517,33.3,21,1.6576
2025-04-13T10:48:00,504,31.7,22,1.80452
2025-04-13T10:51:00,509,34.2,21,1.63523
2025-04-13T10:54:00,521,32.7,22,1.7781
2025-04-13T10:57:00,554,33.9,21,1.64269
2025-04-13T11:00:00,639,33,22,1.77017
2025-04-13T11:03:00,755,34.5,22,1.73054
2025-04-13T11:06:00,772,33.8,22,1.74904
2025-04-13T11:09:00,821,34.2,22,1.73847
2025-04-13T11:12:00,872,31.1,22,1.82037
2025-04-13T11:15:00,899,30,23,1.96528
2025-04-13T11:18:00,765,30.2,23,1.95967
2025-04-13T11:21:00,964,30,23,1.96528
2025-04-13T11:24:00,911,27.1,23,2.0467
2025-04-13T11:27:00,838,26.8,23,2.05512
2025-04-13T11:30:00,856,25.9,23,2.08039
2025-04-13T11:33:00,734,25.5,22,1.96833
2025-04-13T11:36:00,707,26.1,22,1.95247
2025-04-13T11:39:00,693,25.3,22,1.97361
2025-04-13T11:42:00,616,25.6,22,1.96568
2025-04-13T11:45:00,574,24.7,22,1.98946
2025-04-13T11:48:00,578,23.6,23,2.14496
2025-04-13T11:51:00,547,24,22,2.00796
2025-04-13T11:54:00,546,25.2,23,2.10004
2025-04-13T11:57:00,530,24,23,2.13373
2025-04-13T12:00:00,517,26.5,24,2.1918
2025-04-13T12:03:00,506,24.7,22,1.98946
2025-04-13T12:06:00,498,24.6,21,1.87381
2025-04-13T12:09:00,496,26.1,22,1.95247
2025-04-13T12:12:00,497,24.2,22,2.00267
2025-04-13T12:15:00,504,25,22,1.98154
2025-04-13T12:18:00,511,25.2,23,2.10004
2025-04-13T12:21:00,516,24.3,22,2.00003
2025-04-13T12:24:00,519,23.6,22,2.01852
2025-04-13T12:27:00,529,23.9,22,2.0106
2025-04-13T12:30:00,535,23.7,22,2.01588
2025-04-13T12:33:00,540,24.4,23,2.1225
2025-04-13T12:36:00,546,24.1,23,2.13093
2025-04-13T12:39:00,505,23.2,22,2.02909
2025-04-13T12:42:00,521,23.7,21,1.89617
2025-04-13T12:45:00,552,23.5,22,2.02117
2025-04-13T12:48:00,485,23.2,23,2.15619
2025-04-13T12:51:00,484,24.2,21,1.88375
2025-04-13T12:54:00,479,22.2,21,1.93345
2025-04-13T12:57:00,460,24.8,21,1.86884
2025-04-13T13:00:00,505,21.9,22,2.06344
2025-04-13T13:03:00,554,23.5,21,1.90114
2025-04-13T13:06:00,538,21.9,22,2.06344
2025-04-13T13:09:00,536,20.8,22,2.0925
2025-04-13T13:12:00,473,20.1,23,2.24323
2025-04-13T13:15:00,547,19.9,21,1.99061
2025-04-13T13:18:00,451,22.6,20,1.80844
2025-04-13T13:21:00,541,23.3,23,2.15339
2025-04-13T13:24:00,477,25.9,20,1.73133
2025-04-13T13:27:00,491,23.2,22,2.02909
2025-04-13T13:30:00,536,24.6,22,1.9921
2025-04-13T13:33:00,479,23,22,2.03438
2025-04-13T13:36:00,465,23.7,21,1.89617
2025-04-13T13:39:00,457,23,22,2.03438
2025-04-13T13:42:00,518,22.7,21,1.92102
2025-04-13T13:45:00,482,22,22,2.0608
2025-04-13T13:48:00,437,23.1,22,2.03173
2025-04-13T13:51:00,438,24.4,23,2.1225
2025-04-13T13:54:00,482,23.5,22,2.02117
2025-04-13T13:57:00,517,24.7,22,1.98946
2025-04-13T14:00:00,616,22.1,22,2.05816
2025-04-13T14:03:00,697,22.8,22,2.03966
2025-04-13T14:06:00,519,22.3,22,2.05287
2025-04-13T14:09:00,498,23.4,23,2.15058
2025-04-13T14:12:00,661,21.9,23,2.19269
2025-04-13T14:15:00,501,21.9,22,2.06344
2025-04-13T14:18:00,663,24.6,23,2.11689
2025-04-13T14:21:00,505,24.9,20,1.7547
2025-04-13T14:24:00,630,22.2,22,2.05551
2025-04-13T14:27:00,615,24,21,1.88872
2025-04-13T14:30:00,631,22.8,22,2.03966
2025-04-13T14:33:00,540,22.2,22,2.05551
2025-04-13T14:36:00,423,24,23,2.13373
2025-04-13T14:39:00,398,25.2,23,2.10004
2025-04-13T14:42:00,389,26.7,21,1.82162
2025-04-13T14:45:00,413,27.1,22,1.92605
2025-04-13T14:48:00,454,27.8,22,1.90756
2025-04-13T14:51:00,464,27.3,21,1.80671
2025-04-13T14:54:00,436,27.2,22,1.92341
2025-04-13T14:57:00,516,26.7,21,1.82162
2025-04-13T15:00:00,495,26.2,21,1.83404
2025-04-13T15:03:00,408,28.2,22,1.89699
2025-04-13T15:06:00,422,29.1,22,1.87321
2025-04-13T15:09:00,683,27.4,22,1.91813
2025-04-13T15:12:00,898,25.6,22,1.96568
2025-04-13T15:15:00,691,24.8,22,1.98682
2025-04-13T15:18:00,520,23.5,22,2.02117
2025-04-13T15:21:00,463,24.8,22,1.98682
2025-04-13T15:24:00,483,26.6,23,2.06074
2025-04-13T15:27:00,1031,24.7,20,1.75937
2025-04-13T15:30:00,903,24.2,22,2.00267
2025-04-13T15:33:00,889,24.4,20,1.76638
2025-04-13T15:36:00,998,23.1,22,2.03173
2025-04-13T15:39:00,556,22.4,22,2.05023
2025-04-13T15:42:00,482,23.1,23,2.159
2025-04-13T15:45:00,505,23.5,22,2.02117
2025-04-13T15:48:00,767,22.4,22,2.05023
2025-04-13T15:51:00,1060,21.5,22,2.07401
2025-04-13T15:54:00,1147,21.7,22,2.06872
2025-04-13T15:57:00,739,21.1,22,2.08458
2025-04-13T16:00:00,436,21.1,22,2.08458
2025-04-13T16:03:00,425,23.4,23,2.15058
2025-04-13T16:06:00,438,21.6,23,2.20112
2025-04-13T16:09:00,452,21.7,22,2.06872
2025-04-13T16:12:00,442,22,22,2.0608
2025-04-13T16:15:00,434,22.4,22,2.05023
2025-04-13T16:18:00,439,23.2,21,1.9086
2025-04-13T16:21:00,469,23.6,22,2.01852
2025-04-13T16:24:00,490,23.3,21,1.90611
2025-04-13T16:27:00,452,24.3,21,1.88126
2025-04-13T16:30:00,436,25,22,1.98154
2025-04-13T16:33:00,467,24.4,22,1.99739
2025-04-13T16:36:00,430,23.5,22,2.02117
2025-04-13T16:39:00,492,24.5,22,1.99475
2025-04-13T16:42:00,525,22.9,21,1.91605
2025-04-13T16:45:00,470,25.1,21,1.86138
2025-04-13T16:48:00,479,24.1,22,2.00531
2025-04-13T16:51:00,446,22.7,21,1.92102
2025-04-13T16:54:00,416,23.5,22,2.02117
2025-04-13T16:57:00,419,25.4,22,1.97097
2025-04-13T17:00:00,422,23.3,22,2.02645
2025-04-13T17:03:00,427,24.2,22,2.00267
2025-04-13T17:06:00,416,23.9,22,2.0106
2025-04-13T17:09:00,406,24.3,21,1.88126
2025-04-13T17:12:00,398,23.9,21,1.8912
2025-04-13T17:15:00,395,24,21,1.88872
2025-04-13T17:18:00,389,24.1,21,1.88623
2025-04-13T17:21:00,390,24.2,21,1.88375
2025-04-13T17:24:00,396,24,21,1.88872
2025-04-13T17:27:00,418,24.2,21,1.88375
2025-04-13T17:30:00,430,23.9,21,1.8912
2025-04-13T17:33:00,435,24.3,21,1.88126
2025-04-13T17:36:00,432,24.3,21,1.88126
2025-04-13T17:39:00,425,23.8,21,1.89369
2025-04-13T17:42:00,442,23.3,21,1.90611
2025-04-13T17:45:00,463,23.8,21,1.89369
2025-04-13T17:48:00,454,24,22,2.00796
2025-04-13T17:51:00,430,23.3,22,2.02645
2025-04-13T17:54:00,457,24.8,22,1.98682
2025-04-13T17:57:00,437,24.1,21,1.88623
2025-04-13T18:00:00,419,25.2,22,1.97625
2025-04-13T18:03:00,414,25.8,22,1.9604
2025-04-13T18:06:00,402,25.7,22,1.96304
2025-04-13T18:09:00,383,24.9,22,1.98418
2025-04-13T18:12:00,372,25.5,22,1.96833
2025-04-13T18:15:00,369,26.6,22,1.93926
2025-04-13T18:18:00,361,27.1,22,1.92605
2025-04-13T18:21:00,358,26.8,21,1.81913
2025-04-13T18:24:00,357,25.8,21,1.84398
2025-04-13T18:27:00,361,25.2,21,1.85889
2025-04-13T18:30:00,361,24.7,21,1.87132
2025-04-13T18:33:00,362,24.6,21,1.87381
2025-04-13T18:36:00,364,24.6,21,1.87381
2025-04-13T18:39:00,367,24.6,21,1.87381
2025-04-13T18:42:00,365,24.7,21,1.87132
2025-04-13T18:45:00,361,24.8,22,1.98682
2025-04-13T18:48:00,362,25.1,22,1.97889
2025-04-13T18:51:00,359,25.3,22,1.97361
2025-04-13T18:54:00,356,26.6,22,1.93926
2025-04-13T18:57:00,358,28.7,22,1.88378
2025-04-13T19:00:00,357,29.8,22,1.85472
2025-04-13T19:03:00,354,27.8,21,1.79428
2025-04-13T19:06:00,351,27.8,21,1.79428
2025-04-13T19:09:00,350,27.4,22,1.91813
2025-04-13T19:12:00,348,27.3,22,1.92077
2025-04-13T19:15:00,345,26.8,22,1.93398
2025-04-13T19:18:00,349,26.4,22,1.94455
2025-04-13T19:21:00,347,26.1,22,1.95247
2025-04-13T19:24:00,347,26.3,22,1.94719
2025-04-13T19:27:00,345,26,22,1.95512
2025-04-13T19:30:00,342,26.3,22,1.94719
2025-04-13T19:33:00,340,26.1,22,1.95247
2025-04-13T19:36:00,340,25.8,22,1.9604
2025-04-13T19:39:00,339,25.8,22,1.9604
2025-04-13T19:42:00,339,26,21,1.83901
2025-04-13T19:45:00,339,26,21,1.83901
2025-04-13T19:48:00,337,26,21,1.83901
2025-04-13T19:51:00,336,26,21,1.83901
2025-04-13T19:54:00,338,26.2,21,1.83404
2025-04-13T19:57:00,336,25.9,21,1.8415
2025-04-13T20:00:00,337,25.8,21,1.84398
2025-04-13T20:03:00,0,26.2,21,1.83404
2025-04-13T20:06:00,0,26.3,21,1.83156
2025-04-13T20:09:00,0,27.1,21,1.81168
2025-04-13T20:12:00,0,27.9,21,1.7918
2025-04-13T20:15:00,0,28.9,21,1.76694
2025-04-13T20:18:00,0,29.9,20,1.63787
2025-04-13T20:21:00,0,31,20,1.61217
2025-04-13T20:24:00,0,32,20,1.58881
2025-04-13T20:27:00,0,32.8,20,1.57011
2025-04-13T20:30:00,0,33.8,20,1.54675
2025-04-13T20:33:00,0,34.6,20,1.52806
2025-04-13T20:36:00,0,35.5,20,1.50703
2025-04-13T20:39:00,0,36.2,20,1.49067
2025-04-13T20:42:00,0,37.2,20,1.46731
2025-04-13T20:45:00,0,37.9,20,1.45095
2025-04-13T20:48:00,0,38.7,19,1.34594
2025-04-13T20:51:00,0,39.5,19,1.32837
2025-04-13T20:54:00,0,40.2,19,1.313
2025-04-13T20:57:00,0,41,19,1.29544
2025-04-13T21:00:00,0,41.7,19,1.28007
2025-04-13T21:03:00,0,42.4,19,1.2647
2025-04-13T21:06:00,0,43.1,19,1.24933
2025-04-13T21:09:00,0,43.8,19,1.23396
2025-04-13T21:12:00,0,44.4,19,1.22079
2025-04-13T21:15:00,0,45,19,1.20761
2025-04-13T21:18:00,0,45.5,19,1.19663
2025-04-13T21:21:00,0,46.2,19,1.18126
2025-04-13T21:24:00,0,46.6,19,1.17248
2025-04-13T21:27:00,0,47.2,19,1.15931
2025-04-13T21:30:00,0,47.7,19,1.14833
2025-04-13T21:33:00,0,48.2,18,1.06829
2025-04-13T21:36:00,0,48.7,18,1.05798
2025-04-13T21:39:00,0,49,18,1.05179
2025-04-13T21:42:00,0,49.4,18,1.04354
2025-04-13T21:45:00,0,49.8,18,1.03529
2025-04-13T21:48:00,0,50.1,18,1.0291
2025-04-13T21:51:00,0,50.4,18,1.02292
2025-04-13T21:54:00,0,50.7,18,1.01673
2025-04-13T21:57:00,0,50.9,18,1.01261
2025-04-13T22:00:00,0,51.3,18,1.00436
2025-04-13T22:03:00,0,51.6,18,0.99817
2025-04-13T22:06:00,0,51.8,18,0.99404
2025-04-13T22:09:00,0,52.1,18,0.98786
2025-04-13T22:12:00,0,52.4,18,0.98167
2025-04-13T22:15:00,0,52.6,18,0.97755
2025-04-13T22:18:00,0,53,18,0.9693
2025-04-13T22:21:00,0,53.2,18,0.96517
2025-04-13T22:24:00,0,53.3,18,0.96311
2025-04-13T22:27:00,0,53.6,18,0.95692
2025-04-13T22:30:00,0,53.7,18,0.95486
2025-04-13T22:33:00,0,53.7,18,0.95486
2025-04-13T22:36:00,0,53.7,17,0.89644
2025-04-13T22:39:00,0,53.9,17,0.89257
2025-04-13T22:42:00,0,53.8,17,0.89451
2025-04-13T22:45:00,0,53.8,17,0.89451
2025-04-13T22:48:00,0,53.6,17,0.89838
2025-04-13T22:51:00,0,53.7,17,0.89644
2025-04-13T22:54:00,0,53.6,17,0.89838
2025-04-13T22:57:00,0,53.5,17,0.90032
2025-04-13T23:00:00,0,53.3,17,0.90419
2025-04-13T23:03:00,0,53.3,17,0.90419
2025-04-13T23:06:00,0,56.6,17,0.84029
2025-04-13T23:09:00,0,59.7,17,0.78027
2025-04-13T23:12:00,0,61.6,17,0.74349
2025-04-13T23:15:00,0,63,17,0.71638
2025-04-13T23:18:00,0,63.8,17,0.70089
2025-04-13T23:21:00,0,64.6,17,0.6854
2025-04-13T23:24:00,0,64.9,17,0.67959
2025-04-13T23:27:00,0,65.4,17,0.66991
2025-04-13T23:30:00,0,65.8,17,0.66217
2025-04-13T23:33:00,0,65.9,17,0.66023
2025-04-13T23:36:00,0,65.9,17,0.66023
2025-04-13T23:39:00,0,66.2,17,0.65442
2025-04-13T23:42:00,0,65.5,17,0.66798
2025-04-13T23:45:00,0,65.6,17,0.66604
2025-04-13T23:48:00,0,65.2,17,0.67378
2025-04-13T23:51:00,0,64.8,16,0.63952
2025-04-13T23:54:00,0,65,16,0.63589
2025-04-13T23:57:00,0,64.7,16,0.64134
2025-04-14T00:00:00,0,64.2,16,0.65042
2025-04-14T00:03:00,0,64.2,16,0.65042
2025-04-14T00:06:00,0,63.9,16,0.65587
2025-04-14T00:09:00,0,63.7,16,0.65951
2025-04-14T00:12:00,0,63.6,16,0.66132
2025-04-14T00:15:00,0,63.4,16,0.66496
2025-04-14T00:18:00,0,63.4,16,0.66496
2025-04-14T00:21:00,0,63.4,16,0.66496
2025-04-14T00:24:00,0,63.2,16,0.66859
2025-04-14T00:27:00,0,62.9,16,0.67404
2025-04-14T00:30:00,0,62.5,16,0.68131
2025-04-14T00:33:00,0,63.2,16,0.66859
2025-04-14T00:36:00,0,64.4,16,0.64679
2025-04-14T00:39:00,0,65.6,16,0.62499
2025-04-14T00:42:00,0,66.1,16,0.6159
2025-04-14T00:45:00,0,66.6,16,0.60682
2025-04-14T00:48:00,0,66.8,16,0.60318
2025-04-14T00:51:00,0,67.1,16,0.59773
2025-04-14T00:54:00,0,67.1,16,0.59773
2025-04-14T00:57:00,0,67.2,16,0.59592
2025-04-14T01:00:00,0,66.6,16,0.60682
2025-04-14T01:03:00,0,65.3,17,0.67185
2025-04-14T01:06:00,0,65.1,17,0.67572
2025-04-14T01:09:00,0,64.8,17,0.68153
2025-04-14T01:12:00,0,64.2,17,0.69315
2025-04-14T01:15:00,0,64.3,17,0.69121
2025-04-14T01:18:00,0,64,16,0.65406
2025-04-14T01:21:00,0,64,16,0.65406
2025-04-14T01:24:00,0,63.7,16,0.65951
2025-04-14T01:27:00,0,63.7,16,0.65951
2025-04-14T01:30:00,0,63.8,16,0.65769
2025-04-14T01:33:00,0,63.6,16,0.66132
2025-04-14T01:36:00,0,63.4,16,0.66496
2025-04-14T01:39:00,0,63,16,0.67222
2025-04-14T01:42:00,0,63,16,0.67222
2025-04-14T01:45:00,0,62.9,16,0.67404
2025-04-14T01:48:00,0,63.2,16,0.66859
2025-04-14T01:51:00,0,61.4,16,0.70129
2025-04-14T01:54:00,0,60.4,17,0.76672
2025-04-14T01:57:00,0,60,17,0.77447
2025-04-14T02:00:00,0,59.9,17,0.7764
2025-04-14T02:03:00,0,60.7,17,0.76091
2025-04-14T02:06:00,0,62.2,17,0.73187
2025-04-14T02:09:00,0,63.5,16,0.66314
2025-04-14T02:12:00,0,63.9,16,0.65587
2025-04-14T02:15:00,0,64.7,16,0.64134
2025-04-14T02:18:00,0,65.2,16,0.63225
2025-04-14T02:21:00,0,65.5,16,0.6268
2025-04-14T02:24:00,0,65.8,16,0.62135
2025-04-14T02:27:00,0,65.6,16,0.62499
2025-04-14T02:30:00,0,65.8,16,0.62135
2025-04-14T02:33:00,0,65.6,16,0.62499
2025-04-14T02:36:00,0,65.2,16,0.63225
2025-04-14T02:39:00,0,64.3,16,0.6486
2025-04-14T02:42:00,0,63.5,16,0.66314
2025-04-14T02:45:00,0,63.3,16,0.66677
2025-04-14T02:48:00,0,63.1,16,0.67041
2025-04-14T02:51:00,0,63.4,16,0.66496
2025-04-14T02:54:00,0,63.2,16,0.66859
2025-04-14T02:57:00,0,63.6,16,0.66132
2025-04-14T03:00:00,0,63.6,16,0.66132
2025-04-14T03:03:00,0,63.4,16,0.66496
2025-04-14T03:06:00,0,63.4,16,0.66496
2025-04-14T03:09:00,0,63.1,16,0.67041
2025-04-14T03:12:00,0,63.3,16,0.66677
2025-04-14T03:15:00,0,62.4,16,0.68312
2025-04-14T03:18:00,0,61.4,16,0.70129
2025-04-14T03:21:00,0,60.8,16,0.71219
2025-04-14T03:24:00,0,60.5,16,0.71764
2025-04-14T03:27:00,0,60.5,16,0.71764
2025-04-14T03:30:00,0,60.5,16,0.71764
2025-04-14T03:33:00,0,60.6,16,0.71583
2025-04-14T03:36:00,0,60.9,16,0.71038
2025-04-14T03:39:00,0,61.2,16,0.70493
2025-04-14T03:42:00,0,60.9,16,0.71038
2025-04-14T03:45:00,0,60.7,16,0.71401
2025-04-14T03:48:00,0,60.1,16,0.72491
2025-04-14T03:51:00,0,59.7,16,0.73218
2025-04-14T03:54:00,0,59,16,0.7449
2025-04-14T03:57:00,0,58.6,16,0.75216
2025-04-14T04:00:00,0,58.5,16,0.75398
2025-04-14T04:03:00,351,58.3,16,0.75761
2025-04-14T04:06:00,347,57.9,16,0.76488
2025-04-14T04:09:00,345,57.4,16,0.77397
2025-04-14T04:12:00,343,57.1,17,0.83061
2025-04-14T04:15:00,340,56.8,17,0.83642
2025-04-14T04:18:00,339,56.3,17,0.8461
2025-04-14T04:21:00,338,55.9,17,0.85385
2025-04-14T04:24:00,337,55.5,17,0.86159
2025-04-14T04:27:00,336,55,17,0.87127
2025-04-14T04:30:00,336,54.9,17,0.87321
2025-04-14T04:33:00,335,54.7,17,0.87708
2025-04-14T04:36:00,334,54.4,17,0.88289
2025-04-14T04:39:00,334,54.2,17,0.88676
2025-04-14T04:42:00,334,54,17,0.89064
2025-04-14T04:45:00,334,53.7,17,0.89644
2025-04-14T04:48:00,334,53.7,17,0.89644
2025-04-14T04:51:00,334,53.4,17,0.90225
2025-04-14T04:54:00,331,53.6,17,0.89838
2025-04-14T04:57:00,331,53.2,17,0.90612
2025-04-14T05:00:00,333,53.1,17,0.90806
2025-04-14T05:03:00,332,52.9,17,0.91193
2025-04-14T05:06:00,332,52.6,18,0.97755
2025-04-14T05:09:00,332,52.4,18,0.98167
2025-04-14T05:12:00,332,52.2,18,0.9858
2025-04-14T05:15:00,332,52.1,18,0.98786
2025-04-14T05:18:00,333,51.8,18,0.99404
2025-04-14T05:21:00,334,51.7,18,0.99611
2025-04-14T05:24:00,333,51.5,18,1.00023
2025-04-14T05:27:00,334,51.4,18,1.00229
2025-04-14T05:30:00,333,51.4,18,1.00229
2025-04-14T05:33:00,331,51.3,18,1.00436
2025-04-14T05:36:00,332,51.3,18,1.00436
2025-04-14T05:39:00,331,51.4,18,1.00229
2025-04-14T05:42:00,331,51.2,18,1.00642
2025-04-14T05:45:00,333,51,18,1.01054
2025-04-14T05:48:00,331,50.7,18,1.01673
2025-04-14T05:51:00,333,50.5,18,1.02085
2025-04-14T05:54:00,333,50.7,18,1.01673
2025-04-14T05:57:00,332,50.3,18,1.02498
2025-04-14T06:00:00,333,50.2,18,1.02704
2025-04-14T06:03:00,333,50.1,18,1.0291
2025-04-14T06:06:00,334,50.2,18,1.02704
2025-04-14T06:09:00,334,49.8,18,1.03529
2025-04-14T06:12:00,334,49.6,18,1.03942
2025-04-14T06:15:00,334,49.6,18,1.03942
2025-04-14T06:18:00,334,49.3,18,1.0456
2025-04-14T06:21:00,334,49.2,18,1.04767
2025-04-14T06:24:00,334,49.2,18,1.04767
2025-04-14T06:27:00,335,49.2,18,1.04767
2025-04-14T06:30:00,335,49.3,18,1.0456
2025-04-14T06:33:00,336,49.2,18,1.04767
2025-04-14T06:36:00,336,48.9,18,1.05385
2025-04-14T06:39:00,336,48.9,18,1.05385
2025-04-14T06:42:00,337,48.7,18,1.05798
2025-04-14T06:45:00,339,48.5,18,1.0621
2025-04-14T06:48:00,339,48.1,18,1.07035
2025-04-14T06:51:00,339,48.1,18,1.07035
2025-04-14T06:54:00,339,48.4,18,1.06416
2025-04-14T06:57:00,340,48.2,18,1.06829
2025-04-14T07:00:00,342,48.3,18,1.06623
2025-04-14T07:03:00,342,48.4,18,1.06416
2025-04-14T07:06:00,345,48.5,18,1.0621
2025-04-14T07:09:00,345,48.8,18,1.05591
2025-04-14T07:12:00,350,49,18,1.05179
2025-04-14T07:15:00,348,49,18,1.05179
2025-04-14T07:18:00,347,49.3,18,1.0456
2025-04-14T07:21:00,348,50.3,18,1.02498
2025-04-14T07:24:00,348,49.6,18,1.03942
2025-04-14T07:27:00,350,49.2,18,1.04767
2025-04-14T07:30:00,351,49.3,19,1.1132
2025-04-14T07:33:00,353,49.3,19,1.1132
2025-04-14T07:36:00,353,49.1,19,1.11759
2025-04-14T07:39:00,353.5,49.2,18.5,1.08106
2025-04-14T07:42:00,354,49.3,18,1.0456
2025-04-14T07:45:00,353,49.5,19,1.10881
2025-04-14T07:48:00,355,49.8,19,1.10222
2025-04-14T07:51:00,353,49.6,19,1.10661
2025-04-14T07:54:00,356,50.1,18,1.0291
2025-04-14T07:57:00,356,50.3,19,1.09124
2025-04-14T08:00:00,358,50.3,18,1.02498
2025-04-14T08:03:00,356,50.5,19,1.08685
2025-04-14T08:06:00,358,50.3,19,1.09124
2025-04-14T08:09:00,358,50.5,19,1.08685
2025-04-14T08:12:00,360,50.4,19,1.08905
2025-04-14T08:15:00,360,50.7,19,1.08246
2025-04-14T08:18:00,360,50.7,19,1.08246
2025-04-14T08:21:00,361,50.8,19,1.08026
2025-04-14T08:24:00,361,50.8,19,1.08026
2025-04-14T08:27:00,361,50.9,19,1.07807
2025-04-14T08:30:00,361,51.1,19,1.07368
2025-04-14T08:33:00,362,51,19,1.07587
2025-04-14T08:36:00,362,51.3,19,1.06929
2025-04-14T08:39:00,362,51.1,19,1.07368
2025-04-14T08:42:00,362,51.5,19,1.06489
2025-04-14T08:45:00,363,51.4,19,1.06709
2025-04-14T08:48:00,365,51.6,19,1.0627
2025-04-14T08:51:00,365,51.8,19,1.05831
2025-04-14T08:54:00,367,52.1,19,1.05172
2025-04-14T08:57:00,368,52,19,1.05392
2025-04-14T09:00:00,369,52.2,19,1.04952
2025-04-14T09:03:00,372,52.5,19,1.04294
2025-04-14T09:06:00,378,52.6,19,1.04074
2025-04-14T09:09:00,382,53.1,19,1.02976
2025-04-14T09:12:00,393,53.6,19,1.01879
2025-04-14T09:15:00,408,53.8,20,1.07945
2025-04-14T09:18:00,425,52.9,20,1.10048
2025-04-14T09:21:00,455,50,20,1.16824
2025-04-14T09:24:00,484,46.7,20,1.24534
2025-04-14T09:27:00,482,45.3,21,1.35938
2025-04-14T09:30:00,530,44,21,1.39169
2025-04-14T09:33:00,589,42.3,22,1.52446
2025-04-14T09:36:00,602,40.9,23,1.65926
2025-04-14T09:39:00,620,38.3,23,1.73226
2025-04-14T09:42:00,624,36.1,23,1.79402
2025-04-14T09:45:00,624,34.9,23,1.82771
2025-04-14T09:48:00,621,32.5,23,1.89509
2025-04-14T09:51:00,606,31.8,23,1.91475
2025-04-14T09:54:00,574,29.3,23,1.98493
2025-04-14T09:57:00,556,28.5,23,2.00739
2025-04-14T10:00:00,547,26.7,22,1.93662
2025-04-14T10:03:00,542,26.4,22,1.94455
2025-04-14T10:06:00,541,24.2,22,2.00267
2025-04-14T10:09:00,539,23.5,23,2.14777
2025-04-14T10:12:00,547,22.4,22,2.05023
2025-04-14T10:15:00,560,22.2,23,2.18427
2025-04-14T10:18:00,1116,22.1,23,2.18708
2025-04-14T10:21:00,1201,20.7,22,2.09514
2025-04-14T10:24:00,1279,21.5,22,2.07401
2025-04-14T10:27:00,1244,20.5,22,2.10043
2025-04-14T10:30:00,1032,20.1,23,2.24323
2025-04-14T10:33:00,779,19.4,23,2.26288
2025-04-14T10:36:00,568,18.3,23,2.29376
2025-04-14T10:39:00,992,18.2,23,2.29657
2025-04-14T10:42:00,1354,18.9,23,2.27692
2025-04-14T10:45:00,890,18.8,23,2.27973
2025-04-14T10:48:00,550,18.9,23,2.27692
2025-04-14T10:51:00,547,18,23,2.30219
2025-04-14T10:54:00,1147,21.3,20,1.83881
2025-04-14T10:57:00,712,19.9,21,1.99061
2025-04-14T11:00:00,1430,19,22,2.14006
2025-04-14T11:03:00,1469,19,22,2.14006
2025-04-14T11:06:00,1469,18.4,23,2.29096
2025-04-14T11:09:00,1495,18,23,2.30219
2025-04-14T11:12:00,1499,18.1,23,2.29938
2025-04-14T11:15:00,1263,20.3,20,1.86217
2025-04-14T11:18:00,1402,18,22,2.16648
2025-04-14T11:21:00,1485,17,22,2.1929
2025-04-14T11:24:00,1467,16.85,22.5,2.26475
2025-04-14T11:27:00,1449,16.7,23,2.33868
2025-04-14T11:30:00,1422,19.2,20,1.88788
2025-04-14T11:33:00,1294,17.8,22,2.17176
2025-04-14T11:36:00,1273,17.3,23,2.32184
2025-04-14T11:39:00,1189,17.4,22,2.18233
2025-04-14T11:42:00,564,17.8,19,1.80483
2025-04-14T11:45:00,600,15.6,21,2.09747
2025-04-14T11:48:00,827,15.7,21,2.09498
2025-04-14T11:51:00,632,17.8,19,1.80483
2025-04-14T11:54:00,527,16.2,21,2.08256
2025-04-14T11:57:00,539,16.9,21,2.06516
2025-04-14T12:00:00,578,15.6,20,1.97199
2025-04-14T12:03:00,561,17.3,21,2.05522
2025-04-14T12:06:00,431,17.2,20,1.9346
2025-04-14T12:09:00,532,15.5,23,2.37238
2025-04-14T12:12:00,510,18.1,18,1.68905
2025-04-14T12:15:00,518,15.2,21,2.10741
2025-04-14T12:18:00,506,13.9,22,2.2748
2025-04-14T12:21:00,515,15.6,21,2.09747
2025-04-14T12:24:00,511,16.6,20,1.94862
2025-04-14T12:27:00,501,14.7,22,2.25367
2025-04-14T12:30:00,495,14.8,21,2.11735
2025-04-14T12:33:00,494,16.3,18,1.72617
2025-04-14T12:36:00,493,14.6,21,2.12232
2025-04-14T12:39:00,493,13.4,21,2.15214
2025-04-14T12:42:00,489,14.5,21,2.12481
2025-04-14T12:45:00,487,15.3,19,1.85972
2025-04-14T12:48:00,487,14.5,21,2.12481
2025-04-14T12:51:00,487,14.3,20,2.00236
2025-04-14T12:54:00,487,14.8,19,1.8707
2025-04-14T12:57:00,487,14.4,21,2.12729
2025-04-14T13:00:00,488,14.1,21,2.13475
2025-04-14T13:03:00,489,14.8,19,1.8707
2025-04-14T13:06:00,488,14.2,21,2.13226
2025-04-14T13:09:00,488,14.3,21,2.12978
2025-04-14T13:12:00,488,16.3,19,1.83777
2025-04-14T13:15:00,488,13.6,21,2.14717
2025-04-14T13:18:00,487,14.9,20,1.98834
2025-04-14T13:21:00,485,15.8,19,1.84874
2025-04-14T13:24:00,489,13.3,21,2.15463
2025-04-14T13:27:00,487,14.8,20,1.99068
2025-04-14T13:30:00,487,15.8,19,1.84874
2025-04-14T13:33:00,491,14,21,2.13723
2025-04-14T13:36:00,493,13.7,22,2.28009
2025-04-14T13:39:00,495,12.7,23,2.45099
2025-04-14T13:42:00,500,12.9,23,2.44537
2025-04-14T13:45:00,495,14.4,19,1.87948
2025-04-14T13:48:00,496,13.1,19,1.90803
2025-04-14T13:51:00,499,13.9,19,1.89046
2025-04-14T13:54:00,494,14.1,20,2.00704
2025-04-14T13:57:00,531,14.4,20,2.00003
2025-04-14T14:00:00,686,13.8,21,2.1422
2025-04-14T14:03:00,785,14.9,20,1.98834
2025-04-14T14:06:00,791,13.7,22,2.28009
2025-04-14T14:09:00,1016,14.9,19,1.8685
2025-04-14T14:12:00,1142,14.5,20,1.99769
2025-04-14T14:15:00,1199,14.9,20,1.98834
2025-04-14T14:18:00,1210,13.6,22,2.28273
2025-04-14T14:21:00,731,14,21,2.13723
2025-04-14T14:24:00,592,13.2,22,2.2933
2025-04-14T14:27:00,1158,13.4,19,1.90144
2025-04-14T14:30:00,1523,13.8,21,2.1422
2025-04-14T14:33:00,1557,12.4,23,2.45941
2025-04-14T14:36:00,967,12.3,23,2.46222
2025-04-14T14:39:00,534,11.8,22,2.33029
2025-04-14T14:42:00,563,15.3,17,1.63993
2025-04-14T14:45:00,513,14.2,20,2.0047
2025-04-14T14:48:00,550,13.5,21,2.14966
2025-04-14T14:51:00,1508,14.1,21,2.13475
2025-04-14T14:54:00,1514,14.5,20,1.99769
2025-04-14T14:57:00,1237,14.3,21,2.12978
2025-04-14T15:00:00,1504,13.8,20,2.01405
2025-04-14T15:03:00,1078,13.4,21,2.15214
2025-04-14T15:06:00,1429,12.6,22,2.30915
2025-04-14T15:09:00,1477,13.9,22,2.2748
2025-04-14T15:12:00,1480,14.1,23,2.41168
2025-04-14T15:15:00,1405,14.4,21,2.12729
2025-04-14T15:18:00,1464,13.9,22,2.2748
2025-04-14T15:21:00,1446,13.5,23,2.42853
2025-04-14T15:24:00,553,12.6,24,2.6063
2025-04-14T15:27:00,1447,12.3,24,2.61525
2025-04-14T15:30:00,1429,13.5,21,2.14966
2025-04-14T15:33:00,1126,13.6,22,2.28273
2025-04-14T15:36:00,859.5,14.9,20,1.98834
2025-04-14T15:39:00,593,16.2,18,1.72823
2025-04-14T15:42:00,528,14.7,20,1.99302
2025-04-14T15:45:00,1071,15.1,21,2.1099
2025-04-14T15:48:00,686,15.7,19,1.85094
2025-04-14T15:51:00,610,14.5,19,1.87729
2025-04-14T15:54:00,835,13.6,21,2.14717
2025-04-14T15:57:00,1057,14.5,21,2.12481
2025-04-14T16:00:00,1067,15.2,20,1.98133
2025-04-14T16:03:00,942,13.9,21,2.13972
2025-04-14T16:06:00,494,14.6,21,2.12232
2025-04-14T16:09:00,483,14.3,22,2.26424
2025-04-14T16:12:00,483,14.1,22,2.26952
2025-04-14T16:15:00,488,14.2,22,2.26688
2025-04-14T16:18:00,478,14.4,22,2.26159
2025-04-14T16:21:00,468,13.6,22,2.28273
2025-04-14T16:24:00,457,15.8,20,1.96732
2025-04-14T16:27:00,462,15.2,21,2.10741
2025-04-14T16:30:00,453,14.9,22,2.24838
2025-04-14T16:33:00,448,14.9,22,2.24838
2025-04-14T16:36:00,444,15.8,20,1.96732
2025-04-14T16:39:00,448,15,21,2.11238
2025-04-14T16:42:00,446,14.7,22,2.25367
2025-04-14T16:45:00,443,14.8,22,2.25102
2025-04-14T16:48:00,442,14.4,22,2.26159
2025-04-14T16:51:00,438,14.4,22,2.26159
2025-04-14T16:54:00,434,14.6,22,2.25631
2025-04-14T16:57:00,435,14.4,22,2.26159
2025-04-14T17:00:00,430,14.7,22,2.25367
2025-04-14T17:03:00,426,14.3,21,2.12978
2025-04-14T17:06:00,447,14.6,21,2.12232
2025-04-14T17:09:00,427,14.5,21,2.12481
2025-04-14T17:12:00,422,14.3,22,2.26424
2025-04-14T17:15:00,416,14.2,22,2.26688
2025-04-14T17:18:00,412,14.5,21,2.12481
2025-04-14T17:21:00,410,14.2,22,2.26688
2025-04-14T17:24:00,408,13.6,22,2.28273
2025-04-14T17:27:00,402,14.1,22,2.26952
2025-04-14T17:30:00,400,13.9,21,2.13972
2025-04-14T17:33:00,396,14.5,21,2.12481
2025-04-14T17:36:00,395,13.7,22,2.28009
2025-04-14T17:39:00,392,14.1,22,2.26952
2025-04-14T17:42:00,390,13.8,22,2.27745
2025-04-14T17:45:00,392,14.2,22,2.26688
2025-04-14T17:48:00,391,13.7,22,2.28009
2025-04-14T17:51:00,394,13.5,22,2.28537
2025-04-14T17:54:00,397,14,21,2.13723
2025-04-14T17:57:00,415,13.6,22,2.28273
2025-04-14T18:00:00,408,13.8,22,2.27745
2025-04-14T18:03:00,483,13.7,22,2.28009
2025-04-14T18:06:00,471,13.7,22,2.28009
2025-04-14T18:09:00,403,13.6,22,2.28273
2025-04-14T18:12:00,411,14.1,22,2.26952
2025-04-14T18:15:00,463,13.7,22,2.28009
2025-04-14T18:18:00,441,14.2,23,2.40887
2025-04-14T18:21:00,423,13.6,23,2.42572
2025-04-14T18:24:00,396,14.4,22,2.26159
2025-04-14T18:27:00,379,14.2,22,2.26688
2025-04-14T18:30:00,385,14.5,22,2.25895
2025-04-14T18:33:00,386,15.2,22,2.24046
2025-04-14T18:36:00,372,15.2,22,2.24046
2025-04-14T18:39:00,369,16.3,22,2.21139
2025-04-14T18:42:00,367,16.2,22,2.21404
2025-04-14T18:45:00,367,16.1,22,2.21668
2025-04-14T18:48:00,365,16.5,22,2.20611
2025-04-14T18:51:00,362,16.7,22,2.20083
2025-04-14T18:54:00,360,16.4,22,2.20875
2025-04-14T18:57:00,357,16.3,22,2.21139
2025-04-14T19:00:00,356,16.3,22,2.21139
2025-04-14T19:03:00,354,16.2,22,2.21404
2025-04-14T19:06:00,353,16.3,21,2.08007
2025-04-14T19:09:00,353,16.4,22,2.20875
2025-04-14T19:12:00,352,17.8,22,2.17176
2025-04-14T19:15:00,349,17.3,22,2.18497
2025-04-14T19:18:00,349,17,21,2.06268
2025-04-14T19:21:00,345,17,21,2.06268
2025-04-14T19:24:00,345,17.1,21,2.06019
2025-04-14T19:27:00,342,16.9,21,2.06516
2025-04-14T19:30:00,343,17.1,21,2.06019
2025-04-14T19:33:00,342,17.3,21,2.05522
2025-04-14T19:36:00,340,17.4,21,2.05274
2025-04-14T19:39:00,339.5,17.45,21,2.05149
2025-04-14T19:42:00,339,17.5,21,2.05025
2025-04-14T19:45:00,338,17.8,21,2.0428
2025-04-14T19:48:00,336,17.9,20,1.91825
2025-04-14T19:51:00,336,18,20,1.91591
2025-04-14T19:54:00,334,18.2,20,1.91124
2025-04-14T19:57:00,334,18.2,20,1.91124
2025-04-14T20:00:00,334,18.5,20,1.90423
2025-04-14T20:03:00,0,18.9,20,1.89488
2025-04-14T20:06:00,0,19.9,21,1.99061
2025-04-14T20:09:00,0,20.9,21,1.96576
2025-04-14T20:12:00,0,22.1,20,1.82012
2025-04-14T20:15:00,0,23,20,1.79909
2025-04-14T20:18:00,0,23.7,20,1.78273
2025-04-14T20:21:00,0,24.4,20,1.76638
2025-04-14T20:24:00,0,25.3,20,1.74535
2025-04-14T20:27:00,0,26.3,20,1.72199
2025-04-14T20:30:00,0,27.1,20,1.70329
2025-04-14T20:33:00,0,27.8,20,1.68694
2025-04-14T20:36:00,0,28.6,20,1.66825
2025-04-14T20:39:00,0,29.4,20,1.64955
2025-04-14T20:42:00,0,30.2,20,1.63086
2025-04-14T20:45:00,0,31,20,1.61217
2025-04-14T20:48:00,0,31.8,20,1.59348
2025-04-14T20:51:00,0,32.5,20,1.57712
2025-04-14T20:54:00,0,33.2,19,1.4667
2025-04-14T20:57:00,0,34,19,1.44913
2025-04-14T21:00:00,0,34.8,19,1.43157
2025-04-14T21:03:00,0,35.3,19,1.42059
2025-04-14T21:06:00,0,36,19,1.40522
2025-04-14T21:09:00,0,36.7,19,1.38985
2025-04-14T21:12:00,0,37.4,19,1.37448
2025-04-14T21:15:00,0,38,19,1.36131
2025-04-14T21:18:00,0,38.7,19,1.34594
2025-04-14T21:21:00,0,39.1,19,1.33716
2025-04-14T21:24:00,0,39.8,19,1.32179
2025-04-14T21:27:00,0,40.3,19,1.31081
2025-04-14T21:30:00,0,40.9,18,1.21884
2025-04-14T21:33:00,0,41.5,18,1.20646
2025-04-14T21:36:00,0,42,18,1.19615
2025-04-14T21:39:00,0,42.4,18,1.1879
2025-04-14T21:42:00,0,43,18,1.17553
2025-04-14T21:45:00,0,43.5,18,1.16522
2025-04-14T21:48:00,0,43.8,18,1.15903
2025-04-14T21:51:00,0,44.2,18,1.15078
2025-04-14T21:54:00,0,44.5,18,1.14459
2025-04-14T21:57:00,0,44.9,18,1.13635
2025-04-14T22:00:00,0,45.1,18,1.13222
2025-04-14T22:03:00,0,45.6,18,1.12191
2025-04-14T22:06:00,0,45.8,18,1.11778
2025-04-14T22:09:00,0,46,18,1.11366
2025-04-14T22:12:00,0,46.3,18,1.10747
2025-04-14T22:15:00,0,46.5,18,1.10335
2025-04-14T22:18:00,0,46.7,18,1.09922
2025-04-14T22:21:00,0,47,17,1.02617
2025-04-14T22:24:00,0,47.2,17,1.02229
2025-04-14T22:27:00,0,47.5,17,1.01649
2025-04-14T22:30:00,0,47.5,17,1.01649
2025-04-14T22:33:00,0,47.8,17,1.01068
2025-04-14T22:36:00,0,47.9,17,1.00874
2025-04-14T22:39:00,0,48,17,1.0068
2025-04-14T22:42:00,0,48.1,17,1.00487
2025-04-14T22:45:00,0,48.2,17,1.00293
2025-04-14T22:48:00,0,48.4,17,0.99906
2025-04-14T22:51:00,0,48.5,17,0.99712
2025-04-14T22:54:00,0,48.6,17,0.99519
2025-04-14T22:57:00,0,48.7,17,0.99325
2025-04-14T23:00:00,0,48.8,17,0.99132
2025-04-14T23:03:00,0,49.5,17,0.97776
2025-04-14T23:06:00,0,53.8,17,0.89451
2025-04-14T23:09:00,0,56.8,17,0.83642
2025-04-14T23:12:00,0,58.9,17,0.79576
2025-04-14T23:15:00,0,60.3,17,0.76866
2025-04-14T23:18:00,0,61.4,17,0.74736
2025-04-14T23:21:00,0,61.9,17,0.73768
2025-04-14T23:24:00,0,62.5,17,0.72606
2025-04-14T23:27:00,0,63.1,17,0.71444
2025-04-14T23:30:00,0,63.2,17,0.71251
2025-04-14T23:33:00,0,63.7,17,0.70283
2025-04-14T23:36:00,0,63.6,17,0.70476
2025-04-14T23:39:00,0,63.8,17,0.70089
2025-04-14T23:42:00,0,63.75,17,0.70186
2025-04-14T23:45:00,0,63.7,17,0.70283
2025-04-14T23:48:00,0,63.5,17,0.7067
2025-04-14T23:51:00,0,63.3,17,0.71057
2025-04-14T23:54:00,0,63,17,0.71638
2025-04-14T23:57:00,0,63.4,17,0.70864
2025-04-15T00:00:00,0,63.4,17,0.70864
2025-04-15T00:03:00,0,63.2,17,0.71251
2025-04-15T00:06:00,0,63.5,17,0.7067
2025-04-15T00:09:00,0,63.6,17,0.70476
2025-04-15T00:12:00,0,63.2,17,0.71251
2025-04-15T00:15:00,0,63.4,17,0.70864
2025-04-15T00:18:00,0,63.5,17,0.7067
2025-04-15T00:21:00,0,63.2,17,0.71251
2025-04-15T00:24:00,0,63.4,16,0.66496
2025-04-15T00:27:00,0,63.4,16,0.66496
2025-04-15T00:30:00,0,63.4,16,0.66496
2025-04-15T00:33:00,0,64.2,16,0.65042
2025-04-15T00:36:00,0,65.9,17,0.66023
2025-04-15T00:39:00,0,66.9,17,0.64087
2025-04-15T00:42:00,0,67.6,16,0.58865
2025-04-15T00:45:00,0,68.5,16,0.5723
2025-04-15T00:48:00,0,68.8,16,0.56685
2025-04-15T00:51:00,0,69.2,16,0.55958
2025-04-15T00:54:00,0,69.2,16,0.55958
2025-04-15T00:57:00,0,69.7,16,0.5505
2025-04-15T01:00:00,0,69.4,16,0.55595
2025-04-15T01:03:00,0,69.5,16,0.55413
2025-04-15T01:06:00,0,69.5,16,0.55413
2025-04-15T01:09:00,0,69.4,16,0.55595
2025-04-15T01:12:00,0,69.5,16,0.55413
2025-04-15T01:15:00,0,69.2,16,0.55958
2025-04-15T01:18:00,0,69.5,16,0.55413
2025-04-15T01:21:00,0,69.2,16,0.55958
2025-04-15T01:24:00,0,69,16,0.56321
2025-04-15T01:27:00,0,68.8,16,0.56685
2025-04-15T01:30:00,0,68.8,16,0.56685
2025-04-15T01:33:00,0,68.7,16,0.56866
2025-04-15T01:36:00,0,68.4,16,0.57412
2025-04-15T01:39:00,0,68.3,16,0.57593
2025-04-15T01:42:00,0,68.4,16,0.57412
2025-04-15T01:45:00,0,68.1,16,0.57957
2025-04-15T01:48:00,0,67.8,16,0.58502
2025-04-15T01:51:00,0,67.9,16,0.5832
2025-04-15T01:54:00,0,67.6,16,0.58865
2025-04-15T01:57:00,0,67.1,16,0.59773
2025-04-15T02:00:00,0,67.1,16,0.59773
2025-04-15T02:03:00,0,67.4,16,0.59228
2025-04-15T02:06:00,0,68.4,16,0.57412
2025-04-15T02:09:00,0,69.3,16,0.55776
2025-04-15T02:12:00,0,69.7,16,0.5505
2025-04-15T02:15:00,0,69.8,16,0.54868
2025-04-15T02:18:00,0,70.4,16,0.53778
2025-04-15T02:21:00,0,70.5,16,0.53596
2025-04-15T02:24:00,0,70.2,16,0.54141
2025-04-15T02:27:00,0,70.1,16,0.54323
2025-04-15T02:30:00,0,70,16,0.54505
2025-04-15T02:33:00,0,70.2,16,0.54141
2025-04-15T02:36:00,0,69.8,16,0.54868
2025-04-15T02:39:00,0,70.1,16,0.54323
2025-04-15T02:42:00,0,70.7,16,0.53233
2025-04-15T02:45:00,0,70.1,16,0.54323
2025-04-15T02:48:00,0,68.6,16,0.57048
2025-04-15T02:51:00,0,67.7,17,0.62538
2025-04-15T02:54:00,0,67,17,0.63893
2025-04-15T02:57:00,0,66.7,17,0.64474
2025-04-15T03:00:00,0,66.6,16,0.60682
2025-04-15T03:03:00,0,66.6,16,0.60682
2025-04-15T03:06:00,0,66.3,16,0.61227
2025-04-15T03:09:00,0,66,16,0.61772
2025-04-15T03:12:00,0,65.7,16,0.62317
2025-04-15T03:15:00,0,65.5,16,0.6268
2025-04-15T03:18:00,0,65.3,16,0.63044
2025-04-15T03:21:00,0,65.3,16,0.63044
2025-04-15T03:24:00,0,65.2,16,0.63225
2025-04-15T03:27:00,0,65.2,16,0.63225
2025-04-15T03:30:00,0,65,16,0.63589
2025-04-15T03:33:00,0,65.1,16,0.63407
2025-04-15T03:36:00,0,64.7,16,0.64134
2025-04-15T03:39:00,0,63.8,16,0.65769
2025-04-15T03:42:00,0,63,16,0.67222
2025-04-15T03:45:00,0,62.7,16.5,0.69962
2025-04-15T03:48:00,0,62.4,17,0.728
2025-04-15T03:51:00,0,62,16,0.69039
2025-04-15T03:54:00,0,62.1,16,0.68857
2025-04-15T03:57:00,0,62.3,16,0.68494
2025-04-15T04:00:00,0,62.4,16,0.68312
2025-04-15T04:03:00,351,62.2,16,0.68676
2025-04-15T04:06:00,348,61.6,16,0.69766
2025-04-15T04:09:00,346,61.1,17,0.75317
2025-04-15T04:12:00,344,60.8,17,0.75898
2025-04-15T04:15:00,341,60.5,17,0.76478
2025-04-15T04:18:00,341,60.2,17,0.77059
2025-04-15T04:21:00,338,59.8,17,0.77834
2025-04-15T04:24:00,338,59.7,17,0.78027
2025-04-15T04:27:00,336,59.3,17,0.78802
2025-04-15T04:30:00,336,59.1,17,0.79189
2025-04-15T04:33:00,335,58.7,17,0.79964
2025-04-15T04:36:00,335,58.6,17,0.80157
2025-04-15T04:39:00,334,58.6,18,0.85381
2025-04-15T04:42:00,333,58.3,18,0.85999
2025-04-15T04:45:00,333,58,18,0.86618
2025-04-15T04:48:00,334,57.6,18,0.87443
2025-04-15T04:51:00,334,57.4,18,0.87855
2025-04-15T04:54:00,333,57.2,18,0.88268
2025-04-15T04:57:00,334,57.1,18,0.88474
2025-04-15T05:00:00,333,56.9,18,0.88887
2025-04-15T05:03:00,333,56.8,18,0.89093
2025-04-15T05:06:00,334,56.5,18,0.89711
2025-04-15T05:09:00,332,56.2,18,0.9033
2025-04-15T05:12:00,333,56.1,18,0.90536
2025-04-15T05:15:00,334,56,18,0.90743
2025-04-15T05:18:00,334,55.8,18,0.91155
2025-04-15T05:21:00,334,55.8,18,0.91155
2025-04-15T05:24:00,334,55.4,18,0.9198
2025-04-15T05:27:00,333,55.3,18,0.92186
2025-04-15T05:30:00,334,55.4,18,0.9198
2025-04-15T05:33:00,332,55.4,18,0.9198
2025-04-15T05:36:00,334,55.1,19,0.98585
2025-04-15T05:39:00,333,55,19,0.98805
2025-04-15T05:42:00,333,55.1,19,0.98585
2025-04-15T05:45:00,333,55.3,19,0.98146
2025-04-15T05:48:00,333,55,19,0.98805
2025-04-15T05:51:00,333,55.1,19,0.98585
2025-04-15T05:54:00,334,54.8,19,0.99244
2025-04-15T05:57:00,334,54.7,19,0.99463
2025-04-15T06:00:00,333,55,19,0.98805
2025-04-15T06:03:00,334,54.9,19,0.99024
2025-04-15T06:06:00,333,54.8,19,0.99244
2025-04-15T06:09:00,333,54.8,19,0.99244
2025-04-15T06:12:00,334,54.7,19,0.99463
2025-04-15T06:15:00,335,52.2,19,1.04952
2025-04-15T06:18:00,336,52.3,19,1.04733
2025-04-15T06:21:00,336,52.5,19,1.04294
2025-04-15T06:24:00,336,52.4,19,1.04513
2025-04-15T06:27:00,337,52.6,19,1.04074
2025-04-15T06:30:00,337,52.5,19,1.04294
2025-04-15T06:33:00,338,52.3,19,1.04733
2025-04-15T06:36:00,339,51.1,19,1.07368
2025-04-15T06:39:00,339,49.9,19,1.10002
2025-04-15T06:42:00,339,50,19,1.09783
2025-04-15T06:45:00,342,50.3,19,1.09124
2025-04-15T06:48:00,343,50.2,19,1.09344
2025-04-15T06:51:00,344,50.5,19,1.08685
2025-04-15T06:54:00,345,50.6,19,1.08465
2025-04-15T06:57:00,347,51,19,1.07587
2025-04-15T07:00:00,348,50,19,1.09783
2025-04-15T07:03:00,348,48.6,19,1.12857
2025-04-15T07:06:00,350,49.2,19,1.11539
2025-04-15T07:09:00,352,49.7,19,1.10442
2025-04-15T07:12:00,360,50.3,19,1.09124
2025-04-15T07:15:00,362,50.9,19,1.07807
2025-04-15T07:18:00,362,51.6,19,1.0627
2025-04-15T07:21:00,361,52.1,19,1.05172
2025-04-15T07:24:00,364,52.6,20,1.10749
2025-04-15T07:27:00,362,52.9,20,1.10048
2025-04-15T07:30:00,362,53.3,20,1.09114
2025-04-15T07:33:00,364,53.8,20,1.07945
2025-04-15T07:36:00,365,54,20,1.07478
2025-04-15T07:39:00,367,54.5,20,1.0631
2025-04-15T07:42:00,369,54.6,20,1.06076
2025-04-15T07:45:00,369,54.6,20,1.06076
2025-04-15T07:48:00,372,52.6,20,1.10749
2025-04-15T07:51:00,375,51.5,20,1.13319
2025-04-15T07:54:00,376,52.1,20,1.11917
2025-04-15T07:57:00,377,52.4,20,1.11216
2025-04-15T08:00:00,378,52.7,20,1.10515
2025-04-15T08:03:00,374,51.5,20,1.13319
2025-04-15T08:06:00,371,49.7,20,1.17525
2025-04-15T08:09:00,368,49.9,20,1.17058
2025-04-15T08:12:00,369,50.3,20,1.16123
2025-04-15T08:15:00,372,50.7,20,1.15188
2025-04-15T08:18:00,378,49.8,20,1.17291
2025-04-15T08:21:00,385,47.6,20,1.22432
2025-04-15T08:24:00,390,46.6,20,1.24768
2025-04-15T08:27:00,399,45.5,20,1.27338
2025-04-15T08:30:00,401,45.7,20,1.26871
2025-04-15T08:33:00,399,46.4,20,1.25235
2025-04-15T08:36:00,395,47.1,21,1.31465
2025-04-15T08:39:00,397,45.4,21,1.35689
2025-04-15T08:42:00,397,43.7,21,1.39914
2025-04-15T08:45:00,394,43.4,21,1.4066
2025-04-15T08:48:00,390,43.2,21,1.41157
2025-04-15T08:51:00,386,43.7,21,1.39914
2025-04-15T08:54:00,386,42.7,21,1.42399
2025-04-15T08:57:00,389,41.6,21,1.45133
2025-04-15T09:00:00,395,39.9,21,1.49358
2025-04-15T09:03:00,402,38.8,21,1.52091
2025-04-15T09:06:00,409,37.5,21,1.55322
2025-04-15T09:09:00,413,35.7,22,1.69884
2025-04-15T09:12:00,425,34,22,1.74375
2025-04-15T09:15:00,460,31.4,23,1.92598
2025-04-15T09:18:00,518,23.9,23,2.13654
2025-04-15T09:21:00,521,22.6,23,2.17304
2025-04-15T09:24:00,494,23.5,23,2.14777
2025-04-15T09:27:00,512,21.6,23,2.20112
2025-04-15T09:30:00,505,21.7,22,2.06872
2025-04-15T09:33:00,550,20.8,23,2.22358
2025-04-15T09:36:00,493,21.3,22,2.07929
2025-04-15T09:39:00,495,20.5,23,2.232
2025-04-15T09:42:00,487,20.8,23,2.22358
2025-04-15T09:45:00,481,21.6,23,2.20112
2025-04-15T09:48:00,533,20.7,23,2.22638
2025-04-15T09:51:00,510,22.5,21,1.92599
2025-04-15T09:54:00,481,20.8,22,2.0925
2025-04-15T09:57:00,480,20.8,22,2.0925
2025-04-15T10:00:00,480,21.6,22,2.07137
2025-04-15T10:03:00,484,21.9,22,2.06344
2025-04-15T10:06:00,479,20.6,22,2.09779
2025-04-15T10:09:00,477,20.4,22,2.10307
2025-04-15T10:12:00,468,20.3,22,2.10571
2025-04-15T10:15:00,468,21.2,22,2.08193
2025-04-15T10:18:00,477,21.3,22,2.07929
2025-04-15T10:21:00,543,20.6,21,1.97321
2025-04-15T10:24:00,495,21.2,22,2.08193
2025-04-15T10:27:00,554,19.6,22,2.12421
2025-04-15T10:30:00,534,20.4,22,2.10307
2025-04-15T10:33:00,549,20.2,22,2.10835
2025-04-15T10:36:00,530,19.5,22,2.12685
2025-04-15T10:39:00,503,19.9,22,2.11628
2025-04-15T10:42:00,495,19.5,22,2.12685
2025-04-15T10:45:00,528,19.5,22,2.12685
2025-04-15T10:48:00,528,19.1,22,2.13742
2025-04-15T10:51:00,698,18.6,22,2.15063
2025-04-15T10:54:00,895,18.4,22,2.15591
2025-04-15T10:57:00,682,18.6,21,2.02291
2025-04-15T11:00:00,1058,18.8,22,2.14534
2025-04-15T11:03:00,784,17.9,22,2.16912
2025-04-15T11:06:00,852,18.3,22,2.15855
2025-04-15T11:09:00,1219,18.3,21,2.03037
2025-04-15T11:12:00,1210,18.5,20,1.90423
2025-04-15T11:15:00,1231,17.6,21,2.04777
2025-04-15T11:18:00,1084,18.8,20,1.89722
2025-04-15T11:21:00,1422,17.2,22,2.18762
2025-04-15T11:24:00,992,16.2,21,2.08256
2025-04-15T11:27:00,1271,19.1,19,1.77629
2025-04-15T11:30:00,1460,19.5,19,1.7675
2025-04-15T11:33:00,778,17.1,21,2.06019
2025-04-15T11:36:00,1361,20,18,1.64987
2025-04-15T11:39:00,1320,19.5,19,1.7675
2025-04-15T11:42:00,526,19.5,20,1.88087
2025-04-15T11:45:00,539,18.3,22,2.15855
2025-04-15T11:48:00,568,19.7,19,1.76311
2025-04-15T11:51:00,768,20.5,19,1.74555
2025-04-15T11:54:00,531,19.6,20,1.87853
2025-04-15T11:57:00,572,18.1,21,2.03534
2025-04-15T12:00:00,642,19.5,19,1.7675
2025-04-15T12:03:00,574,20.1,19,1.75433
2025-04-15T12:06:00,623,19.8,19,1.76092
2025-04-15T12:09:00,519,19.2,21,2.008
2025-04-15T12:12:00,548,21.1,18,1.62718
2025-04-15T12:15:00,577,21,19,1.73457
2025-04-15T12:18:00,570,18.8,21,2.01794
2025-04-15T12:21:00,579,21.2,19,1.73018
2025-04-15T12:24:00,550,20.5,18,1.63955
2025-04-15T12:27:00,517,20.6,19,1.74335
2025-04-15T12:30:00,522,19.4,21,2.00303
2025-04-15T12:33:00,511,21.3,18,1.62306
2025-04-15T12:36:00,505,19.8,20,1.87386
2025-04-15T12:39:00,488,19.3,21,2.00552
2025-04-15T12:42:00,484,20.3,19,1.74994
2025-04-15T12:45:00,482,20.6,20,1.85516
2025-04-15T12:48:00,487,20.1,21,1.98564
2025-04-15T12:51:00,489,20.3,21,1.98067
2025-04-15T12:54:00,487,19.9,21,1.99061
2025-04-15T12:57:00,487,21.5,20,1.83414
2025-04-15T13:00:00,497,20.2,21,1.98315
2025-04-15T13:03:00,498,20.1,21,1.98564
2025-04-15T13:06:00,503,20.1,21,1.98564
2025-04-15T13:09:00,497,20.4,21,1.97818
2025-04-15T13:12:00,494,20.2,21,1.98315
2025-04-15T13:15:00,506,19.6,21,1.99806
2025-04-15T13:18:00,517,18.9,22,2.1427
2025-04-15T13:21:00,518,19.4,21,2.00303
2025-04-15T13:24:00,541,19.4,21,2.00303
2025-04-15T13:27:00,561,20.6,20,1.85516
2025-04-15T13:30:00,569,20.7,20,1.85283
2025-04-15T13:33:00,570,20.4,21,1.97818
2025-04-15T13:36:00,581,20.5,21,1.9757
2025-04-15T13:39:00,566,20.8,21,1.96824
2025-04-15T13:42:00,554,21,21,1.96327
2025-04-15T13:45:00,550,21.5,20,1.83414
2025-04-15T13:48:00,541,21,21,1.96327
2025-04-15T13:51:00,523,20.5,21,1.9757
2025-04-15T13:54:00,509,20.8,22,2.0925
2025-04-15T13:57:00,517,21.2,21,1.9583
2025-04-15T14:00:00,521,20.5,21,1.9757
2025-04-15T14:03:00,517,21.4,21,1.95333
2025-04-15T14:06:00,531,21.7,21,1.94588
2025-04-15T14:09:00,565,23.1,20,1.79675
2025-04-15T14:12:00,660,22.3,21,1.93096
2025-04-15T14:15:00,647,21.6,22,2.07137
2025-04-15T14:18:00,701,21.3,23,2.20954
2025-04-15T14:21:00,833,23.4,20,1.78974
2025-04-15T14:24:00,613,23.9,20,1.77806
2025-04-15T14:27:00,1115,24.5,20,1.76404
2025-04-15T14:30:00,647,25,19,1.64674
2025-04-15T14:33:00,584,24.3,20,1.76871
2025-04-15T14:36:00,876,25.7,19,1.63137
2025-04-15T14:39:00,572,25,20,1.75236
2025-04-15T14:42:00,575,24.6,20,1.76171
2025-04-15T14:45:00,544,24.7,20,1.75937
2025-04-15T14:48:00,563,23.7,21,1.89617
2025-04-15T14:51:00,529,23.8,21,1.89369
2025-04-15T14:54:00,609,22.9,21,1.91605
2025-04-15T14:57:00,610,21.8,21,1.94339
2025-04-15T15:00:00,522,22.3,21,1.93096
2025-04-15T15:03:00,493,22.2,21,1.93345
2025-04-15T15:06:00,454,22.1,20,1.82012
2025-04-15T15:09:00,427,22.8,20,1.80376
2025-04-15T15:12:00,452,23.2,20,1.79442
2025-04-15T15:15:00,454,23.3,20,1.79208
2025-04-15T15:18:00,493,23.7,20,1.78273
2025-04-15T15:21:00,460,23.8,20,1.7804
2025-04-15T15:24:00,440,23.6,20,1.78507
2025-04-15T15:27:00,425,23,20,1.79909
2025-04-15T15:30:00,422,25.5,20,1.74068
2025-04-15T15:33:00,463,24.6,19,1.65553
2025-04-15T15:36:00,443,22.6,20,1.80844
2025-04-15T15:39:00,419,22.6,19,1.69944
2025-04-15T15:42:00,432,22.4,19,1.70383
2025-04-15T15:45:00,441,22.6,19,1.69944
2025-04-15T15:48:00,796,22.4,19,1.70383
2025-04-15T15:51:00,483,22.4,20,1.81311
2025-04-15T15:54:00,482,22.8,19,1.69505
2025-04-15T15:57:00,559,22.9,20,1.80143
2025-04-15T16:00:00,491,22.8,20,1.80376
2025-04-15T16:03:00,501,22.9,20,1.80143
2025-04-15T16:06:00,517,23.2,20,1.79442
2025-04-15T16:09:00,487,23.3,20,1.79208
2025-04-15T16:12:00,432,23.3,20,1.79208
2025-04-15T16:15:00,453,23.2,20,1.79442
2025-04-15T16:18:00,513,22.9,20,1.80143
2025-04-15T16:21:00,456,23.1,20,1.79675
2025-04-15T16:24:00,417,23,20,1.79909
2025-04-15T16:27:00,437,23.1,20,1.79675
2025-04-15T16:30:00,495,25.7,20,1.736
2025-04-15T16:33:00,519,26.9,20,1.70797
2025-04-15T16:36:00,410,28,20,1.68227
2025-04-15T16:39:00,408,28.6,19,1.5677
2025-04-15T16:42:00,414,28.6,19,1.5677
2025-04-15T16:45:00,408,29.2,19,1.55453
2025-04-15T16:48:00,432,29.4,19,1.55013
2025-04-15T16:51:00,438,29.8,19,1.54135
2025-04-15T16:54:00,430,29.4,19,1.55013
2025-04-15T16:57:00,427,29,19,1.55892
2025-04-15T17:00:00,424,29.4,19,1.55013
2025-04-15T17:03:00,424,29.4,19,1.55013
2025-04-15T17:06:00,436,29.6,19,1.54574
2025-04-15T17:09:00,424,29.2,19,1.55453
2025-04-15T17:12:00,372,28.9,19,1.56111
2025-04-15T17:15:00,376,29.65,18.5,1.4971
2025-04-15T17:18:00,380,30.4,18,1.43538
2025-04-15T17:21:00,405,31.3,19,1.50842
2025-04-15T17:24:00,399,31.1,19,1.51281
2025-04-15T17:27:00,405,31,19,1.515
2025-04-15T17:30:00,409,31,19,1.515
2025-04-15T17:33:00,406,30.7,19,1.52159
2025-04-15T17:36:00,397,30.8,19,1.5194
2025-04-15T17:39:00,394,31.2,19,1.51061
2025-04-15T17:42:00,369,31.2,19,1.51061
2025-04-15T17:45:00,384,31.9,18,1.40445
2025-04-15T17:48:00,386,32.9,18,1.38383
2025-04-15T17:51:00,386,33.4,17,1.28948
2025-04-15T17:54:00,375,33.3,18,1.37558
2025-04-15T17:57:00,391,32.5,19,1.48207
2025-04-15T18:00:00,418,30.8,20,1.61684
2025-04-15T18:03:00,424,30.6,19,1.52379
2025-04-15T18:06:00,446,32.1,19,1.49085
2025-04-15T18:09:00,432,31.6,19,1.50183
2025-04-15T18:12:00,398,31.2,20,1.6075
2025-04-15T18:15:00,414,31.2,20,1.6075
2025-04-15T18:18:00,452,30.7,20,1.61918
2025-04-15T18:21:00,385,30.9,20,1.61451
2025-04-15T18:24:00,381,30.9,20,1.61451
2025-04-15T18:27:00,376,31.2,20,1.6075
2025-04-15T18:30:00,369,30.7,21,1.72221
2025-04-15T18:33:00,369,31.2,21,1.70979
2025-04-15T18:36:00,365,30.6,21,1.7247
2025-04-15T18:39:00,360,31.2,21,1.70979
2025-04-15T18:42:00,357,31.9,21,1.69239
2025-04-15T18:45:00,358,31.2,21,1.70979
2025-04-15T18:48:00,361,31.3,21,1.7073
2025-04-15T18:51:00,361,31.7,21,1.69736
2025-04-15T18:54:00,360,31.3,21,1.7073
2025-04-15T18:57:00,356,31.4,21,1.70482
2025-04-15T19:00:00,354,31.6,21,1.69984
2025-04-15T19:03:00,352,31.4,21,1.70482
2025-04-15T19:06:00,351,31.9,21,1.69239
2025-04-15T19:09:00,350,31.9,21,1.69239
2025-04-15T19:12:00,350,32,21,1.6899
2025-04-15T19:15:00,347,32.2,21,1.68493
2025-04-15T19:18:00,346,32,21,1.6899
2025-04-15T19:21:00,347,32,21,1.6899
2025-04-15T19:24:00,345,32.1,21,1.68742
2025-04-15T19:27:00,344,32.1,21,1.68742
2025-04-15T19:30:00,342,32,21,1.6899
2025-04-15T19:33:00,343,32,21,1.6899
2025-04-15T19:36:00,340,32,21,1.6899
2025-04-15T19:39:00,339,32.1,21,1.68742
2025-04-15T19:42:00,338,32.2,20,1.58413
2025-04-15T19:45:00,337,32.3,20,1.5818
2025-04-15T19:48:00,336,32.2,20,1.58413
2025-04-15T19:51:00,336,32.5,21,1.67748
2025-04-15T19:54:00,336,32,21,1.6899
2025-04-15T19:57:00,336,32.3,21,1.68245
2025-04-15T20:00:00,336,32.2,21,1.68493
2025-04-15T20:03:00,0,32.8,21,1.67002
2025-04-15T20:06:00,0,33.9,21,1.64269
2025-04-15T20:09:00,0,34.6,21,1.62529
2025-04-15T20:12:00,0,35.4,21,1.60541
2025-04-15T20:15:00,0,36,21,1.5905
2025-04-15T20:18:00,0,36.7,21,1.5731
2025-04-15T20:21:00,0,37.5,21,1.55322
2025-04-15T20:24:00,0,38.2,21,1.53582
2025-04-15T20:27:00,0,39,21,1.51594
2025-04-15T20:30:00,0,39.7,20,1.4089
2025-04-15T20:33:00,0,40.4,20,1.39254
2025-04-15T20:36:00,0,41.1,20,1.37619
2025-04-15T20:39:00,0,41.9,20,1.35749
2025-04-15T20:42:00,0,42.7,20,1.3388
2025-04-15T20:45:00,0,43.2,20,1.32712
2025-04-15T20:48:00,0,43.8,20,1.3131
2025-04-15T20:51:00,0,44.5,20,1.29675
2025-04-15T20:54:00,0,45.1,20,1.28273
2025-04-15T20:57:00,0,45.7,20,1.26871
2025-04-15T21:00:00,0,46.3,20,1.25469
2025-04-15T21:03:00,0,46.9,20,1.24067
2025-04-15T21:06:00,0,47.4,20,1.22899
2025-04-15T21:09:00,0,47.8,20,1.21964
2025-04-15T21:12:00,0,48.2,20,1.2103
2025-04-15T21:15:00,0,48.8,20,1.19628
2025-04-15T21:18:00,0,49.3,20,1.1846
2025-04-15T21:21:00,0,49.9,20,1.17058
2025-04-15T21:24:00,0,50.3,19,1.09124
2025-04-15T21:27:00,0,50.8,19,1.08026
2025-04-15T21:30:00,0,51.2,19,1.07148
2025-04-15T21:33:00,0,51.7,19,1.0605
2025-04-15T21:36:00,0,52.1,19,1.05172
2025-04-15T21:39:00,0,52.4,19,1.04513
2025-04-15T21:42:00,0,52.8,19,1.03635
2025-04-15T21:45:00,0,53.3,19,1.02537
2025-04-15T21:48:00,0,53.7,19,1.01659
2025-04-15T21:51:00,0,54,19,1.01
2025-04-15T21:54:00,0,54.4,19,1.00122
2025-04-15T21:57:00,0,54.7,19,0.99463
2025-04-15T22:00:00,0,55,19,0.98805
2025-04-15T22:03:00,0,55.4,19,0.97926
2025-04-15T22:06:00,0,55.7,19,0.97268
2025-04-15T22:09:00,0,56,19,0.96609
2025-04-15T22:12:00,0,56.2,19,0.9617
2025-04-15T22:15:00,0,56.5,19,0.95511
2025-04-15T22:18:00,0,56.6,19,0.95292
2025-04-15T22:21:00,0,56.9,19,0.94633
2025-04-15T22:24:00,0,57.2,19,0.93974
2025-04-15T22:27:00,0,57.4,19,0.93535
2025-04-15T22:30:00,0,57.4,19,0.93535
2025-04-15T22:33:00,0,57.5,19,0.93315
2025-04-15T22:36:00,0,57.9,19,0.92437
2025-04-15T22:39:00,0,58,19,0.92218
2025-04-15T22:42:00,0,58.1,19,0.91998
2025-04-15T22:45:00,0,58.2,19,0.91778
2025-04-15T22:48:00,0,58.6,19,0.909
2025-04-15T22:51:00,0,58.5,19,0.9112
2025-04-15T22:54:00,0,58.8,18,0.84968
2025-04-15T22:57:00,0,58.9,19,0.90242
2025-04-15T23:00:00,0,58.9,18,0.84762
2025-04-15T23:03:00,0,59.2,18,0.84143
2025-04-15T23:06:00,0,62.3,19,0.82776
2025-04-15T23:09:00,0,64.5,18,0.73213
2025-04-15T23:12:00,0,66.3,18,0.69501
2025-04-15T23:15:00,0,67.3,18,0.67438
2025-04-15T23:18:00,0,68.2,18,0.65582
2025-04-15T23:21:00,0,68.9,18,0.64139
2025-04-15T23:24:00,0,69.4,18,0.63107
2025-04-15T23:27:00,0,69.7,18,0.62489
2025-04-15T23:30:00,0,70.1,18,0.61664
2025-04-15T23:33:00,0,70.4,18,0.61045
2025-04-15T23:36:00,0,70.3,18,0.61251
2025-04-15T23:39:00,0,70.6,18,0.60633
2025-04-15T23:42:00,0,70.8,18,0.6022
2025-04-15T23:45:00,0,70.8,18,0.6022
2025-04-15T23:48:00,0,70.7,18,0.60426
2025-04-15T23:51:00,0,70.9,18,0.60014
2025-04-15T23:54:00,0,71,18,0.59808
2025-04-15T23:57:00,0,70.8,18,0.6022
2025-04-16T00:00:00,0,70.7,18,0.60426
2025-04-16T00:03:00,0,70.7,18,0.60426
2025-04-16T00:06:00,0,70.6,18,0.60633
2025-04-16T00:09:00,0,70.6,18,0.60633
2025-04-16T00:12:00,0,70.4,18,0.61045
2025-04-16T00:15:00,0,70.4,18,0.61045
2025-04-16T00:18:00,0,70.1,18,0.61664
2025-04-16T00:21:00,0,69.7,18,0.62489
2025-04-16T00:24:00,0,69.7,18,0.62489
2025-04-16T00:27:00,0,69.6,18,0.62695
2025-04-16T00:30:00,0,69.2,18,0.6352
2025-04-16T00:33:00,0,70.3,18,0.61251
2025-04-16T00:36:00,0,71.5,18,0.58776
2025-04-16T00:39:00,0,72.1,18,0.57539
2025-04-16T00:42:00,0,72.6,17,0.53051
2025-04-16T00:45:00,0,72.85,17,0.52567
2025-04-16T00:48:00,0,73.1,17,0.52083
2025-04-16T00:51:00,0,73.3,17,0.51696
2025-04-16T00:54:00,0,73.4,17,0.51502
2025-04-16T00:57:00,0,73.1,17,0.52083
2025-04-16T01:00:00,0,73.6,17,0.51115
2025-04-16T01:03:00,0,73.7,17,0.50921
2025-04-16T01:06:00,0,73.6,17,0.51115
2025-04-16T01:09:00,0,73.6,17,0.51115
2025-04-16T01:12:00,0,73.5,17,0.51308
2025-04-16T01:15:00,0,73.6,17,0.51115
2025-04-16T01:18:00,0,73.6,17,0.51115
2025-04-16T01:21:00,0,73.6,17,0.51115
2025-04-16T01:24:00,0,73.2,17,0.51889
2025-04-16T01:27:00,0,73.5,17,0.51308
2025-04-16T01:30:00,0,73.3,17,0.51696
2025-04-16T01:33:00,0,73.1,17,0.52083
2025-04-16T01:36:00,0,73.1,17,0.52083
2025-04-16T01:39:00,0,73.1,17,0.52083
2025-04-16T01:42:00,0,73.1,17,0.52083
2025-04-16T01:45:00,0,73,17,0.52276
2025-04-16T01:48:00,0,73.1,17,0.52083
2025-04-16T01:51:00,0,72.8,17,0.52664
2025-04-16T01:54:00,0,72.7,17,0.52857
2025-04-16T01:57:00,0,72.6,17,0.53051
2025-04-16T02:00:00,0,72.4,17,0.53438
2025-04-16T02:03:00,0,72.8,17,0.52664
2025-04-16T02:06:00,0,73.6,17,0.51115
2025-04-16T02:09:00,0,74,17,0.5034
2025-04-16T02:12:00,0,74.3,17,0.49759
2025-04-16T02:15:00,0,74.7,17,0.48985
2025-04-16T02:18:00,0,74.8,17,0.48791
2025-04-16T02:21:00,0,74.7,17,0.48985
2025-04-16T02:24:00,0,74.9,17,0.48598
2025-04-16T02:27:00,0,74.7,17,0.48985
2025-04-16T02:30:00,0,74.7,17,0.48985
2025-04-16T02:33:00,0,74.6,17,0.49179
2025-04-16T02:36:00,0,74.2,17,0.49953
2025-04-16T02:39:00,0,74.3,17,0.49759
2025-04-16T02:42:00,0,74,17,0.5034
2025-04-16T02:45:00,0,74,17,0.5034
2025-04-16T02:48:00,0,73.6,17,0.51115
2025-04-16T02:51:00,0,73.7,17,0.50921
2025-04-16T02:54:00,0,73.5,17,0.51308
2025-04-16T02:57:00,0,73.2,17,0.51889
2025-04-16T03:00:00,0,73.1,17,0.52083
2025-04-16T03:03:00,0,72.8,17,0.52664
2025-04-16T03:06:00,0,72.3,17,0.53632
2025-04-16T03:09:00,0,72,17,0.54213
2025-04-16T03:12:00,0,71.7,17,0.54793
2025-04-16T03:15:00,0,71.3,16,0.52143
2025-04-16T03:18:00,0,71.1,17,0.55955
2025-04-16T03:21:00,0,70.9,16,0.52869
2025-04-16T03:24:00,0,70.7,16,0.53233
2025-04-16T03:27:00,0,70.3,16,0.5396
2025-04-16T03:30:00,0,70.2,16,0.54141
2025-04-16T03:33:00,0,70,16,0.54505
2025-04-16T03:36:00,0,69.7,16,0.5505
2025-04-16T03:39:00,0,69.7,16,0.5505
2025-04-16T03:42:00,0,69.6,16,0.55231
2025-04-16T03:45:00,0,69.5,16,0.55413
2025-04-16T03:48:00,0,69.5,16,0.55413
2025-04-16T03:51:00,0,69.5,16,0.55413
2025-04-16T03:54:00,0,69.3,16,0.55776
2025-04-16T03:57:00,0,69.2,16,0.55958
2025-04-16T04:00:00,0,69.1,16,0.5614
2025-04-16T04:03:00,350,68.6,16,0.57048
2025-04-16T04:06:00,347,67.8,16,0.58502
2025-04-16T04:09:00,345,67,17,0.63893
2025-04-16T04:12:00,343,66.4,17,0.65055
2025-04-16T04:15:00,342,65.6,17,0.66604
2025-04-16T04:18:00,339,65.4,17,0.66991
2025-04-16T04:21:00,339,65,17,0.67766
2025-04-16T04:24:00,338,64.7,17,0.68347
2025-04-16T04:27:00,336,64.3,17,0.69121
2025-04-16T04:30:00,336,63.7,17,0.70283
2025-04-16T04:33:00,334,63.5,18,0.75275
2025-04-16T04:36:00,334,63.2,18,0.75894
2025-04-16T04:39:00,334,63,18,0.76306
2025-04-16T04:42:00,334,62.6,18,0.77131
2025-04-16T04:45:00,334,62.3,18,0.7775
2025-04-16T04:48:00,334,62.1,18,0.78162
2025-04-16T04:51:00,334,62.2,18,0.77956
2025-04-16T04:54:00,334,61.7,18,0.78987
2025-04-16T04:57:00,333,61.6,18,0.79194
2025-04-16T05:00:00,332,61.2,18,0.80019
2025-04-16T05:03:00,333,61,18,0.80431
2025-04-16T05:06:00,334,60.5,18,0.81462
2025-04-16T05:09:00,334,60.6,18,0.81256
2025-04-16T05:12:00,334,60.4,19,0.86948
2025-04-16T05:15:00,334,60.1,19,0.87607
2025-04-16T05:18:00,333,60.1,19,0.87607
2025-04-16T05:21:00,333,59.9,19,0.88046
2025-04-16T05:24:00,333,59.8,19,0.88265
2025-04-16T05:27:00,333,59.7,19,0.88485
2025-04-16T05:30:00,333,59.6,19,0.88705
2025-04-16T05:33:00,334,59.5,19,0.88924
2025-04-16T05:36:00,334,59.1,19,0.89802
2025-04-16T05:39:00,334,59.1,19,0.89802
2025-04-16T05:42:00,333,58.8,19,0.90461
2025-04-16T05:45:00,333,58.7,19,0.90681
2025-04-16T05:48:00,334,58.6,19,0.909
2025-04-16T05:51:00,334,58.2,19,0.91778
2025-04-16T05:54:00,334,57.9,19,0.92437
2025-04-16T05:57:00,333,57.7,19,0.92876
2025-04-16T06:00:00,333,57.6,19,0.93096
2025-04-16T06:03:00,334,57.3,19,0.93755
2025-04-16T06:06:00,335,57.1,19,0.94194
2025-04-16T06:09:00,335,56.9,19,0.94633
2025-04-16T06:12:00,336,56.5,19,0.95511
2025-04-16T06:15:00,336,55.5,19,0.97707
2025-04-16T06:18:00,336,55.5,19,0.97707
2025-04-16T06:21:00,335,55.4,19,0.97926
2025-04-16T06:24:00,336,55.2,19,0.98365
2025-04-16T06:27:00,336,54.3,19,1.00342
2025-04-16T06:30:00,336,54.1,19,1.00781
2025-04-16T06:33:00,336,53.9,19,1.0122
2025-04-16T06:36:00,336,53.9,19,1.0122
2025-04-16T06:39:00,337,53.7,19,1.01659
2025-04-16T06:42:00,338,53.4,19,1.02318
2025-04-16T06:45:00,339,53.2,19,1.02757
2025-04-16T06:48:00,339,53.2,19,1.02757
2025-04-16T06:51:00,340,53.1,19,1.02976
2025-04-16T06:54:00,341,53,19,1.03196
2025-04-16T06:57:00,342,52.7,19,1.03855
2025-04-16T07:00:00,344,52.8,19,1.03635
2025-04-16T07:03:00,345,52.6,20,1.10749
2025-04-16T07:06:00,345,52.7,19,1.03855
2025-04-16T07:09:00,345,52.6,20,1.10749
2025-04-16T07:12:00,347,52.5,20,1.10983
2025-04-16T07:15:00,350,52.5,20,1.10983
2025-04-16T07:18:00,346,52.7,20,1.10515
2025-04-16T07:21:00,346,52.7,20,1.10515
2025-04-16T07:24:00,351,52.8,19,1.03635
2025-04-16T07:27:00,351,53,19,1.03196
2025-04-16T07:30:00,352,53.2,19,1.02757
2025-04-16T07:33:00,353,53.3,19,1.02537
2025-04-16T07:36:00,356,53.5,19,1.02098
2025-04-16T07:39:00,355,53.4,19,1.02318
2025-04-16T07:42:00,355,53.5,19,1.02098
2025-04-16T07:45:00,356,53.6,19,1.01879
2025-04-16T07:48:00,356,53.4,19,1.02318
2025-04-16T07:51:00,356,53.6,19,1.01879
2025-04-16T07:54:00,357,53.6,19,1.01879
2025-04-16T07:57:00,357.5,53.65,19,1.01769
2025-04-16T08:00:00,358,53.7,19,1.01659
2025-04-16T08:03:00,358,53.5,19,1.02098
2025-04-16T08:06:00,359,53.3,19,1.02537
2025-04-16T08:09:00,361,53.6,19,1.01879
2025-04-16T08:12:00,361,53.5,19,1.02098
2025-04-16T08:15:00,362,53.6,19,1.01879
2025-04-16T08:18:00,363,53.9,19,1.0122
2025-04-16T08:21:00,364,53.8,19,1.01439
2025-04-16T08:24:00,365,53.9,20,1.07712
2025-04-16T08:27:00,366,53.8,20,1.07945
2025-04-16T08:30:00,365,54,20,1.07478
2025-04-16T08:33:00,368,54.1,20,1.07244
2025-04-16T08:36:00,368,54.1,20,1.07244
2025-04-16T08:39:00,369,54.3,20,1.06777
2025-04-16T08:42:00,370,54.3,20,1.06777
2025-04-16T08:45:00,372,54.7,20,1.05843
2025-04-16T08:48:00,373,54.4,20,1.06543
2025-04-16T08:51:00,373,54.4,20,1.06543
2025-04-16T08:54:00,376,54.8,20,1.05609
2025-04-16T08:57:00,379,55,20,1.05142
2025-04-16T09:00:00,384,55.1,20,1.04908
2025-04-16T09:03:00,391,55.4,20,1.04207
2025-04-16T09:06:00,395,55.3,20,1.04441
2025-04-16T09:09:00,401,55.6,20,1.0374
2025-04-16T09:12:00,411,55.8,21,1.09844
2025-04-16T09:15:00,436,55.5,21,1.10589
2025-04-16T09:18:00,506,51.9,21,1.19536
2025-04-16T09:21:00,523,49.5,21,1.255
2025-04-16T09:24:00,531,46.2,22,1.42142
2025-04-16T09:27:00,553,44.5,22,1.46634
2025-04-16T09:30:00,574,41.4,23,1.64522
2025-04-16T09:33:00,590,39.2,23,1.70699
2025-04-16T09:36:00,616,36.7,23,1.77718
2025-04-16T09:39:00,606,34.5,24,1.95324
2025-04-16T09:42:00,615,31.5,23,1.92317
2025-04-16T09:45:00,608,29.4,23,1.98213
2025-04-16T09:48:00,597,27.1,23,2.0467
2025-04-16T09:51:00,575,32,23,1.90913
2025-04-16T09:54:00,556,27.8,23,2.02705
2025-04-16T09:57:00,543,25.4,22,1.97097
2025-04-16T10:00:00,538,25.3,23,2.09724
2025-04-16T10:03:00,538,23.5,22,2.02117
2025-04-16T10:06:00,537,23.7,22,2.01588
2025-04-16T10:09:00,541,22.3,23,2.18146
2025-04-16T10:12:00,549,20.9,23,2.22077
2025-04-16T10:15:00,919,20.3,23,2.23761
2025-04-16T10:18:00,1217,20.9,22,2.08986
2025-04-16T10:21:00,1271,21.3,22,2.07929
2025-04-16T10:24:00,1349,20.9,22,2.08986
2025-04-16T10:27:00,1178,19.8,23,2.25165
2025-04-16T10:30:00,1415,19.7,24,2.39458
2025-04-16T10:33:00,1353,18.9,24,2.41844
2025-04-16T10:36:00,1195,19.2,24,2.40949
2025-04-16T10:39:00,956,19.9,23,2.24884
2025-04-16T10:42:00,574,19.5,23,2.26007
2025-04-16T10:45:00,568,19.1,24,2.41247
2025-04-16T10:48:00,551,18.8,21,2.01794
2025-04-16T10:51:00,706,19.9,22,2.11628
2025-04-16T10:54:00,576,20.1,22,2.111
2025-04-16T10:57:00,1427,19.5,22,2.12685
2025-04-16T11:00:00,1521,18.8,23,2.27973
2025-04-16T11:03:00,1537,21.2,20,1.84115
2025-04-16T11:06:00,1553,19.9,22,2.11628
2025-04-16T11:09:00,1560,18.9,23,2.27692
2025-04-16T11:12:00,1460,18.9,23,2.27692
2025-04-16T11:15:00,1035,21.5,20,1.83414
2025-04-16T11:18:00,1443,19.8,22,2.11892
2025-04-16T11:21:00,1240,18.8,22,2.14534
2025-04-16T11:24:00,991,18.4,23,2.29096
2025-04-16T11:27:00,1037,20.4,19,1.74774
2025-04-16T11:30:00,915,19.3,21,2.00552
2025-04-16T11:33:00,1109,18.1,22,2.16384
2025-04-16T11:36:00,1031,18.1,22,2.16384
2025-04-16T11:39:00,668,18.3,22,2.15855
2025-04-16T11:42:00,630,19.2,22,2.13477
2025-04-16T11:45:00,672,18.8,22,2.14534
2025-04-16T11:48:00,678,18.9,22,2.1427
2025-04-16T11:51:00,530,19.3,22,2.13213
2025-04-16T11:54:00,694,22.5,19,1.70163
2025-04-16T11:57:00,574,19.9,21,1.99061
2025-04-16T12:00:00,492,18.6,22,2.15063
2025-04-16T12:03:00,529,17.2,22,2.18762
2025-04-16T12:06:00,529,19.3,19,1.7719
2025-04-16T12:09:00,526,17.9,21,2.04031
2025-04-16T12:12:00,545,17,22,2.1929
2025-04-16T12:15:00,540,18.3,21,2.03037
2025-04-16T12:18:00,542,16.5,22,2.20611
2025-04-16T12:21:00,496,18.2,20,1.91124
2025-04-16T12:24:00,505,18,21,2.03783
2025-04-16T12:27:00,496,17.4,21,2.05274
2025-04-16T12:30:00,513,17.5,22,2.17969
2025-04-16T12:33:00,512,17.3,22,2.18497
2025-04-16T12:36:00,508,16.1,22,2.21668
2025-04-16T12:39:00,526,18.9,20,1.89488
2025-04-16T12:42:00,519,17.9,22,2.16912
2025-04-16T12:45:00,519,18.9,19,1.78068
2025-04-16T12:48:00,520,17.4,21,2.05274
2025-04-16T12:51:00,496,16.7,21,2.07013
2025-04-16T12:54:00,510,16.5,21,2.0751
2025-04-16T12:57:00,533,16.6,22,2.20347
2025-04-16T13:00:00,536,15.9,22,2.22196
2025-04-16T13:03:00,509,16,22,2.21932
2025-04-16T13:06:00,520,15.8,22,2.2246
2025-04-16T13:09:00,548,16.2,22,2.21404
2025-04-16T13:12:00,550,15.9,23,2.36115
2025-04-16T13:15:00,543,17.4,20,1.92993
2025-04-16T13:18:00,560,16.5,21,2.0751
2025-04-16T13:21:00,534,15.7,22,2.22725
2025-04-16T13:24:00,525,17,21,2.06268
2025-04-16T13:27:00,531,18.8,19,1.78287
2025-04-16T13:30:00,531,17.3,21,2.05522
2025-04-16T13:33:00,534,16.3,22,2.21139
2025-04-16T13:36:00,447,18.4,20,1.90657
2025-04-16T13:39:00,517,17.2,22,2.18762
2025-04-16T13:42:00,482,17,22,2.1929
2025-04-16T13:45:00,492,17.2,21,2.05771
2025-04-16T13:48:00,462,17.3,21,2.05522
2025-04-16T13:51:00,590,17.9,21,2.04031
2025-04-16T13:54:00,479,17.4,22,2.18233
2025-04-16T13:57:00,588,17.4,23,2.31903
2025-04-16T14:00:00,507,17.6,21,2.04777
2025-04-16T14:03:00,873,16.5,23,2.3443
2025-04-16T14:06:00,1076,15.9,23,2.36115
2025-04-16T14:09:00,778,16.7,23,2.33868
2025-04-16T14:12:00,815,18,20,1.91591
2025-04-16T14:15:00,597,18.1,21,2.03534
2025-04-16T14:18:00,753,17.3,22,2.18497
2025-04-16T14:21:00,1099,18,22,2.16648
2025-04-16T14:24:00,475,17.8,22,2.17176
2025-04-16T14:27:00,493,17.1,22,2.19026
2025-04-16T14:30:00,487,17.9,23,2.30499
2025-04-16T14:33:00,1528,17.6,23,2.31342
2025-04-16T14:36:00,1174,17.7,23,2.31061
2025-04-16T14:39:00,588,17.8,23,2.3078
2025-04-16T14:42:00,564,17.6,23,2.31342
2025-04-16T14:45:00,609,17.1,23,2.32745
2025-04-16T14:48:00,581,19,22,2.14006
2025-04-16T14:51:00,1243,17.8,23,2.3078
2025-04-16T14:54:00,1422,17,23,2.33026
2025-04-16T14:57:00,1142,17.8,23,2.3078
2025-04-16T15:00:00,855,18.5,23,2.28815
2025-04-16T15:03:00,968,19,22,2.14006
2025-04-16T15:06:00,671,18.9,22,2.1427
2025-04-16T15:09:00,1079,18.9,22,2.1427
2025-04-16T15:12:00,1525,18.2,23,2.29657
2025-04-16T15:15:00,1186,17.5,24,2.46018
2025-04-16T15:18:00,767,18.3,22,2.15855
2025-04-16T15:21:00,567,18,22,2.16648
2025-04-16T15:24:00,463,18.8,22,2.14534
2025-04-16T15:27:00,452,19.4,22,2.12949
2025-04-16T15:30:00,440,18.9,22,2.1427
2025-04-16T15:33:00,424,18.9,22,2.1427
2025-04-16T15:36:00,419,19.5,22,2.12685
2025-04-16T15:39:00,413,19.9,21,1.99061
2025-04-16T15:42:00,438,21.7,22,2.06872
2025-04-16T15:45:00,427,21.2,22,2.08193
2025-04-16T15:48:00,453,22.1,22,2.05816
2025-04-16T15:51:00,441,21.6,22,2.07137
2025-04-16T15:54:00,410,22.1,22,2.05816
2025-04-16T15:57:00,439,22.7,21,1.92102
2025-04-16T16:00:00,421,22.7,21,1.92102
2025-04-16T16:03:00,421,22.9,21.5,1.97573
2025-04-16T16:06:00,421,23.1,22,2.03173
2025-04-16T16:09:00,437,23.8,21,1.89369
2025-04-16T16:12:00,435,23.5,21,1.90114
2025-04-16T16:15:00,399,23.6,21,1.89866
2025-04-16T16:18:00,405,23.7,21,1.89617
2025-04-16T16:21:00,427,24.1,21,1.88623
2025-04-16T16:24:00,407,23.9,21,1.8912
2025-04-16T16:27:00,427,24.2,21,1.88375
2025-04-16T16:30:00,442,24.2,21,1.88375
2025-04-16T16:33:00,420,24.2,21,1.88375
2025-04-16T16:36:00,403,24.2,21,1.88375
2025-04-16T16:39:00,405,24.2,21,1.88375
2025-04-16T16:42:00,467,24.2,21,1.88375
2025-04-16T16:45:00,433,24.5,21,1.87629
2025-04-16T16:48:00,407,24.6,21,1.87381
2025-04-16T16:51:00,396,24.6,21,1.87381
2025-04-16T16:54:00,387,24.8,21,1.86884
2025-04-16T16:57:00,387,25.2,21,1.85889
2025-04-16T17:00:00,376,25,21,1.86387
2025-04-16T17:03:00,372,25.1,22,1.97889
2025-04-16T17:06:00,372,25.6,22,1.96568
2025-04-16T17:09:00,376,25.6,22,1.96568
2025-04-16T17:12:00,396,25.6,22,1.96568
2025-04-16T17:15:00,424,25.6,22,1.96568
2025-04-16T17:18:00,417,25.7,22,1.96304
2025-04-16T17:21:00,396,25.7,22,1.96304
2025-04-16T17:24:00,394,26,22,1.95512
2025-04-16T17:27:00,383,26.1,22,1.95247
2025-04-16T17:30:00,374,26,22,1.95512
2025-04-16T17:33:00,367,26.4,21,1.82907
2025-04-16T17:36:00,363,26.3,22,1.94719
2025-04-16T17:39:00,359,25.9,22,1.95776
2025-04-16T17:42:00,359,25.8,22,1.9604
2025-04-16T17:45:00,364,25.8,22,1.9604
2025-04-16T17:48:00,367,25.8,22,1.9604
2025-04-16T17:51:00,366,26,22,1.95512
2025-04-16T17:54:00,360,26.2,22,1.94983
2025-04-16T17:57:00,358,26.2,22,1.94983
2025-04-16T18:00:00,357,25.9,22,1.95776
2025-04-16T18:03:00,357,26.1,22,1.95247
2025-04-16T18:06:00,356,26.5,22,1.94191
2025-04-16T18:09:00,354,26.5,22,1.94191
2025-04-16T18:12:00,358,26.4,22,1.94455
2025-04-16T18:15:00,362,26.7,22,1.93662
2025-04-16T18:18:00,367,26.8,22,1.93398
2025-04-16T18:21:00,361,26.5,22,1.94191
2025-04-16T18:24:00,356,26.4,22,1.94455
2025-04-16T18:27:00,355,26.5,22,1.94191
2025-04-16T18:30:00,353,26.4,22,1.94455
2025-04-16T18:33:00,354,26.4,22,1.94455
2025-04-16T18:36:00,356,26.3,22,1.94719
2025-04-16T18:39:00,353,26.1,22,1.95247
2025-04-16T18:42:00,347,27.6,21,1.79925
2025-04-16T18:45:00,345,28.6,21,1.7744
2025-04-16T18:48:00,344,29.2,21,1.75949
2025-04-16T18:51:00,345,30.4,21,1.72967
2025-04-16T18:54:00,344,31.4,21,1.70482
2025-04-16T18:57:00,345,31.8,21,1.69487
2025-04-16T19:00:00,346,32.8,21,1.67002
2025-04-16T19:03:00,346,33.7,21,1.64766
2025-04-16T19:06:00,347,34,21,1.6402
2025-04-16T19:09:00,345,35.1,21,1.61286
2025-04-16T19:12:00,343,35.5,21,1.60292
2025-04-16T19:15:00,345,36.2,21,1.58553
2025-04-16T19:18:00,345,36.8,21,1.57062
2025-04-16T19:21:00,344,37.6,21,1.55074
2025-04-16T19:24:00,346,38,21,1.5408
2025-04-16T19:27:00,346,38.4,21,1.53085
2025-04-16T19:30:00,344,39.3,21,1.50849
2025-04-16T19:33:00,342,39.9,21,1.49358
2025-04-16T19:36:00,339,40.2,21,1.48612
2025-04-16T19:39:00,338,40.7,21,1.4737
2025-04-16T19:42:00,337,41.2,21,1.46127
2025-04-16T19:45:00,336,41.5,21,1.45381
2025-04-16T19:48:00,336,42.5,21,1.42896
2025-04-16T19:51:00,337,42.9,21,1.41902
2025-04-16T19:54:00,336,43.5,21,1.40411
2025-04-16T19:57:00,335,43.9,21,1.39417
2025-04-16T20:00:00,336,44.2,21,1.38672
2025-04-16T20:03:00,0,44.4,21,1.38175
2025-04-16T20:06:00,0,45,21,1.36683
2025-04-16T20:09:00,0,45.6,21,1.35192
2025-04-16T20:12:00,0,46.2,20,1.25703
2025-04-16T20:15:00,0,46.8,20,1.24301
2025-04-16T20:18:00,0,47.3,20,1.23132
2025-04-16T20:21:00,0,47.7,20,1.22198
2025-04-16T20:24:00,0,48.1,20,1.21263
2025-04-16T20:27:00,0,48.4,20,1.20562
2025-04-16T20:30:00,0,48.7,20,1.19861
2025-04-16T20:33:00,0,49.1,19,1.11759
2025-04-16T20:36:00,0,49.7,19,1.10442
2025-04-16T20:39:00,0,49.8,19,1.10222
2025-04-16T20:42:00,0,50.1,19,1.09563
2025-04-16T20:45:00,0,50.5,19,1.08685
2025-04-16T20:48:00,0,50.8,19,1.08026
2025-04-16T20:51:00,0,50.9,19,1.07807
2025-04-16T20:54:00,0,51,19,1.07587
2025-04-16T20:57:00,0,51.3,19,1.06929
2025-04-16T21:00:00,0,51.4,19,1.06709
2025-04-16T21:03:00,0,51.5,19,1.06489
2025-04-16T21:06:00,0,51.6,18,0.99817
2025-04-16T21:09:00,0,51.8,18,0.99404
2025-04-16T21:12:00,0,51.8,18,0.99404
2025-04-16T21:15:00,0,52,18,0.98992
2025-04-16T21:18:00,0,52,18,0.98992
2025-04-16T21:21:00,0,52.1,18,0.98786
2025-04-16T21:24:00,0,52.3,18,0.98373
2025-04-16T21:27:00,0,52.4,18,0.98167
2025-04-16T21:30:00,0,52.4,18,0.98167
2025-04-16T21:33:00,0,52.6,18,0.97755
2025-04-16T21:36:00,0,52.6,18,0.97755
2025-04-16T21:39:00,0,52.6,18,0.97755
2025-04-16T21:42:00,0,52.7,18,0.97548
2025-04-16T21:45:00,0,52.8,18,0.97342
2025-04-16T21:48:00,0,53,18,0.9693
2025-04-16T21:51:00,0,53,17,0.91
2025-04-16T21:54:00,0,53.2,17,0.90612
2025-04-16T21:57:00,0,53.1,17,0.90806
2025-04-16T22:00:00,0,53,17,0.91
2025-04-16T22:03:00,0,53.2,17,0.90612
2025-04-16T22:06:00,0,53.1,17,0.90806
2025-04-16T22:09:00,0,53.1,17,0.90806
2025-04-16T22:12:00,0,53,17,0.91
2025-04-16T22:15:00,0,52.9,17,0.91193
2025-04-16T22:18:00,0,52.8,17,0.91387
2025-04-16T22:21:00,0,52.7,17,0.91581
2025-04-16T22:24:00,0,52.6,17,0.91774
2025-04-16T22:27:00,0,52.5,17,0.91968
2025-04-16T22:30:00,0,52.3,17,0.92355
2025-04-16T22:33:00,0,52.1,17,0.92742
2025-04-16T22:36:00,0,52,17,0.92936
2025-04-16T22:39:00,0,52.3,17,0.92355
2025-04-16T22:42:00,0,52.1,17,0.92742
2025-04-16T22:45:00,0,51.9,17,0.93129
2025-04-16T22:48:00,0,51.9,17,0.93129
2025-04-16T22:51:00,0,51.8,17,0.93323
2025-04-16T22:54:00,0,51.6,17,0.9371
2025-04-16T22:57:00,0,51.5,17,0.93904
2025-04-16T23:00:00,0,51.4,16,0.88297
2025-04-16T23:03:00,0,51.6,16,0.87934
2025-04-16T23:06:00,0,55.1,17,0.86934
2025-04-16T23:09:00,0,58.3,17,0.80738
2025-04-16T23:12:00,0,60.4,16,0.71946
2025-04-16T23:15:00,0,61.9,16,0.69221
2025-04-16T23:18:00,0,62.7,16,0.67767
2025-04-16T23:21:00,0,63.4,16,0.66496
2025-04-16T23:24:00,0,64.4,16,0.64679
2025-04-16T23:27:00,0,64.8,16,0.63952
2025-04-16T23:30:00,0,65.2,16,0.63225
2025-04-16T23:33:00,0,65.3,16,0.63044
2025-04-16T23:36:00,0,65.7,16,0.62317
2025-04-16T23:39:00,0,65.8,16,0.62135
2025-04-16T23:42:00,0,65.9,16,0.61954
2025-04-16T23:45:00,0,65.8,16,0.62135
2025-04-16T23:48:00,0,65.8,16,0.62135
2025-04-16T23:51:00,0,65.8,16,0.62135
2025-04-16T23:54:00,0,65.8,16,0.62135
2025-04-16T23:57:00,0,65.4,16,0.62862
2025-04-17T00:00:00,0,65.4,16,0.62862
2025-04-17T00:03:00,0,65,16,0.63589
2025-04-17T00:06:00,0,64.9,16,0.6377
2025-04-17T00:09:00,0,64.9,16,0.6377
2025-04-17T00:12:00,0,64.8,16,0.63952
2025-04-17T00:15:00,0,64.6,16,0.64315
2025-04-17T00:18:00,0,64.6,16,0.64315
2025-04-17T00:21:00,0,64.6,16,0.64315
2025-04-17T00:24:00,0,64.4,16,0.64679
2025-04-17T00:27:00,0,64.4,16,0.64679
2025-04-17T00:30:00,0,65.2,16,0.63225
2025-04-17T00:33:00,0,65,16,0.63589
2025-04-17T00:36:00,0,65.4,17,0.66991
2025-04-17T00:39:00,0,65.7,17,0.6641
2025-04-17T00:42:00,0,65.9,17,0.66023
2025-04-17T00:45:00,0,66.1,17,0.65636
2025-04-17T00:48:00,0,66.5,17,0.64861
2025-04-17T00:51:00,0,66.7,16,0.605
2025-04-17T00:54:00,0,67.1,16,0.59773
2025-04-17T00:57:00,0,67,16,0.59955
2025-04-17T01:00:00,0,67.1,16,0.59773
2025-04-17T01:03:00,0,67,16,0.59955
2025-04-17T01:06:00,0,66.9,16,0.60137
2025-04-17T01:09:00,0,66.9,16,0.60137
2025-04-17T01:12:00,0,66.4,16,0.61045
2025-04-17T01:15:00,0,66.6,16,0.60682
2025-04-17T01:18:00,0,66.4,16,0.61045
2025-04-17T01:21:00,0,66.3,16,0.61227
2025-04-17T01:24:00,0,66.2,16,0.61409
2025-04-17T01:27:00,0,66.5,16,0.60863
2025-04-17T01:30:00,0,65.7,16,0.62317
2025-04-17T01:33:00,0,64.5,16,0.64497
2025-04-17T01:36:00,0,63.5,16,0.66314
2025-04-17T01:39:00,0,62.9,16,0.67404
2025-04-17T01:42:00,0,62.9,16,0.67404
2025-04-17T01:45:00,0,62.5,16,0.68131
2025-04-17T01:48:00,0,61.9,16,0.69221
2025-04-17T01:51:00,0,61.7,16,0.69584
2025-04-17T01:54:00,0,61.5,16,0.69948
2025-04-17T01:57:00,0,61.6,16,0.69766
2025-04-17T02:00:00,0,61.2,16,0.70493
2025-04-17T02:03:00,0,62.1,16,0.68857
2025-04-17T02:06:00,0,63.4,16,0.66496
2025-04-17T02:09:00,0,63.6,16,0.66132
2025-04-17T02:12:00,0,63.3,16,0.66677
2025-04-17T02:15:00,0,63.1,16,0.67041
2025-04-17T02:18:00,0,63.2,16,0.66859
2025-04-17T02:21:00,0,63.4,16,0.66496
2025-04-17T02:24:00,0,63.4,16,0.66496
2025-04-17T02:27:00,0,63.4,16,0.66496
2025-04-17T02:30:00,0,63.4,16,0.66496
2025-04-17T02:33:00,0,63.5,16,0.66314
2025-04-17T02:36:00,0,63.7,16,0.65951
2025-04-17T02:39:00,0,63.9,16,0.65587
2025-04-17T02:42:00,0,63.5,16,0.66314
2025-04-17T02:45:00,0,62.2,16,0.68676
2025-04-17T02:48:00,0,61.2,16,0.70493
2025-04-17T02:51:00,0,61.2,16,0.70493
2025-04-17T02:54:00,0,61.1,16,0.70674
2025-04-17T02:57:00,0,61.2,16,0.70493
2025-04-17T03:00:00,0,61.2,16,0.70493
2025-04-17T03:03:00,0,61.2,16,0.70493
2025-04-17T03:06:00,0,61.2,16,0.70493
2025-04-17T03:09:00,0,61.2,16,0.70493
2025-04-17T03:12:00,0,60.9,16,0.71038
2025-04-17T03:15:00,0,60.6,16,0.71583
2025-04-17T03:18:00,0,59.6,16,0.734
2025-04-17T03:21:00,0,58.8,16,0.74853
2025-04-17T03:24:00,0,58.9,16,0.74671
2025-04-17T03:27:00,0,58.8,16,0.74853
2025-04-17T03:30:00,0,58.9,16,0.74671
2025-04-17T03:33:00,0,58.7,16,0.75035
2025-04-17T03:36:00,0,59,16,0.7449
2025-04-17T03:39:00,0,58.9,16,0.74671
2025-04-17T03:42:00,0,59.4,16,0.73763
2025-04-17T03:45:00,0,58.5,16,0.75398
2025-04-17T03:48:00,0,58,16,0.76306
2025-04-17T03:51:00,0,57.3,16,0.77578
2025-04-17T03:54:00,0,57.2,16,0.7776
2025-04-17T03:57:00,0,57.2,16,0.7776
2025-04-17T04:00:00,0,57.2,16,0.7776
2025-04-17T04:03:00,347,57,16,0.78123
2025-04-17T04:06:00,346,56.3,16,0.79395
2025-04-17T04:09:00,344,55.9,16,0.80122
2025-04-17T04:12:00,342,55.6,16,0.80667
2025-04-17T04:15:00,339,55.4,16,0.8103
2025-04-17T04:18:00,339,55.1,16,0.81575
2025-04-17T04:21:00,337,54.9,16,0.81939
2025-04-17T04:24:00,335,54.8,17,0.87515
2025-04-17T04:27:00,336,54.2,17,0.88676
2025-04-17T04:30:00,334,53.8,17,0.89451
2025-04-17T04:33:00,334,53.8,17,0.89451
2025-04-17T04:36:00,335,53.2,17,0.90612
2025-04-17T04:39:00,332,53.1,17,0.90806
2025-04-17T04:42:00,334,52.8,17,0.91387
2025-04-17T04:45:00,333,52.8,17,0.91387
2025-04-17T04:48:00,332,52.5,17,0.91968
2025-04-17T04:51:00,333,52.7,17,0.91581
2025-04-17T04:54:00,334,52.2,17,0.92549
2025-04-17T04:57:00,331,52.2,17,0.92549
2025-04-17T05:00:00,334,52.2,17,0.92549
2025-04-17T05:03:00,333,52.3,17,0.92355
2025-04-17T05:06:00,331,52,17,0.92936
2025-04-17T05:09:00,332,52,17,0.92936
2025-04-17T05:12:00,332,51.7,17,0.93517
2025-04-17T05:15:00,332,51.7,17,0.93517
2025-04-17T05:18:00,332,51.9,17,0.93129
2025-04-17T05:21:00,333,52,17,0.92936
2025-04-17T05:24:00,331,51.8,17,0.93323
2025-04-17T05:27:00,333,51.8,17,0.93323
2025-04-17T05:30:00,332,51.8,18,0.99404
2025-04-17T05:33:00,333,51.7,18,0.99611
2025-04-17T05:36:00,332,51.7,18,0.99611
2025-04-17T05:39:00,332,51.8,18,0.99404
2025-04-17T05:42:00,332,51.6,18,0.99817
2025-04-17T05:45:00,330,51.4,18,1.00229
2025-04-17T05:48:00,331,51.4,17,0.94098
2025-04-17T05:51:00,330,52,17,0.92936
2025-04-17T05:54:00,330,51.7,17,0.93517
2025-04-17T05:57:00,331,52.1,17,0.92742
2025-04-17T06:00:00,331,52.6,17,0.91774
2025-04-17T06:03:00,331,52.2,17,0.92549
2025-04-17T06:06:00,331,52,17,0.92936
2025-04-17T06:09:00,333,51.7,18,0.99611
2025-04-17T06:12:00,334,51.5,18,1.00023
2025-04-17T06:15:00,334,51.4,18,1.00229
2025-04-17T06:18:00,334,51.3,18,1.00436
2025-04-17T06:21:00,334,51.1,18,1.00848
2025-04-17T06:24:00,334,51,18,1.01054
2025-04-17T06:27:00,334,51,18,1.01054
2025-04-17T06:30:00,334,50.9,18,1.01261
2025-04-17T06:33:00,335,51,18,1.01054
2025-04-17T06:36:00,334,50.9,18,1.01261
2025-04-17T06:39:00,336,51.1,18,1.00848
2025-04-17T06:42:00,337,51,18,1.01054
2025-04-17T06:45:00,336,51.2,18,1.00642
2025-04-17T06:48:00,336,51,18,1.01054
2025-04-17T06:51:00,339,51.2,18,1.00642
2025-04-17T06:54:00,336,51.3,18,1.00436
2025-04-17T06:57:00,337,51.1,18,1.00848
2025-04-17T07:00:00,337,51.2,18,1.00642
2025-04-17T07:03:00,338,51.2,19,1.07148
2025-04-17T07:06:00,337,51.3,18,1.00436
2025-04-17T07:09:00,338,51.4,19,1.06709
2025-04-17T07:12:00,339,51.2,19,1.07148
2025-04-17T07:15:00,342,51.3,19,1.06929
2025-04-17T07:18:00,342,51.2,19,1.07148
2025-04-17T07:21:00,339,51.1,19,1.07368
2025-04-17T07:24:00,338,51.1,19,1.07368
2025-04-17T07:27:00,339,51,19,1.07587
2025-04-17T07:30:00,339,51.1,19,1.07368
2025-04-17T07:33:00,340,51.1,18,1.00848
2025-04-17T07:36:00,339,50.9,18,1.01261
2025-04-17T07:39:00,340,51,18,1.01054
2025-04-17T07:42:00,342,50.7,18,1.01673
2025-04-17T07:45:00,342,51,18,1.01054
2025-04-17T07:48:00,342,50.2,19,1.09344
2025-04-17T07:51:00,345,49.5,19,1.10881
2025-04-17T07:54:00,348,48.9,19,1.12198
2025-04-17T07:57:00,347,48.6,19,1.12857
2025-04-17T08:00:00,345,48.7,19,1.12637
2025-04-17T08:03:00,344,48.4,19,1.13296
2025-04-17T08:06:00,341,48.5,19,1.13076
2025-04-17T08:09:00,342,48.5,19,1.13076
2025-04-17T08:12:00,342,48.4,19,1.13296
2025-04-17T08:15:00,344,48.8,19,1.12418
2025-04-17T08:18:00,345,48.7,19,1.12637
2025-04-17T08:21:00,344,49.1,19,1.11759
2025-04-17T08:24:00,348,49.2,19,1.11539
2025-04-17T08:27:00,352,49.4,19,1.111
2025-04-17T08:30:00,356,49.5,19,1.10881
2025-04-17T08:33:00,361,49.7,19,1.10442
2025-04-17T08:36:00,367,49.6,19,1.10661
2025-04-17T08:39:00,367,49.9,19,1.10002
2025-04-17T08:42:00,368,49.9,19,1.10002
2025-04-17T08:45:00,372,49.9,19,1.10002
2025-04-17T08:48:00,367,49.9,19,1.10002
2025-04-17T08:51:00,367,50.4,19,1.08905
2025-04-17T08:54:00,372,50.4,19,1.08905
2025-04-17T08:57:00,372,50.7,19,1.08246
2025-04-17T09:00:00,379,50.9,19,1.07807
2025-04-17T09:03:00,381,51,20,1.14487
2025-04-17T09:06:00,386,50.9,20,1.14721
2025-04-17T09:09:00,381,51,20,1.14487
2025-04-17T09:12:00,380,51.3,20,1.13787
2025-04-17T09:15:00,384,51.6,20,1.13086
2025-04-17T09:18:00,384,51.5,20,1.13319
2025-04-17T09:21:00,390,51.5,20,1.13319
2025-04-17T09:24:00,386,51.8,21,1.19784
2025-04-17T09:27:00,390,51.7,21,1.20033
2025-04-17T09:30:00,391,51.8,21,1.19784
2025-04-17T09:33:00,412,51.5,21,1.2053
2025-04-17T09:36:00,408,51,21,1.21773
2025-04-17T09:39:00,403,50.9,21,1.22021
2025-04-17T09:42:00,386,51,21,1.21773
2025-04-17T09:45:00,372,50.9,21,1.22021
2025-04-17T09:48:00,383,50.9,21,1.22021
2025-04-17T09:51:00,374,50.6,22,1.30517
2025-04-17T09:54:00,413,50.1,22,1.31838
2025-04-17T09:57:00,398,49.8,22,1.32631
2025-04-17T10:00:00,410,49.8,22,1.32631
2025-04-17T10:03:00,438,47.7,22,1.38179
2025-04-17T10:06:00,416,45.8,22,1.43199
2025-04-17T10:09:00,415,44.3,22,1.47162
2025-04-17T10:12:00,403,43.6,22,1.49012
2025-04-17T10:15:00,425,42.8,22,1.51125
2025-04-17T10:18:00,469,42.3,22,1.52446
2025-04-17T10:21:00,574,42.2,22,1.5271
2025-04-17T10:24:00,454,41.6,23,1.63961
2025-04-17T10:27:00,432,41.6,23,1.63961
2025-04-17T10:30:00,482,41.6,23,1.63961
2025-04-17T10:33:00,463,40.7,23,1.66487
2025-04-17T10:36:00,480,40.5,23,1.67049
2025-04-17T10:39:00,482,39.5,23,1.69856
2025-04-17T10:42:00,479,39.2,23,1.70699
2025-04-17T10:45:00,486,38.9,23,1.71541
2025-04-17T10:48:00,511,39.4,23,1.70137
2025-04-17T10:51:00,602,36.5,23,1.78279
2025-04-17T10:54:00,591,36.2,23,1.79121
2025-04-17T10:57:00,472,35.5,22,1.70412
2025-04-17T11:00:00,407,35.8,22,1.69619
2025-04-17T11:03:00,443,35.3,22,1.7094
2025-04-17T11:06:00,476,35.4,22,1.70676
2025-04-17T11:09:00,432,35.4,22,1.70676
2025-04-17T11:12:00,457,35.7,22,1.69884
2025-04-17T11:15:00,564,33.1,22,1.76753
2025-04-17T11:18:00,525,33.9,22,1.74639
2025-04-17T11:21:00,514,32.6,22,1.78074
2025-04-17T11:24:00,510,32.4,22,1.78602
2025-04-17T11:27:00,1366,32.3,23,1.90071
2025-04-17T11:30:00,1397,32.2,22,1.79131
2025-04-17T11:33:00,427,30.4,23,1.95405
2025-04-17T11:36:00,413,30.4,22,1.83887
2025-04-17T11:39:00,401,30.9,22,1.82566
2025-04-17T11:42:00,405,31,22,1.82301
2025-04-17T11:45:00,454,31.4,22,1.81244
2025-04-17T11:48:00,441,32.2,22,1.79131
2025-04-17T11:51:00,506,32.5,22,1.78338
2025-04-17T11:54:00,539,32.5,22,1.78338
2025-04-17T11:57:00,722,31.7,22,1.80452
2025-04-17T12:00:00,533,31,22,1.82301
2025-04-17T12:03:00,438,31.7,21,1.69736
2025-04-17T12:06:00,380,31.6,22,1.80716
2025-04-17T12:09:00,391,31.2,22,1.81773
2025-04-17T12:12:00,402,31.5,22,1.8098
2025-04-17T12:15:00,460,31.8,22,1.80188
2025-04-17T12:18:00,438,32.4,22,1.78602
2025-04-17T12:21:00,451,32.4,22,1.78602
2025-04-17T12:24:00,484,31.9,22,1.79923
2025-04-17T12:27:00,476,31.5,22,1.8098
2025-04-17T12:30:00,479,31.7,22,1.80452
2025-04-17T12:33:00,491,32,22,1.79659
2025-04-17T12:36:00,490,32.5,22,1.78338
2025-04-17T12:39:00,463,31.8,22,1.80188
2025-04-17T12:42:00,419,31.5,22,1.8098
2025-04-17T12:45:00,423,31.3,22,1.81509
2025-04-17T12:48:00,459,31,22,1.82301
2025-04-17T12:51:00,487,31,21,1.71476
2025-04-17T12:54:00,506,31.7,22,1.80452
2025-04-17T12:57:00,547,31.1,22,1.82037
2025-04-17T13:00:00,547,31.5,22,1.8098
2025-04-17T13:03:00,520,32.5,21,1.67748
2025-04-17T13:06:00,495,31.7,22,1.80452
2025-04-17T13:09:00,481,34.3,22,1.73583
2025-04-17T13:12:00,501,35.5,22,1.70412
2025-04-17T13:15:00,528,33.3,22,1.76225
2025-04-17T13:18:00,531,33,22,1.77017
2025-04-17T13:21:00,516,31.6,21,1.69984
2025-04-17T13:24:00,517,32.4,21,1.67996
2025-04-17T13:27:00,491,31.3,21,1.7073
2025-04-17T13:30:00,472,30.9,22,1.82566
2025-04-17T13:33:00,512,32.2,21,1.68493
2025-04-17T13:36:00,539,29.9,21,1.74209
2025-04-17T13:39:00,547.5,29.7,21,1.74706
2025-04-17T13:42:00,556,29.5,21,1.75203
2025-04-17T13:45:00,434,29.1,21,1.76197
2025-04-17T13:48:00,418,28.9,22,1.8785
2025-04-17T13:51:00,432,29.1,21,1.76197
2025-04-17T13:54:00,459,29.5,21,1.75203
2025-04-17T13:57:00,482,29.5,22,1.86264
2025-04-17T14:00:00,523,29.5,21,1.75203
2025-04-17T14:03:00,550,28.1,21,1.78683
2025-04-17T14:06:00,878,29,21,1.76446
2025-04-17T14:09:00,785,27.9,23,2.02424
2025-04-17T14:12:00,714,26.9,22,1.93134
2025-04-17T14:15:00,532,27.6,22,1.91284
2025-04-17T14:18:00,1189,25.4,23,2.09443
2025-04-17T14:21:00,1662,23.9,24,2.26933
2025-04-17T14:24:00,550,23,23,2.16181
2025-04-17T14:27:00,686,22.7,23,2.17023
2025-04-17T14:30:00,401,24.1,23,2.13093
2025-04-17T14:33:00,380,26.4,23,2.06635
2025-04-17T14:36:00,389,28,23,2.02143
2025-04-17T14:39:00,400,27.1,23,2.0467
2025-04-17T14:42:00,412,27.3,22,1.92077
2025-04-17T14:45:00,428,27.9,21,1.7918
2025-04-17T14:48:00,441,28.4,21,1.77937
2025-04-17T14:51:00,458,28.7,21,1.77191
2025-04-17T14:54:00,479,28.9,20,1.66124
2025-04-17T14:57:00,471,28.1,21,1.78683
2025-04-17T15:00:00,429,27.5,22,1.91548
2025-04-17T15:03:00,399,30.9,21,1.71724
2025-04-17T15:06:00,389,30.1,21,1.73712
2025-04-17T15:09:00,388,30,21,1.73961
2025-04-17T15:12:00,389,29.6,22,1.86
2025-04-17T15:15:00,386,29.9,21,1.74209
2025-04-17T15:18:00,391,29.9,21,1.74209
2025-04-17T15:21:00,398,29.2,22,1.87057
2025-04-17T15:24:00,405,29.3,22,1.86793
2025-04-17T15:27:00,411,29.4,22,1.86529
2025-04-17T15:30:00,413,29.3,22,1.86793
2025-04-17T15:33:00,394,29.8,22,1.85472
2025-04-17T15:36:00,392,29.7,22,1.85736
2025-04-17T15:39:00,409,29.8,22,1.85472
2025-04-17T15:42:00,415,29.6,22,1.86
2025-04-17T15:45:00,432,29.5,22,1.86264
2025-04-17T15:48:00,441,29.7,22,1.85736
2025-04-17T15:51:00,453,29.6,22,1.86
2025-04-17T15:54:00,446,29.5,22,1.86264
2025-04-17T15:57:00,425,29.3,22,1.86793
2025-04-17T16:00:00,405,29,21,1.76446
2025-04-17T16:03:00,379,29.2,21,1.75949
2025-04-17T16:06:00,371,29.3,22,1.86793
2025-04-17T16:09:00,374,29.3,22,1.86793
2025-04-17T16:12:00,365,29.4,22,1.86529
2025-04-17T16:15:00,375,29.8,22,1.85472
2025-04-17T16:18:00,378,30,22,1.84943
2025-04-17T16:21:00,380,30.1,22,1.84679
2025-04-17T16:24:00,374,30.3,22,1.84151
2025-04-17T16:27:00,361,29.8,21,1.74458
2025-04-17T16:30:00,362,30.4,21,1.72967
2025-04-17T16:33:00,360,30.2,21,1.73464
2025-04-17T16:36:00,367,30.5,21,1.72718
2025-04-17T16:39:00,372,30.7,21,1.72221
2025-04-17T16:42:00,377,30.9,21,1.71724
2025-04-17T16:45:00,371,32.4,21,1.67996
2025-04-17T16:48:00,376,33.4,21,1.65511
2025-04-17T16:51:00,378,34.7,21,1.62281
2025-04-17T16:54:00,382,35.5,21,1.60292
2025-04-17T16:57:00,385,36,21,1.5905
2025-04-17T17:00:00,391,36.9,21,1.56813
2025-04-17T17:03:00,402,37.5,21,1.55322
2025-04-17T17:06:00,405,38.5,21,1.52837
2025-04-17T17:09:00,417,38.9,21,1.51843
2025-04-17T17:12:00,439,39.6,21,1.50103
2025-04-17T17:15:00,448,38.6,21,1.52588
2025-04-17T17:18:00,445,37.3,22,1.65656
2025-04-17T17:21:00,432,37.3,22,1.65656
2025-04-17T17:24:00,416,36.6,22,1.67506
2025-04-17T17:27:00,417,35.8,22,1.69619
2025-04-17T17:30:00,413,35.4,22,1.70676
2025-04-17T17:33:00,421,34.4,22,1.73318
2025-04-17T17:36:00,397,33.7,22,1.75168
2025-04-17T17:39:00,402,33.9,22,1.74639
2025-04-17T17:42:00,404,33.6,22,1.75432
2025-04-17T17:45:00,399,33.5,22,1.75696
2025-04-17T17:48:00,393,33.7,22,1.75168
2025-04-17T17:51:00,385,34.4,22,1.73318
2025-04-17T17:54:00,388,34.4,22,1.73318
2025-04-17T17:57:00,391,33.2,22,1.76489
2025-04-17T18:00:00,383,34,22,1.74375
2025-04-17T18:03:00,380,34.7,22,1.72526
2025-04-17T18:06:00,372,35.6,22,1.70148
2025-04-17T18:09:00,364,36.3,22,1.68298
2025-04-17T18:12:00,359,37.1,22,1.66185
2025-04-17T18:15:00,353,38.3,22,1.63014
2025-04-17T18:18:00,356,39.1,22,1.60901
2025-04-17T18:21:00,359,40,22,1.58523
2025-04-17T18:24:00,361,40.9,22,1.56145
2025-04-17T18:27:00,361,41.3,21,1.45879
2025-04-17T18:30:00,366,42.1,21,1.4389
2025-04-17T18:33:00,370,42.9,21,1.41902
2025-04-17T18:36:00,369,43.4,21,1.4066
2025-04-17T18:39:00,369,44.1,21,1.3892
2025-04-17T18:42:00,365,44.7,21,1.37429
2025-04-17T18:45:00,359,44.9,21,1.36932
2025-04-17T18:48:00,358,45.1,21,1.36435
2025-04-17T18:51:00,356,45.5,21,1.35441
2025-04-17T18:54:00,352,45.8,21,1.34695
2025-04-17T18:57:00,347,46,21,1.34198
2025-04-17T19:00:00,345,46.4,21,1.33204
2025-04-17T19:03:00,345,46.7,21,1.32459
2025-04-17T19:06:00,345,46.9,21,1.31962
2025-04-17T19:09:00,343,46.8,21,1.3221
2025-04-17T19:12:00,344,46.8,21,1.3221
2025-04-17T19:15:00,341,47,21,1.31713
2025-04-17T19:18:00,341,47.7,20,1.22198
2025-04-17T19:21:00,340,47.6,20,1.22432
2025-04-17T19:24:00,339,48.1,20,1.21263
2025-04-17T19:27:00,339,48,20,1.21497
2025-04-17T19:30:00,338,48,20,1.21497
2025-04-17T19:33:00,339,48.1,20,1.21263
2025-04-17T19:36:00,339,48.1,20,1.21263
2025-04-17T19:39:00,340,48.1,20,1.21263
2025-04-17T19:42:00,340,48.5,20,1.20329
2025-04-17T19:45:00,339,48.2,20,1.2103
2025-04-17T19:48:00,339,48.5,20,1.20329
2025-04-17T19:51:00,338,48.2,20,1.2103
2025-04-17T19:54:00,338,48.3,20,1.20796
2025-04-17T19:57:00,336,48.3,20,1.20796
2025-04-17T20:00:00,336,47.9,20,1.21731
2025-04-17T20:03:00,0,48.1,20,1.21263
2025-04-17T20:06:00,0,48.5,19,1.13076
2025-04-17T20:09:00,0,49.1,19,1.11759
2025-04-17T20:12:00,0,49.4,19,1.111
2025-04-17T20:15:00,0,49.6,19,1.10661
2025-04-17T20:18:00,0,50.1,18,1.0291
2025-04-17T20:21:00,0,49.9,18,1.03323
2025-04-17T20:24:00,0,50,18,1.03117
2025-04-17T20:27:00,0,50,18,1.03117
2025-04-17T20:30:00,0,50,18,1.03117
2025-04-17T20:33:00,0,50,18,1.03117
2025-04-17T20:36:00,0,50,18,1.03117
2025-04-17T20:39:00,0,50.1,18,1.0291
2025-04-17T20:42:00,0,50.1,18,1.0291
2025-04-17T20:45:00,0,50,17,0.96808
2025-04-17T20:48:00,0,50.3,17,0.96227
2025-04-17T20:51:00,0,50.6,17,0.95646
2025-04-17T20:54:00,0,50.3,17,0.96227
2025-04-17T20:57:00,0,50.3,17,0.96227
2025-04-17T21:00:00,0,50,17,0.96808
2025-04-17T21:03:00,0,50.1,17,0.96615
2025-04-17T21:06:00,0,50.3,17,0.96227
2025-04-17T21:09:00,0,50.1,17,0.96615
2025-04-17T21:12:00,0,51,17,0.94872
2025-04-17T21:15:00,0,50.6,17,0.95646
2025-04-17T21:18:00,0,49.6,18,1.03942
2025-04-17T21:21:00,0,48.9,18,1.05385
2025-04-17T21:24:00,0,48.6,18,1.06004
2025-04-17T21:27:00,0,48.5,17,0.99712
2025-04-17T21:30:00,0,48.6,17,0.99519
2025-04-17T21:33:00,0,49,17,0.98744
2025-04-17T21:36:00,0,49,17,0.98744
2025-04-17T21:39:00,0,49,17,0.98744
2025-04-17T21:42:00,0,48.8,17,0.99132
2025-04-17T21:45:00,0,48.8,17,0.99132
2025-04-17T21:48:00,0,48.8,17,0.99132
2025-04-17T21:51:00,0,48.8,17,0.99132
2025-04-17T21:54:00,0,48.9,17,0.98938
2025-04-17T21:57:00,0,49,16,0.92658
2025-04-17T22:00:00,0,48.9,16,0.92839
2025-04-17T22:03:00,0,49.4,16,0.91931
2025-04-17T22:06:00,0,49.5,16,0.91749
2025-04-17T22:09:00,0,49.4,16,0.91931
2025-04-17T22:12:00,0,49.3,16,0.92113
2025-04-17T22:15:00,0,49,16,0.92658
2025-04-17T22:18:00,0,49.2,16,0.92294
2025-04-17T22:21:00,0,49.1,16,0.92476
2025-04-17T22:24:00,0,49.4,16,0.91931
2025-04-17T22:27:00,0,49.6,16,0.91568
2025-04-17T22:30:00,0,50,16,0.90841
2025-04-17T22:33:00,0,48.9,17,0.98938
2025-04-17T22:36:00,0,48.7,17,0.99325
2025-04-17T22:39:00,0,48.1,17,1.00487
2025-04-17T22:42:00,0,48.1,17,1.00487
2025-04-17T22:45:00,0,47.9,17,1.00874
2025-04-17T22:48:00,0,47.9,17,1.00874
2025-04-17T22:51:00,0,48,16,0.94475
2025-04-17T22:54:00,0,48.1,16,0.94293
2025-04-17T22:57:00,0,48.3,16,0.9393
2025-04-17T23:00:00,0,48.3,16,0.9393
2025-04-17T23:03:00,0,48.8,16,0.93021
2025-04-17T23:06:00,0,52.4,16,0.86481
2025-04-17T23:09:00,0,55.8,16,0.80303
2025-04-17T23:12:00,0,57.9,16,0.76488
2025-04-17T23:15:00,0,58.9,16,0.74671
2025-04-17T23:18:00,0,57.9,16,0.76488
2025-04-17T23:21:00,0,58.2,17,0.80932
2025-04-17T23:24:00,0,58.5,17,0.80351
2025-04-17T23:27:00,0,58.8,16,0.74853
2025-04-17T23:30:00,0,59,16,0.7449
2025-04-17T23:33:00,0,59.3,16,0.73945
2025-04-17T23:36:00,0,59.4,16,0.73763
2025-04-17T23:39:00,0,59.5,16,0.73581
2025-04-17T23:42:00,0,59.5,16,0.73581
2025-04-17T23:45:00,0,58.4,16,0.7558
2025-04-17T23:48:00,0,58.1,16,0.76125
2025-04-17T23:51:00,0,57.4,16,0.77397
2025-04-17T23:54:00,0,57.2,16,0.7776
2025-04-17T23:57:00,0,57.1,16,0.77942
2025-04-18T00:00:00,0,57.4,16,0.77397
2025-04-18T00:03:00,0,57.6,16,0.77033
2025-04-18T00:06:00,0,57.4,16,0.77397
2025-04-18T00:09:00,0,57.1,16,0.77942
2025-04-18T00:12:00,0,57.4,16,0.77397
2025-04-18T00:15:00,0,57.2,16,0.7776
2025-04-18T00:18:00,0,56.4,16,0.79213
2025-04-18T00:21:00,0,55.9,16,0.80122
2025-04-18T00:24:00,0,56.1,16,0.79758
2025-04-18T00:27:00,0,56,16,0.7994
2025-04-18T00:30:00,0,56.3,16,0.79395
2025-04-18T00:33:00,0,58.1,16,0.76125
2025-04-18T00:36:00,0,60.2,16,0.72309
2025-04-18T00:39:00,0,61.2,16,0.70493
2025-04-18T00:42:00,0,62,16,0.69039
2025-04-18T00:45:00,0,62.5,16,0.68131
2025-04-18T00:48:00,0,63,16,0.67222
2025-04-18T00:51:00,0,63.3,16,0.66677
2025-04-18T00:54:00,0,62.3,16,0.68494
2025-04-18T00:57:00,0,62.2,16,0.68676
2025-04-18T01:00:00,0,62,16,0.69039
2025-04-18T01:03:00,0,61.7,16,0.69584
2025-04-18T01:06:00,0,62.1,16,0.68857
2025-04-18T01:09:00,0,62.3,16,0.68494
2025-04-18T01:12:00,0,62.2,16,0.68676
2025-04-18T01:15:00,0,62.3,16,0.68494
2025-04-18T01:18:00,0,62.4,16,0.68312
2025-04-18T01:21:00,0,62.6,16,0.67949
2025-04-18T01:24:00,0,62.1,16,0.68857
2025-04-18T01:27:00,0,61.5,16,0.69948
2025-04-18T01:30:00,0,60.6,16,0.71583
2025-04-18T01:33:00,0,60.3,16,0.72128
2025-04-18T01:36:00,0,60.2,16,0.72309
2025-04-18T01:39:00,0,60.2,16,0.72309
2025-04-18T01:42:00,0,60.3,16,0.72128
2025-04-18T01:45:00,0,59.9,16,0.72854
2025-04-18T01:48:00,0,60,16,0.72673
2025-04-18T01:51:00,0,60.1,16,0.72491
2025-04-18T01:54:00,0,60.3,16,0.72128
2025-04-18T01:57:00,0,59.6,16,0.734
2025-04-18T02:00:00,0,58.5,16,0.75398
2025-04-18T02:03:00,0,58.7,16,0.75035
2025-04-18T02:06:00,0,60.3,16,0.72128
2025-04-18T02:09:00,0,61.6,16,0.69766
2025-04-18T02:12:00,0,62.4,16,0.68312
2025-04-18T02:15:00,0,62.8,16,0.67586
2025-04-18T02:18:00,0,63,16,0.67222
2025-04-18T02:21:00,0,63.2,16,0.66859
2025-04-18T02:24:00,0,63.7,16,0.65951
2025-04-18T02:27:00,0,63.2,16,0.66859
2025-04-18T02:30:00,0,62.6,16,0.67949
2025-04-18T02:33:00,0,62.2,16,0.68676
2025-04-18T02:36:00,0,61.6,16,0.69766
2025-04-18T02:39:00,0,62.2,16,0.68676
2025-04-18T02:42:00,0,62.1,16,0.68857
2025-04-18T02:45:00,0,62.1,16,0.68857
2025-04-18T02:48:00,0,61.9,16,0.69221
2025-04-18T02:51:00,0,61.9,16,0.69221
2025-04-18T02:54:00,0,61.9,16,0.69221
2025-04-18T02:57:00,0,61,16,0.70856
2025-04-18T03:00:00,0,60.4,16,0.71946
2025-04-18T03:03:00,0,60.1,16,0.72491
2025-04-18T03:06:00,0,60,16,0.72673
2025-04-18T03:09:00,0,60.1,16,0.72491
2025-04-18T03:12:00,0,60.5,16,0.71764
2025-04-18T03:15:00,0,60.3,16,0.72128
2025-04-18T03:18:00,0,60.2,16,0.72309
2025-04-18T03:21:00,0,59.8,16,0.73036
2025-04-18T03:24:00,0,59.5,16,0.73581
2025-04-18T03:27:00,0,58.6,16,0.75216
2025-04-18T03:30:00,0,58.4,16,0.7558
2025-04-18T03:33:00,0,58.2,16,0.75943
2025-04-18T03:36:00,0,58.4,16,0.7558
2025-04-18T03:39:00,0,58.6,16,0.75216
2025-04-18T03:42:00,0,59,16,0.7449
2025-04-18T03:45:00,0,58.6,16,0.75216
2025-04-18T03:48:00,0,58.6,16,0.75216
2025-04-18T03:51:00,0,57.6,16,0.77033
2025-04-18T03:54:00,0,57.2,16,0.7776
2025-04-18T03:57:00,0,57,16,0.78123
2025-04-18T04:00:00,0,56.7,16,0.78668
2025-04-18T04:03:00,350,56.8,16,0.78487
2025-04-18T04:06:00,347,56.1,16,0.79758
2025-04-18T04:09:00,344,56.1,16,0.79758
2025-04-18T04:12:00,342,55.8,16,0.80303
2025-04-18T04:15:00,339,55.3,16,0.81212
2025-04-18T04:18:00,339,55,17,0.87127
2025-04-18T04:21:00,337,54.3,17,0.88483
2025-04-18T04:24:00,336,54.3,17,0.88483
2025-04-18T04:27:00,336,54.1,17,0.8887
2025-04-18T04:30:00,335,53.9,17,0.89257
2025-04-18T04:33:00,334,53.6,17,0.89838
2025-04-18T04:36:00,334,53.5,17,0.90032
2025-04-18T04:39:00,334,53.5,17,0.90032
2025-04-18T04:42:00,333,53.6,17,0.89838
2025-04-18T04:45:00,333,53.5,17,0.90032
2025-04-18T04:48:00,333,53.2,17,0.90612
2025-04-18T04:51:00,332,52.7,17,0.91581
2025-04-18T04:54:00,333,52.3,17,0.92355
2025-04-18T04:57:00,332,52.2,17,0.92549
2025-04-18T05:00:00,332,52.1,17,0.92742
2025-04-18T05:03:00,333,51.8,17,0.93323
2025-04-18T05:06:00,332,51.7,17,0.93517
2025-04-18T05:09:00,331,51.6,17,0.9371
2025-04-18T05:12:00,331,51.5,17,0.93904
2025-04-18T05:15:00,331,51.3,17,0.94291
2025-04-18T05:18:00,331,51.5,17,0.93904
2025-04-18T05:21:00,331,51.3,17,0.94291
2025-04-18T05:24:00,332,51,17,0.94872
2025-04-18T05:27:00,333,50.5,17,0.9584
2025-04-18T05:30:00,331,50.6,17,0.95646
2025-04-18T05:33:00,331,50.5,17,0.9584
2025-04-18T05:36:00,332,50.2,17,0.96421
2025-04-18T05:39:00,332,50,17,0.96808
2025-04-18T05:42:00,331,49.9,17,0.97002
2025-04-18T05:45:00,332,49.9,17,0.97002
2025-04-18T05:48:00,332,49.9,17,0.97002
2025-04-18T05:51:00,332,49.9,17,0.97002
2025-04-18T05:54:00,331,49.7,17,0.97389
2025-04-18T05:57:00,332,49.5,17,0.97776
2025-04-18T06:00:00,332,49.2,17,0.98357
2025-04-18T06:03:00,332,49,17,0.98744
2025-04-18T06:06:00,333,48.8,17,0.99132
2025-04-18T06:09:00,333,48.9,17,0.98938
2025-04-18T06:12:00,333,48.7,17,0.99325
2025-04-18T06:15:00,334,48.7,17,0.99325
2025-04-18T06:18:00,334,48.5,17,0.99712
2025-04-18T06:21:00,334,48.6,17,0.99519
2025-04-18T06:24:00,334,48.8,17,0.99132
2025-04-18T06:27:00,335,48.9,17,0.98938
2025-04-18T06:30:00,336,48.5,17,0.99712
2025-04-18T06:33:00,337,48.3,17,1.001
2025-04-18T06:36:00,336,48.2,17,1.00293
2025-04-18T06:39:00,337,48,17,1.0068
2025-04-18T06:42:00,336,47.8,17,1.01068
2025-04-18T06:45:00,338,48.1,17,1.00487
2025-04-18T06:48:00,339,47.7,17,1.01261
2025-04-18T06:51:00,340,47.4,18,1.08479
2025-04-18T06:54:00,339,47.2,18,1.08891
2025-04-18T06:57:00,342,47.8,18,1.07654
2025-04-18T07:00:00,342,47,18,1.09304
2025-04-18T07:03:00,346,46.1,18,1.1116
2025-04-18T07:06:00,348,46,18,1.11366
2025-04-18T07:09:00,354,45.6,18,1.12191
2025-04-18T07:12:00,350,45.8,18,1.11778
2025-04-18T07:15:00,351,46,18,1.11366
2025-04-18T07:18:00,350,46,18,1.11366
2025-04-18T07:21:00,353,45.9,18,1.11572
2025-04-18T07:24:00,352,46.2,18,1.10954
2025-04-18T07:27:00,353,46.8,18,1.09716
2025-04-18T07:30:00,355,47.1,18,1.09097
2025-04-18T07:33:00,358,47.1,18,1.09097
2025-04-18T07:36:00,364,46.9,18,1.0951
2025-04-18T07:39:00,363,46.5,19,1.17468
2025-04-18T07:42:00,361,46,18,1.11366
2025-04-18T07:45:00,363,46.2,19,1.18126
2025-04-18T07:48:00,362,46.8,18,1.09716
2025-04-18T07:51:00,362,47.1,18,1.09097
2025-04-18T07:54:00,364,46.7,18,1.09922
2025-04-18T07:57:00,366,46.9,18,1.0951
2025-04-18T08:00:00,366,47.1,18,1.09097
2025-04-18T08:03:00,367,47.2,18,1.08891
2025-04-18T08:06:00,369,47.2,18,1.08891
2025-04-18T08:09:00,369,47.1,18,1.09097
2025-04-18T08:12:00,369,47.2,18,1.08891
2025-04-18T08:15:00,370,47.3,18,1.08685
2025-04-18T08:18:00,373,47.3,18,1.08685
2025-04-18T08:21:00,374,47.3,18,1.08685
2025-04-18T08:24:00,375,47.4,18,1.08479
2025-04-18T08:27:00,375,47.6,18,1.08066
2025-04-18T08:30:00,379,47.3,18,1.08685
2025-04-18T08:33:00,380,47.1,18,1.09097
2025-04-18T08:36:00,384,47.3,18,1.08685
2025-04-18T08:39:00,386,47,19,1.1637
2025-04-18T08:42:00,391,47.1,19,1.1615
2025-04-18T08:45:00,397,47.3,19,1.15711
2025-04-18T08:48:00,398,47.1,19,1.1615
2025-04-18T08:51:00,400,47.5,19,1.15272
2025-04-18T08:54:00,405,46.6,19,1.17248
2025-04-18T08:57:00,413,46.1,19,1.18346
2025-04-18T09:00:00,416,46.1,20,1.25936
2025-04-18T09:03:00,419,46.1,20,1.25936
2025-04-18T09:06:00,425,46.1,20,1.25936
2025-04-18T09:09:00,430,46.2,20,1.25703
2025-04-18T09:12:00,456,46.1,20,1.25936
2025-04-18T09:15:00,498,46.5,21,1.32956
2025-04-18T09:18:00,507,46.2,21,1.33701
2025-04-18T09:21:00,546,46,22,1.42671
2025-04-18T09:24:00,551,43.8,22,1.48483
2025-04-18T09:27:00,559,42,22,1.53239
2025-04-18T09:30:00,567,39.5,22,1.59844
2025-04-18T09:33:00,616,37.5,23,1.75472
2025-04-18T09:36:00,616,35.6,23,1.80806
2025-04-18T09:39:00,621,32.8,23,1.88667
2025-04-18T09:42:00,614,31.6,23,1.92036
2025-04-18T09:45:00,597,30.3,23,1.95686
2025-04-18T09:48:00,578,29.3,23,1.98493
2025-04-18T09:51:00,562,26.8,23,2.05512
2025-04-18T09:54:00,556,25.9,23,2.08039
2025-04-18T09:57:00,562,28.7,23,2.00178
2025-04-18T10:00:00,547,26.8,22,1.93398
2025-04-18T10:03:00,544,26.4,23,2.06635
2025-04-18T10:06:00,541,27.6,22,1.91284
2025-04-18T10:09:00,537,26.6,23,2.06074
2025-04-18T10:12:00,544,26.9,23,2.05232
2025-04-18T10:15:00,547,26.4,23,2.06635
2025-04-18T10:18:00,561,27.6,23,2.03266
2025-04-18T10:21:00,850,24.9,23,2.10847
2025-04-18T10:24:00,1229,28.9,23,1.99616
2025-04-18T10:27:00,1410,25.7,22,1.96304
2025-04-18T10:30:00,1353,28.5,24,2.13216
2025-04-18T10:33:00,1463,23.2,23,2.15619
2025-04-18T10:36:00,1391,24.8,22,1.98682
2025-04-18T10:39:00,1413,25,22,1.98154
2025-04-18T10:42:00,725,25.9,23,2.08039
2025-04-18T10:45:00,547,21.4,24,2.34388
2025-04-18T10:48:00,536,23.4,22,2.02381
2025-04-18T10:51:00,610,21.1,23,2.21515
2025-04-18T10:54:00,964,22.4,24,2.31406
2025-04-18T10:57:00,1536,21.9,19,1.71481
2025-04-18T11:00:00,1531,22.5,22,2.04759
2025-04-18T11:03:00,1546,21.6,20,1.8318
2025-04-18T11:06:00,1553,21.6,22,2.07137
2025-04-18T11:09:00,1567,21,19,1.73457
2025-04-18T11:12:00,1243,21.5,22,2.07401
2025-04-18T11:15:00,1567,20.2,20,1.86451
2025-04-18T11:18:00,1333,21.2,22,2.08193
2025-04-18T11:21:00,1575,21.8,18,1.61274
2025-04-18T11:24:00,1563,22,22,2.0608
2025-04-18T11:27:00,1530,20.4,19,1.74774
2025-04-18T11:30:00,1493,21.5,22,2.07401
2025-04-18T11:33:00,1438,18.5,20,1.90423
2025-04-18T11:36:00,1360,20.8,21,1.96824
2025-04-18T11:39:00,542,19.8,19,1.76092
2025-04-18T11:42:00,787,20.4,22,2.10307
2025-04-18T11:45:00,1005,18.8,19,1.78287
2025-04-18T11:48:00,873,20.7,21,1.97073
2025-04-18T11:51:00,772,18.9,19,1.78068
2025-04-18T11:54:00,691,20.8,21,1.96824
2025-04-18T11:57:00,592,18.8,18,1.67461
2025-04-18T12:00:00,578,20.7,21,1.97073
2025-04-18T12:03:00,551,20.9,18,1.63131
2025-04-18T12:06:00,528,20.6,22,2.09779
2025-04-18T12:09:00,517,19.8,18,1.65399
2025-04-18T12:12:00,511,20.5,22,2.10043
2025-04-18T12:15:00,531,18,19,1.80044
2025-04-18T12:18:00,532,20.2,21,1.98315
2025-04-18T12:21:00,553,18.1,19,1.79824
2025-04-18T12:24:00,523,20.2,21,1.98315
2025-04-18T12:27:00,510,20.1,17,1.54699
2025-04-18T12:30:00,520,20.3,21,1.98067
2025-04-18T12:33:00,523,21,17,1.52957
2025-04-18T12:36:00,512,20.7,22,2.09514
2025-04-18T12:39:00,512,20,19,1.75653
2025-04-18T12:42:00,494,21.6,22,2.07137
2025-04-18T12:45:00,496,17.8,20,1.92059
2025-04-18T12:48:00,498,18.8,21,2.01794
2025-04-18T12:51:00,466,17.8,22,2.17176
2025-04-18T12:54:00,501,18.1,22,2.16384
2025-04-18T12:57:00,499,17.6,22,2.17705
2025-04-18T13:00:00,501,20.6,23,2.22919
2025-04-18T13:03:00,497,20.1,20,1.86685
2025-04-18T13:06:00,497,18.4,22,2.15591
2025-04-18T13:09:00,500,18.4,23,2.29096
2025-04-18T13:12:00,498,20.2,19,1.75213
2025-04-18T13:15:00,496,20.6,22,2.09779
2025-04-18T13:18:00,494,19.4,20,1.8832
2025-04-18T13:21:00,496,18.4,22,2.15591
2025-04-18T13:24:00,500,17.3,23,2.32184
2025-04-18T13:27:00,500,17.2,22,2.18762
2025-04-18T13:30:00,502,17.2,23,2.32465
2025-04-18T13:33:00,503,17.3,23,2.32184
2025-04-18T13:36:00,499,20,20,1.86918
2025-04-18T13:39:00,502,17,22,2.1929
2025-04-18T13:42:00,503,20,20,1.86918
2025-04-18T13:45:00,506,18.6,19,1.78727
2025-04-18T13:48:00,524,18.5,21,2.0254
2025-04-18T13:51:00,541,20.4,18,1.64162
2025-04-18T13:54:00,504,18,22,2.16648
2025-04-18T13:57:00,504,19.2,20,1.88788
2025-04-18T14:00:00,841,18.4,23,2.29096
2025-04-18T14:03:00,747,20.4,17,1.54119
2025-04-18T14:06:00,529,18.4,22,2.15591
2025-04-18T14:09:00,663,18.8,21,2.01794
2025-04-18T14:12:00,1190,17.1,23,2.32745
2025-04-18T14:15:00,1415,18.8,20,1.89722
2025-04-18T14:18:00,1446,19.2,23,2.2685
2025-04-18T14:21:00,1540,19,20,1.89255
2025-04-18T14:24:00,1484,17.9,24,2.44826
2025-04-18T14:27:00,1621,20,19,1.75653
2025-04-18T14:30:00,1640,17.9,19,1.80263
2025-04-18T14:33:00,1640,18,23,2.30219
2025-04-18T14:36:00,1643,19.7,20,1.87619
2025-04-18T14:39:00,543,16.7,21,2.07013
2025-04-18T14:42:00,520,20,20,1.86918
2025-04-18T14:45:00,556,17.9,22,2.16912
2025-04-18T14:48:00,521,16.8,24,2.48106
2025-04-18T14:51:00,833,18.2,22,2.1612
2025-04-18T14:54:00,1586,17.7,19,1.80703
2025-04-18T14:57:00,1613,17.6,23,2.31342
2025-04-18T15:00:00,1589,18.9,20,1.89488
2025-04-18T15:03:00,1078,17.5,23,2.31622
2025-04-18T15:06:00,1241,18.6,20,1.90189
2025-04-18T15:09:00,1442,17,24,2.47509
2025-04-18T15:12:00,1475,17.4,22,2.18233
2025-04-18T15:15:00,1536,16.6,24,2.48702
2025-04-18T15:18:00,1512,17.6,21,2.04777
2025-04-18T15:21:00,941,18.7,24,2.4244
2025-04-18T15:24:00,553,16.3,23,2.34992
2025-04-18T15:27:00,539,16.3,23,2.34992
2025-04-18T15:30:00,1452,17.4,23,2.31903
2025-04-18T15:33:00,1465,16.5,23,2.3443
2025-04-18T15:36:00,1463,16.6,24,2.48702
2025-04-18T15:39:00,1476,14.7,25,2.70055
2025-04-18T15:42:00,1457,15.6,25,2.67206
2025-04-18T15:45:00,1298,14.6,26,2.86917
2025-04-18T15:48:00,1006,14.6,26,2.86917
2025-04-18T15:51:00,726,13.8,27,3.07191
2025-04-18T15:54:00,546,14.5,26,2.87253
2025-04-18T15:57:00,520,17.8,22,2.17176
2025-04-18T16:00:00,507,15.4,22,2.23517
2025-04-18T16:03:00,499,18,22,2.16648
2025-04-18T16:06:00,490,15.9,22,2.22196
2025-04-18T16:09:00,487,18.3,21,2.03037
2025-04-18T16:12:00,482,17,23,2.33026
2025-04-18T16:15:00,485,16.4,23,2.34711
2025-04-18T16:18:00,481,16.9,23,2.33307
2025-04-18T16:21:00,475,16.9,22,2.19554
2025-04-18T16:24:00,470,17.7,22,2.17441
2025-04-18T16:27:00,470,17.2,22,2.18762
2025-04-18T16:30:00,460,17.6,22,2.17705
2025-04-18T16:33:00,465,18.3,23,2.29376
2025-04-18T16:36:00,456,17.9,20,1.91825
2025-04-18T16:39:00,459,18.3,22,2.15855
2025-04-18T16:42:00,451,17.3,21,2.05522
2025-04-18T16:45:00,456,17.5,21,2.05025
2025-04-18T16:48:00,447,17.3,22,2.18497
2025-04-18T16:51:00,445,18.2,22,2.1612
2025-04-18T16:54:00,443,16.8,22,2.19818
2025-04-18T16:57:00,435,17,22,2.1929
2025-04-18T17:00:00,449,17.2,22,2.18762
2025-04-18T17:03:00,442,17.9,23,2.30499
2025-04-18T17:06:00,430,17,23,2.33026
2025-04-18T17:09:00,426,16.5,23,2.3443
2025-04-18T17:12:00,425,16.6,22,2.20347
2025-04-18T17:15:00,419,17.6,22,2.17705
2025-04-18T17:18:00,418,17.2,22,2.18762
2025-04-18T17:21:00,418,17,22,2.1929
2025-04-18T17:24:00,414,17,22,2.1929
2025-04-18T17:27:00,411,17.1,22,2.19026
2025-04-18T17:30:00,410,18,23,2.30219
2025-04-18T17:33:00,405,16.7,22,2.20083
2025-04-18T17:36:00,404,16.7,22,2.20083
2025-04-18T17:39:00,402,17.1,23,2.32745
2025-04-18T17:42:00,397,17,22,2.1929
2025-04-18T17:45:00,397,18.1,22,2.16384
2025-04-18T17:48:00,397,17.6,22,2.17705
2025-04-18T17:51:00,402,18.5,22,2.15327
2025-04-18T17:54:00,400,18.4,23,2.29096
2025-04-18T17:57:00,403,18.2,23,2.29657
2025-04-18T18:00:00,418,18.2,23,2.29657
2025-04-18T18:03:00,455,17.5,22,2.17969
2025-04-18T18:06:00,432,17.8,21,2.0428
2025-04-18T18:09:00,471,18.2,21,2.03286
2025-04-18T18:12:00,511,18,21,2.03783
2025-04-18T18:15:00,427,18,21,2.03783
2025-04-18T18:18:00,433,18.5,21,2.0254
2025-04-18T18:21:00,397,18.3,22,2.15855
2025-04-18T18:24:00,390,18.6,21,2.02291
2025-04-18T18:27:00,390,18.6,21,2.02291
2025-04-18T18:30:00,421,18.7,22,2.14798
2025-04-18T18:33:00,399,19,22,2.14006
2025-04-18T18:36:00,376,18.9,22,2.1427
2025-04-18T18:39:00,371,19.2,21,2.008
2025-04-18T18:42:00,369,19.5,21,2.00055
2025-04-18T18:45:00,367,19.3,21,2.00552
2025-04-18T18:48:00,365,19.7,21,1.99558
2025-04-18T18:51:00,364,19.6,21,1.99806
2025-04-18T18:54:00,363,19.6,21,1.99806
2025-04-18T18:57:00,362,19.9,21,1.99061
2025-04-18T19:00:00,358,19.7,21,1.99558
2025-04-18T19:03:00,358,19.7,21,1.99558
2025-04-18T19:06:00,358,19.9,21,1.99061
2025-04-18T19:09:00,356,20,22,2.11364
2025-04-18T19:12:00,355,20.3,22,2.10571
2025-04-18T19:15:00,353,20.4,22,2.10307
2025-04-18T19:18:00,353,20.6,22,2.09779
2025-04-18T19:21:00,350,20.9,22,2.08986
2025-04-18T19:24:00,350,20.9,22,2.08986
2025-04-18T19:27:00,347,21.3,22,2.07929
2025-04-18T19:30:00,346,21.3,22,2.07929
2025-04-18T19:33:00,346,21.3,22,2.07929
2025-04-18T19:36:00,345,21.6,22,2.07137
2025-04-18T19:39:00,345,22.1,21,1.93593
2025-04-18T19:42:00,344,21.9,21,1.9409
2025-04-18T19:45:00,343,21.7,22,2.06872
2025-04-18T19:48:00,342,21.8,21,1.94339
2025-04-18T19:51:00,342,22.2,21,1.93345
2025-04-18T19:54:00,339,22.3,21,1.93096
2025-04-18T19:57:00,339,23.1,21,1.91108
2025-04-18T20:00:00,339,24.1,21,1.88623
2025-04-18T20:03:00,0,25,21,1.86387
2025-04-18T20:06:00,0,26,20,1.72899
2025-04-18T20:09:00,0,27.1,20,1.70329
2025-04-18T20:12:00,0,28.3,20,1.67526
2025-04-18T20:15:00,0,29.3,20,1.65189
2025-04-18T20:18:00,0,30.2,20,1.63086
2025-04-18T20:21:00,0,31.2,19,1.51061
2025-04-18T20:24:00,0,32.1,19,1.49085
2025-04-18T20:27:00,0,32.8,19,1.47548
2025-04-18T20:30:00,0,33.6,19,1.45792
2025-04-18T20:33:00,0,34.3,19,1.44255
2025-04-18T20:36:00,0,35.1,19,1.42498
2025-04-18T20:39:00,0,35.8,19,1.40961
2025-04-18T20:42:00,0,36.5,19,1.39424
2025-04-18T20:45:00,0,37.1,19,1.38107
2025-04-18T20:48:00,0,37.8,19,1.3657
2025-04-18T20:51:00,0,38.7,19,1.34594
2025-04-18T20:54:00,0,39.1,18,1.25596
2025-04-18T20:57:00,0,39.7,18,1.24359
2025-04-18T21:00:00,0,40.3,18,1.23121
2025-04-18T21:03:00,0,40.8,18,1.2209
2025-04-18T21:06:00,0,41.3,18,1.21059
2025-04-18T21:09:00,0,41.7,18,1.20234
2025-04-18T21:12:00,0,42,18,1.19615
2025-04-18T21:15:00,0,42.5,18,1.18584
2025-04-18T21:18:00,0,42.8,18,1.17965
2025-04-18T21:21:00,0,43.1,18,1.17347
2025-04-18T21:24:00,0,43.2,17,1.09974
2025-04-18T21:27:00,0,43.4,17,1.09587
2025-04-18T21:30:00,0,43.7,17,1.09006
2025-04-18T21:33:00,0,43.8,17,1.08812
2025-04-18T21:36:00,0,44.1,17,1.08232
2025-04-18T21:39:00,0,44.2,17,1.08038
2025-04-18T21:42:00,0,44.4,17,1.07651
2025-04-18T21:45:00,0,45,17,1.06489
2025-04-18T21:48:00,0,44.9,17,1.06683
2025-04-18T21:51:00,0,45,17,1.06489
2025-04-18T21:54:00,0,45,17,1.06489
2025-04-18T21:57:00,0,45.3,17,1.05908
2025-04-18T22:00:00,0,45.3,17,1.05908
2025-04-18T22:03:00,0,45.4,17,1.05715
2025-04-18T22:06:00,0,45.4,17,1.05715
2025-04-18T22:09:00,0,45.7,17,1.05134
2025-04-18T22:12:00,0,45.5,16,0.99017
2025-04-18T22:15:00,0,45.6,16,0.98835
2025-04-18T22:18:00,0,45.7,16,0.98653
2025-04-18T22:21:00,0,46.1,16,0.97927
2025-04-18T22:24:00,0,46.2,16,0.97745
2025-04-18T22:27:00,0,45.9,16,0.9829
2025-04-18T22:30:00,0,45.9,16,0.9829
2025-04-18T22:33:00,0,45.9,16,0.9829
2025-04-18T22:36:00,0,46,16,0.98108
2025-04-18T22:39:00,0,46.1,16,0.97927
2025-04-18T22:42:00,0,46,16,0.98108
2025-04-18T22:45:00,0,46.2,16,0.97745
2025-04-18T22:48:00,0,46.2,16,0.97745
2025-04-18T22:51:00,0,47,16,0.96291
2025-04-18T22:54:00,0,46.4,16,0.97382
2025-04-18T22:57:00,0,46.1,17,1.04359
2025-04-18T23:00:00,0,45.2,17,1.06102
2025-04-18T23:03:00,0,44.9,17,1.06683
2025-04-18T23:06:00,0,48.5,17,0.99712
2025-04-18T23:09:00,0,51.6,17,0.9371
2025-04-18T23:12:00,0,53.8,17,0.89451
2025-04-18T23:15:00,0,55.4,17,0.86353
2025-04-18T23:18:00,0,56.3,16,0.79395
2025-04-18T23:21:00,0,57,16,0.78123
2025-04-18T23:24:00,0,57.9,16,0.76488
2025-04-18T23:27:00,0,58.6,16,0.75216
2025-04-18T23:30:00,0,58.7,16,0.75035
2025-04-18T23:33:00,0,59.2,16,0.74126
2025-04-18T23:36:00,0,59.2,16,0.74126
2025-04-18T23:39:00,0,59.4,16,0.73763
2025-04-18T23:42:00,0,58.5,16,0.75398
2025-04-18T23:45:00,0,57.5,16,0.77215
2025-04-18T23:48:00,0,56.9,17,0.83449
2025-04-18T23:51:00,0,56.8,17,0.83642
2025-04-18T23:54:00,0,56.5,17,0.84223
2025-04-18T23:57:00,0,56.9,16,0.78305
2025-04-19T00:00:00,0,56.8,16,0.78487
2025-04-19T00:03:00,0,56.9,16,0.78305
2025-04-19T00:06:00,0,56.6,16,0.7885
2025-04-19T00:09:00,0,56.3,16,0.79395
2025-04-19T00:12:00,0,56.3,16,0.79395
2025-04-19T00:15:00,0,56.3,16,0.79395
2025-04-19T00:18:00,0,56,16,0.7994
2025-04-19T00:21:00,0,55.2,16,0.81394
2025-04-19T00:24:00,0,54.5,16,0.82665
2025-04-19T00:27:00,0,54,16,0.83574
2025-04-19T00:30:00,0,54.1,16,0.83392
2025-04-19T00:33:00,0,55.3,16,0.81212
2025-04-19T00:36:00,0,57.4,16,0.77397
2025-04-19T00:39:00,0,58.7,16,0.75035
2025-04-19T00:42:00,0,59.4,16,0.73763
2025-04-19T00:45:00,0,59.9,16,0.72854
2025-04-19T00:48:00,0,60.6,16,0.71583
2025-04-19T00:51:00,0,60.9,16,0.71038
2025-04-19T00:54:00,0,60.4,16,0.71946
2025-04-19T00:57:00,0,60,16,0.72673
2025-04-19T01:00:00,0,59.2,16,0.74126
2025-04-19T01:03:00,0,59.1,16,0.74308
2025-04-19T01:06:00,0,58.7,16,0.75035
2025-04-19T01:09:00,0,59,16,0.7449
2025-04-19T01:12:00,0,58.6,16,0.75216
2025-04-19T01:15:00,0,58.9,16,0.74671
2025-04-19T01:18:00,0,58.6,16,0.75216
2025-04-19T01:21:00,0,58.8,16,0.74853
2025-04-19T01:24:00,0,58.6,16,0.75216
2025-04-19T01:27:00,0,58.4,16,0.7558
2025-04-19T01:30:00,0,57.6,16,0.77033
2025-04-19T01:33:00,0,57.1,16,0.77942
2025-04-19T01:36:00,0,56.7,16,0.78668
2025-04-19T01:39:00,0,56.5,16,0.79032
2025-04-19T01:42:00,0,56.5,16,0.79032
2025-04-19T01:45:00,0,56.3,16,0.79395
2025-04-19T01:48:00,0,56.4,16,0.79213
2025-04-19T01:51:00,0,56.4,16,0.79213
2025-04-19T01:54:00,0,56.8,16,0.78487
2025-04-19T01:57:00,0,56.5,16,0.79032
2025-04-19T02:00:00,0,56,16,0.7994
2025-04-19T02:03:00,0,56.1,16,0.79758
2025-04-19T02:06:00,0,57.2,16,0.7776
2025-04-19T02:09:00,0,58.3,16,0.75761
2025-04-19T02:12:00,0,59.2,16,0.74126
2025-04-19T02:15:00,0,59.8,16,0.73036
2025-04-19T02:18:00,0,60.1,16,0.72491
2025-04-19T02:21:00,0,60.6,16,0.71583
2025-04-19T02:24:00,0,61.1,16,0.70674
2025-04-19T02:27:00,0,61.2,16,0.70493
2025-04-19T02:30:00,0,61.3,16,0.70311
2025-04-19T02:33:00,0,60.4,16,0.71946
2025-04-19T02:36:00,0,60,16,0.72673
2025-04-19T02:39:00,0,59.4,16,0.73763
2025-04-19T02:42:00,0,59.7,16,0.73218
2025-04-19T02:45:00,0,59.5,16,0.73581
2025-04-19T02:48:00,0,59.6,16,0.734
2025-04-19T02:51:00,0,59.7,16,0.73218
2025-04-19T02:54:00,0,59.9,16,0.72854
2025-04-19T02:57:00,0,59.9,16,0.72854
2025-04-19T03:00:00,0,59.9,16,0.72854
2025-04-19T03:03:00,0,59.3,16,0.73945
2025-04-19T03:06:00,0,58.3,16,0.75761
2025-04-19T03:09:00,0,58,16,0.76306
2025-04-19T03:12:00,0,58.1,16,0.76125
2025-04-19T03:15:00,0,58,16,0.76306
2025-04-19T03:18:00,0,58.1,16,0.76125
2025-04-19T03:21:00,0,58.3,16,0.75761
2025-04-19T03:24:00,0,58.1,16,0.76125
2025-04-19T03:27:00,0,58.6,16,0.75216
2025-04-19T03:30:00,0,58,16,0.76306
2025-04-19T03:33:00,0,57.2,16,0.7776
2025-04-19T03:36:00,0,56.5,16,0.79032
2025-04-19T03:39:00,0,56.5,16,0.79032
2025-04-19T03:42:00,0,56.4,16,0.79213
2025-04-19T03:45:00,0,56.1,16,0.79758
2025-04-19T03:48:00,0,56.4,16,0.79213
2025-04-19T03:51:00,0,56.5,16,0.79032
2025-04-19T03:54:00,0,56.4,15,0.74294
2025-04-19T03:57:00,0,56.8,16,0.78487
2025-04-19T04:00:00,0,55.9,16,0.80122
2025-04-19T04:03:00,349,54.9,16,0.81939
2025-04-19T04:06:00,347,53.8,16,0.83937
2025-04-19T04:09:00,345,53.7,17,0.89644
2025-04-19T04:12:00,342,53.3,17,0.90419
2025-04-19T04:15:00,339,53.2,17,0.90612
2025-04-19T04:18:00,339,53,17,0.91
2025-04-19T04:21:00,337,53,17,0.91
2025-04-19T04:24:00,336,52.8,17,0.91387
2025-04-19T04:27:00,335,52.8,17,0.91387
2025-04-19T04:30:00,334,52.6,17,0.91774
2025-04-19T04:33:00,335,52.3,17,0.92355
2025-04-19T04:36:00,333,52.4,17,0.92161
2025-04-19T04:39:00,332,52.2,17,0.92549
2025-04-19T04:42:00,332,52,17,0.92936
2025-04-19T04:45:00,332,51.8,17,0.93323
2025-04-19T04:48:00,332,51.6,17,0.9371
2025-04-19T04:51:00,333,51.5,17,0.93904
2025-04-19T04:54:00,333,51.4,17,0.94098
2025-04-19T04:57:00,332,51.2,17,0.94485
2025-04-19T05:00:00,332,51,17,0.94872
2025-04-19T05:03:00,332,51,17,0.94872
2025-04-19T05:06:00,331,51,17,0.94872
2025-04-19T05:09:00,332,50.8,17,0.95259
2025-04-19T05:12:00,332,51,17,0.94872
2025-04-19T05:15:00,332,50.9,17,0.95066
2025-04-19T05:18:00,331,50.7,17,0.95453
2025-04-19T05:21:00,333,50.5,17,0.9584
2025-04-19T05:24:00,331,50.2,17,0.96421
2025-04-19T05:27:00,331,50,17,0.96808
2025-04-19T05:30:00,331,49.9,18,1.03323
2025-04-19T05:33:00,334,50,18,1.03117
2025-04-19T05:36:00,332,49.9,18,1.03323
2025-04-19T05:39:00,333,49.9,18,1.03323
2025-04-19T05:42:00,332,49.7,18,1.03735
2025-04-19T05:45:00,332,49.6,18,1.03942
2025-04-19T05:48:00,331,49.4,18,1.04354
2025-04-19T05:51:00,333,49.7,17,0.97389
2025-04-19T05:54:00,332,49.7,18,1.03735
2025-04-19T05:57:00,333,49.8,18,1.03529
2025-04-19T06:00:00,333,49.9,18,1.03323
2025-04-19T06:03:00,334,49.6,18,1.03942
2025-04-19T06:06:00,334,49.5,18,1.04148
2025-04-19T06:09:00,334,49.6,18,1.03942
2025-04-19T06:12:00,335,49.4,18,1.04354
2025-04-19T06:15:00,334,49.3,18,1.0456
2025-04-19T06:18:00,336,49.1,18,1.04973
2025-04-19T06:21:00,337,49.1,18,1.04973
2025-04-19T06:24:00,336,49.3,18,1.0456
2025-04-19T06:27:00,338,49.4,18,1.04354
2025-04-19T06:30:00,337,49.1,18,1.04973
2025-04-19T06:33:00,339,49.1,18,1.04973
2025-04-19T06:36:00,339,49.1,18,1.04973
2025-04-19T06:39:00,341,49.4,18,1.04354
2025-04-19T06:42:00,341,49.3,18,1.0456
2025-04-19T06:45:00,343,49.4,18,1.04354
2025-04-19T06:48:00,346,49.4,18,1.04354
2025-04-19T06:51:00,347,49.6,18,1.03942
2025-04-19T06:54:00,356,49.8,18,1.03529
2025-04-19T06:57:00,356,49.9,18,1.03323
2025-04-19T07:00:00,356,50.2,18,1.02704
2025-04-19T07:03:00,356,50.5,18,1.02085
2025-04-19T07:06:00,356,50.7,18,1.01673
2025-04-19T07:09:00,358,50.8,18,1.01467
2025-04-19T07:12:00,357,51,18,1.01054
2025-04-19T07:15:00,354,51.1,18,1.00848
2025-04-19T07:18:00,355,51,18,1.01054
2025-04-19T07:21:00,355,51,18,1.01054
2025-04-19T07:24:00,357,51.3,18,1.00436
2025-04-19T07:27:00,359,51.2,18,1.00642
2025-04-19T07:30:00,362,51.3,18,1.00436
2025-04-19T07:33:00,369,51,18,1.01054
2025-04-19T07:36:00,372,51.2,18,1.00642
2025-04-19T07:39:00,375,51.5,18,1.00023
2025-04-19T07:42:00,375,51.4,19,1.06709
2025-04-19T07:45:00,380,51.4,19,1.06709
2025-04-19T07:48:00,379,51.5,19,1.06489
2025-04-19T07:51:00,383,51.6,19,1.0627
2025-04-19T07:54:00,391,51.4,19,1.06709
2025-04-19T07:57:00,391,51.4,19,1.06709
2025-04-19T08:00:00,390,51.5,19,1.06489
2025-04-19T08:03:00,396,51.2,19,1.07148
2025-04-19T08:06:00,402,51.3,19,1.06929
2025-04-19T08:09:00,408,51.1,19,1.07368
2025-04-19T08:12:00,413,51.3,20,1.13787
2025-04-19T08:15:00,418,51.2,20,1.1402
2025-04-19T08:18:00,420,51.3,20,1.13787
2025-04-19T08:21:00,428,51.2,20,1.1402
2025-04-19T08:24:00,431,51.1,20,1.14254
2025-04-19T08:27:00,435,51.1,20,1.14254
2025-04-19T08:30:00,436,50.8,21,1.2227
2025-04-19T08:33:00,435,50.8,21,1.2227
2025-04-19T08:36:00,434,51,21,1.21773
2025-04-19T08:39:00,441,50.8,21,1.2227
2025-04-19T08:42:00,447,50.9,21,1.22021
2025-04-19T08:45:00,443,50.8,22,1.29989
2025-04-19T08:48:00,446,50.7,22,1.30253
2025-04-19T08:51:00,447,50.7,22,1.30253
2025-04-19T08:54:00,454,48.4,22,1.3633
2025-04-19T08:57:00,457,46.9,22,1.40293
2025-04-19T09:00:00,465,44.6,22,1.46369
2025-04-19T09:03:00,473,43.6,22,1.49012
2025-04-19T09:06:00,484,42.6,22,1.51654
2025-04-19T09:09:00,486,42.4,22,1.52182
2025-04-19T09:12:00,496,40.9,22,1.56145
2025-04-19T09:15:00,498,39.1,22,1.60901
2025-04-19T09:18:00,505,38.2,22,1.63279
2025-04-19T09:21:00,514,37.2,22,1.65921
2025-04-19T09:24:00,515,36,22,1.69091
2025-04-19T09:27:00,519,34.5,22,1.73054
2025-04-19T09:30:00,522,33.3,22,1.76225
2025-04-19T09:33:00,529,31.5,22,1.8098
2025-04-19T09:36:00,557,31,23,1.93721
2025-04-19T09:39:00,561,29.9,23,1.96809
2025-04-19T09:42:00,580,28.6,23,2.00459
2025-04-19T09:45:00,575,28.1,23,2.01862
2025-04-19T09:48:00,566,28.5,22,1.88906
2025-04-19T09:51:00,554,28.7,22,1.88378
2025-04-19T09:54:00,536,26.2,23,2.07197
2025-04-19T09:57:00,547,25.7,23,2.08601
2025-04-19T10:00:00,550,26.4,22,1.94455
2025-04-19T10:03:00,559,25.9,22,1.95776
2025-04-19T10:06:00,542,23.5,23,2.14777
2025-04-19T10:09:00,547,24.1,22,2.00531
2025-04-19T10:12:00,556,25.5,22,1.96833
2025-04-19T10:15:00,561,22.6,22,2.04495
2025-04-19T10:18:00,553,22.9,22,2.03702
2025-04-19T10:21:00,586,22.3,23,2.18146
2025-04-19T10:24:00,761,20.5,23,2.232
2025-04-19T10:27:00,743,20.7,23,2.22638
2025-04-19T10:30:00,882,20.3,23,2.23761
2025-04-19T10:33:00,739,21.9,23,2.19269
2025-04-19T10:36:00,769,19.9,20,1.87152
2025-04-19T10:39:00,773,22.4,22,2.05023
2025-04-19T10:42:00,559,21.1,21,1.96079
2025-04-19T10:45:00,555,20.9,22,2.08986
2025-04-19T10:48:00,588,20.6,23,2.22919
2025-04-19T10:51:00,557,20.4,23,2.23481
2025-04-19T10:54:00,655,20.3,23,2.23761
2025-04-19T10:57:00,850,20.1,22,2.111
2025-04-19T11:00:00,961,20.8,21,1.96824
2025-04-19T11:03:00,1018,21.4,21,1.95333
2025-04-19T11:06:00,1042,21.2,22,2.08193
2025-04-19T11:09:00,928,20.1,23,2.24323
2025-04-19T11:12:00,684,20.2,23,2.24042
2025-04-19T11:15:00,763,20,23,2.24604
2025-04-19T11:18:00,901,21.4,22,2.07665
2025-04-19T11:21:00,994,20.5,22,2.10043
2025-04-19T11:24:00,1053,21,22,2.08722
2025-04-19T11:27:00,987,21.1,21,1.96079
2025-04-19T11:30:00,945,21.5,21,1.95085
2025-04-19T11:33:00,802,22.6,19,1.69944
2025-04-19T11:36:00,680,22.5,20,1.81077
2025-04-19T11:39:00,564,22.9,19,1.69285
2025-04-19T11:42:00,748,22.8,20,1.80376
2025-04-19T11:45:00,750,21.7,21,1.94588
2025-04-19T11:48:00,696,23.6,20,1.78507
2025-04-19T11:51:00,608,22,19,1.71261
2025-04-19T11:54:00,581,22.8,20,1.80376
2025-04-19T11:57:00,567,23,20,1.79909
2025-04-19T12:00:00,538,22,20,1.82245
2025-04-19T12:03:00,526,21.8,21,1.94339
2025-04-19T12:06:00,522,21,21,1.96327
2025-04-19T12:09:00,523,21.2,21,1.9583
2025-04-19T12:12:00,523,21.2,21,1.9583
2025-04-19T12:15:00,532,22.4,20,1.81311
2025-04-19T12:18:00,541,21.7,21,1.94588
2025-04-19T12:21:00,535,20.8,21,1.96824
2025-04-19T12:24:00,521,22,20,1.82245
2025-04-19T12:27:00,529,21.4,21,1.95333
2025-04-19T12:30:00,550,21,21,1.96327
2025-04-19T12:33:00,547,22.1,20,1.82012
2025-04-19T12:36:00,536,21.2,21,1.9583
2025-04-19T12:39:00,536,20.8,21,1.96824
2025-04-19T12:42:00,527,20.7,21,1.97073
2025-04-19T12:45:00,522,21.9,20,1.82479
2025-04-19T12:48:00,517,23.1,19,1.68846
2025-04-19T12:51:00,512,21.9,20,1.82479
2025-04-19T12:54:00,515,21.3,20,1.83881
2025-04-19T12:57:00,521,22,21,1.93842
2025-04-19T13:00:00,525,21.9,20,1.82479
2025-04-19T13:03:00,525,21.3,21,1.95582
2025-04-19T13:06:00,523,20.7,21,1.97073
2025-04-19T13:09:00,530,21,21,1.96327
2025-04-19T13:12:00,517,20.8,22,2.0925
2025-04-19T13:15:00,517,20.6,21,1.97321
2025-04-19T13:18:00,509,20.8,21,1.96824
2025-04-19T13:21:00,522,21,20,1.84582
2025-04-19T13:24:00,528,21.1,20,1.84348
2025-04-19T13:27:00,531,20.9,20,1.84816
2025-04-19T13:30:00,533,21.3,20,1.83881
2025-04-19T13:33:00,522,20.9,21,1.96576
2025-04-19T13:36:00,526,20.7,21,1.97073
2025-04-19T13:39:00,528,21.8,20,1.82713
2025-04-19T13:42:00,506,20.6,22,2.09779
2025-04-19T13:45:00,498,21.3,20,1.83881
2025-04-19T13:48:00,495,21.7,21,1.94588
2025-04-19T13:51:00,502,21.3,21,1.95582
2025-04-19T13:54:00,513,21.8,21,1.94339
2025-04-19T13:57:00,524,21,20,1.84582
2025-04-19T14:00:00,547,22,20,1.82245
2025-04-19T14:03:00,578,20.7,22,2.09514
2025-04-19T14:06:00,604,22.1,21,1.93593
2025-04-19T14:09:00,580,22.2,21,1.93345
2025-04-19T14:12:00,541,21.7,22,2.06872
2025-04-19T14:15:00,497,21.7,22,2.06872
2025-04-19T14:18:00,517,21.5,21,1.95085
2025-04-19T14:21:00,484,22,21,1.93842
2025-04-19T14:24:00,467,21.8,21,1.94339
2025-04-19T14:27:00,465,22,21,1.93842
2025-04-19T14:30:00,477,21.5,22,2.07401
2025-04-19T14:33:00,468,21.3,22,2.07929
2025-04-19T14:36:00,481,21.2,22,2.08193
2025-04-19T14:39:00,479,22.3,21,1.93096
2025-04-19T14:42:00,482,22.4,21,1.92848
2025-04-19T14:45:00,482,22.9,21,1.91605
2025-04-19T14:48:00,461,22.2,21,1.93345
2025-04-19T14:51:00,445,22.7,21,1.92102
2025-04-19T14:54:00,442,22.9,21,1.91605
2025-04-19T14:57:00,443,22.9,21,1.91605
2025-04-19T15:00:00,449,23.7,21,1.89617
2025-04-19T15:03:00,451,22.7,22,2.0423
2025-04-19T15:06:00,466,23,22,2.03438
2025-04-19T15:09:00,497,22.9,21,1.91605
2025-04-19T15:12:00,477,22.8,21,1.91854
2025-04-19T15:15:00,461,22.7,22,2.0423
2025-04-19T15:18:00,447,22.9,22,2.03702
2025-04-19T15:21:00,440,22.6,22,2.04495
2025-04-19T15:24:00,433,23.3,22,2.02645
2025-04-19T15:27:00,425,23.3,22,2.02645
2025-04-19T15:30:00,424,23.6,22,2.01852
2025-04-19T15:33:00,421,23.2,22,2.02909
2025-04-19T15:36:00,424,23.2,22,2.02909
2025-04-19T15:39:00,430,23,22,2.03438
2025-04-19T15:42:00,435,24,22,2.00796
2025-04-19T15:45:00,435,24.2,22,2.00267
2025-04-19T15:48:00,440,23.6,22,2.01852
2025-04-19T15:51:00,435,24.2,22,2.00267
2025-04-19T15:54:00,425,24.2,22,2.00267
2025-04-19T15:57:00,416,24,22,2.00796
2025-04-19T16:00:00,413,24.4,21,1.87878
2025-04-19T16:03:00,416,24.8,22,1.98682
2025-04-19T16:06:00,415,25.1,22,1.97889
2025-04-19T16:09:00,409,25.5,22,1.96833
2025-04-19T16:12:00,404,26,21,1.83901
2025-04-19T16:15:00,405,26.5,22,1.94191
2025-04-19T16:18:00,404,26.1,22,1.95247
2025-04-19T16:21:00,402,26.8,21,1.81913
2025-04-19T16:24:00,398,26.9,21,1.81665
2025-04-19T16:27:00,400,26.6,21,1.8241
2025-04-19T16:30:00,400,26.4,22,1.94455
2025-04-19T16:33:00,400,26.5,21,1.82659
2025-04-19T16:36:00,402,26,22,1.95512
2025-04-19T16:39:00,404,26.2,22,1.94983
2025-04-19T16:42:00,402,25.9,22,1.95776
2025-04-19T16:45:00,400,27.1,21,1.81168
2025-04-19T16:48:00,400,26.8,21.5,1.87579
2025-04-19T16:51:00,400,26.5,22,1.94191
2025-04-19T16:54:00,394,26.6,22,1.93926
2025-04-19T16:57:00,397,26.3,21,1.83156
2025-04-19T17:00:00,397,26.2,21,1.83404
2025-04-19T17:03:00,395,26.6,22,1.93926
2025-04-19T17:06:00,392,26.2,22,1.94983
2025-04-19T17:09:00,390,26.8,21,1.81913
2025-04-19T17:12:00,386,26.5,21,1.82659
2025-04-19T17:15:00,383,26.8,21,1.81913
2025-04-19T17:18:00,378,27.7,22,1.9102
2025-04-19T17:21:00,373,28.2,21,1.78434
2025-04-19T17:24:00,375,28.5,22,1.88906
2025-04-19T17:27:00,378,29.8,22,1.85472
2025-04-19T17:30:00,380,30.6,22,1.83358
2025-04-19T17:33:00,380,31.3,21,1.7073
2025-04-19T17:36:00,381,32.1,22,1.79395
2025-04-19T17:39:00,380,32.4,22,1.78602
2025-04-19T17:42:00,377,33.1,21,1.66257
2025-04-19T17:45:00,372,33.4,22,1.7596
2025-04-19T17:48:00,370,33.3,22,1.76225
2025-04-19T17:51:00,369,33.7,22,1.75168
2025-04-19T17:54:00,370,33.3,21,1.6576
2025-04-19T17:57:00,371,33.7,21,1.64766
2025-04-19T18:00:00,371,33.5,22,1.75696
2025-04-19T18:03:00,369,33.7,22,1.75168
2025-04-19T18:06:00,369,33.9,22,1.74639
2025-04-19T18:09:00,369,34,21,1.6402
2025-04-19T18:12:00,370,34.1,22,1.74111
2025-04-19T18:15:00,370,34.2,22,1.73847
2025-04-19T18:18:00,372,33.9,22,1.74639
2025-04-19T18:21:00,371,33.5,21,1.65263
2025-04-19T18:24:00,371,33.4,22,1.7596
2025-04-19T18:27:00,375,34.2,22,1.73847
2025-04-19T18:30:00,376,35.5,22,1.70412
2025-04-19T18:33:00,375,34.6,22,1.7279
2025-04-19T18:36:00,372,33.3,21,1.6576
2025-04-19T18:39:00,372,33,22,1.77017
2025-04-19T18:42:00,373,33.2,22,1.76489
2025-04-19T18:45:00,371,35.3,22,1.7094
2025-04-19T18:48:00,367,36.2,22,1.68563
2025-04-19T18:51:00,366,35.4,22,1.70676
2025-04-19T18:54:00,361,34.6,21,1.62529
2025-04-19T18:57:00,361,36.4,22,1.68034
2025-04-19T19:00:00,360,36.8,22,1.66977
2025-04-19T19:03:00,359,35.6,21,1.60044
2025-04-19T19:06:00,357,35.1,21,1.61286
2025-04-19T19:09:00,356,34.5,22,1.73054
2025-04-19T19:12:00,356,33.8,22,1.74904
2025-04-19T19:15:00,356,34.5,22,1.73054
2025-04-19T19:18:00,358,34.6,22,1.7279
2025-04-19T19:21:00,358,34.2,22,1.73847
2025-04-19T19:24:00,361,32.2,21,1.68493
2025-04-19T19:27:00,358,31.8,21,1.69487
2025-04-19T19:30:00,356,31.5,22,1.8098
2025-04-19T19:33:00,352,30.7,22,1.83094
2025-04-19T19:36:00,349,30.8,22,1.8283
2025-04-19T19:39:00,346,30.6,22,1.83358
2025-04-19T19:42:00,345,30.7,22,1.83094
2025-04-19T19:45:00,345,30.6,22,1.83358
2025-04-19T19:48:00,342,30.8,22,1.8283
2025-04-19T19:51:00,343,30.5,22,1.83622
2025-04-19T19:54:00,342,30.9,22,1.82566
2025-04-19T19:57:00,341,30.9,22,1.82566
2025-04-19T20:00:00,340,30.7,22,1.83094
2025-04-19T20:03:00,0,31,22,1.82301
2025-04-19T20:06:00,0,31.3,21,1.7073
2025-04-19T20:09:00,0,32.2,21,1.68493
2025-04-19T20:12:00,0,33.3,21,1.6576
2025-04-19T20:15:00,0,34.3,21,1.63275
2025-04-19T20:18:00,0,35.3,20,1.5117
2025-04-19T20:21:00,0,36.3,20,1.48834
2025-04-19T20:24:00,0,37.1,20,1.46965
2025-04-19T20:27:00,0,37.6,20,1.45796
2025-04-19T20:30:00,0,38.3,20,1.44161
2025-04-19T20:33:00,0,39,20,1.42525
2025-04-19T20:36:00,0,39.7,20,1.4089
2025-04-19T20:39:00,0,40.5,20,1.39021
2025-04-19T20:42:00,0,41.3,20,1.37151
2025-04-19T20:45:00,0,41.9,20,1.35749
2025-04-19T20:48:00,0,42.7,20,1.3388
2025-04-19T20:51:00,0,43.15,19.5,1.28771
2025-04-19T20:54:00,0,43.6,19,1.23835
2025-04-19T20:57:00,0,44.5,19,1.21859
2025-04-19T21:00:00,0,44.9,19,1.20981
2025-04-19T21:03:00,0,45.5,19,1.19663
2025-04-19T21:06:00,0,46,19,1.18566
2025-04-19T21:09:00,0,46.7,19,1.17029
2025-04-19T21:12:00,0,47.1,19,1.1615
2025-04-19T21:15:00,0,47.9,19,1.14394
2025-04-19T21:18:00,0,48.4,19,1.13296
2025-04-19T21:21:00,0,48.8,19,1.12418
2025-04-19T21:24:00,0,49.3,19,1.1132
2025-04-19T21:27:00,0,50,19,1.09783
2025-04-19T21:30:00,0,50.3,19,1.09124
2025-04-19T21:33:00,0,50.8,19,1.08026
2025-04-19T21:36:00,0,51.2,19,1.07148
2025-04-19T21:39:00,0,51.5,18,1.00023
2025-04-19T21:42:00,0,51.8,18,0.99404
2025-04-19T21:45:00,0,52.2,18,0.9858
2025-04-19T21:48:00,0,52.4,18,0.98167
2025-04-19T21:51:00,0,52.7,18,0.97548
2025-04-19T21:54:00,0,52.8,18,0.97342
2025-04-19T21:57:00,0,53,18,0.9693
2025-04-19T22:00:00,0,53.2,18,0.96517
2025-04-19T22:03:00,0,53.4,18,0.96105
2025-04-19T22:06:00,0,53.5,18,0.95898
2025-04-19T22:09:00,0,53.6,18,0.95692
2025-04-19T22:12:00,0,53.7,18,0.95486
2025-04-19T22:15:00,0,53.8,18,0.9528
2025-04-19T22:18:00,0,53.7,18,0.95486
2025-04-19T22:21:00,0,53.8,18,0.9528
2025-04-19T22:24:00,0,53.8,18,0.9528
2025-04-19T22:27:00,0,53.9,18,0.95074
2025-04-19T22:30:00,0,54,18,0.94867
2025-04-19T22:33:00,0,53.9,17,0.89257
2025-04-19T22:36:00,0,54.1,17,0.8887
2025-04-19T22:39:00,0,54.1,17,0.8887
2025-04-19T22:42:00,0,54.3,17,0.88483
2025-04-19T22:45:00,0,54.4,17,0.88289
2025-04-19T22:48:00,0,54.5,17,0.88095
2025-04-19T22:51:00,0,54.3,17,0.88483
2025-04-19T22:54:00,0,54.5,17,0.88095
2025-04-19T22:57:00,0,54.5,17,0.88095
2025-04-19T23:00:00,0,54.6,17,0.87902
2025-04-19T23:03:00,0,55,17,0.87127
2025-04-19T23:06:00,0,58.4,17,0.80544
2025-04-19T23:09:00,0,61,17,0.7551
2025-04-19T23:12:00,0,63.1,17,0.71444
2025-04-19T23:15:00,0,64.2,17,0.69315
2025-04-19T23:18:00,0,65.2,17,0.67378
2025-04-19T23:21:00,0,66.1,17,0.65636
2025-04-19T23:24:00,0,66.5,17,0.64861
2025-04-19T23:27:00,0,67,17,0.63893
2025-04-19T23:30:00,0,67.1,17,0.637
2025-04-19T23:33:00,0,67.4,17,0.63119
2025-04-19T23:36:00,0,67.4,17,0.63119
2025-04-19T23:39:00,0,67.5,17,0.62925
2025-04-19T23:42:00,0,67.7,17,0.62538
2025-04-19T23:45:00,0,67.9,17,0.62151
2025-04-19T23:48:00,0,67.7,17,0.62538
2025-04-19T23:51:00,0,67.7,17,0.62538
2025-04-19T23:54:00,0,67.7,17,0.62538
2025-04-19T23:57:00,0,67.7,17,0.62538
2025-04-20T00:00:00,0,67.5,17,0.62925
2025-04-20T00:03:00,0,67.4,17,0.63119
2025-04-20T00:06:00,0,67.4,16,0.59228
2025-04-20T00:09:00,0,67.2,16,0.59592
2025-04-20T00:12:00,0,67.1,16,0.59773
2025-04-20T00:15:00,0,67,16,0.59955
2025-04-20T00:18:00,0,66.9,16,0.60137
2025-04-20T00:21:00,0,66.7,16,0.605
2025-04-20T00:24:00,0,66.5,16,0.60863
2025-04-20T00:27:00,0,66.7,16,0.605
2025-04-20T00:30:00,0,66.3,16,0.61227
2025-04-20T00:33:00,0,67.5,16,0.59047
2025-04-20T00:36:00,0,68.4,16,0.57412
2025-04-20T00:39:00,0,69.2,17,0.59634
2025-04-20T00:42:00,0,69.4,16,0.55595
2025-04-20T00:45:00,0,70.1,16,0.54323
2025-04-20T00:48:00,0,70.2,16,0.54141
2025-04-20T00:51:00,0,70.1,16,0.54323
2025-04-20T00:54:00,0,70.2,16,0.54141
2025-04-20T00:57:00,0,70.5,16,0.53596
2025-04-20T01:00:00,0,70.3,16,0.5396
2025-04-20T01:03:00,0,70.15,16,0.54232
2025-04-20T01:06:00,0,70,16,0.54505
2025-04-20T01:09:00,0,70.1,16,0.54323
2025-04-20T01:12:00,0,70.2,16,0.54141
2025-04-20T01:15:00,0,70.1,16,0.54323
2025-04-20T01:18:00,0,70.1,16,0.54323
2025-04-20T01:21:00,0,69.9,16,0.54686
2025-04-20T01:24:00,0,69.7,16,0.5505
2025-04-20T01:27:00,0,69.6,16,0.55231
2025-04-20T01:30:00,0,69.4,16,0.55595
2025-04-20T01:33:00,0,69.2,16,0.55958
2025-04-20T01:36:00,0,69.1,16,0.5614
2025-04-20T01:39:00,0,69.3,16,0.55776
2025-04-20T01:42:00,0,69,16,0.56321
2025-04-20T01:45:00,0,68.7,16,0.56866
2025-04-20T01:48:00,0,68.4,16,0.57412
2025-04-20T01:51:00,0,68.2,16,0.57775
2025-04-20T01:54:00,0,68,16,0.58138
2025-04-20T01:57:00,0,67.7,16,0.58683
2025-04-20T02:00:00,0,67.7,16,0.58683
2025-04-20T02:03:00,0,68.2,16,0.57775
2025-04-20T02:06:00,0,69.2,16,0.55958
2025-04-20T02:09:00,0,69.7,16,0.5505
2025-04-20T02:12:00,0,70.3,16,0.5396
2025-04-20T02:15:00,0,71,16,0.52688
2025-04-20T02:18:00,0,71.8,16,0.51234
2025-04-20T02:21:00,0,71.4,16,0.51961
2025-04-20T02:24:00,0,70.3,16,0.5396
2025-04-20T02:27:00,0,69.1,17,0.59827
2025-04-20T02:30:00,0,68.8,17,0.60408
2025-04-20T02:33:00,0,68.4,17,0.61183
2025-04-20T02:36:00,0,68.5,16,0.5723
2025-04-20T02:39:00,0,68.6,16,0.57048
2025-04-20T02:42:00,0,68.7,16,0.56866
2025-04-20T02:45:00,0,68.6,16,0.57048
2025-04-20T02:48:00,0,68.7,16,0.56866
2025-04-20T02:51:00,0,68.3,16,0.57593
2025-04-20T02:54:00,0,68.4,16,0.57412
2025-04-20T02:57:00,0,68.1,16,0.57957
2025-04-20T03:00:00,0,68,16,0.58138
2025-04-20T03:03:00,0,67.7,16,0.58683
2025-04-20T03:06:00,0,67.7,16,0.58683
2025-04-20T03:09:00,0,67.4,16,0.59228
2025-04-20T03:12:00,0,67.6,16,0.58865
2025-04-20T03:15:00,0,67.6,16,0.58865
2025-04-20T03:18:00,0,66.6,16,0.60682
2025-04-20T03:21:00,0,65.5,16,0.6268
2025-04-20T03:24:00,0,65,16,0.63589
2025-04-20T03:27:00,0,64.9,16,0.6377
2025-04-20T03:30:00,0,64.9,16,0.6377
2025-04-20T03:33:00,0,65,16,0.63589
2025-04-20T03:36:00,0,64.8,16,0.63952
2025-04-20T03:39:00,0,64.6,16,0.64315
2025-04-20T03:42:00,0,64.6,16,0.64315
2025-04-20T03:45:00,0,64.8,16,0.63952
2025-04-20T03:48:00,0,64.7,16,0.64134
2025-04-20T03:51:00,0,64.7,16,0.64134
2025-04-20T03:54:00,0,64.5,16,0.64497
2025-04-20T03:57:00,0,64.8,16,0.63952
2025-04-20T04:00:00,0,64.9,16,0.6377
2025-04-20T04:03:00,350,64.5,16,0.64497
2025-04-20T04:06:00,347,63,17,0.71638
2025-04-20T04:09:00,345,61.8,17,0.73961
2025-04-20T04:12:00,342,60.6,17,0.76285
2025-04-20T04:15:00,342,60,17,0.77447
2025-04-20T04:18:00,339,59.4,17,0.78608
2025-04-20T04:21:00,337,59.1,17,0.79189
2025-04-20T04:24:00,337,58.8,18,0.84968
2025-04-20T04:27:00,335,58.6,18,0.85381
2025-04-20T04:30:00,334,58.3,18,0.85999
2025-04-20T04:33:00,334,58,18,0.86618
2025-04-20T04:36:00,333,57.6,18,0.87443
2025-04-20T04:39:00,334,57.5,18,0.87649
2025-04-20T04:42:00,334,57.2,18,0.88268
2025-04-20T04:45:00,334,57.1,18,0.88474
2025-04-20T04:48:00,334,56.8,18,0.89093
2025-04-20T04:51:00,333,56.7,18,0.89299
2025-04-20T04:54:00,332,56.3,18,0.90124
2025-04-20T04:57:00,333,56.3,18,0.90124
2025-04-20T05:00:00,333,56.1,18,0.90536
2025-04-20T05:03:00,333,56,18,0.90743
2025-04-20T05:06:00,332,55.8,18,0.91155
2025-04-20T05:09:00,333,55.5,18,0.91774
2025-04-20T05:12:00,333,55.9,18,0.90949
2025-04-20T05:15:00,333,55.5,18,0.91774
2025-04-20T05:18:00,332,55.4,18,0.9198
2025-04-20T05:21:00,332,55.5,18,0.91774
2025-04-20T05:24:00,333,55.4,18,0.9198
2025-04-20T05:27:00,331,55.3,18,0.92186
2025-04-20T05:30:00,333,55.4,18,0.9198
2025-04-20T05:33:00,333,55.4,18,0.9198
2025-04-20T05:36:00,333,55.4,18,0.9198
2025-04-20T05:39:00,333,55.4,18,0.9198
2025-04-20T05:42:00,333,55.4,18,0.9198
2025-04-20T05:45:00,332,55.4,18,0.9198
2025-04-20T05:48:00,332,55.4,18,0.9198
2025-04-20T05:51:00,333,55.3,19,0.98146
2025-04-20T05:54:00,333,55.2,18,0.92393
2025-04-20T05:57:00,334,55.6,18,0.91568
2025-04-20T06:00:00,334,55.5,19,0.97707
2025-04-20T06:03:00,334,55.7,19,0.97268
2025-04-20T06:06:00,334,55.7,19,0.97268
2025-04-20T06:09:00,334,55.6,19,0.97487
2025-04-20T06:12:00,335,55.6,19,0.97487
2025-04-20T06:15:00,335,55.5,19,0.97707
2025-04-20T06:18:00,335,55.4,19,0.97926
2025-04-20T06:21:00,336,55.4,19,0.97926
2025-04-20T06:24:00,337,55.4,19,0.97926
2025-04-20T06:27:00,336,55.2,19,0.98365
2025-04-20T06:30:00,337,55.1,19,0.98585
2025-04-20T06:33:00,340,55,19,0.98805
2025-04-20T06:36:00,342,54.8,19,0.99244
2025-04-20T06:39:00,342,54.5,19,0.99902
2025-04-20T06:42:00,341,54.4,19,1.00122
2025-04-20T06:45:00,340,54.5,19,0.99902
2025-04-20T06:48:00,340,54.4,19,1.00122
2025-04-20T06:51:00,342,54.5,19,0.99902
2025-04-20T06:54:00,347,54.3,19,1.00342
2025-04-20T06:57:00,352,54.2,19,1.00561
2025-04-20T07:00:00,355,54.3,19,1.00342
2025-04-20T07:03:00,364,54.3,19,1.00342
2025-04-20T07:06:00,364,54.3,19,1.00342
2025-04-20T07:09:00,372,54.5,19,0.99902
2025-04-20T07:12:00,372,54.5,19,0.99902
2025-04-20T07:15:00,372,54.4,19,1.00122
2025-04-20T07:18:00,375,54.7,19,0.99463
2025-04-20T07:21:00,374,54.7,20,1.05843
2025-04-20T07:24:00,368,54.6,20,1.06076
2025-04-20T07:27:00,368,54.7,20,1.05843
2025-04-20T07:30:00,369,54.9,20,1.05375
2025-04-20T07:33:00,369,54.7,20,1.05843
2025-04-20T07:36:00,377,54.8,20,1.05609
2025-04-20T07:39:00,388,54.6,20,1.06076
2025-04-20T07:42:00,399,54.5,20,1.0631
2025-04-20T07:45:00,408,54.2,20,1.07011
2025-04-20T07:48:00,404,53.9,20,1.07712
2025-04-20T07:51:00,403,54,20,1.07478
2025-04-20T07:54:00,403,54.1,21,1.14069
2025-04-20T07:57:00,424,54,21,1.14317
2025-04-20T08:00:00,424,53.8,21,1.14814
2025-04-20T08:03:00,423,53.7,21,1.15063
2025-04-20T08:06:00,421,53.9,21,1.14566
2025-04-20T08:09:00,415,53.9,21,1.14566
2025-04-20T08:12:00,413,51.4,21,1.20778
2025-04-20T08:15:00,410,49.9,21,1.24506
2025-04-20T08:18:00,427,47.9,21,1.29476
2025-04-20T08:21:00,406,48.7,21,1.27488
2025-04-20T08:24:00,406,49.5,21,1.255
2025-04-20T08:27:00,409,48.1,21,1.28979
2025-04-20T08:30:00,401,46.6,21,1.32707
2025-04-20T08:33:00,433,45.2,21,1.36186
2025-04-20T08:36:00,421,44.9,21,1.36932
2025-04-20T08:39:00,395,44.7,21,1.37429
2025-04-20T08:42:00,452,45.1,21,1.36435
2025-04-20T08:45:00,460,45,22,1.45313
2025-04-20T08:48:00,476,43.1,21,1.41405
2025-04-20T08:51:00,460,41.2,21,1.46127
2025-04-20T08:54:00,472,40.5,21,1.47867
2025-04-20T08:57:00,484,40,22,1.58523
2025-04-20T09:00:00,490,39,22,1.61165
2025-04-20T09:03:00,490,37.9,22,1.64071
2025-04-20T09:06:00,512,37.1,22,1.66185
2025-04-20T09:09:00,452,35.5,22,1.70412
2025-04-20T09:12:00,444,34,22,1.74375
2025-04-20T09:15:00,485,32.6,22,1.78074
2025-04-20T09:18:00,529.5,31.85,22.5,1.8562
2025-04-20T09:21:00,574,31.1,23,1.9344
2025-04-20T09:24:00,593,29,23,1.99336
2025-04-20T09:27:00,596,29.3,23,1.98493
2025-04-20T09:30:00,586,26.1,22,1.95247
2025-04-20T09:33:00,613,26.2,23,2.07197
2025-04-20T09:36:00,624,24.1,23,2.13093
2025-04-20T09:39:00,612,22.9,23,2.16462
2025-04-20T09:42:00,589,23,23,2.16181
2025-04-20T09:45:00,442,22.8,23,2.16742
2025-04-20T09:48:00,552,23.8,20,1.7804
2025-04-20T09:51:00,536,23.7,20,1.78273
2025-04-20T09:54:00,533,22.6,22,2.04495
2025-04-20T09:57:00,533,20.8,22,2.0925
2025-04-20T10:00:00,532,20.6,19,1.74335
2025-04-20T10:03:00,528,21.8,21,1.94339
2025-04-20T10:06:00,523,19.9,22,2.11628
2025-04-20T10:09:00,521,21,20,1.84582
2025-04-20T10:12:00,517,20.1,21,1.98564
2025-04-20T10:15:00,514,19.3,21,2.00552
2025-04-20T10:18:00,515,19.9,20,1.87152
2025-04-20T10:21:00,517,17.7,22,2.17441
2025-04-20T10:24:00,520,20,21,1.98812
2025-04-20T10:27:00,697,19.7,20,1.87619
2025-04-20T10:30:00,1054,17.3,20,1.93227
2025-04-20T10:33:00,1164,18.8,21,2.01794
2025-04-20T10:36:00,1446,19.6,20,1.87853
2025-04-20T10:39:00,1274,19.3,19,1.7719
2025-04-20T10:42:00,534,18.5,22,2.15327
2025-04-20T10:45:00,525,20.4,20,1.85984
2025-04-20T10:48:00,1109,19.5,19,1.7675
2025-04-20T10:51:00,534,18.9,21,2.01546
2025-04-20T10:54:00,530,21,20,1.84582
2025-04-20T10:57:00,803,20.8,19,1.73896
2025-04-20T11:00:00,1452,19.7,20,1.87619
2025-04-20T11:03:00,1539,20.2,21,1.98315
2025-04-20T11:06:00,1569,19.6,20,1.87853
2025-04-20T11:09:00,1547,18.2,19,1.79605
2025-04-20T11:12:00,1219,16.8,20,1.94395
2025-04-20T11:15:00,1317,18.4,21,2.02789
2025-04-20T11:18:00,1571,18.5,20,1.90423
2025-04-20T11:21:00,1539,16.7,20,1.94629
2025-04-20T11:24:00,1580,16.3,20,1.95563
2025-04-20T11:27:00,1471,17.1,21,2.06019
2025-04-20T11:30:00,1504,15.3,23,2.37799
2025-04-20T11:33:00,1445,17.2,20,1.9346
2025-04-20T11:36:00,883,17.7,21,2.04528
2025-04-20T11:39:00,529,17,20,1.93928
2025-04-20T11:42:00,1132,19.9,18,1.65193
2025-04-20T11:45:00,1016,14.9,21,2.11487
2025-04-20T11:48:00,921,18.4,18,1.68286
2025-04-20T11:51:00,738,17.3,20,1.93227
2025-04-20T11:54:00,711,16.4,20,1.9533
2025-04-20T11:57:00,596,18.3,18,1.68493
2025-04-20T12:00:00,600,17.1,21,2.06019
2025-04-20T12:03:00,560,17.9,20,1.91825
2025-04-20T12:06:00,516,18.7,18,1.67668
2025-04-20T12:09:00,509,16.7,21,2.07013
2025-04-20T12:12:00,501,17.2,19,1.818
2025-04-20T12:15:00,493,19.5,18,1.66018
2025-04-20T12:18:00,493,17.1,22,2.19026
2025-04-20T12:21:00,490,17,19,1.8224
2025-04-20T12:24:00,484,18.5,17,1.57797
2025-04-20T12:27:00,484,17,21,2.06268
2025-04-20T12:30:00,486,16.6,19,1.83118
2025-04-20T12:33:00,482,19.4,18,1.66224
2025-04-20T12:36:00,484,15.5,21,2.09995
2025-04-20T12:39:00,481,18.4,17,1.57991
2025-04-20T12:42:00,478,18.4,18,1.68286
2025-04-20T12:45:00,482,16.5,21,2.0751
2025-04-20T12:48:00,479,18.1,18,1.68905
2025-04-20T12:51:00,477,18.2,19,1.79605
2025-04-20T12:54:00,482,15.4,21,2.10244
2025-04-20T12:57:00,482,17.2,18,1.70761
2025-04-20T13:00:00,479,17.7,17,1.59346
2025-04-20T13:03:00,483,15.6,21,2.09747
2025-04-20T13:06:00,483,16.4,18,1.72411
2025-04-20T13:09:00,482,17.7,18,1.6973
2025-04-20T13:12:00,479,17,20,1.93928
2025-04-20T13:15:00,491,15.9,20,1.96498
2025-04-20T13:18:00,487,17.6,17,1.5954
2025-04-20T13:21:00,481,17.7,17,1.59346
2025-04-20T13:24:00,487,16,21,2.08753
2025-04-20T13:27:00,490,16.4,19,1.83557
2025-04-20T13:30:00,491,17.1,18,1.70967
2025-04-20T13:33:00,487,17.8,19,1.80483
2025-04-20T13:36:00,501,15.8,21,2.0925
2025-04-20T13:39:00,509,15.8,19,1.84874
2025-04-20T13:42:00,509,17.6,19,1.80922
2025-04-20T13:45:00,531,17.9,18,1.69318
2025-04-20T13:48:00,555.5,17.45,18.5,1.75673
2025-04-20T13:51:00,580,17,19,1.8224
2025-04-20T13:54:00,503,17.9,18,1.69318
2025-04-20T13:57:00,494,17.3,18,1.70555
2025-04-20T14:00:00,532,16.5,21,2.0751
2025-04-20T14:03:00,772,16.7,19,1.82898
2025-04-20T14:06:00,1102,16.8,19,1.82679
2025-04-20T14:09:00,1188,16.8,18,1.71586
2025-04-20T14:12:00,1059,15.4,21,2.10244
2025-04-20T14:15:00,1381,15.4,20,1.97666
2025-04-20T14:18:00,1454,16.3,19,1.83777
2025-04-20T14:21:00,1558,16.7,19,1.82898
2025-04-20T14:24:00,1515,16.6,21,2.07262
2025-04-20T14:27:00,1618,15.5,21,2.09995
2025-04-20T14:30:00,1626,16.2,19,1.83996
2025-04-20T14:33:00,1622,16.3,20,1.95563
2025-04-20T14:36:00,1607,16.3,20,1.95563
2025-04-20T14:39:00,1081,15.6,21,2.09747
2025-04-20T14:42:00,523,17.2,19,1.818
2025-04-20T14:45:00,567,16.9,19,1.82459
2025-04-20T14:48:00,507,16.5,21,2.0751
2025-04-20T14:51:00,513,15.7,20,1.96965
2025-04-20T14:54:00,1496,16.6,19,1.83118
2025-04-20T14:57:00,1553,16.3,21,2.08007
2025-04-20T15:00:00,1566,15.6,22,2.22989
2025-04-20T15:03:00,1326,17,19,1.8224
2025-04-20T15:06:00,1210,16.9,20,1.94161
2025-04-20T15:09:00,786,15.4,21,2.10244
2025-04-20T15:12:00,853,16.3,19,1.83777
2025-04-20T15:15:00,717,16.7,20,1.94629
2025-04-20T15:18:00,594,14.1,22,2.26952
2025-04-20T15:21:00,1177,17.2,19,1.818
2025-04-20T15:24:00,1428,16.8,20,1.94395
2025-04-20T15:27:00,959,15.2,22,2.24046
2025-04-20T15:30:00,843,16.5,20,1.95096
2025-04-20T15:33:00,865,16.7,19,1.82898
2025-04-20T15:36:00,617,15,23,2.38641
2025-04-20T15:39:00,523,15.4,20,1.97666
2025-04-20T15:42:00,502,16.7,19,1.82898
2025-04-20T15:45:00,499,15.2,22,2.24046
2025-04-20T15:48:00,497,16.4,20,1.9533
2025-04-20T15:51:00,488,16.8,19,1.82679
2025-04-20T15:54:00,485,17.2,19,1.818
2025-04-20T15:57:00,487,16.4,22,2.20875
2025-04-20T16:00:00,490,17.5,18,1.70142
2025-04-20T16:03:00,488,17.6,19,1.80922
2025-04-20T16:06:00,524,17.1,20,1.93694
2025-04-20T16:09:00,501,16.4,22,2.20875
2025-04-20T16:12:00,460,18,18,1.69111
2025-04-20T16:15:00,459,17.1,21,2.06019
2025-04-20T16:18:00,463,16.5,20,1.95096
2025-04-20T16:21:00,460,17.1,19,1.8202
2025-04-20T16:24:00,463,17,20,1.93928
2025-04-20T16:27:00,462,15.7,21,2.09498
2025-04-20T16:30:00,457,17.2,19,1.818
2025-04-20T16:33:00,426,15.9,20,1.96498
2025-04-20T16:36:00,436,16.4,19,1.83557
2025-04-20T16:39:00,424,16.7,20,1.94629
2025-04-20T16:42:00,466,15.4,21,2.10244
2025-04-20T16:45:00,468,16.7,21,2.07013
2025-04-20T16:48:00,465,16.5,21,2.0751
2025-04-20T16:51:00,450,17.2,20,1.9346
2025-04-20T16:54:00,442,16.7,21,2.07013
2025-04-20T16:57:00,432,16.2,21,2.08256
2025-04-20T17:00:00,434,16.1,21,2.08504
2025-04-20T17:03:00,436,16,21,2.08753
2025-04-20T17:06:00,464,16.2,21,2.08256
2025-04-20T17:09:00,460,16.2,20,1.95797
2025-04-20T17:12:00,452,16.3,21,2.08007
2025-04-20T17:15:00,432,16.5,21,2.0751
2025-04-20T17:18:00,431,16.2,21,2.08256
2025-04-20T17:21:00,421,16.2,22,2.21404
2025-04-20T17:24:00,414,16.1,22,2.21668
2025-04-20T17:27:00,413,16.3,22,2.21139
2025-04-20T17:30:00,412,16.3,22,2.21139
2025-04-20T17:33:00,442,16.2,22,2.21404
2025-04-20T17:36:00,398,16,22,2.21932
2025-04-20T17:39:00,394,16.2,22,2.21404
2025-04-20T17:42:00,387,16,22,2.21932
2025-04-20T17:45:00,389,16,22,2.21932
2025-04-20T17:48:00,385,16,22,2.21932
2025-04-20T17:51:00,384,15.9,22,2.22196
2025-04-20T17:54:00,386,16,22,2.21932
2025-04-20T17:57:00,390,16.2,22,2.21404
2025-04-20T18:00:00,394,16,22,2.21932
2025-04-20T18:03:00,404,15.6,22,2.22989
2025-04-20T18:06:00,410,15.9,22,2.22196
2025-04-20T18:09:00,402,16.4,22,2.20875
2025-04-20T18:12:00,395,15.9,22,2.22196
2025-04-20T18:15:00,389,15.9,22,2.22196
2025-04-20T18:18:00,381,15.8,22,2.2246
2025-04-20T18:21:00,376,16.7,22,2.20083
2025-04-20T18:24:00,375,16.7,22,2.20083
2025-04-20T18:27:00,373,16.3,22,2.21139
2025-04-20T18:30:00,373,16.7,22,2.20083
2025-04-20T18:33:00,371,16.8,22,2.19818
2025-04-20T18:36:00,369,17.4,22,2.18233
2025-04-20T18:39:00,367,17.5,22,2.17969
2025-04-20T18:42:00,367,17.7,22,2.17441
2025-04-20T18:45:00,366,17.3,22,2.18497
2025-04-20T18:48:00,364,17.3,21,2.05522
2025-04-20T18:51:00,363,17.7,22,2.17441
2025-04-20T18:54:00,359,17.7,22,2.17441
2025-04-20T18:57:00,361,17.3,21,2.05522
2025-04-20T19:00:00,358,17.3,21,2.05522
2025-04-20T19:03:00,356,18.9,21,2.01546
2025-04-20T19:06:00,354,18.8,21,2.01794
2025-04-20T19:09:00,352,18.6,21,2.02291
2025-04-20T19:12:00,352,17.8,21,2.0428
2025-04-20T19:15:00,354,17.8,21,2.0428
2025-04-20T19:18:00,355,17.9,21,2.04031
2025-04-20T19:21:00,353,17.9,21,2.04031
2025-04-20T19:24:00,352,17.8,21,2.0428
2025-04-20T19:27:00,350,18.1,21,2.03534
2025-04-20T19:30:00,350,18.2,21,2.03286
2025-04-20T19:33:00,347,18,21,2.03783
2025-04-20T19:36:00,346,18.3,21,2.03037
2025-04-20T19:39:00,343,18.4,21,2.02789
2025-04-20T19:42:00,342,18.4,21,2.02789
2025-04-20T19:45:00,339,18.6,21,2.02291
2025-04-20T19:48:00,341,18.5,21,2.0254
2025-04-20T19:51:00,337,19,21,2.01297
2025-04-20T19:54:00,339,19.2,21,2.008
2025-04-20T19:57:00,338,19.2,21,2.008
2025-04-20T20:00:00,338,20,22,2.11364
2025-04-20T20:03:00,0,20.2,22,2.10835
2025-04-20T20:06:00,0,21.3,21,1.95582
2025-04-20T20:09:00,0,22.1,21,1.93593
2025-04-20T20:12:00,0,23.2,21,1.9086
2025-04-20T20:15:00,0,23.9,21,1.8912
2025-04-20T20:18:00,0,24.6,21,1.87381
2025-04-20T20:21:00,0,25.3,21,1.85641
2025-04-20T20:24:00,0,26.1,21,1.83653
2025-04-20T20:27:00,0,26.8,21,1.81913
2025-04-20T20:30:00,0,27.6,21,1.79925
2025-04-20T20:33:00,0,28.2,21,1.78434
2025-04-20T20:36:00,0,29,21,1.76446
2025-04-20T20:39:00,0,29.7,21,1.74706
2025-04-20T20:42:00,0,30.5,21,1.72718
2025-04-20T20:45:00,0,31.1,20,1.60983
2025-04-20T20:48:00,0,31.9,20,1.59114
2025-04-20T20:51:00,0,32.7,20,1.57245
2025-04-20T20:54:00,0,33.3,20,1.55843
2025-04-20T20:57:00,0,34,20,1.54208
2025-04-20T21:00:00,0,34.6,20,1.52806
2025-04-20T21:03:00,0,35.4,20,1.50937
2025-04-20T21:06:00,0,35.9,20,1.49768
2025-04-20T21:09:00,0,36.6,20,1.48133
2025-04-20T21:12:00,0,37.2,20,1.46731
2025-04-20T21:15:00,0,37.6,20,1.45796
2025-04-20T21:18:00,0,38.5,20,1.43693
2025-04-20T21:21:00,0,39.1,20,1.42292
2025-04-20T21:24:00,0,39.6,20,1.41123
2025-04-20T21:27:00,0,40.1,20,1.39955
2025-04-20T21:30:00,0,40.8,20,1.3832
2025-04-20T21:33:00,0,41.4,20,1.36918
2025-04-20T21:36:00,0,41.9,20,1.35749
2025-04-20T21:39:00,0,42.5,19,1.2625
2025-04-20T21:42:00,0,43.2,19,1.24713
2025-04-20T21:45:00,0,43.5,19,1.24055
2025-04-20T21:48:00,0,44,19,1.22957
2025-04-20T21:51:00,0,44.4,19,1.22079
2025-04-20T21:54:00,0,44.9,19,1.20981
2025-04-20T21:57:00,0,45.3,19,1.20102
2025-04-20T22:00:00,0,45.9,19,1.18785
2025-04-20T22:03:00,0,46.3,19,1.17907
2025-04-20T22:06:00,0,46.7,19,1.17029
2025-04-20T22:09:00,0,47.2,19,1.15931
2025-04-20T22:12:00,0,47.8,19,1.14613
2025-04-20T22:15:00,0,48.3,19,1.13515
2025-04-20T22:18:00,0,48.5,19,1.13076
2025-04-20T22:21:00,0,48.9,19,1.12198
2025-04-20T22:24:00,0,49.4,19,1.111
2025-04-20T22:27:00,0,49.7,19,1.10442
2025-04-20T22:30:00,0,50.1,19,1.09563
2025-04-20T22:33:00,0,50.5,19,1.08685
2025-04-20T22:36:00,0,50.9,19,1.07807
2025-04-20T22:39:00,0,51.5,19,1.06489
2025-04-20T22:42:00,0,51.6,19,1.0627
2025-04-20T22:45:00,0,52.1,19,1.05172
2025-04-20T22:48:00,0,52.5,19,1.04294
2025-04-20T22:51:00,0,52.6,19,1.04074
2025-04-20T22:54:00,0,53.1,19,1.02976
2025-04-20T22:57:00,0,53.3,19,1.02537
2025-04-20T23:00:00,0,53.6,18,0.95692
2025-04-20T23:03:00,0,53.9,18,0.95074
2025-04-20T23:06:00,0,57.6,19,0.93096
2025-04-20T23:09:00,0,60.4,19,0.86948
2025-04-20T23:12:00,0,61.9,18,0.78575
2025-04-20T23:15:00,0,63.5,18,0.75275
2025-04-20T23:18:00,0,64.4,18,0.73419
2025-04-20T23:21:00,0,65.2,18,0.71769
2025-04-20T23:24:00,0,65.8,18,0.70532
2025-04-20T23:27:00,0,66.2,18,0.69707
2025-04-20T23:30:00,0,66.3,18,0.69501
2025-04-20T23:33:00,0,66.7,18,0.68676
2025-04-20T23:36:00,0,67,18,0.68057
2025-04-20T23:39:00,0,67,18,0.68057
2025-04-20T23:42:00,0,67.1,18,0.67851
2025-04-20T23:45:00,0,67.1,18,0.67851
2025-04-20T23:48:00,0,67.3,18,0.67438
2025-04-20T23:51:00,0,67.4,18,0.67232
2025-04-20T23:54:00,0,67.2,18,0.67645
2025-04-20T23:57:00,0,67.1,18,0.67851
2025-04-21T00:00:00,0,67,18,0.68057
2025-04-21T00:03:00,0,67,18,0.68057
2025-04-21T00:06:00,0,66.6,17,0.64668
2025-04-21T00:09:00,0,66.6,17,0.64668
2025-04-21T00:12:00,0,66.6,17,0.64668
2025-04-21T00:15:00,0,66.5,17,0.64861
2025-04-21T00:18:00,0,66.4,17,0.65055
2025-04-21T00:21:00,0,66.3,17,0.65249
2025-04-21T00:24:00,0,66.2,17,0.65442
2025-04-21T00:27:00,0,66.2,17,0.65442
2025-04-21T00:30:00,0,66.1,17,0.65636
2025-04-21T00:33:00,0,66.5,17,0.64861
2025-04-21T00:36:00,0,68,17,0.61957
2025-04-21T00:39:00,0,69,17,0.60021
2025-04-21T00:42:00,0,69.7,17,0.58666
2025-04-21T00:45:00,0,69.9,17,0.58279
2025-04-21T00:48:00,0,70.2,17,0.57698
2025-04-21T00:51:00,0,70.3,17,0.57504
2025-04-21T00:54:00,0,70.3,17,0.57504
2025-04-21T00:57:00,0,70.7,17,0.5673
2025-04-21T01:00:00,0,70.4,17,0.5731
2025-04-21T01:03:00,0,70.4,17,0.5731
2025-04-21T01:06:00,0,70.6,17,0.56923
2025-04-21T01:09:00,0,70.1,17,0.57891
2025-04-21T01:12:00,0,70.3,17,0.57504
2025-04-21T01:15:00,0,70.3,17,0.57504
2025-04-21T01:18:00,0,70.4,17,0.5731
2025-04-21T01:21:00,0,70.3,17,0.57504
2025-04-21T01:24:00,0,70,17,0.58085
2025-04-21T01:27:00,0,69.9,17,0.58279
2025-04-21T01:30:00,0,69.8,17,0.58472
2025-04-21T01:33:00,0,69.5,17,0.59053
2025-04-21T01:36:00,0,69.5,17,0.59053
2025-04-21T01:39:00,0,69.4,17,0.59247
2025-04-21T01:42:00,0,69.3,17,0.5944
2025-04-21T01:45:00,0,69.2,17,0.59634
2025-04-21T01:48:00,0,69,17,0.60021
2025-04-21T01:51:00,0,69.1,17,0.59827
2025-04-21T01:54:00,0,69,17,0.60021
2025-04-21T01:57:00,0,68.8,17,0.60408
2025-04-21T02:00:00,0,68.8,17,0.60408
2025-04-21T02:03:00,0,69.5,17,0.59053
2025-04-21T02:06:00,0,71,17,0.56149
2025-04-21T02:09:00,0,71.1,17,0.55955
2025-04-21T02:12:00,0,71.9,17,0.54406
2025-04-21T02:15:00,0,72.3,17,0.53632
2025-04-21T02:18:00,0,72.5,17,0.53244
2025-04-21T02:21:00,0,72.5,17,0.53244
2025-04-21T02:24:00,0,72.6,17,0.53051
2025-04-21T02:27:00,0,72.6,16,0.49781
2025-04-21T02:30:00,0,72.7,16,0.49599
2025-04-21T02:33:00,0,72.6,16,0.49781
2025-04-21T02:36:00,0,72.5,16,0.49963
2025-04-21T02:39:00,0,72.4,16,0.50144
2025-04-21T02:42:00,0,72.4,16,0.50144
2025-04-21T02:45:00,0,72.6,16,0.49781
2025-04-21T02:48:00,0,72.3,16,0.50326
2025-04-21T02:51:00,0,72.2,16,0.50508
2025-04-21T02:54:00,0,71.9,16,0.51053
2025-04-21T02:57:00,0,71.9,16,0.51053
2025-04-21T03:00:00,0,71.8,16,0.51234
2025-04-21T03:03:00,0,71.5,16,0.51779
2025-04-21T03:06:00,0,71.5,16,0.51779
2025-04-21T03:09:00,0,71.3,16,0.52143
2025-04-21T03:12:00,0,71.3,16,0.52143
2025-04-21T03:15:00,0,71.2,16,0.52324
2025-04-21T03:18:00,0,71,16,0.52688
2025-04-21T03:21:00,0,70.7,16,0.53233
2025-04-21T03:24:00,0,70.6,16,0.53414
2025-04-21T03:27:00,0,70.5,16,0.53596
2025-04-21T03:30:00,0,70.5,16,0.53596
2025-04-21T03:33:00,0,70.4,16,0.53778
2025-04-21T03:36:00,0,70,16,0.54505
2025-04-21T03:39:00,0,69.7,16,0.5505
2025-04-21T03:42:00,0,69.7,16,0.5505
2025-04-21T03:45:00,0,69.55,16,0.55322
2025-04-21T03:48:00,0,69.4,16,0.55595
2025-04-21T03:51:00,0,69.4,16,0.55595
2025-04-21T03:54:00,0,69.4,16,0.55595
2025-04-21T03:57:00,0,69.3,16,0.55776
2025-04-21T04:00:00,0,69.1,16,0.5614
2025-04-21T04:03:00,350,68.9,16,0.56503
2025-04-21T04:06:00,347,68,16,0.58138
2025-04-21T04:09:00,345,67.5,16,0.59047
2025-04-21T04:12:00,342,67,17,0.63893
2025-04-21T04:15:00,342,66.3,17,0.65249
2025-04-21T04:18:00,339,66,17,0.6583
2025-04-21T04:21:00,338,65.5,17,0.66798
2025-04-21T04:24:00,337,65.1,17,0.67572
2025-04-21T04:27:00,336,64.8,17,0.68153
2025-04-21T04:30:00,336,64.4,17,0.68927
2025-04-21T04:33:00,334,64.1,18,0.74038
2025-04-21T04:36:00,333,63.9,18,0.7445
2025-04-21T04:39:00,334,63.7,18,0.74863
2025-04-21T04:42:00,334,63.4,18,0.75481
2025-04-21T04:45:00,334,63.1,18,0.761
2025-04-21T04:48:00,334,63,18,0.76306
2025-04-21T04:51:00,334,62.9,18,0.76513
2025-04-21T04:54:00,333,62.7,18,0.76925
2025-04-21T04:57:00,334,62.6,18,0.77131
2025-04-21T05:00:00,333,62.3,18,0.7775
2025-04-21T05:03:00,334,62,19,0.83435
2025-04-21T05:06:00,334,61.9,19,0.83655
2025-04-21T05:09:00,332,61.8,19,0.83874
2025-04-21T05:12:00,334,61.6,19,0.84313
2025-04-21T05:15:00,333,61.4,19,0.84752
2025-04-21T05:18:00,333,61.2,19,0.85192
2025-04-21T05:21:00,334,60.8,19,0.8607
2025-04-21T05:24:00,335,60.4,19,0.86948
2025-04-21T05:27:00,333,60.2,19,0.87387
2025-04-21T05:30:00,334,59.6,19,0.88705
2025-04-21T05:33:00,334,59.5,19,0.88924
2025-04-21T05:36:00,334,59.1,19,0.89802
2025-04-21T05:39:00,335,58.9,19,0.90242
2025-04-21T05:42:00,334,58.7,19,0.90681
2025-04-21T05:45:00,334,58.3,19,0.91559
2025-04-21T05:48:00,334,58.1,19,0.91998
2025-04-21T05:51:00,334,58,19,0.92218
2025-04-21T05:54:00,334,57.8,19,0.92657
2025-04-21T05:57:00,335,57.6,19,0.93096
2025-04-21T06:00:00,334,57.4,19,0.93535
2025-04-21T06:03:00,335,57.2,19,0.93974
2025-04-21T06:06:00,334,57.2,19,0.93974
2025-04-21T06:09:00,334,57.1,19,0.94194
2025-04-21T06:12:00,334,57,19,0.94413
2025-04-21T06:15:00,334,56.8,19,0.94852
2025-04-21T06:18:00,334,56.5,19,0.95511
2025-04-21T06:21:00,336,56.4,19,0.95731
2025-04-21T06:24:00,334,56.3,19,0.9595
2025-04-21T06:27:00,335,56.3,19,0.9595
2025-04-21T06:30:00,334,56,19,0.96609
2025-04-21T06:33:00,336,55.7,19,0.97268
2025-04-21T06:36:00,335,55.7,19,0.97268
2025-04-21T06:39:00,334,55.6,19,0.97487
2025-04-21T06:42:00,336,55.7,19,0.97268
2025-04-21T06:45:00,336,55.6,19,0.97487
2025-04-21T06:48:00,336,55.4,19,0.97926
2025-04-21T06:51:00,338,55.5,19,0.97707
2025-04-21T06:54:00,337,55.4,19,0.97926
2025-04-21T06:57:00,335,55.2,19,0.98365
2025-04-21T07:00:00,337,55.2,19,0.98365
2025-04-21T07:03:00,337,55.2,19,0.98365
2025-04-21T07:06:00,339,54.8,19,0.99244
2025-04-21T07:09:00,339,54.7,20,1.05843
2025-04-21T07:12:00,339,55,19,0.98805
2025-04-21T07:15:00,338,54.6,19,0.99683
2025-04-21T07:18:00,339,54.7,19,0.99463
2025-04-21T07:21:00,339,54.6,20,1.06076
2025-04-21T07:24:00,340,54.4,20,1.06543
2025-04-21T07:27:00,340,54.4,20,1.06543
2025-04-21T07:30:00,340,54.5,20,1.0631
2025-04-21T07:33:00,341,54.3,20,1.06777
2025-04-21T07:36:00,342,54.1,20,1.07244
2025-04-21T07:39:00,342,54.1,20,1.07244
2025-04-21T07:42:00,342,53.8,20,1.07945
2025-04-21T07:45:00,343,54.3,20,1.06777
2025-04-21T07:48:00,343,54.1,20,1.07244
2025-04-21T07:51:00,345,54.3,20,1.06777
2025-04-21T07:54:00,345,54.5,20,1.0631
2025-04-21T07:57:00,348,54.1,19,1.00781
2025-04-21T08:00:00,348,54.3,19,1.00342
2025-04-21T08:03:00,349,54.3,19,1.00342
2025-04-21T08:06:00,356,54.2,19,1.00561
2025-04-21T08:09:00,356,54.3,19,1.00342
2025-04-21T08:12:00,356,54.1,19,1.00781
2025-04-21T08:15:00,357,54.4,19,1.00122
2025-04-21T08:18:00,358,54.3,19,1.00342
2025-04-21T08:21:00,358,54.6,19,0.99683
2025-04-21T08:24:00,358,54.6,19,0.99683
2025-04-21T08:27:00,357,54.6,19,0.99683
2025-04-21T08:30:00,358,54.4,19,1.00122
2025-04-21T08:33:00,358,54.7,19,0.99463
2025-04-21T08:36:00,359,55,19,0.98805
2025-04-21T08:39:00,358,54.7,19,0.99463
2025-04-21T08:42:00,359,54.7,19,0.99463
2025-04-21T08:45:00,360,54.8,19,0.99244
2025-04-21T08:48:00,362,55.1,19,0.98585
2025-04-21T08:51:00,364,54.8,19,0.99244
2025-04-21T08:54:00,364,55.2,19,0.98365
2025-04-21T08:57:00,364,55.1,19,0.98585
2025-04-21T09:00:00,366,54.9,19,0.99024
2025-04-21T09:03:00,368,55,19,0.98805
2025-04-21T09:06:00,370,55.3,19,0.98146
2025-04-21T09:09:00,370,55.4,19,0.97926
2025-04-21T09:12:00,375,55.2,19,0.98365
2025-04-21T09:15:00,376,55.6,19,0.97487
2025-04-21T09:18:00,375,55.3,19,0.98146
2025-04-21T09:21:00,376,55.4,19,0.97926
2025-04-21T09:24:00,378,55.2,19,0.98365
2025-04-21T09:27:00,380,55.8,20,1.03272
2025-04-21T09:30:00,381,55.8,20,1.03272
2025-04-21T09:33:00,383,55.8,20,1.03272
2025-04-21T09:36:00,385,55.95,20,1.02922
2025-04-21T09:39:00,387,56.1,20,1.02571
2025-04-21T09:42:00,389,55.7,20,1.03506
2025-04-21T09:45:00,389,55.7,20,1.03506
2025-04-21T09:48:00,389,55.7,20,1.03506
2025-04-21T09:51:00,389,56,20,1.02805
2025-04-21T09:54:00,389,55.7,20,1.03506
2025-04-21T09:57:00,391,55.3,20,1.04441
2025-04-21T10:00:00,394,55.5,20,1.03973
2025-04-21T10:03:00,395,55.7,20,1.03506
2025-04-21T10:06:00,398,55.4,20,1.04207
2025-04-21T10:09:00,397,55.2,20,1.04674
2025-04-21T10:12:00,396,55.1,20,1.04908
2025-04-21T10:15:00,396,55.2,20,1.04674
2025-04-21T10:18:00,398,55.1,20,1.04908
2025-04-21T10:21:00,400,54.5,20,1.0631
2025-04-21T10:24:00,405,54.6,20,1.06076
2025-04-21T10:27:00,411,54.5,20,1.0631
2025-04-21T10:30:00,413,54.4,21,1.13323
2025-04-21T10:33:00,413,54.5,21,1.13074
2025-04-21T10:36:00,413,53.9,21,1.14566
2025-04-21T10:39:00,412,54.4,21,1.13323
2025-04-21T10:42:00,415,54,21,1.14317
2025-04-21T10:45:00,418,53.9,21,1.14566
2025-04-21T10:48:00,419,53.9,21,1.14566
2025-04-21T10:51:00,421,53.9,21,1.14566
2025-04-21T10:54:00,422,53.9,21,1.14566
2025-04-21T10:57:00,416,54,21,1.14317
2025-04-21T11:00:00,422,53.8,21,1.14814
2025-04-21T11:03:00,426,53.9,21,1.14566
2025-04-21T11:06:00,429,52.6,21,1.17796
2025-04-21T11:09:00,430,51.8,21,1.19784
2025-04-21T11:12:00,448,50.5,21,1.23015
2025-04-21T11:15:00,446,49.5,21,1.255
2025-04-21T11:18:00,440,50.2,21,1.23761
2025-04-21T11:21:00,445,49.5,21,1.255
2025-04-21T11:24:00,435,49.2,21,1.26246
2025-04-21T11:27:00,438,48.6,21,1.27737
2025-04-21T11:30:00,441,48,21,1.29228
2025-04-21T11:33:00,432,47.6,21,1.30222
2025-04-21T11:36:00,436,48.2,21,1.28731
2025-04-21T11:39:00,441,48.5,22,1.36065
2025-04-21T11:42:00,445,48.3,22,1.36594
2025-04-21T11:45:00,441,48.1,21,1.28979
2025-04-21T11:48:00,439,47.4,22,1.38972
2025-04-21T11:51:00,443,47.5,22,1.38708
2025-04-21T11:54:00,418,46.4,22,1.41614
2025-04-21T11:57:00,421,46.8,22,1.40557
2025-04-21T12:00:00,423,47.9,22,1.37651
2025-04-21T12:03:00,423,47.7,21,1.29974
2025-04-21T12:06:00,405,47.6,22,1.38443
2025-04-21T12:09:00,414,47.2,21,1.31216
2025-04-21T12:12:00,408,47.6,21,1.30222
2025-04-21T12:15:00,390,48,21,1.29228
2025-04-21T12:18:00,393,47.7,21,1.29974
2025-04-21T12:21:00,406,47.8,21,1.29725
2025-04-21T12:24:00,403,48.3,21,1.28482
2025-04-21T12:27:00,403,48.5,21,1.27985
2025-04-21T12:30:00,411,48.9,21,1.26991
2025-04-21T12:33:00,423,48.5,21,1.27985
2025-04-21T12:36:00,410,48.3,21,1.28482
2025-04-21T12:39:00,419,47.1,22,1.39764
2025-04-21T12:42:00,415,46.8,21,1.3221
2025-04-21T12:45:00,427,47.9,21,1.29476
2025-04-21T12:48:00,412,47.9,21,1.29476
2025-04-21T12:51:00,429,47.4,21,1.30719
2025-04-21T12:54:00,426,47.2,21,1.31216
2025-04-21T12:57:00,419,46.8,21,1.3221
2025-04-21T13:00:00,434,47.2,21,1.31216
2025-04-21T13:03:00,430,47.5,21,1.30471
2025-04-21T13:06:00,421,47.1,21,1.31465
2025-04-21T13:09:00,420,46.4,21,1.33204
2025-04-21T13:12:00,413,46.3,21,1.33453
2025-04-21T13:15:00,430,46.4,21,1.33204
2025-04-21T13:18:00,419,47.2,21,1.31216
2025-04-21T13:21:00,405,47.4,21,1.30719
2025-04-21T13:24:00,413,46.9,21,1.31962
2025-04-21T13:27:00,410,45.8,21,1.34695
2025-04-21T13:30:00,407,45.8,21,1.34695
2025-04-21T13:33:00,416,46.8,21,1.3221
2025-04-21T13:36:00,415,46.8,21,1.3221
2025-04-21T13:39:00,407,47.8,21,1.29725
2025-04-21T13:42:00,414,47.8,21,1.29725
2025-04-21T13:45:00,417,47.4,21,1.30719
2025-04-21T13:48:00,414,47.2,21,1.31216
2025-04-21T13:51:00,418,47.2,21,1.31216
2025-04-21T13:54:00,419,47.1,21,1.31465
2025-04-21T13:57:00,422,47.7,21,1.29974
2025-04-21T14:00:00,423,48.5,21,1.27985
2025-04-21T14:03:00,424,48.2,21,1.28731
2025-04-21T14:06:00,419,47,21,1.31713
2025-04-21T14:09:00,413,46.9,21,1.31962
2025-04-21T14:12:00,416,47.1,21,1.31465
2025-04-21T14:15:00,420,47.6,21,1.30222
2025-04-21T14:18:00,410,48.1,21,1.28979
2025-04-21T14:21:00,409,47.3,21,1.30968
2025-04-21T14:24:00,412,48,21,1.29228
2025-04-21T14:27:00,416,48.2,21,1.28731
2025-04-21T14:30:00,414,49.1,21,1.26494
2025-04-21T14:33:00,413,48.2,21,1.28731
2025-04-21T14:36:00,402,47.9,21,1.29476
2025-04-21T14:39:00,400,47.1,21,1.31465
2025-04-21T14:42:00,400,47.7,21,1.29974
2025-04-21T14:45:00,402,48.1,21,1.28979
2025-04-21T14:48:00,413,49.1,21,1.26494
2025-04-21T14:51:00,416,49.6,21,1.25252
2025-04-21T14:54:00,419,49.2,21,1.26246
2025-04-21T14:57:00,396,49,21,1.26743
2025-04-21T15:00:00,402,49,21,1.26743
2025-04-21T15:03:00,408,49.3,21,1.25997
2025-04-21T15:06:00,387,49.4,21,1.25749
2025-04-21T15:09:00,391,49.1,21,1.26494
2025-04-21T15:12:00,403,49.7,21,1.25003
2025-04-21T15:15:00,408,50.4,21,1.23264
2025-04-21T15:18:00,408,50.5,21,1.23015
2025-04-21T15:21:00,410,50.9,21,1.22021
2025-04-21T15:24:00,426,50.6,21,1.22767
2025-04-21T15:27:00,432,49.4,21,1.25749
2025-04-21T15:30:00,436,48.8,21,1.2724
2025-04-21T15:33:00,402,48.8,21,1.2724
2025-04-21T15:36:00,402,49.6,21,1.25252
2025-04-21T15:39:00,432,49.4,22,1.33688
2025-04-21T15:42:00,427,48.3,22,1.36594
2025-04-21T15:45:00,425,47.4,22,1.38972
2025-04-21T15:48:00,428,48.3,22,1.36594
2025-04-21T15:51:00,423,48.9,22,1.35009
2025-04-21T15:54:00,416,48.4,21,1.28234
2025-04-21T15:57:00,400,48.1,22,1.37122
2025-04-21T16:00:00,401,47.4,21,1.30719
2025-04-21T16:03:00,395,47.6,21,1.30222
2025-04-21T16:06:00,391,48.4,21,1.28234
2025-04-21T16:09:00,394,48.8,21,1.2724
2025-04-21T16:12:00,384,49.1,21,1.26494
2025-04-21T16:15:00,383,48.6,21,1.27737
2025-04-21T16:18:00,388,48.2,21,1.28731
2025-04-21T16:21:00,384,48.7,21,1.27488
2025-04-21T16:24:00,384,49.2,21,1.26246
2025-04-21T16:27:00,383,49.5,21,1.255
2025-04-21T16:30:00,385,49.8,21,1.24755
2025-04-21T16:33:00,381,50.4,21,1.23264
2025-04-21T16:36:00,369,50.3,21,1.23512
2025-04-21T16:39:00,375,50.35,21,1.23388
2025-04-21T16:42:00,381,50.4,21,1.23264
2025-04-21T16:45:00,380,50.8,21,1.2227
2025-04-21T16:48:00,378,50.8,21,1.2227
2025-04-21T16:51:00,374,51,21,1.21773
2025-04-21T16:54:00,372,51.1,21,1.21524
2025-04-21T16:57:00,374,51,21,1.21773
2025-04-21T17:00:00,372,50.9,21,1.22021
2025-04-21T17:03:00,371,50.5,21,1.23015
2025-04-21T17:06:00,370,50.9,21,1.22021
2025-04-21T17:09:00,373,51,21,1.21773
2025-04-21T17:12:00,374,51,21,1.21773
2025-04-21T17:15:00,369,51.1,21,1.21524
2025-04-21T17:18:00,372,51.7,21,1.20033
2025-04-21T17:21:00,372,51.6,21,1.20281
2025-04-21T17:24:00,370,51.6,21,1.20281
2025-04-21T17:27:00,369,51.9,21,1.19536
2025-04-21T17:30:00,364,51.5,21,1.2053
2025-04-21T17:33:00,361,51.6,21,1.20281
2025-04-21T17:36:00,359,51.2,21,1.21275
2025-04-21T17:39:00,362,51.6,21,1.20281
2025-04-21T17:42:00,363,52,21,1.19287
2025-04-21T17:45:00,361,51.5,21,1.2053
2025-04-21T17:48:00,361,51.8,21,1.19784
2025-04-21T17:51:00,361,51.4,21,1.20778
2025-04-21T17:54:00,359,52.1,21,1.19039
2025-04-21T17:57:00,358,51.9,20,1.12385
2025-04-21T18:00:00,356,52.4,20,1.11216
2025-04-21T18:03:00,357,52.3,20,1.1145
2025-04-21T18:06:00,357,52.5,20,1.10983
2025-04-21T18:09:00,357,52.3,20,1.1145
2025-04-21T18:12:00,355,52.9,20,1.10048
2025-04-21T18:15:00,354,53,20,1.09815
2025-04-21T18:18:00,352,53,20,1.09815
2025-04-21T18:21:00,349,53.3,20,1.09114
2025-04-21T18:24:00,346,53.4,20,1.0888
2025-04-21T18:27:00,345,53.5,20,1.08646
2025-04-21T18:30:00,345,53.7,20,1.08179
2025-04-21T18:33:00,347,54,20,1.07478
2025-04-21T18:36:00,345,54.1,20,1.07244
2025-04-21T18:39:00,345,54.1,20,1.07244
2025-04-21T18:42:00,344,54,20,1.07478
2025-04-21T18:45:00,344,54.2,20,1.07011
2025-04-21T18:48:00,341,54.3,20,1.06777
2025-04-21T18:51:00,342,54.2,20,1.07011
2025-04-21T18:54:00,340,54.2,20,1.07011
2025-04-21T18:57:00,340,53.9,20,1.07712
2025-04-21T19:00:00,339,53.9,20,1.07712
2025-04-21T19:03:00,339,54.1,20,1.07244
2025-04-21T19:06:00,339,53.9,20,1.07712
2025-04-21T19:09:00,336,54.4,20,1.06543
2025-04-21T19:12:00,338,54.2,20,1.07011
2025-04-21T19:15:00,337,54.3,19,1.00342
2025-04-21T19:18:00,336,54.2,19,1.00561
2025-04-21T19:21:00,337,54.2,19,1.00561
2025-04-21T19:24:00,337,54.3,19,1.00342
2025-04-21T19:27:00,336,54.5,19,0.99902
2025-04-21T19:30:00,336,54.5,19,0.99902
2025-04-21T19:33:00,335,54.7,19,0.99463
2025-04-21T19:36:00,335,54.4,19,1.00122
2025-04-21T19:39:00,334,54.8,19,0.99244
2025-04-21T19:42:00,334,54.5,19,0.99902
2025-04-21T19:45:00,334,54.9,19,0.99024
2025-04-21T19:48:00,334,54.7,19,0.99463
2025-04-21T19:51:00,334,54.6,19,0.99683
2025-04-21T19:54:00,333,54.9,19,0.99024
2025-04-21T19:57:00,335,54.8,19,0.99244
2025-04-21T20:00:00,334,54.5,19,0.99902
2025-04-21T20:03:00,0,54.8,19,0.99244
2025-04-21T20:06:00,0,55.3,19,0.98146
2025-04-21T20:09:00,0,55.5,19,0.97707
2025-04-21T20:12:00,0,55.7,19,0.97268
2025-04-21T20:15:00,0,56.3,18,0.90124
2025-04-21T20:18:00,0,56.4,18,0.89918
2025-04-21T20:21:00,0,56.8,18,0.89093
2025-04-21T20:24:00,0,57.2,18,0.88268
2025-04-21T20:27:00,0,57.3,18,0.88062
2025-04-21T20:30:00,0,57.6,18,0.87443
2025-04-21T20:33:00,0,57.9,18,0.86824
2025-04-21T20:36:00,0,58.1,18,0.86412
2025-04-21T20:39:00,0,58.4,17,0.80544
2025-04-21T20:42:00,0,58.6,17,0.80157
2025-04-21T20:45:00,0,58.7,17,0.79964
2025-04-21T20:48:00,0,59,17,0.79383
2025-04-21T20:51:00,0,59.1,17,0.79189
2025-04-21T20:54:00,0,59.4,17,0.78608
2025-04-21T20:57:00,0,59.8,17,0.77834
2025-04-21T21:00:00,0,60.2,17,0.77059
2025-04-21T21:03:00,0,60.1,17,0.77253
2025-04-21T21:06:00,0,60.1,17,0.77253
2025-04-21T21:09:00,0,60.3,17,0.76866
2025-04-21T21:12:00,0,60.3,17,0.76866
2025-04-21T21:15:00,0,60.4,17,0.76672
2025-04-21T21:18:00,0,60.6,17,0.76285
2025-04-21T21:21:00,0,60.6,17,0.76285
2025-04-21T21:24:00,0,60.8,17,0.75898
2025-04-21T21:27:00,0,60.9,17,0.75704
2025-04-21T21:30:00,0,61,16,0.70856
2025-04-21T21:33:00,0,61.3,16,0.70311
2025-04-21T21:36:00,0,61.1,16,0.70674
2025-04-21T21:39:00,0,61.7,16,0.69584
2025-04-21T21:42:00,0,61.9,16,0.69221
2025-04-21T21:45:00,0,61.5,16,0.69948
2025-04-21T21:48:00,0,61.5,16,0.69948
2025-04-21T21:51:00,0,61.5,16,0.69948
2025-04-21T21:54:00,0,61.5,16,0.69948
2025-04-21T21:57:00,0,61.4,16,0.70129
2025-04-21T22:00:00,0,61.9,16,0.69221
2025-04-21T22:03:00,0,61.5,16,0.69948
2025-04-21T22:06:00,0,61.6,16,0.69766
2025-04-21T22:09:00,0,61.4,16,0.70129
2025-04-21T22:12:00,0,61.5,16,0.69948
2025-04-21T22:15:00,0,62.2,16,0.68676
2025-04-21T22:18:00,0,61.3,16,0.70311
2025-04-21T22:21:00,0,61.2,16,0.70493
2025-04-21T22:24:00,0,60.3,16,0.72128
2025-04-21T22:27:00,0,60.5,16,0.71764
2025-04-21T22:30:00,0,60.2,16,0.72309
2025-04-21T22:33:00,0,59.7,16,0.73218
2025-04-21T22:36:00,0,60.3,16,0.72128
2025-04-21T22:39:00,0,60.5,16,0.71764
2025-04-21T22:42:00,0,59.6,16,0.734
2025-04-21T22:45:00,0,58.9,17,0.79576
2025-04-21T22:48:00,0,58.9,17,0.79576
2025-04-21T22:51:00,0,59,17,0.79383
2025-04-21T22:54:00,0,59.4,17,0.78608
2025-04-21T22:57:00,0,59.1,17,0.79189
2025-04-21T23:00:00,0,59.4,17,0.78608
2025-04-21T23:03:00,0,59.3,17,0.78802
2025-04-21T23:06:00,0,62.4,17,0.728
2025-04-21T23:09:00,0,64.7,17,0.68347
2025-04-21T23:12:00,0,66.3,16,0.61227
2025-04-21T23:15:00,0,67.9,16,0.5832
2025-04-21T23:18:00,0,68.5,16,0.5723
2025-04-21T23:21:00,0,69.4,16,0.55595
2025-04-21T23:24:00,0,69.9,16,0.54686
2025-04-21T23:27:00,0,70.3,16,0.5396
2025-04-21T23:30:00,0,70.8,16,0.53051
2025-04-21T23:33:00,0,71.2,16,0.52324
2025-04-21T23:36:00,0,71.1,16,0.52506
2025-04-21T23:39:00,0,71.1,16,0.52506
2025-04-21T23:42:00,0,71.2,16,0.52324
2025-04-21T23:45:00,0,71.2,16,0.52324
2025-04-21T23:48:00,0,71,16,0.52688
2025-04-21T23:51:00,0,71.8,16,0.51234
2025-04-21T23:54:00,0,71.3,16,0.52143
2025-04-21T23:57:00,0,69.8,16,0.54868
2025-04-22T00:00:00,0,69,16,0.56321
2025-04-22T00:03:00,0,68.8,17,0.60408
2025-04-22T00:06:00,0,68.6,17,0.60796
2025-04-22T00:09:00,0,68.7,16,0.56866
2025-04-22T00:12:00,0,69.2,16,0.55958
2025-04-22T00:15:00,0,69.2,16,0.55958
2025-04-22T00:18:00,0,69.2,16,0.55958
2025-04-22T00:21:00,0,69,16,0.56321
2025-04-22T00:24:00,0,68.9,16,0.56503
2025-04-22T00:27:00,0,68.9,16,0.56503
2025-04-22T00:30:00,0,68.9,16,0.56503
2025-04-22T00:33:00,0,69.8,16,0.54868
2025-04-22T00:36:00,0,71.3,16,0.52143
2025-04-22T00:39:00,0,72,16,0.50871
2025-04-22T00:42:00,0,72.3,16,0.50326
2025-04-22T00:45:00,0,72.8,16,0.49417
2025-04-22T00:48:00,0,73,16,0.49054
2025-04-22T00:51:00,0,73.2,16,0.48691
2025-04-22T00:54:00,0,73.7,16,0.47782
2025-04-22T00:57:00,0,73.1,16,0.48872
2025-04-22T01:00:00,0,72.1,16,0.50689
2025-04-22T01:03:00,0,71.1,17,0.55955
2025-04-22T01:06:00,0,70.6,17,0.56923
2025-04-22T01:09:00,0,70.6,17,0.56923
2025-04-22T01:12:00,0,71.1,17,0.55955
2025-04-22T01:15:00,0,71,16,0.52688
2025-04-22T01:18:00,0,71.5,16,0.51779
2025-04-22T01:21:00,0,71.6,16,0.51598
2025-04-22T01:24:00,0,71.8,16,0.51234
2025-04-22T01:27:00,0,71.9,16,0.51053
2025-04-22T01:30:00,0,72.2,16,0.50508
2025-04-22T01:33:00,0,72.3,16,0.50326
2025-04-22T01:36:00,0,72.6,16,0.49781
2025-04-22T01:39:00,0,72.8,16,0.49417
2025-04-22T01:42:00,0,72.7,16,0.49599
2025-04-22T01:45:00,0,72.8,16,0.49417
2025-04-22T01:48:00,0,73,16,0.49054
2025-04-22T01:51:00,0,73,16,0.49054
2025-04-22T01:54:00,0,72.8,16,0.49417
2025-04-22T01:57:00,0,72.7,16,0.49599
2025-04-22T02:00:00,0,72.6,16,0.49781
2025-04-22T02:03:00,0,73.1,16,0.48872
2025-04-22T02:06:00,0,74.1,16,0.47056
2025-04-22T02:09:00,0,74.6,16,0.46147
2025-04-22T02:12:00,0,75.1,16,0.45239
2025-04-22T02:15:00,0,75.4,16,0.44694
2025-04-22T02:18:00,0,75.5,16,0.44512
2025-04-22T02:21:00,0,75.7,16,0.44149
2025-04-22T02:24:00,0,75.7,16,0.44149
2025-04-22T02:27:00,0,76.1,16,0.43422
2025-04-22T02:30:00,0,75.3,16,0.44875
2025-04-22T02:33:00,0,74,16,0.47237
2025-04-22T02:36:00,0,73.4,17,0.51502
2025-04-22T02:39:00,0,73.4,16,0.48327
2025-04-22T02:42:00,0,73.3,16,0.48509
2025-04-22T02:45:00,0,73.5,16,0.48146
2025-04-22T02:48:00,0,73.5,16,0.48146
2025-04-22T02:51:00,0,73.6,16,0.47964
2025-04-22T02:54:00,0,73.9,16,0.47419
2025-04-22T02:57:00,0,73.5,16,0.48146
2025-04-22T03:00:00,0,73.5,16,0.48146
2025-04-22T03:03:00,0,73.4,16,0.48327
2025-04-22T03:06:00,0,73.5,16,0.48146
2025-04-22T03:09:00,0,73.3,16,0.48509
2025-04-22T03:12:00,0,73.3,16,0.48509
2025-04-22T03:15:00,0,73.4,16,0.48327
2025-04-22T03:18:00,0,73.3,16,0.48509
2025-04-22T03:21:00,0,73.4,16,0.48327
2025-04-22T03:24:00,0,73.8,16,0.47601
2025-04-22T03:27:00,0,72.8,16,0.49417
2025-04-22T03:30:00,0,71.7,16,0.51416
2025-04-22T03:33:00,0,71.2,16,0.52324
2025-04-22T03:36:00,0,70.9,16,0.52869
2025-04-22T03:39:00,0,71.1,16,0.52506
2025-04-22T03:42:00,0,71.3,16,0.52143
2025-04-22T03:45:00,0,71.4,16,0.51961
2025-04-22T03:48:00,0,71.3,16,0.52143
2025-04-22T03:51:00,0,71.3,16,0.52143
2025-04-22T03:54:00,0,71.2,16,0.52324
2025-04-22T03:57:00,0,71.2,16,0.52324
2025-04-22T04:00:00,0,71.3,16,0.52143
2025-04-22T04:03:00,350,71,16,0.52688
2025-04-22T04:06:00,346,70.2,16,0.54141
2025-04-22T04:09:00,345,69.8,16,0.54868
2025-04-22T04:12:00,342,69.1,16,0.5614
2025-04-22T04:15:00,340,68.5,17,0.60989
2025-04-22T04:18:00,338,68.2,17,0.6157
2025-04-22T04:21:00,336,68,17,0.61957
2025-04-22T04:24:00,336,67.5,17,0.62925
2025-04-22T04:27:00,335,67.2,17,0.63506
2025-04-22T04:30:00,335,67,17,0.63893
2025-04-22T04:33:00,334,66.8,17,0.64281
2025-04-22T04:36:00,334,66.5,17,0.64861
2025-04-22T04:39:00,332,66.2,17,0.65442
2025-04-22T04:42:00,332,65.9,17,0.66023
2025-04-22T04:45:00,333,65.8,17,0.66217
2025-04-22T04:48:00,333,65.3,17,0.67185
2025-04-22T04:51:00,333,65,18,0.72182
2025-04-22T04:54:00,331,64.9,18,0.72388
2025-04-22T04:57:00,331,64.7,18,0.728
2025-04-22T05:00:00,331,64.7,18,0.728
2025-04-22T05:03:00,332,64.5,18,0.73213
2025-04-22T05:06:00,331,64.1,18,0.74038
2025-04-22T05:09:00,333,64,18,0.74244
2025-04-22T05:12:00,333,63.9,18,0.7445
2025-04-22T05:15:00,332,63.7,18,0.74863
2025-04-22T05:18:00,332,63.5,18,0.75275
2025-04-22T05:21:00,333,63.5,18,0.75275
2025-04-22T05:24:00,334,63,18,0.76306
2025-04-22T05:27:00,332,62.9,18,0.76513
2025-04-22T05:30:00,333,62.9,18,0.76513
2025-04-22T05:33:00,333,62.9,18,0.76513
2025-04-22T05:36:00,334,62.6,18,0.77131
2025-04-22T05:39:00,334,62.5,18,0.77337
2025-04-22T05:42:00,333,62.5,18,0.77337
2025-04-22T05:45:00,333,62.6,18,0.77131
2025-04-22T05:48:00,332,62.3,18,0.7775
2025-04-22T05:51:00,334,62.1,19,0.83215
2025-04-22T05:54:00,334,61.9,19,0.83655
2025-04-22T05:57:00,334,62.3,19,0.82776
2025-04-22T06:00:00,333,61.8,19,0.83874
2025-04-22T06:03:00,334,61.5,19,0.84533
2025-04-22T06:06:00,333,61.5,19,0.84533
2025-04-22T06:09:00,332,61.4,19,0.84752
2025-04-22T06:12:00,334,61.3,19,0.84972
2025-04-22T06:15:00,334,61,19,0.85631
2025-04-22T06:18:00,335,60.8,19,0.8607
2025-04-22T06:21:00,335,60.7,19,0.86289
2025-04-22T06:24:00,336,60.6,19,0.86509
2025-04-22T06:27:00,336,60.4,19,0.86948
2025-04-22T06:30:00,336,60.1,19,0.87607
2025-04-22T06:33:00,336,60,19,0.87826
2025-04-22T06:36:00,338,59.7,19,0.88485
2025-04-22T06:39:00,339,59.5,19,0.88924
2025-04-22T06:42:00,342,59.4,19,0.89144
2025-04-22T06:45:00,340,59,19,0.90022
2025-04-22T06:48:00,342,58.9,19,0.90242
2025-04-22T06:51:00,346,58.9,19,0.90242
2025-04-22T06:54:00,350,58.6,19,0.909
2025-04-22T06:57:00,351,58.2,19,0.91778
2025-04-22T07:00:00,357,58.1,19,0.91998
2025-04-22T07:03:00,359,57.8,19,0.92657
2025-04-22T07:06:00,361,57.6,19,0.93096
2025-04-22T07:09:00,379,57.2,19,0.93974
2025-04-22T07:12:00,381,57.1,19,0.94194
2025-04-22T07:15:00,386,56.7,19,0.95072
2025-04-22T07:18:00,389,56.8,19,0.94852
2025-04-22T07:21:00,389,56.7,19,0.95072
2025-04-22T07:24:00,388,56.6,20,1.01403
2025-04-22T07:27:00,391,56.8,20,1.00936
2025-04-22T07:30:00,389,56.4,20,1.01871
2025-04-22T07:33:00,389,56.2,20,1.02338
2025-04-22T07:36:00,391,56.1,20,1.02571
2025-04-22T07:39:00,397,55.9,20,1.03039
2025-04-22T07:42:00,399,55.9,20,1.03039
2025-04-22T07:45:00,402,55.7,20,1.03506
2025-04-22T07:48:00,406,55.3,20,1.04441
2025-04-22T07:51:00,410,55,20,1.05142
2025-04-22T07:54:00,413,55,20,1.05142
2025-04-22T07:57:00,411,54.8,20,1.05609
2025-04-22T08:00:00,416,54.6,21,1.12826
2025-04-22T08:03:00,420,54.2,21,1.1382
2025-04-22T08:06:00,413,54.1,21,1.14069
2025-04-22T08:09:00,423,54.1,21,1.14069
2025-04-22T08:12:00,430,54.1,21,1.14069
2025-04-22T08:15:00,440,53.85,21,1.1469
2025-04-22T08:18:00,450,53.6,21,1.15311
2025-04-22T08:21:00,451,53.2,21,1.16305
2025-04-22T08:24:00,502,51.8,21,1.19784
2025-04-22T08:27:00,510,50.2,21,1.23761
2025-04-22T08:30:00,494,50.5,22,1.30781
2025-04-22T08:33:00,512,50.5,22,1.30781
2025-04-22T08:36:00,527,48.9,22,1.35009
2025-04-22T08:39:00,537,48.6,21,1.27737
2025-04-22T08:42:00,523,46.9,21,1.31962
2025-04-22T08:45:00,501,47.3,22,1.39236
2025-04-22T08:48:00,487,46.5,21,1.32956
2025-04-22T08:51:00,487,46.5,21,1.32956
2025-04-22T08:54:00,487,44.7,22,1.46105
2025-04-22T08:57:00,498,44.5,21,1.37926
2025-04-22T09:00:00,506,43.7,21,1.39914
2025-04-22T09:03:00,509,43.4,21,1.4066
2025-04-22T09:06:00,525,43.4,22,1.4954
2025-04-22T09:09:00,533,40.2,23,1.67891
2025-04-22T09:12:00,544,38.3,24,1.83992
2025-04-22T09:15:00,534,35.8,24,1.91447
2025-04-22T09:18:00,532,32.2,23,1.90352
2025-04-22T09:21:00,558,28.9,23,1.99616
2025-04-22T09:24:00,557,30.2,23,1.95967
2025-04-22T09:27:00,560,28.2,22,1.89699
2025-04-22T09:30:00,555,29.7,23,1.9737
2025-04-22T09:33:00,567,29.4,23,1.98213
2025-04-22T09:36:00,567,28.9,22,1.8785
2025-04-22T09:39:00,567,29.8,22,1.85472
2025-04-22T09:42:00,573,26.8,22,1.93398
2025-04-22T09:45:00,569,30.2,22,1.84415
2025-04-22T09:48:00,569,28.1,23,2.01862
2025-04-22T09:51:00,564,28.9,23,1.99616
2025-04-22T09:54:00,551,27.3,21,1.80671
2025-04-22T09:57:00,546,28.5,22,1.88906
2025-04-22T10:00:00,544,27.5,21,1.80174
2025-04-22T10:03:00,546,27.9,22,1.90492
2025-04-22T10:06:00,545,27.3,23,2.04109
2025-04-22T10:09:00,553,26,23,2.07758
2025-04-22T10:12:00,551,24.5,23,2.1197
2025-04-22T10:15:00,547,30.8,22,1.8283
2025-04-22T10:18:00,545,44.2,22,1.47426
2025-04-22T10:21:00,545,38.4,22,1.6275
2025-04-22T10:24:00,553,40.5,23,1.67049
2025-04-22T10:27:00,558,39.1,23,1.70979
2025-04-22T10:30:00,558,35.9,24,1.91149
2025-04-22T10:33:00,552,35.5,24,1.92342
2025-04-22T10:36:00,557,35.2,24,1.93236
2025-04-22T10:39:00,555,33.1,24,1.99499
2025-04-22T10:42:00,553,33.4,25,2.10852
2025-04-22T10:45:00,567,34.5,24,1.95324
2025-04-22T10:48:00,649,34.3,24,1.9592
2025-04-22T10:51:00,1122,35.9,24,1.91149
2025-04-22T10:54:00,786,38.6,25,1.94389
2025-04-22T10:57:00,1133,36.2,25,2.01987
2025-04-22T11:00:00,602,35.6,25,2.03887
2025-04-22T11:03:00,754,33.4,25,2.10852
2025-04-22T11:06:00,1398,32.4,25,2.14018
2025-04-22T11:09:00,1136,33.9,26,2.22075
2025-04-22T11:12:00,1290,36.2,26,2.14348
2025-04-22T11:15:00,1241,35.1,27,2.31284
2025-04-22T11:18:00,1407,34.7,26,2.19388
2025-04-22T11:21:00,1441,34.1,26,2.21403
2025-04-22T11:24:00,1450,35.2,25,2.05153
2025-04-22T11:27:00,1427,32.3,26,2.27451
2025-04-22T11:30:00,1405,34.2,26,2.21067
2025-04-22T11:33:00,1385,38.3,22,1.63014
2025-04-22T11:36:00,583,37.7,24,1.85781
2025-04-22T11:39:00,687,39.8,21,1.49606
2025-04-22T11:42:00,1175,36.1,22,1.68827
2025-04-22T11:45:00,1005,39.1,21,1.51346
2025-04-22T11:48:00,954,37.7,24,1.85781
2025-04-22T11:51:00,853,34.4,25,2.07686
2025-04-22T11:54:00,797,32.8,25,2.12752
2025-04-22T11:57:00,698,36,23,1.79683
2025-04-22T12:00:00,681,33.1,24,1.99499
2025-04-22T12:03:00,610,37.1,22,1.66185
2025-04-22T12:06:00,565,32.1,23,1.90632
2025-04-22T12:09:00,573,30.9,24,2.06059
2025-04-22T12:12:00,562,27.5,23,2.03547
2025-04-22T12:15:00,554,34.6,21,1.62529
2025-04-22T12:18:00,547,33.5,23,1.86702
2025-04-22T12:21:00,531,31.8,24,2.03375
2025-04-22T12:24:00,526,30.1,24,2.08445
2025-04-22T12:27:00,524,29.5,24,2.10234
2025-04-22T12:30:00,530,27.5,24,2.16198
2025-04-22T12:33:00,528,26,23,2.07758
2025-04-22T12:36:00,527,26.5,23,2.06355
2025-04-22T12:39:00,529,23.9,24,2.26933
2025-04-22T12:42:00,531,23.9,24,2.26933
2025-04-22T12:45:00,531,23.8,24,2.27232
2025-04-22T12:48:00,533,23.1,22,2.03173
2025-04-22T12:51:00,536,21.9,23,2.19269
2025-04-22T12:54:00,532,21.8,23,2.1955
2025-04-22T12:57:00,528,21.2,24,2.34985
2025-04-22T13:00:00,528,20,24,2.38563
2025-04-22T13:03:00,533,20.5,23,2.232
2025-04-22T13:06:00,536,21.4,22,2.07665
2025-04-22T13:09:00,528,24.1,19,1.6665
2025-04-22T13:12:00,529,22.2,21,1.93345
2025-04-22T13:15:00,534,22.4,19,1.70383
2025-04-22T13:18:00,536,21.2,21,1.9583
2025-04-22T13:21:00,527,20.3,22,2.10571
2025-04-22T13:24:00,536,20.9,22,2.08986
2025-04-22T13:27:00,531,19.7,23,2.25446
2025-04-22T13:30:00,549,19.6,23,2.25727
2025-04-22T13:33:00,556,19.4,23,2.26288
2025-04-22T13:36:00,572,18.3,24,2.43633
2025-04-22T13:39:00,563,17,25,2.62774
2025-04-22T13:42:00,587,18.2,19,1.79605
2025-04-22T13:45:00,559,20.8,20,1.85049
2025-04-22T13:48:00,595,22.8,19,1.69505
2025-04-22T13:51:00,563,19.9,21,1.99061
2025-04-22T13:54:00,549,19.7,21,1.99558
2025-04-22T13:57:00,554,19.5,21,2.00055
2025-04-22T14:00:00,879,19.3,22,2.13213
2025-04-22T14:03:00,1010,18.8,23,2.27973
2025-04-22T14:06:00,970,21.6,19,1.7214
2025-04-22T14:09:00,946,19.9,21,1.99061
2025-04-22T14:12:00,994,18.3,22,2.15855
2025-04-22T14:15:00,1097,17.4,23,2.31903
2025-04-22T14:18:00,1151,16,23,2.35834
2025-04-22T14:21:00,1103,19.2,21,2.008
2025-04-22T14:24:00,1254,18.2,22,2.1612
2025-04-22T14:27:00,1326,17.1,22,2.19026
2025-04-22T14:30:00,1390,17,23,2.33026
2025-04-22T14:33:00,1369,20.2,19,1.75213
2025-04-22T14:36:00,1353,18.1,22,2.16384
2025-04-22T14:39:00,1182,17.3,22,2.18497
2025-04-22T14:42:00,567,17.1,22,2.19026
2025-04-22T14:45:00,556,19.7,19,1.76311
2025-04-22T14:48:00,551,18.7,21,2.02043
2025-04-22T14:51:00,556,17,22,2.1929
2025-04-22T14:54:00,1141,16.5,23,2.3443
2025-04-22T14:57:00,1358,16.4,21,2.07759
2025-04-22T15:00:00,1336,16.6,21,2.07262
2025-04-22T15:03:00,1153,15.3,23,2.37799
2025-04-22T15:06:00,1093,15.5,23,2.37238
2025-04-22T15:09:00,603,14.8,24,2.5407
2025-04-22T15:12:00,572,17.3,21,2.05522
2025-04-22T15:15:00,636,16.2,22,2.21404
2025-04-22T15:18:00,623,16.6,22,2.20347
2025-04-22T15:21:00,560,17.2,23,2.32465
2025-04-22T15:24:00,574,17.6,22,2.17705
2025-04-22T15:27:00,559,16.1,23,2.35553
2025-04-22T15:30:00,549,16.9,22,2.19554
2025-04-22T15:33:00,547,16.2,23,2.35272
2025-04-22T15:36:00,539,16,23,2.35834
2025-04-22T15:39:00,534,15.3,23,2.37799
2025-04-22T15:42:00,537,16,22,2.21932
2025-04-22T15:45:00,553,16.2,22,2.21404
2025-04-22T15:48:00,550,16.6,22,2.20347
2025-04-22T15:51:00,549,16.5,22,2.20611
2025-04-22T15:54:00,553,16.3,23,2.34992
2025-04-22T15:57:00,563,18,21,2.03783
2025-04-22T16:00:00,562,17,21,2.06268
2025-04-22T16:03:00,528,17,21,2.06268
2025-04-22T16:06:00,520,16.7,21,2.07013
2025-04-22T16:09:00,513,17,22,2.1929
2025-04-22T16:12:00,506,17,22,2.1929
2025-04-22T16:15:00,506,16.6,23,2.34149
2025-04-22T16:18:00,501,17.4,21,2.05274
2025-04-22T16:21:00,498,17.2,21,2.05771
2025-04-22T16:24:00,481,17,22,2.1929
2025-04-22T16:27:00,475,17.1,22,2.19026
2025-04-22T16:30:00,479,16.6,22,2.20347
2025-04-22T16:33:00,479,17.4,21,2.05274
2025-04-22T16:36:00,461,19.7,19,1.76311
2025-04-22T16:39:00,470,20.5,20,1.8575
2025-04-22T16:42:00,458,17.7,20,1.92292
2025-04-22T16:45:00,460,17.5,20,1.9276
2025-04-22T16:48:00,454,15.5,21,2.09995
2025-04-22T16:51:00,449,17.2,20,1.9346
2025-04-22T16:54:00,453,16.9,21,2.06516
2025-04-22T16:57:00,446,16.3,22,2.21139
2025-04-22T17:00:00,452,15.3,22,2.23781
2025-04-22T17:03:00,446,15.2,22,2.24046
2025-04-22T17:06:00,446,15.8,22,2.2246
2025-04-22T17:09:00,438,15.1,21,2.1099
2025-04-22T17:12:00,434,16,21,2.08753
2025-04-22T17:15:00,432,18,22,2.16648
2025-04-22T17:18:00,431,16.7,21,2.07013
2025-04-22T17:21:00,434,17.2,22,2.18762
2025-04-22T17:24:00,436,15.8,22,2.2246
2025-04-22T17:27:00,438,16.8,22,2.19818
2025-04-22T17:30:00,437,14.6,21,2.12232
2025-04-22T17:33:00,454,16,21,2.08753
2025-04-22T17:36:00,488,15.4,22,2.23517
2025-04-22T17:39:00,433,15.1,22,2.2431
2025-04-22T17:42:00,431,15.5,22,2.23253
2025-04-22T17:45:00,427,15.6,22,2.22989
2025-04-22T17:48:00,424,14.8,22,2.25102
2025-04-22T17:51:00,419,15.2,22,2.24046
2025-04-22T17:54:00,419,14.8,22,2.25102
2025-04-22T17:57:00,416,16.3,22,2.21139
2025-04-22T18:00:00,419,16.1,23,2.35553
2025-04-22T18:03:00,422,15.2,22,2.24046
2025-04-22T18:06:00,436,15.5,22,2.23253
2025-04-22T18:09:00,456,15.5,22,2.23253
2025-04-22T18:12:00,446,16.2,22,2.21404
2025-04-22T18:15:00,467,16.5,22,2.20611
2025-04-22T18:18:00,439,15.9,22,2.22196
2025-04-22T18:21:00,416,15.7,22,2.22725
2025-04-22T18:24:00,413,15.3,21,2.10492
2025-04-22T18:27:00,431,16,21,2.08753
2025-04-22T18:30:00,421,17.1,22,2.19026
2025-04-22T18:33:00,416,16,22,2.21932
2025-04-22T18:36:00,391,16.6,22,2.20347
2025-04-22T18:39:00,389,15.6,21,2.09747
2025-04-22T18:42:00,387,16.1,21,2.08504
2025-04-22T18:45:00,383,16.9,21,2.06516
2025-04-22T18:48:00,379,17.7,22,2.17441
2025-04-22T18:51:00,378,17.3,22,2.18497
2025-04-22T18:54:00,377,17.7,21,2.04528
2025-04-22T18:57:00,373,17.6,21,2.04777
2025-04-22T19:00:00,373,18.3,21,2.03037
2025-04-22T19:03:00,371,18.1,21,2.03534
2025-04-22T19:06:00,369,17.9,21,2.04031
2025-04-22T19:09:00,369,17.7,21,2.04528
2025-04-22T19:12:00,366,17.9,21,2.04031
2025-04-22T19:15:00,361,19.5,21,2.00055
2025-04-22T19:18:00,361,19.5,22,2.12685
2025-04-22T19:21:00,359,18.4,21,2.02789
2025-04-22T19:24:00,358,18.9,21,2.01546
2025-04-22T19:27:00,356,20.1,22,2.111
2025-04-22T19:30:00,356,20.4,22,2.10307
2025-04-22T19:33:00,352,20.4,22,2.10307
2025-04-22T19:36:00,353,19.5,21,2.00055
2025-04-22T19:39:00,350,19.7,21,1.99558
2025-04-22T19:42:00,347,19.5,21,2.00055
2025-04-22T19:45:00,347,19.5,21,2.00055
2025-04-22T19:48:00,347,19.6,22,2.12421
2025-04-22T19:51:00,345,19.8,21,1.99309
2025-04-22T19:54:00,343,20.1,21,1.98564
2025-04-22T19:57:00,344,20.3,22,2.10571
2025-04-22T20:00:00,342,19.9,22,2.11628
2025-04-22T20:03:00,0,20.4,21,1.97818
2025-04-22T20:06:00,0,20.6,21,1.97321
2025-04-22T20:09:00,0,20.7,21,1.97073
2025-04-22T20:12:00,0,21.7,20,1.82946
2025-04-22T20:15:00,0,22.8,20,1.80376
2025-04-22T20:18:00,0,23.8,20,1.7804
2025-04-22T20:21:00,0,24.8,20,1.75703
2025-04-22T20:24:00,0,25.9,20,1.73133
2025-04-22T20:27:00,0,26.8,19,1.60722
2025-04-22T20:30:00,0,28.1,19,1.57868
2025-04-22T20:33:00,0,28.7,19,1.5655
2025-04-22T20:36:00,0,29.8,19,1.54135
2025-04-22T20:39:00,0,30.6,19,1.52379
2025-04-22T20:42:00,0,31.3,19,1.50842
2025-04-22T20:45:00,0,32.2,19,1.48866
2025-04-22T20:48:00,0,33.2,19,1.4667
2025-04-22T20:51:00,0,33.7,19,1.45572
2025-04-22T20:54:00,0,34.4,19,1.44035
2025-04-22T20:57:00,0,35.2,19,1.42279
2025-04-22T21:00:00,0,35.9,19,1.40742
2025-04-22T21:03:00,0,36.7,19,1.38985
2025-04-22T21:06:00,0,37.3,19,1.37668
2025-04-22T21:09:00,0,38.1,18,1.27658
2025-04-22T21:12:00,0,38.6,18,1.26627
2025-04-22T21:15:00,0,39.2,18,1.2539
2025-04-22T21:18:00,0,39.9,18,1.23946
2025-04-22T21:21:00,0,40.6,18,1.22503
2025-04-22T21:24:00,0,41.2,18,1.21265
2025-04-22T21:27:00,0,41.8,18,1.20028
2025-04-22T21:30:00,0,42.4,18,1.1879
2025-04-22T21:33:00,0,42.9,18,1.17759
2025-04-22T21:36:00,0,43.4,18,1.16728
2025-04-22T21:39:00,0,43.8,18,1.15903
2025-04-22T21:42:00,0,44.3,18,1.14872
2025-04-22T21:45:00,0,44.7,18,1.14047
2025-04-22T21:48:00,0,45.2,17,1.06102
2025-04-22T21:51:00,0,45.5,17,1.05521
2025-04-22T21:54:00,0,45.8,17,1.0494
2025-04-22T21:57:00,0,46,17,1.04553
2025-04-22T22:00:00,0,46.3,17,1.03972
2025-04-22T22:03:00,0,46.5,17,1.03585
2025-04-22T22:06:00,0,46.9,17,1.0281
2025-04-22T22:09:00,0,47,17,1.02617
2025-04-22T22:12:00,0,47.3,17,1.02036
2025-04-22T22:15:00,0,47.5,17,1.01649
2025-04-22T22:18:00,0,47.8,17,1.01068
2025-04-22T22:21:00,0,47.8,17,1.01068
2025-04-22T22:24:00,0,48.1,17,1.00487
2025-04-22T22:27:00,0,48.5,17,0.99712
2025-04-22T22:30:00,0,48.5,17,0.99712
2025-04-22T22:33:00,0,48.7,17,0.99325
2025-04-22T22:36:00,0,48.7,17,0.99325
2025-04-22T22:39:00,0,48.8,17,0.99132
2025-04-22T22:42:00,0,48.9,17,0.98938
2025-04-22T22:45:00,0,49.1,17,0.98551
2025-04-22T22:48:00,0,49,17,0.98744
2025-04-22T22:51:00,0,49.1,17,0.98551
2025-04-22T22:54:00,0,49.2,17,0.98357
2025-04-22T22:57:00,0,49.3,16,0.92113
2025-04-22T23:00:00,0,49.4,16,0.91931
2025-04-22T23:03:00,0,49.5,16,0.91749
2025-04-22T23:06:00,0,53,16,0.85391
2025-04-22T23:09:00,0,56.1,16,0.79758
2025-04-22T23:12:00,0,58.3,16,0.75761
2025-04-22T23:15:00,0,59.7,16,0.73218
2025-04-22T23:18:00,0,60.4,16,0.71946
2025-04-22T23:21:00,0,61.2,16,0.70493
2025-04-22T23:24:00,0,61.3,16,0.70311
2025-04-22T23:27:00,0,61.5,16,0.69948
2025-04-22T23:30:00,0,62.3,16,0.68494
2025-04-22T23:33:00,0,62.2,16,0.68676
2025-04-22T23:36:00,0,62.3,16,0.68494
2025-04-22T23:39:00,0,62.4,16,0.68312
2025-04-22T23:42:00,0,62.4,16,0.68312
2025-04-22T23:45:00,0,62.8,16,0.67586
2025-04-22T23:48:00,0,62.7,16,0.67767
2025-04-22T23:51:00,0,62.7,16,0.67767
2025-04-22T23:54:00,0,62.8,16,0.67586
2025-04-22T23:57:00,0,63.6,16,0.66132
2025-04-23T00:00:00,0,62.9,16,0.67404
2025-04-23T00:03:00,0,61.4,17,0.74736
2025-04-23T00:06:00,0,60.6,17,0.76285
2025-04-23T00:09:00,0,60.3,17,0.76866
2025-04-23T00:12:00,0,60.1,17,0.77253
2025-04-23T00:15:00,0,60,17,0.77447
2025-04-23T00:18:00,0,60.1,17,0.77253
2025-04-23T00:21:00,0,60.1,16,0.72491
2025-04-23T00:24:00,0,60,16,0.72673
2025-04-23T00:27:00,0,59.8,16,0.73036
2025-04-23T00:30:00,0,59.7,16,0.73218
2025-04-23T00:33:00,0,60.8,16,0.71219
2025-04-23T00:36:00,0,62.6,16,0.67949
2025-04-23T00:39:00,0,63.6,16,0.66132
2025-04-23T00:42:00,0,63.7,16,0.65951
2025-04-23T00:45:00,0,64.7,16,0.64134
2025-04-23T00:48:00,0,64.4,16,0.64679
2025-04-23T00:51:00,0,65,16,0.63589
2025-04-23T00:54:00,0,65,16,0.63589
2025-04-23T00:57:00,0,64.9,16,0.6377
2025-04-23T01:00:00,0,64.9,16,0.6377
2025-04-23T01:03:00,0,64.6,16,0.64315
2025-04-23T01:06:00,0,63.5,16,0.66314
2025-04-23T01:09:00,0,62.6,17,0.72413
2025-04-23T01:12:00,0,62.5,17,0.72606
2025-04-23T01:15:00,0,62.7,16,0.67767
2025-04-23T01:18:00,0,62.4,16,0.68312
2025-04-23T01:21:00,0,62.2,16,0.68676
2025-04-23T01:24:00,0,62.2,16,0.68676
2025-04-23T01:27:00,0,61.8,16,0.69403
2025-04-23T01:30:00,0,61.7,16,0.69584
2025-04-23T01:33:00,0,61.8,16,0.69403
2025-04-23T01:36:00,0,61.7,16,0.69584
2025-04-23T01:39:00,0,61.6,16,0.69766
2025-04-23T01:42:00,0,61.6,16,0.69766
2025-04-23T01:45:00,0,61.7,16,0.69584
2025-04-23T01:48:00,0,60.5,16,0.71764
2025-04-23T01:51:00,0,59.5,16,0.73581
2025-04-23T01:54:00,0,59.3,17,0.78802
2025-04-23T01:57:00,0,58.9,16,0.74671
2025-04-23T02:00:00,0,58.8,16,0.74853
2025-04-23T02:03:00,0,59.5,16,0.73581
2025-04-23T02:06:00,0,61.2,16,0.70493
2025-04-23T02:09:00,0,62.4,16,0.68312
2025-04-23T02:12:00,0,63.1,16,0.67041
2025-04-23T02:15:00,0,63.2,16,0.66859
2025-04-23T02:18:00,0,63.7,16,0.65951
2025-04-23T02:21:00,0,64,16,0.65406
2025-04-23T02:24:00,0,64.1,16,0.65224
2025-04-23T02:27:00,0,63.6,16,0.66132
2025-04-23T02:30:00,0,62.2,16,0.68676
2025-04-23T02:33:00,0,61.9,16,0.69221
2025-04-23T02:36:00,0,61.4,17,0.74736
2025-04-23T02:39:00,0,61.6,16,0.69766
2025-04-23T02:42:00,0,61.8,16,0.69403
2025-04-23T02:45:00,0,62,16,0.69039
2025-04-23T02:48:00,0,62.3,16,0.68494
2025-04-23T02:51:00,0,62.5,16,0.68131
2025-04-23T02:54:00,0,62.4,16,0.68312
2025-04-23T02:57:00,0,62.6,16,0.67949
2025-04-23T03:00:00,0,62.5,16,0.68131
2025-04-23T03:03:00,0,61.5,16,0.69948
2025-04-23T03:06:00,0,60.7,16,0.71401
2025-04-23T03:09:00,0,60.2,16,0.72309
2025-04-23T03:12:00,0,60.1,16,0.72491
2025-04-23T03:15:00,0,59.9,16,0.72854
2025-04-23T03:18:00,0,60.2,16,0.72309
2025-04-23T03:21:00,0,60.6,16,0.71583
2025-04-23T03:24:00,0,60.5,16,0.71764
2025-04-23T03:27:00,0,60.9,16,0.71038
2025-04-23T03:30:00,0,60.8,16,0.71219
2025-04-23T03:33:00,0,61.1,16,0.70674
2025-04-23T03:36:00,0,60.2,16,0.72309
2025-04-23T03:39:00,0,59.3,16,0.73945
2025-04-23T03:42:00,0,58.6,16,0.75216
2025-04-23T03:45:00,0,58.6,16,0.75216
2025-04-23T03:48:00,0,58.7,16,0.75035
2025-04-23T03:51:00,0,58.9,16,0.74671
2025-04-23T03:54:00,0,59,16,0.7449
2025-04-23T03:57:00,0,58.9,16,0.74671
2025-04-23T04:00:00,0,59.3,16,0.73945
2025-04-23T04:03:00,350,59.2,16,0.74126
2025-04-23T04:06:00,347,58.1,16,0.76125
2025-04-23T04:09:00,345,56.9,17,0.83449
2025-04-23T04:12:00,344,55.8,17,0.85578
2025-04-23T04:15:00,341,54.9,17,0.87321
2025-04-23T04:18:00,339,54.6,17,0.87902
2025-04-23T04:21:00,339,54.5,17,0.88095
2025-04-23T04:24:00,337,54.3,17,0.88483
2025-04-23T04:27:00,336,54.3,17,0.88483
2025-04-23T04:30:00,336,54.1,17,0.8887
2025-04-23T04:33:00,335,53.9,17,0.89257
2025-04-23T04:36:00,333,54.1,17,0.8887
2025-04-23T04:39:00,333,54,17,0.89064
2025-04-23T04:42:00,334,53.9,17,0.89257
2025-04-23T04:45:00,334,53.7,17,0.89644
2025-04-23T04:48:00,333,53.4,17,0.90225
2025-04-23T04:51:00,333,53.2,18,0.96517
2025-04-23T04:54:00,331,53,18,0.9693
2025-04-23T04:57:00,332,52.9,17,0.91193
2025-04-23T05:00:00,333,52.8,18,0.97342
2025-04-23T05:03:00,331,52.5,17,0.91968
2025-04-23T05:06:00,333,52.4,18,0.98167
2025-04-23T05:09:00,332,52.5,18,0.97961
2025-04-23T05:12:00,331,52.1,18,0.98786
2025-04-23T05:15:00,333,52.1,18,0.98786
2025-04-23T05:18:00,332,52.1,18,0.98786
2025-04-23T05:21:00,331,51.9,18,0.99198
2025-04-23T05:24:00,332,52.3,18,0.98373
2025-04-23T05:27:00,333,52,18,0.98992
2025-04-23T05:30:00,332,51.9,18,0.99198
2025-04-23T05:33:00,332,51.9,18,0.99198
2025-04-23T05:36:00,332,51.7,18,0.99611
2025-04-23T05:39:00,332,51.6,18,0.99817
2025-04-23T05:42:00,334,51.3,18,1.00436
2025-04-23T05:45:00,334,51.2,18,1.00642
2025-04-23T05:48:00,333,51.2,18,1.00642
2025-04-23T05:51:00,333,51,18,1.01054
2025-04-23T05:54:00,334,51,18,1.01054
2025-04-23T05:57:00,333,51,18,1.01054
2025-04-23T06:00:00,334,51,18,1.01054
2025-04-23T06:03:00,334,51,18,1.01054
2025-04-23T06:06:00,335,51.1,18,1.00848
2025-04-23T06:09:00,334,50.9,18,1.01261
2025-04-23T06:12:00,337,50.7,18,1.01673
2025-04-23T06:15:00,335,50.6,18,1.01879
2025-04-23T06:18:00,335,50.3,18,1.02498
2025-04-23T06:21:00,337,50.2,18,1.02704
2025-04-23T06:24:00,337,50.1,18,1.0291
2025-04-23T06:27:00,338,49.8,18,1.03529
2025-04-23T06:30:00,339,49.9,18,1.03323
2025-04-23T06:33:00,340,50.1,18,1.0291
2025-04-23T06:36:00,341,50,18,1.03117
2025-04-23T06:39:00,342,50.3,18,1.02498
2025-04-23T06:42:00,344,50.1,18,1.0291
2025-04-23T06:45:00,343,50.3,18,1.02498
2025-04-23T06:48:00,344,50.4,18,1.02292
2025-04-23T06:51:00,350,50.5,18,1.02085
2025-04-23T06:54:00,348,50.9,18,1.01261
2025-04-23T06:57:00,351,51,18,1.01054
2025-04-23T07:00:00,353,51.3,18,1.00436
2025-04-23T07:03:00,355,51.6,18,0.99817
2025-04-23T07:06:00,356,51.9,18,0.99198
2025-04-23T07:09:00,357,51.9,18,0.99198
2025-04-23T07:12:00,359,51.8,18,0.99404
2025-04-23T07:15:00,362,51.9,19,1.05611
2025-04-23T07:18:00,363,52,19,1.05392
2025-04-23T07:21:00,362,52.1,19,1.05172
2025-04-23T07:24:00,364,52,19,1.05392
2025-04-23T07:27:00,367,52,19,1.05392
2025-04-23T07:30:00,367,51.8,19,1.05831
2025-04-23T07:33:00,372,51.9,19,1.05611
2025-04-23T07:36:00,379,52,19,1.05392
2025-04-23T07:39:00,387,51.8,19,1.05831
2025-04-23T07:42:00,388,51.7,19,1.0605
2025-04-23T07:45:00,393,51.5,20,1.13319
2025-04-23T07:48:00,410,51.5,20,1.13319
2025-04-23T07:51:00,402,51.4,20,1.13553
2025-04-23T07:54:00,411,51.1,20,1.14254
2025-04-23T07:57:00,399,50.9,20,1.14721
2025-04-23T08:00:00,416,50.7,20,1.15188
2025-04-23T08:03:00,420,50.7,20,1.15188
2025-04-23T08:06:00,405,50.9,21,1.22021
2025-04-23T08:09:00,408,50.6,21,1.22767
2025-04-23T08:12:00,419,50.6,21,1.22767
2025-04-23T08:15:00,430,50.5,21,1.23015
2025-04-23T08:18:00,438,50.6,21,1.22767
2025-04-23T08:21:00,515,50.5,21,1.23015
2025-04-23T08:24:00,632,50.1,21,1.24009
2025-04-23T08:27:00,548,49.5,22,1.33423
2025-04-23T08:30:00,620,49.2,22,1.34216
2025-04-23T08:33:00,634,48.5,22,1.36065
2025-04-23T08:36:00,641,48.5,23,1.44589
2025-04-23T08:39:00,627,48.2,23,1.45431
2025-04-23T08:42:00,561,48.1,23,1.45712
2025-04-23T08:45:00,501,48,23,1.45992
2025-04-23T08:48:00,486,46.3,23,1.50765
2025-04-23T08:51:00,495,44.8,23,1.54976
2025-04-23T08:54:00,509,43.8,23,1.57784
2025-04-23T08:57:00,510,42.8,23,1.60592
2025-04-23T09:00:00,509,42,23,1.62838
2025-04-23T09:03:00,534,40.9,23,1.65926
2025-04-23T09:06:00,515,40,23,1.68453
2025-04-23T09:09:00,528,38.9,23,1.71541
2025-04-23T09:12:00,539,37.2,23,1.76314
2025-04-23T09:15:00,526,36.6,23,1.77998
2025-04-23T09:18:00,536,34.6,23,1.83613
2025-04-23T09:21:00,542,33.5,23,1.86702
2025-04-23T09:24:00,545,31.9,23,1.91194
2025-04-23T09:27:00,550,33,23,1.88106
2025-04-23T09:30:00,550,30.2,23,1.95967
2025-04-23T09:33:00,556,35.4,23,1.81367
2025-04-23T09:36:00,550,31.4,22,1.81244
2025-04-23T09:39:00,547,32.4,21,1.67996
2025-04-23T09:42:00,539,30.6,21,1.7247
2025-04-23T09:45:00,539,30.2,21,1.73464
2025-04-23T09:48:00,541,29.9,22,1.85208
2025-04-23T09:51:00,535,28.4,22,1.89171
2025-04-23T09:54:00,535,27.9,23,2.02424
2025-04-23T09:57:00,525,27.8,21,1.79428
2025-04-23T10:00:00,516,28.9,21,1.76694
2025-04-23T10:03:00,511,28.7,21,1.77191
2025-04-23T10:06:00,566,29,21,1.76446
2025-04-23T10:09:00,559,27.9,22,1.90492
2025-04-23T10:12:00,530,26.5,22,1.94191
2025-04-23T10:15:00,517,26.1,23,2.07478
2025-04-23T10:18:00,515,30.7,18,1.4292
2025-04-23T10:21:00,515,28.2,22,1.89699
2025-04-23T10:24:00,509,31.9,18,1.40445
2025-04-23T10:27:00,512,26.1,20,1.72666
2025-04-23T10:30:00,505,29.2,19,1.55453
2025-04-23T10:33:00,507,26.9,21,1.81665
2025-04-23T10:36:00,512,26.2,22,1.94983
2025-04-23T10:39:00,512,24.9,22,1.98418
2025-04-23T10:42:00,512,27.7,20,1.68927
2025-04-23T10:45:00,512,26.3,21,1.83156
2025-04-23T10:48:00,515,24.7,22,1.98946
2025-04-23T10:51:00,655,26.1,21,1.83653
2025-04-23T10:54:00,638,27.6,18,1.49313
2025-04-23T10:57:00,1104,26.7,20,1.71264
2025-04-23T11:00:00,793,25.2,21,1.85889
2025-04-23T11:03:00,537,25.4,21,1.85392
2025-04-23T11:06:00,819,28.1,19,1.57868
2025-04-23T11:09:00,932,23.6,21,1.89866
2025-04-23T11:12:00,1597,25.3,20,1.74535
2025-04-23T11:15:00,1266,27.4,18,1.49725
2025-04-23T11:18:00,920,23.7,21,1.89617
2025-04-23T11:21:00,1635,24.4,21,1.87878
2025-04-23T11:24:00,1516,26.3,19,1.6182
2025-04-23T11:27:00,1575,23.4,22,2.02381
2025-04-23T11:30:00,452,24.4,21,1.87878
2025-04-23T11:33:00,476,25.6,19,1.63357
2025-04-23T11:36:00,575,23.4,21,1.90363
2025-04-23T11:39:00,1264,25.8,19,1.62918
2025-04-23T11:42:00,1216,22.7,19,1.69724
2025-04-23T11:45:00,1095,24,20,1.77572
2025-04-23T11:48:00,1013,23.8,21,1.89369
2025-04-23T11:51:00,909,24.9,20,1.7547
2025-04-23T11:54:00,811,23.1,19,1.68846
2025-04-23T11:57:00,756,23.5,21,1.90114
2025-04-23T12:00:00,702,24.6,19,1.65553
2025-04-23T12:03:00,416,21.6,21,1.94836
2025-04-23T12:06:00,606,24.9,19,1.64894
2025-04-23T12:09:00,581,22.1,22,2.05816
2025-04-23T12:12:00,572,23.9,20,1.77806
2025-04-23T12:15:00,556,23.9,19,1.6709
2025-04-23T12:18:00,531,23.2,21,1.9086
2025-04-23T12:21:00,511,25,19,1.64674
2025-04-23T12:24:00,512,21.9,21,1.9409
2025-04-23T12:27:00,449,24,20,1.77572
2025-04-23T12:30:00,495,22.5,21,1.92599
2025-04-23T12:33:00,515,21.5,21,1.95085
2025-04-23T12:36:00,509,20.6,21,1.97321
2025-04-23T12:39:00,496,25,19,1.64674
2025-04-23T12:42:00,499,21.2,21,1.9583
2025-04-23T12:45:00,497,22.1,20,1.82012
2025-04-23T12:48:00,503,24.3,19,1.66211
2025-04-23T12:51:00,509,20.4,20,1.85984
2025-04-23T12:54:00,378,23.2,19,1.68627
2025-04-23T12:57:00,527,20,21,1.98812
2025-04-23T13:00:00,523,21.7,21,1.94588
2025-04-23T13:03:00,520,23.5,19,1.67968
2025-04-23T13:06:00,519,21.7,19,1.7192
2025-04-23T13:09:00,493,22.4,19,1.70383
2025-04-23T13:12:00,517,22.3,18,1.60243
2025-04-23T13:15:00,528,22.8,20,1.80376
2025-04-23T13:18:00,538,20.2,22,2.10835
2025-04-23T13:21:00,540,19,22,2.14006
2025-04-23T13:24:00,540,20.9,19,1.73677
2025-04-23T13:27:00,531,22.2,20,1.81778
2025-04-23T13:30:00,539,20.7,20,1.85283
2025-04-23T13:33:00,545,23.8,18,1.5715
2025-04-23T13:36:00,561,19.6,21,1.99806
2025-04-23T13:39:00,576,23.9,18,1.56944
2025-04-23T13:42:00,598,21.1,20,1.84348
2025-04-23T13:45:00,557,22.4,18,1.60037
2025-04-23T13:48:00,558,21.6,18,1.61687
2025-04-23T13:51:00,500,23.2,19,1.68627
2025-04-23T13:54:00,495,19.6,19,1.76531
2025-04-23T13:57:00,496,22.8,19,1.69505
2025-04-23T14:00:00,1182,20.4,20,1.85984
2025-04-23T14:03:00,1267,23.5,18,1.57768
2025-04-23T14:06:00,1347,22.5,19,1.70163
2025-04-23T14:09:00,1369,18.8,21,2.01794
2025-04-23T14:12:00,1499,22.4,18,1.60037
2025-04-23T14:15:00,1254,21.8,20,1.82713
2025-04-23T14:18:00,1510,21.3,19,1.72798
2025-04-23T14:21:00,1283,22.7,18,1.59418
2025-04-23T14:24:00,1617,20.1,21,1.98564
2025-04-23T14:27:00,1677,21.2,20,1.84115
2025-04-23T14:30:00,1666,23,19,1.69066
2025-04-23T14:33:00,1668,21.7,19,1.7192
2025-04-23T14:36:00,1674,19.1,22,2.13742
2025-04-23T14:39:00,1376,22.8,17,1.49472
2025-04-23T14:42:00,508,22.1,20,1.82012
2025-04-23T14:45:00,529,21.1,18,1.62718
2025-04-23T14:48:00,495,23.5,16,1.38987
2025-04-23T14:51:00,498,20.3,21,1.98067
2025-04-23T14:54:00,1334,20.1,19,1.75433
2025-04-23T14:57:00,1486,22,18,1.60862
2025-04-23T15:00:00,1289,19.9,21,1.99061
2025-04-23T15:03:00,983,18.8,19,1.78287
2025-04-23T15:06:00,523,21.9,17,1.51214
2025-04-23T15:09:00,510,19.2,21,2.008
2025-04-23T15:12:00,506,19.6,18,1.65812
2025-04-23T15:15:00,501,21.3,19,1.72798
2025-04-23T15:18:00,505,17.4,23,2.31903
2025-04-23T15:21:00,497,19.7,18,1.65605
2025-04-23T15:24:00,492,20.6,19,1.74335
2025-04-23T15:27:00,495,17.6,22,2.17705
2025-04-23T15:30:00,490,18.6,19,1.78727
2025-04-23T15:33:00,487,20.3,18,1.64368
2025-04-23T15:36:00,499,18.6,21,2.02291
2025-04-23T15:39:00,505,17.4,20,1.92993
2025-04-23T15:42:00,539,21.4,18,1.62099
2025-04-23T15:45:00,575,20.7,19,1.74116
2025-04-23T15:48:00,492,18.2,21,2.03286
2025-04-23T15:51:00,542,19.7,19,1.76311
2025-04-23T15:54:00,511,21.2,18,1.62512
2025-04-23T15:57:00,536,19.5,20,1.88087
2025-04-23T16:00:00,520,20.2,19,1.75213
2025-04-23T16:03:00,484,21,17,1.52957
2025-04-23T16:06:00,466,20.3,19,1.74994
2025-04-23T16:09:00,364,20.3,19,1.74994
2025-04-23T16:12:00,460,19.8,19,1.76092
2025-04-23T16:15:00,463,18.9,20,1.89488
2025-04-23T16:18:00,427,20.3,20,1.86217
2025-04-23T16:21:00,476,19.4,21,2.00303
2025-04-23T16:24:00,457,19.3,21,2.00552
2025-04-23T16:27:00,454,19.1,22,2.13742
2025-04-23T16:30:00,457,20.2,21,1.98315
2025-04-23T16:33:00,462,18.4,21,2.02789
2025-04-23T16:36:00,460,19.5,20,1.88087
2025-04-23T16:39:00,456,19.2,21,2.008
2025-04-23T16:42:00,446,18.9,22,2.1427
2025-04-23T16:45:00,446,18.5,22,2.15327
2025-04-23T16:48:00,442,18.6,22,2.15063
2025-04-23T16:51:00,424,20.9,18,1.63131
2025-04-23T16:54:00,430,19.7,19,1.76311
2025-04-23T16:57:00,430,18.7,20,1.89956
2025-04-23T17:00:00,430,19.7,20,1.87619
2025-04-23T17:03:00,427,19.2,21,2.008
2025-04-23T17:06:00,430,18.9,21,2.01546
2025-04-23T17:09:00,443,19.6,22,2.12421
2025-04-23T17:12:00,443,18.6,22,2.15063
2025-04-23T17:15:00,447,18.8,22,2.14534
2025-04-23T17:18:00,449,18.5,22,2.15327
2025-04-23T17:21:00,428,20.6,20,1.85516
2025-04-23T17:24:00,421,20.2,21,1.98315
2025-04-23T17:27:00,415,20,21,1.98812
2025-04-23T17:30:00,414,19.2,22,2.13477
2025-04-23T17:33:00,414,18.5,22,2.15327
2025-04-23T17:36:00,567,18.7,22,2.14798
2025-04-23T17:39:00,415,18.8,21,2.01794
2025-04-23T17:42:00,410,19.2,21,2.008
2025-04-23T17:45:00,403,18.8,21,2.01794
2025-04-23T17:48:00,397,19.2,21,2.008
2025-04-23T17:51:00,394,19.2,21,2.008
2025-04-23T17:54:00,391,19.8,21,1.99309
2025-04-23T17:57:00,396,19.8,22,2.11892
2025-04-23T18:00:00,402,18.8,22,2.14534
2025-04-23T18:03:00,421,19.5,21,2.00055
2025-04-23T18:06:00,443,19.9,22,2.11628
2025-04-23T18:09:00,470,18.6,22,2.15063
2025-04-23T18:12:00,480,18.9,22,2.1427
2025-04-23T18:15:00,446,18.4,23,2.29096
2025-04-23T18:18:00,421,18.8,22,2.14534
2025-04-23T18:21:00,416,19.4,22,2.12949
2025-04-23T18:24:00,418,18.9,22,2.1427
2025-04-23T18:27:00,414,19.6,23,2.25727
2025-04-23T18:30:00,459,18.9,23,2.27692
2025-04-23T18:33:00,394,18.8,22,2.14534
2025-04-23T18:36:00,383,19.2,22,2.13477
2025-04-23T18:39:00,379,19.5,22,2.12685
2025-04-23T18:42:00,372,19.7,22,2.12156
2025-04-23T18:45:00,369,19.2,22,2.13477
2025-04-23T18:48:00,368,20.1,22,2.111
2025-04-23T18:51:00,365,20.1,22,2.111
2025-04-23T18:54:00,364,20.4,22,2.10307
2025-04-23T18:57:00,369,20.9,22,2.08986
2025-04-23T19:00:00,368,21,22,2.08722
2025-04-23T19:03:00,367,21.6,22,2.07137
2025-04-23T19:06:00,365,21.8,22,2.06608
2025-04-23T19:09:00,361,21.5,22,2.07401
2025-04-23T19:12:00,357,21,22,2.08722
2025-04-23T19:15:00,354,21.4,22,2.07665
2025-04-23T19:18:00,352,22.4,22,2.05023
2025-04-23T19:21:00,353,22.6,22,2.04495
2025-04-23T19:24:00,350,22.4,21,1.92848
2025-04-23T19:27:00,349,23.4,22,2.02381
2025-04-23T19:30:00,349,23.1,22,2.03173
2025-04-23T19:33:00,349,22.9,21,1.91605
2025-04-23T19:36:00,347,22.9,21,1.91605
2025-04-23T19:39:00,347,23.1,21,1.91108
2025-04-23T19:42:00,345,23,21,1.91357
2025-04-23T19:45:00,345,23.3,21,1.90611
2025-04-23T19:48:00,342,23.3,21,1.90611
2025-04-23T19:51:00,342,23.6,21,1.89866
2025-04-23T19:54:00,339,23.7,21,1.89617
2025-04-23T19:57:00,338,23.7,21,1.89617
2025-04-23T20:00:00,337,24,21,1.88872
2025-04-23T20:03:00,0,24.4,21,1.87878
2025-04-23T20:06:00,0,24.5,20,1.76404
2025-04-23T20:09:00,0,24.7,20,1.75937
2025-04-23T20:12:00,0,25,20,1.75236
2025-04-23T20:15:00,0,25.3,20,1.74535
2025-04-23T20:18:00,0,25.9,20,1.73133
2025-04-23T20:21:00,0,26.8,20,1.7103
2025-04-23T20:24:00,0,27.5,20,1.69395
2025-04-23T20:27:00,0,28.7,20,1.66591
2025-04-23T20:30:00,0,29.1,20,1.65656
2025-04-23T20:33:00,0,29.7,20,1.64255
2025-04-23T20:36:00,0,30.7,20,1.61918
2025-04-23T20:39:00,0,31.7,20,1.59582
2025-04-23T20:42:00,0,32.3,20,1.5818
2025-04-23T20:45:00,0,33.3,20,1.55843
2025-04-23T20:48:00,0,34.1,20,1.53974
2025-04-23T20:51:00,0,35,20,1.51871
2025-04-23T20:54:00,0,35.4,20,1.50937
2025-04-23T20:57:00,0,36.5,20,1.48366
2025-04-23T21:00:00,0,37.1,20,1.46965
2025-04-23T21:03:00,0,37.8,19,1.3657
2025-04-23T21:06:00,0,38.6,20,1.4346
2025-04-23T21:09:00,0,39.1,19,1.33716
2025-04-23T21:12:00,0,39.9,19,1.31959
2025-04-23T21:15:00,0,40.5,19,1.30642
2025-04-23T21:18:00,0,41.2,19,1.29105
2025-04-23T21:21:00,0,42,19,1.27348
2025-04-23T21:24:00,0,42.6,19,1.26031
2025-04-23T21:27:00,0,43.1,19,1.24933
2025-04-23T21:30:00,0,43.8,19,1.23396
2025-04-23T21:33:00,0,44.6,19,1.21639
2025-04-23T21:36:00,0,44.9,19,1.20981
2025-04-23T21:39:00,0,45.3,19,1.20102
2025-04-23T21:42:00,0,45.8,19,1.19005
2025-04-23T21:45:00,0,46.3,19,1.17907
2025-04-23T21:48:00,0,46.8,19,1.16809
2025-04-23T21:51:00,0,47.3,19,1.15711
2025-04-23T21:54:00,0,47.9,19,1.14394
2025-04-23T21:57:00,0,48.2,19,1.13735
2025-04-23T22:00:00,0,48.7,19,1.12637
2025-04-23T22:03:00,0,49.2,19,1.11539
2025-04-23T22:06:00,0,49.8,19,1.10222
2025-04-23T22:09:00,0,50,19,1.09783
2025-04-23T22:12:00,0,50.7,19,1.08246
2025-04-23T22:15:00,0,51,19,1.07587
2025-04-23T22:18:00,0,51.4,19,1.06709
2025-04-23T22:21:00,0,51.8,18,0.99404
2025-04-23T22:24:00,0,52,18,0.98992
2025-04-23T22:27:00,0,52.5,18,0.97961
2025-04-23T22:30:00,0,52.7,18,0.97548
2025-04-23T22:33:00,0,53,18,0.9693
2025-04-23T22:36:00,0,53.2,18,0.96517
2025-04-23T22:39:00,0,53.4,18,0.96105
2025-04-23T22:42:00,0,53.6,18,0.95692
2025-04-23T22:45:00,0,53.8,18,0.9528
2025-04-23T22:48:00,0,54,18,0.94867
2025-04-23T22:51:00,0,54.2,18,0.94455
2025-04-23T22:54:00,0,54.5,18,0.93836
2025-04-23T22:57:00,0,54.5,18,0.93836
2025-04-23T23:00:00,0,54.8,18,0.93217
2025-04-23T23:03:00,0,54.9,18,0.93011
2025-04-23T23:06:00,0,58.3,18,0.85999
2025-04-23T23:09:00,0,60.9,18,0.80637
2025-04-23T23:12:00,0,62.6,18,0.77131
2025-04-23T23:15:00,0,63.9,18,0.7445
2025-04-23T23:18:00,0,64.8,18,0.72594
2025-04-23T23:21:00,0,65.6,18,0.70944
2025-04-23T23:24:00,0,66,18,0.70119
2025-04-23T23:27:00,0,66.6,18,0.68882
2025-04-23T23:30:00,0,66.8,18,0.68469
2025-04-23T23:33:00,0,67.1,17,0.637
2025-04-23T23:36:00,0,67.4,17,0.63119
2025-04-23T23:39:00,0,67.4,17,0.63119
2025-04-23T23:42:00,0,67.6,17,0.62732
2025-04-23T23:45:00,0,67.8,17,0.62344
2025-04-23T23:48:00,0,67.8,17,0.62344
2025-04-23T23:51:00,0,68,17,0.61957
2025-04-23T23:54:00,0,68.1,17,0.61764
2025-04-23T23:57:00,0,68.1,17,0.61764
2025-04-24T00:00:00,0,68.3,17,0.61376
2025-04-24T00:03:00,0,68.2,17,0.6157
2025-04-24T00:06:00,0,68.4,17,0.61183
2025-04-24T00:09:00,0,68.4,17,0.61183
2025-04-24T00:12:00,0,68.1,17,0.61764
2025-04-24T00:15:00,0,68.2,17,0.6157
2025-04-24T00:18:00,0,68.2,17,0.6157
2025-04-24T00:21:00,0,67.9,17,0.62151
2025-04-24T00:24:00,0,67.7,17,0.62538
2025-04-24T00:27:00,0,67.8,17,0.62344
2025-04-24T00:30:00,0,67.7,17,0.62538
2025-04-24T00:33:00,0,68.6,17,0.60796
2025-04-24T00:36:00,0,69.7,17,0.58666
2025-04-24T00:39:00,0,70.6,17,0.56923
2025-04-24T00:42:00,0,71.3,17,0.55568
2025-04-24T00:45:00,0,71.7,17,0.54793
2025-04-24T00:48:00,0,71.9,17,0.54406
2025-04-24T00:51:00,0,71.9,17,0.54406
2025-04-24T00:54:00,0,71.8,17,0.546
2025-04-24T00:57:00,0,71.9,17,0.54406
2025-04-24T01:00:00,0,71.9,17,0.54406
2025-04-24T01:03:00,0,71.8,17,0.546
2025-04-24T01:06:00,0,71.5,17,0.55181
2025-04-24T01:09:00,0,71.6,17,0.54987
2025-04-24T01:12:00,0,71.4,17,0.55374
2025-04-24T01:15:00,0,71.4,17,0.55374
2025-04-24T01:18:00,0,71.3,17,0.55568
2025-04-24T01:21:00,0,71,16,0.52688
2025-04-24T01:24:00,0,71,16,0.52688
2025-04-24T01:27:00,0,70.6,16,0.53414
2025-04-24T01:30:00,0,70.6,16,0.53414
2025-04-24T01:33:00,0,70.5,16,0.53596
2025-04-24T01:36:00,0,70.5,16,0.53596
2025-04-24T01:39:00,0,70.5,16,0.53596
2025-04-24T01:42:00,0,70.3,16,0.5396
2025-04-24T01:45:00,0,70.4,16,0.53778
2025-04-24T01:48:00,0,70.3,16,0.5396
2025-04-24T01:51:00,0,70.4,16,0.53778
2025-04-24T01:54:00,0,70.5,16,0.53596
2025-04-24T01:57:00,0,70.6,16,0.53414
2025-04-24T02:00:00,0,70.6,16,0.53414
2025-04-24T02:03:00,0,71.3,16,0.52143
2025-04-24T02:06:00,0,72.6,16,0.49781
2025-04-24T02:09:00,0,73.2,16,0.48691
2025-04-24T02:12:00,0,73.6,16,0.47964
2025-04-24T02:15:00,0,74.1,16,0.47056
2025-04-24T02:18:00,0,74.2,16,0.46874
2025-04-24T02:21:00,0,74.3,16,0.46692
2025-04-24T02:24:00,0,74.2,16,0.46874
2025-04-24T02:27:00,0,74.3,16,0.46692
2025-04-24T02:30:00,0,74.3,16,0.46692
2025-04-24T02:33:00,0,74.2,16,0.46874
2025-04-24T02:36:00,0,74.3,16,0.46692
2025-04-24T02:39:00,0,73.9,16,0.47419
2025-04-24T02:42:00,0,73.6,16,0.47964
2025-04-24T02:45:00,0,73.7,16,0.47782
2025-04-24T02:48:00,0,73.5,16,0.48146
2025-04-24T02:51:00,0,73.4,16,0.48327
2025-04-24T02:54:00,0,73.2,16,0.48691
2025-04-24T02:57:00,0,73.1,16,0.48872
2025-04-24T03:00:00,0,72.8,16,0.49417
2025-04-24T03:03:00,0,72.8,16,0.49417
2025-04-24T03:06:00,0,72.6,16,0.49781
2025-04-24T03:09:00,0,72.6,16,0.49781
2025-04-24T03:12:00,0,72.2,16,0.50508
2025-04-24T03:15:00,0,71.6,16,0.51598
2025-04-24T03:18:00,0,71.4,16,0.51961
2025-04-24T03:21:00,0,71.2,16,0.52324
2025-04-24T03:24:00,0,70.9,16,0.52869
2025-04-24T03:27:00,0,70.6,16,0.53414
2025-04-24T03:30:00,0,70.6,16,0.53414
2025-04-24T03:33:00,0,70.5,16,0.53596
2025-04-24T03:36:00,0,70.6,16,0.53414
2025-04-24T03:39:00,0,70.2,16,0.54141
2025-04-24T03:42:00,0,70.3,16,0.5396
2025-04-24T03:45:00,0,70.2,16,0.54141
2025-04-24T03:48:00,0,70.1,16,0.54323
2025-04-24T03:51:00,0,70,16,0.54505
2025-04-24T03:54:00,0,69.9,16,0.54686
2025-04-24T03:57:00,0,69.7,16,0.5505
2025-04-24T04:00:00,0,70.3,16,0.5396
2025-04-24T04:03:00,350,69.9,16,0.54686
2025-04-24T04:06:00,347,68.1,17,0.61764
2025-04-24T04:09:00,344,66.5,17,0.64861
2025-04-24T04:12:00,342,65.2,17,0.67378
2025-04-24T04:15:00,342,64.3,17,0.69121
2025-04-24T04:18:00,340,63.6,18,0.75069
2025-04-24T04:21:00,339,63.2,18,0.75894
2025-04-24T04:24:00,337,62.9,18,0.76513
2025-04-24T04:27:00,337,62.3,18,0.7775
2025-04-24T04:30:00,336,62,18,0.78369
2025-04-24T04:33:00,334,61.9,18,0.78575
2025-04-24T04:36:00,334,61.6,18,0.79194
2025-04-24T04:39:00,335,61.2,18,0.80019
2025-04-24T04:42:00,334,61,18,0.80431
2025-04-24T04:45:00,333,60.7,18,0.8105
2025-04-24T04:48:00,334,60.6,18,0.81256
2025-04-24T04:51:00,334,60.5,18,0.81462
2025-04-24T04:54:00,333,60.2,18,0.82081
2025-04-24T04:57:00,333,60,18,0.82493
2025-04-24T05:00:00,332,59.8,18,0.82906
2025-04-24T05:03:00,333,59.5,18,0.83524
2025-04-24T05:06:00,334,59.4,19,0.89144
2025-04-24T05:09:00,333,59.4,19,0.89144
2025-04-24T05:12:00,333,59.1,19,0.89802
2025-04-24T05:15:00,333,59.1,19,0.89802
2025-04-24T05:18:00,334,59,19,0.90022
2025-04-24T05:21:00,333,58.9,19,0.90242
2025-04-24T05:24:00,332,58.7,19,0.90681
2025-04-24T05:27:00,333,58.5,19,0.9112
2025-04-24T05:30:00,334,58.2,19,0.91778
2025-04-24T05:33:00,334,58.2,19,0.91778
2025-04-24T05:36:00,334,58.1,19,0.91998
2025-04-24T05:39:00,334,57.9,19,0.92437
2025-04-24T05:42:00,334,57.9,19,0.92437
2025-04-24T05:45:00,334,57.8,19,0.92657
2025-04-24T05:48:00,334,57.9,19,0.92437
2025-04-24T05:51:00,334,57.7,19,0.92876
2025-04-24T05:54:00,334,57.6,19,0.93096
2025-04-24T05:57:00,336,57.5,19,0.93315
2025-04-24T06:00:00,336,57.5,19,0.93315
2025-04-24T06:03:00,334,57.5,19,0.93315
2025-04-24T06:06:00,336,57.3,19,0.93755
2025-04-24T06:09:00,336,57,19,0.94413
2025-04-24T06:12:00,336,57.1,19,0.94194
2025-04-24T06:15:00,338,56.9,19,0.94633
2025-04-24T06:18:00,337,56.8,19,0.94852
2025-04-24T06:21:00,339,56.4,19,0.95731
2025-04-24T06:24:00,338,56.4,19,0.95731
2025-04-24T06:27:00,339,56.5,19,0.95511
2025-04-24T06:30:00,340,56.3,19,0.9595
2025-04-24T06:33:00,339,54.4,19,1.00122
2025-04-24T06:36:00,340,54.4,19,1.00122
2025-04-24T06:39:00,341,54.7,19,0.99463
2025-04-24T06:42:00,342,54.8,19,0.99244
2025-04-24T06:45:00,342,55,19,0.98805
2025-04-24T06:48:00,343,54.8,19,0.99244
2025-04-24T06:51:00,345,54.8,19,0.99244
2025-04-24T06:54:00,345,54.9,19,0.99024
2025-04-24T06:57:00,354,55.3,19,0.98146
2025-04-24T07:00:00,355,55.4,19,0.97926
2025-04-24T07:03:00,358,55.9,19,0.96828
2025-04-24T07:06:00,358,56.3,19,0.9595
2025-04-24T07:09:00,361,56.2,20,1.02338
2025-04-24T07:12:00,362,56.3,20,1.02104
2025-04-24T07:15:00,365,56.5,20,1.01637
2025-04-24T07:18:00,365,56.4,20,1.01871
2025-04-24T07:21:00,368,56.4,20,1.01871
2025-04-24T07:24:00,368,56.7,20,1.0117
2025-04-24T07:27:00,370,56.8,20,1.00936
2025-04-24T07:30:00,372,56.7,20,1.0117
2025-04-24T07:33:00,379,56.6,21,1.07856
2025-04-24T07:36:00,383,56.6,21,1.07856
2025-04-24T07:39:00,390,56.5,21,1.08104
2025-04-24T07:42:00,391,56.3,21,1.08601
2025-04-24T07:45:00,408,56.2,21,1.0885
2025-04-24T07:48:00,411,56.1,21,1.09098
2025-04-24T07:51:00,406,55.9,22,1.16514
2025-04-24T07:54:00,401,55.6,22,1.17307
2025-04-24T07:57:00,407,55.4,22,1.17835
2025-04-24T08:00:00,423,55.1,22,1.18628
2025-04-24T08:03:00,421,54.6,22,1.19949
2025-04-24T08:06:00,413,53.8,22,1.22063
2025-04-24T08:09:00,414,51.7,22,1.27611
2025-04-24T08:12:00,436,50.4,22,1.31046
2025-04-24T08:15:00,423,49.8,22,1.32631
2025-04-24T08:18:00,471,48.7,22,1.35537
2025-04-24T08:21:00,566,46.8,22,1.40557
2025-04-24T08:24:00,580,45.7,22,1.43463
2025-04-24T08:27:00,563,43.9,22,1.48219
2025-04-24T08:30:00,685,42.8,22,1.51125
2025-04-24T08:33:00,652,41.8,23,1.63399
2025-04-24T08:36:00,657,40.3,23,1.6761
2025-04-24T08:39:00,626,39.2,23,1.70699
2025-04-24T08:42:00,533,38.1,23,1.73787
2025-04-24T08:45:00,499,37.1,23,1.76595
2025-04-24T08:48:00,509,36.4,23,1.7856
2025-04-24T08:51:00,517,35.5,23,1.81087
2025-04-24T08:54:00,519,34.6,23,1.83613
2025-04-24T08:57:00,526,34.3,23,1.84456
2025-04-24T09:00:00,534,33.7,23,1.8614
2025-04-24T09:03:00,536,32.6,23,1.89229
2025-04-24T09:06:00,547,32.6,24,2.0099
2025-04-24T09:09:00,547,30.6,24,2.06954
2025-04-24T09:12:00,572,30.7,24,2.06655
2025-04-24T09:15:00,545,30.7,23,1.94563
2025-04-24T09:18:00,536,30,23,1.96528
2025-04-24T09:21:00,539,30.3,23,1.95686
2025-04-24T09:24:00,546,31.6,23,1.92036
2025-04-24T09:27:00,545,29.7,23,1.9737
2025-04-24T09:30:00,546,29.6,23,1.97651
2025-04-24T09:33:00,550,29.3,23,1.98493
2025-04-24T09:36:00,542,30.4,22,1.83887
2025-04-24T09:39:00,537,30.1,22,1.84679
2025-04-24T09:42:00,533,31.9,20,1.59114
2025-04-24T09:45:00,534,31.1,21,1.71227
2025-04-24T09:48:00,532,29.6,21,1.74955
2025-04-24T09:51:00,534,29.9,22,1.85208
2025-04-24T09:54:00,525,32.1,18,1.40032
2025-04-24T09:57:00,514,30,21,1.73961
2025-04-24T10:00:00,506,28.6,21,1.7744
2025-04-24T10:03:00,515,27.9,21,1.7918
2025-04-24T10:06:00,574,28.4,20,1.67292
2025-04-24T10:09:00,566,29.9,20,1.63787
2025-04-24T10:12:00,573,27.2,21,1.80919
2025-04-24T10:15:00,545,29.1,21,1.76197
2025-04-24T10:18:00,537,32.2,18,1.39826
2025-04-24T10:21:00,517,28.2,21,1.78434
2025-04-24T10:24:00,514,27.1,22,1.92605
2025-04-24T10:27:00,515,25.1,23,2.10285
2025-04-24T10:30:00,507,30,17,1.35531
2025-04-24T10:33:00,505,28.2,19,1.57648
2025-04-24T10:36:00,500,29.4,19,1.55013
2025-04-24T10:39:00,499,30.2,19,1.53257
2025-04-24T10:42:00,505,26.6,21,1.8241
2025-04-24T10:45:00,508,26.8,20,1.7103
2025-04-24T10:48:00,505,30,18,1.44363
2025-04-24T10:51:00,508,27.1,20,1.70329
2025-04-24T10:54:00,516,27.3,20,1.69862
2025-04-24T10:57:00,550,25.6,20,1.73834
2025-04-24T11:00:00,596,29.8,18,1.44776
2025-04-24T11:03:00,527,26.5,21,1.82659
2025-04-24T11:06:00,539,28,19,1.58087
2025-04-24T11:09:00,760,29.1,20,1.65656
2025-04-24T11:12:00,1378,27.1,19,1.60063
2025-04-24T11:15:00,1258,29.9,17,1.35725
2025-04-24T11:18:00,1617,27.1,21,1.81168
2025-04-24T11:21:00,1580,27,19,1.60283
2025-04-24T11:24:00,1517,28.4,19,1.57209
2025-04-24T11:27:00,454,26.7,20,1.71264
2025-04-24T11:30:00,437,27.2,19,1.59844
2025-04-24T11:33:00,756,26.1,20,1.72666
2025-04-24T11:36:00,597,26,20,1.72899
2025-04-24T11:39:00,508,24,22,2.00796
2025-04-24T11:42:00,672,28.6,17,1.38242
2025-04-24T11:45:00,440,25.7,20,1.736
2025-04-24T11:48:00,451,26.6,20,1.71498
2025-04-24T11:51:00,402,25.8,20,1.73367
2025-04-24T11:54:00,411,24.4,22,1.99739
2025-04-24T11:57:00,403,24.6,21,1.87381
2025-04-24T12:00:00,577,25.7,21,1.84647
2025-04-24T12:03:00,752,26,20,1.72899
2025-04-24T12:06:00,720,26,20,1.72899
2025-04-24T12:09:00,701,25,19,1.64674
2025-04-24T12:12:00,516,25.1,19,1.64455
2025-04-24T12:15:00,509,23.5,20,1.78741
2025-04-24T12:18:00,488,25.4,20,1.74301
2025-04-24T12:21:00,492,25,20,1.75236
2025-04-24T12:24:00,396,23.3,22,2.02645
2025-04-24T12:27:00,389,26.1,20,1.72666
2025-04-24T12:30:00,386,24.7,21,1.87132
2025-04-24T12:33:00,421,23.8,22,2.01324
2025-04-24T12:36:00,417,24.6,22,1.9921
2025-04-24T12:39:00,410,24.3,22,2.00003
2025-04-24T12:42:00,405,25.6,21,1.84895
2025-04-24T12:45:00,405,26,21,1.83901
2025-04-24T12:48:00,399,25.3,21,1.85641
2025-04-24T12:51:00,402,26.1,21,1.83653
2025-04-24T12:54:00,575,25.2,21,1.85889
2025-04-24T12:57:00,582,24.4,20,1.76638
2025-04-24T13:00:00,587,23.3,19,1.68407
2025-04-24T13:03:00,609,22.3,20,1.81544
2025-04-24T13:06:00,603,22.8,22,2.03966
2025-04-24T13:09:00,590,23.6,20,1.78507
2025-04-24T13:12:00,616,24.4,18,1.55912
2025-04-24T13:15:00,479,23.7,20,1.78273
2025-04-24T13:18:00,636,23.4,20,1.78974
2025-04-24T13:21:00,624,25.4,18,1.5385
2025-04-24T13:24:00,587,23.3,21,1.90611
2025-04-24T13:27:00,454,21.9,22,2.06344
2025-04-24T13:30:00,418,27.5,18,1.49519
2025-04-24T13:33:00,412,24.3,21,1.88126
2025-04-24T13:36:00,403,22.6,22,2.04495
2025-04-24T13:39:00,418,22.3,22,2.05287
2025-04-24T13:42:00,438,22.6,22,2.04495
2025-04-24T13:45:00,449,23.9,21,1.8912
2025-04-24T13:48:00,464,23.9,21,1.8912
2025-04-24T13:51:00,458,24.5,21,1.87629
2025-04-24T13:54:00,441,23.9,22,2.0106
2025-04-24T13:57:00,459,23.9,22,2.0106
2025-04-24T14:00:00,417,24.4,22,1.99739
2025-04-24T14:03:00,409,23.7,21,1.89617
2025-04-24T14:06:00,411,25.3,21,1.85641
2025-04-24T14:09:00,412,24.1,21,1.88623
2025-04-24T14:12:00,604,24.3,21,1.88126
2025-04-24T14:15:00,1283,22.5,22,2.04759
2025-04-24T14:18:00,1520,23.3,22,2.02645
2025-04-24T14:21:00,1312,23,22,2.03438
2025-04-24T14:24:00,1678,24,22,2.00796
2025-04-24T14:27:00,728,24.8,21,1.86884
2025-04-24T14:30:00,441,23.1,22,2.03173
2025-04-24T14:33:00,1686,22.6,22,2.04495
2025-04-24T14:36:00,1656,23.8,22,2.01324
2025-04-24T14:39:00,1303,21,22,2.08722
2025-04-24T14:42:00,630,24.2,19,1.66431
2025-04-24T14:45:00,612,24.7,19,1.65333
2025-04-24T14:48:00,608,21.8,22,2.06608
2025-04-24T14:51:00,578,21.5,20,1.83414
2025-04-24T14:54:00,781,23.6,18,1.57562
2025-04-24T14:57:00,686,22.1,20,1.82012
2025-04-24T15:00:00,576,22,19,1.71261
2025-04-24T15:03:00,402,22.5,19,1.70163
2025-04-24T15:06:00,542,20.2,20,1.86451
2025-04-24T15:09:00,388,23,19,1.69066
2025-04-24T15:12:00,401,21.4,21,1.95333
2025-04-24T15:15:00,561,22,20,1.82245
2025-04-24T15:18:00,561,22.1,19,1.71042
2025-04-24T15:21:00,547,22.5,20,1.81077
2025-04-24T15:24:00,483,21.5,21,1.95085
2025-04-24T15:27:00,489,24.2,20,1.77105
2025-04-24T15:30:00,484,23.1,20,1.79675
2025-04-24T15:33:00,521,24.2,19,1.66431
2025-04-24T15:36:00,572,23.4,20,1.78974
2025-04-24T15:39:00,608,23.1,20,1.79675
2025-04-24T15:42:00,591,24,19,1.6687
2025-04-24T15:45:00,569,23.8,19,1.67309
2025-04-24T15:48:00,495,24,20,1.77572
2025-04-24T15:51:00,473,24.7,20,1.75937
2025-04-24T15:54:00,456,24.7,19,1.65333
2025-04-24T15:57:00,457,24,20,1.77572
2025-04-24T16:00:00,444,23,19,1.69066
2025-04-24T16:03:00,436,24.4,19,1.65992
2025-04-24T16:06:00,446,22.2,21,1.93345
2025-04-24T16:09:00,442,24.3,19,1.66211
2025-04-24T16:12:00,435,24.4,19,1.65992
2025-04-24T16:15:00,439,24.4,19,1.65992
2025-04-24T16:18:00,441,23.1,21,1.91108
2025-04-24T16:21:00,436,23.3,19,1.68407
2025-04-24T16:24:00,435,24.2,19,1.66431
2025-04-24T16:27:00,433,23.6,20,1.78507
2025-04-24T16:30:00,435,22.9,20,1.80143
2025-04-24T16:33:00,432,23.7,19,1.67529
2025-04-24T16:36:00,424,24.6,19,1.65553
2025-04-24T16:39:00,419,21.6,21,1.94836
2025-04-24T16:42:00,369,24.2,19,1.66431
2025-04-24T16:45:00,370,22.9,21,1.91605
2025-04-24T16:48:00,369,22,21,1.93842
2025-04-24T16:51:00,383,22.1,21,1.93593
2025-04-24T16:54:00,389,22.1,21,1.93593
2025-04-24T16:57:00,397,20.6,21,1.97321
2025-04-24T17:00:00,443,22.6,20,1.80844
2025-04-24T17:03:00,400,23,20,1.79909
2025-04-24T17:06:00,396,21,21,1.96327
2025-04-24T17:09:00,390,22.9,21,1.91605
2025-04-24T17:12:00,414,23,21,1.91357
2025-04-24T17:15:00,409,22.8,21,1.91854
2025-04-24T17:18:00,459,22,21,1.93842
2025-04-24T17:21:00,416,21.1,22,2.08458
2025-04-24T17:24:00,419,21.1,21,1.96079
2025-04-24T17:27:00,401,22.1,21,1.93593
2025-04-24T17:30:00,406,21.9,21,1.9409
2025-04-24T17:33:00,387,20.8,22,2.0925
2025-04-24T17:36:00,387,21.5,21,1.95085
2025-04-24T17:39:00,389,20.5,22,2.10043
2025-04-24T17:42:00,393,21.4,22,2.07665
2025-04-24T17:45:00,385,20.9,22,2.08986
2025-04-24T17:48:00,397,21.3,22,2.07929
2025-04-24T17:51:00,403,20.7,22,2.09514
2025-04-24T17:54:00,397,21,22,2.08722
2025-04-24T17:57:00,390,20.6,22,2.09779
2025-04-24T18:00:00,391,21.2,22,2.08193
2025-04-24T18:03:00,373,21,22,2.08722
2025-04-24T18:06:00,372,21,22,2.08722
2025-04-24T18:09:00,380,20.9,22,2.08986
2025-04-24T18:12:00,479,21.2,22,2.08193
2025-04-24T18:15:00,438,21.3,22,2.07929
2025-04-24T18:18:00,432,20.9,22,2.08986
2025-04-24T18:21:00,428,21,22,2.08722
2025-04-24T18:24:00,408,21,22,2.08722
2025-04-24T18:27:00,416,20.9,22,2.08986
2025-04-24T18:30:00,449,20.3,22,2.10571
2025-04-24T18:33:00,403,20.3,22,2.10571
2025-04-24T18:36:00,430,20.4,22,2.10307
2025-04-24T18:39:00,429,20.2,23,2.24042
2025-04-24T18:42:00,383,20.4,22,2.10307
2025-04-24T18:45:00,367,20.8,22,2.0925
2025-04-24T18:48:00,369,20.7,22,2.09514
2025-04-24T18:51:00,369,20.9,22,2.08986
2025-04-24T18:54:00,367,20.9,22,2.08986
2025-04-24T18:57:00,364,21.1,22,2.08458
2025-04-24T19:00:00,364,21.5,22,2.07401
2025-04-24T19:03:00,361,21.3,21,1.95582
2025-04-24T19:06:00,361,21.7,22,2.06872
2025-04-24T19:09:00,357,22.2,22,2.05551
2025-04-24T19:12:00,355,22.9,21,1.91605
2025-04-24T19:15:00,353,23.1,21,1.91108
2025-04-24T19:18:00,351,23.3,21,1.90611
2025-04-24T19:21:00,350.5,22.9,21,1.91605
2025-04-24T19:24:00,350,22.5,21,1.92599
2025-04-24T19:27:00,347,22.8,21,1.91854
2025-04-24T19:30:00,347,23.2,21,1.9086
2025-04-24T19:33:00,346,23,21,1.91357
2025-04-24T19:36:00,345,22.8,21,1.91854
2025-04-24T19:39:00,344,23,21,1.91357
2025-04-24T19:42:00,342,23.2,21,1.9086
2025-04-24T19:45:00,343,23.1,21,1.91108
2025-04-24T19:48:00,341,23.2,21,1.9086
2025-04-24T19:51:00,340,23.2,21,1.9086
2025-04-24T19:54:00,340,23.2,21,1.9086
2025-04-24T19:57:00,339,23.6,21,1.89866
2025-04-24T20:00:00,339,23.7,21,1.89617
2025-04-24T20:03:00,0,23.9,21,1.8912
2025-04-24T20:06:00,0,24.1,21,1.88623
2025-04-24T20:09:00,0,24.2,20,1.77105
2025-04-24T20:12:00,0,24.5,20,1.76404
2025-04-24T20:15:00,0,24.5,20,1.76404
2025-04-24T20:18:00,0,24.6,20,1.76171
2025-04-24T20:21:00,0,24.8,20,1.75703
2025-04-24T20:24:00,0,25.2,20,1.74769
2025-04-24T20:27:00,0,26.4,20,1.71965
2025-04-24T20:30:00,0,27.1,20,1.70329
2025-04-24T20:33:00,0,27.8,20,1.68694
2025-04-24T20:36:00,0,28.8,20,1.66357
2025-04-24T20:39:00,0,29.4,20,1.64955
2025-04-24T20:42:00,0,30.6,20,1.62152
2025-04-24T20:45:00,0,31.1,20,1.60983
2025-04-24T20:48:00,0,31.8,20,1.59348
2025-04-24T20:51:00,0,32.6,20,1.57479
2025-04-24T20:54:00,0,33.5,20,1.55376
2025-04-24T20:57:00,0,34.2,20,1.5374
2025-04-24T21:00:00,0,35,20,1.51871
2025-04-24T21:03:00,0,36,20,1.49535
2025-04-24T21:06:00,0,36.6,20,1.48133
2025-04-24T21:09:00,0,37.5,19,1.37229
2025-04-24T21:12:00,0,38.2,19,1.35692
2025-04-24T21:15:00,0,38.9,19,1.34155
2025-04-24T21:18:00,0,39.6,19,1.32618
2025-04-24T21:21:00,0,40.3,19,1.31081
2025-04-24T21:24:00,0,41.2,19,1.29105
2025-04-24T21:27:00,0,41.6,19,1.28226
2025-04-24T21:30:00,0,42.4,19,1.2647
2025-04-24T21:33:00,0,43,19,1.25152
2025-04-24T21:36:00,0,43.6,19,1.23835
2025-04-24T21:39:00,0,44,19,1.22957
2025-04-24T21:42:00,0,44.7,19,1.2142
2025-04-24T21:45:00,0,45.3,19,1.20102
2025-04-24T21:48:00,0,45.9,19,1.18785
2025-04-24T21:51:00,0,46.5,19,1.17468
2025-04-24T21:54:00,0,47,19,1.1637
2025-04-24T21:57:00,0,47.2,19,1.15931
2025-04-24T22:00:00,0,47.9,18,1.07448
2025-04-24T22:03:00,0,48.2,19,1.13735
2025-04-24T22:06:00,0,48.7,18,1.05798
2025-04-24T22:09:00,0,49.1,18,1.04973
2025-04-24T22:12:00,0,49.5,18,1.04148
2025-04-24T22:15:00,0,50,18,1.03117
2025-04-24T22:18:00,0,50.4,18,1.02292
2025-04-24T22:21:00,0,50.8,18,1.01467
2025-04-24T22:24:00,0,51,18,1.01054
2025-04-24T22:27:00,0,51.4,18,1.00229
2025-04-24T22:30:00,0,51.7,18,0.99611
2025-04-24T22:33:00,0,51.8,18,0.99404
2025-04-24T22:36:00,0,52.1,18,0.98786
2025-04-24T22:39:00,0,52.4,18,0.98167
2025-04-24T22:42:00,0,52.6,18,0.97755
2025-04-24T22:45:00,0,52.8,18,0.97342
2025-04-24T22:48:00,0,52.9,18,0.97136
2025-04-24T22:51:00,0,53.2,18,0.96517
2025-04-24T22:54:00,0,53.3,18,0.96311
2025-04-24T22:57:00,0,53.6,18,0.95692
2025-04-24T23:00:00,0,53.6,18,0.95692
2025-04-24T23:03:00,0,54,18,0.94867
2025-04-24T23:06:00,0,57.6,18,0.87443
2025-04-24T23:09:00,0,60.1,18,0.82287
2025-04-24T23:12:00,0,61.7,18,0.78987
2025-04-24T23:15:00,0,63.3,18,0.75688
2025-04-24T23:18:00,0,64.5,18,0.73213
2025-04-24T23:21:00,0,65.2,17,0.67378
2025-04-24T23:24:00,0,65.65,17.5,0.68644
2025-04-24T23:27:00,0,66.1,18,0.69913
2025-04-24T23:30:00,0,66.1,17,0.65636
2025-04-24T23:33:00,0,66.6,17,0.64668
2025-04-24T23:36:00,0,67,17,0.63893
2025-04-24T23:39:00,0,67.1,17,0.637
2025-04-24T23:42:00,0,67.1,17,0.637
2025-04-24T23:45:00,0,67.2,17,0.63506
2025-04-24T23:48:00,0,67.3,17,0.63313
2025-04-24T23:51:00,0,67.5,17,0.62925
2025-04-24T23:54:00,0,67.3,17,0.63313
2025-04-24T23:57:00,0,67.2,17,0.63506
2025-04-25T00:00:00,0,67.2,17,0.63506
2025-04-25T00:03:00,0,67,17,0.63893
2025-04-25T00:06:00,0,67.1,17,0.637
2025-04-25T00:09:00,0,67,17,0.63893
2025-04-25T00:12:00,0,67,17,0.63893
2025-04-25T00:15:00,0,66.7,17,0.64474
2025-04-25T00:18:00,0,66.7,17,0.64474
2025-04-25T00:21:00,0,66.6,17,0.64668
2025-04-25T00:24:00,0,66.4,17,0.65055
2025-04-25T00:27:00,0,66.5,17,0.64861
2025-04-25T00:30:00,0,66.3,17,0.65249
2025-04-25T00:33:00,0,67,17,0.63893
2025-04-25T00:36:00,0,68.4,17,0.61183
2025-04-25T00:39:00,0,69.4,17,0.59247
2025-04-25T00:42:00,0,69.9,17,0.58279
2025-04-25T00:45:00,0,70.5,17,0.57117
2025-04-25T00:48:00,0,70.8,17,0.56536
2025-04-25T00:51:00,0,70.8,17,0.56536
2025-04-25T00:54:00,0,70.8,17,0.56536
2025-04-25T00:57:00,0,70.8,17,0.56536
2025-04-25T01:00:00,0,71,17,0.56149
2025-04-25T01:03:00,0,70.8,17,0.56536
2025-04-25T01:06:00,0,70.7,16,0.53233
2025-04-25T01:09:00,0,70.6,16,0.53414
2025-04-25T01:12:00,0,70.4,16,0.53778
2025-04-25T01:15:00,0,70.6,16,0.53414
2025-04-25T01:18:00,0,70.3,16,0.5396
2025-04-25T01:21:00,0,70,16,0.54505
2025-04-25T01:24:00,0,69.9,16,0.54686
2025-04-25T01:27:00,0,69.8,16,0.54868
2025-04-25T01:30:00,0,69.7,16,0.5505
2025-04-25T01:33:00,0,69.7,16,0.5505
2025-04-25T01:36:00,0,69.1,16,0.5614
2025-04-25T01:39:00,0,68.8,16,0.56685
2025-04-25T01:42:00,0,68.5,16,0.5723
2025-04-25T01:45:00,0,68.1,16,0.57957
2025-04-25T01:48:00,0,68,16,0.58138
2025-04-25T01:51:00,0,67.9,16,0.5832
2025-04-25T01:54:00,0,67.7,16,0.58683
2025-04-25T01:57:00,0,67.6,16,0.58865
2025-04-25T02:00:00,0,67.5,16,0.59047
2025-04-25T02:03:00,0,68.3,16,0.57593
2025-04-25T02:06:00,0,69.7,16,0.5505
2025-04-25T02:09:00,0,70.1,16,0.54323
2025-04-25T02:12:00,0,70.7,16,0.53233
2025-04-25T02:15:00,0,70.9,16,0.52869
2025-04-25T02:18:00,0,71.3,16,0.52143
2025-04-25T02:21:00,0,71.4,16,0.51961
2025-04-25T02:24:00,0,71.4,16,0.51961
2025-04-25T02:27:00,0,71.1,16,0.52506
2025-04-25T02:30:00,0,71.1,16,0.52506
2025-04-25T02:33:00,0,71.2,16,0.52324
2025-04-25T02:36:00,0,71,16,0.52688
2025-04-25T02:39:00,0,70.6,16,0.53414
2025-04-25T02:42:00,0,70.4,16,0.53778
2025-04-25T02:45:00,0,70.2,16,0.54141
2025-04-25T02:48:00,0,70.1,16,0.54323
2025-04-25T02:51:00,0,69.6,16,0.55231
2025-04-25T02:54:00,0,69.6,16,0.55231
2025-04-25T02:57:00,0,69.4,16,0.55595
2025-04-25T03:00:00,0,69.4,16,0.55595
2025-04-25T03:03:00,0,69.2,16,0.55958
2025-04-25T03:06:00,0,70.1,16,0.54323
2025-04-25T03:09:00,0,69.5,16,0.55413
2025-04-25T03:12:00,0,68.1,16,0.57957
2025-04-25T03:15:00,0,67.3,17,0.63313
2025-04-25T03:18:00,0,67.05,17,0.63797
2025-04-25T03:21:00,0,66.8,17,0.64281
2025-04-25T03:24:00,0,66.6,16,0.60682
2025-04-25T03:27:00,0,66.6,16,0.60682
2025-04-25T03:30:00,0,66.5,16,0.60863
2025-04-25T03:33:00,0,66.6,16,0.60682
2025-04-25T03:36:00,0,66.8,16,0.60318
2025-04-25T03:39:00,0,66.5,16,0.60863
2025-04-25T03:42:00,0,66.7,16,0.605
2025-04-25T03:45:00,0,66.3,16,0.61227
2025-04-25T03:48:00,0,66.3,16,0.61227
2025-04-25T03:51:00,0,66.2,16,0.61409
2025-04-25T03:54:00,0,66.2,16,0.61409
2025-04-25T03:57:00,0,66,16,0.61772
2025-04-25T04:00:00,0,66,16,0.61772
2025-04-25T04:03:00,350,65.7,16,0.62317
2025-04-25T04:06:00,347,65.1,16,0.63407
2025-04-25T04:09:00,344,64.5,16,0.64497
2025-04-25T04:12:00,341,64.1,17,0.69508
2025-04-25T04:15:00,339,63.6,17,0.70476
2025-04-25T04:18:00,339,63.1,17,0.71444
2025-04-25T04:21:00,336,62.7,17,0.72219
2025-04-25T04:24:00,336,62.7,17,0.72219
2025-04-25T04:27:00,335,62.2,17,0.73187
2025-04-25T04:30:00,334,61.8,17,0.73961
2025-04-25T04:33:00,335,61.4,17,0.74736
2025-04-25T04:36:00,333,61.5,17,0.74542
2025-04-25T04:39:00,333,61,17,0.7551
2025-04-25T04:42:00,333,60.4,17,0.76672
2025-04-25T04:45:00,334,60.2,17,0.77059
2025-04-25T04:48:00,334,59.8,18,0.82906
2025-04-25T04:51:00,333,59.7,18,0.83112
2025-04-25T04:54:00,332,59.5,18,0.83524
2025-04-25T04:57:00,331,59,18,0.84556
2025-04-25T05:00:00,332,59.1,18,0.84349
2025-04-25T05:03:00,332,59,18,0.84556
2025-04-25T05:06:00,333,58.6,18,0.85381
2025-04-25T05:09:00,333,58.5,18,0.85587
2025-04-25T05:12:00,332,58.3,18,0.85999
2025-04-25T05:15:00,333,58.2,18,0.86206
2025-04-25T05:18:00,331,58.3,18,0.85999
2025-04-25T05:21:00,332,57.9,18,0.86824
2025-04-25T05:24:00,332,57.9,18,0.86824
2025-04-25T05:27:00,333,57.6,18,0.87443
2025-04-25T05:30:00,333,57.4,18,0.87855
2025-04-25T05:33:00,333,57.2,18,0.88268
2025-04-25T05:36:00,334,57.3,18,0.88062
2025-04-25T05:39:00,331,56.9,18,0.88887
2025-04-25T05:42:00,333,56.9,18,0.88887
2025-04-25T05:45:00,333,56.8,18,0.89093
2025-04-25T05:48:00,334,56.7,18,0.89299
2025-04-25T05:51:00,334,56.5,18,0.89711
2025-04-25T05:54:00,334,56.5,19,0.95511
2025-04-25T05:57:00,334,56.3,19,0.9595
2025-04-25T06:00:00,336,56.1,19,0.96389
2025-04-25T06:03:00,334,56,19,0.96609
2025-04-25T06:06:00,336,55.9,19,0.96828
2025-04-25T06:09:00,336,55.6,19,0.97487
2025-04-25T06:12:00,336,53.6,19,1.01879
2025-04-25T06:15:00,336,53,19,1.03196
2025-04-25T06:18:00,339,53.2,19,1.02757
2025-04-25T06:21:00,338,53.3,19,1.02537
2025-04-25T06:24:00,339,53.3,19,1.02537
2025-04-25T06:27:00,339,53.4,19,1.02318
2025-04-25T06:30:00,341,53.5,19,1.02098
2025-04-25T06:33:00,342,52.5,19,1.04294
2025-04-25T06:36:00,342,52.7,19,1.03855
2025-04-25T06:39:00,343,53.2,19,1.02757
2025-04-25T06:42:00,345,53.4,19,1.02318
2025-04-25T06:45:00,345,53.7,19,1.01659
2025-04-25T06:48:00,345,53.6,19,1.01879
2025-04-25T06:51:00,352,53.9,19,1.0122
2025-04-25T06:54:00,353,54,19,1.01
2025-04-25T06:57:00,355,54.3,19,1.00342
2025-04-25T07:00:00,356,54.7,19,0.99463
2025-04-25T07:03:00,357,54.8,19,0.99244
2025-04-25T07:06:00,359,55.2,19,0.98365
2025-04-25T07:09:00,361,55.1,20,1.04908
2025-04-25T07:12:00,364,55.5,20,1.03973
2025-04-25T07:15:00,365,55.2,20,1.04674
2025-04-25T07:18:00,367,55.6,20,1.0374
2025-04-25T07:21:00,369,55.4,20,1.04207
2025-04-25T07:24:00,370,55.4,20,1.04207
2025-04-25T07:27:00,370,55.4,20,1.04207
2025-04-25T07:30:00,376,55.4,20,1.04207
2025-04-25T07:33:00,383,55.3,21,1.11086
2025-04-25T07:36:00,389,55.1,21,1.11583
2025-04-25T07:39:00,388,55,21,1.11832
2025-04-25T07:42:00,403,54.8,21,1.12329
2025-04-25T07:45:00,416,54.4,21,1.13323
2025-04-25T07:48:00,410,54.4,22,1.20477
2025-04-25T07:51:00,405,54.5,22,1.20213
2025-04-25T07:54:00,401,53.4,22,1.23119
2025-04-25T07:57:00,426,53.7,22,1.22327
2025-04-25T08:00:00,428,52.8,22,1.24705
2025-04-25T08:03:00,415,51,22,1.2946
2025-04-25T08:06:00,414,49.8,22,1.32631
2025-04-25T08:09:00,424,48.9,22,1.35009
2025-04-25T08:12:00,433,47,22,1.40029
2025-04-25T08:15:00,445,45.5,22,1.43992
2025-04-25T08:18:00,539,44.1,22,1.4769
2025-04-25T08:21:00,613,40.9,22,1.56145
2025-04-25T08:24:00,607.5,39.55,22,1.59712
2025-04-25T08:27:00,602,38.2,22,1.63279
2025-04-25T08:30:00,679,38.1,23,1.73787
2025-04-25T08:33:00,696,37.1,23,1.76595
2025-04-25T08:36:00,679,36.1,23,1.79402
2025-04-25T08:39:00,632,34.4,23,1.84175
2025-04-25T08:42:00,534,33.2,23,1.87544
2025-04-25T08:45:00,517,32.3,23,1.90071
2025-04-25T08:48:00,537,31.9,23,1.91194
2025-04-25T08:51:00,541,31.1,23,1.9344
2025-04-25T08:54:00,529,30,23,1.96528
2025-04-25T08:57:00,535,30,23,1.96528
2025-04-25T09:00:00,538,29.4,24,2.10532
2025-04-25T09:03:00,544,27.8,24,2.15303
2025-04-25T09:06:00,561,27.5,23,2.03547
2025-04-25T09:09:00,574,27.2,24,2.17093
2025-04-25T09:12:00,562,27.8,23,2.02705
2025-04-25T09:15:00,550,26.2,23,2.07197
2025-04-25T09:18:00,540,26.6,23,2.06074
2025-04-25T09:21:00,535,26,22,1.95512
2025-04-25T09:24:00,542,25.8,23,2.0832
2025-04-25T09:27:00,546,25.6,22,1.96568
2025-04-25T09:30:00,541,26.2,22,1.94983
2025-04-25T09:33:00,542,26,22,1.95512
2025-04-25T09:36:00,542,24.6,23,2.11689
2025-04-25T09:39:00,533,26.8,19,1.60722
2025-04-25T09:42:00,529,25.2,19,1.64235
2025-04-25T09:45:00,528,25,20,1.75236
2025-04-25T09:48:00,532,23.6,21,1.89866
2025-04-25T09:51:00,531,22.1,21,1.93593
2025-04-25T09:54:00,516,25,20,1.75236
2025-04-25T09:57:00,509,22.8,22,2.03966
2025-04-25T10:00:00,502,20.3,22,2.10571
2025-04-25T10:03:00,505,24.3,19,1.66211
2025-04-25T10:06:00,553,25.3,19,1.64016
2025-04-25T10:09:00,556,24.1,20,1.77339
2025-04-25T10:12:00,586,24.2,20,1.77105
2025-04-25T10:15:00,558,24.2,19,1.66431
2025-04-25T10:18:00,589,24,19,1.6687
2025-04-25T10:21:00,572,23.6,20,1.78507
2025-04-25T10:24:00,547,23.5,20,1.78741
2025-04-25T10:27:00,517,24,19,1.6687
2025-04-25T10:30:00,504,23.9,19,1.6709
2025-04-25T10:33:00,499,23.3,19,1.68407
2025-04-25T10:36:00,499,22.5,19,1.70163
2025-04-25T10:39:00,500,22.2,19,1.70822
2025-04-25T10:42:00,499,23.3,19,1.68407
2025-04-25T10:45:00,499,22.5,19,1.70163
2025-04-25T10:48:00,500,23.2,19,1.68627
2025-04-25T10:51:00,503,22.3,20,1.81544
2025-04-25T10:54:00,503,21.4,19,1.72579
2025-04-25T10:57:00,506,20.8,19,1.73896
2025-04-25T11:00:00,509,22.4,20,1.81311
2025-04-25T11:03:00,511,21.7,19,1.7192
2025-04-25T11:06:00,512,21,20,1.84582
2025-04-25T11:09:00,512,22,20,1.82245
2025-04-25T11:12:00,665,22.8,20,1.80376
2025-04-25T11:15:00,852,22.5,20,1.81077
2025-04-25T11:18:00,1107,21.7,20,1.82946
2025-04-25T11:21:00,1317,22.1,20,1.82012
2025-04-25T11:24:00,1468,21.5,20,1.83414
2025-04-25T11:27:00,1549,21.7,20,1.82946
2025-04-25T11:30:00,1545,20.6,21,1.97321
2025-04-25T11:33:00,529,21.4,20,1.83647
2025-04-25T11:36:00,767,20.6,20,1.85516
2025-04-25T11:39:00,1367,20.6,21,1.97321
2025-04-25T11:42:00,1282,20.7,21,1.97073
2025-04-25T11:45:00,1205,20.5,21,1.9757
2025-04-25T11:48:00,1123,20.2,21,1.98315
2025-04-25T11:51:00,1044,20.3,21,1.98067
2025-04-25T11:54:00,965,20.4,21,1.97818
2025-04-25T11:57:00,843,20.1,21,1.98564
2025-04-25T12:00:00,800,19.9,21,1.99061
2025-04-25T12:03:00,822,20.6,21,1.97321
2025-04-25T12:06:00,780,20.7,21,1.97073
2025-04-25T12:09:00,723,20.8,21,1.96824
2025-04-25T12:12:00,718,20.4,21,1.97818
2025-04-25T12:15:00,697,19.9,21,1.99061
2025-04-25T12:18:00,610,20.8,20,1.85049
2025-04-25T12:21:00,494,20.2,21,1.98315
2025-04-25T12:24:00,507,20.8,20,1.85049
2025-04-25T12:27:00,522,20.9,20,1.84816
2025-04-25T12:30:00,491,20.4,20,1.85984
2025-04-25T12:33:00,486,19.9,20,1.87152
2025-04-25T12:36:00,508,20.5,20,1.8575
2025-04-25T12:39:00,481,20.2,20,1.86451
2025-04-25T12:42:00,485,20.2,20,1.86451
2025-04-25T12:45:00,517,19.9,20,1.87152
2025-04-25T12:48:00,546,20,21,1.98812
2025-04-25T12:51:00,549,19.6,21,1.99806
2025-04-25T12:54:00,550,19.8,21,1.99309
2025-04-25T12:57:00,561,19.5,21,2.00055
2025-04-25T13:00:00,562,20.3,20,1.86217
2025-04-25T13:03:00,565,19.6,21,1.99806
2025-04-25T13:06:00,561,20,21,1.98812
2025-04-25T13:09:00,487,19.6,21,1.99806
2025-04-25T13:12:00,563,19.8,21,1.99309
2025-04-25T13:15:00,595,20.1,21,1.98564
2025-04-25T13:18:00,592,19.6,21,1.99806
2025-04-25T13:21:00,594,20,21,1.98812
2025-04-25T13:24:00,607,19.9,21,1.99061
2025-04-25T13:27:00,607,19.7,21,1.99558
2025-04-25T13:30:00,612,19.7,22,2.12156
2025-04-25T13:33:00,624,18.5,23,2.28815
2025-04-25T13:36:00,634,18.4,23,2.29096
2025-04-25T13:39:00,593,19.1,22,2.13742
2025-04-25T13:42:00,521,19.1,22,2.13742
2025-04-25T13:45:00,507,19.5,22,2.12685
2025-04-25T13:48:00,662,18.9,22,2.1427
2025-04-25T13:51:00,758,17.8,22,2.17176
2025-04-25T13:54:00,514,18.6,22,2.15063
2025-04-25T13:57:00,498,18.6,22,2.15063
2025-04-25T14:00:00,1324,18.6,22,2.15063
2025-04-25T14:03:00,1409,18.7,22,2.14798
2025-04-25T14:06:00,1464,18.2,23,2.29657
2025-04-25T14:09:00,1524,18.5,23,2.28815
2025-04-25T14:12:00,1565,18.1,23,2.29938
2025-04-25T14:15:00,1517,18.7,23,2.28253
2025-04-25T14:18:00,1588,18.5,23,2.28815
2025-04-25T14:21:00,1301,18.5,23,2.28815
2025-04-25T14:24:00,1671,19.1,23,2.2713
2025-04-25T14:27:00,1678,18.6,23,2.28534
2025-04-25T14:30:00,1658,18.1,23,2.29938
2025-04-25T14:33:00,1574,18.4,23,2.29096
2025-04-25T14:36:00,1410,18.8,23,2.27973
2025-04-25T14:39:00,1194,19.5,22,2.12685
2025-04-25T14:42:00,512,18.8,22,2.14534
2025-04-25T14:45:00,504,19.4,22,2.12949
2025-04-25T14:48:00,502,19.1,22,2.13742
2025-04-25T14:51:00,501,18.6,22,2.15063
2025-04-25T14:54:00,505,18.3,23,2.29376
2025-04-25T14:57:00,506,18.5,22,2.15327
2025-04-25T15:00:00,506,18.8,22,2.14534
2025-04-25T15:03:00,506,19.2,22,2.13477
2025-04-25T15:06:00,507,19.1,22,2.13742
2025-04-25T15:09:00,507,19.1,22,2.13742
2025-04-25T15:12:00,511,18.5,22,2.15327
2025-04-25T15:15:00,506,18.5,22,2.15327
2025-04-25T15:18:00,532,18.65,22,2.14931
2025-04-25T15:21:00,558,18.8,22,2.14534
2025-04-25T15:24:00,770,18.8,22,2.14534
2025-04-25T15:27:00,1055,18.8,22,2.14534
2025-04-25T15:30:00,1241,18.9,22,2.1427
2025-04-25T15:33:00,540,18.3,22,2.15855
2025-04-25T15:36:00,551,18.9,22,2.1427
2025-04-25T15:39:00,572,19.3,21,2.00552
2025-04-25T15:42:00,586,19.2,21,2.008
2025-04-25T15:45:00,556,19.2,22,2.13477
2025-04-25T15:48:00,572,19.5,21,2.00055
2025-04-25T15:51:00,481,20,21,1.98812
2025-04-25T15:54:00,473,18.9,21,2.01546
2025-04-25T15:57:00,471,18.9,21,2.01546
2025-04-25T16:00:00,465,19.2,21,2.008
2025-04-25T16:03:00,460,19.7,21,1.99558
2025-04-25T16:06:00,457,19.8,21,1.99309
2025-04-25T16:09:00,453,19.4,21,2.00303
2025-04-25T16:12:00,449,19.7,21,1.99558
2025-04-25T16:15:00,448,20,21,1.98812
2025-04-25T16:18:00,446,19.1,21,2.01049
2025-04-25T16:21:00,444,18.9,21,2.01546
2025-04-25T16:24:00,438,19.2,21,2.008
2025-04-25T16:27:00,436,19.7,21,1.99558
2025-04-25T16:30:00,432,18.9,21,2.01546
2025-04-25T16:33:00,427,18.4,21,2.02789
2025-04-25T16:36:00,424,18.7,21,2.02043
2025-04-25T16:39:00,420,18.9,20,1.89488
2025-04-25T16:42:00,418,19.2,21,2.008
2025-04-25T16:45:00,416,19.5,21,2.00055
2025-04-25T16:48:00,415,19.5,20,1.88087
2025-04-25T16:51:00,411,20.2,20,1.86451
2025-04-25T16:54:00,410,20.2,20,1.86451
2025-04-25T16:57:00,410,20.3,20,1.86217
2025-04-25T17:00:00,406,20.6,20,1.85516
2025-04-25T17:03:00,403,20.5,21,1.9757
2025-04-25T17:06:00,404,20.6,21,1.97321
2025-04-25T17:09:00,402,20.6,21,1.97321
2025-04-25T17:12:00,401,20.4,20,1.85984
2025-04-25T17:15:00,401,20.2,20,1.86451
2025-04-25T17:18:00,400,20.5,20,1.8575
2025-04-25T17:21:00,403,20.7,20,1.85283
2025-04-25T17:24:00,398,20.6,20,1.85516
2025-04-25T17:27:00,400,20.4,21,1.97818
2025-04-25T17:30:00,402,20,20,1.86918
2025-04-25T17:33:00,402,19.7,20,1.87619
2025-04-25T17:36:00,410,18.7,20,1.89956
2025-04-25T17:39:00,412,19.1,20,1.89021
2025-04-25T17:42:00,403,19.9,20,1.87152
2025-04-25T17:45:00,402,20.4,20,1.85984
2025-04-25T17:48:00,390,20.2,20,1.86451
2025-04-25T17:51:00,382,20.4,20,1.85984
2025-04-25T17:54:00,379,19.9,20,1.87152
2025-04-25T17:57:00,382,19.6,20,1.87853
2025-04-25T18:00:00,386,20.1,20,1.86685
2025-04-25T18:03:00,386,19.9,20,1.87152
2025-04-25T18:06:00,383,19.9,20,1.87152
2025-04-25T18:09:00,428,20.1,20,1.86685
2025-04-25T18:12:00,426,20.6,20,1.85516
2025-04-25T18:15:00,455,20.5,20,1.8575
2025-04-25T18:18:00,402,20.6,20,1.85516
2025-04-25T18:21:00,430,20.3,20,1.86217
2025-04-25T18:24:00,441,20.6,20,1.85516
2025-04-25T18:27:00,401,20.9,19,1.73677
2025-04-25T18:30:00,378,21,20,1.84582
2025-04-25T18:33:00,370,20.5,20,1.8575
2025-04-25T18:36:00,367,20.5,19,1.74555
2025-04-25T18:39:00,366,20.6,20,1.85516
2025-04-25T18:42:00,364,20.8,20,1.85049
2025-04-25T18:45:00,361,20.6,19,1.74335
2025-04-25T18:48:00,355,20.7,19,1.74116
2025-04-25T18:51:00,349,20.5,19,1.74555
2025-04-25T18:54:00,349,20.8,19,1.73896
2025-04-25T18:57:00,348,20.4,19,1.74774
2025-04-25T19:00:00,347,20.7,19,1.74116
2025-04-25T19:03:00,345,20.6,19,1.74335
2025-04-25T19:06:00,344,20.7,19,1.74116
2025-04-25T19:09:00,344,20.9,19,1.73677
2025-04-25T19:12:00,343,21.3,19,1.72798
2025-04-25T19:15:00,340,21.5,19,1.72359
2025-04-25T19:18:00,339,20.8,19,1.73896
2025-04-25T19:21:00,338,21.2,19,1.73018
2025-04-25T19:24:00,337,21.6,19,1.7214
2025-04-25T19:27:00,339,20.3,19,1.74994
2025-04-25T19:30:00,336,21.4,18,1.62099
2025-04-25T19:33:00,336,21.1,19,1.73237
2025-04-25T19:36:00,338,20.9,20,1.84816
2025-04-25T19:39:00,337,21.3,19,1.72798
2025-04-25T19:42:00,337,20.8,20,1.85049
2025-04-25T19:45:00,339,20.8,20,1.85049
2025-04-25T19:48:00,339,21.3,20,1.83881
2025-04-25T19:51:00,338,20.7,21,1.97073
2025-04-25T19:54:00,336,21,21,1.96327
2025-04-25T19:57:00,337,21,20,1.84582
2025-04-25T20:00:00,336,21.2,21,1.9583
2025-04-25T20:03:00,0,21.6,21,1.94836
2025-04-25T20:06:00,0,22.4,20,1.81311
2025-04-25T20:09:00,0,23.3,20,1.79208
2025-04-25T20:12:00,0,22.7,20,1.8061
2025-04-25T20:15:00,0,22.7,20,1.8061
2025-04-25T20:18:00,0,22.5,20,1.81077
2025-04-25T20:21:00,0,23,20,1.79909
2025-04-25T20:24:00,0,23.2,20,1.79442
2025-04-25T20:27:00,0,24.4,20,1.76638
2025-04-25T20:30:00,0,25,20,1.75236
2025-04-25T20:33:00,0,24.7,20,1.75937
2025-04-25T20:36:00,0,24.4,20,1.76638
2025-04-25T20:39:00,0,24.2,20,1.77105
2025-04-25T20:42:00,0,25.1,20,1.75002
2025-04-25T20:45:00,0,24.6,20,1.76171
2025-04-25T20:48:00,0,24.4,20,1.76638
2025-04-25T20:51:00,0,24.2,20,1.77105
2025-04-25T20:54:00,0,24.2,20,1.77105
2025-04-25T20:57:00,0,24.5,20,1.76404
2025-04-25T21:00:00,0,24.2,20,1.77105
2025-04-25T21:03:00,0,24.5,20,1.76404
2025-04-25T21:06:00,0,24.4,19,1.65992
2025-04-25T21:09:00,0,24.7,19,1.65333
2025-04-25T21:12:00,0,24.9,19,1.64894
2025-04-25T21:15:00,0,25.1,19,1.64455
2025-04-25T21:18:00,0,25.6,19,1.63357
2025-04-25T21:21:00,0,26.2,19,1.6204
2025-04-25T21:24:00,0,27.1,19,1.60063
2025-04-25T21:27:00,0,28,19,1.58087
2025-04-25T21:30:00,0,28.5,20,1.67058
2025-04-25T21:33:00,0,29.4,20,1.64955
2025-04-25T21:36:00,0,30.2,20,1.63086
2025-04-25T21:39:00,0,30.9,20,1.61451
2025-04-25T21:42:00,0,31.7,20,1.59582
2025-04-25T21:45:00,0,32.5,19,1.48207
2025-04-25T21:48:00,0,33.4,19,1.46231
2025-04-25T21:51:00,0,34.2,19,1.44474
2025-04-25T21:54:00,0,34.8,19,1.43157
2025-04-25T21:57:00,0,35.7,19,1.41181
2025-04-25T22:00:00,0,35.4,19,1.41839
2025-04-25T22:03:00,0,36.4,19,1.39644
2025-04-25T22:06:00,0,37.2,19,1.37887
2025-04-25T22:09:00,0,37.9,19,1.3635
2025-04-25T22:12:00,0,38.5,19,1.35033
2025-04-25T22:15:00,0,39.2,19,1.33496
2025-04-25T22:18:00,0,39.9,19,1.31959
2025-04-25T22:21:00,0,40.5,19,1.30642
2025-04-25T22:24:00,0,40.9,19,1.29763
2025-04-25T22:27:00,0,41.7,19,1.28007
2025-04-25T22:30:00,0,42.2,19,1.26909
2025-04-25T22:33:00,0,43,19,1.25152
2025-04-25T22:36:00,0,43.3,19,1.24494
2025-04-25T22:39:00,0,43.8,19,1.23396
2025-04-25T22:42:00,0,44.3,19,1.22298
2025-04-25T22:45:00,0,44.8,19,1.212
2025-04-25T22:48:00,0,45.5,19,1.19663
2025-04-25T22:51:00,0,46.1,19,1.18346
2025-04-25T22:54:00,0,46.4,19,1.17687
2025-04-25T22:57:00,0,46.8,19,1.16809
2025-04-25T23:00:00,0,47.3,19,1.15711
2025-04-25T23:03:00,0,47.8,19,1.14613
2025-04-25T23:06:00,0,51.8,19,1.05831
2025-04-25T23:09:00,0,54.9,19,0.99024
2025-04-25T23:12:00,0,57.2,19,0.93974
2025-04-25T23:15:00,0,58.9,19,0.90242
2025-04-25T23:18:00,0,60.3,19,0.87168
2025-04-25T23:21:00,0,61.1,19,0.85411
2025-04-25T23:24:00,0,62,19,0.83435
2025-04-25T23:27:00,0,62.7,19,0.81898
2025-04-25T23:30:00,0,63.4,19,0.80361
2025-04-25T23:33:00,0,63.7,19,0.79702
2025-04-25T23:36:00,0,64.1,19,0.78824
2025-04-25T23:39:00,0,64.1,18,0.74038
2025-04-25T23:42:00,0,64.6,18,0.73007
2025-04-25T23:45:00,0,64.9,18,0.72388
2025-04-25T23:48:00,0,65.2,18,0.71769
2025-04-25T23:51:00,0,65.2,18,0.71769
2025-04-25T23:54:00,0,65.3,18,0.71563
2025-04-25T23:57:00,0,65.4,18,0.71357
2025-04-26T00:00:00,0,65.5,18,0.7115
2025-04-26T00:03:00,0,65.5,18,0.7115
2025-04-26T00:06:00,0,65.6,18,0.70944
2025-04-26T00:09:00,0,65.7,18,0.70738
2025-04-26T00:12:00,0,65.9,18,0.70326
2025-04-26T00:15:00,0,65.7,18,0.70738
2025-04-26T00:18:00,0,65.7,18,0.70738
2025-04-26T00:21:00,0,65.6,18,0.70944
2025-04-26T00:24:00,0,65.8,18,0.70532
2025-04-26T00:27:00,0,65.8,18,0.70532
2025-04-26T00:30:00,0,65.9,18,0.70326
2025-04-26T00:33:00,0,67,18,0.68057
2025-04-26T00:36:00,0,68,18,0.65995
2025-04-26T00:39:00,0,69,18,0.63932
2025-04-26T00:42:00,0,69.5,18,0.62901
2025-04-26T00:45:00,0,70,18,0.6187
2025-04-26T00:48:00,0,70.3,18,0.61251
2025-04-26T00:51:00,0,70.5,18,0.60839
2025-04-26T00:54:00,0,70.6,18,0.60633
2025-04-26T00:57:00,0,70.6,18,0.60633
2025-04-26T01:00:00,0,70.6,18,0.60633
2025-04-26T01:03:00,0,70.6,18,0.60633
2025-04-26T01:06:00,0,70.4,18,0.61045
2025-04-26T01:09:00,0,70.3,18,0.61251
2025-04-26T01:12:00,0,70.4,18,0.61045
2025-04-26T01:15:00,0,70.6,18,0.60633
2025-04-26T01:18:00,0,70.2,18,0.61458
2025-04-26T01:21:00,0,70.1,18,0.61664
2025-04-26T01:24:00,0,70.1,17,0.57891
2025-04-26T01:27:00,0,70,17,0.58085
2025-04-26T01:30:00,0,69.8,17,0.58472
2025-04-26T01:33:00,0,69.7,17,0.58666
2025-04-26T01:36:00,0,69.7,17,0.58666
2025-04-26T01:39:00,0,69.6,17,0.58859
2025-04-26T01:42:00,0,69.2,17,0.59634
2025-04-26T01:45:00,0,69.3,17,0.5944
2025-04-26T01:48:00,0,69.1,17,0.59827
2025-04-26T01:51:00,0,68.9,17,0.60215
2025-04-26T01:54:00,0,68.7,17,0.60602
2025-04-26T01:57:00,0,68.7,17,0.60602
2025-04-26T02:00:00,0,68.6,17,0.60796
2025-04-26T02:03:00,0,69.3,17,0.5944
2025-04-26T02:06:00,0,70.3,17,0.57504
2025-04-26T02:09:00,0,71.2,17,0.55762
2025-04-26T02:12:00,0,71.5,17,0.55181
2025-04-26T02:15:00,0,72,17,0.54213
2025-04-26T02:18:00,0,72,17,0.54213
2025-04-26T02:21:00,0,72.1,17,0.54019
2025-04-26T02:24:00,0,72,17,0.54213
2025-04-26T02:27:00,0,72.1,17,0.54019
2025-04-26T02:30:00,0,72.1,17,0.54019
2025-04-26T02:33:00,0,71.8,17,0.546
2025-04-26T02:36:00,0,71.7,17,0.54793
2025-04-26T02:39:00,0,71.5,17,0.55181
2025-04-26T02:42:00,0,71.5,17,0.55181
2025-04-26T02:45:00,0,71.2,17,0.55762
2025-04-26T02:48:00,0,71.4,17,0.55374
2025-04-26T02:51:00,0,71.2,17,0.55762
2025-04-26T02:54:00,0,70.9,17,0.56342
2025-04-26T02:57:00,0,70.9,17,0.56342
2025-04-26T03:00:00,0,70.6,17,0.56923
2025-04-26T03:03:00,0,70.6,17,0.56923
2025-04-26T03:06:00,0,70.7,17,0.5673
2025-04-26T03:09:00,0,70.2,17,0.57698
2025-04-26T03:12:00,0,70.2,17,0.57698
2025-04-26T03:15:00,0,69.8,17,0.58472
2025-04-26T03:18:00,0,69.9,17,0.58279
2025-04-26T03:21:00,0,69.5,16,0.55413
2025-04-26T03:24:00,0,69.4,16,0.55595
2025-04-26T03:27:00,0,69.4,16,0.55595
2025-04-26T03:30:00,0,69.3,16,0.55776
2025-04-26T03:33:00,0,69.3,16,0.55776
2025-04-26T03:36:00,0,69.2,16,0.55958
2025-04-26T03:39:00,0,69.2,16,0.55958
2025-04-26T03:42:00,0,69,16,0.56321
2025-04-26T03:45:00,0,68.9,16,0.56503
2025-04-26T03:48:00,0,68.8,16,0.56685
2025-04-26T03:51:00,0,68.9,16,0.56503
2025-04-26T03:54:00,0,68.7,16,0.56866
2025-04-26T03:57:00,0,68.7,16,0.56866
2025-04-26T04:00:00,0,68.4,16,0.57412
2025-04-26T04:03:00,350,67.8,16,0.58502
2025-04-26T04:06:00,346,67.1,17,0.637
2025-04-26T04:09:00,344,66.4,17,0.65055
2025-04-26T04:12:00,342,66.1,17,0.65636
2025-04-26T04:15:00,340,65.8,17,0.66217
2025-04-26T04:18:00,339,65,17,0.67766
2025-04-26T04:21:00,337,64.8,17,0.68153
2025-04-26T04:24:00,336,64.4,17,0.68927
2025-04-26T04:27:00,336,64,18,0.74244
2025-04-26T04:30:00,335,63.9,18,0.7445
2025-04-26T04:33:00,334,63.4,18,0.75481
2025-04-26T04:36:00,334,63,18,0.76306
2025-04-26T04:39:00,334,62.9,18,0.76513
2025-04-26T04:42:00,334,62.4,18,0.77544
2025-04-26T04:45:00,333,62.4,18,0.77544
2025-04-26T04:48:00,334,61.8,18,0.78781
2025-04-26T04:51:00,333,61.6,18,0.79194
2025-04-26T04:54:00,331,61.4,18,0.79606
2025-04-26T04:57:00,334,61,19,0.85631
2025-04-26T05:00:00,334,60.9,19,0.8585
2025-04-26T05:03:00,332,60.5,19,0.86728
2025-04-26T05:06:00,333,60.2,19,0.87387
2025-04-26T05:09:00,334,60,19,0.87826
2025-04-26T05:12:00,332,59.8,19,0.88265
2025-04-26T05:15:00,334,59.6,19,0.88705
2025-04-26T05:18:00,333,59.3,19,0.89363
2025-04-26T05:21:00,334,59.1,19,0.89802
2025-04-26T05:24:00,334,58,19,0.92218
2025-04-26T05:27:00,334,55.7,19,0.97268
2025-04-26T05:30:00,335,55.8,19,0.97048
2025-04-26T05:33:00,334,54.9,19,0.99024
2025-04-26T05:36:00,334,54,19,1.01
2025-04-26T05:39:00,334,54.3,19,1.00342
2025-04-26T05:42:00,334,54,19,1.01
2025-04-26T05:45:00,334,52.7,19,1.03855
2025-04-26T05:48:00,335,51.6,19,1.0627
2025-04-26T05:51:00,334,50.2,19,1.09344
2025-04-26T05:54:00,335,49.7,19,1.10442
2025-04-26T05:57:00,335,50.2,19,1.09344
2025-04-26T06:00:00,336,49.9,19,1.10002
2025-04-26T06:03:00,336,49,19,1.11979
2025-04-26T06:06:00,336,48.8,19,1.12418
2025-04-26T06:09:00,336,49.2,19,1.11539
2025-04-26T06:12:00,337,49.2,19,1.11539
2025-04-26T06:15:00,339,48.4,19,1.13296
2025-04-26T06:18:00,338,48.9,19,1.12198
2025-04-26T06:21:00,339,49.2,19,1.11539
2025-04-26T06:24:00,339,48.6,19,1.12857
2025-04-26T06:27:00,341,48.2,19,1.13735
2025-04-26T06:30:00,340,48.7,19,1.12637
2025-04-26T06:33:00,342,49.3,19,1.1132
2025-04-26T06:36:00,343,49.9,19,1.10002
2025-04-26T06:39:00,345,49.6,19,1.10661
2025-04-26T06:42:00,345,49.6,19,1.10661
2025-04-26T06:45:00,347,50,19,1.09783
2025-04-26T06:48:00,347,50.2,20,1.16357
2025-04-26T06:51:00,353,50.8,20,1.14955
2025-04-26T06:54:00,355,51.4,20,1.13553
2025-04-26T06:57:00,355,52.1,20,1.11917
2025-04-26T07:00:00,358,51.5,20,1.13319
2025-04-26T07:03:00,359,50.5,20,1.15656
2025-04-26T07:06:00,362,50.8,20,1.14955
2025-04-26T07:09:00,364,51.2,20,1.1402
2025-04-26T07:12:00,365,51.7,20,1.12852
2025-04-26T07:15:00,368,51.7,20,1.12852
2025-04-26T07:18:00,369,52.3,21,1.18542
2025-04-26T07:21:00,372,52.3,21,1.18542
2025-04-26T07:24:00,373,52.5,21,1.18045
2025-04-26T07:27:00,375,52.8,21,1.17299
2025-04-26T07:30:00,379,52.8,21,1.17299
2025-04-26T07:33:00,389,49.6,21,1.25252
2025-04-26T07:36:00,386,50.2,21,1.23761
2025-04-26T07:39:00,390,50.1,22,1.31838
2025-04-26T07:42:00,410,49,22,1.34744
2025-04-26T07:45:00,414,48.6,22,1.35801
2025-04-26T07:48:00,413,47.8,22,1.37915
2025-04-26T07:51:00,401,45,22,1.45313
2025-04-26T07:54:00,406,44.1,22,1.4769
2025-04-26T07:57:00,423,43.2,22,1.50068
2025-04-26T08:00:00,420,41.9,22,1.53503
2025-04-26T08:03:00,424,42.1,22,1.52975
2025-04-26T08:06:00,421,40.4,22,1.57466
2025-04-26T08:09:00,425,39.4,22,1.60108
2025-04-26T08:12:00,442,38.7,22,1.61958
2025-04-26T08:15:00,531,37.75,22,1.64467
2025-04-26T08:18:00,620,36.8,22,1.66977
2025-04-26T08:21:00,639,35.9,22,1.69355
2025-04-26T08:24:00,561,34.8,23,1.83052
2025-04-26T08:27:00,675,35.1,23,1.8221
2025-04-26T08:30:00,684,33.7,23,1.8614
2025-04-26T08:33:00,723,32.6,23,1.89229
2025-04-26T08:36:00,690,32.9,23,1.88386
2025-04-26T08:39:00,575,32.2,23,1.90352
2025-04-26T08:42:00,520,31.9,24,2.03077
2025-04-26T08:45:00,558,31.8,23,1.91475
2025-04-26T08:48:00,565,32.2,23,1.90352
2025-04-26T08:51:00,547,33.2,22,1.76489
2025-04-26T08:54:00,533,33.5,23,1.86702
2025-04-26T08:57:00,532,32.5,23,1.89509
2025-04-26T09:00:00,538,32.3,23,1.90071
2025-04-26T09:03:00,557,30.8,24,2.06357
2025-04-26T09:06:00,588,30,23,1.96528
2025-04-26T09:09:00,583,28.9,23,1.99616
2025-04-26T09:12:00,566,30.5,22,1.83622
2025-04-26T09:15:00,552,29.2,23,1.98774
2025-04-26T09:18:00,538,29.6,22,1.86
2025-04-26T09:21:00,541,30.3,22,1.84151
2025-04-26T09:24:00,545,30.6,23,1.94844
2025-04-26T09:27:00,548,30.4,22,1.83887
2025-04-26T09:30:00,550,30.5,22,1.83622
2025-04-26T09:33:00,542,31,22,1.82301
2025-04-26T09:36:00,539,32.9,19,1.47329
2025-04-26T09:39:00,531,33.5,20,1.55376
2025-04-26T09:42:00,531,30.7,20,1.61918
2025-04-26T09:45:00,528,34.3,20,1.53507
2025-04-26T09:48:00,533,31.4,22,1.81244
2025-04-26T09:51:00,528,30,23,1.96528
2025-04-26T09:54:00,509,35.5,18,1.3302
2025-04-26T09:57:00,497,34.3,20,1.53507
2025-04-26T10:00:00,498,31.3,22,1.81509
2025-04-26T10:03:00,500,34.2,19,1.44474
2025-04-26T10:06:00,509,35.6,18,1.32814
2025-04-26T10:09:00,532,34.7,19,1.43376
2025-04-26T10:12:00,549,31.5,21,1.70233
2025-04-26T10:15:00,586,36,18,1.31989
2025-04-26T10:18:00,608,35.4,19,1.41839
2025-04-26T10:21:00,599,32.1,20,1.58647
2025-04-26T10:24:00,582,36.4,17,1.2314
2025-04-26T10:27:00,558,35.8,18,1.32402
2025-04-26T10:30:00,511,36.1,18,1.31783
2025-04-26T10:33:00,511,31.8,20,1.59348
2025-04-26T10:36:00,506,36.9,18,1.30133
2025-04-26T10:39:00,505,35.8,18,1.32402
2025-04-26T10:42:00,512,31.8,21,1.69487
2025-04-26T10:45:00,526,36,18,1.31989
2025-04-26T10:48:00,526,35.1,19,1.42498
2025-04-26T10:51:00,511,35.5,19,1.4162
2025-04-26T10:54:00,515,31,21,1.71476
2025-04-26T10:57:00,515,35.7,18,1.32608
2025-04-26T11:00:00,512,35.5,18,1.3302
2025-04-26T11:03:00,517,35.6,19,1.414
2025-04-26T11:06:00,522,33.4,20,1.5561
2025-04-26T11:09:00,520,34.9,18,1.34258
2025-04-26T11:12:00,517,34.7,19,1.43376
2025-04-26T11:15:00,519,34.7,19,1.43376
2025-04-26T11:18:00,531,33.6,20,1.55142
2025-04-26T11:21:00,577,34.4,19,1.44035
2025-04-26T11:24:00,688,34.8,19,1.43157
2025-04-26T11:27:00,827,34,19,1.44913
2025-04-26T11:30:00,953,33.8,20,1.54675
2025-04-26T11:33:00,743,34.15,19.5,1.49157
2025-04-26T11:36:00,533,34.5,19,1.43816
2025-04-26T11:39:00,1243,34.7,19,1.43376
2025-04-26T11:42:00,1278,34,20,1.54208
2025-04-26T11:45:00,1259,33.6,19,1.45792
2025-04-26T11:48:00,1200,34.9,19,1.42937
2025-04-26T11:51:00,1124,34.6,19,1.43596
2025-04-26T11:54:00,1038,33.5,19,1.46011
2025-04-26T11:57:00,901,34.5,19,1.43816
2025-04-26T12:00:00,783,34,20,1.54208
2025-04-26T12:03:00,885,33.1,20,1.5631
2025-04-26T12:06:00,853,33.5,20,1.55376
2025-04-26T12:09:00,807,32.8,20,1.57011
2025-04-26T12:12:00,795,34.5,19,1.43816
2025-04-26T12:15:00,772,34.8,19,1.43157
2025-04-26T12:18:00,564,34.6,19,1.43596
2025-04-26T12:21:00,490,35,19,1.42718
2025-04-26T12:24:00,546,34.6,20,1.52806
2025-04-26T12:27:00,578,34.5,20,1.53039
2025-04-26T12:30:00,549,34.2,20,1.5374
2025-04-26T12:33:00,487,34.5,19,1.43816
2025-04-26T12:36:00,484,34.4,19,1.44035
2025-04-26T12:39:00,480,35.2,19,1.42279
2025-04-26T12:42:00,490,34.5,20,1.53039
2025-04-26T12:45:00,548,34.2,20,1.5374
2025-04-26T12:48:00,567,33.8,20,1.54675
2025-04-26T12:51:00,579,33.4,20,1.5561
2025-04-26T12:54:00,578,33.6,20,1.55142
2025-04-26T12:57:00,581,33.3,20,1.55843
2025-04-26T13:00:00,594,33.3,20,1.55843
2025-04-26T13:03:00,600,33,21,1.66505
2025-04-26T13:06:00,575,33,21,1.66505
2025-04-26T13:09:00,488,33.6,20,1.55142
2025-04-26T13:12:00,606,32.8,20,1.57011
2025-04-26T13:15:00,620,32.1,21,1.68742
2025-04-26T13:18:00,627,32.5,21,1.67748
2025-04-26T13:21:00,639,32.8,21,1.67002
2025-04-26T13:24:00,641,32.8,21,1.67002
2025-04-26T13:27:00,646,31.8,21,1.69487
2025-04-26T13:30:00,646,32,21,1.6899
2025-04-26T13:33:00,630,32.2,21,1.68493
2025-04-26T13:36:00,560,32.5,21,1.67748
2025-04-26T13:39:00,508,32.3,21,1.68245
2025-04-26T13:42:00,567,32.2,21,1.68493
2025-04-26T13:45:00,576,32.2,21,1.68493
2025-04-26T13:48:00,767,32.3,21,1.68245
2025-04-26T13:51:00,786,30.5,22,1.83622
2025-04-26T13:54:00,520,31.7,22,1.80452
2025-04-26T13:57:00,506,30.7,22,1.83094
2025-04-26T14:00:00,1334,30.3,22,1.84151
2025-04-26T14:03:00,1428,30.7,22,1.83094
2025-04-26T14:06:00,1483,30,23,1.96528
2025-04-26T14:09:00,1534,29.3,23,1.98493
2025-04-26T14:12:00,530,30.4,22,1.83887
2025-04-26T14:15:00,1550,30.5,22,1.83622
2025-04-26T14:18:00,1317,29.6,23,1.97651
2025-04-26T14:21:00,1168,30,23,1.96528
2025-04-26T14:24:00,1232,29.5,23,1.97932
2025-04-26T14:27:00,1033,29.4,23,1.98213
2025-04-26T14:30:00,852,29,23,1.99336
2025-04-26T14:33:00,683,30,22,1.84943
2025-04-26T14:36:00,581,30.5,23,1.95124
2025-04-26T14:39:00,536,31.1,22,1.82037
2025-04-26T14:42:00,530,30.9,22,1.82566
2025-04-26T14:45:00,520,30.4,22,1.83887
2025-04-26T14:48:00,515,31.3,22,1.81509
2025-04-26T14:51:00,485,30.6,22,1.83358
2025-04-26T14:54:00,510,29.8,23,1.9709
2025-04-26T14:57:00,515,30,23,1.96528
2025-04-26T15:00:00,509,30.3,23,1.95686
2025-04-26T15:03:00,528,30.2,22,1.84415
2025-04-26T15:06:00,533,31.6,22,1.80716
2025-04-26T15:09:00,543,31,22,1.82301
2025-04-26T15:12:00,599,30.1,23,1.96247
2025-04-26T15:15:00,776,29.7,23,1.9737
2025-04-26T15:18:00,1207,29.3,23,1.98493
2025-04-26T15:21:00,449,30.4,23,1.95405
2025-04-26T15:24:00,1177,31.8,22,1.80188
2025-04-26T15:27:00,1465,30.9,22,1.82566
2025-04-26T15:30:00,413,31.3,22,1.81509
2025-04-26T15:33:00,613,31.9,22,1.79923
2025-04-26T15:36:00,668,31.1,22,1.82037
2025-04-26T15:39:00,425,31.9,22,1.79923
2025-04-26T15:42:00,468,32.7,21,1.67251
2025-04-26T15:45:00,571,32.2,22,1.79131
2025-04-26T15:48:00,542,31.7,22,1.80452
2025-04-26T15:51:00,555,31.5,22,1.8098
2025-04-26T15:54:00,491,31.3,22,1.81509
2025-04-26T15:57:00,460,31.3,22,1.81509
2025-04-26T16:00:00,548,32.3,22,1.78867
2025-04-26T16:03:00,546,31.5,22,1.8098
2025-04-26T16:06:00,549,31.9,22,1.79923
2025-04-26T16:09:00,485,31.8,22,1.80188
2025-04-26T16:12:00,522,31.5,22,1.8098
2025-04-26T16:15:00,523,31.6,22,1.80716
2025-04-26T16:18:00,436,31.3,22,1.81509
2025-04-26T16:21:00,457,31.6,22,1.80716
2025-04-26T16:24:00,487,31,22,1.82301
2025-04-26T16:27:00,513,31.2,22,1.81773
2025-04-26T16:30:00,504,31.45,22,1.81112
2025-04-26T16:33:00,495,31.7,22,1.80452
2025-04-26T16:36:00,495,31.7,22,1.80452
2025-04-26T16:39:00,472,31.2,22,1.81773
2025-04-26T16:42:00,481,31.1,22,1.82037
2025-04-26T16:45:00,482,31.7,22,1.80452
2025-04-26T16:48:00,463,31.3,22,1.81509
2025-04-26T16:51:00,454,31.4,22,1.81244
2025-04-26T16:54:00,452,31.6,22,1.80716
2025-04-26T16:57:00,430,31.3,22,1.81509
2025-04-26T17:00:00,436,31.7,22,1.80452
2025-04-26T17:03:00,442,30.7,22,1.83094
2025-04-26T17:06:00,446,31.2,22,1.81773
2025-04-26T17:09:00,426,30.8,22,1.8283
2025-04-26T17:12:00,378,30.3,22,1.84151
2025-04-26T17:15:00,372,30.7,22,1.83094
2025-04-26T17:18:00,380,30.7,22,1.83094
2025-04-26T17:21:00,454,31,21,1.71476
2025-04-26T17:24:00,369,31.6,21,1.69984
2025-04-26T17:27:00,367,31.4,21,1.70482
2025-04-26T17:30:00,416,32.4,21,1.67996
2025-04-26T17:33:00,435,32.5,21,1.67748
2025-04-26T17:36:00,446,31,22,1.82301
2025-04-26T17:39:00,449,30.5,22,1.83622
2025-04-26T17:42:00,484,30.3,22,1.84151
2025-04-26T17:45:00,400,30.7,22,1.83094
2025-04-26T17:48:00,361,31.4,21,1.70482
2025-04-26T17:51:00,348,32.1,21,1.68742
2025-04-26T17:54:00,375,31.9,21,1.69239
2025-04-26T17:57:00,385,31.7,21,1.69736
2025-04-26T18:00:00,396,31.4,21,1.70482
2025-04-26T18:03:00,367,31.8,21,1.69487
2025-04-26T18:06:00,403,32,21,1.6899
2025-04-26T18:09:00,352,31.8,21,1.69487
2025-04-26T18:12:00,375,32.2,21,1.68493
2025-04-26T18:15:00,492,32.3,21,1.68245
2025-04-26T18:18:00,420,32.1,21,1.68742
2025-04-26T18:21:00,442,31.8,21,1.69487
2025-04-26T18:24:00,495,31.9,21,1.69239
2025-04-26T18:27:00,394,31.2,21,1.70979
2025-04-26T18:30:00,375,31.2,21,1.70979
2025-04-26T18:33:00,372,31.2,21,1.70979
2025-04-26T18:36:00,373,31.7,21,1.69736
2025-04-26T18:39:00,369,31.9,20,1.59114
2025-04-26T18:42:00,366,32.5,20,1.57712
2025-04-26T18:45:00,370,32.9,20,1.56778
2025-04-26T18:48:00,362,33.3,20,1.55843
2025-04-26T18:51:00,357,33.9,20,1.54441
2025-04-26T18:54:00,358,33.9,20,1.54441
2025-04-26T18:57:00,352,33.9,20,1.54441
2025-04-26T19:00:00,350,34,20,1.54208
2025-04-26T19:03:00,351,34,20,1.54208
2025-04-26T19:06:00,348,34.5,20,1.53039
2025-04-26T19:09:00,347,34.8,20,1.52338
2025-04-26T19:12:00,345,34.9,20,1.52105
2025-04-26T19:15:00,345,35,20,1.51871
2025-04-26T19:18:00,342,34.8,20,1.52338
2025-04-26T19:21:00,343,35.1,20,1.51638
2025-04-26T19:24:00,345,35.4,20,1.50937
2025-04-26T19:27:00,340,35.5,20,1.50703
2025-04-26T19:30:00,338,35.8,19,1.40961
2025-04-26T19:33:00,336,35.9,19,1.40742
2025-04-26T19:36:00,334,35.4,20,1.50937
2025-04-26T19:39:00,333,35.6,20,1.50469
2025-04-26T19:42:00,334,36.2,19,1.40083
2025-04-26T19:45:00,331,36.2,19,1.40083
2025-04-26T19:48:00,331,36.4,19,1.39644
2025-04-26T19:51:00,328,36.5,19,1.39424
2025-04-26T19:54:00,327,36.4,19,1.39644
2025-04-26T19:57:00,327,36.9,19,1.38546
2025-04-26T20:00:00,327,37.8,19,1.3657
2025-04-26T20:03:00,0,38.8,18,1.26215
2025-04-26T20:06:00,0,39.6,18,1.24565
2025-04-26T20:09:00,0,38.5,19,1.35033
2025-04-26T20:12:00,0,40.6,18,1.22503
2025-04-26T20:15:00,0,39.3,19,1.33276
2025-04-26T20:18:00,0,39.3,19,1.33276
2025-04-26T20:21:00,0,39.3,19,1.33276
2025-04-26T20:24:00,0,39.3,20,1.41824
2025-04-26T20:27:00,0,39.6,20,1.41123
2025-04-26T20:30:00,0,39.8,19,1.32179
2025-04-26T20:33:00,0,40.4,19,1.30861
2025-04-26T20:36:00,0,40.8,19,1.29983
2025-04-26T20:39:00,0,41.1,19,1.29324
2025-04-26T20:42:00,0,41.1,19,1.29324
2025-04-26T20:45:00,0,41.2,19,1.29105
2025-04-26T20:48:00,0,41.5,19,1.28446
2025-04-26T20:51:00,0,41.3,19,1.28885
2025-04-26T20:54:00,0,41.8,19,1.27787
2025-04-26T20:57:00,0,41.6,19,1.28226
2025-04-26T21:00:00,0,41.9,19,1.27568
2025-04-26T21:03:00,0,41.8,19,1.27787
2025-04-26T21:06:00,0,42.9,19,1.25372
2025-04-26T21:09:00,0,42.5,19,1.2625
2025-04-26T21:12:00,0,43.4,19,1.24274
2025-04-26T21:15:00,0,43.1,19,1.24933
2025-04-26T21:18:00,0,42.8,19,1.25592
2025-04-26T21:21:00,0,42.6,19,1.26031
2025-04-26T21:24:00,0,42.7,19,1.25811
2025-04-26T21:27:00,0,42.6,19,1.26031
2025-04-26T21:30:00,0,42.7,19,1.25811
2025-04-26T21:33:00,0,42.6,19,1.26031
2025-04-26T21:36:00,0,42.6,19,1.26031
2025-04-26T21:39:00,0,42.8,19,1.25592
2025-04-26T21:42:00,0,42.9,19,1.25372
2025-04-26T21:45:00,0,42.7,19,1.25811
2025-04-26T21:48:00,0,42.9,19,1.25372
2025-04-26T21:51:00,0,43,19,1.25152
2025-04-26T21:54:00,0,43.1,19,1.24933
2025-04-26T21:57:00,0,43.1,19,1.24933
2025-04-26T22:00:00,0,43.3,19,1.24494
2025-04-26T22:03:00,0,43.4,18,1.16728
2025-04-26T22:06:00,0,43.6,18,1.16316
2025-04-26T22:09:00,0,44.2,19,1.22518
2025-04-26T22:12:00,0,44.3,19,1.22298
2025-04-26T22:15:00,0,44.7,19,1.2142
2025-04-26T22:18:00,0,45.5,19,1.19663
2025-04-26T22:21:00,0,46,19,1.18566
2025-04-26T22:24:00,0,46.6,19,1.17248
2025-04-26T22:27:00,0,47.1,19,1.1615
2025-04-26T22:30:00,0,47.5,19,1.15272
2025-04-26T22:33:00,0,48.2,19,1.13735
2025-04-26T22:36:00,0,48.7,19,1.12637
2025-04-26T22:39:00,0,49.2,19,1.11539
2025-04-26T22:42:00,0,49.5,19,1.10881
2025-04-26T22:45:00,0,50.1,19,1.09563
2025-04-26T22:48:00,0,50.5,19,1.08685
2025-04-26T22:51:00,0,50.9,19,1.07807
2025-04-26T22:54:00,0,51.4,19,1.06709
2025-04-26T22:57:00,0,51.7,19,1.0605
2025-04-26T23:00:00,0,52.2,19,1.04952
2025-04-26T23:03:00,0,52.5,19,1.04294
2025-04-26T23:06:00,0,55,19,0.98805
2025-04-26T23:09:00,0,58.4,19,0.91339
2025-04-26T23:12:00,0,60.2,19,0.87387
2025-04-26T23:15:00,0,61.9,19,0.83655
2025-04-26T23:18:00,0,63.4,19,0.80361
2025-04-26T23:21:00,0,64.3,19,0.78385
2025-04-26T23:24:00,0,64.9,19,0.77068
2025-04-26T23:27:00,0,65.5,19,0.7575
2025-04-26T23:30:00,0,65.8,19,0.75091
2025-04-26T23:33:00,0,66.4,19,0.73774
2025-04-26T23:36:00,0,66.6,19,0.73335
2025-04-26T23:39:00,0,67,19,0.72457
2025-04-26T23:42:00,0,67.2,19,0.72018
2025-04-26T23:45:00,0,67.4,19,0.71578
2025-04-26T23:48:00,0,67.6,19,0.71139
2025-04-26T23:51:00,0,67.6,19,0.71139
2025-04-26T23:54:00,0,67.8,19,0.707
2025-04-26T23:57:00,0,67.7,19,0.7092
2025-04-27T00:00:00,0,67.8,19,0.707
2025-04-27T00:03:00,0,67.9,19,0.70481
2025-04-27T00:06:00,0,67.9,19,0.70481
2025-04-27T00:09:00,0,67.9,19,0.70481
2025-04-27T00:12:00,0,67.9,18,0.66201
2025-04-27T00:15:00,0,68.1,18,0.65788
2025-04-27T00:18:00,0,68,18,0.65995
2025-04-27T00:21:00,0,67.8,18,0.66407
2025-04-27T00:24:00,0,67.9,18,0.66201
2025-04-27T00:27:00,0,68.2,18,0.65582
2025-04-27T00:30:00,0,67.9,18,0.66201
2025-04-27T00:33:00,0,68.3,18,0.65376
2025-04-27T00:36:00,0,70.3,18,0.61251
2025-04-27T00:39:00,0,71.2,18,0.59395
2025-04-27T00:42:00,0,71.7,18,0.58364
2025-04-27T00:45:00,0,72.3,18,0.57127
2025-04-27T00:48:00,0,72.4,18,0.5692
2025-04-27T00:51:00,0,73.1,18,0.55477
2025-04-27T00:54:00,0,73.4,18,0.54858
2025-04-27T00:57:00,0,73.2,18,0.55271
2025-04-27T01:00:00,0,73.5,18,0.54652
2025-04-27T01:03:00,0,73.6,18,0.54446
2025-04-27T01:06:00,0,73.7,18,0.54239
2025-04-27T01:09:00,0,73.6,18,0.54446
2025-04-27T01:12:00,0,73.6,18,0.54446
2025-04-27T01:15:00,0,73.7,18,0.54239
2025-04-27T01:18:00,0,73.5,18,0.54652
2025-04-27T01:21:00,0,73.5,18,0.54652
2025-04-27T01:24:00,0,73.6,18,0.54446
2025-04-27T01:27:00,0,73.6,18,0.54446
2025-04-27T01:30:00,0,73.4,18,0.54858
2025-04-27T01:33:00,0,73.3,18,0.55064
2025-04-27T01:36:00,0,73.3,18,0.55064
2025-04-27T01:39:00,0,73.4,18,0.54858
2025-04-27T01:42:00,0,73.3,18,0.55064
2025-04-27T01:45:00,0,73.5,18,0.54652
2025-04-27T01:48:00,0,73.1,18,0.55477
2025-04-27T01:51:00,0,73,18,0.55683
2025-04-27T01:54:00,0,72.9,18,0.55889
2025-04-27T01:57:00,0,72.8,18,0.56095
2025-04-27T02:00:00,0,72.8,18,0.56095
2025-04-27T02:03:00,0,73.1,18,0.55477
2025-04-27T02:06:00,0,74.2,18,0.53208
2025-04-27T02:09:00,0,75,18,0.51558
2025-04-27T02:12:00,0,75.4,18,0.50733
2025-04-27T02:15:00,0,75.7,18,0.50115
2025-04-27T02:18:00,0,75.9,18,0.49702
2025-04-27T02:21:00,0,76,18,0.49496
2025-04-27T02:24:00,0,76.1,18,0.4929
2025-04-27T02:27:00,0,76.1,18,0.4929
2025-04-27T02:30:00,0,76.4,18,0.48671
2025-04-27T02:33:00,0,76.2,18,0.49084
2025-04-27T02:36:00,0,76.1,18,0.4929
2025-04-27T02:39:00,0,76,18,0.49496
2025-04-27T02:42:00,0,76.2,18,0.49084
2025-04-27T02:45:00,0,76.2,18,0.49084
2025-04-27T02:48:00,0,75.9,18,0.49702
2025-04-27T02:51:00,0,75.7,18,0.50115
2025-04-27T02:54:00,0,75.8,18,0.49908
2025-04-27T02:57:00,0,75.6,18,0.50321
2025-04-27T03:00:00,0,75.4,18,0.50733
2025-04-27T03:03:00,0,75.4,18,0.50733
2025-04-27T03:06:00,0,75.3,18,0.5094
2025-04-27T03:09:00,0,75.4,18,0.50733
2025-04-27T03:12:00,0,75.3,18,0.5094
2025-04-27T03:15:00,0,75.1,18,0.51352
2025-04-27T03:18:00,0,75.2,18,0.51146
2025-04-27T03:21:00,0,75.4,18,0.50733
2025-04-27T03:24:00,0,75.1,18,0.51352
2025-04-27T03:27:00,0,75.1,18,0.51352
2025-04-27T03:30:00,0,75,18,0.51558
2025-04-27T03:33:00,0,74.9,18,0.51765
2025-04-27T03:36:00,0,74.8,17,0.48791
2025-04-27T03:39:00,0,74.7,18,0.52177
2025-04-27T03:42:00,0,74.8,18,0.51971
2025-04-27T03:45:00,0,74.8,18,0.51971
2025-04-27T03:48:00,0,74.6,17,0.49179
2025-04-27T03:51:00,0,74.6,17,0.49179
2025-04-27T03:54:00,0,74.7,17,0.48985
2025-04-27T03:57:00,0,74.8,17,0.48791
2025-04-27T04:00:00,0,74.8,17,0.48791
2025-04-27T04:03:00,351,74.2,18,0.53208
2025-04-27T04:06:00,348,73.6,18,0.54446
2025-04-27T04:09:00,346,72.9,18,0.55889
2025-04-27T04:12:00,345,72.4,18,0.5692
2025-04-27T04:15:00,342,71.7,18,0.58364
2025-04-27T04:18:00,340,71.4,19,0.62796
2025-04-27T04:21:00,338,70.8,19,0.64113
2025-04-27T04:24:00,339,70.5,19,0.64772
2025-04-27T04:27:00,337,70,19,0.6587
2025-04-27T04:30:00,336,69.5,19,0.66968
2025-04-27T04:33:00,336,69.3,19,0.67407
2025-04-27T04:36:00,336,68.9,19,0.68285
2025-04-27T04:39:00,336,68.4,19,0.69383
2025-04-27T04:42:00,335,68,19,0.70261
2025-04-27T04:45:00,334,67.7,20,0.75468
2025-04-27T04:48:00,334,67.2,20,0.76637
2025-04-27T04:51:00,335,66.9,20,0.77337
2025-04-27T04:54:00,335,66.3,20,0.78739
2025-04-27T04:57:00,335,65.7,20,0.80141
2025-04-27T05:00:00,334,64.8,20,0.82244
2025-04-27T05:03:00,335,63.5,20,0.85281
2025-04-27T05:06:00,334,63.6,20,0.85048
2025-04-27T05:09:00,334,62.7,20,0.87151
2025-04-27T05:12:00,333,60.2,20,0.92992
2025-04-27T05:15:00,334,58.4,19,0.91339
2025-04-27T05:18:00,334,58.4,19,0.91339
2025-04-27T05:21:00,332,57.1,20,1.00235
2025-04-27T05:24:00,334,56.3,19,0.9595
2025-04-27T05:27:00,332,55.7,20,1.03506
2025-04-27T05:30:00,334,55.2,19,0.98365
2025-04-27T05:33:00,333,55,19,0.98805
2025-04-27T05:36:00,333,54.5,20,1.0631
2025-04-27T05:39:00,333,54.3,20,1.06777
2025-04-27T05:42:00,334,53.7,20,1.08179
2025-04-27T05:45:00,334,53.5,20,1.08646
2025-04-27T05:48:00,335,53.8,20,1.07945
2025-04-27T05:51:00,334,54.2,20,1.07011
2025-04-27T05:54:00,335,53.7,20,1.08179
2025-04-27T05:57:00,334,53.7,20,1.08179
2025-04-27T06:00:00,336,53.8,20,1.07945
2025-04-27T06:03:00,336,53.4,20,1.0888
2025-04-27T06:06:00,336,53.2,20,1.09347
2025-04-27T06:09:00,336,53.4,20,1.0888
2025-04-27T06:12:00,338,53.9,20,1.07712
2025-04-27T06:15:00,339,54.3,20,1.06777
2025-04-27T06:18:00,337,54.5,20,1.0631
2025-04-27T06:21:00,339,54.7,20,1.05843
2025-04-27T06:24:00,339,54.3,20,1.06777
2025-04-27T06:27:00,341,53.4,20,1.0888
2025-04-27T06:30:00,336,53.1,20,1.09581
2025-04-27T06:33:00,342,53,20,1.09815
2025-04-27T06:36:00,343,52.7,20,1.10515
2025-04-27T06:39:00,342,52.5,20,1.10983
2025-04-27T06:42:00,342,52.7,20,1.10515
2025-04-27T06:45:00,346,53.5,20,1.08646
2025-04-27T06:48:00,347,54.3,20,1.06777
2025-04-27T06:51:00,347,54.7,20,1.05843
2025-04-27T06:54:00,353,55.4,20,1.04207
2025-04-27T06:57:00,355,56,20,1.02805
2025-04-27T07:00:00,353,55.7,20,1.03506
2025-04-27T07:03:00,356,55.2,20,1.04674
2025-04-27T07:06:00,353,54.7,20,1.05843
2025-04-27T07:09:00,358,54.7,20,1.05843
2025-04-27T07:12:00,361,53.9,20,1.07712
2025-04-27T07:15:00,364,53,21,1.16802
2025-04-27T07:18:00,365,52.9,20,1.10048
2025-04-27T07:21:00,366,53.6,20,1.08413
2025-04-27T07:24:00,368,54.2,21,1.1382
2025-04-27T07:27:00,368,54.8,21,1.12329
2025-04-27T07:30:00,375,55,21,1.11832
2025-04-27T07:33:00,381,55.4,21,1.10838
2025-04-27T07:36:00,389,54.5,21,1.13074
2025-04-27T07:39:00,390,53.2,21,1.16305
2025-04-27T07:42:00,399,51.9,21,1.19536
2025-04-27T07:45:00,405,51,21,1.21773
2025-04-27T07:48:00,405,50,21,1.24258
2025-04-27T07:51:00,406,48.8,21,1.2724
2025-04-27T07:54:00,408,48.3,21,1.28482
2025-04-27T07:57:00,411,48.1,21,1.28979
2025-04-27T08:00:00,413,47.3,21,1.30968
2025-04-27T08:03:00,414,47.1,21,1.31465
2025-04-27T08:06:00,408,46.2,21,1.33701
2025-04-27T08:09:00,396,46.1,21,1.3395
2025-04-27T08:12:00,383,45.7,21,1.34944
2025-04-27T08:15:00,378,45.3,21,1.35938
2025-04-27T08:18:00,376,46.6,21,1.32707
2025-04-27T08:21:00,378,46.8,21,1.3221
2025-04-27T08:24:00,383,47.5,21,1.30471
2025-04-27T08:27:00,389,47.9,21,1.29476
2025-04-27T08:30:00,388,47.4,22,1.38972
2025-04-27T08:33:00,389,47.1,22,1.39764
2025-04-27T08:36:00,390,46.9,21,1.31962
2025-04-27T08:39:00,386,46.5,22,1.4135
2025-04-27T08:42:00,386,45.7,22,1.43463
2025-04-27T08:45:00,387,45,22,1.45313
2025-04-27T08:48:00,391,43.8,22,1.48483
2025-04-27T08:51:00,394,44.9,21,1.36932
2025-04-27T08:54:00,391,44.7,21,1.37429
2025-04-27T08:57:00,389,44.2,21,1.38672
2025-04-27T09:00:00,391,44.9,21,1.36932
2025-04-27T09:03:00,397,45.4,22,1.44256
2025-04-27T09:06:00,402,45.1,22,1.45048
2025-04-27T09:09:00,406,45.1,22,1.45048
2025-04-27T09:12:00,412,45.2,22,1.44784
2025-04-27T09:15:00,419,44.7,22,1.46105
2025-04-27T09:18:00,428,44.7,22,1.46105
2025-04-27T09:21:00,442,43.7,22,1.48747
2025-04-27T09:24:00,457,43.2,22,1.50068
2025-04-27T09:27:00,475,42.8,22,1.51125
2025-04-27T09:30:00,497,42.6,22,1.51654
2025-04-27T09:33:00,497,42.6,23,1.61153
2025-04-27T09:36:00,488,42.4,23,1.61715
2025-04-27T09:39:00,494,39.1,23,1.70979
2025-04-27T09:42:00,513,39.3,22,1.60372
2025-04-27T09:45:00,521,37.5,22,1.65128
2025-04-27T09:48:00,547,37,22,1.66449
2025-04-27T09:51:00,511,37.9,23,1.74349
2025-04-27T09:54:00,521,37.7,22,1.646
2025-04-27T09:57:00,536,37.6,23,1.75191
2025-04-27T10:00:00,530,37.7,22,1.646
2025-04-27T10:03:00,526,35.3,22,1.7094
2025-04-27T10:06:00,498,35.2,22,1.71205
2025-04-27T10:09:00,476,36.3,23,1.78841
2025-04-27T10:12:00,459,37,22,1.66449
2025-04-27T10:15:00,463,36.5,22,1.6777
2025-04-27T10:18:00,459,37,22,1.66449
2025-04-27T10:21:00,434,39.6,22,1.5958
2025-04-27T10:24:00,427,40.2,22,1.57994
2025-04-27T10:27:00,430,38.2,21,1.53582
2025-04-27T10:30:00,429,37.6,22,1.64864
2025-04-27T10:33:00,439,36.9,22,1.66713
2025-04-27T10:36:00,440,35.9,22,1.69355
2025-04-27T10:39:00,438,37.8,21,1.54577
2025-04-27T10:42:00,457,37.5,22,1.65128
2025-04-27T10:45:00,475,37.9,21,1.54328
2025-04-27T10:48:00,520,37.1,21,1.56316
2025-04-27T10:51:00,572,36.8,21,1.57062
2025-04-27T10:54:00,619,36.5,22,1.6777
2025-04-27T10:57:00,625,35.1,22,1.71469
2025-04-27T11:00:00,656,34.7,22,1.72526
2025-04-27T11:03:00,711,33.1,22,1.76753
2025-04-27T11:06:00,643,29.6,21,1.74955
2025-04-27T11:09:00,584,31.6,22,1.80716
2025-04-27T11:12:00,561,33.5,20,1.55376
2025-04-27T11:15:00,550,31,21,1.71476
2025-04-27T11:18:00,552,33.6,19,1.45792
2025-04-27T11:21:00,575,29.1,22,1.87321
2025-04-27T11:24:00,627,31.5,21,1.70233
2025-04-27T11:27:00,653,31.5,20,1.60049
2025-04-27T11:30:00,542,30.7,22,1.83094
2025-04-27T11:33:00,539,29.4,23,1.98213
2025-04-27T11:36:00,540,30,22,1.84943
2025-04-27T11:39:00,573,32.3,19,1.48646
2025-04-27T11:42:00,732,31.4,21,1.70482
2025-04-27T11:45:00,561,32.3,20,1.5818
2025-04-27T11:48:00,535,31.1,20,1.60983
2025-04-27T11:51:00,537,30.2,21,1.73464
2025-04-27T11:54:00,523,30.2,21,1.73464
2025-04-27T11:57:00,555,29.7,21,1.74706
2025-04-27T12:00:00,452,28.9,22,1.8785
2025-04-27T12:03:00,452,28.6,22,1.88642
2025-04-27T12:06:00,457,28.6,21,1.7744
2025-04-27T12:09:00,459,29.6,20,1.64488
2025-04-27T12:12:00,950,29.2,21,1.75949
2025-04-27T12:15:00,697,28.9,22,1.8785
2025-04-27T12:18:00,580,28.2,22,1.89699
2025-04-27T12:21:00,504,29,21,1.76446
2025-04-27T12:24:00,476,29.7,21,1.74706
2025-04-27T12:27:00,695,29.1,21,1.76197
2025-04-27T12:30:00,679,29.3,22,1.86793
2025-04-27T12:33:00,594,30.7,20,1.61918
2025-04-27T12:36:00,526,28.5,21,1.77688
2025-04-27T12:39:00,526,28.9,21,1.76694
2025-04-27T12:42:00,516,30.3,20,1.62853
2025-04-27T12:45:00,630,30.5,21,1.72718
2025-04-27T12:48:00,643,27.7,22,1.9102
2025-04-27T12:51:00,511,27.8,23,2.02705
2025-04-27T12:54:00,685,28.5,21,1.77688
2025-04-27T12:57:00,621,31.5,19,1.50403
2025-04-27T13:00:00,681,29.3,22,1.86793
2025-04-27T13:03:00,719,29.4,20,1.64955
2025-04-27T13:06:00,621,30,20,1.63554
2025-04-27T13:09:00,609,28.8,20,1.66357
2025-04-27T13:12:00,605,27.8,21,1.79428
2025-04-27T13:15:00,558,29.5,19,1.54794
2025-04-27T13:18:00,543,30.9,19,1.5172
2025-04-27T13:21:00,526,27.7,21,1.79677
2025-04-27T13:24:00,538,26.8,22,1.93398
2025-04-27T13:27:00,540,30,19,1.53696
2025-04-27T13:30:00,526,27.7,21,1.79677
2025-04-27T13:33:00,507,26.5,22,1.94191
2025-04-27T13:36:00,512,28.3,20,1.67526
2025-04-27T13:39:00,618,28.7,20,1.66591
2025-04-27T13:42:00,594,27.6,21,1.79925
2025-04-27T13:45:00,566,28.4,21,1.77937
2025-04-27T13:48:00,605,30,19,1.53696
2025-04-27T13:51:00,537,29.2,20,1.65423
2025-04-27T13:54:00,665,27.3,21,1.80671
2025-04-27T13:57:00,558,28,20,1.68227
2025-04-27T14:00:00,1274,28,20,1.68227
2025-04-27T14:03:00,835,27.3,21,1.80671
2025-04-27T14:06:00,592,24.8,21,1.86884
2025-04-27T14:09:00,516,27.1,20,1.70329
2025-04-27T14:12:00,463,26.5,22,1.94191
2025-04-27T14:15:00,479,24.7,23,2.11408
2025-04-27T14:18:00,585,27,19,1.60283
2025-04-27T14:21:00,682,27.3,19,1.59624
2025-04-27T14:24:00,493,26.5,20,1.71731
2025-04-27T14:27:00,441,26.6,21,1.8241
2025-04-27T14:30:00,427,26.5,21,1.82659
2025-04-27T14:33:00,431,26.1,21,1.83653
2025-04-27T14:36:00,469,26.4,21,1.82907
2025-04-27T14:39:00,522,25.4,22,1.97097
2025-04-27T14:42:00,696,26.7,21,1.82162
2025-04-27T14:45:00,677,27,20,1.70563
2025-04-27T14:48:00,566,23.6,22,2.01852
2025-04-27T14:51:00,583,27,20,1.70563
2025-04-27T14:54:00,493,27.7,20,1.68927
2025-04-27T14:57:00,640,26.5,21,1.82659
2025-04-27T15:00:00,511,25.9,21,1.8415
2025-04-27T15:03:00,494,26.7,20,1.71264
2025-04-27T15:06:00,523,25.4,21,1.85392
2025-04-27T15:09:00,496,25.9,20,1.73133
2025-04-27T15:12:00,469,25.3,21,1.85641
2025-04-27T15:15:00,477,25.7,21,1.84647
2025-04-27T15:18:00,475,25.9,21,1.8415
2025-04-27T15:21:00,485,24.9,21,1.86635
2025-04-27T15:24:00,445,25,21,1.86387
2025-04-27T15:27:00,444,24.9,22,1.98418
2025-04-27T15:30:00,466,24.4,21,1.87878
2025-04-27T15:33:00,550,25.1,21,1.86138
2025-04-27T15:36:00,690,25.9,21,1.8415
2025-04-27T15:39:00,596,25.5,21,1.85144
2025-04-27T15:42:00,555,25.3,22,1.97361
2025-04-27T15:45:00,605,25,22,1.98154
2025-04-27T15:48:00,557,25.5,21,1.85144
2025-04-27T15:51:00,550,27.4,20,1.69628
2025-04-27T15:54:00,520,25.7,21,1.84647
2025-04-27T15:57:00,550,25,22,1.98154
2025-04-27T16:00:00,524,26.5,20,1.71731
2025-04-27T16:03:00,493,26.8,20,1.7103
2025-04-27T16:06:00,485,26.5,21,1.82659
2025-04-27T16:09:00,490,26.7,21,1.82162
2025-04-27T16:12:00,438,25.7,22,1.96304
2025-04-27T16:15:00,472,27.9,20,1.6846
2025-04-27T16:18:00,448,27.4,20,1.69628
2025-04-27T16:21:00,443,26.9,22,1.93134
2025-04-27T16:24:00,464,26.3,22,1.94719
2025-04-27T16:27:00,455,25.3,22,1.97361
2025-04-27T16:30:00,430,26.8,21,1.81913
2025-04-27T16:33:00,420,27,22,1.92869
2025-04-27T16:36:00,422,27.4,22,1.91813
2025-04-27T16:39:00,408,27.8,21,1.79428
2025-04-27T16:42:00,403,28.8,22,1.88114
2025-04-27T16:45:00,391,29.1,22,1.87321
2025-04-27T16:48:00,386,28.9,22,1.8785
2025-04-27T16:51:00,383,29.3,21,1.757
2025-04-27T16:54:00,369,29.2,21,1.75949
2025-04-27T16:57:00,358,31.1,21,1.71227
2025-04-27T17:00:00,360,32.4,21,1.67996
2025-04-27T17:03:00,361,32.1,21,1.68742
2025-04-27T17:06:00,365,31.5,21,1.70233
2025-04-27T17:09:00,366,31.7,21,1.69736
2025-04-27T17:12:00,368,31.9,21,1.69239
2025-04-27T17:15:00,371,32.4,20,1.57946
2025-04-27T17:18:00,367,32.7,20,1.57245
2025-04-27T17:21:00,367,32.8,20,1.57011
2025-04-27T17:24:00,372,32.6,21,1.67499
2025-04-27T17:27:00,384,32.4,21,1.67996
2025-04-27T17:30:00,408,32.7,21,1.67251
2025-04-27T17:33:00,408,32.6,22,1.78074
2025-04-27T17:36:00,412,32.8,22,1.77546
2025-04-27T17:39:00,404,32.7,22,1.7781
2025-04-27T17:42:00,394,32.7,22,1.7781
2025-04-27T17:45:00,393,32.8,22,1.77546
2025-04-27T17:48:00,406,33,22,1.77017
2025-04-27T17:51:00,418,32.6,22,1.78074
2025-04-27T17:54:00,421,32.2,22,1.79131
2025-04-27T17:57:00,442,32.9,22,1.77281
2025-04-27T18:00:00,454,31,21,1.71476
2025-04-27T18:03:00,421,30.9,22,1.82566
2025-04-27T18:06:00,416,31.5,22,1.8098
2025-04-27T18:09:00,414,31,22,1.82301
2025-04-27T18:12:00,399,30.7,22,1.83094
2025-04-27T18:15:00,388,30.6,22,1.83358
2025-04-27T18:18:00,395,30.6,22,1.83358
2025-04-27T18:21:00,404,32.4,22,1.78602
2025-04-27T18:24:00,398,33.7,22,1.75168
2025-04-27T18:27:00,393,34,22,1.74375
2025-04-27T18:30:00,391,33.3,22,1.76225
2025-04-27T18:33:00,382,33.1,21,1.66257
2025-04-27T18:36:00,379,32.9,22,1.77281
2025-04-27T18:39:00,373,32.8,22,1.77546
2025-04-27T18:42:00,372,32.5,22,1.78338
2025-04-27T18:45:00,368,31.5,22,1.8098
2025-04-27T18:48:00,367,31.2,22,1.81773
2025-04-27T18:51:00,367,32,22,1.79659
2025-04-27T18:54:00,365,31.6,22,1.80716
2025-04-27T18:57:00,361,31.6,22,1.80716
2025-04-27T19:00:00,361,31.9,22,1.79923
2025-04-27T19:03:00,363,31.1,22,1.82037
2025-04-27T19:06:00,361,31.3,22,1.81509
2025-04-27T19:09:00,362,30.8,22,1.8283
2025-04-27T19:12:00,367,31.8,22,1.80188
2025-04-27T19:15:00,365,32.6,22,1.78074
2025-04-27T19:18:00,362,33.5,22,1.75696
2025-04-27T19:21:00,358,34.5,22,1.73054
2025-04-27T19:24:00,353,34.7,22,1.72526
2025-04-27T19:27:00,353,34.5,22,1.73054
2025-04-27T19:30:00,350,34.7,22,1.72526
2025-04-27T19:33:00,347,35.7,22,1.69884
2025-04-27T19:36:00,347,36.5,22,1.6777
2025-04-27T19:39:00,347,37.1,22,1.66185
2025-04-27T19:42:00,345,38.2,22,1.63279
2025-04-27T19:45:00,343,39.2,22,1.60637
2025-04-27T19:48:00,343,39.6,22,1.5958
2025-04-27T19:51:00,343,40.3,22,1.5773
2025-04-27T19:54:00,341,41.4,22,1.54824
2025-04-27T19:57:00,340,42,22,1.53239
2025-04-27T20:00:00,328,42.4,22,1.52182
2025-04-27T20:03:00,0,43.6,21,1.40163
2025-04-27T20:06:00,0,44.5,21,1.37926
2025-04-27T20:09:00,0,45.3,21,1.35938
2025-04-27T20:12:00,0,46,21,1.34198
2025-04-27T20:15:00,0,46.9,20,1.24067
2025-04-27T20:18:00,0,47.7,20,1.22198
2025-04-27T20:21:00,0,48.5,20,1.20329
2025-04-27T20:24:00,0,49,20,1.1916
2025-04-27T20:27:00,0,49.5,20,1.17992
2025-04-27T20:30:00,0,50.4,20,1.15889
2025-04-27T20:33:00,0,50.9,19,1.07807
2025-04-27T20:36:00,0,51.1,19,1.07368
2025-04-27T20:39:00,0,51.6,19,1.0627
2025-04-27T20:42:00,0,51.9,19,1.05611
2025-04-27T20:45:00,0,51.9,19,1.05611
2025-04-27T20:48:00,0,51.9,19,1.05611
2025-04-27T20:51:00,0,51.8,19,1.05831
2025-04-27T20:54:00,0,51.7,19,1.0605
2025-04-27T20:57:00,0,51.8,19,1.05831
2025-04-27T21:00:00,0,51.8,19,1.05831
2025-04-27T21:03:00,0,51.8,19,1.05831
2025-04-27T21:06:00,0,51.8,19,1.05831
2025-04-27T21:09:00,0,51.9,18,0.99198
2025-04-27T21:12:00,0,51.9,18,0.99198
2025-04-27T21:15:00,0,51.8,18,0.99404
2025-04-27T21:18:00,0,51.9,18,0.99198
2025-04-27T21:21:00,0,51.9,18,0.99198
2025-04-27T21:24:00,0,52,18,0.98992
2025-04-27T21:27:00,0,51.8,18,0.99404
2025-04-27T21:30:00,0,51.8,18,0.99404
2025-04-27T21:33:00,0,51.8,18,0.99404
2025-04-27T21:36:00,0,51.8,18,0.99404
2025-04-27T21:39:00,0,51.8,18,0.99404
2025-04-27T21:42:00,0,51.9,18,0.99198
2025-04-27T21:45:00,0,51.9,18,0.99198
2025-04-27T21:48:00,0,52.1,18,0.98786
2025-04-27T21:51:00,0,52.1,18,0.98786
2025-04-27T21:54:00,0,52.2,18,0.9858
2025-04-27T21:57:00,0,52.4,17,0.92161
2025-04-27T22:00:00,0,52.5,17,0.91968
2025-04-27T22:03:00,0,52.5,17,0.91968
2025-04-27T22:06:00,0,52.5,17,0.91968
2025-04-27T22:09:00,0,52.5,17,0.91968
2025-04-27T22:12:00,0,52.6,17,0.91774
2025-04-27T22:15:00,0,52.8,17,0.91387
2025-04-27T22:18:00,0,52.7,17,0.91581
2025-04-27T22:21:00,0,52.7,17,0.91581
2025-04-27T22:24:00,0,52.7,17,0.91581
2025-04-27T22:27:00,0,52.7,17,0.91581
2025-04-27T22:30:00,0,52.7,17,0.91581
2025-04-27T22:33:00,0,52.6,17,0.91774
2025-04-27T22:36:00,0,52.6,17,0.91774
2025-04-27T22:39:00,0,52.5,17,0.91968
2025-04-27T22:42:00,0,52.7,17,0.91581
2025-04-27T22:45:00,0,52.7,17,0.91581
2025-04-27T22:48:00,0,52.9,17,0.91193
2025-04-27T22:51:00,0,52.5,17,0.91968
2025-04-27T22:54:00,0,52.4,17,0.92161
2025-04-27T22:57:00,0,52.5,17,0.91968
2025-04-27T23:00:00,0,52.3,17,0.92355
2025-04-27T23:03:00,0,52.3,17,0.92355
2025-04-27T23:06:00,0,54.9,17,0.87321
2025-04-27T23:09:00,0,57.7,17,0.819
2025-04-27T23:12:00,0,60,17,0.77447
2025-04-27T23:15:00,0,61.2,17,0.75123
2025-04-27T23:18:00,0,62.3,17,0.72993
2025-04-27T23:21:00,0,63.4,17,0.70864
2025-04-27T23:24:00,0,63.8,17,0.70089
2025-04-27T23:27:00,0,64.1,16,0.65224
2025-04-27T23:30:00,0,64.4,16,0.64679
2025-04-27T23:33:00,0,64.6,16,0.64315
2025-04-27T23:36:00,0,64.6,16,0.64315
2025-04-27T23:39:00,0,64.5,16,0.64497
2025-04-27T23:42:00,0,64.3,16,0.6486
2025-04-27T23:45:00,0,64.1,16,0.65224
2025-04-27T23:48:00,0,64.2,16,0.65042
2025-04-27T23:51:00,0,63.9,16,0.65587
2025-04-27T23:54:00,0,63.9,16,0.65587
2025-04-27T23:57:00,0,63.8,16,0.65769
2025-04-28T00:00:00,0,63.7,16,0.65951
2025-04-28T00:03:00,0,63.6,16,0.66132
2025-04-28T00:06:00,0,63.6,16,0.66132
2025-04-28T00:09:00,0,63.4,16,0.66496
2025-04-28T00:12:00,0,63.5,16,0.66314
2025-04-28T00:15:00,0,63.2,16,0.66859
2025-04-28T00:18:00,0,63.1,16,0.67041
2025-04-28T00:21:00,0,63,16,0.67222
2025-04-28T00:24:00,0,62.8,16,0.67586
2025-04-28T00:27:00,0,62.9,16,0.67404
2025-04-28T00:30:00,0,62.8,16,0.67586
2025-04-28T00:33:00,0,64,16,0.65406
2025-04-28T00:36:00,0,65.1,16,0.63407
2025-04-28T00:39:00,0,65.9,16,0.61954
2025-04-28T00:42:00,0,66.5,16,0.60863
2025-04-28T00:45:00,0,67.2,16,0.59592
2025-04-28T00:48:00,0,67.6,16,0.58865
2025-04-28T00:51:00,0,67.7,16,0.58683
2025-04-28T00:54:00,0,68.4,16,0.57412
2025-04-28T00:57:00,0,67.7,16,0.58683
2025-04-28T01:00:00,0,66.6,16,0.60682
2025-04-28T01:03:00,0,66,17,0.6583
2025-04-28T01:06:00,0,65.7,17,0.6641
2025-04-28T01:09:00,0,65.3,17,0.67185
2025-04-28T01:12:00,0,65.5,16,0.6268
2025-04-28T01:15:00,0,65.7,16,0.62317
2025-04-28T01:18:00,0,65.3,16,0.63044
2025-04-28T01:21:00,0,65,16,0.63589
2025-04-28T01:24:00,0,64.6,16,0.64315
2025-04-28T01:27:00,0,64.2,16,0.65042
2025-04-28T01:30:00,0,64.4,16,0.64679
2025-04-28T01:33:00,0,64.2,16,0.65042
2025-04-28T01:36:00,0,63.9,16,0.65587
2025-04-28T01:39:00,0,63.8,16,0.65769
2025-04-28T01:42:00,0,63.7,16,0.65951
2025-04-28T01:45:00,0,64,16,0.65406
2025-04-28T01:48:00,0,63.2,16,0.66859
2025-04-28T01:51:00,0,62,16,0.69039
2025-04-28T01:54:00,0,61.6,16,0.69766
2025-04-28T01:57:00,0,61.4,16,0.70129
2025-04-28T02:00:00,0,60.8,16,0.71219
2025-04-28T02:03:00,0,61.6,16,0.69766
2025-04-28T02:06:00,0,63,16,0.67222
2025-04-28T02:09:00,0,63.9,16,0.65587
2025-04-28T02:12:00,0,64.6,16,0.64315
2025-04-28T02:15:00,0,65.1,16,0.63407
2025-04-28T02:18:00,0,65.3,16,0.63044
2025-04-28T02:21:00,0,65.6,16,0.62499
2025-04-28T02:24:00,0,65.8,16,0.62135
2025-04-28T02:27:00,0,65.9,16,0.61954
2025-04-28T02:30:00,0,66,16,0.61772
2025-04-28T02:33:00,0,65.2,16,0.63225
2025-04-28T02:36:00,0,64.5,16,0.64497
2025-04-28T02:39:00,0,63.7,16,0.65951
2025-04-28T02:42:00,0,63.4,16,0.66496
2025-04-28T02:45:00,0,63.2,16,0.66859
2025-04-28T02:48:00,0,63.4,16,0.66496
2025-04-28T02:51:00,0,63.4,16,0.66496
2025-04-28T02:54:00,0,63.6,16,0.66132
2025-04-28T02:57:00,0,63.6,16,0.66132
2025-04-28T03:00:00,0,63.4,16,0.66496
2025-04-28T03:03:00,0,63.4,16,0.66496
2025-04-28T03:06:00,0,63.9,16,0.65587
2025-04-28T03:09:00,0,62.6,16,0.67949
2025-04-28T03:12:00,0,61.9,16,0.69221
2025-04-28T03:15:00,0,61.3,16,0.70311
2025-04-28T03:18:00,0,60.8,16,0.71219
2025-04-28T03:21:00,0,60.7,16,0.71401
2025-04-28T03:24:00,0,60.8,16,0.71219
2025-04-28T03:27:00,0,61.1,16,0.70674
2025-04-28T03:30:00,0,61,16,0.70856
2025-04-28T03:33:00,0,61,16,0.70856
2025-04-28T03:36:00,0,60.8,16,0.71219
2025-04-28T03:39:00,0,61.2,16,0.70493
2025-04-28T03:42:00,0,60.8,16,0.71219
2025-04-28T03:45:00,0,59.7,16,0.73218
2025-04-28T03:48:00,0,59.1,16,0.74308
2025-04-28T03:51:00,0,58.7,16,0.75035
2025-04-28T03:54:00,0,58.7,16,0.75035
2025-04-28T03:57:00,0,58.7,16,0.75035
2025-04-28T04:00:00,0,58.6,16,0.75216
2025-04-28T04:03:00,348,58.5,16,0.75398
2025-04-28T04:06:00,346,58.2,16,0.75943
2025-04-28T04:09:00,344,57.4,16,0.77397
2025-04-28T04:12:00,341,57.5,16,0.77215
2025-04-28T04:15:00,339,56.9,16,0.78305
2025-04-28T04:18:00,337,56.6,17,0.84029
2025-04-28T04:21:00,336,56,17,0.85191
2025-04-28T04:24:00,336,55.9,17,0.85385
2025-04-28T04:27:00,334,55.9,17,0.85385
2025-04-28T04:30:00,335,55.4,17,0.86353
2025-04-28T04:33:00,334,55.3,17,0.86547
2025-04-28T04:36:00,333,55.1,17,0.86934
2025-04-28T04:39:00,331,54.8,17,0.87515
2025-04-28T04:42:00,332,54.6,17,0.87902
2025-04-28T04:45:00,333,54.6,17,0.87902
2025-04-28T04:48:00,332,54.4,17,0.88289
2025-04-28T04:51:00,332,54.3,17,0.88483
2025-04-28T04:54:00,331,54,17,0.89064
2025-04-28T04:57:00,331,54.2,17,0.88676
2025-04-28T05:00:00,331,54.1,17,0.8887
2025-04-28T05:03:00,331,53.2,17,0.90612
2025-04-28T05:06:00,332,53.2,17,0.90612
2025-04-28T05:09:00,331,53.1,17,0.90806
2025-04-28T05:12:00,331,53,17,0.91
2025-04-28T05:15:00,331,52.6,17,0.91774
2025-04-28T05:18:00,330,52.7,17,0.91581
2025-04-28T05:21:00,331,52.4,17,0.92161
2025-04-28T05:24:00,330,52.5,17,0.91968
2025-04-28T05:27:00,330,52.2,17,0.92549
2025-04-28T05:30:00,331,52.1,17,0.92742
2025-04-28T05:33:00,331,52,18,0.98992
2025-04-28T05:36:00,331,51.9,18,0.99198
2025-04-28T05:39:00,331,52.1,17,0.92742
2025-04-28T05:42:00,332,52,18,0.98992
2025-04-28T05:45:00,332,51.7,18,0.99611
2025-04-28T05:48:00,333,51.6,18,0.99817
2025-04-28T05:51:00,332,51.5,18,1.00023
2025-04-28T05:54:00,333,51.4,18,1.00229
2025-04-28T05:57:00,334,51.3,18,1.00436
2025-04-28T06:00:00,334,51,18,1.01054
2025-04-28T06:03:00,334,51.1,18,1.00848
2025-04-28T06:06:00,334,50.7,18,1.01673
2025-04-28T06:09:00,335,50.5,18,1.02085
2025-04-28T06:12:00,336,50.3,18,1.02498
2025-04-28T06:15:00,336,50.4,18,1.02292
2025-04-28T06:18:00,336,50,18,1.03117
2025-04-28T06:21:00,336,50.1,18,1.0291
2025-04-28T06:24:00,338,50,18,1.03117
2025-04-28T06:27:00,339,49.6,18,1.03942
2025-04-28T06:30:00,340,49.7,18,1.03735
2025-04-28T06:33:00,340,49.8,18,1.03529
2025-04-28T06:36:00,341,49.9,18,1.03323
2025-04-28T06:39:00,342,50.2,18,1.02704
2025-04-28T06:42:00,342,50.3,18,1.02498
2025-04-28T06:45:00,344,50,18,1.03117
2025-04-28T06:48:00,345,50.8,18,1.01467
2025-04-28T06:51:00,351,50.7,18,1.01673
2025-04-28T06:54:00,353,50.8,18,1.01467
2025-04-28T06:57:00,355,51.3,18,1.00436
2025-04-28T07:00:00,356,51.5,18,1.00023
2025-04-28T07:03:00,357,51.1,18,1.00848
2025-04-28T07:06:00,361,51.2,19,1.07148
2025-04-28T07:09:00,363,51.7,19,1.0605
2025-04-28T07:12:00,365,51.8,19,1.05831
2025-04-28T07:15:00,366,51.7,19,1.0605
2025-04-28T07:18:00,368,51.8,19,1.05831
2025-04-28T07:21:00,369,51.9,19,1.05611
2025-04-28T07:24:00,372,52.1,19,1.05172
2025-04-28T07:27:00,376,52,20,1.12151
2025-04-28T07:30:00,383,52,20,1.12151
2025-04-28T07:33:00,383,51.9,20,1.12385
2025-04-28T07:36:00,391,52,20,1.12151
2025-04-28T07:39:00,408,51.8,20,1.12618
2025-04-28T07:42:00,410,51.4,21,1.20778
2025-04-28T07:45:00,412,51.6,21,1.20281
2025-04-28T07:48:00,408,51.1,21,1.21524
2025-04-28T07:51:00,409,50.9,21,1.22021
2025-04-28T07:54:00,417,50.7,22,1.30253
2025-04-28T07:57:00,417,50.7,22,1.30253
2025-04-28T08:00:00,422,50.4,22,1.31046
2025-04-28T08:03:00,424,49.4,22,1.33688
2025-04-28T08:06:00,439,48.5,22,1.36065
2025-04-28T08:09:00,431,46.1,22,1.42406
2025-04-28T08:12:00,480,44.9,22,1.45577
2025-04-28T08:15:00,654,43.6,22,1.49012
2025-04-28T08:18:00,658,41.4,22,1.54824
2025-04-28T08:21:00,593,40.1,22,1.58259
2025-04-28T08:24:00,671,38.3,22,1.63014
2025-04-28T08:27:00,704,37.2,22,1.65921
2025-04-28T08:30:00,706,36.2,22,1.68563
2025-04-28T08:33:00,726,35.2,22,1.71205
2025-04-28T08:36:00,553,34.2,22,1.73847
2025-04-28T08:39:00,531,33.5,22,1.75696
2025-04-28T08:42:00,626,33.2,22,1.76489
2025-04-28T08:45:00,637,32.5,22,1.78338
2025-04-28T08:48:00,582,32.2,22,1.79131
2025-04-28T08:51:00,569,31.8,22,1.80188
2025-04-28T08:54:00,545,31.6,22,1.80716
2025-04-28T08:57:00,541,31,23,1.93721
2025-04-28T09:00:00,555,32.2,23,1.90352
2025-04-28T09:03:00,583,36.7,23,1.77718
2025-04-28T09:06:00,563,35.4,24,1.9264
2025-04-28T09:09:00,565,33.8,24,1.97411
2025-04-28T09:12:00,559,28.3,23,2.01301
2025-04-28T09:15:00,532,28.2,22,1.89699
2025-04-28T09:18:00,542,27.8,21,1.79428
2025-04-28T09:21:00,544,27.1,22,1.92605
2025-04-28T09:24:00,540,23.1,21,1.91108
2025-04-28T09:27:00,539,26.8,21,1.81913
2025-04-28T09:30:00,548,25.1,21,1.86138
2025-04-28T09:33:00,539,29.2,19,1.55453
2025-04-28T09:36:00,539,26.4,22,1.94455
2025-04-28T09:39:00,531,29.6,19,1.54574
2025-04-28T09:42:00,530,28.4,22,1.89171
2025-04-28T09:45:00,523,27.9,19,1.58307
2025-04-28T09:48:00,517,24.8,21,1.86884
2025-04-28T09:51:00,501,27.3,19,1.59624
2025-04-28T09:54:00,494,23.3,21,1.90611
2025-04-28T09:57:00,493,23.4,22,2.02381
2025-04-28T10:00:00,495,23.3,18,1.58181
2025-04-28T10:03:00,497,20.5,21,1.9757
2025-04-28T10:06:00,498,21.2,21,1.9583
2025-04-28T10:09:00,502,20.7,21,1.97073
2025-04-28T10:12:00,506,21.6,22,2.07137
2025-04-28T10:15:00,530,19.4,23,2.26288
2025-04-28T10:18:00,598,18.9,23,2.27692
2025-04-28T10:21:00,606,19.3,23,2.26569
2025-04-28T10:24:00,608,23.2,18,1.58387
2025-04-28T10:27:00,603,21.1,21,1.96079
2025-04-28T10:30:00,569,20.5,21,1.9757
2025-04-28T10:33:00,520,19.7,22,2.12156
2025-04-28T10:36:00,518,19.9,22,2.11628
2025-04-28T10:39:00,528,18.5,22,2.15327
2025-04-28T10:42:00,527,19.7,19,1.76311
2025-04-28T10:45:00,525,21,20,1.84582
2025-04-28T10:48:00,828,19.8,21,1.99309
2025-04-28T10:51:00,1471,19.2,21,2.008
2025-04-28T10:54:00,1393,20,22,2.11364
2025-04-28T10:57:00,701,22,19,1.71261
2025-04-28T11:00:00,800,20.3,21,1.98067
2025-04-28T11:03:00,635,19.1,22,2.13742
2025-04-28T11:06:00,556,19,22,2.14006
2025-04-28T11:09:00,535,17,21,2.06268
2025-04-28T11:12:00,527,22.3,20,1.81544
2025-04-28T11:15:00,524,22.5,19,1.70163
2025-04-28T11:18:00,524,19.5,21,2.00055
2025-04-28T11:21:00,523,19.8,22,2.11892
2025-04-28T11:24:00,526,19.3,22,2.13213
2025-04-28T11:27:00,526,19.6,19,1.76531
2025-04-28T11:30:00,519,20.8,21,1.96824
2025-04-28T11:33:00,519,19.6,22,2.12421
2025-04-28T11:36:00,520,20,21,1.98812
2025-04-28T11:39:00,520,22.4,18,1.60037
2025-04-28T11:42:00,518,20.5,21,1.9757
2025-04-28T11:45:00,521,19.6,22,2.12421
2025-04-28T11:48:00,526,19.3,22,2.13213
2025-04-28T11:51:00,528,19.9,22,2.11628
2025-04-28T11:54:00,539,22.5,18,1.59831
2025-04-28T11:57:00,556,20.3,21,1.98067
2025-04-28T12:00:00,600,21.6,21,1.94836
2025-04-28T12:03:00,631,23.5,18,1.57768
2025-04-28T12:06:00,654,19.8,21,1.99309
2025-04-28T12:09:00,709,20.7,21,1.97073
2025-04-28T12:12:00,736,22.8,18,1.59212
2025-04-28T12:15:00,775,19.9,21,1.99061
2025-04-28T12:18:00,501,20.8,18,1.63337
2025-04-28T12:21:00,499,20.9,21,1.96576
2025-04-28T12:24:00,626,23.1,18,1.58593
2025-04-28T12:27:00,637,19.9,21,1.99061
2025-04-28T12:30:00,641,20.3,19,1.74994
2025-04-28T12:33:00,572,18.6,20,1.90189
2025-04-28T12:36:00,504,20.7,20,1.85283
2025-04-28T12:39:00,489,18.5,20,1.90423
2025-04-28T12:42:00,490,20.5,21,1.9757
2025-04-28T12:45:00,518,20.9,19,1.73677
2025-04-28T12:48:00,595,19,20,1.89255
2025-04-28T12:51:00,638,18.2,21,2.03286
2025-04-28T12:54:00,635,21.3,20,1.83881
2025-04-28T12:57:00,643,19.3,19,1.7719
2025-04-28T13:00:00,659,19.1,20,1.89021
2025-04-28T13:03:00,653,21.5,20,1.83414
2025-04-28T13:06:00,446,20,18,1.64987
2025-04-28T13:09:00,433,20.6,20,1.85516
2025-04-28T13:12:00,459,19,19,1.77848
2025-04-28T13:15:00,455,19.2,21,2.008
2025-04-28T13:18:00,456,18.1,21,2.03534
2025-04-28T13:21:00,457,18.4,21,2.02789
2025-04-28T13:24:00,456,20.5,19,1.74555
2025-04-28T13:27:00,452,19.1,21,2.01049
2025-04-28T13:30:00,441,20.3,19,1.74994
2025-04-28T13:33:00,443,17.3,21,2.05522
2025-04-28T13:36:00,453,19.9,20,1.87152
2025-04-28T13:39:00,463,18.4,21,2.02789
2025-04-28T13:42:00,466,19.4,21,2.00303
2025-04-28T13:45:00,448,19.7,19,1.76311
2025-04-28T13:48:00,451,20.1,20,1.86685
2025-04-28T13:51:00,462,20.4,17,1.54119
2025-04-28T13:54:00,448,19.7,20,1.87619
2025-04-28T13:57:00,443,21.7,19,1.7192
2025-04-28T14:00:00,462,19,20,1.89255
2025-04-28T14:03:00,467,18.6,21,2.02291
2025-04-28T14:06:00,464,18.4,21,2.02789
2025-04-28T14:09:00,466,18.3,19,1.79385
2025-04-28T14:12:00,462,19.9,20,1.87152
2025-04-28T14:15:00,464,19.1,21,2.01049
2025-04-28T14:18:00,465,19.7,20,1.87619
2025-04-28T14:21:00,465,17.1,21,2.06019
2025-04-28T14:24:00,461,19.5,20,1.88087
2025-04-28T14:27:00,460,18.8,22,2.14534
2025-04-28T14:30:00,457,20.2,20,1.86451
2025-04-28T14:33:00,455,21.8,18,1.61274
2025-04-28T14:36:00,454,18.9,20,1.89488
2025-04-28T14:39:00,451,18.8,21,2.01794
2025-04-28T14:42:00,449,18.9,20,1.89488
2025-04-28T14:45:00,450,17.7,20,1.92292
2025-04-28T14:48:00,446,19.9,20,1.87152
2025-04-28T14:51:00,447,17.9,21,2.04031
2025-04-28T14:54:00,449,18.3,22,2.15855
2025-04-28T14:57:00,471,18.6,21,2.02291
2025-04-28T15:00:00,549,19.5,19,1.7675
2025-04-28T15:03:00,603,18.3,21,2.03037
2025-04-28T15:06:00,604,17.3,22,2.18497
2025-04-28T15:09:00,598,19.2,21,2.008
2025-04-28T15:12:00,517,18.2,21,2.03286
2025-04-28T15:15:00,580,17.3,22,2.18497
2025-04-28T15:18:00,580,17.8,21,2.0428
2025-04-28T15:21:00,641,16.5,22,2.20611
2025-04-28T15:24:00,665,18.8,20,1.89722
2025-04-28T15:27:00,676,17.3,21,2.05522
2025-04-28T15:30:00,645,17.9,22,2.16912
2025-04-28T15:33:00,495,18.2,22,2.1612
2025-04-28T15:36:00,586,19.5,20,1.88087
2025-04-28T15:39:00,559,18,22,2.16648
2025-04-28T15:42:00,458,17.8,21,2.0428
2025-04-28T15:45:00,441,17.7,20,1.92292
2025-04-28T15:48:00,434,17.7,21,2.04528
2025-04-28T15:51:00,433,17.7,21,2.04528
2025-04-28T15:54:00,432,18.4,20,1.90657
2025-04-28T15:57:00,427,18.2,21,2.03286
2025-04-28T16:00:00,426,17.5,21,2.05025
2025-04-28T16:03:00,425,16.8,22,2.19818
2025-04-28T16:06:00,424,17.2,22,2.18762
2025-04-28T16:09:00,418,18.8,19,1.78287
2025-04-28T16:12:00,416,17.8,21,2.0428
2025-04-28T16:15:00,417,17.8,21,2.0428
2025-04-28T16:18:00,418,17.3,22,2.18497
2025-04-28T16:21:00,417,16.8,20,1.94395
2025-04-28T16:24:00,413,19.1,20,1.89021
2025-04-28T16:27:00,413,17.9,21,2.04031
2025-04-28T16:30:00,413,17.7,21,2.04528
2025-04-28T16:33:00,415,18,21,2.03783
2025-04-28T16:36:00,414,17.3,22,2.18497
2025-04-28T16:39:00,431,17.6,22,2.17705
2025-04-28T16:42:00,427,17.7,21,2.04528
2025-04-28T16:45:00,423,18.1,21,2.03534
2025-04-28T16:48:00,421,17.6,21,2.04777
2025-04-28T16:51:00,421,18.4,21,2.02789
2025-04-28T16:54:00,413,20.6,18,1.63749
2025-04-28T16:57:00,411,18.7,20,1.89956
2025-04-28T17:00:00,413,18.4,21,2.02789
2025-04-28T17:03:00,412,18.3,21,2.03037
2025-04-28T17:06:00,416,17.9,22,2.16912
2025-04-28T17:09:00,414,17.4,22,2.18233
2025-04-28T17:12:00,416,18.1,22,2.16384
2025-04-28T17:15:00,427,16.6,22,2.20347
2025-04-28T17:18:00,588,17.7,21,2.04528
2025-04-28T17:21:00,580,17.8,21,2.0428
2025-04-28T17:24:00,469,18.5,21,2.0254
2025-04-28T17:27:00,415,18.1,22,2.16384
2025-04-28T17:30:00,413,17.7,22,2.17441
2025-04-28T17:33:00,424,17.5,22,2.17969
2025-04-28T17:36:00,432,17.2,22,2.18762
2025-04-28T17:39:00,430,17.3,21,2.05522
2025-04-28T17:42:00,543,18.5,22,2.15327
2025-04-28T17:45:00,454,17.4,22,2.18233
2025-04-28T17:48:00,420,17.2,22,2.18762
2025-04-28T17:51:00,420,17.9,21,2.04031
2025-04-28T17:54:00,398,17.2,21,2.05771
2025-04-28T17:57:00,395,18.6,22,2.15063
2025-04-28T18:00:00,391,17.2,22,2.18762
2025-04-28T18:03:00,410,17.6,22,2.17705
2025-04-28T18:06:00,400,17.9,22,2.16912
2025-04-28T18:09:00,425,17.1,22,2.19026
2025-04-28T18:12:00,425,17.1,22,2.19026
2025-04-28T18:15:00,432,17.3,22,2.18497
2025-04-28T18:18:00,476,17.6,23,2.31342
2025-04-28T18:21:00,430,17.5,22,2.17969
2025-04-28T18:24:00,462,17.4,23,2.31903
2025-04-28T18:27:00,423,17,22,2.1929
2025-04-28T18:30:00,386,17.6,22,2.17705
2025-04-28T18:33:00,383,17.1,22,2.19026
2025-04-28T18:36:00,382,17.4,22,2.18233
2025-04-28T18:39:00,380,17.9,22,2.16912
2025-04-28T18:42:00,377,17.4,22,2.18233
2025-04-28T18:45:00,375,18.4,22,2.15591
2025-04-28T18:48:00,378,18,22,2.16648
2025-04-28T18:51:00,374,18.2,22,2.1612
2025-04-28T18:54:00,366,18.3,22,2.15855
2025-04-28T18:57:00,361,18.5,21,2.0254
2025-04-28T19:00:00,361,19,22,2.14006
2025-04-28T19:03:00,358,18.5,22,2.15327
2025-04-28T19:06:00,357,18.8,22,2.14534
2025-04-28T19:09:00,358,19.5,22,2.12685
2025-04-28T19:12:00,354,19.7,21,1.99558
2025-04-28T19:15:00,353,19,22,2.14006
2025-04-28T19:18:00,352,19.8,22,2.11892
2025-04-28T19:21:00,350,19.6,22,2.12421
2025-04-28T19:24:00,349,20,21,1.98812
2025-04-28T19:27:00,347,21,22,2.08722
2025-04-28T19:30:00,346,21,22,2.08722
2025-04-28T19:33:00,344,21.1,21,1.96079
2025-04-28T19:36:00,342,21.2,21,1.9583
2025-04-28T19:39:00,342,21,21,1.96327
2025-04-28T19:42:00,340,21,21,1.96327
2025-04-28T19:45:00,340,21.5,21,1.95085
2025-04-28T19:48:00,339,21.7,21,1.94588
2025-04-28T19:51:00,340,21.7,21,1.94588
2025-04-28T19:54:00,339,22.3,21,1.93096
2025-04-28T19:57:00,338,22.2,21,1.93345
2025-04-28T20:00:00,336,22.4,21,1.92848
2025-04-28T20:03:00,0,22.4,21,1.92848
2025-04-28T20:06:00,0,22.7,20,1.8061
2025-04-28T20:09:00,0,23,20,1.79909
2025-04-28T20:12:00,0,23.3,20,1.79208
2025-04-28T20:15:00,0,23.7,20,1.78273
2025-04-28T20:18:00,0,24.4,20,1.76638
2025-04-28T20:21:00,0,25.1,20,1.75002
2025-04-28T20:24:00,0,26.3,20,1.72199
2025-04-28T20:27:00,0,27,20,1.70563
2025-04-28T20:30:00,0,27.6,20,1.69161
2025-04-28T20:33:00,0,28.2,20,1.67759
2025-04-28T20:36:00,0,29.1,20,1.65656
2025-04-28T20:39:00,0,30,20,1.63554
2025-04-28T20:42:00,0,30.6,20,1.62152
2025-04-28T20:45:00,0,31.4,20,1.60282
2025-04-28T20:48:00,0,32.3,20,1.5818
2025-04-28T20:51:00,0,33.1,20,1.5631
2025-04-28T20:54:00,0,34,20,1.54208
2025-04-28T20:57:00,0,34.7,20,1.52572
2025-04-28T21:00:00,0,35.2,19,1.42279
2025-04-28T21:03:00,0,35.8,19,1.40961
2025-04-28T21:06:00,0,36.6,19,1.39205
2025-04-28T21:09:00,0,37.3,19,1.37668
2025-04-28T21:12:00,0,37.9,19,1.3635
2025-04-28T21:15:00,0,38.7,19,1.34594
2025-04-28T21:18:00,0,39.4,19,1.33057
2025-04-28T21:21:00,0,40.1,19,1.3152
2025-04-28T21:24:00,0,40.8,19,1.29983
2025-04-28T21:27:00,0,41.3,19,1.28885
2025-04-28T21:30:00,0,41.8,19,1.27787
2025-04-28T21:33:00,0,42.4,19,1.2647
2025-04-28T21:36:00,0,43.1,19,1.24933
2025-04-28T21:39:00,0,43.4,19,1.24274
2025-04-28T21:42:00,0,43.8,19,1.23396
2025-04-28T21:45:00,0,44.4,19,1.22079
2025-04-28T21:48:00,0,44.8,19,1.212
2025-04-28T21:51:00,0,45.3,18,1.1281
2025-04-28T21:54:00,0,45.6,18,1.12191
2025-04-28T21:57:00,0,46.2,18,1.10954
2025-04-28T22:00:00,0,46.7,18,1.09922
2025-04-28T22:03:00,0,47.1,18,1.09097
2025-04-28T22:06:00,0,47.5,18,1.08272
2025-04-28T22:09:00,0,47.8,18,1.07654
2025-04-28T22:12:00,0,48.3,18,1.06623
2025-04-28T22:15:00,0,48.7,18,1.05798
2025-04-28T22:18:00,0,49.2,18,1.04767
2025-04-28T22:21:00,0,49.5,18,1.04148
2025-04-28T22:24:00,0,49.9,18,1.03323
2025-04-28T22:27:00,0,50.3,18,1.02498
2025-04-28T22:30:00,0,50.4,18,1.02292
2025-04-28T22:33:00,0,50.7,18,1.01673
2025-04-28T22:36:00,0,51,18,1.01054
2025-04-28T22:39:00,0,51.3,18,1.00436
2025-04-28T22:42:00,0,51.7,18,0.99611
2025-04-28T22:45:00,0,52,18,0.98992
2025-04-28T22:48:00,0,52.2,18,0.9858
2025-04-28T22:51:00,0,52.4,18,0.98167
2025-04-28T22:54:00,0,52.7,18,0.97548
2025-04-28T22:57:00,0,52.7,18,0.97548
2025-04-28T23:00:00,0,53,18,0.9693
2025-04-28T23:03:00,0,53.1,18,0.96723
2025-04-28T23:06:00,0,55.9,18,0.90949
2025-04-28T23:09:00,0,58.6,18,0.85381
2025-04-28T23:12:00,0,60.5,18,0.81462
2025-04-28T23:15:00,0,62.1,18,0.78162
2025-04-28T23:18:00,0,63.2,18,0.75894
2025-04-28T23:21:00,0,64,18,0.74244
2025-04-28T23:24:00,0,64.6,18,0.73007
2025-04-28T23:27:00,0,65.2,18,0.71769
2025-04-28T23:30:00,0,65.5,17,0.66798
2025-04-28T23:33:00,0,65.8,17,0.66217
2025-04-28T23:36:00,0,65.8,17,0.66217
2025-04-28T23:39:00,0,66.3,17,0.65249
2025-04-28T23:42:00,0,66.4,17,0.65055
2025-04-28T23:45:00,0,66.7,17,0.64474
2025-04-28T23:48:00,0,66.5,17,0.64861
2025-04-28T23:51:00,0,66.6,17,0.64668
2025-04-28T23:54:00,0,66.6,17,0.64668
2025-04-28T23:57:00,0,66.6,17,0.64668
2025-04-29T00:00:00,0,66.6,17,0.64668
2025-04-29T00:03:00,0,66.5,17,0.64861
2025-04-29T00:06:00,0,66.6,17,0.64668
2025-04-29T00:09:00,0,66.5,17,0.64861
2025-04-29T00:12:00,0,66.5,17,0.64861
2025-04-29T00:15:00,0,66.6,17,0.64668
2025-04-29T00:18:00,0,66.5,17,0.64861
2025-04-29T00:21:00,0,66.5,17,0.64861
2025-04-29T00:24:00,0,66.5,17,0.64861
2025-04-29T00:27:00,0,66.5,17,0.64861
2025-04-29T00:30:00,0,66.4,17,0.65055
2025-04-29T00:33:00,0,67.3,17,0.63313
2025-04-29T00:36:00,0,68.7,17,0.60602
2025-04-29T00:39:00,0,69.6,17,0.58859
2025-04-29T00:42:00,0,70.6,17,0.56923
2025-04-29T00:45:00,0,71,17,0.56149
2025-04-29T00:48:00,0,71.3,17,0.55568
2025-04-29T00:51:00,0,71.4,17,0.55374
2025-04-29T00:54:00,0,71.6,17,0.54987
2025-04-29T00:57:00,0,71.7,17,0.54793
2025-04-29T01:00:00,0,71.9,17,0.54406
2025-04-29T01:03:00,0,71.8,17,0.546
2025-04-29T01:06:00,0,71.9,17,0.54406
2025-04-29T01:09:00,0,71.8,17,0.546
2025-04-29T01:12:00,0,71.8,17,0.546
2025-04-29T01:15:00,0,71.6,17,0.54987
2025-04-29T01:18:00,0,71.4,17,0.55374
2025-04-29T01:21:00,0,71.3,17,0.55568
2025-04-29T01:24:00,0,71.2,17,0.55762
2025-04-29T01:27:00,0,71,17,0.56149
2025-04-29T01:30:00,0,71,17,0.56149
2025-04-29T01:33:00,0,71.2,17,0.55762
2025-04-29T01:36:00,0,71.2,17,0.55762
2025-04-29T01:39:00,0,71,17,0.56149
2025-04-29T01:42:00,0,71.1,17,0.55955
2025-04-29T01:45:00,0,71,17,0.56149
2025-04-29T01:48:00,0,71,17,0.56149
2025-04-29T01:51:00,0,70.8,17,0.56536
2025-04-29T01:54:00,0,70.6,17,0.56923
2025-04-29T01:57:00,0,70.8,17,0.56536
2025-04-29T02:00:00,0,70.6,17,0.56923
2025-04-29T02:03:00,0,71,17,0.56149
2025-04-29T02:06:00,0,72.1,17,0.54019
2025-04-29T02:09:00,0,72.9,17,0.5247
2025-04-29T02:12:00,0,73.4,17,0.51502
2025-04-29T02:15:00,0,73.6,17,0.51115
2025-04-29T02:18:00,0,73.6,17,0.51115
2025-04-29T02:21:00,0,73.9,17,0.50534
2025-04-29T02:24:00,0,74.2,17,0.49953
2025-04-29T02:27:00,0,74.1,17,0.50147
2025-04-29T02:30:00,0,74.1,17,0.50147
2025-04-29T02:33:00,0,74.2,17,0.49953
2025-04-29T02:36:00,0,74.3,17,0.49759
2025-04-29T02:39:00,0,74.3,17,0.49759
2025-04-29T02:42:00,0,74.1,17,0.50147
2025-04-29T02:45:00,0,74.1,17,0.50147
2025-04-29T02:48:00,0,73.9,17,0.50534
2025-04-29T02:51:00,0,74,17,0.5034
2025-04-29T02:54:00,0,74,17,0.5034
2025-04-29T02:57:00,0,73.7,17,0.50921
2025-04-29T03:00:00,0,73.8,16,0.47601
2025-04-29T03:03:00,0,73.7,16,0.47782
2025-04-29T03:06:00,0,73.5,16,0.48146
2025-04-29T03:09:00,0,73.6,16,0.47964
2025-04-29T03:12:00,0,73.6,16,0.47964
2025-04-29T03:15:00,0,73.4,16,0.48327
2025-04-29T03:18:00,0,73.3,16,0.48509
2025-04-29T03:21:00,0,73.1,16,0.48872
2025-04-29T03:24:00,0,73.4,16,0.48327
2025-04-29T03:27:00,0,73.4,16,0.48327
2025-04-29T03:30:00,0,73,16,0.49054
2025-04-29T03:33:00,0,72.9,16,0.49236
2025-04-29T03:36:00,0,73.1,16,0.48872
2025-04-29T03:39:00,0,73.1,16,0.48872
2025-04-29T03:42:00,0,73,16,0.49054
2025-04-29T03:45:00,0,73.1,16,0.48872
2025-04-29T03:48:00,0,73.2,16,0.48691
2025-04-29T03:51:00,0,73.2,16,0.48691
2025-04-29T03:54:00,0,72.8,16,0.49417
2025-04-29T03:57:00,0,72.9,16,0.49236
2025-04-29T04:00:00,0,72.8,16,0.49417
2025-04-29T04:03:00,349,72.3,16,0.50326
2025-04-29T04:06:00,347,71.5,17,0.55181
2025-04-29T04:09:00,345,71,17,0.56149
2025-04-29T04:12:00,342,70.6,17,0.56923
2025-04-29T04:15:00,339,70,17,0.58085
2025-04-29T04:18:00,338,69.6,17,0.58859
2025-04-29T04:21:00,338,69.2,17,0.59634
2025-04-29T04:24:00,336,68.9,18,0.64139
2025-04-29T04:27:00,335,68.7,18,0.64551
2025-04-29T04:30:00,334,68.4,18,0.6517
2025-04-29T04:33:00,334,68,18,0.65995
2025-04-29T04:36:00,334,67.6,18,0.6682
2025-04-29T04:39:00,334,67.5,18,0.67026
2025-04-29T04:42:00,332,67.3,18,0.67438
2025-04-29T04:45:00,334,67.2,19,0.72018
2025-04-29T04:48:00,333,66.9,19,0.72676
2025-04-29T04:51:00,333,66.7,19,0.73115
2025-04-29T04:54:00,333,66.4,19,0.73774
2025-04-29T04:57:00,334,66.3,19,0.73994
2025-04-29T05:00:00,334,66,19,0.74652
2025-04-29T05:03:00,331,65.9,19,0.74872
2025-04-29T05:06:00,333,65.9,19,0.74872
2025-04-29T05:09:00,333,65.6,19,0.75531
2025-04-29T05:12:00,333,65.2,19,0.76409
2025-04-29T05:15:00,333,65,19,0.76848
2025-04-29T05:18:00,333,63.4,19,0.80361
2025-04-29T05:21:00,333,59.8,19,0.88265
2025-04-29T05:24:00,332,58.1,19,0.91998
2025-04-29T05:27:00,332,56.3,19,0.9595
2025-04-29T05:30:00,333,54.4,19,1.00122
2025-04-29T05:33:00,334,52.6,19,1.04074
2025-04-29T05:36:00,333,52.4,19,1.04513
2025-04-29T05:39:00,334,53.7,19,1.01659
2025-04-29T05:42:00,334,53.7,19,1.01659
2025-04-29T05:45:00,334,52.6,19,1.04074
2025-04-29T05:48:00,334,51.3,19,1.06929
2025-04-29T05:51:00,334,50.4,19,1.08905
2025-04-29T05:54:00,334,48.8,19,1.12418
2025-04-29T05:57:00,334,47.5,19,1.15272
2025-04-29T06:00:00,334,46.7,19,1.17029
2025-04-29T06:03:00,334,47.8,19,1.14613
2025-04-29T06:06:00,334,48.4,19,1.13296
2025-04-29T06:09:00,335,49.4,19,1.111
2025-04-29T06:12:00,336,48.8,20,1.19628
2025-04-29T06:15:00,336,47.6,19,1.15052
2025-04-29T06:18:00,337,47.2,19,1.15931
2025-04-29T06:21:00,337,45.9,19,1.18785
2025-04-29T06:24:00,339,45.5,19,1.19663
2025-04-29T06:27:00,339,46.3,20,1.25469
2025-04-29T06:30:00,339,47.5,20,1.22665
2025-04-29T06:33:00,340,48.1,20,1.21263
2025-04-29T06:36:00,341,48.8,20,1.19628
2025-04-29T06:39:00,342,48.5,20,1.20329
2025-04-29T06:42:00,346,47.5,20,1.22665
2025-04-29T06:45:00,346,46.5,20,1.25002
2025-04-29T06:48:00,348,46,20,1.2617
2025-04-29T06:51:00,353,44.9,20,1.2874
2025-04-29T06:54:00,351,44.5,20,1.29675
2025-04-29T06:57:00,351,45.2,20,1.28039
2025-04-29T07:00:00,362,46.5,20,1.25002
2025-04-29T07:03:00,364,46.9,20,1.24067
2025-04-29T07:06:00,368,47.5,20,1.22665
2025-04-29T07:09:00,375,47,20,1.23833
2025-04-29T07:12:00,380,45.8,20,1.26637
2025-04-29T07:15:00,384,44.4,20,1.29908
2025-04-29T07:18:00,383,43.1,20,1.32946
2025-04-29T07:21:00,389,42.9,20,1.33413
2025-04-29T07:24:00,390,42.7,20,1.3388
2025-04-29T07:27:00,388,41.5,21,1.45381
2025-04-29T07:30:00,405,41,21,1.46624
2025-04-29T07:33:00,401,39.4,21,1.506
2025-04-29T07:36:00,418,39.1,21,1.51346
2025-04-29T07:39:00,432,38,21,1.5408
2025-04-29T07:42:00,427,37.5,21,1.55322
2025-04-29T07:45:00,427,37.1,22,1.66185
2025-04-29T07:48:00,429,36.1,22,1.68827
2025-04-29T07:51:00,421,35.6,22,1.70148
2025-04-29T07:54:00,434,35.3,22,1.7094
2025-04-29T07:57:00,438,34.8,22,1.72262
2025-04-29T08:00:00,430,34.8,22,1.72262
2025-04-29T08:03:00,454,34.1,23,1.85017
2025-04-29T08:06:00,417,33.9,23,1.85579
2025-04-29T08:09:00,405,34.1,23,1.85017
2025-04-29T08:12:00,401,33.3,23,1.87263
2025-04-29T08:15:00,401,32.8,23,1.88667
2025-04-29T08:18:00,413,32.9,23,1.88386
2025-04-29T08:21:00,441,32.9,23,1.88386
2025-04-29T08:24:00,419,30.2,22,1.84415
2025-04-29T08:27:00,444,30,22,1.84943
2025-04-29T08:30:00,441,30.2,22,1.84415
2025-04-29T08:33:00,427,30.3,22,1.84151
2025-04-29T08:36:00,427,29.5,22,1.86264
2025-04-29T08:39:00,417,29.3,22,1.86793
2025-04-29T08:42:00,454,29.1,22,1.87321
2025-04-29T08:45:00,599,29.2,22,1.87057
2025-04-29T08:48:00,554,28.3,22,1.89435
2025-04-29T08:51:00,549,28,22,1.90227
2025-04-29T08:54:00,482,28.8,22,1.88114
2025-04-29T08:57:00,536,26.9,22,1.93134
2025-04-29T09:00:00,535,28,22,1.90227
2025-04-29T09:03:00,580,26.5,22,1.94191
2025-04-29T09:06:00,536,26.4,22,1.94455
2025-04-29T09:09:00,562,25.9,22,1.95776
2025-04-29T09:12:00,532,24.9,21,1.86635
2025-04-29T09:15:00,564,24.3,22,2.00003
2025-04-29T09:18:00,529,26.4,20,1.71965
2025-04-29T09:21:00,491,27.4,18,1.49725
2025-04-29T09:24:00,502,26.5,20,1.71731
2025-04-29T09:27:00,509,24.9,21,1.86635
2025-04-29T09:30:00,542,26.1,20,1.72666
2025-04-29T09:33:00,560,26.8,18,1.50963
2025-04-29T09:36:00,543,26.1,20,1.72666
2025-04-29T09:39:00,515,25.9,21,1.8415
2025-04-29T09:42:00,536,24.8,20,1.75703
2025-04-29T09:45:00,497,26.2,21,1.83404
2025-04-29T09:48:00,489,25.3,21,1.85641
2025-04-29T09:51:00,504,25.9,22,1.95776
2025-04-29T09:54:00,530,25,22,1.98154
2025-04-29T09:57:00,534,25.4,22,1.97097
2025-04-29T10:00:00,525,25.5,22,1.96833
2025-04-29T10:03:00,539,26.6,20,1.71498
2025-04-29T10:06:00,529,28.2,19,1.57648
2025-04-29T10:09:00,536,27.2,20,1.70096
2025-04-29T10:12:00,539,27.1,20,1.70329
2025-04-29T10:15:00,553,27,21,1.81416
2025-04-29T10:18:00,558,25.9,22,1.95776
2025-04-29T10:21:00,553,25,22,1.98154
2025-04-29T10:24:00,591,24,22,2.00796
2025-04-29T10:27:00,590,29.8,18,1.44776
2025-04-29T10:30:00,564,27.4,20,1.69628
2025-04-29T10:33:00,553,26.9,21,1.81665
2025-04-29T10:36:00,539,29,19,1.55892
2025-04-29T10:39:00,541,28.7,20,1.66591
2025-04-29T10:42:00,548,27.1,21,1.81168
2025-04-29T10:45:00,555,27.1,19,1.60063
2025-04-29T10:48:00,526,30.1,19,1.53476
2025-04-29T10:51:00,606,29.2,20,1.65423
2025-04-29T10:54:00,871,30,18,1.44363
2025-04-29T10:57:00,730,28.2,20,1.67759
2025-04-29T11:00:00,823,27,21,1.81416
2025-04-29T11:03:00,648,29.3,19,1.55233
2025-04-29T11:06:00,761,29.6,19,1.54574
2025-04-29T11:09:00,814,29.9,20,1.63787
2025-04-29T11:12:00,736,29.8,19,1.54135
2025-04-29T11:15:00,629,28.4,19,1.57209
2025-04-29T11:18:00,563,29.4,20,1.64955
2025-04-29T11:21:00,564,27.8,22,1.90756
2025-04-29T11:24:00,558,43.2,20,1.32712
2025-04-29T11:27:00,587,54.6,19,0.99683
2025-04-29T11:30:00,605,54.5,18,0.93836
2025-04-29T11:33:00,585,51.6,17,0.9371
2025-04-29T11:36:00,600,50.3,20,1.16123
2025-04-29T11:39:00,534,55,18,0.92805
2025-04-29T11:42:00,517,58.3,17,0.80738
2025-04-29T11:45:00,537,46.5,19,1.17468
2025-04-29T11:48:00,600,52.6,19,1.04074
2025-04-29T11:51:00,591,57.4,17,0.82481
2025-04-29T11:54:00,584,49.4,21,1.25749
2025-04-29T11:57:00,572,61.3,16,0.70311
2025-04-29T12:00:00,551,51.7,16,0.87752
2025-04-29T12:03:00,567,51.9,20,1.12385
2025-04-29T12:06:00,583,52.4,19,1.04513
2025-04-29T12:09:00,575,54.9,18,0.93011
2025-04-29T12:12:00,576,48,19,1.14174
2025-04-29T12:15:00,545,51.6,20,1.13086
2025-04-29T12:18:00,537,52,19,1.05392
2025-04-29T12:21:00,542,53.3,19,1.02537
2025-04-29T12:24:00,556,45.7,21,1.34944
2025-04-29T12:27:00,558,48.8,20,1.19628
2025-04-29T12:30:00,566,50.5,20,1.15656
2025-04-29T12:33:00,556,45.5,21,1.35441
2025-04-29T12:36:00,541,47.1,21,1.31465
2025-04-29T12:39:00,528,45.5,22,1.43992
2025-04-29T12:42:00,527,43.6,23,1.58346
2025-04-29T12:45:00,534,42.8,23,1.60592
2025-04-29T12:48:00,532,48.1,20,1.21263
2025-04-29T12:51:00,534,44.3,22,1.47162
2025-04-29T12:54:00,534,41,22,1.55881
2025-04-29T12:57:00,535,47.1,20,1.236
2025-04-29T13:00:00,542,43.3,21,1.40908
2025-04-29T13:03:00,546,40.4,22,1.57466
2025-04-29T13:06:00,542,37,23,1.76875
2025-04-29T13:09:00,548,41.9,23,1.63118
2025-04-29T13:12:00,540,53.1,19,1.02976
2025-04-29T13:15:00,545,57.4,17,0.82481
2025-04-29T13:18:00,561,54,19,1.01
2025-04-29T13:21:00,556,52.8,19,1.03635
2025-04-29T13:24:00,542,47,20,1.23833
2025-04-29T13:27:00,527,54,19,1.01
2025-04-29T13:30:00,529,50.7,21,1.22518
2025-04-29T13:33:00,526,47.8,22,1.37915
2025-04-29T13:36:00,521,45.2,22,1.44784
2025-04-29T13:39:00,521,49.9,20,1.17058
2025-04-29T13:42:00,530,45.8,21,1.34695
2025-04-29T13:45:00,535,44.8,22,1.45841
2025-04-29T13:48:00,534,51.6,20,1.13086
2025-04-29T13:51:00,538,47.4,19,1.15492
2025-04-29T13:54:00,530,49.9,20,1.17058
2025-04-29T13:57:00,526,47,20,1.23833
2025-04-29T14:00:00,526,44.9,22,1.45577
2025-04-29T14:03:00,532,44.3,22,1.47162
2025-04-29T14:06:00,529,47,19,1.1637
2025-04-29T14:09:00,519,47.6,20,1.22432
2025-04-29T14:12:00,526,46.2,20,1.25703
2025-04-29T14:15:00,534,43.5,21,1.40411
2025-04-29T14:18:00,535,42,20,1.35516
2025-04-29T14:21:00,528,42.2,21,1.43642
2025-04-29T14:24:00,528,39.1,22,1.60901
2025-04-29T14:27:00,537,39.9,20,1.40422
2025-04-29T14:30:00,551,35.2,21,1.61038
2025-04-29T14:33:00,563,37,21,1.56565
2025-04-29T14:36:00,566,41.5,22,1.5456
2025-04-29T14:39:00,572,41.9,23,1.63118
2025-04-29T14:42:00,565,49.3,19,1.1132
2025-04-29T14:45:00,556,52.2,19,1.04952
2025-04-29T14:48:00,564,49.7,20,1.17525
2025-04-29T14:51:00,556,48.7,19,1.12637
2025-04-29T14:54:00,559,48.8,20,1.19628
2025-04-29T14:57:00,652,46.5,22,1.4135
2025-04-29T15:00:00,654,43.9,21,1.39417
2025-04-29T15:03:00,671,45.1,21,1.36435
2025-04-29T15:06:00,658,48.9,19,1.12198
2025-04-29T15:09:00,645,46.8,21,1.3221
2025-04-29T15:12:00,591,45.4,21,1.35689
2025-04-29T15:15:00,583,44.6,22,1.46369
2025-04-29T15:18:00,561,42.1,22,1.52975
2025-04-29T15:21:00,542,42.2,21,1.43642
2025-04-29T15:24:00,529,41.3,21,1.45879
2025-04-29T15:27:00,510,41,21,1.46624
2025-04-29T15:30:00,509,39.3,22,1.60372
2025-04-29T15:33:00,502,36.8,22,1.66977
2025-04-29T15:36:00,502,35.9,23,1.79964
2025-04-29T15:39:00,487,31.8,23,1.91475
2025-04-29T15:42:00,478,30.4,23,1.95405
2025-04-29T15:45:00,480,30.3,22,1.84151
2025-04-29T15:48:00,480,28.4,23,2.0102
2025-04-29T15:51:00,473,29.8,23,1.9709
2025-04-29T15:54:00,460,36.7,22,1.67242
2025-04-29T15:57:00,443,40.5,22,1.57202
2025-04-29T16:00:00,435,38.2,23,1.73506
2025-04-29T16:03:00,439,42.1,21,1.4389
2025-04-29T16:06:00,454,35.4,22,1.70676
2025-04-29T16:09:00,463,42.7,22,1.51389
2025-04-29T16:12:00,451,41.6,22,1.54296
2025-04-29T16:15:00,443,41.5,22,1.5456
2025-04-29T16:18:00,441,40.1,22,1.58259
2025-04-29T16:21:00,440,35.1,22,1.71469
2025-04-29T16:24:00,435,37.3,22,1.65656
2025-04-29T16:27:00,428,38.3,22,1.63014
2025-04-29T16:30:00,433,38.6,22,1.62222
2025-04-29T16:33:00,436,33.3,22,1.76225
2025-04-29T16:36:00,436,34.5,22,1.73054
2025-04-29T16:39:00,436,36.5,22,1.6777
2025-04-29T16:42:00,435,38.7,22,1.61958
2025-04-29T16:45:00,434,39,22,1.61165
2025-04-29T16:48:00,434,37.4,22,1.65392
2025-04-29T16:51:00,432,37,22,1.66449
2025-04-29T16:54:00,424,37.1,22,1.66185
2025-04-29T16:57:00,421,35.5,22,1.70412
2025-04-29T17:00:00,430,35.2,22,1.71205
2025-04-29T17:03:00,437,34.6,22,1.7279
2025-04-29T17:06:00,445,34.4,22,1.73318
2025-04-29T17:09:00,454,33.4,22,1.7596
2025-04-29T17:12:00,460,32.4,22,1.78602
2025-04-29T17:15:00,464,30.1,22,1.84679
2025-04-29T17:18:00,472,29.5,22,1.86264
2025-04-29T17:21:00,471,28.8,22,1.88114
2025-04-29T17:24:00,459,28.4,23,2.0102
2025-04-29T17:27:00,445,27.4,22,1.91813
2025-04-29T17:30:00,443,27.4,23,2.03828
2025-04-29T17:33:00,443,28.2,23,2.01582
2025-04-29T17:36:00,440,28.9,23,1.99616
2025-04-29T17:39:00,440,27.3,22,1.92077
2025-04-29T17:42:00,443,26.1,22,1.95247
2025-04-29T17:45:00,452,26.8,22,1.93398
2025-04-29T17:48:00,424,29.3,23,1.98493
2025-04-29T17:51:00,413,28.9,22,1.8785
2025-04-29T17:54:00,413,26.8,21,1.81913
2025-04-29T17:57:00,414,26.2,22,1.94983
2025-04-29T18:00:00,415,29.2,22,1.87057
2025-04-29T18:03:00,417,27.3,23,2.04109
2025-04-29T18:06:00,422,29.9,22,1.85208
2025-04-29T18:09:00,422,28.5,21,1.77688
2025-04-29T18:12:00,427,31.2,21,1.70979
2025-04-29T18:15:00,433,29.1,22,1.87321
2025-04-29T18:18:00,432,26,22,1.95512
2025-04-29T18:21:00,471,41.9,19,1.27568
2025-04-29T18:24:00,438,41.9,21,1.44387
2025-04-29T18:27:00,408,40,21,1.49109
2025-04-29T18:30:00,397,39.4,22,1.60108
2025-04-29T18:33:00,384,37.6,22,1.64864
2025-04-29T18:36:00,382,35.9,22,1.69355
2025-04-29T18:39:00,378,38.7,22,1.61958
2025-04-29T18:42:00,381,39.8,22,1.59051
2025-04-29T18:45:00,385,40.7,22,1.56673
2025-04-29T18:48:00,381,38.3,22,1.63014
2025-04-29T18:51:00,383,39.3,22,1.60372
2025-04-29T18:54:00,378,36.7,22,1.67242
2025-04-29T18:57:00,376,38.5,22,1.62486
2025-04-29T19:00:00,375,40.7,22,1.56673
2025-04-29T19:03:00,372,41.7,22,1.54031
2025-04-29T19:06:00,372,38,22,1.63807
2025-04-29T19:09:00,370,36.1,22,1.68827
2025-04-29T19:12:00,365,36.3,21,1.58304
2025-04-29T19:15:00,362,38.4,21,1.53085
2025-04-29T19:18:00,361,38.9,21,1.51843
2025-04-29T19:21:00,358,35.4,21,1.60541
2025-04-29T19:24:00,359,37.7,21,1.54825
2025-04-29T19:27:00,359,36,21,1.5905
2025-04-29T19:30:00,357,33,21,1.66505
2025-04-29T19:33:00,356,29.1,21,1.76197
2025-04-29T19:36:00,355,31,21,1.71476
2025-04-29T19:39:00,353,33.5,21,1.65263
2025-04-29T19:42:00,350,30.5,21,1.72718
2025-04-29T19:45:00,348,29.4,21,1.75452
2025-04-29T19:48:00,347,31.1,21,1.71227
2025-04-29T19:51:00,345,31.8,21,1.69487
2025-04-29T19:54:00,342,30,21,1.73961
2025-04-29T19:57:00,343,28.1,21,1.78683
2025-04-29T20:00:00,341,27.2,21,1.80919
2025-04-29T20:03:00,10,27.3,21,1.80671
2025-04-29T20:06:00,0,26.9,21,1.81665
2025-04-29T20:09:00,0,26.5,21,1.82659
2025-04-29T20:12:00,0,26.3,21,1.83156
2025-04-29T20:15:00,0,26.2,21,1.83404
2025-04-29T20:18:00,0,26.6,21,1.8241
2025-04-29T20:21:00,0,26.7,20,1.71264
2025-04-29T20:24:00,0,26.9,20,1.70797
2025-04-29T20:27:00,0,27,20,1.70563
2025-04-29T20:30:00,0,28.5,20,1.67058
2025-04-29T20:33:00,0,30,20,1.63554
2025-04-29T20:36:00,0,31.5,20,1.60049
2025-04-29T20:39:00,0,33.1,20,1.5631
2025-04-29T20:42:00,0,34.9,20,1.52105
2025-04-29T20:45:00,0,36.1,20,1.49301
2025-04-29T20:48:00,0,37.9,20,1.45095
2025-04-29T20:51:00,0,39.5,20,1.41357
2025-04-29T20:54:00,0,40.3,20,1.39488
2025-04-29T20:57:00,0,41.6,20,1.3645
2025-04-29T21:00:00,0,42.6,20,1.34114
2025-04-29T21:03:00,0,43.6,20,1.31777
2025-04-29T21:06:00,0,44.6,20,1.29441
2025-04-29T21:09:00,0,45.7,20,1.26871
2025-04-29T21:12:00,0,46.8,20,1.24301
2025-04-29T21:15:00,0,47.5,19,1.15272
2025-04-29T21:18:00,0,48.3,19,1.13515
2025-04-29T21:21:00,0,48.9,19,1.12198
2025-04-29T21:24:00,0,49.6,19,1.10661
2025-04-29T21:27:00,0,50.6,19,1.08465
2025-04-29T21:30:00,0,51.1,19,1.07368
2025-04-29T21:33:00,0,52,19,1.05392
2025-04-29T21:36:00,0,52.1,19,1.05172
2025-04-29T21:39:00,0,53.1,19,1.02976
2025-04-29T21:42:00,0,53.4,19,1.02318
2025-04-29T21:45:00,0,53.9,19,1.0122
2025-04-29T21:48:00,0,54.6,19,0.99683
2025-04-29T21:51:00,0,54.9,19,0.99024
2025-04-29T21:54:00,0,55.4,19,0.97926
2025-04-29T21:57:00,0,56.1,19,0.96389
2025-04-29T22:00:00,0,56.3,19,0.9595
2025-04-29T22:03:00,0,56.6,19,0.95292
2025-04-29T22:06:00,0,56.9,19,0.94633
2025-04-29T22:09:00,0,57.4,19,0.93535
2025-04-29T22:12:00,0,57.6,19,0.93096
2025-04-29T22:15:00,0,57.9,19,0.92437
2025-04-29T22:18:00,0,58.2,19,0.91778
2025-04-29T22:21:00,0,58.6,19,0.909
2025-04-29T22:24:00,0,59,19,0.90022
2025-04-29T22:27:00,0,59.1,19,0.89802
2025-04-29T22:30:00,0,59.3,19,0.89363
2025-04-29T22:33:00,0,59.4,18,0.83731
2025-04-29T22:36:00,0,59.7,18,0.83112
2025-04-29T22:39:00,0,59.7,18,0.83112
2025-04-29T22:42:00,0,59.9,18,0.827
2025-04-29T22:45:00,0,60.2,18,0.82081
2025-04-29T22:48:00,0,60.3,18,0.81875
2025-04-29T22:51:00,0,60.3,18,0.81875
2025-04-29T22:54:00,0,60.5,18,0.81462
2025-04-29T22:57:00,0,60.6,18,0.81256
2025-04-29T23:00:00,0,60.7,18,0.8105
2025-04-29T23:03:00,0,60.8,18,0.80843
2025-04-29T23:06:00,0,63,18,0.76306
2025-04-29T23:09:00,0,65,18,0.72182
2025-04-29T23:12:00,0,66.8,18,0.68469
2025-04-29T23:15:00,0,68.2,18,0.65582
2025-04-29T23:18:00,0,68.9,18,0.64139
2025-04-29T23:21:00,0,69.5,18,0.62901
2025-04-29T23:24:00,0,70.3,18,0.61251
2025-04-29T23:27:00,0,70.6,18,0.60633
2025-04-29T23:30:00,0,71,18,0.59808
2025-04-29T23:33:00,0,71.2,18,0.59395
2025-04-29T23:36:00,0,71.1,18,0.59601
2025-04-29T23:39:00,0,71.4,18,0.58983
2025-04-29T23:42:00,0,71.6,18,0.5857
2025-04-29T23:45:00,0,71.6,18,0.5857
2025-04-29T23:48:00,0,71.6,18,0.5857
2025-04-29T23:51:00,0,71.7,18,0.58364
2025-04-29T23:54:00,0,71.6,18,0.5857
2025-04-29T23:57:00,0,71.6,18,0.5857
2025-04-30T00:00:00,0,71.4,18,0.58983
2025-04-30T00:03:00,0,71.4,18,0.58983
2025-04-30T00:06:00,0,71.4,17,0.55374
2025-04-30T00:09:00,0,71.2,17,0.55762
2025-04-30T00:12:00,0,71,17,0.56149
2025-04-30T00:15:00,0,71,17,0.56149
2025-04-30T00:18:00,0,70.8,17,0.56536
2025-04-30T00:21:00,0,70.7,17,0.5673
2025-04-30T00:24:00,0,70.4,17,0.5731
2025-04-30T00:27:00,0,70.2,17,0.57698
2025-04-30T00:30:00,0,70.1,17,0.57891
2025-04-30T00:33:00,0,70.7,17,0.5673
2025-04-30T00:36:00,0,71.9,17,0.54406
2025-04-30T00:39:00,0,72.7,17,0.52857
2025-04-30T00:42:00,0,73.2,17,0.51889
2025-04-30T00:45:00,0,73.8,17,0.50727
2025-04-30T00:48:00,0,73.9,17,0.50534
2025-04-30T00:51:00,0,73.9,17,0.50534
2025-04-30T00:54:00,0,73.9,17,0.50534
2025-04-30T00:57:00,0,73.9,17,0.50534
2025-04-30T01:00:00,0,73.9,17,0.50534
2025-04-30T01:03:00,0,73.9,17,0.50534
2025-04-30T01:06:00,0,73.6,17,0.51115
2025-04-30T01:09:00,0,73.6,17,0.51115
2025-04-30T01:12:00,0,73.4,17,0.51502
2025-04-30T01:15:00,0,73.2,17,0.51889
2025-04-30T01:18:00,0,73.1,17,0.52083
2025-04-30T01:21:00,0,72.9,17,0.5247
2025-04-30T01:24:00,0,72.8,17,0.52664
2025-04-30T01:27:00,0,72.6,17,0.53051
2025-04-30T01:30:00,0,72.6,17,0.53051
2025-04-30T01:33:00,0,72.3,17,0.53632
2025-04-30T01:36:00,0,72.1,17,0.54019
2025-04-30T01:39:00,0,71.9,16,0.51053
2025-04-30T01:42:00,0,71.8,16,0.51234
2025-04-30T01:45:00,0,71.7,16,0.51416
2025-04-30T01:48:00,0,71.4,16,0.51961
2025-04-30T01:51:00,0,71.3,16,0.52143
2025-04-30T01:54:00,0,71.2,16,0.52324
2025-04-30T01:57:00,0,70.9,16,0.52869
2025-04-30T02:00:00,0,70.8,16,0.53051
2025-04-30T02:03:00,0,71.3,16,0.52143
2025-04-30T02:06:00,0,72.3,16,0.50326
2025-04-30T02:09:00,0,72.9,16,0.49236
2025-04-30T02:12:00,0,73.4,16,0.48327
2025-04-30T02:15:00,0,73.7,16,0.47782
2025-04-30T02:18:00,0,73.8,16,0.47601
2025-04-30T02:21:00,0,74.2,16,0.46874
2025-04-30T02:24:00,0,73.9,16,0.47419
2025-04-30T02:27:00,0,73.4,16,0.48327
2025-04-30T02:30:00,0,73.1,16,0.48872
2025-04-30T02:33:00,0,73.1,16,0.48872
2025-04-30T02:36:00,0,72.8,16,0.49417
2025-04-30T02:39:00,0,72.8,16,0.49417
2025-04-30T02:42:00,0,72.7,16,0.49599
2025-04-30T02:45:00,0,72.5,16,0.49963
2025-04-30T02:48:00,0,72.4,16,0.50144
2025-04-30T02:51:00,0,72.1,16,0.50689
2025-04-30T02:54:00,0,72.2,16,0.50508
2025-04-30T02:57:00,0,72.1,16,0.50689
2025-04-30T03:00:00,0,72.2,16,0.50508
2025-04-30T03:03:00,0,71.8,16,0.51234
2025-04-30T03:06:00,0,71.7,16,0.51416
2025-04-30T03:09:00,0,71.5,16,0.51779
2025-04-30T03:12:00,0,71.5,16,0.51779
2025-04-30T03:15:00,0,71.1,16,0.52506
2025-04-30T03:18:00,0,71.3,16,0.52143
2025-04-30T03:21:00,0,71,16,0.52688
2025-04-30T03:24:00,0,71,16,0.52688
2025-04-30T03:27:00,0,72.1,16,0.50689
2025-04-30T03:30:00,0,70.9,16,0.52869
2025-04-30T03:33:00,0,69.6,16,0.55231
2025-04-30T03:36:00,0,68.7,17,0.60602
2025-04-30T03:39:00,0,68.4,17,0.61183
2025-04-30T03:42:00,0,68.1,17,0.61764
2025-04-30T03:45:00,0,68,17,0.61957
2025-04-30T03:48:00,0,67.9,16,0.5832
2025-04-30T03:51:00,0,67.9,16,0.5832
2025-04-30T03:54:00,0,68,16,0.58138
2025-04-30T03:57:00,0,67.8,16,0.58502
2025-04-30T04:00:00,0,67.7,16,0.58683
2025-04-30T04:03:00,349,67.3,16,0.5941
2025-04-30T04:06:00,346,66.4,16,0.61045
2025-04-30T04:09:00,343,66,17,0.6583
2025-04-30T04:12:00,342,65.5,17,0.66798
2025-04-30T04:15:00,339,65.1,17,0.67572
2025-04-30T04:18:00,338,64.8,17,0.68153
2025-04-30T04:21:00,336,64.3,17,0.69121
2025-04-30T04:24:00,336,64.1,17,0.69508
2025-04-30T04:27:00,335,63.7,17,0.70283
2025-04-30T04:30:00,334,63.4,17,0.70864
2025-04-30T04:33:00,334,63.2,17,0.71251
2025-04-30T04:36:00,333,63.1,17,0.71444
2025-04-30T04:39:00,333,62.8,17,0.72025
2025-04-30T04:42:00,332,62.4,18,0.77544
2025-04-30T04:45:00,332,62.3,18,0.7775
2025-04-30T04:48:00,331,62.1,18,0.78162
2025-04-30T04:51:00,331,61.9,18,0.78575
2025-04-30T04:54:00,332,61.8,18,0.78781
2025-04-30T04:57:00,331,61.7,18,0.78987
2025-04-30T05:00:00,332,61.4,18,0.79606
2025-04-30T05:03:00,331,61.1,18,0.80225
2025-04-30T05:06:00,331,61,18,0.80431
2025-04-30T05:09:00,331,60.9,18,0.80637
2025-04-30T05:12:00,331,60.6,18,0.81256
2025-04-30T05:15:00,331,60.5,18,0.81462
2025-04-30T05:18:00,331,60.1,18,0.82287
2025-04-30T05:21:00,331,60,18,0.82493
2025-04-30T05:24:00,331,60,18,0.82493
2025-04-30T05:27:00,332,59.9,18,0.827
2025-04-30T05:30:00,332,59.8,18,0.82906
2025-04-30T05:33:00,333,59.6,18,0.83318
2025-04-30T05:36:00,332,59.7,18,0.83112
2025-04-30T05:39:00,333,59.3,18,0.83937
2025-04-30T05:42:00,333,59.2,18,0.84143
2025-04-30T05:45:00,333,59,19,0.90022
2025-04-30T05:48:00,334,58.9,19,0.90242
2025-04-30T05:51:00,333,58.6,19,0.909
2025-04-30T05:54:00,334,59,19,0.90022
2025-04-30T05:57:00,334,58.9,19,0.90242
2025-04-30T06:00:00,334,58.3,19,0.91559
2025-04-30T06:03:00,336,58.4,19,0.91339
2025-04-30T06:06:00,335,57.9,19,0.92437
2025-04-30T06:09:00,336,56.6,19,0.95292
2025-04-30T06:12:00,336,56.5,19,0.95511
2025-04-30T06:15:00,337,56.2,19,0.9617
2025-04-30T06:18:00,338,55.6,19,0.97487
2025-04-30T06:21:00,339,54.8,19,0.99244
2025-04-30T06:24:00,339,54.9,19,0.99024
2025-04-30T06:27:00,341,55.2,19,0.98365
2025-04-30T06:30:00,342,55.3,19,0.98146
2025-04-30T06:33:00,342,55.5,19,0.97707
2025-04-30T06:36:00,342,55.1,19,0.98585
2025-04-30T06:39:00,343,54.7,19,0.99463
2025-04-30T06:42:00,344,54.7,19,0.99463
2025-04-30T06:45:00,346,55,19,0.98805
2025-04-30T06:48:00,347,55.2,19,0.98365
2025-04-30T06:51:00,354,55.4,19,0.97926
2025-04-30T06:54:00,356,55,19,0.98805
2025-04-30T06:57:00,356,55.1,19,0.98585
2025-04-30T07:00:00,359,55.7,20,1.03506
2025-04-30T07:03:00,361,55.6,20,1.0374
2025-04-30T07:06:00,363,55.7,20,1.03506
2025-04-30T07:09:00,365,56.4,20,1.01871
2025-04-30T07:12:00,367,56.5,20,1.01637
2025-04-30T07:15:00,369,56.7,20,1.0117
2025-04-30T07:18:00,371,56.5,20,1.01637
2025-04-30T07:21:00,373,56.1,21,1.09098
2025-04-30T07:24:00,377,55,21,1.11832
2025-04-30T07:27:00,381,55.4,21,1.10838
2025-04-30T07:30:00,383,55.5,21,1.10589
2025-04-30T07:33:00,394,55,21,1.11832
2025-04-30T07:36:00,396,54,21,1.14317
2025-04-30T07:39:00,410,54.2,22,1.21006
2025-04-30T07:42:00,410,52.6,22,1.25233
2025-04-30T07:45:00,399,50.4,22,1.31046
2025-04-30T07:48:00,416,49.6,22,1.33159
2025-04-30T07:51:00,423,48.8,22,1.35273
2025-04-30T07:54:00,419,47.7,22,1.38179
2025-04-30T07:57:00,412,46.7,22,1.40821
2025-04-30T08:00:00,430,45.7,22,1.43463
2025-04-30T08:03:00,438,44.3,22,1.47162
2025-04-30T08:06:00,442.5,43.45,22,1.49408
2025-04-30T08:09:00,447,42.6,22,1.51654
2025-04-30T08:12:00,628,42.1,22,1.52975
2025-04-30T08:15:00,660,41.2,23,1.65084
2025-04-30T08:18:00,639,41.2,22,1.55352
2025-04-30T08:21:00,649,41.9,23,1.63118
2025-04-30T08:24:00,684,42,22,1.53239
2025-04-30T08:27:00,700,43.3,23,1.59188
2025-04-30T08:30:00,701,42.7,23,1.60872
2025-04-30T08:33:00,565,42.2,23,1.62276
2025-04-30T08:36:00,541,41.4,23,1.64522
2025-04-30T08:39:00,644,41,23,1.65645
2025-04-30T08:42:00,678,41.8,23,1.63399
2025-04-30T08:45:00,652,40.5,21,1.47867
2025-04-30T08:48:00,633,39.9,23,1.68733
2025-04-30T08:51:00,594,38.8,23,1.71822
2025-04-30T08:54:00,578,37.8,23,1.74629
2025-04-30T08:57:00,564,37.5,21,1.55322
2025-04-30T09:00:00,566,36.4,22,1.68034
2025-04-30T09:03:00,576,35.5,20,1.50703
2025-04-30T09:06:00,556,36.1,22,1.68827
2025-04-30T09:09:00,555,39.1,19,1.33716
2025-04-30T09:12:00,520,35.2,21,1.61038
2025-04-30T09:15:00,527,35.7,22,1.69884
2025-04-30T09:18:00,532,33.9,22,1.74639
2025-04-30T09:21:00,531,33.9,22,1.74639
2025-04-30T09:24:00,538,34.3,22,1.73583
2025-04-30T09:27:00,539,34,22,1.74375
2025-04-30T09:30:00,537,33.7,22,1.75168
2025-04-30T09:33:00,544,35.3,19,1.42059
2025-04-30T09:36:00,531,37.4,19,1.37448
2025-04-30T09:39:00,526,34.4,21,1.63026
2025-04-30T09:42:00,524,35.6,18,1.32814
2025-04-30T09:45:00,506,36.8,19,1.38766
2025-04-30T09:48:00,494,33.7,21,1.64766
2025-04-30T09:51:00,489,32.1,22,1.79395
2025-04-30T09:54:00,481,36.7,18,1.30546
2025-04-30T09:57:00,484,33.5,21,1.65263
2025-04-30T10:00:00,485,35.6,18,1.32814
2025-04-30T10:03:00,482,37.6,18,1.2869
2025-04-30T10:06:00,484,33.8,20,1.54675
2025-04-30T10:09:00,490,32.6,21,1.67499
2025-04-30T10:12:00,490,36,17,1.23914
2025-04-30T10:15:00,493,35.2,20,1.51404
2025-04-30T10:18:00,534,32.3,20,1.5818
2025-04-30T10:21:00,531,35.7,18,1.32608
2025-04-30T10:24:00,561,34.8,19,1.43157
2025-04-30T10:27:00,549,31.6,21,1.69984
2025-04-30T10:30:00,502,33.4,18,1.37351
2025-04-30T10:33:00,498,34.1,18,1.35908
2025-04-30T10:36:00,504,31.1,21,1.71227
2025-04-30T10:39:00,556,32.9,19,1.47329
2025-04-30T10:42:00,504,35.9,18,1.32196
2025-04-30T10:45:00,550,32.6,19,1.47987
2025-04-30T10:48:00,539,29.2,20,1.65423
2025-04-30T10:51:00,515,33.9,17,1.2798
2025-04-30T10:54:00,924,32.3,19,1.48646
2025-04-30T10:57:00,714,28.9,20,1.66124
2025-04-30T11:00:00,1503,31,18,1.42301
2025-04-30T11:03:00,1034,31.2,18,1.41889
2025-04-30T11:06:00,1575,30,20,1.63554
2025-04-30T11:09:00,1566,27.4,19,1.59405
2025-04-30T11:12:00,1397,29,19,1.55892
2025-04-30T11:15:00,1180,26.3,20,1.72199
2025-04-30T11:18:00,922,25.5,19,1.63576
2025-04-30T11:21:00,736,24.7,20,1.75937
2025-04-30T11:24:00,578,26,19,1.62479
2025-04-30T11:27:00,520,25.9,19,1.62698
2025-04-30T11:30:00,519,25.7,20,1.736
2025-04-30T11:33:00,520,26.2,20,1.72432
2025-04-30T11:36:00,517,27.4,18,1.49725
2025-04-30T11:39:00,514,28.5,18,1.47457
2025-04-30T11:42:00,512,27.7,19,1.58746
2025-04-30T11:45:00,533,25.1,21,1.86138
2025-04-30T11:48:00,521,26.4,19,1.616
2025-04-30T11:51:00,523,26.2,20,1.72432
2025-04-30T11:54:00,519,26.3,19,1.6182
2025-04-30T11:57:00,515,24.9,21,1.86635
2025-04-30T12:00:00,512,26.9,19,1.60503
2025-04-30T12:03:00,546,26.8,19,1.60722
2025-04-30T12:06:00,461,29.8,18,1.44776
2025-04-30T12:09:00,461.5,29,19,1.55892
2025-04-30T12:12:00,462,28.2,20,1.67759
2025-04-30T12:15:00,457,28.7,20,1.66591
2025-04-30T12:18:00,461,27.8,20,1.68694
2025-04-30T12:21:00,454,27.4,20,1.69628
2025-04-30T12:24:00,446,51.1,16,0.88842
2025-04-30T12:27:00,446,53.1,17,0.90806
2025-04-30T12:30:00,344,51,17,0.94872
2025-04-30T12:33:00,448,44.3,19,1.22298
2025-04-30T12:36:00,450,53.9,16,0.83755
2025-04-30T12:39:00,463,55,16,0.81757
2025-04-30T12:42:00,424,48.8,18,1.05591
2025-04-30T12:45:00,370,45,19,1.20761
2025-04-30T12:48:00,380,39.4,21,1.506
2025-04-30T12:51:00,380,39.2,21,1.51097
2025-04-30T12:54:00,498,42.9,21,1.41902
2025-04-30T12:57:00,531,44.2,20,1.30376
2025-04-30T13:00:00,522,48.4,19,1.13296
2025-04-30T13:03:00,534,41,20,1.37852
2025-04-30T13:06:00,534,45.2,20,1.28039
2025-04-30T13:09:00,528,45.6,19,1.19444
2025-04-30T13:12:00,377,47.4,19,1.15492
2025-04-30T13:15:00,490,48.4,17,0.99906
2025-04-30T13:18:00,507,48.1,19,1.13955
2025-04-30T13:21:00,423,42.3,21,1.43393
2025-04-30T13:24:00,492,36.8,19,1.38766
2025-04-30T13:27:00,500,34.2,19,1.44474
2025-04-30T13:30:00,506,32.6,21,1.67499
2025-04-30T13:33:00,426,34.4,20,1.53273
2025-04-30T13:36:00,387,42.4,20,1.34581
2025-04-30T13:39:00,378,45.5,19,1.19663
2025-04-30T13:42:00,390,44.3,21,1.38423
2025-04-30T13:45:00,519,42.1,22,1.52975
2025-04-30T13:48:00,480,45.9,19,1.18785
2025-04-30T13:51:00,463,48.9,18,1.05385
2025-04-30T13:54:00,470,45.3,21,1.35938
2025-04-30T13:57:00,495,40.9,22,1.56145
2025-04-30T14:00:00,495,44.4,21,1.38175
2025-04-30T14:03:00,616,42,22,1.53239
2025-04-30T14:06:00,443,41.5,21,1.45381
2025-04-30T14:09:00,432,39.7,23,1.69295
2025-04-30T14:12:00,412,40.4,22,1.57466
2025-04-30T14:15:00,401,40.7,23,1.66487
2025-04-30T14:18:00,419,39,23,1.7126
2025-04-30T14:21:00,471,39.7,21,1.49855
2025-04-30T14:24:00,467,37.9,22,1.64071
2025-04-30T14:27:00,462,40.5,22,1.57202
2025-04-30T14:30:00,430,41.6,22,1.54296
2025-04-30T14:33:00,537,40,22,1.58523
2025-04-30T14:36:00,866,40.1,20,1.39955
2025-04-30T14:39:00,701,44.5,19,1.21859
2025-04-30T14:42:00,588,37.3,20,1.46497
2025-04-30T14:45:00,583,37.4,21,1.55571
2025-04-30T14:48:00,604,36.4,20,1.486
2025-04-30T14:51:00,638,30.5,20,1.62385
2025-04-30T14:54:00,643,41.5,18,1.20646
2025-04-30T14:57:00,1065,41.3,21,1.45879
2025-04-30T15:00:00,1750,51.1,18,1.00848
2025-04-30T15:03:00,1594,53.2,18,0.96517
2025-04-30T15:06:00,789,51.5,18,1.00023
2025-04-30T15:09:00,884,48.7,20,1.19861
2025-04-30T15:12:00,650,55.5,17,0.86159
2025-04-30T15:15:00,610,55.8,18,0.91155
2025-04-30T15:18:00,605,54.8,18,0.93217
2025-04-30T15:21:00,629,55,17,0.87127
2025-04-30T15:24:00,666,55.7,17,0.85772
2025-04-30T15:27:00,447,54.3,17,0.88483
2025-04-30T15:30:00,405,52.3,19,1.04733
2025-04-30T15:33:00,597,50.8,19,1.08026
2025-04-30T15:36:00,419,47.4,20,1.22899
2025-04-30T15:39:00,408,52.6,17,0.91774
2025-04-30T15:42:00,417,45.5,20,1.27338
2025-04-30T15:45:00,456,43,21,1.41654
2025-04-30T15:48:00,410,44.4,21,1.38175
2025-04-30T15:51:00,395,43.4,22,1.4954
2025-04-30T15:54:00,418,41.7,22,1.54031
2025-04-30T15:57:00,505,41.7,22,1.54031
2025-04-30T16:00:00,485,42.7,20,1.3388
2025-04-30T16:03:00,476,43.2,22,1.50068
2025-04-30T16:06:00,454,42.2,21,1.43642
2025-04-30T16:09:00,528,42.2,22,1.5271
2025-04-30T16:12:00,431,45.6,19,1.19444
2025-04-30T16:15:00,433,41.3,22,1.55088
2025-04-30T16:18:00,440,41.5,21,1.45381
2025-04-30T16:21:00,410,36.7,22,1.67242
2025-04-30T16:24:00,421,39.8,20,1.40656
2025-04-30T16:27:00,401,36.3,22,1.68298
2025-04-30T16:30:00,399,35.45,22,1.70544
2025-04-30T16:33:00,397,34.6,22,1.7279
2025-04-30T16:36:00,413,32.5,22,1.78338
2025-04-30T16:39:00,429,36.3,22,1.68298
2025-04-30T16:42:00,538,38.1,21,1.53831
2025-04-30T16:45:00,529,37.1,20,1.46965
2025-04-30T16:48:00,495,35.3,21,1.60789
2025-04-30T16:51:00,476,34.8,20,1.52338
2025-04-30T16:54:00,416,33.9,21,1.64269
2025-04-30T16:57:00,435,30.2,21,1.73464
2025-04-30T17:00:00,423,32.8,21,1.67002
2025-04-30T17:03:00,463,29.6,21,1.74955
2025-04-30T17:06:00,474,32.8,20,1.57011
2025-04-30T17:09:00,456,31,21,1.71476
2025-04-30T17:12:00,502,28.6,21,1.7744
2025-04-30T17:15:00,564,29.2,20,1.65423
2025-04-30T17:18:00,630,29.4,21,1.75452
2025-04-30T17:21:00,434,28.2,21,1.78434
2025-04-30T17:24:00,569,29.7,20,1.64255
2025-04-30T17:27:00,426,30.5,22,1.83622
2025-04-30T17:30:00,408,29.2,22,1.87057
2025-04-30T17:33:00,418,32.1,23,1.90632
2025-04-30T17:36:00,406,28.5,23,2.00739
2025-04-30T17:39:00,420,28.8,23,1.99897
2025-04-30T17:42:00,394,32.4,20,1.57946
2025-04-30T17:45:00,375,31.9,22,1.79923
2025-04-30T17:48:00,363,31.7,21,1.69736
2025-04-30T17:51:00,359,32.4,22,1.78602
2025-04-30T17:54:00,348,30.5,22,1.83622
2025-04-30T17:57:00,342,31.5,22,1.8098
2025-04-30T18:00:00,342,30.3,21,1.73215
2025-04-30T18:03:00,340,33.1,22,1.76753
2025-04-30T18:06:00,342,35.6,22,1.70148
2025-04-30T18:09:00,351,37.3,22,1.65656
2025-04-30T18:12:00,364,38.6,22,1.62222
2025-04-30T18:15:00,368,39.3,22,1.60372
2025-04-30T18:18:00,367,42.3,21,1.43393
2025-04-30T18:21:00,364,43.8,21,1.39666
2025-04-30T18:24:00,361,46.2,21,1.33701
2025-04-30T18:27:00,354,48,21,1.29228
2025-04-30T18:30:00,358,50.1,21,1.24009
2025-04-30T18:33:00,358,49.7,21,1.25003
2025-04-30T18:36:00,353,46.8,21,1.3221
2025-04-30T18:39:00,350,47.1,21,1.31465
2025-04-30T18:42:00,350,46.5,21,1.32956
2025-04-30T18:45:00,350,46.5,21,1.32956
2025-04-30T18:48:00,356,46.4,21,1.33204
2025-04-30T18:51:00,357,43.4,21,1.4066
2025-04-30T18:54:00,357,44.5,21,1.37926
2025-04-30T18:57:00,365,46.1,21,1.3395
2025-04-30T19:00:00,364,41.8,21,1.44636
2025-04-30T19:03:00,355,42.8,21,1.42151
2025-04-30T19:06:00,349,44.9,21,1.36932
2025-04-30T19:09:00,342,42.3,21,1.43393
2025-04-30T19:12:00,336,41.1,21,1.46376
2025-04-30T19:15:00,336,41.1,21,1.46376
2025-04-30T19:18:00,335,40.5,21,1.47867
2025-04-30T19:21:00,336,40.2,21,1.48612
2025-04-30T19:24:00,336,40.6,21,1.47618
2025-04-30T19:27:00,338,41.5,21,1.45381
2025-04-30T19:30:00,341,42.8,21,1.42151
2025-04-30T19:33:00,342,43.8,22,1.48483
2025-04-30T19:36:00,345,45.2,22,1.44784
2025-04-30T19:39:00,344,48.8,22,1.35273
2025-04-30T19:42:00,342,47.5,22,1.38708
2025-04-30T19:45:00,342,47.2,21,1.31216
2025-04-30T19:48:00,340,48.3,21,1.28482
2025-04-30T19:51:00,340,50.9,22,1.29725
2025-04-30T19:54:00,339,51,22,1.2946
2025-04-30T19:57:00,339,52.5,21,1.18045
2025-04-30T20:00:00,336,50.5,21,1.23015
2025-04-30T20:03:00,0,50.7,21,1.22518
2025-04-30T20:06:00,0,52.4,21,1.18293
2025-04-30T20:09:00,0,52.7,21,1.17548
2025-04-30T20:12:00,0,53.4,21,1.15808
2025-04-30T20:15:00,0,54,21,1.14317
2025-04-30T20:18:00,0,54.9,21,1.1208
2025-04-30T20:21:00,0,55.7,21,1.10092
2025-04-30T20:24:00,0,56,21,1.09347
2025-04-30T20:27:00,0,56.3,21,1.08601
2025-04-30T20:30:00,0,56.9,21,1.0711
2025-04-30T20:33:00,0,57.3,21,1.06116
2025-04-30T20:36:00,0,57.8,21,1.04873
2025-04-30T20:39:00,0,58.5,21,1.03134
2025-04-30T20:42:00,0,59.1,21,1.01643
2025-04-30T20:45:00,0,59.7,21,1.00152
2025-04-30T20:48:00,0,60.2,21,0.98909
2025-04-30T20:51:00,0,60.6,21,0.97915
2025-04-30T20:54:00,0,61.2,20,0.90655
2025-04-30T20:57:00,0,61.5,20,0.89954
2025-04-30T21:00:00,0,61.9,20,0.8902
2025-04-30T21:03:00,0,62.5,20,0.87618
2025-04-30T21:06:00,0,62.8,20,0.86917
2025-04-30T21:09:00,0,63.1,20,0.86216
2025-04-30T21:12:00,0,63.5,20,0.85281
2025-04-30T21:15:00,0,63.7,20,0.84814
2025-04-30T21:18:00,0,64,20,0.84113
2025-04-30T21:21:00,0,64.4,20,0.83179
2025-04-30T21:24:00,0,64.7,20,0.82478
2025-04-30T21:27:00,0,64.9,20,0.8201
2025-04-30T21:30:00,0,65.2,20,0.81309
2025-04-30T21:33:00,0,61.4,20,0.90188
2025-04-30T21:36:00,0,58.1,19,0.91998
2025-04-30T21:39:00,0,55.7,19,0.97268
2025-04-30T21:42:00,0,53.8,19,1.01439
2025-04-30T21:45:00,0,51.9,19,1.05611
2025-04-30T21:48:00,0,50.6,19,1.08465
2025-04-30T21:51:00,0,49,19,1.11979
2025-04-30T21:54:00,0,47.9,18,1.07448
2025-04-30T21:57:00,0,47.1,18,1.09097
2025-04-30T22:00:00,0,46.1,18,1.1116
2025-04-30T22:03:00,0,45.3,18,1.1281
2025-04-30T22:06:00,0,45.4,18,1.12603
2025-04-30T22:09:00,0,44.7,18,1.14047
2025-04-30T22:12:00,0,45.1,18,1.13222
2025-04-30T22:15:00,0,46.7,18,1.09922
2025-04-30T22:18:00,0,47.9,18,1.07448
2025-04-30T22:21:00,0,49.3,18,1.0456
2025-04-30T22:24:00,0,50.1,18,1.0291
2025-04-30T22:27:00,0,51.2,18,1.00642
2025-04-30T22:30:00,0,52.4,18,0.98167
2025-04-30T22:33:00,0,53.9,18,0.95074
2025-04-30T22:36:00,0,54.4,18,0.94042
2025-04-30T22:39:00,0,55.4,18,0.9198
2025-04-30T22:42:00,0,56.2,18,0.9033
2025-04-30T22:45:00,0,56.8,18,0.89093
2025-04-30T22:48:00,0,57.5,18,0.87649
2025-04-30T22:51:00,0,58,18,0.86618
2025-04-30T22:54:00,0,58.6,18,0.85381
2025-04-30T22:57:00,0,58.9,18,0.84762
2025-04-30T23:00:00,0,59.4,18,0.83731
2025-04-30T23:03:00,0,59.8,18,0.82906
2025-04-30T23:06:00,0,62.4,18,0.77544
2025-04-30T23:09:00,0,65.1,18,0.71975
2025-04-30T23:12:00,0,66.8,18,0.68469
2025-04-30T23:15:00,0,68.4,18,0.6517
2025-04-30T23:18:00,0,69.4,18,0.63107
2025-04-30T23:21:00,0,70.3,18,0.61251
2025-04-30T23:24:00,0,71,18,0.59808
2025-04-30T23:27:00,0,71.3,18,0.59189
2025-04-30T23:30:00,0,71.5,18,0.58776
2025-04-30T23:33:00,0,71.8,18,0.58158
2025-04-30T23:36:00,0,72.1,18,0.57539
2025-04-30T23:39:00,0,72.1,18,0.57539
2025-04-30T23:42:00,0,72.4,18,0.5692
2025-04-30T23:45:00,0,72.4,18,0.5692
2025-04-30T23:48:00,0,72.4,18,0.5692
2025-04-30T23:51:00,0,72.5,18,0.56714
2025-04-30T23:54:00,0,72.7,18,0.56302
2025-04-30T23:57:00,0,72.8,18,0.56095
2025-05-01T00:00:00,0,72.9,18,0.55889
2025-05-01T00:03:00,0,72.9,18,0.55889
2025-05-01T00:06:00,0,72.9,18,0.55889
2025-05-01T00:09:00,0,73,18,0.55683
2025-05-01T00:12:00,0,73.1,18,0.55477
2025-05-01T00:15:00,0,73.1,18,0.55477
2025-05-01T00:18:00,0,73.1,18,0.55477
2025-05-01T00:21:00,0,73.1,18,0.55477
2025-05-01T00:24:00,0,73.1,18,0.55477
2025-05-01T00:27:00,0,72.9,18,0.55889
2025-05-01T00:30:00,0,72.9,18,0.55889
2025-05-01T00:33:00,0,73.2,18,0.55271
2025-05-01T00:36:00,0,74.2,18,0.53208
2025-05-01T00:39:00,0,75.1,18,0.51352
2025-05-01T00:42:00,0,75.5,18,0.50527
2025-05-01T00:45:00,0,76,18,0.49496
2025-05-01T00:48:00,0,76.1,18,0.4929
2025-05-01T00:51:00,0,76.4,17,0.45693
2025-05-01T00:54:00,0,76.3,17,0.45887
2025-05-01T00:57:00,0,76.4,17,0.45693
2025-05-01T01:00:00,0,76.5,17,0.455
2025-05-01T01:03:00,0,76.4,17,0.45693
2025-05-01T01:06:00,0,76.6,17,0.45306
2025-05-01T01:09:00,0,76.4,17,0.45693
2025-05-01T01:12:00,0,76.4,17,0.45693
2025-05-01T01:15:00,0,76.3,17,0.45887
2025-05-01T01:18:00,0,76.3,17,0.45887
2025-05-01T01:21:00,0,76.1,17,0.46274
2025-05-01T01:24:00,0,76.2,17,0.46081
2025-05-01T01:27:00,0,76.2,17,0.46081
2025-05-01T01:30:00,0,76,17,0.46468
2025-05-01T01:33:00,0,75.9,17,0.46662
2025-05-01T01:36:00,0,76,17,0.46468
2025-05-01T01:39:00,0,75.8,17,0.46855
2025-05-01T01:42:00,0,75.8,17,0.46855
2025-05-01T01:45:00,0,75.8,17,0.46855
2025-05-01T01:48:00,0,75.7,17,0.47049
2025-05-01T01:51:00,0,75.7,17,0.47049
2025-05-01T01:54:00,0,75.8,17,0.46855
2025-05-01T01:57:00,0,75.7,17,0.47049
2025-05-01T02:00:00,0,75.7,17,0.47049
2025-05-01T02:03:00,0,76,17,0.46468
2025-05-01T02:06:00,0,76.7,17,0.45113
2025-05-01T02:09:00,0,77.3,17,0.43951
2025-05-01T02:12:00,0,77.5,17,0.43564
2025-05-01T02:15:00,0,77.7,17,0.43176
2025-05-01T02:18:00,0,77.7,17,0.43176
2025-05-01T02:21:00,0,77.8,17,0.42983
2025-05-01T02:24:00,0,77.8,17,0.42983
2025-05-01T02:27:00,0,77.7,17,0.43176
2025-05-01T02:30:00,0,77.7,17,0.43176
2025-05-01T02:33:00,0,77.7,17,0.43176
2025-05-01T02:36:00,0,77.3,17,0.43951
2025-05-01T02:39:00,0,77.4,17,0.43757
2025-05-01T02:42:00,0,77.3,17,0.43951
2025-05-01T02:45:00,0,77.1,17,0.44338
2025-05-01T02:48:00,0,76.8,17,0.44919
2025-05-01T02:51:00,0,77,17,0.44532
2025-05-01T02:54:00,0,76.7,17,0.45113
2025-05-01T02:57:00,0,76.8,17,0.44919
2025-05-01T03:00:00,0,76.5,17,0.455
2025-05-01T03:03:00,0,76.4,17,0.45693
2025-05-01T03:06:00,0,76.3,17,0.45887
2025-05-01T03:09:00,0,76.4,17,0.45693
2025-05-01T03:12:00,0,76.3,17,0.45887
2025-05-01T03:15:00,0,76.2,17,0.46081
2025-05-01T03:18:00,0,76.2,17,0.46081
2025-05-01T03:21:00,0,76,17,0.46468
2025-05-01T03:24:00,0,76,17,0.46468
2025-05-01T03:27:00,0,75.9,17,0.46662
2025-05-01T03:30:00,0,75.8,16,0.43967
2025-05-01T03:33:00,0,75.7,16,0.44149
2025-05-01T03:36:00,0,75.6,16,0.4433
2025-05-01T03:39:00,0,75.5,16,0.44512
2025-05-01T03:42:00,0,75.5,16,0.44512
2025-05-01T03:45:00,0,75.3,16,0.44875
2025-05-01T03:48:00,0,75.4,16,0.44694
2025-05-01T03:51:00,0,75.3,16,0.44875
2025-05-01T03:54:00,0,75.3,16,0.44875
2025-05-01T03:57:00,0,75.3,16,0.44875
2025-05-01T04:00:00,0,75,16,0.4542
2025-05-01T04:03:00,348,74.4,17,0.49566
2025-05-01T04:06:00,345,73.7,17,0.50921
2025-05-01T04:09:00,342,72.7,17,0.52857
2025-05-01T04:12:00,341,72,17,0.54213
2025-05-01T04:15:00,339,71.6,17,0.54987
2025-05-01T04:18:00,337,70.8,17,0.56536
2025-05-01T04:21:00,336,70.3,17,0.57504
2025-05-01T04:24:00,335,69.8,17,0.58472
2025-05-01T04:27:00,335,69.5,18,0.62901
2025-05-01T04:30:00,334,69,18,0.63932
2025-05-01T04:33:00,333,68.8,18,0.64345
2025-05-01T04:36:00,333,68.2,18,0.65582
2025-05-01T04:39:00,333,67.8,18,0.66407
2025-05-01T04:42:00,332,67.8,18,0.66407
2025-05-01T04:45:00,331,67.3,18,0.67438
2025-05-01T04:48:00,332,67.15,18,0.67748
2025-05-01T04:51:00,333,67,18,0.68057
2025-05-01T04:54:00,332,67.1,18,0.67851
2025-05-01T04:57:00,333,66.8,19,0.72896
2025-05-01T05:00:00,331,66.9,19,0.72676
2025-05-01T05:03:00,333,66.9,19,0.72676
2025-05-01T05:06:00,333,66.9,19,0.72676
2025-05-01T05:09:00,331,66.6,19,0.73335
2025-05-01T05:12:00,332,66.7,19,0.73115
2025-05-01T05:15:00,333,66.8,19,0.72896
2025-05-01T05:18:00,333,66.4,19,0.73774
2025-05-01T05:21:00,333,66.5,19,0.73555
2025-05-01T05:24:00,333,66.5,19,0.73555
2025-05-01T05:27:00,332,66.2,19,0.74213
2025-05-01T05:30:00,333,66.2,19,0.74213
2025-05-01T05:33:00,333,65.7,19,0.75311
2025-05-01T05:36:00,332,65.6,19,0.75531
2025-05-01T05:39:00,332,65.5,20,0.80609
2025-05-01T05:42:00,334,65,20,0.81777
2025-05-01T05:45:00,334,64.9,20,0.8201
2025-05-01T05:48:00,335,63.4,20,0.85515
2025-05-01T05:51:00,334,62.5,19,0.82337
2025-05-01T05:54:00,333,62.7,20,0.87151
2025-05-01T05:57:00,334,62.6,20,0.87384
2025-05-01T06:00:00,335,62.2,20,0.88319
2025-05-01T06:03:00,335,61.6,20,0.89721
2025-05-01T06:06:00,335,61.6,20,0.89721
2025-05-01T06:09:00,334,62,20,0.88786
2025-05-01T06:12:00,337,61.8,20,0.89254
2025-05-01T06:15:00,336,61.4,20,0.90188
2025-05-01T06:18:00,336,61.3,20,0.90422
2025-05-01T06:21:00,337,61.7,20,0.89487
2025-05-01T06:24:00,338,61.6,20,0.89721
2025-05-01T06:27:00,337,61.5,20,0.89954
2025-05-01T06:30:00,337,61.2,20,0.90655
2025-05-01T06:33:00,338,60.2,20,0.92992
2025-05-01T06:36:00,338,60.7,20,0.91824
2025-05-01T06:39:00,337,60.9,20,0.91356
2025-05-01T06:42:00,338,61.1,20,0.90889
2025-05-01T06:45:00,338,59.9,20,0.93693
2025-05-01T06:48:00,339,60.4,20,0.92525
2025-05-01T06:51:00,337,60.7,20,0.91824
2025-05-01T06:54:00,340,60.9,20,0.91356
2025-05-01T06:57:00,340,60.9,21,0.97169
2025-05-01T07:00:00,343,61,21,0.96921
2025-05-01T07:03:00,346,61.1,21,0.96672
2025-05-01T07:06:00,353,60.1,21,0.99158
2025-05-01T07:09:00,353,59.9,21,0.99655
2025-05-01T07:12:00,351,60.3,21,0.98661
2025-05-01T07:15:00,347,60.1,21,0.99158
2025-05-01T07:18:00,348,60,21,0.99406
2025-05-01T07:21:00,349,60.2,21,0.98909
2025-05-01T07:24:00,352,60.5,21,0.98164
2025-05-01T07:27:00,369,60,21,0.99406
2025-05-01T07:30:00,386,60,21,0.99406
2025-05-01T07:33:00,392,60.5,21,0.98164
2025-05-01T07:36:00,383,59.7,21,1.00152
2025-05-01T07:39:00,380,60.1,21,0.99158
2025-05-01T07:42:00,372,60.3,21,0.98661
2025-05-01T07:45:00,377,59.4,21,1.00897
2025-05-01T07:48:00,394,59.6,21,1.004
2025-05-01T07:51:00,419,59.5,21,1.00649
2025-05-01T07:54:00,405,58.6,21,1.02885
2025-05-01T07:57:00,402,59.2,22,1.07796
2025-05-01T08:00:00,400,58.7,22,1.09117
2025-05-01T08:03:00,405,57.8,22,1.11494
2025-05-01T08:06:00,408,56.6,22,1.14665
2025-05-01T08:09:00,599,56.4,22,1.15193
2025-05-01T08:12:00,679,54.4,22,1.20477
2025-05-01T08:15:00,523,52.1,22,1.26554
2025-05-01T08:18:00,673,51.3,23,1.36727
2025-05-01T08:21:00,737,48.2,23,1.45431
2025-05-01T08:24:00,706,46.9,23,1.49081
2025-05-01T08:27:00,707,45.9,23,1.51888
2025-05-01T08:30:00,415,46,23,1.51607
2025-05-01T08:33:00,627,45.8,23,1.52169
2025-05-01T08:36:00,464,45.5,23,1.53011
2025-05-01T08:39:00,422,46.1,22,1.42406
2025-05-01T08:42:00,403,45.6,22,1.43727
2025-05-01T08:45:00,428,45.9,22,1.42935
2025-05-01T08:48:00,442,45.5,22,1.43992
2025-05-01T08:51:00,431,45.4,22,1.44256
2025-05-01T08:54:00,519,45.2,22,1.44784
2025-05-01T08:57:00,428,45,22,1.45313
2025-05-01T09:00:00,465,44.7,22,1.46105
2025-05-01T09:03:00,478,44.1,22,1.4769
2025-05-01T09:06:00,508,44.1,21,1.3892
2025-05-01T09:09:00,561,45.4,21,1.35689
2025-05-01T09:12:00,457,42.9,22,1.50861
2025-05-01T09:15:00,449,44.9,22,1.45577
2025-05-01T09:18:00,503,44,22,1.47955
2025-05-01T09:21:00,416,44.1,21,1.3892
2025-05-01T09:24:00,471,44,22,1.47955
2025-05-01T09:27:00,456.5,45.5,22,1.43992
2025-05-01T09:30:00,442,47,22,1.40029
2025-05-01T09:33:00,413,48.1,22,1.37122
2025-05-01T09:36:00,418,47.3,22,1.39236
2025-05-01T09:39:00,402,46.8,22,1.40557
2025-05-01T09:42:00,389,45.2,21,1.36186
2025-05-01T09:45:00,400,45,21,1.36683
2025-05-01T09:48:00,453,47.4,22,1.38972
2025-05-01T09:51:00,486,44.8,22,1.45841
2025-05-01T09:54:00,457,44.1,22,1.4769
2025-05-01T09:57:00,482,44.9,21,1.36932
2025-05-01T10:00:00,479,43.2,21,1.41157
2025-05-01T10:03:00,449,45.9,22,1.42935
2025-05-01T10:06:00,419,46,22,1.42671
2025-05-01T10:09:00,415,46.2,22,1.42142
2025-05-01T10:12:00,483,43.7,21,1.39914
2025-05-01T10:15:00,498,42.7,21,1.42399
2025-05-01T10:18:00,487,43.1,21,1.41405
2025-05-01T10:21:00,525,41.9,21,1.44387
2025-05-01T10:24:00,542,43.3,22,1.49804
2025-05-01T10:27:00,496,40.8,22,1.56409
2025-05-01T10:30:00,494,43.2,22,1.50068
2025-05-01T10:33:00,479,41.1,22,1.55617
2025-05-01T10:36:00,444,40.4,22,1.57466
2025-05-01T10:39:00,396,40.2,22,1.57994
2025-05-01T10:42:00,431,41.5,22,1.5456
2025-05-01T10:45:00,463,42.2,21,1.43642
2025-05-01T10:48:00,436,45.4,21,1.35689
2025-05-01T10:51:00,414,45.3,22,1.4452
2025-05-01T10:54:00,421,44.8,22,1.45841
2025-05-01T10:57:00,420,44.9,22,1.45577
2025-05-01T11:00:00,389,43.4,22,1.4954
2025-05-01T11:03:00,389,45.4,22,1.44256
2025-05-01T11:06:00,417,44.2,22,1.47426
2025-05-01T11:09:00,427,46.8,22,1.40557
2025-05-01T11:12:00,491,45.9,22,1.42935
2025-05-01T11:15:00,473,45.1,21,1.36435
2025-05-01T11:18:00,478,45.9,21,1.34447
2025-05-01T11:21:00,509,45,22,1.45313
2025-05-01T11:24:00,521,43.3,22,1.49804
2025-05-01T11:27:00,549,43.2,21,1.41157
2025-05-01T11:30:00,553,41.9,22,1.53503
2025-05-01T11:33:00,597,41.9,22,1.53503
2025-05-01T11:36:00,586,40.9,21,1.46873
2025-05-01T11:39:00,690,41.9,22,1.53503
2025-05-01T11:42:00,563,39.3,22,1.60372
2025-05-01T11:45:00,472,40.5,22,1.57202
2025-05-01T11:48:00,435,41.6,22,1.54296
2025-05-01T11:51:00,400,42.1,22,1.52975
2025-05-01T11:54:00,402,42.7,22,1.51389
2025-05-01T11:57:00,442,42.5,22,1.51918
2025-05-01T12:00:00,490,42.4,22,1.52182
2025-05-01T12:03:00,523,41.3,22,1.55088
2025-05-01T12:06:00,561,42,22,1.53239
2025-05-01T12:09:00,616,39.6,22,1.5958
2025-05-01T12:12:00,491,41.1,21,1.46376
2025-05-01T12:15:00,457,39.4,22,1.60108
2025-05-01T12:18:00,415,39.5,22,1.59844
2025-05-01T12:21:00,442,41.7,21,1.44884
2025-05-01T12:24:00,421,39.9,22,1.58787
2025-05-01T12:27:00,537,39.3,22,1.60372
2025-05-01T12:30:00,598,38,22,1.63807
2025-05-01T12:33:00,526,37.6,23,1.75191
2025-05-01T12:36:00,512,37.9,21,1.54328
2025-05-01T12:39:00,495,37.6,21,1.55074
2025-05-01T12:42:00,511,38.1,21,1.53831
2025-05-01T12:45:00,529,39,21,1.51594
2025-05-01T12:48:00,545,36.9,22,1.66713
2025-05-01T12:51:00,510,36,22,1.69091
2025-05-01T12:54:00,494,36.5,22,1.6777
2025-05-01T12:57:00,506,38.3,21,1.53334
2025-05-01T13:00:00,545,37.4,21,1.55571
2025-05-01T13:03:00,500,38,21,1.5408
2025-05-01T13:06:00,498,36.1,21,1.58801
2025-05-01T13:09:00,466,36.1,22,1.68827
2025-05-01T13:12:00,448,36.3,22,1.68298
2025-05-01T13:15:00,413,34.8,23,1.83052
2025-05-01T13:18:00,392,34.6,22,1.7279
2025-05-01T13:21:00,427,36.2,22,1.68563
2025-05-01T13:24:00,476,36.5,22,1.6777
2025-05-01T13:27:00,505,38.3,21,1.53334
2025-05-01T13:30:00,632,37.5,22,1.65128
2025-05-01T13:33:00,586,35.8,22,1.69619
2025-05-01T13:36:00,536,35,22,1.71733
2025-05-01T13:39:00,549,34.7,22,1.72526
2025-05-01T13:42:00,559,37.8,21,1.54577
2025-05-01T13:45:00,695,38.9,19,1.34155
2025-05-01T13:48:00,576,36.9,21,1.56813
2025-05-01T13:51:00,530,34.8,21,1.62032
2025-05-01T13:54:00,687,36.6,21,1.57559
2025-05-01T13:57:00,701,34.5,21,1.62778
2025-05-01T14:00:00,493,35.8,21,1.59547
2025-05-01T14:03:00,475,37.3,21,1.55819
2025-05-01T14:06:00,602,40.3,20,1.39488
2025-05-01T14:09:00,508,40.2,21,1.48612
2025-05-01T14:12:00,459,38.6,22,1.62222
2025-05-01T14:15:00,451,38.3,22,1.63014
2025-05-01T14:18:00,640,38.2,22,1.63279
2025-05-01T14:21:00,481,41.6,20,1.3645
2025-05-01T14:24:00,485,38.7,21,1.5234
2025-05-01T14:27:00,528,37.7,22,1.646
2025-05-01T14:30:00,766,38,21,1.5408
2025-05-01T14:33:00,918,37.9,21,1.54328
2025-05-01T14:36:00,1046,40.4,19,1.30861
2025-05-01T14:39:00,598,34.5,21,1.62778
2025-05-01T14:42:00,488,35.9,22,1.69355
2025-05-01T14:45:00,449,34.8,22,1.72262
2025-05-01T14:48:00,530,34,21,1.6402
2025-05-01T14:51:00,507,37,20,1.47198
2025-05-01T14:54:00,523,37.8,20,1.45329
2025-05-01T14:57:00,616,36.2,21,1.58553
2025-05-01T15:00:00,1689,38.2,20,1.44394
2025-05-01T15:03:00,1276,34.7,21,1.62281
2025-05-01T15:06:00,506,35.5,21,1.60292
2025-05-01T15:09:00,699,35,21,1.61535
2025-05-01T15:12:00,1526,36.6,20,1.48133
2025-05-01T15:15:00,767,34.5,21,1.62778
2025-05-01T15:18:00,639,35.2,21,1.61038
2025-05-01T15:21:00,645,32.3,22,1.78867
2025-05-01T15:24:00,473,33,22,1.77017
2025-05-01T15:27:00,483,32.9,22,1.77281
2025-05-01T15:30:00,528,34.1,21,1.63772
2025-05-01T15:33:00,695,36.3,20,1.48834
2025-05-01T15:36:00,460,34.3,21,1.63275
2025-05-01T15:39:00,605,34.9,20,1.52105
2025-05-01T15:42:00,532,34.5,20,1.53039
2025-05-01T15:45:00,561,34.2,20,1.5374
2025-05-01T15:48:00,534,33.9,21,1.64269
2025-05-01T15:51:00,466,35.4,20,1.50937
2025-05-01T15:54:00,514,36.1,20,1.49301
2025-05-01T15:57:00,507,35.8,20,1.50002
2025-05-01T16:00:00,482,35.8,20,1.50002
2025-05-01T16:03:00,476,33.4,22,1.7596
2025-05-01T16:06:00,471,34.6,19,1.43596
2025-05-01T16:09:00,464,35.1,19,1.42498
2025-05-01T16:12:00,466,33.2,21,1.66008
2025-05-01T16:15:00,474,33.2,22,1.76489
2025-05-01T16:18:00,487,34.2,20,1.5374
2025-05-01T16:21:00,482,36.7,19,1.38985
2025-05-01T16:24:00,467,33.1,21,1.66257
2025-05-01T16:27:00,467,33.8,19,1.45353
2025-05-01T16:30:00,375,35.7,19,1.41181
2025-05-01T16:33:00,433,33.5,19,1.46011
2025-05-01T16:36:00,416,35.4,18,1.33227
2025-05-01T16:39:00,415,35.4,19,1.41839
2025-05-01T16:42:00,399,33.6,21,1.65014
2025-05-01T16:45:00,397,32.2,22,1.79131
2025-05-01T16:48:00,388,31.6,22,1.80716
2025-05-01T16:51:00,408,34.9,19,1.42937
2025-05-01T16:54:00,439,34.4,20,1.53273
2025-05-01T16:57:00,438,33.6,20,1.55142
2025-05-01T17:00:00,451,32.7,20,1.57245
2025-05-01T17:03:00,470,33.4,19,1.46231
2025-05-01T17:06:00,464,31.7,20,1.59582
2025-05-01T17:09:00,485,30.9,21,1.71724
2025-05-01T17:12:00,569,31.7,21,1.69736
2025-05-01T17:15:00,383,31.1,21,1.71227
2025-05-01T17:18:00,515,30,22,1.84943
2025-05-01T17:21:00,408,29.7,22,1.85736
2025-05-01T17:24:00,575,26.8,22,1.93398
2025-05-01T17:27:00,612,32.1,20,1.58647
2025-05-01T17:30:00,425,29.7,21,1.74706
2025-05-01T17:33:00,417,28.8,22,1.88114
2025-05-01T17:36:00,435,28.9,22,1.8785
2025-05-01T17:39:00,437,29.3,22,1.86793
2025-05-01T17:42:00,362,30.7,22,1.83094
2025-05-01T17:45:00,487,29.2,22,1.87057
2025-05-01T17:48:00,495,31.4,20,1.60282
2025-05-01T17:51:00,438,29.6,22,1.86
2025-05-01T17:54:00,441,29.3,22,1.86793
2025-05-01T17:57:00,424,31,22,1.82301
2025-05-01T18:00:00,401,29.4,21,1.75452
2025-05-01T18:03:00,393,30.1,21,1.73712
2025-05-01T18:06:00,407,28.8,22,1.88114
2025-05-01T18:09:00,398,28.6,22,1.88642
2025-05-01T18:12:00,410,29.6,22,1.86
2025-05-01T18:15:00,415,28.9,22,1.8785
2025-05-01T18:18:00,451,28.7,22,1.88378
2025-05-01T18:21:00,480,28,23,2.02143
2025-05-01T18:24:00,419,28.4,22,1.89171
2025-05-01T18:27:00,398,28.6,22,1.88642
2025-05-01T18:30:00,389,29.6,22,1.86
2025-05-01T18:33:00,386,28.4,23,2.0102
2025-05-01T18:36:00,380,28.9,23,1.99616
2025-05-01T18:39:00,378,28.9,22,1.8785
2025-05-01T18:42:00,374,30.2,22,1.84415
2025-05-01T18:45:00,372,30.2,22,1.84415
2025-05-01T18:48:00,370,29.7,22,1.85736
2025-05-01T18:51:00,370,30.5,22,1.83622
2025-05-01T18:54:00,369,30.7,22,1.83094
2025-05-01T18:57:00,364,29.8,22,1.85472
2025-05-01T19:00:00,361,29.9,22,1.85208
2025-05-01T19:03:00,361,30,22,1.84943
2025-05-01T19:06:00,361,30.2,22,1.84415
2025-05-01T19:09:00,361,29.8,22,1.85472
2025-05-01T19:12:00,359,30,22,1.84943
2025-05-01T19:15:00,356,30.4,22,1.83887
2025-05-01T19:18:00,356,31.1,22,1.82037
2025-05-01T19:21:00,354,31.6,22,1.80716
2025-05-01T19:24:00,353,31.7,22,1.80452
2025-05-01T19:27:00,350,31.1,22,1.82037
2025-05-01T19:30:00,350,31,21,1.71476
2025-05-01T19:33:00,347,31.3,21,1.7073
2025-05-01T19:36:00,346,32.7,21,1.67251
2025-05-01T19:39:00,345.5,33,21,1.66505
2025-05-01T19:42:00,345,33.3,21,1.6576
2025-05-01T19:45:00,345,33.5,21,1.65263
2025-05-01T19:48:00,342,32.9,21,1.66754
2025-05-01T19:51:00,342,32.9,21,1.66754
2025-05-01T19:54:00,342,33,21,1.66505
2025-05-01T19:57:00,340,33.4,21,1.65511
2025-05-01T20:00:00,339,33.3,21,1.6576
2025-05-01T20:03:00,9,33.9,20,1.54441
2025-05-01T20:06:00,0,34,20,1.54208
2025-05-01T20:09:00,0,34.3,20,1.53507
2025-05-01T20:12:00,0,34.4,20,1.53273
2025-05-01T20:15:00,0,34.7,20,1.52572
2025-05-01T20:18:00,0,35.3,20,1.5117
2025-05-01T20:21:00,0,35.6,20,1.50469
2025-05-01T20:24:00,0,35.8,20,1.50002
2025-05-01T20:27:00,0,36.6,20,1.48133
2025-05-01T20:30:00,0,37.5,20,1.4603
2025-05-01T20:33:00,0,38.3,20,1.44161
2025-05-01T20:36:00,0,39.1,20,1.42292
2025-05-01T20:39:00,0,39.8,19,1.32179
2025-05-01T20:42:00,0,40.8,19,1.29983
2025-05-01T20:45:00,0,41.8,19,1.27787
2025-05-01T20:48:00,0,42.6,19,1.26031
2025-05-01T20:51:00,0,43.1,20,1.32946
2025-05-01T20:54:00,0,43.5,19,1.24055
2025-05-01T20:57:00,0,44.4,19,1.22079
2025-05-01T21:00:00,0,45.3,19,1.20102
2025-05-01T21:03:00,0,45.7,19,1.19224
2025-05-01T21:06:00,0,46.5,19,1.17468
2025-05-01T21:09:00,0,47.1,19,1.1615
2025-05-01T21:12:00,0,47.8,19,1.14613
2025-05-01T21:15:00,0,48.4,19,1.13296
2025-05-01T21:18:00,0,49.2,19,1.11539
2025-05-01T21:21:00,0,49.8,19,1.10222
2025-05-01T21:24:00,0,50.3,19,1.09124
2025-05-01T21:27:00,0,50.9,19,1.07807
2025-05-01T21:30:00,0,51.2,19,1.07148
2025-05-01T21:33:00,0,51.6,19,1.0627
2025-05-01T21:36:00,0,51.9,19,1.05611
2025-05-01T21:39:00,0,52.3,19,1.04733
2025-05-01T21:42:00,0,52.7,19,1.03855
2025-05-01T21:45:00,0,53.1,18,0.96723
2025-05-01T21:48:00,0,53.2,18,0.96517
2025-05-01T21:51:00,0,53.6,18,0.95692
2025-05-01T21:54:00,0,53.9,18,0.95074
2025-05-01T21:57:00,0,54.2,18,0.94455
2025-05-01T22:00:00,0,54.3,18,0.94249
2025-05-01T22:03:00,0,54.5,18,0.93836
2025-05-01T22:06:00,0,54.6,18,0.9363
2025-05-01T22:09:00,0,54.8,18,0.93217
2025-05-01T22:12:00,0,54.9,18,0.93011
2025-05-01T22:15:00,0,55.2,18,0.92393
2025-05-01T22:18:00,0,55.3,18,0.92186
2025-05-01T22:21:00,0,55.4,18,0.9198
2025-05-01T22:24:00,0,55.5,18,0.91774
2025-05-01T22:27:00,0,55.7,18,0.91361
2025-05-01T22:30:00,0,55.9,18,0.90949
2025-05-01T22:33:00,0,56,18,0.90743
2025-05-01T22:36:00,0,56.1,18,0.90536
2025-05-01T22:39:00,0,56.1,17,0.84998
2025-05-01T22:42:00,0,56.4,17,0.84417
2025-05-01T22:45:00,0,56.4,18,0.89918
2025-05-01T22:48:00,0,56.6,17,0.84029
2025-05-01T22:51:00,0,56.7,17,0.83836
2025-05-01T22:54:00,0,56.8,17,0.83642
2025-05-01T22:57:00,0,56.9,17,0.83449
2025-05-01T23:00:00,0,57.1,17,0.83061
2025-05-01T23:03:00,0,57.2,17,0.82868
2025-05-01T23:06:00,0,59.3,17,0.78802
2025-05-01T23:09:00,0,61.4,17,0.74736
2025-05-01T23:12:00,0,63.2,17,0.71251
2025-05-01T23:15:00,0,64.4,17,0.68927
2025-05-01T23:18:00,0,65.4,17,0.66991
2025-05-01T23:21:00,0,66.1,17,0.65636
2025-05-01T23:24:00,0,66.6,17,0.64668
2025-05-01T23:27:00,0,66.9,17,0.64087
2025-05-01T23:30:00,0,67,17,0.63893
2025-05-01T23:33:00,0,67.2,17,0.63506
2025-05-01T23:36:00,0,67.3,17,0.63313
2025-05-01T23:39:00,0,67.3,17,0.63313
2025-05-01T23:42:00,0,67.4,17,0.63119
2025-05-01T23:45:00,0,67.7,17,0.62538
2025-05-01T23:48:00,0,67.6,17,0.62732
2025-05-01T23:51:00,0,67.7,17,0.62538
2025-05-01T23:54:00,0,67.4,17,0.63119
2025-05-01T23:57:00,0,67.2,17,0.63506
2025-05-02T00:00:00,0,67,17,0.63893
2025-05-02T00:03:00,0,66.6,17,0.64668
2025-05-02T00:06:00,0,66.7,17,0.64474
2025-05-02T00:09:00,0,66.6,17,0.64668
2025-05-02T00:12:00,0,66.5,17,0.64861
2025-05-02T00:15:00,0,66.5,17,0.64861
2025-05-02T00:18:00,0,66.2,17,0.65442
2025-05-02T00:21:00,0,66.2,17,0.65442
2025-05-02T00:24:00,0,66.2,17,0.65442
2025-05-02T00:27:00,0,66.1,17,0.65636
2025-05-02T00:30:00,0,65.9,17,0.66023
2025-05-02T00:33:00,0,66.5,17,0.64861
2025-05-02T00:36:00,0,68.1,17,0.61764
2025-05-02T00:39:00,0,69.2,16,0.55958
2025-05-02T00:42:00,0,69.9,16,0.54686
2025-05-02T00:45:00,0,70.1,16,0.54323
2025-05-02T00:48:00,0,70.4,16,0.53778
2025-05-02T00:51:00,0,70.5,16,0.53596
2025-05-02T00:54:00,0,70.7,16,0.53233
2025-05-02T00:57:00,0,70.4,16,0.53778
2025-05-02T01:00:00,0,70.1,16,0.54323
2025-05-02T01:03:00,0,69.8,16,0.54868
2025-05-02T01:06:00,0,69.5,16,0.55413
2025-05-02T01:09:00,0,69.7,16,0.5505
2025-05-02T01:12:00,0,69.5,16,0.55413
2025-05-02T01:15:00,0,69.2,16,0.55958
2025-05-02T01:18:00,0,69.2,16,0.55958
2025-05-02T01:21:00,0,69.2,16,0.55958
2025-05-02T01:24:00,0,69,16,0.56321
2025-05-02T01:27:00,0,68.8,16,0.56685
2025-05-02T01:30:00,0,68.7,16,0.56866
2025-05-02T01:33:00,0,68.7,16,0.56866
2025-05-02T01:36:00,0,68.4,16,0.57412
2025-05-02T01:39:00,0,68.3,16,0.57593
2025-05-02T01:42:00,0,68,16,0.58138
2025-05-02T01:45:00,0,67.7,16,0.58683
2025-05-02T01:48:00,0,67.5,16,0.59047
2025-05-02T01:51:00,0,67.3,16,0.5941
2025-05-02T01:54:00,0,67.1,16,0.59773
2025-05-02T01:57:00,0,67,16,0.59955
2025-05-02T02:00:00,0,66.9,16,0.60137
2025-05-02T02:03:00,0,67.2,16,0.59592
2025-05-02T02:06:00,0,68.5,16,0.5723
2025-05-02T02:09:00,0,69.5,16,0.55413
2025-05-02T02:12:00,0,69.9,16,0.54686
2025-05-02T02:15:00,0,70.4,16,0.53778
2025-05-02T02:18:00,0,70.6,16,0.53414
2025-05-02T02:21:00,0,71.1,16,0.52506
2025-05-02T02:24:00,0,71.3,16,0.52143
2025-05-02T02:27:00,0,69.8,16,0.54868
2025-05-02T02:30:00,0,68.8,17,0.60408
2025-05-02T02:33:00,0,68.5,17,0.60989
2025-05-02T02:36:00,0,68.4,17,0.61183
2025-05-02T02:39:00,0,68.2,17,0.6157
2025-05-02T02:42:00,0,68.1,17,0.61764
2025-05-02T02:45:00,0,68,16,0.58138
2025-05-02T02:48:00,0,68.1,16,0.57957
2025-05-02T02:51:00,0,68,16,0.58138
2025-05-02T02:54:00,0,68,16,0.58138
2025-05-02T02:57:00,0,68,16,0.58138
2025-05-02T03:00:00,0,68,16,0.58138
2025-05-02T03:03:00,0,67.9,16,0.5832
2025-05-02T03:06:00,0,67.8,16,0.58502
2025-05-02T03:09:00,0,67.9,16,0.5832
2025-05-02T03:12:00,0,68.1,16,0.57957
2025-05-02T03:15:00,0,68,16,0.58138
2025-05-02T03:18:00,0,67.7,16,0.58683
2025-05-02T03:21:00,0,67.4,16,0.59228
2025-05-02T03:24:00,0,67.3,16,0.5941
2025-05-02T03:27:00,0,67.2,16,0.59592
2025-05-02T03:30:00,0,67.2,16,0.59592
2025-05-02T03:33:00,0,67,16,0.59955
2025-05-02T03:36:00,0,67.3,16,0.5941
2025-05-02T03:39:00,0,67.2,16,0.59592
2025-05-02T03:42:00,0,66.2,16,0.61409
2025-05-02T03:45:00,0,65.3,16,0.63044
2025-05-02T03:48:00,0,65,16,0.63589
2025-05-02T03:51:00,0,64.9,16,0.6377
2025-05-02T03:54:00,0,64.9,16,0.6377
2025-05-02T03:57:00,0,64.9,16,0.6377
2025-05-02T04:00:00,0,65,16,0.63589
2025-05-02T04:03:00,349,64.6,16,0.64315
2025-05-02T04:06:00,346,64.1,17,0.69508
2025-05-02T04:09:00,343,63.4,17,0.70864
2025-05-02T04:12:00,342,63.1,17,0.71444
2025-05-02T04:15:00,339,62.8,17,0.72025
2025-05-02T04:18:00,337,62.4,17,0.728
2025-05-02T04:21:00,336,62.2,17,0.73187
2025-05-02T04:24:00,335,62,17,0.73574
2025-05-02T04:27:00,335,61.6,17,0.74349
2025-05-02T04:30:00,334,61.7,17,0.74155
2025-05-02T04:33:00,333,61.7,17,0.74155
2025-05-02T04:36:00,333,61.5,18,0.794
2025-05-02T04:39:00,332,61.3,18,0.79812
2025-05-02T04:42:00,331,60.9,18,0.80637
2025-05-02T04:45:00,331,60.7,18,0.8105
2025-05-02T04:48:00,332,60.4,18,0.81668
2025-05-02T04:51:00,332,60.4,18,0.81668
2025-05-02T04:54:00,331,59.9,18,0.827
2025-05-02T04:57:00,331,59.9,18,0.827
2025-05-02T05:00:00,331,59.8,18,0.82906
2025-05-02T05:03:00,331,59.8,18,0.82906
2025-05-02T05:06:00,331,59.6,18,0.83318
2025-05-02T05:09:00,331,59.1,18,0.84349
2025-05-02T05:12:00,330,59.5,18,0.83524
2025-05-02T05:15:00,332,59.2,18,0.84143
2025-05-02T05:18:00,331,58.9,18,0.84762
2025-05-02T05:21:00,331,59.2,18,0.84143
2025-05-02T05:24:00,331,58.7,18,0.85174
2025-05-02T05:27:00,332,58.6,18,0.85381
2025-05-02T05:30:00,331,58.7,18,0.85174
2025-05-02T05:33:00,332,58.3,18,0.85999
2025-05-02T05:36:00,331,58.3,18,0.85999
2025-05-02T05:39:00,334,58.8,18,0.84968
2025-05-02T05:42:00,333,58.6,18,0.85381
2025-05-02T05:45:00,334,58.1,19,0.91998
2025-05-02T05:48:00,334,58.1,18,0.86412
2025-05-02T05:51:00,334,57.9,19,0.92437
2025-05-02T05:54:00,334,57.9,19,0.92437
2025-05-02T05:57:00,334,57.6,19,0.93096
2025-05-02T06:00:00,336,57.5,19,0.93315
2025-05-02T06:03:00,334,57.5,19,0.93315
2025-05-02T06:06:00,336,57.9,19,0.92437
2025-05-02T06:09:00,336,57.6,19,0.93096
2025-05-02T06:12:00,337,57.7,19,0.92876
2025-05-02T06:15:00,337,57.2,19,0.93974
2025-05-02T06:18:00,337,57.5,19,0.93315
2025-05-02T06:21:00,338,57.1,19,0.94194
2025-05-02T06:24:00,340,57.4,19,0.93535
2025-05-02T06:27:00,342,57.2,19,0.93974
2025-05-02T06:30:00,342,57.3,19,0.93755
2025-05-02T06:33:00,342,57.1,19,0.94194
2025-05-02T06:36:00,344,57.2,19,0.93974
2025-05-02T06:39:00,346,57.3,19,0.93755
2025-05-02T06:42:00,345,57.2,19,0.93974
2025-05-02T06:45:00,349,57.3,19,0.93755
2025-05-02T06:48:00,350,57.4,19,0.93535
2025-05-02T06:51:00,356,57.6,20,0.99067
2025-05-02T06:54:00,358,57.7,20,0.98833
2025-05-02T06:57:00,358,58.3,20,0.97431
2025-05-02T07:00:00,361,57.8,20,0.98599
2025-05-02T07:03:00,364,58.3,20,0.97431
2025-05-02T07:06:00,365,58.4,20,0.97198
2025-05-02T07:09:00,367,58.6,20,0.9673
2025-05-02T07:12:00,369,58.7,20,0.96497
2025-05-02T07:15:00,372,58.5,21,1.03134
2025-05-02T07:18:00,374,58.9,21,1.0214
2025-05-02T07:21:00,376,58.1,21,1.04128
2025-05-02T07:24:00,379,58,21,1.04376
2025-05-02T07:27:00,382,57,21,1.06862
2025-05-02T07:30:00,397,54.8,21,1.12329
2025-05-02T07:33:00,413,54.1,21,1.14069
2025-05-02T07:36:00,398,53.2,21,1.16305
2025-05-02T07:39:00,405,50.8,22,1.29989
2025-05-02T07:42:00,398,49.8,22,1.32631
2025-05-02T07:45:00,411,48.1,22,1.37122
2025-05-02T07:48:00,420,46.7,22,1.40821
2025-05-02T07:51:00,419,45.6,22,1.43727
2025-05-02T07:54:00,421,44.5,22,1.46634
2025-05-02T07:57:00,430,43.4,22,1.4954
2025-05-02T08:00:00,427,42.4,22,1.52182
2025-05-02T08:03:00,446,40.6,22,1.56938
2025-05-02T08:06:00,498,41.9,22,1.53503
2025-05-02T08:09:00,606,40.7,22,1.56673
2025-05-02T08:12:00,644,41,22,1.55881
2025-05-02T08:15:00,636,41.7,22,1.54031
2025-05-02T08:18:00,641,42.4,23,1.61715
2025-05-02T08:21:00,687,41.9,23,1.63118
2025-05-02T08:24:00,694,42,24,1.72958
2025-05-02T08:27:00,657,40.2,23,1.67891
2025-05-02T08:30:00,531,38.8,23,1.71822
2025-05-02T08:33:00,548,36.7,23,1.77718
2025-05-02T08:36:00,708,34.4,21,1.63026
2025-05-02T08:39:00,696,39.8,21,1.49606
2025-05-02T08:42:00,676,34.8,20,1.52338
2025-05-02T08:45:00,659,36.4,21,1.58056
2025-05-02T08:48:00,650,34.4,20,1.53273
2025-05-02T08:51:00,628,35.5,22,1.70412
2025-05-02T08:54:00,624,35.6,20,1.50469
2025-05-02T08:57:00,618,30.8,20,1.61684
2025-05-02T09:00:00,581,35.1,20,1.51638
2025-05-02T09:03:00,569,32.2,20,1.58413
2025-05-02T09:06:00,550,34,21,1.6402
2025-05-02T09:09:00,521,34,19,1.44913
2025-05-02T09:12:00,517,33.2,20,1.56077
2025-05-02T09:15:00,520,33.3,20,1.55843
2025-05-02T09:18:00,521,31.6,21,1.69984
2025-05-02T09:21:00,527,31.5,21,1.70233
2025-05-02T09:24:00,532,29.9,21,1.74209
2025-05-02T09:27:00,528,32.7,19,1.47768
2025-05-02T09:30:00,522,32.5,19,1.48207
2025-05-02T09:33:00,515,32.5,19,1.48207
2025-05-02T09:36:00,514,32.2,19,1.48866
2025-05-02T09:39:00,513,31.9,19,1.49524
2025-05-02T09:42:00,500,32,19,1.49305
2025-05-02T09:45:00,485,30.4,19,1.52818
2025-05-02T09:48:00,476,31,19,1.515
2025-05-02T09:51:00,475,31.1,19,1.51281
2025-05-02T09:54:00,476,30.7,19,1.52159
2025-05-02T09:57:00,478,30.9,20,1.61451
2025-05-02T10:00:00,479,30.7,20,1.61918
2025-05-02T10:03:00,478,48.3,17,1.001
2025-05-02T10:06:00,471,53.7,15,0.78895
2025-05-02T10:09:00,474,54.6,17,0.87902
2025-05-02T10:12:00,476,57.4,15,0.7259
2025-05-02T10:15:00,479,59.1,16,0.74308
2025-05-02T10:18:00,498,57.8,16,0.7667
2025-05-02T10:21:00,564,52.2,16,0.86844
2025-05-02T10:24:00,542,50.8,18,1.01467
2025-05-02T10:27:00,520,55.4,18,0.9198
2025-05-02T10:30:00,494,56.7,17,0.83836
2025-05-02T10:33:00,495,57.2,17,0.82868
2025-05-02T10:36:00,526,56.9,17,0.83449
2025-05-02T10:39:00,558,57.8,17,0.81706
2025-05-02T10:42:00,535,51.2,17,0.94485
2025-05-02T10:45:00,547,50.9,19,1.07807
2025-05-02T10:48:00,523,53.8,19,1.01439
2025-05-02T10:51:00,526,52.4,19,1.04513
2025-05-02T10:54:00,531,53.2,19,1.02757
2025-05-02T10:57:00,547,49.6,21,1.25252
2025-05-02T11:00:00,818,46.2,20,1.25703
2025-05-02T11:03:00,1369,51.7,19,1.0605
2025-05-02T11:06:00,1466,57,18,0.8868
2025-05-02T11:09:00,1474,58.6,18,0.85381
2025-05-02T11:12:00,1531,57.9,18,0.86824
2025-05-02T11:15:00,1610,58.7,17,0.79964
2025-05-02T11:18:00,1552,55.4,17,0.86353
2025-05-02T11:21:00,1666,53.7,17,0.89644
2025-05-02T11:24:00,1288,54.1,17,0.8887
2025-05-02T11:27:00,1328,51.1,18,1.00848
2025-05-02T11:30:00,619,50.4,19,1.08905
2025-05-02T11:33:00,602,51,19,1.07587
2025-05-02T11:36:00,637,53.1,19,1.02976
2025-05-02T11:39:00,920,56.8,19,0.94852
2025-05-02T11:42:00,689,56.8,18,0.89093
2025-05-02T11:45:00,616,56.6,19,0.95292
2025-05-02T11:48:00,636,55.7,18,0.91361
2025-05-02T11:51:00,663,51.4,20,1.13553
2025-05-02T11:54:00,693,47.5,21,1.30471
2025-05-02T11:57:00,600,53.4,17,0.90225
2025-05-02T12:00:00,651,50.4,18,1.02292
2025-05-02T12:03:00,579,50.1,19,1.09563
2025-05-02T12:06:00,618,48.9,19,1.12198
2025-05-02T12:09:00,612,49.9,19,1.10002
2025-05-02T12:12:00,571,48.5,19,1.13076
2025-05-02T12:15:00,548,52.7,19,1.03855
2025-05-02T12:18:00,522,54.9,19,0.99024
2025-05-02T12:21:00,504,54.2,19,1.00561
2025-05-02T12:24:00,494,55.6,18,0.91568
2025-05-02T12:27:00,489,53,19,1.03196
2025-05-02T12:30:00,490,43.1,20,1.32946
2025-05-02T12:33:00,485,51.8,18,0.99404
2025-05-02T12:36:00,487,51.8,20,1.12618
2025-05-02T12:39:00,482,52.1,17,0.92742
2025-05-02T12:42:00,480,54.3,19,1.00342
2025-05-02T12:45:00,482,53.9,18,0.95074
2025-05-02T12:48:00,485,55.4,19,0.97926
2025-05-02T12:51:00,483,55.1,17,0.86934
2025-05-02T12:54:00,480,58.7,17,0.79964
2025-05-02T12:57:00,486,50.5,19,1.08685
2025-05-02T13:00:00,480,60.2,18,0.82081
2025-05-02T13:03:00,486,53,19,1.03196
2025-05-02T13:06:00,480,55.5,17,0.86159
2025-05-02T13:09:00,481,56.7,19,0.95072
2025-05-02T13:12:00,482,56.9,17,0.83449
2025-05-02T13:15:00,481,59.8,18,0.82906
2025-05-02T13:18:00,486,53.4,19,1.02318
2025-05-02T13:21:00,482,56.8,17,0.83642
2025-05-02T13:24:00,483,58.8,18,0.84968
2025-05-02T13:27:00,487,56.4,18,0.89918
2025-05-02T13:30:00,428,61.5,17,0.74542
2025-05-02T13:33:00,434,55,19,0.98805
2025-05-02T13:36:00,430,57.2,17,0.82868
2025-05-02T13:39:00,429,59.1,18,0.84349
2025-05-02T13:42:00,436,52.3,20,1.1145
2025-05-02T13:45:00,431,60.7,18,0.8105
2025-05-02T13:48:00,436,54.3,20,1.06777
2025-05-02T13:51:00,434,55.8,17,0.85578
2025-05-02T13:54:00,435,58.8,18,0.84968
2025-05-02T13:57:00,440,55.5,20,1.03973
2025-05-02T14:00:00,441,57.2,18,0.88268
2025-05-02T14:03:00,451,56.4,20,1.01871
2025-05-02T14:06:00,431,57.1,17,0.83061
2025-05-02T14:09:00,456,55.2,18,0.92393
2025-05-02T14:12:00,468,56.4,19,0.95731
2025-05-02T14:15:00,504,55.7,18,0.91361
2025-05-02T14:18:00,516,58.2,19,0.91778
2025-05-02T14:21:00,527,56.9,18,0.88887
2025-05-02T14:24:00,504,56.5,17,0.84223
2025-05-02T14:27:00,539,58.5,19,0.9112
2025-05-02T14:30:00,550,58.8,18,0.84968
2025-05-02T14:33:00,498,57.5,17,0.82287
2025-05-02T14:36:00,463,57.7,19,0.92876
2025-05-02T14:39:00,472,56.8,18,0.89093
2025-05-02T14:42:00,487,55.4,18,0.9198
2025-05-02T14:45:00,452,57.2,19,0.93974
2025-05-02T14:48:00,430,57.8,18,0.8703
2025-05-02T14:51:00,433,59.5,18,0.83524
2025-05-02T14:54:00,435,57.4,19,0.93535
2025-05-02T14:57:00,446,56.8,18,0.89093
2025-05-02T15:00:00,478,54.8,18,0.93217
2025-05-02T15:03:00,588,54.9,20,1.05375
2025-05-02T15:06:00,605,54.5,18,0.93836
2025-05-02T15:09:00,631,56.6,19,0.95292
2025-05-02T15:12:00,627,51.4,20,1.13553
2025-05-02T15:15:00,518,54.6,18,0.9363
2025-05-02T15:18:00,641,54.8,20,1.05609
2025-05-02T15:21:00,602,54.8,18,0.93217
2025-05-02T15:24:00,631,56.2,19,0.9617
2025-05-02T15:27:00,506,51,20,1.14487
2025-05-02T15:30:00,556,54,18,0.94867
2025-05-02T15:33:00,548,58.9,18,0.84762
2025-05-02T15:36:00,448,53.5,20,1.08646
2025-05-02T15:39:00,441,55.9,18,0.90949
2025-05-02T15:42:00,435,58.2,19,0.91778
2025-05-02T15:45:00,435,55.3,20,1.04441
2025-05-02T15:48:00,429,55.8,18,0.91155
2025-05-02T15:51:00,405,56.8,18,0.89093
2025-05-02T15:54:00,420,55.4,20,1.04207
2025-05-02T15:57:00,432,56.3,19,0.9595
2025-05-02T16:00:00,427,56.8,18,0.89093
2025-05-02T16:03:00,425,56,20,1.02805
2025-05-02T16:06:00,426,51.5,20,1.13319
2025-05-02T16:09:00,416,57.7,18,0.87237
2025-05-02T16:12:00,410,57.1,19,0.94194
2025-05-02T16:15:00,414,53.2,20,1.09347
2025-05-02T16:18:00,410,55.3,18,0.92186
2025-05-02T16:21:00,411,56.8,19,0.94852
2025-05-02T16:24:00,413,53.1,21,1.16554
2025-05-02T16:27:00,412,56,18,0.90743
2025-05-02T16:30:00,408,57.5,18,0.87649
2025-05-02T16:33:00,408,55.1,20,1.04908
2025-05-02T16:36:00,408,53.9,19,1.0122
2025-05-02T16:39:00,427,58.6,19,0.909
2025-05-02T16:42:00,426,55,20,1.05142
2025-05-02T16:45:00,419,57.4,18,0.87855
2025-05-02T16:48:00,413,56.4,18,0.89918
2025-05-02T16:51:00,413,55.8,19,0.97048
2025-05-02T16:54:00,413,51.7,20,1.12852
2025-05-02T16:57:00,409,55.7,18,0.91361
2025-05-02T17:00:00,409,55,19,0.98805
2025-05-02T17:03:00,411,54,19,1.01
2025-05-02T17:06:00,407,57.3,18,0.88062
2025-05-02T17:09:00,450,52.9,20,1.10048
2025-05-02T17:12:00,560,55.6,18,0.91568
2025-05-02T17:15:00,646,55.8,19,0.97048
2025-05-02T17:18:00,629,52.1,21,1.19039
2025-05-02T17:21:00,643,49.3,22,1.33952
2025-05-02T17:24:00,631,51.7,19,1.0605
2025-05-02T17:27:00,613,53.2,20,1.09347
2025-05-02T17:30:00,449,50.3,21,1.23512
2025-05-02T17:33:00,413,50.9,20,1.14721
2025-05-02T17:36:00,424,50.8,19,1.08026
2025-05-02T17:39:00,425,54,19,1.01
2025-05-02T17:42:00,428,49.7,20,1.17525
2025-05-02T17:45:00,443,52.4,20,1.11216
2025-05-02T17:48:00,558,50.5,21,1.23015
2025-05-02T17:51:00,435,51.7,21,1.20033
2025-05-02T17:54:00,441,50.7,21,1.22518
2025-05-02T17:57:00,443,50.6,21,1.22767
2025-05-02T18:00:00,402,49.9,22,1.32367
2025-05-02T18:03:00,392,49.2,21,1.26246
2025-05-02T18:06:00,395,48.3,21,1.28482
2025-05-02T18:09:00,392,47.8,21,1.29725
2025-05-02T18:12:00,391,46,22,1.42671
2025-05-02T18:15:00,397,43.9,22,1.48219
2025-05-02T18:18:00,413,40.7,22,1.56673
2025-05-02T18:21:00,407,33.2,22,1.76489
2025-05-02T18:24:00,388,24.8,23,2.11127
2025-05-02T18:27:00,380,44.9,20,1.2874
2025-05-02T18:30:00,372,49.2,19,1.11539
2025-05-02T18:33:00,372,46.7,21,1.32459
2025-05-02T18:36:00,371,47.7,21,1.29974
2025-05-02T18:39:00,369,48.5,21,1.27985
2025-05-02T18:42:00,369,48,21,1.29228
2025-05-02T18:45:00,364,49.2,20,1.18693
2025-05-02T18:48:00,363,49.6,20,1.17759
2025-05-02T18:51:00,361,50.1,20,1.1659
2025-05-02T18:54:00,361,49.2,21,1.26246
2025-05-02T18:57:00,357,47.9,20,1.21731
2025-05-02T19:00:00,356,47.3,21,1.30968
2025-05-02T19:03:00,355,45.9,21,1.34447
2025-05-02T19:06:00,354,44.1,21,1.3892
2025-05-02T19:09:00,356,43.9,21,1.39417
2025-05-02T19:12:00,355,39.5,22,1.59844
2025-05-02T19:15:00,354,36.8,22,1.66977
2025-05-02T19:18:00,354,33.1,22,1.76753
2025-05-02T19:21:00,353,29.3,23,1.98493
2025-05-02T19:24:00,351,24.3,23,2.12531
2025-05-02T19:27:00,351,24.7,24,2.24548
2025-05-02T19:30:00,349,29.3,24,2.1083
2025-05-02T19:33:00,350,39.8,23,1.69014
2025-05-02T19:36:00,344,47.2,21,1.31216
2025-05-02T19:39:00,344,48.9,21,1.26991
2025-05-02T19:42:00,339,50.5,20,1.15656
2025-05-02T19:45:00,340,50.9,20,1.14721
2025-05-02T19:48:00,339,50.8,20,1.14955
2025-05-02T19:51:00,337,50.5,20,1.15656
2025-05-02T19:54:00,337,50.9,21,1.22021
2025-05-02T19:57:00,336,50.5,20,1.15656
2025-05-02T20:00:00,10,49.9,21,1.24506
2025-05-02T20:03:00,9,50.3,21,1.23512
2025-05-02T20:06:00,0,49.2,20,1.18693
2025-05-02T20:09:00,0,50.3,21,1.23512
2025-05-02T20:12:00,0,48.9,21,1.26991
2025-05-02T20:15:00,0,49.8,21,1.24755
2025-05-02T20:18:00,0,49.4,21,1.25749
2025-05-02T20:21:00,0,49.6,21,1.25252
2025-05-02T20:24:00,0,49.8,21,1.24755
2025-05-02T20:27:00,0,50,21,1.24258
2025-05-02T20:30:00,0,50.3,21,1.23512
2025-05-02T20:33:00,0,50.3,21,1.23512
2025-05-02T20:36:00,0,50.3,21,1.23512
2025-05-02T20:39:00,0,50.7,21,1.22518
2025-05-02T20:42:00,0,50.9,21,1.22021
2025-05-02T20:45:00,0,51.6,21,1.20281
2025-05-02T20:48:00,0,52.4,21,1.18293
2025-05-02T20:51:00,0,53,21,1.16802
2025-05-02T20:54:00,0,53.4,21,1.15808
2025-05-02T20:57:00,0,53.9,21,1.14566
2025-05-02T21:00:00,0,54.4,21,1.13323
2025-05-02T21:03:00,0,54.6,20,1.06076
2025-05-02T21:06:00,0,55,20,1.05142
2025-05-02T21:09:00,0,55.5,20,1.03973
2025-05-02T21:12:00,0,56,20,1.02805
2025-05-02T21:15:00,0,56.4,20,1.01871
2025-05-02T21:18:00,0,56.8,20,1.00936
2025-05-02T21:21:00,0,57.1,20,1.00235
2025-05-02T21:24:00,0,57.4,20,0.99534
2025-05-02T21:27:00,0,57.5,20,0.993
2025-05-02T21:30:00,0,57.7,20,0.98833
2025-05-02T21:33:00,0,58.3,20,0.97431
2025-05-02T21:36:00,0,58.6,20,0.9673
2025-05-02T21:39:00,0,58.9,20,0.96029
2025-05-02T21:42:00,0,59.3,20,0.95095
2025-05-02T21:45:00,0,59.4,20,0.94861
2025-05-02T21:48:00,0,59.6,20,0.94394
2025-05-02T21:51:00,0,59.8,20,0.93926
2025-05-02T21:54:00,0,60.1,20,0.93226
2025-05-02T21:57:00,0,60.2,19,0.87387
2025-05-02T22:00:00,0,60.2,19,0.87387
2025-05-02T22:03:00,0,60.5,19,0.86728
2025-05-02T22:06:00,0,60.3,19,0.87168
2025-05-02T22:09:00,0,60.5,19,0.86728
2025-05-02T22:12:00,0,60.3,19,0.87168
2025-05-02T22:15:00,0,59.3,19,0.89363
2025-05-02T22:18:00,0,59.7,19,0.88485
2025-05-02T22:21:00,0,55.4,19,0.97926
2025-05-02T22:24:00,0,51.6,19,1.0627
2025-05-02T22:27:00,0,47.8,19,1.14613
2025-05-02T22:30:00,0,45.3,19,1.20102
2025-05-02T22:33:00,0,44,19,1.22957
2025-05-02T22:36:00,0,41.8,19,1.27787
2025-05-02T22:39:00,0,40.6,19,1.30422
2025-05-02T22:42:00,0,39.6,19,1.32618
2025-05-02T22:45:00,0,38.8,19,1.34374
2025-05-02T22:48:00,0,38,19,1.36131
2025-05-02T22:51:00,0,37.5,19,1.37229
2025-05-02T22:54:00,0,37.3,19,1.37668
2025-05-02T22:57:00,0,36.9,19,1.38546
2025-05-02T23:00:00,0,37.3,19,1.37668
2025-05-02T23:03:00,0,36.9,19,1.38546
2025-05-02T23:06:00,0,38.3,19,1.35472
2025-05-02T23:09:00,0,41.3,19,1.28885
2025-05-02T23:12:00,0,42.6,19,1.26031
2025-05-02T23:15:00,0,43.4,19,1.24274
2025-05-02T23:18:00,0,44.2,19,1.22518
2025-05-02T23:21:00,0,44.8,19,1.212
2025-05-02T23:24:00,0,44.8,19,1.212
2025-05-02T23:27:00,0,44.7,19,1.2142
2025-05-02T23:30:00,0,44.8,19,1.212
2025-05-02T23:33:00,0,44.4,19,1.22079
2025-05-02T23:36:00,0,44.3,19,1.22298
2025-05-02T23:39:00,0,44.3,19,1.22298
2025-05-02T23:42:00,0,44.7,19,1.2142
2025-05-02T23:45:00,0,45.5,18,1.12397
2025-05-02T23:48:00,0,48.5,18,1.0621
2025-05-02T23:51:00,0,50.2,18,1.02704
2025-05-02T23:54:00,0,52.6,18,0.97755
2025-05-02T23:57:00,0,54.3,18,0.94249
2025-05-03T00:00:00,0,56.1,18,0.90536
2025-05-03T00:03:00,0,57.6,18,0.87443
2025-05-03T00:06:00,0,59.3,18,0.83937
2025-05-03T00:09:00,0,60.5,18,0.81462
2025-05-03T00:12:00,0,61.7,18,0.78987
2025-05-03T00:15:00,0,62.6,18,0.77131
2025-05-03T00:18:00,0,63.8,18,0.74656
2025-05-03T00:21:00,0,64.8,18,0.72594
2025-05-03T00:24:00,0,65.7,18,0.70738
2025-05-03T00:27:00,0,66.5,18,0.69088
2025-05-03T00:30:00,0,67.1,18,0.67851
2025-05-03T00:33:00,0,67.9,18,0.66201
2025-05-03T00:36:00,0,69.8,18,0.62282
2025-05-03T00:39:00,0,71.2,18,0.59395
2025-05-03T00:42:00,0,72.4,18,0.5692
2025-05-03T00:45:00,0,73.2,18,0.55271
2025-05-03T00:48:00,0,74,18,0.53621
2025-05-03T00:51:00,0,74.5,18,0.52589
2025-05-03T00:54:00,0,74.7,18,0.52177
2025-05-03T00:57:00,0,75.1,18,0.51352
2025-05-03T01:00:00,0,75.4,18,0.50733
2025-05-03T01:03:00,0,75.6,18,0.50321
2025-05-03T01:06:00,0,75.9,18,0.49702
2025-05-03T01:09:00,0,76.1,18,0.4929
2025-05-03T01:12:00,0,76.3,18,0.48877
2025-05-03T01:15:00,0,76.4,18,0.48671
2025-05-03T01:18:00,0,76.3,18,0.48877
2025-05-03T01:21:00,0,76.4,18,0.48671
2025-05-03T01:24:00,0,76.4,18,0.48671
2025-05-03T01:27:00,0,76.5,18,0.48465
2025-05-03T01:30:00,0,76.6,18,0.48259
2025-05-03T01:33:00,0,76.6,18,0.48259
2025-05-03T01:36:00,0,76.6,18,0.48259
2025-05-03T01:39:00,0,76.6,18,0.48259
2025-05-03T01:42:00,0,76.8,18,0.47846
2025-05-03T01:45:00,0,76.6,18,0.48259
2025-05-03T01:48:00,0,76.5,18,0.48465
2025-05-03T01:51:00,0,76.5,18,0.48465
2025-05-03T01:54:00,0,76.3,18,0.48877
2025-05-03T01:57:00,0,76.4,18,0.48671
2025-05-03T02:00:00,0,76.3,18,0.48877
2025-05-03T02:03:00,0,76.4,18,0.48671
2025-05-03T02:06:00,0,77.2,18,0.47021
2025-05-03T02:09:00,0,77.6,18,0.46196
2025-05-03T02:12:00,0,77.9,18,0.45578
2025-05-03T02:15:00,0,77.9,18,0.45578
2025-05-03T02:18:00,0,78.2,18,0.44959
2025-05-03T02:21:00,0,78.3,18,0.44753
2025-05-03T02:24:00,0,78.3,18,0.44753
2025-05-03T02:27:00,0,78.2,18,0.44959
2025-05-03T02:30:00,0,78.2,18,0.44959
2025-05-03T02:33:00,0,78.1,18,0.45165
2025-05-03T02:36:00,0,78,18,0.45371
2025-05-03T02:39:00,0,78.1,18,0.45165
2025-05-03T02:42:00,0,78.1,18,0.45165
2025-05-03T02:45:00,0,77.9,18,0.45578
2025-05-03T02:48:00,0,77.8,18,0.45784
2025-05-03T02:51:00,0,77.9,18,0.45578
2025-05-03T02:54:00,0,77.7,18,0.4599
2025-05-03T02:57:00,0,77.7,17,0.43176
2025-05-03T03:00:00,0,77.6,17,0.4337
2025-05-03T03:03:00,0,77.6,17,0.4337
2025-05-03T03:06:00,0,77.5,17,0.43564
2025-05-03T03:09:00,0,77.4,17,0.43757
2025-05-03T03:12:00,0,77.2,17,0.44145
2025-05-03T03:15:00,0,77,17,0.44532
2025-05-03T03:18:00,0,77.1,17,0.44338
2025-05-03T03:21:00,0,77,17,0.44532
2025-05-03T03:24:00,0,77,17,0.44532
2025-05-03T03:27:00,0,76.9,17,0.44725
2025-05-03T03:30:00,0,76.8,17,0.44919
2025-05-03T03:33:00,0,76.8,17,0.44919
2025-05-03T03:36:00,0,76.7,17,0.45113
2025-05-03T03:39:00,0,76.6,17,0.45306
2025-05-03T03:42:00,0,76.5,17,0.455
2025-05-03T03:45:00,0,76.5,17,0.455
2025-05-03T03:48:00,0,76.3,17,0.45887
2025-05-03T03:51:00,0,76.3,17,0.45887
2025-05-03T03:54:00,0,76.2,17,0.46081
2025-05-03T03:57:00,0,76,17,0.46468
2025-05-03T04:00:00,0,76,17,0.46468
2025-05-03T04:03:00,350,75.6,17,0.47242
2025-05-03T04:06:00,347,75.1,17,0.4821
2025-05-03T04:09:00,345,74.4,18,0.52796
2025-05-03T04:12:00,342,73.8,18,0.54033
2025-05-03T04:15:00,341,73.1,18,0.55477
2025-05-03T04:18:00,338,72.7,18,0.56302
2025-05-03T04:21:00,338,72.2,18,0.57333
2025-05-03T04:24:00,336,71.9,18,0.57952
2025-05-03T04:27:00,336,71.6,19,0.62357
2025-05-03T04:30:00,334,71.3,19,0.63015
2025-05-03T04:33:00,334,70.9,19,0.63894
2025-05-03T04:36:00,334,70.7,19,0.64333
2025-05-03T04:39:00,334,70.2,19,0.65431
2025-05-03T04:42:00,332,69.8,19,0.66309
2025-05-03T04:45:00,334,69.7,19,0.66528
2025-05-03T04:48:00,333,69.5,19,0.66968
2025-05-03T04:51:00,333,69,19,0.68065
2025-05-03T04:54:00,332,69,19,0.68065
2025-05-03T04:57:00,334,68.7,20,0.73132
2025-05-03T05:00:00,333,68.3,20,0.74066
2025-05-03T05:03:00,332,68,20,0.74767
2025-05-03T05:06:00,332,67.5,20,0.75936
2025-05-03T05:09:00,332,67.5,20,0.75936
2025-05-03T05:12:00,333,67.1,20,0.7687
2025-05-03T05:15:00,334,66.5,20,0.78272
2025-05-03T05:18:00,333,64.9,20,0.8201
2025-05-03T05:21:00,334,63.6,20,0.85048
2025-05-03T05:24:00,332,64.1,20,0.8388
2025-05-03T05:27:00,333,62.7,20,0.87151
2025-05-03T05:30:00,331,60.1,20,0.93226
2025-05-03T05:33:00,333,59.6,20,0.94394
2025-05-03T05:36:00,333,59.2,20,0.95328
2025-05-03T05:39:00,332,57.9,19,0.92437
2025-05-03T05:42:00,333,55.7,19,0.97268
2025-05-03T05:45:00,333,55.7,19,0.97268
2025-05-03T05:48:00,333,55.7,20,1.03506
2025-05-03T05:51:00,332,55,19,0.98805
2025-05-03T05:54:00,334,53.6,19,1.01879
2025-05-03T05:57:00,335,52.4,19,1.04513
2025-05-03T06:00:00,336,53.8,19,1.01439
2025-05-03T06:03:00,334,53.6,19,1.01879
2025-05-03T06:06:00,336,52.3,19,1.04733
2025-05-03T06:09:00,336,52.1,19,1.05172
2025-05-03T06:12:00,336,53.6,19,1.01879
2025-05-03T06:15:00,337,53.4,19,1.02318
2025-05-03T06:18:00,339,53.1,20,1.09581
2025-05-03T06:21:00,339,53.3,20,1.09114
2025-05-03T06:24:00,341,54.4,20,1.06543
2025-05-03T06:27:00,342,55.2,20,1.04674
2025-05-03T06:30:00,344,56,20,1.02805
2025-05-03T06:33:00,344,54.9,20,1.05375
2025-05-03T06:36:00,346,55.4,20,1.04207
2025-05-03T06:39:00,352,55.9,20,1.03039
2025-05-03T06:42:00,353,56.6,20,1.01403
2025-05-03T06:45:00,356,56,20,1.02805
2025-05-03T06:48:00,356,56.4,20,1.01871
2025-05-03T06:51:00,359,56.5,21,1.08104
2025-05-03T06:54:00,358,56.1,21,1.09098
2025-05-03T06:57:00,362,55.9,21,1.09595
2025-05-03T07:00:00,363,53.1,21,1.16554
2025-05-03T07:03:00,364,52.5,21,1.18045
2025-05-03T07:06:00,367,52.5,21,1.18045
2025-05-03T07:09:00,367,49.6,21,1.25252
2025-05-03T07:12:00,369,48.9,21,1.26991
2025-05-03T07:15:00,372,47.5,21,1.30471
2025-05-03T07:18:00,374,46.6,21,1.32707
2025-05-03T07:21:00,376,44.8,21,1.3718
2025-05-03T07:24:00,379,43.7,21,1.39914
2025-05-03T07:27:00,382,43.1,21,1.41405
2025-05-03T07:30:00,397,42.3,22,1.52446
2025-05-03T07:33:00,413,41.7,22,1.54031
2025-05-03T07:36:00,411,40.8,22,1.56409
2025-05-03T07:39:00,400,40,22,1.58523
2025-05-03T07:42:00,399,39,22,1.61165
2025-05-03T07:45:00,417,38.9,22,1.61429
2025-05-03T07:48:00,421,39.8,23,1.69014
2025-05-03T07:51:00,418,39.8,23,1.69014
2025-05-03T07:54:00,418,39.5,23,1.69856
2025-05-03T07:57:00,438,38.6,23,1.72383
2025-05-03T08:00:00,429,38,23,1.74068
2025-05-03T08:03:00,454,37.2,23,1.76314
2025-05-03T08:06:00,545,38.2,23,1.73506
2025-05-03T08:09:00,589,38.4,21,1.53085
2025-05-03T08:12:00,633,37.5,23,1.75472
2025-05-03T08:15:00,603,36.6,20,1.48133
2025-05-03T08:18:00,639,37.3,22,1.65656
2025-05-03T08:21:00,673,36.2,20,1.49067
2025-05-03T08:24:00,655,37.3,22,1.65656
2025-05-03T08:27:00,602,36.6,20,1.48133
2025-05-03T08:30:00,506,35.8,22,1.69619
2025-05-03T08:33:00,584,34.4,22,1.73318
2025-05-03T08:36:00,706,35.7,20,1.50236
2025-05-03T08:39:00,698,36.5,21,1.57807
2025-05-03T08:42:00,692,34.9,22,1.71997
2025-05-03T08:45:00,663,34.7,21,1.62281
2025-05-03T08:48:00,671,36.4,19,1.39644
2025-05-03T08:51:00,649,36.2,21,1.58553
2025-05-03T08:54:00,656,33.6,21,1.65014
2025-05-03T08:57:00,624,36.2,19,1.40083
2025-05-03T09:00:00,587,36.1,21,1.58801
2025-05-03T09:03:00,572,33.6,22,1.75432
2025-05-03T09:06:00,537,50.9,17,0.95066
2025-05-03T09:09:00,515,50.1,19,1.09563
2025-05-03T09:12:00,510,56.3,19,0.9595
2025-05-03T09:15:00,508,59,18,0.84556
2025-05-03T09:18:00,512,55.9,18,0.90949
2025-05-03T09:21:00,512,52.8,18,0.97342
2025-05-03T09:24:00,521,52.7,19,1.03855
2025-05-03T09:27:00,517,56.2,19,0.9617
2025-05-03T09:30:00,516,56.1,19,0.96389
2025-05-03T09:33:00,511,58.5,18,0.85587
2025-05-03T09:36:00,509,60.9,17,0.75704
2025-05-03T09:39:00,502,58.1,17,0.81125
2025-05-03T09:42:00,485,56.6,19,0.95292
2025-05-03T09:45:00,477,62.3,18,0.7775
2025-05-03T09:48:00,475,63.8,17,0.70089
2025-05-03T09:51:00,476,60.8,18,0.80843
2025-05-03T09:54:00,480,60.5,18,0.81462
2025-05-03T09:57:00,482,61.3,17,0.7493
2025-05-03T10:00:00,481,59.3,17,0.78802
2025-05-03T10:03:00,482,58.8,18,0.84968
2025-05-03T10:06:00,484,58.3,18,0.85999
2025-05-03T10:09:00,487,58,19,0.92218
2025-05-03T10:12:00,489,61.2,19,0.85192
2025-05-03T10:15:00,492,62.4,18,0.77544
2025-05-03T10:18:00,520,62.6,18,0.77131
2025-05-03T10:21:00,570,63.7,18,0.74863
2025-05-03T10:24:00,561,60.8,18,0.80843
2025-05-03T10:27:00,504,59.9,17,0.7764
2025-05-03T10:30:00,501,57.8,19,0.92657
2025-05-03T10:33:00,504,57.6,18,0.87443
2025-05-03T10:36:00,537,59.7,18,0.83112
2025-05-03T10:39:00,506,56.6,20,1.01403
2025-05-03T10:42:00,546,59.3,18,0.83937
2025-05-03T10:45:00,542,60.6,18,0.81256
2025-05-03T10:48:00,511,55.9,20,1.03039
2025-05-03T10:51:00,509,60.8,17,0.75898
2025-05-03T10:54:00,505,58.9,18,0.84762
2025-05-03T10:57:00,511,59.8,19,0.88265
2025-05-03T11:00:00,526,61.4,18,0.79606
2025-05-03T11:03:00,954,61.4,18,0.79606
2025-05-03T11:06:00,1477,60,19,0.87826
2025-05-03T11:09:00,1509,59.4,18,0.83731
2025-05-03T11:12:00,1240,61.2,18,0.80019
2025-05-03T11:15:00,1447,60.4,19,0.86948
2025-05-03T11:18:00,1424,60.1,19,0.87607
2025-05-03T11:21:00,1542,60.8,19,0.8607
2025-05-03T11:24:00,1583,61.7,18,0.78987
2025-05-03T11:27:00,878,59.8,19,0.88265
2025-05-03T11:30:00,523,64,19,0.79044
2025-05-03T11:33:00,672,60.2,18,0.82081
2025-05-03T11:36:00,520,63,18,0.76306
2025-05-03T11:39:00,936,62.4,18,0.77544
2025-05-03T11:42:00,1435,62.5,18,0.77337
2025-05-03T11:45:00,1402,61.9,18,0.78575
2025-05-03T11:48:00,1197,61.5,18,0.794
2025-05-03T11:51:00,914,62,18,0.78369
2025-05-03T11:54:00,972,61.7,18,0.78987
2025-05-03T11:57:00,852,60.9,18,0.80637
2025-05-03T12:00:00,734,61.1,18,0.80225
2025-05-03T12:03:00,641,60.3,19,0.87168
2025-05-03T12:06:00,564,59.9,18,0.827
2025-05-03T12:09:00,524,61.1,18,0.80225
2025-05-03T12:12:00,498,60.7,18,0.8105
2025-05-03T12:15:00,484,59.8,18,0.82906
2025-05-03T12:18:00,480,60,18,0.82493
2025-05-03T12:21:00,476,60,18,0.82493
2025-05-03T12:24:00,477,60.4,18,0.81668
2025-05-03T12:27:00,480,59.9,18,0.827
2025-05-03T12:30:00,476,59.2,18,0.84143
2025-05-03T12:33:00,473,58.9,18,0.84762
2025-05-03T12:36:00,471,60.5,18,0.81462
2025-05-03T12:39:00,470,59.7,19,0.88485
2025-05-03T12:42:00,473,59.2,19,0.89583
2025-05-03T12:45:00,479,57.9,19,0.92437
2025-05-03T12:48:00,480,58,19,0.92218
2025-05-03T12:51:00,480,58.2,19,0.91778
2025-05-03T12:54:00,480,57.3,19,0.93755
2025-05-03T12:57:00,481,57.6,20,0.99067
2025-05-03T13:00:00,424,58.2,19,0.91778
2025-05-03T13:03:00,424,58.2,19,0.91778
2025-05-03T13:06:00,421,58.6,19,0.909
2025-05-03T13:09:00,421,57.7,19,0.92876
2025-05-03T13:12:00,423,58.3,19,0.91559
2025-05-03T13:15:00,427,57.5,19,0.93315
2025-05-03T13:18:00,428,58.2,19,0.91778
2025-05-03T13:21:00,429,58.7,20,0.96497
2025-05-03T13:24:00,500,56.2,20,1.02338
2025-05-03T13:27:00,500,57.2,20,1.00001
2025-05-03T13:30:00,502,55.1,20,1.04908
2025-05-03T13:33:00,436,55.2,20,1.04674
2025-05-03T13:36:00,429,55.7,20,1.03506
2025-05-03T13:39:00,427,56.1,20,1.02571
2025-05-03T13:42:00,430,56.1,20,1.02571
2025-05-03T13:45:00,430,57.8,19,0.92657
2025-05-03T13:48:00,432,56.7,19,0.95072
2025-05-03T13:51:00,435,57.6,19,0.93096
2025-05-03T13:54:00,434,58.1,19,0.91998
2025-05-03T13:57:00,434,56.9,19,0.94633
2025-05-03T14:00:00,445,56.6,19,0.95292
2025-05-03T14:03:00,482,56.8,20,1.00936
2025-05-03T14:06:00,527,56.8,19,0.94852
2025-05-03T14:09:00,537,56.3,20,1.02104
2025-05-03T14:12:00,534,58.1,20,0.97898
2025-05-03T14:15:00,547,58,20,0.98132
2025-05-03T14:18:00,553,58,20,0.98132
2025-05-03T14:21:00,562,58.2,20,0.97665
2025-05-03T14:24:00,534,57.9,19,0.92437
2025-05-03T14:27:00,556,56.6,19,0.95292
2025-05-03T14:30:00,487,56.9,20,1.00702
2025-05-03T14:33:00,447,56.3,20,1.02104
2025-05-03T14:36:00,485,58.1,20,0.97898
2025-05-03T14:39:00,535,58.7,20,0.96497
2025-05-03T14:42:00,545,59.1,19,0.89802
2025-05-03T14:45:00,443,58.6,20,0.9673
2025-05-03T14:48:00,439,57.9,19,0.92437
2025-05-03T14:51:00,437,57.2,20,1.00001
2025-05-03T14:54:00,438,58.7,19,0.90681
2025-05-03T14:57:00,449,58.6,20,0.9673
2025-05-03T15:00:00,484,59.3,19,0.89363
2025-05-03T15:03:00,625,58.6,20,0.9673
2025-05-03T15:06:00,598,57.5,20,0.993
2025-05-03T15:09:00,591,57.5,20,0.993
2025-05-03T15:12:00,611,57.4,20,0.99534
2025-05-03T15:15:00,498,58.4,20,0.97198
2025-05-03T15:18:00,618,59.2,20,0.95328
2025-05-03T15:21:00,588,58.8,20,0.96263
2025-05-03T15:24:00,569,58.5,20,0.96964
2025-05-03T15:27:00,621,58.7,20,0.96497
2025-05-03T15:30:00,611,57.2,20,1.00001
2025-05-03T15:33:00,517,57.3,20,0.99768
2025-05-03T15:36:00,444,58.7,20,0.96497
2025-05-03T15:39:00,428,59.3,20,0.95095
2025-05-03T15:42:00,423,59.9,19,0.88046
2025-05-03T15:45:00,419,58.7,19,0.90681
2025-05-03T15:48:00,418,58.4,19,0.91339
2025-05-03T15:51:00,416,57.2,19,0.93974
2025-05-03T15:54:00,416,56.9,19,0.94633
2025-05-03T15:57:00,414,58.9,19,0.90242
2025-05-03T16:00:00,413,59.2,19,0.89583
2025-05-03T16:03:00,410,59.4,19,0.89144
2025-05-03T16:06:00,409,57.5,19,0.93315
2025-05-03T16:09:00,408,57.5,19,0.93315
2025-05-03T16:12:00,408,58.1,20,0.97898
2025-05-03T16:15:00,409,58.3,19,0.91559
2025-05-03T16:18:00,408,59.8,19,0.88265
2025-05-03T16:21:00,407,59,19,0.90022
2025-05-03T16:24:00,405,60.1,19,0.87607
2025-05-03T16:27:00,403,57.6,19,0.93096
2025-05-03T16:30:00,405,58.5,19,0.9112
2025-05-03T16:33:00,404,57.4,19,0.93535
2025-05-03T16:36:00,403,58.8,19,0.90461
2025-05-03T16:39:00,402,60.5,19,0.86728
2025-05-03T16:42:00,397,60.1,19,0.87607
2025-05-03T16:45:00,397,59.6,19,0.88705
2025-05-03T16:48:00,394,59,19,0.90022
2025-05-03T16:51:00,394,57.7,19,0.92876
2025-05-03T16:54:00,396,58.3,20,0.97431
2025-05-03T16:57:00,397,59.6,19,0.88705
2025-05-03T17:00:00,396,59.9,19,0.88046
2025-05-03T17:03:00,394,61,19,0.85631
2025-05-03T17:06:00,392,58.2,19,0.91778
2025-05-03T17:09:00,406,57.9,19,0.92437
2025-05-03T17:12:00,551,57.6,19,0.93096
2025-05-03T17:15:00,565,57.5,19,0.93315
2025-05-03T17:18:00,537,58.6,19,0.909
2025-05-03T17:21:00,484,58.9,19,0.90242
2025-05-03T17:24:00,490,58.7,19,0.90681
2025-05-03T17:27:00,506,59.4,19,0.89144
2025-05-03T17:30:00,400,59.6,19,0.88705
2025-05-03T17:33:00,389,60.1,19,0.87607
2025-05-03T17:36:00,392,58.1,19,0.91998
2025-05-03T17:39:00,383,58.8,19,0.90461
2025-05-03T17:42:00,381,58.8,19,0.90461
2025-05-03T17:45:00,382,59.4,19,0.89144
2025-05-03T17:48:00,473,59.7,19,0.88485
2025-05-03T17:51:00,390,59.3,19,0.89363
2025-05-03T17:54:00,369,58.5,19,0.9112
2025-05-03T17:57:00,369,59.2,18,0.84143
2025-05-03T18:00:00,364,59.5,18,0.83524
2025-05-03T18:03:00,362,61,18,0.80431
2025-05-03T18:06:00,361,61,19,0.85631
2025-05-03T18:09:00,359,62.5,19,0.82337
2025-05-03T18:12:00,358,60.6,19,0.86509
2025-05-03T18:15:00,358,60.4,19,0.86948
2025-05-03T18:18:00,357,60.7,19,0.86289
2025-05-03T18:21:00,358,56.9,19,0.94633
2025-05-03T18:24:00,357,57,19,0.94413
2025-05-03T18:27:00,355,57.6,19,0.93096
2025-05-03T18:30:00,355,59,19,0.90022
2025-05-03T18:33:00,353,56.8,19,0.94852
2025-05-03T18:36:00,353,57.7,19,0.92876
2025-05-03T18:39:00,353,56.6,20,1.01403
2025-05-03T18:42:00,353,55.9,21,1.09595
2025-05-03T18:45:00,353,56.1,20,1.02571
2025-05-03T18:48:00,350,53.3,21,1.16057
2025-05-03T18:51:00,354,51,22,1.2946
2025-05-03T18:54:00,355,49.6,21,1.25252
2025-05-03T18:57:00,349,53.4,20,1.0888
2025-05-03T19:00:00,347,54.4,20,1.06543
2025-05-03T19:03:00,345,55,20,1.05142
2025-05-03T19:06:00,345,55,20,1.05142
2025-05-03T19:09:00,344,55,21,1.11832
2025-05-03T19:12:00,343,54.8,20,1.05609
2025-05-03T19:15:00,342,52.6,21,1.17796
2025-05-03T19:18:00,342,51.2,21,1.21275
2025-05-03T19:21:00,340,50.7,21,1.22518
2025-05-03T19:24:00,339,50.5,21,1.23015
2025-05-03T19:27:00,338,51.4,21,1.20778
2025-05-03T19:30:00,336,48.5,21,1.27985
2025-05-03T19:33:00,337,49,21,1.26743
2025-05-03T19:36:00,343,41.8,22,1.53767
2025-05-03T19:39:00,343,38.8,22,1.61693
2025-05-03T19:42:00,346,33,23,1.88106
2025-05-03T19:45:00,345,28.7,24,2.1262
2025-05-03T19:48:00,346,25.9,24,2.20969
2025-05-03T19:51:00,343,45.6,21,1.35192
2025-05-03T19:54:00,339,50.2,20,1.16357
2025-05-03T19:57:00,337,51.6,20,1.13086
2025-05-03T20:00:00,336,52.2,20,1.11684
2025-05-03T20:03:00,10,52.5,20,1.10983
2025-05-03T20:06:00,9,54,20,1.07478
2025-05-03T20:09:00,0,53,20,1.09815
2025-05-03T20:12:00,0,54.3,20,1.06777
2025-05-03T20:15:00,0,53.7,20,1.08179
2025-05-03T20:18:00,0,52.9,20,1.10048
2025-05-03T20:21:00,0,53.9,20,1.07712
2025-05-03T20:24:00,0,54.6,20,1.06076
2025-05-03T20:27:00,0,54.2,21,1.1382
2025-05-03T20:30:00,0,54.7,20,1.05843
2025-05-03T20:33:00,0,54.3,20,1.06777
2025-05-03T20:36:00,0,55.2,20,1.04674
2025-05-03T20:39:00,0,55.6,20,1.0374
2025-05-03T20:42:00,0,55.7,20,1.03506
2025-05-03T20:45:00,0,53.6,20,1.08413
2025-05-03T20:48:00,0,56.2,20,1.02338
2025-05-03T20:51:00,0,56.2,20,1.02338
2025-05-03T20:54:00,0,56.6,21,1.07856
2025-05-03T20:57:00,0,56.9,21,1.0711
2025-05-03T21:00:00,0,55.8,20,1.03272
2025-05-03T21:03:00,0,56.5,20,1.01637
2025-05-03T21:06:00,0,57.1,20,1.00235
2025-05-03T21:09:00,0,56.2,20,1.02338
2025-05-03T21:12:00,0,56.4,20,1.01871
2025-05-03T21:15:00,0,56.5,20,1.01637
2025-05-03T21:18:00,0,56.7,20,1.0117
2025-05-03T21:21:00,0,57,20,1.00469
2025-05-03T21:24:00,0,55,20,1.05142
2025-05-03T21:27:00,0,55.7,20,1.03506
2025-05-03T21:30:00,0,50.3,20,1.16123
2025-05-03T21:33:00,0,53.9,20,1.07712
2025-05-03T21:36:00,0,54.1,20,1.07244
2025-05-03T21:39:00,0,50.7,20,1.15188
2025-05-03T21:42:00,0,51.1,20,1.14254
2025-05-03T21:45:00,0,45.6,20,1.27104
2025-05-03T21:48:00,0,48,20,1.21497
2025-05-03T21:51:00,0,43.2,20,1.32712
2025-05-03T21:54:00,0,45.6,20,1.27104
2025-05-03T21:57:00,0,37.5,20,1.4603
2025-05-03T22:00:00,0,34.9,20,1.52105
2025-05-03T22:03:00,0,33.8,20,1.54675
2025-05-03T22:06:00,0,35.1,20,1.51638
2025-05-03T22:09:00,0,34.7,20,1.52572
2025-05-03T22:12:00,0,34.3,20,1.53507
2025-05-03T22:15:00,0,34.2,20,1.5374
2025-05-03T22:18:00,0,33.1,20,1.5631
2025-05-03T22:21:00,0,32.7,20,1.57245
2025-05-03T22:24:00,0,32.6,21,1.67499
2025-05-03T22:27:00,0,32.8,20,1.57011
2025-05-03T22:30:00,0,33,20,1.56544
2025-05-03T22:33:00,0,33.3,20,1.55843
2025-05-03T22:36:00,0,32.2,20,1.58413
2025-05-03T22:39:00,0,32.1,20,1.58647
2025-05-03T22:42:00,0,31.9,20,1.59114
2025-05-03T22:45:00,0,32.4,20,1.57946
2025-05-03T22:48:00,0,32.2,20,1.58413
2025-05-03T22:51:00,0,30.8,20,1.61684
2025-05-03T22:54:00,0,31.1,20,1.60983
2025-05-03T22:57:00,0,47.7,19,1.14833
2025-05-03T23:00:00,0,55.1,18,0.92599
2025-05-03T23:03:00,0,58.3,18,0.85999
2025-05-03T23:06:00,0,60.5,18,0.81462
2025-05-03T23:09:00,0,61.9,18,0.78575
2025-05-03T23:12:00,0,63.9,18,0.7445
2025-05-03T23:15:00,0,63.4,18,0.75481
2025-05-03T23:18:00,0,65.5,18,0.7115
2025-05-03T23:21:00,0,66.7,18,0.68676
2025-05-03T23:24:00,0,67.4,19,0.71578
2025-05-03T23:27:00,0,68.1,19,0.70041
2025-05-03T23:30:00,0,68.8,19,0.68505
2025-05-03T23:33:00,0,69.5,19,0.66968
2025-05-03T23:36:00,0,69.9,19,0.66089
2025-05-03T23:39:00,0,64.9,19,0.77068
2025-05-03T23:42:00,0,62.5,19,0.82337
2025-05-03T23:45:00,0,58.1,19,0.91998
2025-05-03T23:48:00,0,55.5,19,0.97707
2025-05-03T23:51:00,0,53.4,19,1.02318
2025-05-03T23:54:00,0,51.8,19,1.05831
2025-05-03T23:57:00,0,50.1,19,1.09563
2025-05-04T00:00:00,0,49.1,19,1.11759
2025-05-04T00:03:00,0,47.7,19,1.14833
2025-05-04T00:06:00,0,47.1,19,1.1615
2025-05-04T00:09:00,0,46.5,19,1.17468
2025-05-04T00:12:00,0,45.9,19,1.18785
2025-05-04T00:15:00,0,45.9,19,1.18785
2025-05-04T00:18:00,0,45.3,19,1.20102
2025-05-04T00:21:00,0,45,19,1.20761
2025-05-04T00:24:00,0,45,19,1.20761
2025-05-04T00:27:00,0,44.9,19,1.20981
2025-05-04T00:30:00,0,44.2,19,1.22518
2025-05-04T00:33:00,0,46,19,1.18566
2025-05-04T00:36:00,0,48.1,19,1.13955
2025-05-04T00:39:00,0,49.8,19,1.10222
2025-05-04T00:42:00,0,50.7,19,1.08246
2025-05-04T00:45:00,0,51.2,19,1.07148
2025-05-04T00:48:00,0,51.6,19,1.0627
2025-05-04T00:51:00,0,51.6,19,1.0627
2025-05-04T00:54:00,0,52.1,19,1.05172
2025-05-04T00:57:00,0,51.8,19,1.05831
2025-05-04T01:00:00,0,51.8,19,1.05831
2025-05-04T01:03:00,0,51.6,19,1.0627
2025-05-04T01:06:00,0,51.2,19,1.07148
2025-05-04T01:09:00,0,51.1,19,1.07368
2025-05-04T01:12:00,0,50.8,19,1.08026
2025-05-04T01:15:00,0,50.9,19,1.07807
2025-05-04T01:18:00,0,50.7,19,1.08246
2025-05-04T01:21:00,0,50.7,19,1.08246
2025-05-04T01:24:00,0,50.7,18,1.01673
2025-05-04T01:27:00,0,52.9,18,0.97136
2025-05-04T01:30:00,0,57,18,0.8868
2025-05-04T01:33:00,0,59.5,18,0.83524
2025-05-04T01:36:00,0,62.2,18,0.77956
2025-05-04T01:39:00,0,64.1,18,0.74038
2025-05-04T01:42:00,0,66.1,18,0.69913
2025-05-04T01:45:00,0,67.4,18,0.67232
2025-05-04T01:48:00,0,68.8,18,0.64345
2025-05-04T01:51:00,0,69.8,18,0.62282
2025-05-04T01:54:00,0,70.8,18,0.6022
2025-05-04T01:57:00,0,71.7,18,0.58364
2025-05-04T02:00:00,0,72.5,18,0.56714
2025-05-04T02:03:00,0,73.5,18,0.54652
2025-05-04T02:06:00,0,74.9,18,0.51765
2025-05-04T02:09:00,0,75.9,18,0.49702
2025-05-04T02:12:00,0,76.7,18,0.48052
2025-05-04T02:15:00,0,77.3,18,0.46815
2025-05-04T02:18:00,0,77.9,18,0.45578
2025-05-04T02:21:00,0,78.2,18,0.44959
2025-05-04T02:24:00,0,78.7,18,0.43928
2025-05-04T02:27:00,0,78.8,18,0.43721
2025-05-04T02:30:00,0,78.9,18,0.43515
2025-05-04T02:33:00,0,79.1,18,0.43103
2025-05-04T02:36:00,0,79.4,18,0.42484
2025-05-04T02:39:00,0,79.7,18,0.41865
2025-05-04T02:42:00,0,79.9,18,0.41453
2025-05-04T02:45:00,0,80.2,18,0.40834
2025-05-04T02:48:00,0,80.4,18,0.40422
2025-05-04T02:51:00,0,80.4,18,0.40422
2025-05-04T02:54:00,0,80.5,18,0.40215
2025-05-04T02:57:00,0,80.5,18,0.40215
2025-05-04T03:00:00,0,80.6,18,0.40009
2025-05-04T03:03:00,0,80.6,18,0.40009
2025-05-04T03:06:00,0,80.8,18,0.39597
2025-05-04T03:09:00,0,81.1,18,0.38978
2025-05-04T03:12:00,0,81.1,18,0.38978
2025-05-04T03:15:00,0,81.1,18,0.38978
2025-05-04T03:18:00,0,81,18,0.39184
2025-05-04T03:21:00,0,81.1,18,0.38978
2025-05-04T03:24:00,0,81.1,18,0.38978
2025-05-04T03:27:00,0,81.2,18,0.38772
2025-05-04T03:30:00,0,81.3,18,0.38566
2025-05-04T03:33:00,0,81.3,18,0.38566
2025-05-04T03:36:00,0,81.2,18,0.38772
2025-05-04T03:39:00,0,81.2,18,0.38772
2025-05-04T03:42:00,0,81.2,18,0.38772
2025-05-04T03:45:00,0,81.3,18,0.38566
2025-05-04T03:48:00,0,81.2,18,0.38772
2025-05-04T03:51:00,0,81.3,18,0.38566
2025-05-04T03:54:00,0,81.2,18,0.38772
2025-05-04T03:57:00,0,81.3,18,0.38566
2025-05-04T04:00:00,0,81.3,18,0.38566
2025-05-04T04:03:00,350,80.9,18,0.39391
2025-05-04T04:06:00,347,80.1,18,0.4104
2025-05-04T04:09:00,345,79.5,19,0.45011
2025-05-04T04:12:00,343,79,19,0.46109
2025-05-04T04:15:00,342,78.4,19,0.47426
2025-05-04T04:18:00,340,78.2,19,0.47865
2025-05-04T04:21:00,338,77.5,19,0.49402
2025-05-04T04:24:00,338,77.1,20,0.53505
2025-05-04T04:27:00,336,76.8,20,0.54206
2025-05-04T04:30:00,336,76.6,20,0.54674
2025-05-04T04:33:00,335,75.8,20,0.56543
2025-05-04T04:36:00,335,74.2,20,0.60281
2025-05-04T04:39:00,334,70.8,20,0.68225
2025-05-04T04:42:00,333,69.4,20,0.71496
2025-05-04T04:45:00,334,68.5,20,0.73599
2025-05-04T04:48:00,333,65.2,20,0.81309
2025-05-04T04:51:00,333,63.2,20,0.85982
2025-05-04T04:54:00,334,61.1,20,0.90889
2025-05-04T04:57:00,333,59,20,0.95796
2025-05-04T05:00:00,332,57.6,20,0.99067
2025-05-04T05:03:00,333,56.9,20,1.00702
2025-05-04T05:06:00,332,54.6,20,1.06076
2025-05-04T05:09:00,331,52.6,20,1.10749
2025-05-04T05:12:00,332,52.5,20,1.10983
2025-05-04T05:15:00,332,51.4,20,1.13553
2025-05-04T05:18:00,331,51.3,20,1.13787
2025-05-04T05:21:00,332,49.6,20,1.17759
2025-05-04T05:24:00,332,48.8,20,1.19628
2025-05-04T05:27:00,333,48.7,20,1.19861
2025-05-04T05:30:00,332,47.7,20,1.22198
2025-05-04T05:33:00,331,46.9,20,1.24067
2025-05-04T05:36:00,332,47,20,1.23833
2025-05-04T05:39:00,333,46,20,1.2617
2025-05-04T05:42:00,334,45.7,19,1.19224
2025-05-04T05:45:00,333,45.5,19,1.19663
2025-05-04T05:48:00,334,45.2,19,1.20322
2025-05-04T05:51:00,334,44.8,19,1.212
2025-05-04T05:54:00,334,43.9,19,1.23176
2025-05-04T05:57:00,334,43.9,19,1.23176
2025-05-04T06:00:00,334,43.4,20,1.32245
2025-05-04T06:03:00,336,43.3,19,1.24494
2025-05-04T06:06:00,336,43.1,19,1.24933
2025-05-04T06:09:00,336,43.7,20,1.31544
2025-05-04T06:12:00,336,43.5,19,1.24055
2025-05-04T06:15:00,337,42.9,19,1.25372
2025-05-04T06:18:00,339,42.4,20,1.34581
2025-05-04T06:21:00,340,41.9,20,1.35749
2025-05-04T06:24:00,341,41.5,20,1.36684
2025-05-04T06:27:00,341,41.6,20,1.3645
2025-05-04T06:30:00,344,41.1,20,1.37619
2025-05-04T06:33:00,345,40.9,20,1.38086
2025-05-04T06:36:00,345,40.5,20,1.39021
2025-05-04T06:39:00,350,40.2,20,1.39721
2025-05-04T06:42:00,353,41.2,20,1.37385
2025-05-04T06:45:00,355,40.7,20,1.38553
2025-05-04T06:48:00,357,41.1,20,1.37619
2025-05-04T06:51:00,358,40.6,20,1.38787
2025-05-04T06:54:00,359,40.9,20,1.38086
2025-05-04T06:57:00,362,42,21,1.44139
2025-05-04T07:00:00,364,41.3,21,1.45879
2025-05-04T07:03:00,367,39.5,21,1.50352
2025-05-04T07:06:00,367,40.7,21,1.4737
2025-05-04T07:09:00,369,41.8,21,1.44636
2025-05-04T07:12:00,371,42.3,21,1.43393
2025-05-04T07:15:00,373,41.9,21,1.44387
2025-05-04T07:18:00,376,39.4,21,1.506
2025-05-04T07:21:00,378,38.7,21,1.5234
2025-05-04T07:24:00,380,38,21,1.5408
2025-05-04T07:27:00,383,38.8,21,1.52091
2025-05-04T07:30:00,396,39,22,1.61165
2025-05-04T07:33:00,405,38.5,22,1.62486
2025-05-04T07:36:00,406,37.4,22,1.65392
2025-05-04T07:39:00,397,35.8,22,1.69619
2025-05-04T07:42:00,408,35.6,22,1.70148
2025-05-04T07:45:00,416,35.3,22,1.7094
2025-05-04T07:48:00,412,34.8,22,1.72262
2025-05-04T07:51:00,419,34.4,22,1.73318
2025-05-04T07:54:00,424,34.3,23,1.84456
2025-05-04T07:57:00,435,34.4,22,1.73318
2025-05-04T08:00:00,437,34.2,21,1.63523
2025-05-04T08:03:00,493,34.4,22,1.73318
2025-05-04T08:06:00,566,34,22,1.74375
2025-05-04T08:09:00,592,33.4,21,1.65511
2025-05-04T08:12:00,619,36.7,21,1.5731
2025-05-04T08:15:00,594,34.9,22,1.71997
2025-05-04T08:18:00,647,33.4,23,1.86982
2025-05-04T08:21:00,643,35.2,21,1.61038
2025-05-04T08:24:00,632,50.1,19,1.09563
2025-05-04T08:27:00,517,50.5,21,1.23015
2025-05-04T08:30:00,518,54,19,1.01
2025-05-04T08:33:00,666,53.2,19,1.02757
2025-05-04T08:36:00,675,53.6,20,1.08413
2025-05-04T08:39:00,716,56.5,19,0.95511
2025-05-04T08:42:00,679,59,18,0.84556
2025-05-04T08:45:00,664,54.1,20,1.07244
2025-05-04T08:48:00,671,52.5,21,1.18045
2025-05-04T08:51:00,674,53.2,21,1.16305
2025-05-04T08:54:00,684,52.6,19,1.04074
2025-05-04T08:57:00,630,53.7,21,1.15063
2025-05-04T09:00:00,600,52.5,19,1.04294
2025-05-04T09:03:00,574,54.1,20,1.07244
2025-05-04T09:06:00,536,50.7,21,1.22518
2025-05-04T09:09:00,525,48.8,22,1.35273
2025-05-04T09:12:00,520,51.8,20,1.12618
2025-05-04T09:15:00,518,50.4,21,1.23264
2025-05-04T09:18:00,518,48.8,22,1.35273
2025-05-04T09:21:00,524,45.9,21,1.34447
2025-05-04T09:24:00,516,59.8,18,0.82906
2025-05-04T09:27:00,510,61.3,17,0.7493
2025-05-04T09:30:00,509,57.6,18,0.87443
2025-05-04T09:33:00,504,56.2,19,0.9617
2025-05-04T09:36:00,497,59.5,17,0.78415
2025-05-04T09:39:00,491,54.4,20,1.06543
2025-05-04T09:42:00,476,62.2,17,0.73187
2025-05-04T09:45:00,475,57.9,17,0.81512
2025-05-04T09:48:00,478,55,20,1.05142
2025-05-04T09:51:00,478,62,17,0.73574
2025-05-04T09:54:00,480,61.1,18,0.80225
2025-05-04T09:57:00,482,62.1,18,0.78162
2025-05-04T10:00:00,486,60.9,17,0.75704
2025-05-04T10:03:00,487,58.7,17,0.79964
2025-05-04T10:06:00,491,55.2,18,0.92393
2025-05-04T10:09:00,496,54.6,18,0.9363
2025-05-04T10:12:00,503,59.1,19,0.89802
2025-05-04T10:15:00,509,58.9,19,0.90242
2025-05-04T10:18:00,545,59.3,18,0.83937
2025-05-04T10:21:00,559,59.7,18,0.83112
2025-05-04T10:24:00,561,57.6,19,0.93096
2025-05-04T10:27:00,523,51,21,1.21773
2025-05-04T10:30:00,515,60.4,18,0.81668
2025-05-04T10:33:00,530,52.8,20,1.10282
2025-05-04T10:36:00,514,62.6,18,0.77131
2025-05-04T10:39:00,518,61.9,18,0.78575
2025-05-04T10:42:00,550,56,20,1.02805
2025-05-04T10:45:00,548,62.6,17,0.72413
2025-05-04T10:48:00,516,60.5,17,0.76478
2025-05-04T10:51:00,512,58.9,19,0.90242
2025-05-04T10:54:00,515,60.4,18,0.81668
2025-05-04T10:57:00,516,60.7,19,0.86289
2025-05-04T11:00:00,523,60.1,17,0.77253
2025-05-04T11:03:00,544,59.2,19,0.89583
2025-05-04T11:06:00,888,61,17,0.7551
2025-05-04T11:09:00,1406,59.8,20,0.93926
2025-05-04T11:12:00,1167,61.9,17,0.73768
2025-05-04T11:15:00,1457,60.1,19,0.87607
2025-05-04T11:18:00,1400,60,18,0.82493
2025-05-04T11:21:00,1375,58.9,18,0.84762
2025-05-04T11:24:00,1383,62.6,19,0.82118
2025-05-04T11:27:00,572,61.4,18,0.79606
2025-05-04T11:30:00,536,63.3,17,0.71057
2025-05-04T11:33:00,1226,57.2,20,1.00001
2025-05-04T11:36:00,693,62.1,17,0.73381
2025-05-04T11:39:00,529,59.1,20,0.95562
2025-05-04T11:42:00,884,61.5,18,0.794
2025-05-04T11:45:00,1375,61.2,20,0.90655
2025-05-04T11:48:00,1354,61.1,18,0.80225
2025-05-04T11:51:00,1259,62.6,18,0.77131
2025-05-04T11:54:00,1290,57.7,20,0.98833
2025-05-04T11:57:00,1379,62.1,18,0.78162
2025-05-04T12:00:00,1352,63,19,0.81239
2025-05-04T12:03:00,1238,62.3,19,0.82776
2025-05-04T12:06:00,1136,62.5,18,0.77337
2025-05-04T12:09:00,1066,60.8,20,0.9159
2025-05-04T12:12:00,965,61.2,18,0.80019
2025-05-04T12:15:00,506,64,19,0.79044
2025-05-04T12:18:00,504,57.2,20,1.00001
2025-05-04T12:21:00,499,64.4,18,0.73419
2025-05-04T12:24:00,515,64.4,18,0.73419
2025-05-04T12:27:00,548,58.5,20,0.96964
2025-05-04T12:30:00,504,64.4,18,0.73419
2025-05-04T12:33:00,517,64.8,19,0.77287
2025-05-04T12:36:00,500,62.8,19,0.81678
2025-05-04T12:39:00,501,63.5,18,0.75275
2025-05-04T12:42:00,504,63.9,19,0.79263
2025-05-04T12:45:00,516,64,19,0.79044
2025-05-04T12:48:00,517,63.4,18,0.75481
2025-05-04T12:51:00,523,61.1,20,0.90889
2025-05-04T12:54:00,520,62.9,18,0.76513
2025-05-04T12:57:00,514,64.6,18,0.73007
2025-05-04T13:00:00,519,61.9,19,0.83655
2025-05-04T13:03:00,510,62.5,18,0.77337
2025-05-04T13:06:00,505,64.5,19,0.77946
2025-05-04T13:09:00,509,62.9,18,0.76513
2025-05-04T13:12:00,528,63.3,18,0.75688
2025-05-04T13:15:00,513,63.1,19,0.8102
2025-05-04T13:18:00,521,62.1,19,0.83215
2025-05-04T13:21:00,528,63.4,18,0.75481
2025-05-04T13:24:00,543,63.8,19,0.79483
2025-05-04T13:27:00,547,63.6,18,0.75069
2025-05-04T13:30:00,563,64.2,18,0.73832
2025-05-04T13:33:00,583,63.2,19,0.808
2025-05-04T13:36:00,610,62.2,19,0.82996
2025-05-04T13:39:00,636,60.7,19,0.86289
2025-05-04T13:42:00,669,57.9,20,0.98366
2025-05-04T13:45:00,581,61.5,18,0.794
2025-05-04T13:48:00,781,64.3,18,0.73625
2025-05-04T13:51:00,884,59.4,19,0.89144
2025-05-04T13:54:00,772,61.9,18,0.78575
2025-05-04T13:57:00,515,58.9,20,0.96029
2025-05-04T14:00:00,646,62.2,18,0.77956
2025-05-04T14:03:00,1473,61.9,20,0.8902
2025-05-04T14:06:00,1564,61.8,18,0.78781
2025-05-04T14:09:00,1554,63.9,18,0.7445
2025-05-04T14:12:00,1290,56.1,21,1.09098
2025-05-04T14:15:00,1407,61.2,18,0.80019
2025-05-04T14:18:00,1430,62.1,19,0.83215
2025-05-04T14:21:00,1503,61.3,19,0.84972
2025-05-04T14:24:00,1198,62.4,18,0.77544
2025-05-04T14:27:00,859,59.7,20,0.9416
2025-05-04T14:30:00,557,61.6,18,0.79194
2025-05-04T14:33:00,819,65,18,0.72182
2025-05-04T14:36:00,873,56.4,21,1.08353
2025-05-04T14:39:00,1564,61.9,18,0.78575
2025-05-04T14:42:00,1532,62.6,18,0.77131
2025-05-04T14:45:00,542,56.5,20,1.01637
2025-05-04T14:48:00,522,62.1,18,0.78162
2025-05-04T14:51:00,542,64.2,18,0.73832
2025-05-04T14:54:00,519,58.6,19,0.909
2025-05-04T14:57:00,520,62.4,18,0.77544
2025-05-04T15:00:00,837,61.6,18,0.79194
2025-05-04T15:03:00,1328,58.6,21,1.02885
2025-05-04T15:06:00,831,59.4,18,0.83731
2025-05-04T15:09:00,567,62.1,19,0.83215
2025-05-04T15:12:00,578,57.7,20,0.98833
2025-05-04T15:15:00,541,62.3,18,0.7775
2025-05-04T15:18:00,591,58.6,20,0.9673
2025-05-04T15:21:00,613,61.1,18,0.80225
2025-05-04T15:24:00,581,61.9,19,0.83655
2025-05-04T15:27:00,641,61,18,0.80431
2025-05-04T15:30:00,571,62.5,18,0.77337
2025-05-04T15:33:00,511,60.9,20,0.91356
2025-05-04T15:36:00,537,61.5,18,0.794
2025-05-04T15:39:00,498,62.4,18,0.77544
2025-05-04T15:42:00,492,61.4,18,0.79606
2025-05-04T15:45:00,484,63.8,17,0.70089
2025-05-04T15:48:00,465,61.6,19,0.84313
2025-05-04T15:51:00,487,62.5,17,0.72606
2025-05-04T15:54:00,495,64.8,18,0.72594
2025-05-04T15:57:00,490,63.2,18,0.75894
2025-05-04T16:00:00,439,63,19,0.81239
2025-05-04T16:03:00,490,61.6,18,0.79194
2025-05-04T16:06:00,473,62.4,19,0.82557
2025-05-04T16:09:00,472,61.6,18,0.79194
2025-05-04T16:12:00,446,65.1,17,0.67572
2025-05-04T16:15:00,442,60.2,18,0.82081
2025-05-04T16:18:00,484,60.8,19,0.8607
2025-05-04T16:21:00,466,60,18,0.82493
2025-05-04T16:24:00,459,63.2,17,0.71251
2025-05-04T16:27:00,452,60.6,19,0.86509
2025-05-04T16:30:00,456,58.8,19,0.90461
2025-05-04T16:33:00,444,64.6,18,0.73007
2025-05-04T16:36:00,431,59.7,20,0.9416
2025-05-04T16:39:00,450,60.9,18,0.80637
2025-05-04T16:42:00,450,58.9,18,0.84762
2025-05-04T16:45:00,463,58.8,19,0.90461
2025-05-04T16:48:00,435,59.3,19,0.89363
2025-05-04T16:51:00,436,60.4,18,0.81668
2025-05-04T16:54:00,434,59,19,0.90022
2025-05-04T16:57:00,423,56,20,1.02805
2025-05-04T17:00:00,429,57.4,19,0.93535
2025-05-04T17:03:00,438,58.5,19,0.9112
2025-05-04T17:06:00,377,55.3,20,1.04441
2025-05-04T17:09:00,415,51.8,21,1.19784
2025-05-04T17:12:00,383,50.7,21,1.22518
2025-05-04T17:15:00,471,49.2,21,1.26246
2025-05-04T17:18:00,436,49.9,21,1.24506
2025-05-04T17:21:00,480,51.3,21,1.21027
2025-05-04T17:24:00,633,49.8,22,1.32631
2025-05-04T17:27:00,558,50.1,21,1.24009
2025-05-04T17:30:00,421,49.5,21,1.255
2025-05-04T17:33:00,402,48.1,22,1.37122
2025-05-04T17:36:00,460,47.8,22,1.37915
2025-05-04T17:39:00,445,46.9,22,1.40293
2025-05-04T17:42:00,468,47.4,22,1.38972
2025-05-04T17:45:00,473,46,22,1.42671
2025-05-04T17:48:00,490,45.3,22,1.4452
2025-05-04T17:51:00,453,43.9,22,1.48219
2025-05-04T17:54:00,383,44.2,22,1.47426
2025-05-04T17:57:00,416,40.6,22,1.56938
2025-05-04T18:00:00,397,38.9,22,1.61429
2025-05-04T18:03:00,394,38.6,23,1.72383
2025-05-04T18:06:00,394,36.7,23,1.77718
2025-05-04T18:09:00,386,37.9,22,1.64071
2025-05-04T18:12:00,380,38.6,23,1.72383
2025-05-04T18:15:00,380,34.7,22,1.72526
2025-05-04T18:18:00,385,38.6,22,1.62222
2025-05-04T18:21:00,397,37.2,22,1.65921
2025-05-04T18:24:00,371,35.9,21,1.59298
2025-05-04T18:27:00,367,40.4,22,1.57466
2025-05-04T18:30:00,371,37.8,22,1.64335
2025-05-04T18:33:00,383,36.7,23,1.77718
2025-05-04T18:36:00,391,33.2,22,1.76489
2025-05-04T18:39:00,388,35.8,22,1.69619
2025-05-04T18:42:00,396,37.3,22,1.65656
2025-05-04T18:45:00,404,35,22,1.71733
2025-05-04T18:48:00,390,34.9,22,1.71997
2025-05-04T18:51:00,383,34.3,22,1.73583
2025-05-04T18:54:00,378,33,22,1.77017
2025-05-04T18:57:00,370,32.8,22,1.77546
2025-05-04T19:00:00,364,32.1,22,1.79395
2025-05-04T19:03:00,359,33.8,22,1.74904
2025-05-04T19:06:00,353,32.7,22,1.7781
2025-05-04T19:09:00,351,33.1,22,1.76753
2025-05-04T19:12:00,361,33.9,22,1.74639
2025-05-04T19:15:00,361,33,22,1.77017
2025-05-04T19:18:00,366,31.8,22,1.80188
2025-05-04T19:21:00,355,31.6,22,1.80716
2025-05-04T19:24:00,353,32.8,21,1.67002
2025-05-04T19:27:00,356,33.5,22,1.75696
2025-05-04T19:30:00,355,34.1,22,1.74111
2025-05-04T19:33:00,354,33.3,22,1.76225
2025-05-04T19:36:00,348,32.6,22,1.78074
2025-05-04T19:39:00,343,32.5,22,1.78338
2025-05-04T19:42:00,342,33,21,1.66505
2025-05-04T19:45:00,343,34,21,1.6402
2025-05-04T19:48:00,344,35.1,21,1.61286
2025-05-04T19:51:00,339,35.4,22,1.70676
2025-05-04T19:54:00,339,35.1,21,1.61286
2025-05-04T19:57:00,338,35.2,21,1.61038
2025-05-04T20:00:00,338,35.6,21,1.60044
2025-05-04T20:03:00,9,36.6,21,1.57559
2025-05-04T20:06:00,10,37.4,21,1.55571
2025-05-04T20:09:00,9,37.6,21,1.55074
2025-05-04T20:12:00,10,37,21,1.56565
2025-05-04T20:15:00,0,35.9,21,1.59298
2025-05-04T20:18:00,0,36.1,20,1.49301
2025-05-04T20:21:00,0,35.4,20,1.50937
2025-05-04T20:24:00,0,36.5,20,1.48366
2025-05-04T20:27:00,0,37.5,20,1.4603
2025-05-04T20:30:00,0,38.2,20,1.44394
2025-05-04T20:33:00,0,37.9,20,1.45095
2025-05-04T20:36:00,0,37.9,20,1.45095
2025-05-04T20:39:00,0,38.3,20,1.44161
2025-05-04T20:42:00,0,37.6,20,1.45796
2025-05-04T20:45:00,0,38.9,20,1.42759
2025-05-04T20:48:00,0,37.7,20,1.45563
2025-05-04T20:51:00,0,37.4,20,1.46264
2025-05-04T20:54:00,0,38.9,20,1.42759
2025-05-04T20:57:00,0,38.5,20,1.43693
2025-05-04T21:00:00,0,37.8,20,1.45329
2025-05-04T21:03:00,0,37.5,20,1.4603
2025-05-04T21:06:00,0,37.3,20,1.46497
2025-05-04T21:09:00,0,37.1,20,1.46965
2025-05-04T21:12:00,0,36.9,20,1.47432
2025-05-04T21:15:00,0,36.8,20,1.47665
2025-05-04T21:18:00,0,37,20,1.47198
2025-05-04T21:21:00,0,36.9,20,1.47432
2025-05-04T21:24:00,0,36.9,20,1.47432
2025-05-04T21:27:00,0,36.9,20,1.47432
2025-05-04T21:30:00,0,37,19,1.38326
2025-05-04T21:33:00,0,37,19,1.38326
2025-05-04T21:36:00,0,37,19,1.38326
2025-05-04T21:39:00,0,37.3,19,1.37668
2025-05-04T21:42:00,0,37.3,19,1.37668
2025-05-04T21:45:00,0,37.4,19,1.37448
2025-05-04T21:48:00,0,37.4,19,1.37448
2025-05-04T21:51:00,0,37.5,19,1.37229
2025-05-04T21:54:00,0,37.6,19,1.37009
2025-05-04T21:57:00,0,37.6,19,1.37009
2025-05-04T22:00:00,0,37.7,19,1.36789
2025-05-04T22:03:00,0,37.9,19,1.3635
2025-05-04T22:06:00,0,38.1,19,1.35911
2025-05-04T22:09:00,0,38,19,1.36131
2025-05-04T22:12:00,0,38.1,19,1.35911
2025-05-04T22:15:00,0,38.3,19,1.35472
2025-05-04T22:18:00,0,38.4,19,1.35253
2025-05-04T22:21:00,0,38.3,19,1.35472
2025-05-04T22:24:00,0,38.6,19,1.34813
2025-05-04T22:27:00,0,38.6,19,1.34813
2025-05-04T22:30:00,0,38.7,19,1.34594
2025-05-04T22:33:00,0,38.6,19,1.34813
2025-05-04T22:36:00,0,38.7,19,1.34594
2025-05-04T22:39:00,0,38.9,19,1.34155
2025-05-04T22:42:00,0,39,19,1.33935
2025-05-04T22:45:00,0,39.1,19,1.33716
2025-05-04T22:48:00,0,39.1,19,1.33716
2025-05-04T22:51:00,0,39.3,19,1.33276
2025-05-04T22:54:00,0,39.3,19,1.33276
2025-05-04T22:57:00,0,39.5,19,1.32837
2025-05-04T23:00:00,0,39.7,19,1.32398
2025-05-04T23:03:00,0,39.7,19,1.32398
2025-05-04T23:06:00,0,42.3,18,1.18997
2025-05-04T23:09:00,0,44.9,18,1.13635
2025-05-04T23:12:00,0,46.5,18,1.10335
2025-05-04T23:15:00,0,48.1,18,1.07035
2025-05-04T23:18:00,0,50.3,18,1.02498
2025-05-04T23:21:00,0,52.2,19,1.04952
2025-05-04T23:24:00,0,53.9,19,1.0122
2025-05-04T23:27:00,0,55,19,0.98805
2025-05-04T23:30:00,0,56.4,19,0.95731
2025-05-04T23:33:00,0,57.5,19,0.93315
2025-05-04T23:36:00,0,58.6,19,0.909
2025-05-04T23:39:00,0,59.4,19,0.89144
2025-05-04T23:42:00,0,60.4,19,0.86948
2025-05-04T23:45:00,0,61.2,19,0.85192
2025-05-04T23:48:00,0,61.9,19,0.83655
2025-05-04T23:51:00,0,62.7,19,0.81898
2025-05-04T23:54:00,0,63.3,19,0.80581
2025-05-04T23:57:00,0,64,19,0.79044
2025-05-05T00:00:00,0,64.5,19,0.77946
2025-05-05T00:03:00,0,65,19,0.76848
2025-05-05T00:06:00,0,65.4,19,0.7597
2025-05-05T00:09:00,0,65.9,19,0.74872
2025-05-05T00:12:00,0,66.3,19,0.73994
2025-05-05T00:15:00,0,66.5,19,0.73555
2025-05-05T00:18:00,0,67,19,0.72457
2025-05-05T00:21:00,0,67.3,19,0.71798
2025-05-05T00:24:00,0,67.6,19,0.71139
2025-05-05T00:27:00,0,67.9,19,0.70481
2025-05-05T00:30:00,0,68,19,0.70261
2025-05-05T00:33:00,0,68.9,19,0.68285
2025-05-05T00:36:00,0,70.5,19,0.64772
2025-05-05T00:39:00,0,71.5,19,0.62576
2025-05-05T00:42:00,0,72,19,0.61478
2025-05-05T00:45:00,0,72.6,19,0.60161
2025-05-05T00:48:00,0,73,19,0.59283
2025-05-05T00:51:00,0,73.5,19,0.58185
2025-05-05T00:54:00,0,73.7,19,0.57746
2025-05-05T00:57:00,0,73.9,19,0.57307
2025-05-05T01:00:00,0,74,19,0.57087
2025-05-05T01:03:00,0,74.3,19,0.56428
2025-05-05T01:06:00,0,74.4,19,0.56209
2025-05-05T01:09:00,0,74.6,19,0.5577
2025-05-05T01:12:00,0,74.6,19,0.5577
2025-05-05T01:15:00,0,74.6,19,0.5577
2025-05-05T01:18:00,0,74.6,19,0.5577
2025-05-05T01:21:00,0,74.8,19,0.55331
2025-05-05T01:24:00,0,74.7,19,0.5555
2025-05-05T01:27:00,0,74.7,19,0.5555
2025-05-05T01:30:00,0,74.8,19,0.55331
2025-05-05T01:33:00,0,74.7,19,0.5555
2025-05-05T01:36:00,0,74.8,19,0.55331
2025-05-05T01:39:00,0,74.7,19,0.5555
2025-05-05T01:42:00,0,74.8,19,0.55331
2025-05-05T01:45:00,0,74.8,19,0.55331
2025-05-05T01:48:00,0,74.9,18,0.51765
2025-05-05T01:51:00,0,74.9,18,0.51765
2025-05-05T01:54:00,0,74.8,18,0.51971
2025-05-05T01:57:00,0,74.9,18,0.51765
2025-05-05T02:00:00,0,74.7,18,0.52177
2025-05-05T02:03:00,0,75.2,18,0.51146
2025-05-05T02:06:00,0,76,18,0.49496
2025-05-05T02:09:00,0,76.5,18,0.48465
2025-05-05T02:12:00,0,77.1,18,0.47227
2025-05-05T02:15:00,0,77.2,18,0.47021
2025-05-05T02:18:00,0,77.4,18,0.46609
2025-05-05T02:21:00,0,77.4,18,0.46609
2025-05-05T02:24:00,0,77.5,18,0.46402
2025-05-05T02:27:00,0,77.4,18,0.46609
2025-05-05T02:30:00,0,77.6,18,0.46196
2025-05-05T02:33:00,0,77.5,18,0.46402
2025-05-05T02:36:00,0,77.8,18,0.45784
2025-05-05T02:39:00,0,77.5,18,0.46402
2025-05-05T02:42:00,0,77.4,18,0.46609
2025-05-05T02:45:00,0,77.2,18,0.47021
2025-05-05T02:48:00,0,76.9,18,0.4764
2025-05-05T02:51:00,0,76.7,18,0.48052
2025-05-05T02:54:00,0,76.5,18,0.48465
2025-05-05T02:57:00,0,76.1,18,0.4929
2025-05-05T03:00:00,0,76,18,0.49496
2025-05-05T03:03:00,0,75.7,18,0.50115
2025-05-05T03:06:00,0,75.6,18,0.50321
2025-05-05T03:09:00,0,75.4,18,0.50733
2025-05-05T03:12:00,0,75.3,18,0.5094
2025-05-05T03:15:00,0,75,18,0.51558
2025-05-05T03:18:00,0,75,18,0.51558
2025-05-05T03:21:00,0,74.8,18,0.51971
2025-05-05T03:24:00,0,74.7,18,0.52177
2025-05-05T03:27:00,0,74.6,17,0.49179
2025-05-05T03:30:00,0,74.4,18,0.52796
2025-05-05T03:33:00,0,74.4,17,0.49566
2025-05-05T03:36:00,0,74.3,17,0.49759
2025-05-05T03:39:00,0,74.4,17,0.49566
2025-05-05T03:42:00,0,74.5,17,0.49372
2025-05-05T03:45:00,0,74.5,17,0.49372
2025-05-05T03:48:00,0,74.5,17,0.49372
2025-05-05T03:51:00,0,74.4,17,0.49566
2025-05-05T03:54:00,0,74.6,17,0.49179
2025-05-05T03:57:00,0,74.4,17,0.49566
2025-05-05T04:00:00,0,74.6,17,0.49179
2025-05-05T04:03:00,348,74,18,0.53621
2025-05-05T04:06:00,346,73.6,18,0.54446
2025-05-05T04:09:00,344,72.8,18,0.56095
2025-05-05T04:12:00,343,72.8,18,0.56095
2025-05-05T04:15:00,339,72.1,18,0.57539
2025-05-05T04:18:00,339,71.9,19,0.61698
2025-05-05T04:21:00,338,71.5,19,0.62576
2025-05-05T04:24:00,336,71.5,19,0.62576
2025-05-05T04:27:00,336,70.7,19,0.64333
2025-05-05T04:30:00,335,70.6,19,0.64552
2025-05-05T04:33:00,335,70.4,19,0.64991
2025-05-05T04:36:00,334,70.2,19,0.65431
2025-05-05T04:39:00,334,69.9,19,0.66089
2025-05-05T04:42:00,334,69.7,19,0.66528
2025-05-05T04:45:00,334,69.4,20,0.71496
2025-05-05T04:48:00,334,69.3,20,0.7173
2025-05-05T04:51:00,333,69,20,0.72431
2025-05-05T04:54:00,333,67.6,20,0.75702
2025-05-05T04:57:00,333,68.3,20,0.74066
2025-05-05T05:00:00,333,66.9,20,0.77337
2025-05-05T05:03:00,332,65.2,20,0.81309
2025-05-05T05:06:00,332,63.2,20,0.85982
2025-05-05T05:09:00,332,63,20,0.8645
2025-05-05T05:12:00,333,63,20,0.8645
2025-05-05T05:15:00,332,60.7,20,0.91824
2025-05-05T05:18:00,332,60.2,20,0.92992
2025-05-05T05:21:00,331,59.9,20,0.93693
2025-05-05T05:24:00,331,59.4,20,0.94861
2025-05-05T05:27:00,331,57.4,19,0.93535
2025-05-05T05:30:00,331,57.2,19,0.93974
2025-05-05T05:33:00,331,56.4,19,0.95731
2025-05-05T05:36:00,331,56,19,0.96609
2025-05-05T05:39:00,331,54.8,19,0.99244
2025-05-05T05:42:00,331,53.9,19,1.0122
2025-05-05T05:45:00,333,54.3,19,1.00342
2025-05-05T05:48:00,331,53.9,19,1.0122
2025-05-05T05:51:00,333,53.3,19,1.02537
2025-05-05T05:54:00,333,53.1,19,1.02976
2025-05-05T05:57:00,333,53,19,1.03196
2025-05-05T06:00:00,333,53,19,1.03196
2025-05-05T06:03:00,334,52.5,19,1.04294
2025-05-05T06:06:00,335,52.4,19,1.04513
2025-05-05T06:09:00,336,52.2,19,1.04952
2025-05-05T06:12:00,338,53,19,1.03196
2025-05-05T06:15:00,339,52.5,19,1.04294
2025-05-05T06:18:00,341,52.1,19,1.05172
2025-05-05T06:21:00,342,52.9,19,1.03415
2025-05-05T06:24:00,345,53.5,20,1.08646
2025-05-05T06:27:00,344,52.2,20,1.11684
2025-05-05T06:30:00,343,53.4,20,1.0888
2025-05-05T06:33:00,347,54.3,20,1.06777
2025-05-05T06:36:00,347,54.3,20,1.06777
2025-05-05T06:39:00,349,54.1,20,1.07244
2025-05-05T06:42:00,356,55.2,20,1.04674
2025-05-05T06:45:00,355,54.8,20,1.05609
2025-05-05T06:48:00,356,55.3,20,1.04441
2025-05-05T06:51:00,354,56.4,20,1.01871
2025-05-05T06:54:00,355,56.2,20,1.02338
2025-05-05T06:57:00,356,56,20,1.02805
2025-05-05T07:00:00,361,56.8,21,1.07359
2025-05-05T07:03:00,368,57.9,21,1.04625
2025-05-05T07:06:00,370,56.5,21,1.08104
2025-05-05T07:09:00,368,56.5,21,1.08104
2025-05-05T07:12:00,371,56.9,21,1.0711
2025-05-05T07:15:00,373,56.7,21,1.07607
2025-05-05T07:18:00,372,56.1,21,1.09098
2025-05-05T07:21:00,374,56.6,21,1.07856
2025-05-05T07:24:00,378,56.5,21,1.08104
2025-05-05T07:27:00,377,55.5,21,1.10589
2025-05-05T07:30:00,381,56.1,21,1.09098
2025-05-05T07:33:00,385,55.1,21,1.11583
2025-05-05T07:36:00,389,55.8,21,1.09844
2025-05-05T07:39:00,387,56,21,1.09347
2025-05-05T07:42:00,380,55.2,22,1.18364
2025-05-05T07:45:00,381,55.4,22,1.17835
2025-05-05T07:48:00,382,55,22,1.18892
2025-05-05T07:51:00,383,54.7,22,1.19685
2025-05-05T07:54:00,386,55.3,22,1.181
2025-05-05T07:57:00,394,55,22,1.18892
2025-05-05T08:00:00,394,54.2,22,1.21006
2025-05-05T08:03:00,398,54.4,22,1.20477
2025-05-05T08:06:00,410,54,22,1.21534
2025-05-05T08:09:00,421,53.2,22,1.23648
2025-05-05T08:12:00,427,53.8,22,1.22063
2025-05-05T08:15:00,418,52.4,22,1.25761
2025-05-05T08:18:00,415,51.8,22,1.27347
2025-05-05T08:21:00,485,51.7,22,1.27611
2025-05-05T08:24:00,505,49.4,23,1.42062
2025-05-05T08:27:00,466,48,22,1.37386
2025-05-05T08:30:00,601,46.1,23,1.51327
2025-05-05T08:33:00,702,45.3,23,1.53573
2025-05-05T08:36:00,641,44.7,23,1.55257
2025-05-05T08:39:00,624,44,23,1.57223
2025-05-05T08:42:00,679,41.4,22,1.54824
2025-05-05T08:45:00,571,41.9,22,1.53503
2025-05-05T08:48:00,638,38.7,21,1.5234
2025-05-05T08:51:00,504,40.6,21,1.47618
2025-05-05T08:54:00,561,39.1,22,1.60901
2025-05-05T08:57:00,555,38.8,22,1.61693
2025-05-05T09:00:00,510,37.4,22,1.65392
2025-05-05T09:03:00,438,38.7,23,1.72103
2025-05-05T09:06:00,443,39.4,23,1.70137
2025-05-05T09:09:00,432,37.6,22,1.64864
2025-05-05T09:12:00,429,37.6,22,1.64864
2025-05-05T09:15:00,423,38.7,22,1.61958
2025-05-05T09:18:00,476,39.8,22,1.59051
2025-05-05T09:21:00,509,36.5,22,1.6777
2025-05-05T09:24:00,527,35.5,22,1.70412
2025-05-05T09:27:00,507,35.7,22,1.69884
2025-05-05T09:30:00,528,34.8,19,1.43157
2025-05-05T09:33:00,527,37,20,1.47198
2025-05-05T09:36:00,515,35.1,20,1.51638
2025-05-05T09:39:00,490,32.2,22,1.79131
2025-05-05T09:42:00,490,31.4,22,1.81244
2025-05-05T09:45:00,480,31.4,19,1.50622
2025-05-05T09:48:00,473,32.5,18,1.39207
2025-05-05T09:51:00,482,32.3,20,1.5818
2025-05-05T09:54:00,487,29.1,21,1.76197
2025-05-05T09:57:00,482,31.1,19,1.51281
2025-05-05T10:00:00,479,30.7,19,1.52159
2025-05-05T10:03:00,456,28.6,21,1.7744
2025-05-05T10:06:00,469,28.5,19,1.5699
2025-05-05T10:09:00,484,32.2,20,1.58413
2025-05-05T10:12:00,459,29.6,21,1.74955
2025-05-05T10:15:00,492,30.5,19,1.52598
2025-05-05T10:18:00,506,31.4,19,1.50622
2025-05-05T10:21:00,505,26.5,21,1.82659
2025-05-05T10:24:00,512,29.6,19,1.54574
2025-05-05T10:27:00,490,28.8,19,1.56331
2025-05-05T10:30:00,512,27.6,20,1.69161
2025-05-05T10:33:00,534,28.9,19,1.56111
2025-05-05T10:36:00,504,27.8,18,1.489
2025-05-05T10:39:00,542,28.5,19,1.5699
2025-05-05T10:42:00,509,24.2,20,1.77105
2025-05-05T10:45:00,504,25.9,18,1.52819
2025-05-05T10:48:00,534,26.7,19,1.60942
2025-05-05T10:51:00,515,26.7,19,1.60942
2025-05-05T10:54:00,510,23.4,21,1.90363
2025-05-05T10:57:00,514.5,24.75,20,1.7582
2025-05-05T11:00:00,519,26.1,19,1.62259
2025-05-05T11:03:00,522,25,19,1.64674
2025-05-05T11:06:00,540,25.5,20,1.74068
2025-05-05T11:09:00,737,24.3,20,1.76871
2025-05-05T11:12:00,1326,25.4,19,1.63796
2025-05-05T11:15:00,1632,23.5,20,1.78741
2025-05-05T11:18:00,1630,23.5,20,1.78741
2025-05-05T11:21:00,1641,22.6,20,1.80844
2025-05-05T11:24:00,1613,22.1,19,1.71042
2025-05-05T11:27:00,765,21.5,19,1.72359
2025-05-05T11:30:00,529,19.2,21,2.008
2025-05-05T11:33:00,1471,22.8,20,1.80376
2025-05-05T11:36:00,1428,21.8,19,1.717
2025-05-05T11:39:00,945,22.6,20,1.80844
2025-05-05T11:42:00,535,21,19,1.73457
2025-05-05T11:45:00,724,21.9,19,1.71481
2025-05-05T11:48:00,1282,22.2,20,1.81778
2025-05-05T11:51:00,403,21.4,20,1.83647
2025-05-05T11:54:00,1487,22,20,1.82245
2025-05-05T11:57:00,1400,23.5,20,1.78741
2025-05-05T12:00:00,1558,22.3,20,1.81544
2025-05-05T12:03:00,1560,20.9,21,1.96576
2025-05-05T12:06:00,1616,21.4,21,1.95333
2025-05-05T12:09:00,1538,20.8,21,1.96824
2025-05-05T12:12:00,1577,20.7,21,1.97073
2025-05-05T12:15:00,686,21.3,20,1.83881
2025-05-05T12:18:00,534,21.5,20,1.83414
2025-05-05T12:21:00,517,22,21,1.93842
2025-05-05T12:24:00,453,20.8,21,1.96824
2025-05-05T12:27:00,482,26.8,21,1.81913
2025-05-05T12:30:00,377,44,15,0.95423
2025-05-05T12:33:00,454,42.4,16,1.04649
2025-05-05T12:36:00,443,43.4,17,1.09587
2025-05-05T12:39:00,435,45.2,17,1.06102
2025-05-05T12:42:00,438,43.8,15,0.95764
2025-05-05T12:45:00,461,44.1,17,1.08232
2025-05-05T12:48:00,469,43.4,18,1.16728
2025-05-05T12:51:00,471,43.8,18,1.15903
2025-05-05T12:54:00,443,44.7,18,1.14047
2025-05-05T12:57:00,370,43.5,18,1.16522
2025-05-05T13:00:00,369,45.2,17,1.06102
2025-05-05T13:03:00,364,34.2,21,1.63523
2025-05-05T13:06:00,593,40.2,20,1.39721
2025-05-05T13:09:00,506,41.3,20,1.37151
2025-05-05T13:12:00,709,45.4,18,1.12603
2025-05-05T13:15:00,459,45.3,17,1.05908
2025-05-05T13:18:00,481,41.6,20,1.3645
2025-05-05T13:21:00,415,35.3,21,1.60789
2025-05-05T13:24:00,402,38,20,1.44862
2025-05-05T13:27:00,799,40,18,1.2374
2025-05-05T13:30:00,498,29.7,19,1.54355
2025-05-05T13:33:00,501,33.6,21,1.65014
2025-05-05T13:36:00,950,27.7,19,1.58746
2025-05-05T13:39:00,491,23.7,21,1.89617
2025-05-05T13:42:00,856,25.3,22,1.97361
2025-05-05T13:45:00,431,22.4,21,1.92848
2025-05-05T13:48:00,925,19.9,21,1.99061
2025-05-05T13:51:00,982,32.3,19,1.48646
2025-05-05T13:54:00,977,44.7,17,1.0707
2025-05-05T13:57:00,481,42.9,18,1.17759
2025-05-05T14:00:00,476,42.9,18,1.17759
2025-05-05T14:03:00,605,49.3,17,0.98163
2025-05-05T14:06:00,364,49.5,18,1.04148
2025-05-05T14:09:00,356,38.3,19,1.35472
2025-05-05T14:12:00,353,38.7,21,1.5234
2025-05-05T14:15:00,380,38.1,22,1.63543
2025-05-05T14:18:00,557,46.7,17,1.03198
2025-05-05T14:21:00,538,39,19,1.33935
2025-05-05T14:24:00,505,42.9,19,1.25372
2025-05-05T14:27:00,471,47.1,18,1.09097
2025-05-05T14:30:00,477,42.9,20,1.33413
2025-05-05T14:33:00,512,45.1,20,1.28273
2025-05-05T14:36:00,370,43.8,21,1.39666
2025-05-05T14:39:00,569,41,22,1.55881
2025-05-05T14:42:00,393,37.3,22,1.65656
2025-05-05T14:45:00,495,38.2,18,1.27452
2025-05-05T14:48:00,480,43.8,20,1.3131
2025-05-05T14:51:00,470,43.5,19,1.24055
2025-05-05T14:54:00,458,40.8,20,1.3832
2025-05-05T14:57:00,385,39.4,21,1.506
2025-05-05T15:00:00,468,36.7,22,1.67242
2025-05-05T15:03:00,500,37.8,20,1.45329
2025-05-05T15:06:00,576,40.1,19,1.3152
2025-05-05T15:09:00,591,35.6,21,1.60044
2025-05-05T15:12:00,616,33.1,21,1.66257
2025-05-05T15:15:00,396,31.4,21,1.70482
2025-05-05T15:18:00,392,27,22,1.92869
2025-05-05T15:21:00,383,27.4,23,2.03828
2025-05-05T15:24:00,484,25.9,22,1.95776
2025-05-05T15:27:00,521,23.5,21,1.90114
2025-05-05T15:30:00,417,25.3,23,2.09724
2025-05-05T15:33:00,427,23.1,21,1.91108
2025-05-05T15:36:00,431,25.3,22,1.97361
2025-05-05T15:39:00,446,23,20,1.79909
2025-05-05T15:42:00,461,25.4,22,1.97097
2025-05-05T15:45:00,484,21.8,20,1.82713
2025-05-05T15:48:00,464,21.8,20,1.82713
2025-05-05T15:51:00,406,21.6,20,1.8318
2025-05-05T15:54:00,398,24.7,21,1.87132
2025-05-05T15:57:00,396,19.4,22,2.12949
2025-05-05T16:00:00,379,22.3,21,1.93096
2025-05-05T16:03:00,375,23.9,22,2.0106
2025-05-05T16:06:00,398,21.3,22,2.07929
2025-05-05T16:09:00,500,21,20,1.84582
2025-05-05T16:12:00,506,21.4,20,1.83647
2025-05-05T16:15:00,432,22.9,20,1.80143
2025-05-05T16:18:00,487,18.6,20,1.90189
2025-05-05T16:21:00,408,23.8,20,1.7804
2025-05-05T16:24:00,397,23.3,21,1.90611
2025-05-05T16:27:00,479,20.5,22,2.10043
2025-05-05T16:30:00,509,19.6,20,1.87853
2025-05-05T16:33:00,489,19.4,20,1.8832
2025-05-05T16:36:00,470,21,20,1.84582
2025-05-05T16:39:00,468,19.4,19,1.7697
2025-05-05T16:42:00,450,21.4,19,1.72579
2025-05-05T16:45:00,444,20.8,19,1.73896
2025-05-05T16:48:00,445,20.9,19,1.73677
2025-05-05T16:51:00,447,20.3,19,1.74994
2025-05-05T16:54:00,461,20.1,19,1.75433
2025-05-05T16:57:00,410,42.6,16,1.04285
2025-05-05T17:00:00,504,45.3,15,0.93208
2025-05-05T17:03:00,397,42.8,17,1.10749
2025-05-05T17:06:00,383,45.6,17,1.05327
2025-05-05T17:09:00,378,35,20,1.51871
2025-05-05T17:12:00,400,35.8,21,1.59547
2025-05-05T17:15:00,368,38.2,19,1.35692
2025-05-05T17:18:00,583,37.7,19,1.36789
2025-05-05T17:21:00,501,36.5,20,1.48366
2025-05-05T17:24:00,446,40.6,18,1.22503
2025-05-05T17:27:00,528,34,19,1.44913
2025-05-05T17:30:00,494,35.6,20,1.50469
2025-05-05T17:33:00,516,35.1,20,1.51638
2025-05-05T17:36:00,424,32.1,20,1.58647
2025-05-05T17:39:00,428,29.3,20,1.65189
2025-05-05T17:42:00,454,26,21,1.83901
2025-05-05T17:45:00,463,23.6,21,1.89866
2025-05-05T17:48:00,466,22.8,22,2.03966
2025-05-05T17:51:00,575,20.7,22,2.09514
2025-05-05T17:54:00,468,20.9,22,2.08986
2025-05-05T17:57:00,457,20.3,22,2.10571
2025-05-05T18:00:00,452,19.1,22,2.13742
2025-05-05T18:03:00,369,19.4,22,2.12949
2025-05-05T18:06:00,366,19.1,22,2.13742
2025-05-05T18:09:00,360,20.9,22,2.08986
2025-05-05T18:12:00,360,21.9,23,2.19269
2025-05-05T18:15:00,394,18.4,22,2.15591
2025-05-05T18:18:00,396,20,21,1.98812
2025-05-05T18:21:00,394,20,21,1.98812
2025-05-05T18:24:00,395,20.2,22,2.10835
2025-05-05T18:27:00,398,19.6,22,2.12421
2025-05-05T18:30:00,400,19.4,22,2.12949
2025-05-05T18:33:00,391,20.2,22,2.10835
2025-05-05T18:36:00,385,19.9,22,2.11628
2025-05-05T18:39:00,383,19.5,23,2.26007
2025-05-05T18:42:00,382,18.6,22,2.15063
2025-05-05T18:45:00,380,18.7,22,2.14798
2025-05-05T18:48:00,385,18.9,22,2.1427
2025-05-05T18:51:00,387,19.2,22,2.13477
2025-05-05T18:54:00,387,19.2,22,2.13477
2025-05-05T18:57:00,387,19.2,22,2.13477
2025-05-05T19:00:00,379,19,22,2.14006
2025-05-05T19:03:00,374,18.9,22,2.1427
2025-05-05T19:06:00,368,18.9,22,2.1427
2025-05-05T19:09:00,366,18.7,22,2.14798
2025-05-05T19:12:00,363,19.3,23,2.26569
2025-05-05T19:15:00,359,18.9,23,2.27692
2025-05-05T19:18:00,358,19,22,2.14006
2025-05-05T19:21:00,356,19.2,23,2.2685
2025-05-05T19:24:00,351,18.8,22,2.14534
2025-05-05T19:27:00,350,19.6,21,1.99806
2025-05-05T19:30:00,348,19.3,22,2.13213
2025-05-05T19:33:00,349,19.9,22,2.11628
2025-05-05T19:36:00,347,19.3,22,2.13213
2025-05-05T19:39:00,348,19,22,2.14006
2025-05-05T19:42:00,345,19.1,22,2.13742
2025-05-05T19:45:00,344,19.6,21,1.99806
2025-05-05T19:48:00,344,20.5,21,1.9757
2025-05-05T19:51:00,342,20.5,22,2.10043
2025-05-05T19:54:00,343,20.2,21,1.98315
2025-05-05T19:57:00,342,21.1,21,1.96079
2025-05-05T20:00:00,342,21.7,21,1.94588
2025-05-05T20:03:00,10,21.4,21,1.95333
2025-05-05T20:06:00,10,22.6,21,1.92351
2025-05-05T20:09:00,0,22.7,21,1.92102
2025-05-05T20:12:00,0,22.9,21,1.91605
2025-05-05T20:15:00,0,22.4,21,1.92848
2025-05-05T20:18:00,0,22.2,20,1.81778
2025-05-05T20:21:00,0,22.1,20,1.82012
2025-05-05T20:24:00,0,22.1,20,1.82012
2025-05-05T20:27:00,0,22.1,20,1.82012
2025-05-05T20:30:00,0,22.1,20,1.82012
2025-05-05T20:33:00,0,22.8,20,1.80376
2025-05-05T20:36:00,0,23.6,20,1.78507
2025-05-05T20:39:00,0,24.4,20,1.76638
2025-05-05T20:42:00,0,25,20,1.75236
2025-05-05T20:45:00,0,25.9,20,1.73133
2025-05-05T20:48:00,0,26.8,20,1.7103
2025-05-05T20:51:00,0,27.7,20,1.68927
2025-05-05T20:54:00,0,28.6,20,1.66825
2025-05-05T20:57:00,0,29.4,20,1.64955
2025-05-05T21:00:00,0,30.3,20,1.62853
2025-05-05T21:03:00,0,30.9,20,1.61451
2025-05-05T21:06:00,0,31.7,20,1.59582
2025-05-05T21:09:00,0,32.5,20,1.57712
2025-05-05T21:12:00,0,33.3,20,1.55843
2025-05-05T21:15:00,0,34.2,20,1.5374
2025-05-05T21:18:00,0,34.9,20,1.52105
2025-05-05T21:21:00,0,35.5,20,1.50703
2025-05-05T21:24:00,0,36.2,20,1.49067
2025-05-05T21:27:00,0,37,20,1.47198
2025-05-05T21:30:00,0,37.6,20,1.45796
2025-05-05T21:33:00,0,38.4,19,1.35253
2025-05-05T21:36:00,0,39.1,20,1.42292
2025-05-05T21:39:00,0,39.7,19,1.32398
2025-05-05T21:42:00,0,40.4,19,1.30861
2025-05-05T21:45:00,0,41.2,19,1.29105
2025-05-05T21:48:00,0,41.7,19,1.28007
2025-05-05T21:51:00,0,42.5,19,1.2625
2025-05-05T21:54:00,0,43.1,19,1.24933
2025-05-05T21:57:00,0,43.7,19,1.23616
2025-05-05T22:00:00,0,44.3,19,1.22298
2025-05-05T22:03:00,0,44.7,19,1.2142
2025-05-05T22:06:00,0,45.4,19,1.19883
2025-05-05T22:09:00,0,46,19,1.18566
2025-05-05T22:12:00,0,46.5,19,1.17468
2025-05-05T22:15:00,0,47,19,1.1637
2025-05-05T22:18:00,0,47.6,19,1.15052
2025-05-05T22:21:00,0,48.2,19,1.13735
2025-05-05T22:24:00,0,48.6,19,1.12857
2025-05-05T22:27:00,0,48.9,19,1.12198
2025-05-05T22:30:00,0,49.4,19,1.111
2025-05-05T22:33:00,0,49.9,19,1.10002
2025-05-05T22:36:00,0,50.2,19,1.09344
2025-05-05T22:39:00,0,50.6,19,1.08465
2025-05-05T22:42:00,0,51,18,1.01054
2025-05-05T22:45:00,0,51.1,18,1.00848
2025-05-05T22:48:00,0,51.4,18,1.00229
2025-05-05T22:51:00,0,51.7,18,0.99611
2025-05-05T22:54:00,0,51.8,18,0.99404
2025-05-05T22:57:00,0,52,18,0.98992
2025-05-05T23:00:00,0,52.2,18,0.9858
2025-05-05T23:03:00,0,52.3,18,0.98373
2025-05-05T23:06:00,0,53.6,18,0.95692
2025-05-05T23:09:00,0,56.1,18,0.90536
2025-05-05T23:12:00,0,58.1,18,0.86412
2025-05-05T23:15:00,0,59.4,18,0.83731
2025-05-05T23:18:00,0,60.6,18,0.81256
2025-05-05T23:21:00,0,61.4,18,0.79606
2025-05-05T23:24:00,0,61.5,18,0.794
2025-05-05T23:27:00,0,62.2,18,0.77956
2025-05-05T23:30:00,0,62.5,18,0.77337
2025-05-05T23:33:00,0,62.6,18,0.77131
2025-05-05T23:36:00,0,62.9,18,0.76513
2025-05-05T23:39:00,0,62.8,18,0.76719
2025-05-05T23:42:00,0,62.8,18,0.76719
2025-05-05T23:45:00,0,62.9,17,0.71832
2025-05-05T23:48:00,0,63,17,0.71638
2025-05-05T23:51:00,0,62.9,17,0.71832
2025-05-05T23:54:00,0,62.8,17,0.72025
2025-05-05T23:57:00,0,62.9,17,0.71832
2025-05-06T00:00:00,0,62.9,17,0.71832
2025-05-06T00:03:00,0,62.9,17,0.71832
2025-05-06T00:06:00,0,63,17,0.71638
2025-05-06T00:09:00,0,62.8,17,0.72025
2025-05-06T00:12:00,0,62.8,17,0.72025
2025-05-06T00:15:00,0,62.6,17,0.72413
2025-05-06T00:18:00,0,62.5,17,0.72606
2025-05-06T00:21:00,0,62.4,17,0.728
2025-05-06T00:24:00,0,62.3,17,0.72993
2025-05-06T00:27:00,0,62.3,17,0.72993
2025-05-06T00:30:00,0,62.2,17,0.73187
2025-05-06T00:33:00,0,62.9,17,0.71832
2025-05-06T00:36:00,0,65,17,0.67766
2025-05-06T00:39:00,0,66.1,17,0.65636
2025-05-06T00:42:00,0,66.8,17,0.64281
2025-05-06T00:45:00,0,67.2,17,0.63506
2025-05-06T00:48:00,0,67.4,17,0.63119
2025-05-06T00:51:00,0,67.8,17,0.62344
2025-05-06T00:54:00,0,68,17,0.61957
2025-05-06T00:57:00,0,68.3,17,0.61376
2025-05-06T01:00:00,0,68.1,17,0.61764
2025-05-06T01:03:00,0,67.9,17,0.62151
2025-05-06T01:06:00,0,67.8,17,0.62344
2025-05-06T01:09:00,0,67.7,17,0.62538
2025-05-06T01:12:00,0,67.4,16,0.59228
2025-05-06T01:15:00,0,67.2,16,0.59592
2025-05-06T01:18:00,0,67.1,16,0.59773
2025-05-06T01:21:00,0,67,16,0.59955
2025-05-06T01:24:00,0,66.8,16,0.60318
2025-05-06T01:27:00,0,66.6,16,0.60682
2025-05-06T01:30:00,0,66.5,16,0.60863
2025-05-06T01:33:00,0,66.3,16,0.61227
2025-05-06T01:36:00,0,66.1,16,0.6159
2025-05-06T01:39:00,0,66.1,16,0.6159
2025-05-06T01:42:00,0,65.7,16,0.62317
2025-05-06T01:45:00,0,65.2,16,0.63225
2025-05-06T01:48:00,0,64.8,16,0.63952
2025-05-06T01:51:00,0,64.8,16,0.63952
2025-05-06T01:54:00,0,64.6,16,0.64315
2025-05-06T01:57:00,0,64.5,16,0.64497
2025-05-06T02:00:00,0,64.4,16,0.64679
2025-05-06T02:03:00,0,65.1,16,0.63407
2025-05-06T02:06:00,0,66.4,16,0.61045
2025-05-06T02:09:00,0,67.6,16,0.58865
2025-05-06T02:12:00,0,67.7,16,0.58683
2025-05-06T02:15:00,0,68.1,16,0.57957
2025-05-06T02:18:00,0,68.3,16,0.57593
2025-05-06T02:21:00,0,68.8,16,0.56685
2025-05-06T02:24:00,0,68.7,16,0.56866
2025-05-06T02:27:00,0,68.6,16,0.57048
2025-05-06T02:30:00,0,68.4,16,0.57412
2025-05-06T02:33:00,0,68.6,16,0.57048
2025-05-06T02:36:00,0,68.2,16,0.57775
2025-05-06T02:39:00,0,68.1,16,0.57957
2025-05-06T02:42:00,0,68.7,16,0.56866
2025-05-06T02:45:00,0,67.2,16,0.59592
2025-05-06T02:48:00,0,66.6,16,0.60682
2025-05-06T02:51:00,0,65.4,17,0.66991
2025-05-06T02:54:00,0,65.1,17,0.67572
2025-05-06T02:57:00,0,64.7,17,0.68347
2025-05-06T03:00:00,0,64.8,17,0.68153
2025-05-06T03:03:00,0,64.6,17,0.6854
2025-05-06T03:06:00,0,64.7,16,0.64134
2025-05-06T03:09:00,0,64.4,16,0.64679
2025-05-06T03:12:00,0,64.2,16,0.65042
2025-05-06T03:15:00,0,64.2,16,0.65042
2025-05-06T03:18:00,0,64.1,16,0.65224
2025-05-06T03:21:00,0,63.8,16,0.65769
2025-05-06T03:24:00,0,63.9,16,0.65587
2025-05-06T03:27:00,0,63.7,16,0.65951
2025-05-06T03:30:00,0,63.7,16,0.65951
2025-05-06T03:33:00,0,63.8,16,0.65769
2025-05-06T03:36:00,0,64,16,0.65406
2025-05-06T03:39:00,0,63.4,16,0.66496
2025-05-06T03:42:00,0,62.3,16,0.68494
2025-05-06T03:45:00,0,61.4,17,0.74736
2025-05-06T03:48:00,0,60.8,17,0.75898
2025-05-06T03:51:00,0,60.8,17,0.75898
2025-05-06T03:54:00,0,60.9,17,0.75704
2025-05-06T03:57:00,0,60.8,16,0.71219
2025-05-06T04:00:00,0,60.9,16,0.71038
2025-05-06T04:03:00,348,60.7,16,0.71401
2025-05-06T04:06:00,345,60.3,17,0.76866
2025-05-06T04:09:00,344,59.9,17,0.7764
2025-05-06T04:12:00,340,59.6,17,0.78221
2025-05-06T04:15:00,339,59.5,17,0.78415
2025-05-06T04:18:00,337,59.3,17,0.78802
2025-05-06T04:21:00,336,59.4,17,0.78608
2025-05-06T04:24:00,334,59.3,17,0.78802
2025-05-06T04:27:00,334,59.2,17,0.78995
2025-05-06T04:30:00,333,58.7,17,0.79964
2025-05-06T04:33:00,331,58,17,0.81319
2025-05-06T04:36:00,330,57.9,17,0.81512
2025-05-06T04:39:00,330,58.1,17,0.81125
2025-05-06T04:42:00,329,57.7,17,0.819
2025-05-06T04:45:00,328,58.3,17,0.80738
2025-05-06T04:48:00,331,58.2,17,0.80932
2025-05-06T04:51:00,331,58.3,17,0.80738
2025-05-06T04:54:00,330,57.9,17,0.81512
2025-05-06T04:57:00,330,57.7,18,0.87237
2025-05-06T05:00:00,330,57.6,18,0.87443
2025-05-06T05:03:00,330,57.2,18,0.88268
2025-05-06T05:06:00,330,56.9,18,0.88887
2025-05-06T05:09:00,331,56.5,18,0.89711
2025-05-06T05:12:00,331,56.4,18,0.89918
2025-05-06T05:15:00,331,56.2,18,0.9033
2025-05-06T05:18:00,331,55.8,18,0.91155
2025-05-06T05:21:00,331,56,18,0.90743
2025-05-06T05:24:00,332,55.8,18,0.91155
2025-05-06T05:27:00,332,55.7,18,0.91361
2025-05-06T05:30:00,332,55.6,18,0.91568
2025-05-06T05:33:00,332,55.4,18,0.9198
2025-05-06T05:36:00,332,55.2,18,0.92393
2025-05-06T05:39:00,333,55.4,18,0.9198
2025-05-06T05:42:00,333,55.2,18,0.92393
2025-05-06T05:45:00,334,55.2,18,0.92393
2025-05-06T05:48:00,334,55.2,18,0.92393
2025-05-06T05:51:00,334,54.8,18,0.93217
2025-05-06T05:54:00,334,54.5,18,0.93836
2025-05-06T05:57:00,334,54.8,18,0.93217
2025-05-06T06:00:00,335,55,18,0.92805
2025-05-06T06:03:00,336,54.7,18,0.93424
2025-05-06T06:06:00,336,54.7,18,0.93424
2025-05-06T06:09:00,336,54.7,18,0.93424
2025-05-06T06:12:00,338,54.6,18,0.9363
2025-05-06T06:15:00,337,54.4,18,0.94042
2025-05-06T06:18:00,339,54.2,18,0.94455
2025-05-06T06:21:00,340,54.3,18,0.94249
2025-05-06T06:24:00,341,54.3,19,1.00342
2025-05-06T06:27:00,342,54.7,19,0.99463
2025-05-06T06:30:00,344,54.8,19,0.99244
2025-05-06T06:33:00,344,55,19,0.98805
2025-05-06T06:36:00,350,55.2,19,0.98365
2025-05-06T06:39:00,352,55.3,19,0.98146
2025-05-06T06:42:00,353,55.5,19,0.97707
2025-05-06T06:45:00,356,55.8,19,0.97048
2025-05-06T06:48:00,357,56,19,0.96609
2025-05-06T06:51:00,358,56.2,19,0.9617
2025-05-06T06:54:00,360,56.4,19,0.95731
2025-05-06T06:57:00,361,56.4,19,0.95731
2025-05-06T07:00:00,364,56.4,20,1.01871
2025-05-06T07:03:00,366,56.2,20,1.02338
2025-05-06T07:06:00,367,56.3,20,1.02104
2025-05-06T07:09:00,368,56.5,20,1.01637
2025-05-06T07:12:00,370,56.4,20,1.01871
2025-05-06T07:15:00,373,56.8,21,1.07359
2025-05-06T07:18:00,375,56.8,21,1.07359
2025-05-06T07:21:00,378,56.9,21,1.0711
2025-05-06T07:24:00,380,56.5,21,1.08104
2025-05-06T07:27:00,383,54.5,21,1.13074
2025-05-06T07:30:00,386,51.8,21,1.19784
2025-05-06T07:33:00,401,50.7,21,1.22518
2025-05-06T07:36:00,397,48,21,1.29228
2025-05-06T07:39:00,406,47.6,22,1.38443
2025-05-06T07:42:00,408,45.7,22,1.43463
2025-05-06T07:45:00,419,45.9,22,1.42935
2025-05-06T07:48:00,411,43.9,22,1.48219
2025-05-06T07:51:00,416,41.9,22,1.53503
2025-05-06T07:54:00,443,39.9,22,1.58787
2025-05-06T07:57:00,435,38.2,22,1.63279
2025-05-06T08:00:00,492,36.9,22,1.66713
2025-05-06T08:03:00,558,36.2,22,1.68563
2025-05-06T08:06:00,581,36.5,22,1.6777
2025-05-06T08:09:00,626,39,22,1.61165
2025-05-06T08:12:00,619,39.6,22,1.5958
2025-05-06T08:15:00,610,43.3,22,1.49804
2025-05-06T08:18:00,666,43.1,23,1.59749
2025-05-06T08:21:00,668,43.3,23,1.59188
2025-05-06T08:24:00,558,42.2,24,1.72362
2025-05-06T08:27:00,520,41.5,22,1.5456
2025-05-06T08:30:00,657,38.8,23,1.71822
2025-05-06T08:33:00,707,40.5,23,1.67049
2025-05-06T08:36:00,720,38,23,1.74068
2025-05-06T08:39:00,758,39.6,23,1.69576
2025-05-06T08:42:00,750,38.4,20,1.43927
2025-05-06T08:45:00,727,37.8,22,1.64335
2025-05-06T08:48:00,712,34.4,21,1.63026
2025-05-06T08:51:00,738,38,22,1.63807
2025-05-06T08:54:00,709,28,20,1.68227
2025-05-06T08:57:00,665,34,20,1.54208
2025-05-06T09:00:00,642,31.1,22,1.82037
2025-05-06T09:03:00,590,27.3,21,1.80671
2025-05-06T09:06:00,564,33.9,21,1.64269
2025-05-06T09:09:00,549,29.4,18,1.45601
2025-05-06T09:12:00,527,23.5,20,1.78741
2025-05-06T09:15:00,510,30.7,18,1.4292
2025-05-06T09:18:00,503,26.1,15,1.25924
2025-05-06T09:21:00,509,23.2,18,1.58387
2025-05-06T09:24:00,499,28.8,17,1.37855
2025-05-06T09:27:00,495,24.2,15,1.29162
2025-05-06T09:30:00,497,24.8,19,1.65113
2025-05-06T09:33:00,487,25.9,16,1.34626
2025-05-06T09:36:00,476,22.3,18,1.60243
2025-05-06T09:39:00,463,24.2,18,1.56325
2025-05-06T09:42:00,466,22.4,20,1.81311
2025-05-06T09:45:00,468,22.9,18,1.59006
2025-05-06T09:48:00,465,25.5,18,1.53644
2025-05-06T09:51:00,467,26.5,16,1.33536
2025-05-06T09:54:00,471,23.3,19,1.68407
2025-05-06T09:57:00,476,21.7,20,1.82946
2025-05-06T10:00:00,473,23.9,16,1.3826
2025-05-06T10:03:00,472,25.3,18,1.54056
2025-05-06T10:06:00,470,24.7,16,1.36807
2025-05-06T10:09:00,473,24.5,17,1.4618
2025-05-06T10:12:00,477,22.8,16,1.40258
2025-05-06T10:15:00,482,21.6,18,1.61687
2025-05-06T10:18:00,485,23.4,19,1.68187
2025-05-06T10:21:00,486,23.3,18,1.58181
2025-05-06T10:24:00,487,23.5,18,1.57768
2025-05-06T10:27:00,489,23.8,18,1.5715
2025-05-06T10:30:00,488,22.1,17,1.50827
2025-05-06T10:33:00,512,20.4,19,1.74774
2025-05-06T10:36:00,496,21.5,20,1.83414
2025-05-06T10:39:00,500.5,21.1,19,1.73237
2025-05-06T10:42:00,505,20.7,18,1.63543
2025-05-06T10:45:00,495,23.6,18,1.57562
2025-05-06T10:48:00,492,24.8,17,1.45599
2025-05-06T10:51:00,511,23.5,20,1.78741
2025-05-06T10:54:00,516,21.8,18,1.61274
2025-05-06T10:57:00,503,22.7,20,1.8061
2025-05-06T11:00:00,504,21.5,17,1.51989
2025-05-06T11:03:00,505,23,18,1.588
2025-05-06T11:06:00,514,21.6,19,1.7214
2025-05-06T11:09:00,523,24.2,18,1.56325
2025-05-06T11:12:00,718,19.8,20,1.87386
2025-05-06T11:15:00,1398,22.6,18,1.59625
2025-05-06T11:18:00,1578,24.2,17,1.46761
2025-05-06T11:21:00,1635,19.9,20,1.87152
2025-05-06T11:24:00,1665,21.9,17,1.51214
2025-05-06T11:27:00,531,24.5,18,1.55706
2025-05-06T11:30:00,557,21.2,19,1.73018
2025-05-06T11:33:00,1551,22.9,17,1.49278
2025-05-06T11:36:00,1491,22.5,19,1.70163
2025-05-06T11:39:00,1392,22.5,18,1.59831
2025-05-06T11:42:00,838,21.2,17,1.5257
2025-05-06T11:45:00,515,22.5,18,1.59831
2025-05-06T11:48:00,671,22.5,19,1.70163
2025-05-06T11:51:00,1364,22.9,17,1.49278
2025-05-06T11:54:00,1504,23.5,18,1.57768
2025-05-06T11:57:00,1562,22.5,19,1.70163
2025-05-06T12:00:00,1611,22.1,17,1.50827
2025-05-06T12:03:00,1555,22.8,18,1.59212
2025-05-06T12:06:00,1630,20.8,19,1.73896
2025-05-06T12:09:00,1619,23.3,19,1.68407
2025-05-06T12:12:00,1607,20.3,19,1.74994
2025-05-06T12:15:00,525,20.1,18,1.6478
2025-05-06T12:18:00,489,20.7,19,1.74116
2025-05-06T12:21:00,489,19.2,19,1.77409
2025-05-06T12:24:00,454,20.2,18,1.64574
2025-05-06T12:27:00,473,30.2,18,1.43951
2025-05-06T12:30:00,442,36.6,20,1.48133
2025-05-06T12:33:00,471,38.7,17,1.18687
2025-05-06T12:36:00,432,40.4,18,1.22915
2025-05-06T12:39:00,433,38.3,18,1.27246
2025-05-06T12:42:00,449,46.4,16,0.97382
2025-05-06T12:45:00,476,44.8,16,1.00288
2025-05-06T12:48:00,472,44.3,19,1.22298
2025-05-06T12:51:00,470,44.8,18,1.13841
2025-05-06T12:54:00,469,47.7,16,0.9502
2025-05-06T12:57:00,473,40.9,20,1.38086
2025-05-06T13:00:00,467,45.1,18,1.13222
2025-05-06T13:03:00,464,45.8,17,1.0494
2025-05-06T13:06:00,438,41.3,21,1.45879
2025-05-06T13:09:00,438,45.5,18,1.12397
2025-05-06T13:12:00,464,49.1,16,0.92476
2025-05-06T13:15:00,463,44.3,19,1.22298
2025-05-06T13:18:00,483,44.8,18,1.13841
2025-05-06T13:21:00,495,49.9,16,0.91023
2025-05-06T13:24:00,495,42.3,19,1.26689
2025-05-06T13:27:00,498,40.2,20,1.39721
2025-05-06T13:30:00,500,46.5,16,0.972
2025-05-06T13:33:00,504,40.9,17,1.14427
2025-05-06T13:36:00,498,41.2,19,1.29105
2025-05-06T13:39:00,492,49.7,17,0.97389
2025-05-06T13:42:00,493,42.3,19,1.26689
2025-05-06T13:45:00,452,42.1,19,1.27129
2025-05-06T13:48:00,454,49.6,17,0.97583
2025-05-06T13:51:00,505,41.7,18,1.20234
2025-05-06T13:54:00,484,41.3,19,1.28885
2025-05-06T13:57:00,442,46.7,17,1.03198
2025-05-06T14:00:00,460,38.9,19,1.34155
2025-05-06T14:03:00,542,44.2,20,1.30376
2025-05-06T14:06:00,507,44.3,18,1.14872
2025-05-06T14:09:00,517,48.1,17,1.00487
2025-05-06T14:12:00,539,44.7,17,1.0707
2025-05-06T14:15:00,547,40.4,20,1.39254
2025-05-06T14:18:00,508,43.6,19,1.23835
2025-05-06T14:21:00,468,45.9,17,1.04746
2025-05-06T14:24:00,452,41.4,17,1.13459
2025-05-06T14:27:00,452,43.3,20,1.32478
2025-05-06T14:30:00,459,43.6,18,1.16316
2025-05-06T14:33:00,458,43.3,18.5,1.20662
2025-05-06T14:36:00,457,43,19,1.25152
2025-05-06T14:39:00,501,45,18,1.13428
2025-05-06T14:42:00,565,44.7,17,1.0707
2025-05-06T14:45:00,554,38.1,20,1.44628
2025-05-06T14:48:00,454,38.9,20,1.42759
2025-05-06T14:51:00,454,37,21,1.56565
2025-05-06T14:54:00,456,32,22,1.79659
2025-05-06T14:57:00,459,22.1,21,1.93593
2025-05-06T15:00:00,457,30.6,21,1.7247
2025-05-06T15:03:00,479,22.8,20,1.80376
2025-05-06T15:06:00,624,15.5,21,2.09995
2025-05-06T15:09:00,649,20.8,22,2.0925
2025-05-06T15:12:00,631,15.1,21,2.1099
2025-05-06T15:15:00,613,37.8,18,1.28277
2025-05-06T15:18:00,505,35,19,1.42718
2025-05-06T15:21:00,528,40.8,19,1.29983
2025-05-06T15:24:00,496,39.5,20,1.41357
2025-05-06T15:27:00,462,33.9,18,1.3632
2025-05-06T15:30:00,454,38.1,20,1.44628
2025-05-06T15:33:00,447,41.5,18,1.20646
2025-05-06T15:36:00,452,40.7,17,1.14814
2025-05-06T15:39:00,439,42.3,20,1.34815
2025-05-06T15:42:00,435,40.1,19,1.3152
2025-05-06T15:45:00,432,43.5,18,1.16522
2025-05-06T15:48:00,433,32.8,18,1.38589
2025-05-06T15:51:00,430,39,20,1.42525
2025-05-06T15:54:00,431,36.1,20,1.49301
2025-05-06T15:57:00,432,32.6,21,1.67499
2025-05-06T16:00:00,432,29,21,1.76446
2025-05-06T16:03:00,432,25.9,21,1.8415
2025-05-06T16:06:00,435,19.2,21,2.008
2025-05-06T16:09:00,430,21.5,21,1.95085
2025-05-06T16:12:00,426,19.1,21,2.01049
2025-05-06T16:15:00,430,19.8,22,2.11892
2025-05-06T16:18:00,424,16.8,20,1.94395
2025-05-06T16:21:00,421,37.3,19,1.37668
2025-05-06T16:24:00,422,37.6,20,1.45796
2025-05-06T16:27:00,422,37.7,21,1.54825
2025-05-06T16:30:00,423,37.3,22,1.65656
2025-05-06T16:33:00,428,35.2,22,1.71205
2025-05-06T16:36:00,426,34.9,22,1.71997
2025-05-06T16:39:00,425,37.1,21,1.56316
2025-05-06T16:42:00,422,36.8,22,1.66977
2025-05-06T16:45:00,424,36.6,22,1.67506
2025-05-06T16:48:00,422,35.2,22,1.71205
2025-05-06T16:51:00,432,35.8,22,1.69619
2025-05-06T16:54:00,435,34.7,22,1.72526
2025-05-06T16:57:00,440,33.6,22,1.75432
2025-05-06T17:00:00,594,32.2,22,1.79131
2025-05-06T17:03:00,552,31.1,23,1.9344
2025-05-06T17:06:00,441,31.2,23,1.93159
2025-05-06T17:09:00,430,32.3,19,1.48646
2025-05-06T17:12:00,427,27.8,21,1.79428
2025-05-06T17:15:00,552,24.7,22,1.98946
2025-05-06T17:18:00,474,25.8,20,1.73367
2025-05-06T17:21:00,460,19.8,20,1.87386
2025-05-06T17:24:00,559,20.6,22,2.09779
2025-05-06T17:27:00,460,21.6,20,1.8318
2025-05-06T17:30:00,493,16.3,21,2.08007
2025-05-06T17:33:00,447,19.4,21,2.00303
2025-05-06T17:36:00,421,18.5,22,2.15327
2025-05-06T17:39:00,416,15.8,22,2.2246
2025-05-06T17:42:00,438,28.3,20,1.67526
2025-05-06T17:45:00,450,34.4,21,1.63026
2025-05-06T17:48:00,462,34.9,21,1.61783
2025-05-06T17:51:00,498,34.4,22,1.73318
2025-05-06T17:54:00,476,34.8,22,1.72262
2025-05-06T17:57:00,458,34.8,22,1.72262
2025-05-06T18:00:00,454,33.7,22,1.75168
2025-05-06T18:03:00,435,32.7,22,1.7781
2025-05-06T18:06:00,402,34.6,21,1.62529
2025-05-06T18:09:00,396,32.9,22,1.77281
2025-05-06T18:12:00,397,34.8,22,1.72262
2025-05-06T18:15:00,397,34.1,22,1.74111
2025-05-06T18:18:00,394,33.6,22,1.75432
2025-05-06T18:21:00,391,33.5,22,1.75696
2025-05-06T18:24:00,391,33.2,22,1.76489
2025-05-06T18:27:00,390,34,22,1.74375
2025-05-06T18:30:00,389,30.5,23,1.95124
2025-05-06T18:33:00,385,28.4,23,2.0102
2025-05-06T18:36:00,380,28.8,22,1.88114
2025-05-06T18:39:00,378,31.7,22,1.80452
2025-05-06T18:42:00,375,33.4,23,1.86982
2025-05-06T18:45:00,377,34.2,23,1.84736
2025-05-06T18:48:00,374,27.9,23,2.02424
2025-05-06T18:51:00,372,25,23,2.10566
2025-05-06T18:54:00,371,22.7,23,2.17023
2025-05-06T18:57:00,370,24.5,23,2.1197
2025-05-06T19:00:00,368,24.2,22,2.00267
2025-05-06T19:03:00,366,24.2,22,2.00267
2025-05-06T19:06:00,364,21.5,22,2.07401
2025-05-06T19:09:00,362,19.9,23,2.24884
2025-05-06T19:12:00,361,19.5,23,2.26007
2025-05-06T19:15:00,359,19,22,2.14006
2025-05-06T19:18:00,358,22.6,22,2.04495
2025-05-06T19:21:00,356,21.2,22,2.08193
2025-05-06T19:24:00,354,22.2,22,2.05551
2025-05-06T19:27:00,351,20.6,22,2.09779
2025-05-06T19:30:00,350,20.3,22,2.10571
2025-05-06T19:33:00,350,21.5,22,2.07401
2025-05-06T19:36:00,348,22.4,21,1.92848
2025-05-06T19:39:00,347,23.5,21,1.90114
2025-05-06T19:42:00,346,23.6,22,2.01852
2025-05-06T19:45:00,345,21.9,21,1.9409
2025-05-06T19:48:00,346,20.5,21,1.9757
2025-05-06T19:51:00,345,18.4,21,2.02789
2025-05-06T19:54:00,345,20.2,21,1.98315
2025-05-06T19:57:00,343,19.8,21,1.99309
2025-05-06T20:00:00,342,19.7,21,1.99558
2025-05-06T20:03:00,10,20.7,21,1.97073
2025-05-06T20:06:00,10,20.7,21,1.97073
2025-05-06T20:09:00,9,20.6,21,1.97321
2025-05-06T20:12:00,0,20.6,21,1.97321
2025-05-06T20:15:00,0,21.2,21,1.9583
2025-05-06T20:18:00,0,21.6,21,1.94836
2025-05-06T20:21:00,0,22.5,21,1.92599
2025-05-06T20:24:00,0,23.3,20,1.79208
2025-05-06T20:27:00,0,24.3,20,1.76871
2025-05-06T20:30:00,0,25,20,1.75236
2025-05-06T20:33:00,0,26,20,1.72899
2025-05-06T20:36:00,0,26.8,20,1.7103
2025-05-06T20:39:00,0,27.7,20,1.68927
2025-05-06T20:42:00,0,28.3,20,1.67526
2025-05-06T20:45:00,0,29.4,20,1.64955
2025-05-06T20:48:00,0,30.5,20,1.62385
2025-05-06T20:51:00,0,31.2,20,1.6075
2025-05-06T20:54:00,0,32.2,20,1.58413
2025-05-06T20:57:00,0,32.9,20,1.56778
2025-05-06T21:00:00,0,33.5,20,1.55376
2025-05-06T21:03:00,0,34,20,1.54208
2025-05-06T21:06:00,0,34.8,20,1.52338
2025-05-06T21:09:00,0,35.4,20,1.50937
2025-05-06T21:12:00,0,36.2,20,1.49067
2025-05-06T21:15:00,0,37,20,1.47198
2025-05-06T21:18:00,0,37.5,19,1.37229
2025-05-06T21:21:00,0,38.4,19,1.35253
2025-05-06T21:24:00,0,38.9,19,1.34155
2025-05-06T21:27:00,0,39.7,19,1.32398
2025-05-06T21:30:00,0,40.2,19,1.313
2025-05-06T21:33:00,0,40.9,19,1.29763
2025-05-06T21:36:00,0,41.6,19,1.28226
2025-05-06T21:39:00,0,42.2,19,1.26909
2025-05-06T21:42:00,0,42.7,19,1.25811
2025-05-06T21:45:00,0,43.3,19,1.24494
2025-05-06T21:48:00,0,44,19,1.22957
2025-05-06T21:51:00,0,44.3,19,1.22298
2025-05-06T21:54:00,0,44.9,19,1.20981
2025-05-06T21:57:00,0,45.3,19,1.20102
2025-05-06T22:00:00,0,45.8,19,1.19005
2025-05-06T22:03:00,0,46.4,19,1.17687
2025-05-06T22:06:00,0,46.8,19,1.16809
2025-05-06T22:09:00,0,47.4,19,1.15492
2025-05-06T22:12:00,0,47.8,19,1.14613
2025-05-06T22:15:00,0,48.4,19,1.13296
2025-05-06T22:18:00,0,48.8,19,1.12418
2025-05-06T22:21:00,0,49.1,19,1.11759
2025-05-06T22:24:00,0,49.6,18,1.03942
2025-05-06T22:27:00,0,50,18,1.03117
2025-05-06T22:30:00,0,50.5,18,1.02085
2025-05-06T22:33:00,0,50.9,18,1.01261
2025-05-06T22:36:00,0,51.2,18,1.00642
2025-05-06T22:39:00,0,51.6,18,0.99817
2025-05-06T22:42:00,0,51.7,18,0.99611
2025-05-06T22:45:00,0,52,18,0.98992
2025-05-06T22:48:00,0,52.3,18,0.98373
2025-05-06T22:51:00,0,52.5,18,0.97961
2025-05-06T22:54:00,0,52.8,18,0.97342
2025-05-06T22:57:00,0,53.1,18,0.96723
2025-05-06T23:00:00,0,53.4,18,0.96105
2025-05-06T23:03:00,0,53.5,18,0.95898
2025-05-06T23:06:00,0,55.4,18,0.9198
2025-05-06T23:09:00,0,57.9,18,0.86824
2025-05-06T23:12:00,0,59.3,18,0.83937
2025-05-06T23:15:00,0,60.6,18,0.81256
2025-05-06T23:18:00,0,61.4,18,0.79606
2025-05-06T23:21:00,0,62.1,18,0.78162
2025-05-06T23:24:00,0,62.5,18,0.77337
2025-05-06T23:27:00,0,63.1,18,0.761
2025-05-06T23:30:00,0,63.4,18,0.75481
2025-05-06T23:33:00,0,63.5,18,0.75275
2025-05-06T23:36:00,0,63.7,18,0.74863
2025-05-06T23:39:00,0,63.8,17,0.70089
2025-05-06T23:42:00,0,63.8,17,0.70089
2025-05-06T23:45:00,0,64.1,17,0.69508
2025-05-06T23:48:00,0,64.1,17,0.69508
2025-05-06T23:51:00,0,64,17,0.69702
2025-05-06T23:54:00,0,64,17,0.69702
2025-05-06T23:57:00,0,64,17,0.69702
2025-05-07T00:00:00,0,63.9,17,0.69895
2025-05-07T00:03:00,0,64,17,0.69702
2025-05-07T00:06:00,0,64,17,0.69702
2025-05-07T00:09:00,0,63.8,17,0.70089
2025-05-07T00:12:00,0,63.8,17,0.70089
2025-05-07T00:15:00,0,63.8,17,0.70089
2025-05-07T00:18:00,0,63.7,17,0.70283
2025-05-07T00:21:00,0,63.7,17,0.70283
2025-05-07T00:24:00,0,63.5,17,0.7067
2025-05-07T00:27:00,0,63.5,17,0.7067
2025-05-07T00:30:00,0,63.4,17,0.70864
2025-05-07T00:33:00,0,64.5,17,0.68734
2025-05-07T00:36:00,0,66.4,17,0.65055
2025-05-07T00:39:00,0,67.5,17,0.62925
2025-05-07T00:42:00,0,68.2,17,0.6157
2025-05-07T00:45:00,0,68.6,17,0.60796
2025-05-07T00:48:00,0,69.1,17,0.59827
2025-05-07T00:51:00,0,69,17,0.60021
2025-05-07T00:54:00,0,69,17,0.60021
2025-05-07T00:57:00,0,69,17,0.60021
2025-05-07T01:00:00,0,69.2,17,0.59634
2025-05-07T01:03:00,0,69.2,17,0.59634
2025-05-07T01:06:00,0,68.9,17,0.60215
2025-05-07T01:09:00,0,69,17,0.60021
2025-05-07T01:12:00,0,69,17,0.60021
2025-05-07T01:15:00,0,68.8,17,0.60408
2025-05-07T01:18:00,0,68.6,17,0.60796
2025-05-07T01:21:00,0,68.7,17,0.60602
2025-05-07T01:24:00,0,68.3,17,0.61376
2025-05-07T01:27:00,0,68.3,17,0.61376
2025-05-07T01:30:00,0,68.1,16,0.57957
2025-05-07T01:33:00,0,68,16,0.58138
2025-05-07T01:36:00,0,67.9,16,0.5832
2025-05-07T01:39:00,0,67.8,16,0.58502
2025-05-07T01:42:00,0,67.6,16,0.58865
2025-05-07T01:45:00,0,67.5,16,0.59047
2025-05-07T01:48:00,0,67.3,16,0.5941
2025-05-07T01:51:00,0,67.1,16,0.59773
2025-05-07T01:54:00,0,67,16,0.59955
2025-05-07T01:57:00,0,66.9,16,0.60137
2025-05-07T02:00:00,0,66.8,16,0.60318
2025-05-07T02:03:00,0,67.6,16,0.58865
2025-05-07T02:06:00,0,69.2,16,0.55958
2025-05-07T02:09:00,0,70.1,16,0.54323
2025-05-07T02:12:00,0,70.5,16,0.53596
2025-05-07T02:15:00,0,70.5,16,0.53596
2025-05-07T02:18:00,0,70.4,16,0.53778
2025-05-07T02:21:00,0,70.2,16,0.54141
2025-05-07T02:24:00,0,70.2,16,0.54141
2025-05-07T02:27:00,0,70.1,16,0.54323
2025-05-07T02:30:00,0,70.3,16,0.5396
2025-05-07T02:33:00,0,70.2,16,0.54141
2025-05-07T02:36:00,0,70.2,16,0.54141
2025-05-07T02:39:00,0,69.7,16,0.5505
2025-05-07T02:42:00,0,69.9,16,0.54686
2025-05-07T02:45:00,0,69.5,16,0.55413
2025-05-07T02:48:00,0,69.5,16,0.55413
2025-05-07T02:51:00,0,69.6,16,0.55231
2025-05-07T02:54:00,0,69.4,16,0.55595
2025-05-07T02:57:00,0,69.3,16,0.55776
2025-05-07T03:00:00,0,69.2,16,0.55958
2025-05-07T03:03:00,0,69,16,0.56321
2025-05-07T03:06:00,0,69,16,0.56321
2025-05-07T03:09:00,0,68.8,16,0.56685
2025-05-07T03:12:00,0,68.8,16,0.56685
2025-05-07T03:15:00,0,68.6,16,0.57048
2025-05-07T03:18:00,0,68.5,16,0.5723
2025-05-07T03:21:00,0,68.3,16,0.57593
2025-05-07T03:24:00,0,68.3,16,0.57593
2025-05-07T03:27:00,0,68.2,16,0.57775
2025-05-07T03:30:00,0,68,16,0.58138
2025-05-07T03:33:00,0,68.4,16,0.57412
2025-05-07T03:36:00,0,67,16,0.59955
2025-05-07T03:39:00,0,65.9,17,0.66023
2025-05-07T03:42:00,0,65.4,17,0.66991
2025-05-07T03:45:00,0,65.2,17,0.67378
2025-05-07T03:48:00,0,65.1,17,0.67572
2025-05-07T03:51:00,0,65.1,16,0.63407
2025-05-07T03:54:00,0,65,16,0.63589
2025-05-07T03:57:00,0,64.9,16,0.6377
2025-05-07T04:00:00,350,64.9,16,0.6377
2025-05-07T04:03:00,347,64.3,16,0.6486
2025-05-07T04:06:00,344,64.1,17,0.69508
2025-05-07T04:09:00,342,63.4,17,0.70864
2025-05-07T04:12:00,340.5,63.2,17,0.71251
2025-05-07T04:15:00,339,63,17,0.71638
2025-05-07T04:18:00,338,62.7,17,0.72219
2025-05-07T04:21:00,337,62.6,17,0.72413
2025-05-07T04:24:00,335,62.2,17,0.73187
2025-05-07T04:27:00,335,62.3,17,0.72993
2025-05-07T04:30:00,334,62.1,17,0.73381
2025-05-07T04:33:00,334,61.8,17,0.73961
2025-05-07T04:36:00,332,61.5,18,0.794
2025-05-07T04:39:00,332,61.3,18,0.79812
2025-05-07T04:42:00,332,61.3,18,0.79812
2025-05-07T04:45:00,332,61.1,18,0.80225
2025-05-07T04:48:00,331,61,18,0.80431
2025-05-07T04:51:00,332,60.4,18,0.81668
2025-05-07T04:54:00,331,60.6,18,0.81256
2025-05-07T04:57:00,331,60.1,18,0.82287
2025-05-07T05:00:00,331,60.2,18,0.82081
2025-05-07T05:03:00,331,60.1,18,0.82287
2025-05-07T05:06:00,332,60,18,0.82493
2025-05-07T05:09:00,331,59.9,18,0.827
2025-05-07T05:12:00,331,59.9,18,0.827
2025-05-07T05:15:00,331,59.6,18,0.83318
2025-05-07T05:18:00,332,59.4,18,0.83731
2025-05-07T05:21:00,332,59.5,18,0.83524
2025-05-07T05:24:00,331,59.5,18,0.83524
2025-05-07T05:27:00,332,59.2,19,0.89583
2025-05-07T05:30:00,332,59,19,0.90022
2025-05-07T05:33:00,333,58.7,19,0.90681
2025-05-07T05:36:00,334,59.1,19,0.89802
2025-05-07T05:39:00,333,58.8,19,0.90461
2025-05-07T05:42:00,334,58.6,19,0.909
2025-05-07T05:45:00,334,58.6,19,0.909
2025-05-07T05:48:00,335,58.3,19,0.91559
2025-05-07T05:51:00,336,57.9,19,0.92437
2025-05-07T05:54:00,334,58.1,19,0.91998
2025-05-07T05:57:00,336,57.9,19,0.92437
2025-05-07T06:00:00,336,57.9,19,0.92437
2025-05-07T06:03:00,336,57.7,19,0.92876
2025-05-07T06:06:00,337,58,19,0.92218
2025-05-07T06:09:00,336,57.7,19,0.92876
2025-05-07T06:12:00,339,57.3,19,0.93755
2025-05-07T06:15:00,339,57.3,19,0.93755
2025-05-07T06:18:00,340,57.2,19,0.93974
2025-05-07T06:21:00,342,57.6,19,0.93096
2025-05-07T06:24:00,343,57.6,19,0.93096
2025-05-07T06:27:00,344,57.8,19,0.92657
2025-05-07T06:30:00,345,57.7,19,0.92876
2025-05-07T06:33:00,345,58,19,0.92218
2025-05-07T06:36:00,353,58.3,19,0.91559
2025-05-07T06:39:00,353,58.5,19,0.9112
2025-05-07T06:42:00,356,58.5,20,0.96964
2025-05-07T06:45:00,358,59.6,20,0.94394
2025-05-07T06:48:00,361,58.7,20,0.96497
2025-05-07T06:51:00,361,58.6,20,0.9673
2025-05-07T06:54:00,363,58.7,20,0.96497
2025-05-07T06:57:00,364,59.3,20,0.95095
2025-05-07T07:00:00,367,57.1,20,1.00235
2025-05-07T07:03:00,367,56.9,20,1.00702
2025-05-07T07:06:00,369,56.4,21,1.08353
2025-05-07T07:09:00,371,55.3,21,1.11086
2025-05-07T07:12:00,373,54.8,21,1.12329
2025-05-07T07:15:00,375,52.8,21,1.17299
2025-05-07T07:18:00,378,52.1,21,1.19039
2025-05-07T07:21:00,379,51.2,21,1.21275
2025-05-07T07:24:00,383,50.2,21,1.23761
2025-05-07T07:27:00,384,51.6,22,1.27875
2025-05-07T07:30:00,389,47.7,22,1.38179
2025-05-07T07:33:00,396,45.3,22,1.4452
2025-05-07T07:36:00,401,45.2,22,1.44784
2025-05-07T07:39:00,415,44.3,22,1.47162
2025-05-07T07:42:00,418,44,22,1.47955
2025-05-07T07:45:00,413,44.5,23,1.55819
2025-05-07T07:48:00,411,44.5,23,1.55819
2025-05-07T07:51:00,438,44.9,23,1.54696
2025-05-07T07:54:00,437,45.2,23,1.53853
2025-05-07T07:57:00,484.5,43.4,23,1.58907
2025-05-07T08:00:00,532,41.6,23,1.63961
2025-05-07T08:03:00,567,43,22,1.50597
2025-05-07T08:06:00,567,44.5,23,1.55819
2025-05-07T08:09:00,605,44.7,23,1.55257
2025-05-07T08:12:00,627,43.1,23,1.59749
2025-05-07T08:15:00,612,38.9,23,1.71541
2025-05-07T08:18:00,619,41,23,1.65645
2025-05-07T08:21:00,640,38.6,22,1.62222
2025-05-07T08:24:00,516,31.2,20,1.6075
2025-05-07T08:27:00,530,35.8,21,1.59547
2025-05-07T08:30:00,692,34.6,21,1.62529
2025-05-07T08:33:00,684,35.5,20,1.50703
2025-05-07T08:36:00,720,33.3,21,1.6576
2025-05-07T08:39:00,722,32.2,20,1.58413
2025-05-07T08:42:00,779,30.9,22,1.82566
2025-05-07T08:45:00,712,25,21,1.86387
2025-05-07T08:48:00,704,29.7,20,1.64255
2025-05-07T08:51:00,747,28.2,22,1.89699
2025-05-07T08:54:00,708,25.9,23,2.08039
2025-05-07T08:57:00,676,25.2,19,1.64235
2025-05-07T09:00:00,638,26.4,19,1.616
2025-05-07T09:03:00,591,26.5,22,1.94191
2025-05-07T09:06:00,597,23.5,20,1.78741
2025-05-07T09:09:00,561,25.6,19,1.63357
2025-05-07T09:12:00,537,26.1,20,1.72666
2025-05-07T09:15:00,523,22,21,1.93842
2025-05-07T09:18:00,514,25.2,18,1.54262
2025-05-07T09:21:00,512,25.1,18,1.54469
2025-05-07T09:24:00,504,25.7,18,1.53231
2025-05-07T09:27:00,500,26.4,18,1.51788
2025-05-07T09:30:00,493,25.6,18,1.53438
2025-05-07T09:33:00,488,26.5,18,1.51581
2025-05-07T09:36:00,472,24.8,18,1.55087
2025-05-07T09:39:00,467,24.8,18,1.55087
2025-05-07T09:42:00,465,24.8,18,1.55087
2025-05-07T09:45:00,465,25.2,18,1.54262
2025-05-07T09:48:00,467,24.8,18,1.55087
2025-05-07T09:51:00,501,24.6,19,1.65553
2025-05-07T09:54:00,473,25,19,1.64674
2025-05-07T09:57:00,474,24.8,19,1.65113
2025-05-07T10:00:00,476,24.6,19,1.65553
2025-05-07T10:03:00,478,24.6,19,1.65553
2025-05-07T10:06:00,488,24.6,19,1.65553
2025-05-07T10:09:00,572,24.7,19,1.65333
2025-05-07T10:12:00,595,24.5,19,1.65772
2025-05-07T10:15:00,569,24.7,19,1.65333
2025-05-07T10:18:00,558,24.4,19,1.65992
2025-05-07T10:21:00,583,25.1,19,1.64455
2025-05-07T10:24:00,578,25.1,19,1.64455
2025-05-07T10:27:00,556,25.3,19,1.64016
2025-05-07T10:30:00,591,25.3,19,1.64016
2025-05-07T10:33:00,591,25.9,19,1.62698
2025-05-07T10:36:00,567,26.1,19,1.62259
2025-05-07T10:39:00,609,26.1,19,1.62259
2025-05-07T10:42:00,561,25.8,19,1.62918
2025-05-07T10:45:00,572,26.2,19,1.6204
2025-05-07T10:48:00,529,43.6,17,1.092
2025-05-07T10:51:00,540,52.6,15,0.80769
2025-05-07T10:54:00,526,53.1,14,0.74916
2025-05-07T10:57:00,527,48.7,17,0.99325
2025-05-07T11:00:00,509,54.5,16,0.82665
2025-05-07T11:03:00,523,56.7,16,0.78668
2025-05-07T11:06:00,541,52.9,17,0.91193
2025-05-07T11:09:00,524,53.7,17,0.89644
2025-05-07T11:12:00,525,55,17,0.87127
2025-05-07T11:15:00,740,54.9,17,0.87321
2025-05-07T11:18:00,693,54.2,17,0.88676
2025-05-07T11:21:00,1049,52.9,16,0.85572
2025-05-07T11:24:00,1144,47.6,18,1.08066
2025-05-07T11:27:00,531,50.3,19,1.09124
2025-05-07T11:30:00,746,52.5,19,1.04294
2025-05-07T11:33:00,1240,54.2,17,0.88676
2025-05-07T11:36:00,1365,55.8,17,0.85578
2025-05-07T11:39:00,1386,55.7,17,0.85772
2025-05-07T11:42:00,1319,56.1,17,0.84998
2025-05-07T11:45:00,854,51.8,17,0.93323
2025-05-07T11:48:00,531,51.4,17,0.94098
2025-05-07T11:51:00,736,50.1,19,1.09563
2025-05-07T11:54:00,1265,51.3,19,1.06929
2025-05-07T11:57:00,1531,48.7,18,1.05798
2025-05-07T12:00:00,1586,52.8,19,1.03635
2025-05-07T12:03:00,1501,56.8,18,0.89093
2025-05-07T12:06:00,1571,50,18,1.03117
2025-05-07T12:09:00,1589,52.7,19,1.03855
2025-05-07T12:12:00,1589,52.7,19,1.03855
2025-05-07T12:15:00,550,52.1,19,1.05172
2025-05-07T12:18:00,505,48,18,1.07241
2025-05-07T12:21:00,503,43.1,20,1.32946
2025-05-07T12:24:00,797,43.4,20,1.32245
2025-05-07T12:27:00,882,38.2,21,1.53582
2025-05-07T12:30:00,602,33.2,22,1.76489
2025-05-07T12:33:00,627,46.6,19,1.17248
2025-05-07T12:36:00,489,50.5,18,1.02085
2025-05-07T12:39:00,538,51.8,18,0.99404
2025-05-07T12:42:00,772,52.5,19,1.04294
2025-05-07T12:45:00,889,54.9,18,0.93011
2025-05-07T12:48:00,858,53.6,19,1.01879
2025-05-07T12:51:00,832,56.3,18,0.90124
2025-05-07T12:54:00,809,58.3,18,0.85999
2025-05-07T12:57:00,807,53.7,20,1.08179
2025-05-07T13:00:00,827,49.2,21,1.26246
2025-05-07T13:03:00,827,51.7,18,0.99611
2025-05-07T13:06:00,515,54.1,17,0.8887
2025-05-07T13:09:00,506,54.8,17,0.87515
2025-05-07T13:12:00,828,54.2,18,0.94455
2025-05-07T13:15:00,863,51.7,19,1.0605
2025-05-07T13:18:00,878,52.7,18,0.97548
2025-05-07T13:21:00,879,51.7,19,1.0605
2025-05-07T13:24:00,886,54.6,19,0.99683
2025-05-07T13:27:00,908,53.6,20,1.08413
2025-05-07T13:30:00,911,53.8,19,1.01439
2025-05-07T13:33:00,884,55,19,0.98805
2025-05-07T13:36:00,918,56,18,0.90743
2025-05-07T13:39:00,910,54.7,18,0.93424
2025-05-07T13:42:00,921,56.7,19,0.95072
2025-05-07T13:45:00,597,56.6,18,0.89505
2025-05-07T13:48:00,886,58.2,19,0.91778
2025-05-07T13:51:00,918,57.6,18,0.87443
2025-05-07T13:54:00,855,61.4,18,0.79606
2025-05-07T13:57:00,506,57.1,18,0.88474
2025-05-07T14:00:00,512,57.4,17,0.82481
2025-05-07T14:03:00,1515,55.9,20,1.03039
2025-05-07T14:06:00,1519,61.8,17,0.73961
2025-05-07T14:09:00,1391,56.5,19,0.95511
2025-05-07T14:12:00,1230,57.6,18,0.87443
2025-05-07T14:15:00,1027,53.7,20,1.08179
2025-05-07T14:18:00,708,58.1,18,0.86412
2025-05-07T14:21:00,517,60.2,18,0.82081
2025-05-07T14:24:00,512,57.9,19,0.92437
2025-05-07T14:27:00,512,58.8,18,0.84968
2025-05-07T14:30:00,511,58.6,18,0.85381
2025-05-07T14:33:00,517,55.7,20,1.03506
2025-05-07T14:36:00,520,58.8,18,0.84968
2025-05-07T14:39:00,1311,57.1,19,0.94194
2025-05-07T14:42:00,1451,55.9,20,1.03039
2025-05-07T14:45:00,805,62,18,0.78369
2025-05-07T14:48:00,555,57.9,19,0.92437
2025-05-07T14:51:00,509,60.9,18,0.80637
2025-05-07T14:54:00,501,59.7,18,0.83112
2025-05-07T14:57:00,502,59.5,19,0.88924
2025-05-07T15:00:00,510,54.6,20,1.06076
2025-05-07T15:03:00,530,61.7,18,0.78987
2025-05-07T15:06:00,598,60.2,18,0.82081
2025-05-07T15:09:00,586,59.8,19,0.88265
2025-05-07T15:12:00,570,60.5,19,0.86728
2025-05-07T15:15:00,549,61.3,18,0.79812
2025-05-07T15:18:00,541.5,60.9,18,0.80637
2025-05-07T15:21:00,534,60.5,18,0.81462
2025-05-07T15:24:00,504,61.9,19,0.83655
2025-05-07T15:27:00,501,59.7,19,0.88485
2025-05-07T15:30:00,507,63,19,0.81239
2025-05-07T15:33:00,492,62.8,18,0.76719
2025-05-07T15:36:00,490,60.8,19,0.8607
2025-05-07T15:39:00,490,61.9,18,0.78575
2025-05-07T15:42:00,490,63.2,18,0.75894
2025-05-07T15:45:00,465,61.9,19,0.83655
2025-05-07T15:48:00,471,61.6,19,0.84313
2025-05-07T15:51:00,471,61.9,18,0.78575
2025-05-07T15:54:00,468,64,19,0.79044
2025-05-07T15:57:00,468,62.8,18,0.76719
2025-05-07T16:00:00,463,62.3,18,0.7775
2025-05-07T16:03:00,457,62.1,18,0.78162
2025-05-07T16:06:00,456,62.3,18,0.7775
2025-05-07T16:09:00,453,62.2,19,0.82996
2025-05-07T16:12:00,449,66.4,17,0.65055
2025-05-07T16:15:00,446,64.5,18,0.73213
2025-05-07T16:18:00,441,65.5,17,0.66798
2025-05-07T16:21:00,438,67.4,17,0.63119
2025-05-07T16:24:00,434,67.4,17,0.63119
2025-05-07T16:27:00,430,68.2,17,0.6157
2025-05-07T16:30:00,431,67.5,17,0.62925
2025-05-07T16:33:00,430,67.4,17,0.63119
2025-05-07T16:36:00,425,68.5,17,0.60989
2025-05-07T16:39:00,419,67.2,17,0.63506
2025-05-07T16:42:00,416,68.4,17,0.61183
2025-05-07T16:45:00,412,68.3,17,0.61376
2025-05-07T16:48:00,408,67.7,17,0.62538
2025-05-07T16:51:00,405,66,18,0.70119
2025-05-07T16:54:00,404,68.2,17,0.6157
2025-05-07T16:57:00,416,67.6,17,0.62732
2025-05-07T17:00:00,477,65.2,18,0.71769
2025-05-07T17:03:00,576,64.3,18,0.73625
2025-05-07T17:06:00,433,62.8,18,0.76719
2025-05-07T17:09:00,413,61.5,19,0.84533
2025-05-07T17:12:00,411,63.6,18,0.75069
2025-05-07T17:15:00,454,59.6,20,0.94394
2025-05-07T17:18:00,446,63.3,18,0.75688
2025-05-07T17:21:00,508,61.3,19,0.84972
2025-05-07T17:24:00,547,61.2,20,0.90655
2025-05-07T17:27:00,433,56.3,22,1.15457
2025-05-07T17:30:00,475,63,19,0.81239
2025-05-07T17:33:00,520,61.1,20,0.90889
2025-05-07T17:36:00,454,58,21,1.04376
2025-05-07T17:39:00,410,59.2,19,0.89583
2025-05-07T17:42:00,418,63.7,18,0.74863
2025-05-07T17:45:00,443,59.4,20,0.94861
2025-05-07T17:48:00,456,53.7,21,1.15063
2025-05-07T17:51:00,460,61,19,0.85631
2025-05-07T17:54:00,473,59.5,19,0.88924
2025-05-07T17:57:00,452,61.5,20,0.89954
2025-05-07T18:00:00,438,56.2,21,1.0885
2025-05-07T18:03:00,435,54.4,21,1.13323
2025-05-07T18:06:00,393,62.2,20,0.88319
2025-05-07T18:09:00,386,59.4,20,0.94861
2025-05-07T18:12:00,385,61,20,0.91123
2025-05-07T18:15:00,386,59.1,21,1.01643
2025-05-07T18:18:00,383,58.8,21,1.02388
2025-05-07T18:21:00,356,56.6,21,1.07856
2025-05-07T18:24:00,384,56.3,22,1.15457
2025-05-07T18:27:00,380,55.3,22,1.181
2025-05-07T18:30:00,381,57,21,1.06862
2025-05-07T18:33:00,377,55.4,21,1.10838
2025-05-07T18:36:00,373,55.4,21,1.10838
2025-05-07T18:39:00,372,52.5,21,1.18045
2025-05-07T18:42:00,370,55.3,22,1.181
2025-05-07T18:45:00,368,55,22,1.18892
2025-05-07T18:48:00,367,54.1,22,1.2127
2025-05-07T18:51:00,365,52.3,22,1.26026
2025-05-07T18:54:00,364,51,22,1.2946
2025-05-07T18:57:00,364,48.6,22,1.35801
2025-05-07T19:00:00,364,46.3,23,1.50765
2025-05-07T19:03:00,362,39.1,23,1.70979
2025-05-07T19:06:00,361,40,23,1.68453
2025-05-07T19:09:00,359,37.7,24,1.85781
2025-05-07T19:12:00,359,44.1,24,1.66696
2025-05-07T19:15:00,355,54.5,21,1.13074
2025-05-07T19:18:00,352,54.5,21,1.13074
2025-05-07T19:21:00,350,56,21,1.09347
2025-05-07T19:24:00,347,56.1,21,1.09098
2025-05-07T19:27:00,347,56.3,21,1.08601
2025-05-07T19:30:00,343,57.6,21,1.05371
2025-05-07T19:33:00,344,58.5,20,0.96964
2025-05-07T19:36:00,342,58.1,20,0.97898
2025-05-07T19:39:00,340,57.3,21,1.06116
2025-05-07T19:42:00,341,57.3,21,1.06116
2025-05-07T19:45:00,341,56.7,21,1.07607
2025-05-07T19:48:00,339,56.8,21,1.07359
2025-05-07T19:51:00,341,56.4,21,1.08353
2025-05-07T19:54:00,340,55.5,21,1.10589
2025-05-07T19:57:00,339,55.8,21,1.09844
2025-05-07T20:00:00,339,56,21,1.09347
2025-05-07T20:03:00,10,54.7,21,1.12577
2025-05-07T20:06:00,9,55.4,21,1.10838
2025-05-07T20:09:00,9,55.9,21,1.09595
2025-05-07T20:12:00,0,56.2,21,1.0885
2025-05-07T20:15:00,0,56.1,21,1.09098
2025-05-07T20:18:00,0,56.4,21,1.08353
2025-05-07T20:21:00,0,55.2,21,1.11335
2025-05-07T20:24:00,0,57.1,21,1.06613
2025-05-07T20:27:00,0,57.2,21,1.06365
2025-05-07T20:30:00,0,57.4,21,1.05868
2025-05-07T20:33:00,0,57.9,21,1.04625
2025-05-07T20:36:00,0,58.6,21,1.02885
2025-05-07T20:39:00,0,59.8,21,0.99903
2025-05-07T20:42:00,0,60,21,0.99406
2025-05-07T20:45:00,0,60.1,21,0.99158
2025-05-07T20:48:00,0,60.5,21,0.98164
2025-05-07T20:51:00,0,58.7,21,1.02637
2025-05-07T20:54:00,0,58.5,21,1.03134
2025-05-07T20:57:00,0,59,21,1.01891
2025-05-07T21:00:00,0,58,20,0.98132
2025-05-07T21:03:00,0,58.4,21,1.03382
2025-05-07T21:06:00,0,53.8,20,1.07945
2025-05-07T21:09:00,0,55.9,20,1.03039
2025-05-07T21:12:00,0,55.7,20,1.03506
2025-05-07T21:15:00,0,55.5,20,1.03973
2025-05-07T21:18:00,0,55.1,20,1.04908
2025-05-07T21:21:00,0,53.5,20,1.08646
2025-05-07T21:24:00,0,53.5,20,1.08646
2025-05-07T21:27:00,0,51.7,20,1.12852
2025-05-07T21:30:00,0,54.6,20,1.06076
2025-05-07T21:33:00,0,51.9,20,1.12385
2025-05-07T21:36:00,0,53.7,20,1.08179
2025-05-07T21:39:00,0,53.8,20,1.07945
2025-05-07T21:42:00,0,51.3,19,1.06929
2025-05-07T21:45:00,0,52.7,20,1.10515
2025-05-07T21:48:00,0,52.7,19,1.03855
2025-05-07T21:51:00,0,53.3,20,1.09114
2025-05-07T21:54:00,0,51.7,19,1.0605
2025-05-07T21:57:00,0,52,19,1.05392
2025-05-07T22:00:00,0,52.1,19,1.05172
2025-05-07T22:03:00,0,52.3,19,1.04733
2025-05-07T22:06:00,0,51.7,19,1.0605
2025-05-07T22:09:00,0,51.8,19,1.05831
2025-05-07T22:12:00,0,52.2,19,1.04952
2025-05-07T22:15:00,0,52.3,19,1.04733
2025-05-07T22:18:00,0,50.4,19,1.08905
2025-05-07T22:21:00,0,54,19,1.01
2025-05-07T22:24:00,0,52.3,19,1.04733
2025-05-07T22:27:00,0,50.8,19,1.08026
2025-05-07T22:30:00,0,54.4,19,1.00122
2025-05-07T22:33:00,0,52.5,19,1.04294
2025-05-07T22:36:00,0,50.9,19,1.07807
2025-05-07T22:39:00,0,49.7,19,1.10442
2025-05-07T22:42:00,0,48.9,19,1.12198
2025-05-07T22:45:00,0,53.1,19,1.02976
2025-05-07T22:48:00,0,55,19,0.98805
2025-05-07T22:51:00,0,52.5,19,1.04294
2025-05-07T22:54:00,0,51,19,1.07587
2025-05-07T22:57:00,0,49.9,19,1.10002
2025-05-07T23:00:00,0,49.2,19,1.11539
2025-05-07T23:03:00,0,48.5,19,1.13076
2025-05-07T23:06:00,0,49.4,19,1.111
2025-05-07T23:09:00,0,50.9,19,1.07807
2025-05-07T23:12:00,0,52.1,19,1.05172
2025-05-07T23:15:00,0,52.6,19,1.04074
2025-05-07T23:18:00,0,53.1,19,1.02976
2025-05-07T23:21:00,0,53.2,19,1.02757
2025-05-07T23:24:00,0,53.4,19,1.02318
2025-05-07T23:27:00,0,53.4,19,1.02318
2025-05-07T23:30:00,0,53.4,19,1.02318
2025-05-07T23:33:00,0,53.4,19,1.02318
2025-05-07T23:36:00,0,53,19,1.03196
2025-05-07T23:39:00,0,52.9,19,1.03415
2025-05-07T23:42:00,0,52.8,19,1.03635
2025-05-07T23:45:00,0,52.7,19,1.03855
2025-05-07T23:48:00,0,52.6,19,1.04074
2025-05-07T23:51:00,0,52.5,19,1.04294
2025-05-07T23:54:00,0,52.3,19,1.04733
2025-05-07T23:57:00,0,52.6,19,1.04074
2025-05-08T00:00:00,0,54.4,19,1.00122
2025-05-08T00:03:00,0,55.2,19,0.98365
2025-05-08T00:06:00,0,56.2,19,0.9617
2025-05-08T00:09:00,0,58.6,19,0.909
2025-05-08T00:12:00,0,60.1,19,0.87607
2025-05-08T00:15:00,0,61.9,19,0.83655
2025-05-08T00:18:00,0,62.8,19,0.81678
2025-05-08T00:21:00,0,63.9,19,0.79263
2025-05-08T00:24:00,0,65,19,0.76848
2025-05-08T00:27:00,0,65.9,19,0.74872
2025-05-08T00:30:00,0,67,19,0.72457
2025-05-08T00:33:00,0,68.5,19,0.69163
2025-05-08T00:36:00,0,69.95,19,0.6598
2025-05-08T00:39:00,0,71.4,19,0.62796
2025-05-08T00:42:00,0,72.7,19,0.59941
2025-05-08T00:45:00,0,73.7,19,0.57746
2025-05-08T00:48:00,0,74.3,19,0.56428
2025-05-08T00:51:00,0,74.8,19,0.55331
2025-05-08T00:54:00,0,75.4,19,0.54013
2025-05-08T00:57:00,0,75.9,19,0.52915
2025-05-08T01:00:00,0,76.4,19,0.51818
2025-05-08T01:03:00,0,76.5,19,0.51598
2025-05-08T01:06:00,0,76.8,19,0.50939
2025-05-08T01:09:00,0,76.8,19,0.50939
2025-05-08T01:12:00,0,77,19,0.505
2025-05-08T01:15:00,0,77.3,19,0.49841
2025-05-08T01:18:00,0,77.3,19,0.49841
2025-05-08T01:21:00,0,77.3,19,0.49841
2025-05-08T01:24:00,0,77.3,19,0.49841
2025-05-08T01:27:00,0,77.4,19,0.49622
2025-05-08T01:30:00,0,77.6,19,0.49183
2025-05-08T01:33:00,0,77.6,19,0.49183
2025-05-08T01:36:00,0,77.7,19,0.48963
2025-05-08T01:39:00,0,77.5,19,0.49402
2025-05-08T01:42:00,0,77.6,19,0.49183
2025-05-08T01:45:00,0,77.7,19,0.48963
2025-05-08T01:48:00,0,77.7,19,0.48963
2025-05-08T01:51:00,0,77.8,19,0.48744
2025-05-08T01:54:00,0,77.9,19,0.48524
2025-05-08T01:57:00,0,77.8,19,0.48744
2025-05-08T02:00:00,0,77.8,19,0.48744
2025-05-08T02:03:00,0,78,19,0.48304
2025-05-08T02:06:00,0,78.7,19,0.46768
2025-05-08T02:09:00,0,79.3,19,0.4545
2025-05-08T02:12:00,0,79.6,19,0.44791
2025-05-08T02:15:00,0,80,19,0.43913
2025-05-08T02:18:00,0,80.1,19,0.43694
2025-05-08T02:21:00,0,80.3,19,0.43254
2025-05-08T02:24:00,0,80.3,18,0.40628
2025-05-08T02:27:00,0,80.4,18,0.40422
2025-05-08T02:30:00,0,80.4,18,0.40422
2025-05-08T02:33:00,0,80.4,18,0.40422
2025-05-08T02:36:00,0,80.3,18,0.40628
2025-05-08T02:39:00,0,80.2,18,0.40834
2025-05-08T02:42:00,0,80.2,18,0.40834
2025-05-08T02:45:00,0,80.2,18,0.40834
2025-05-08T02:48:00,0,80.1,18,0.4104
2025-05-08T02:51:00,0,80.1,18,0.4104
2025-05-08T02:54:00,0,80.1,18,0.4104
2025-05-08T02:57:00,0,80,18,0.41247
2025-05-08T03:00:00,0,80,18,0.41247
2025-05-08T03:03:00,0,79.9,18,0.41453
2025-05-08T03:06:00,0,79.9,18,0.41453
2025-05-08T03:09:00,0,79.8,18,0.41659
2025-05-08T03:12:00,0,79.8,18,0.41659
2025-05-08T03:15:00,0,79.7,18,0.41865
2025-05-08T03:18:00,0,79.8,18,0.41659
2025-05-08T03:21:00,0,79.7,18,0.41865
2025-05-08T03:24:00,0,79.7,18,0.41865
2025-05-08T03:27:00,0,79.6,18,0.42072
2025-05-08T03:30:00,0,79.4,18,0.42484
2025-05-08T03:33:00,0,79.4,18,0.42484
2025-05-08T03:36:00,0,79.5,18,0.42278
2025-05-08T03:39:00,0,79.3,18,0.4269
2025-05-08T03:42:00,0,79.3,18,0.4269
2025-05-08T03:45:00,0,79.3,18,0.4269
2025-05-08T03:48:00,0,79.2,18,0.42897
2025-05-08T03:51:00,0,79.2,18,0.42897
2025-05-08T03:54:00,0,79.1,18,0.43103
2025-05-08T03:57:00,0,79.2,18,0.42897
2025-05-08T04:00:00,0,79.1,18,0.43103
2025-05-08T04:03:00,350,78.8,18,0.43721
2025-05-08T04:06:00,347,78,18,0.45371
2025-05-08T04:09:00,345,77.5,18,0.46402
2025-05-08T04:12:00,343,76.8,19,0.50939
2025-05-08T04:15:00,342,76.2,19,0.52257
2025-05-08T04:18:00,339,75.9,19,0.52915
2025-05-08T04:21:00,337,75.6,19,0.53574
2025-05-08T04:24:00,337,75.4,19,0.54013
2025-05-08T04:27:00,337,75.1,19,0.54672
2025-05-08T04:30:00,336,74.6,20,0.59347
2025-05-08T04:33:00,335,74.7,20,0.59113
2025-05-08T04:36:00,334,74.5,20,0.5958
2025-05-08T04:39:00,334,73.8,20,0.61216
2025-05-08T04:42:00,333,71.7,20,0.66122
2025-05-08T04:45:00,334,70.9,20,0.67992
2025-05-08T04:48:00,333,69.9,20,0.70328
2025-05-08T04:51:00,332,67,20,0.77104
2025-05-08T04:54:00,332,65.5,20,0.80609
2025-05-08T04:57:00,331,64.1,20,0.8388
2025-05-08T05:00:00,331,63,20,0.8645
2025-05-08T05:03:00,331,61.8,20,0.89254
2025-05-08T05:06:00,331,60.6,20,0.92057
2025-05-08T05:09:00,331,59.9,20,0.93693
2025-05-08T05:12:00,331,59.7,20,0.9416
2025-05-08T05:15:00,331,58.1,20,0.97898
2025-05-08T05:18:00,332,57.3,20,0.99768
2025-05-08T05:21:00,332,57,20,1.00469
2025-05-08T05:24:00,332,56.8,20,1.00936
2025-05-08T05:27:00,332,55.9,20,1.03039
2025-05-08T05:30:00,332,55.6,20,1.0374
2025-05-08T05:33:00,333,55.3,20,1.04441
2025-05-08T05:36:00,334,54.7,20,1.05843
2025-05-08T05:39:00,334,54.9,20,1.05375
2025-05-08T05:42:00,335,54.1,20,1.07244
2025-05-08T05:45:00,335,54.3,20,1.06777
2025-05-08T05:48:00,335,53.7,20,1.08179
2025-05-08T05:51:00,336,53,20,1.09815
2025-05-08T05:54:00,336,53.1,20,1.09581
2025-05-08T05:57:00,336,52.7,20,1.10515
2025-05-08T06:00:00,336,52.5,20,1.10983
2025-05-08T06:03:00,336,52.3,20,1.1145
2025-05-08T06:06:00,336,53.5,20,1.08646
2025-05-08T06:09:00,337,52.2,20,1.11684
2025-05-08T06:12:00,338,52.6,20,1.10749
2025-05-08T06:15:00,340,51.7,20,1.12852
2025-05-08T06:18:00,343,51.4,20,1.13553
2025-05-08T06:21:00,347,51.5,20,1.13319
2025-05-08T06:24:00,350,52.1,20,1.11917
2025-05-08T06:27:00,353,52.1,20,1.11917
2025-05-08T06:30:00,353,52.1,20,1.11917
2025-05-08T06:33:00,356,54,20,1.07478
2025-05-08T06:36:00,359,54.8,20,1.05609
2025-05-08T06:39:00,361,54,20,1.07478
2025-05-08T06:42:00,363,51.5,20,1.13319
2025-05-08T06:45:00,364,51.9,20,1.12385
2025-05-08T06:48:00,363,52.6,20,1.10749
2025-05-08T06:51:00,364,52.9,21,1.17051
2025-05-08T06:54:00,364,53.2,21,1.16305
2025-05-08T06:57:00,365,53.2,21,1.16305
2025-05-08T07:00:00,369,49.9,20,1.17058
2025-05-08T07:03:00,369,49.7,21,1.25003
2025-05-08T07:06:00,372,50.8,21,1.2227
2025-05-08T07:09:00,372,52.1,21,1.19039
2025-05-08T07:12:00,375,51.7,21,1.20033
2025-05-08T07:15:00,378,49.4,21,1.25749
2025-05-08T07:18:00,378,49,21,1.26743
2025-05-08T07:21:00,382,50,21,1.24258
2025-05-08T07:24:00,380,50.4,21,1.23264
2025-05-08T07:27:00,375,49.7,21,1.25003
2025-05-08T07:30:00,374,47.8,21,1.29725
2025-05-08T07:33:00,380,44.5,21,1.37926
2025-05-08T07:36:00,383,47.1,21,1.31465
2025-05-08T07:39:00,418,48.7,21,1.27488
2025-05-08T07:42:00,415,50,22,1.32102
2025-05-08T07:45:00,406,48.8,22,1.35273
2025-05-08T07:48:00,394,46.1,22,1.42406
2025-05-08T07:51:00,407,44.4,22,1.46898
2025-05-08T07:54:00,398,45.6,22,1.43727
2025-05-08T07:57:00,402,48.7,22,1.35537
2025-05-08T08:00:00,432,49.6,22,1.33159
2025-05-08T08:03:00,421,47.2,22,1.395
2025-05-08T08:06:00,427,45.4,22,1.44256
2025-05-08T08:09:00,487,46.2,22,1.42142
2025-05-08T08:12:00,464,43.1,22,1.50333
2025-05-08T08:15:00,454,44.3,22,1.47162
2025-05-08T08:18:00,553,44.5,22,1.46634
2025-05-08T08:21:00,519,43.2,22,1.50068
2025-05-08T08:24:00,485,40.6,22,1.56938
2025-05-08T08:27:00,618,43.1,22,1.50333
2025-05-08T08:30:00,660,40,23,1.68453
2025-05-08T08:33:00,648,40.1,23,1.68172
2025-05-08T08:36:00,584,39.6,20,1.41123
2025-05-08T08:39:00,690,39.6,21,1.50103
2025-05-08T08:42:00,738,35.7,21,1.59795
2025-05-08T08:45:00,715,39.3,20,1.41824
2025-05-08T08:48:00,703,38.6,20,1.4346
2025-05-08T08:51:00,673,54.7,18,0.93424
2025-05-08T08:54:00,660,58.6,19,0.909
2025-05-08T08:57:00,673,60.6,18,0.81256
2025-05-08T09:00:00,642,61.1,18,0.80225
2025-05-08T09:03:00,630,59.9,19,0.88046
2025-05-08T09:06:00,634,59.9,18,0.827
2025-05-08T09:09:00,560,56.3,20,1.02104
2025-05-08T09:12:00,552,54.3,19,1.00342
2025-05-08T09:15:00,542,57.3,19,0.93755
2025-05-08T09:18:00,540,55.2,19,0.98365
2025-05-08T09:21:00,542,59.3,19,0.89363
2025-05-08T09:24:00,555,61.8,19,0.83874
2025-05-08T09:27:00,530,59.6,18,0.83318
2025-05-08T09:30:00,515,62.2,18,0.77956
2025-05-08T09:33:00,468,61.6,17,0.74349
2025-05-08T09:36:00,494,57.9,18,0.86824
2025-05-08T09:39:00,493,64.7,17,0.68347
2025-05-08T09:42:00,505,59.4,20,0.94861
2025-05-08T09:45:00,508,61.4,17,0.74736
2025-05-08T09:48:00,492,61.6,19,0.84313
2025-05-08T09:51:00,520,63.6,18,0.75069
2025-05-08T09:54:00,494,59.1,20,0.95562
2025-05-08T09:57:00,507,56.3,21,1.08601
2025-05-08T10:00:00,484,59.9,18,0.827
2025-05-08T10:03:00,477,58.3,19,0.91559
2025-05-08T10:06:00,481,58.5,20,0.96964
2025-05-08T10:09:00,493,61,19,0.85631
2025-05-08T10:12:00,479,58.9,19,0.90242
2025-05-08T10:15:00,517,58.5,19,0.9112
2025-05-08T10:18:00,543,59.2,18,0.84143
2025-05-08T10:21:00,526,57.4,18,0.87855
2025-05-08T10:24:00,509,56.5,19,0.95511
2025-05-08T10:27:00,534,56.6,20,1.01403
2025-05-08T10:30:00,530,57,19,0.94413
2025-05-08T10:33:00,540,58.4,19,0.91339
2025-05-08T10:36:00,544,48.9,21,1.26991
2025-05-08T10:39:00,536,61,18,0.80431
2025-05-08T10:42:00,538,58.5,18,0.85587
2025-05-08T10:45:00,538,59.9,18,0.827
2025-05-08T10:48:00,528,55.4,20,1.04207
2025-05-08T10:51:00,548,60.7,18,0.8105
2025-05-08T10:54:00,542,60.1,18,0.82287
2025-05-08T10:57:00,493,60.1,19,0.87607
2025-05-08T11:00:00,532,63,18,0.76306
2025-05-08T11:03:00,578,60.6,18,0.81256
2025-05-08T11:06:00,555,59.7,19,0.88485
2025-05-08T11:09:00,564,59.3,20,0.95095
2025-05-08T11:12:00,557,59.7,18,0.83112
2025-05-08T11:15:00,576,60.1,19,0.87607
2025-05-08T11:18:00,582,59,19,0.90022
2025-05-08T11:21:00,641,57.8,19,0.92657
2025-05-08T11:24:00,610,58.9,19,0.90242
2025-05-08T11:27:00,550,58.6,19,0.909
2025-05-08T11:30:00,567,59.7,19,0.88485
2025-05-08T11:33:00,630,56.4,20,1.01871
2025-05-08T11:36:00,696,61.5,18,0.794
2025-05-08T11:39:00,721,62,18,0.78369
2025-05-08T11:42:00,778,60.9,18,0.80637
2025-05-08T11:45:00,715,61.9,18,0.78575
2025-05-08T11:48:00,550,62.6,18,0.77131
2025-05-08T11:51:00,557,62.8,18,0.76719
2025-05-08T11:54:00,702,61.2,18,0.80019
2025-05-08T11:57:00,729,63.4,18,0.75481
2025-05-08T12:00:00,1027,60.2,18,0.82081
2025-05-08T12:03:00,832,62.8,18,0.76719
2025-05-08T12:06:00,960,62.8,18,0.76719
2025-05-08T12:09:00,1413,59.7,18,0.83112
2025-05-08T12:12:00,1271,62.6,18,0.77131
2025-05-08T12:15:00,539,56.7,19,0.95072
2025-05-08T12:18:00,481,57.8,19,0.92657
2025-05-08T12:21:00,524,56.9,19,0.94633
2025-05-08T12:24:00,644,58.4,19,0.91339
2025-05-08T12:27:00,853,58.9,19,0.90242
2025-05-08T12:30:00,649,59.8,19,0.88265
2025-05-08T12:33:00,554,59.3,19,0.89363
2025-05-08T12:36:00,492,57.3,19,0.93755
2025-05-08T12:39:00,533,59.5,19,0.88924
2025-05-08T12:42:00,794,59.9,19,0.88046
2025-05-08T12:45:00,893,58.2,19,0.91778
2025-05-08T12:48:00,840,58.7,19,0.90681
2025-05-08T12:51:00,832,58.9,19,0.90242
2025-05-08T12:54:00,791,60.2,19,0.87387
2025-05-08T12:57:00,827,58.4,19,0.91339
2025-05-08T13:00:00,802,57.1,19,0.94194
2025-05-08T13:03:00,808,58.1,19,0.91998
2025-05-08T13:06:00,506,58.9,19,0.90242
2025-05-08T13:09:00,512,60.8,19,0.8607
2025-05-08T13:12:00,879,58.1,19,0.91998
2025-05-08T13:15:00,879,60.4,18,0.81668
2025-05-08T13:18:00,472,58.8,19,0.90461
2025-05-08T13:21:00,476,62.4,18,0.77544
2025-05-08T13:24:00,472,58.6,19,0.909
2025-05-08T13:27:00,468,59,18,0.84556
2025-05-08T13:30:00,469,60.8,18,0.80843
2025-05-08T13:33:00,471,60.7,19,0.86289
2025-05-08T13:36:00,476,59.4,18,0.83731
2025-05-08T13:39:00,476,57.8,19,0.92657
2025-05-08T13:42:00,478,58,19,0.92218
2025-05-08T13:45:00,447,58.5,19,0.9112
2025-05-08T13:48:00,452,58.8,19,0.90461
2025-05-08T13:51:00,477,59.8,19,0.88265
2025-05-08T13:54:00,467,57.1,19,0.94194
2025-05-08T13:57:00,437,59.5,18,0.83524
2025-05-08T14:00:00,441,59.5,19,0.88924
2025-05-08T14:03:00,489,59.3,20,0.95095
2025-05-08T14:06:00,477,59,18,0.84556
2025-05-08T14:09:00,470,58.7,19,0.90681
2025-05-08T14:12:00,464,58.5,19,0.9112
2025-05-08T14:15:00,457,57.9,20,0.98366
2025-05-08T14:18:00,449,59.9,18,0.827
2025-05-08T14:21:00,446,59.3,19,0.89363
2025-05-08T14:24:00,443,58.4,19,0.91339
2025-05-08T14:27:00,446,59.7,20,0.9416
2025-05-08T14:30:00,447,59.6,19,0.88705
2025-05-08T14:33:00,448,60.7,19,0.86289
2025-05-08T14:36:00,452,61,20,0.91123
2025-05-08T14:39:00,542,60.8,19,0.8607
2025-05-08T14:42:00,556,58.3,19,0.91559
2025-05-08T14:45:00,523,59.7,19,0.88485
2025-05-08T14:48:00,450,60.8,20,0.9159
2025-05-08T14:51:00,443,61.8,19,0.83874
2025-05-08T14:54:00,443,59.4,19,0.89144
2025-05-08T14:57:00,444,60.2,19,0.87387
2025-05-08T15:00:00,444,58.6,19,0.909
2025-05-08T15:03:00,475,56.1,20,1.02571
2025-05-08T15:06:00,613,58.7,19,0.90681
2025-05-08T15:09:00,562,60.6,19,0.86509
2025-05-08T15:12:00,510,57.3,21,1.06116
2025-05-08T15:15:00,473,59.4,19,0.89144
2025-05-08T15:18:00,450,60.3,19,0.87168
2025-05-08T15:21:00,448,61,19,0.85631
2025-05-08T15:24:00,447,58.8,20,0.96263
2025-05-08T15:27:00,440,59.9,19,0.88046
2025-05-08T15:30:00,435,60.4,19,0.86948
2025-05-08T15:33:00,439,57.6,21,1.05371
2025-05-08T15:36:00,433,59.7,18,0.83112
2025-05-08T15:39:00,427,60.1,19,0.87607
2025-05-08T15:42:00,431,54.3,20,1.06777
2025-05-08T15:45:00,424,58.8,18,0.84968
2025-05-08T15:48:00,426,57.9,20,0.98366
2025-05-08T15:51:00,427,56.4,20,1.01871
2025-05-08T15:54:00,421,59,19,0.90022
2025-05-08T15:57:00,424,57,20,1.00469
2025-05-08T16:00:00,422,59.9,18,0.827
2025-05-08T16:03:00,419,60.45,18.5,0.84166
2025-05-08T16:06:00,416,61,19,0.85631
2025-05-08T16:09:00,420,57.3,21,1.06116
2025-05-08T16:12:00,419,58,18,0.86618
2025-05-08T16:15:00,413,61.2,19,0.85192
2025-05-08T16:18:00,414,56.4,20,1.01871
2025-05-08T16:21:00,413,58.7,19,0.90681
2025-05-08T16:24:00,409,61.3,19,0.84972
2025-05-08T16:27:00,410,57.7,19,0.92876
2025-05-08T16:30:00,412,57.6,18,0.87443
2025-05-08T16:33:00,404,54.6,19,0.99683
2025-05-08T16:36:00,413,55.7,20,1.03506
2025-05-08T16:39:00,406,57.1,20,1.00235
2025-05-08T16:42:00,410,55.1,20,1.04908
2025-05-08T16:45:00,430,54.5,20,1.0631
2025-05-08T16:48:00,430,51.3,20,1.13787
2025-05-08T16:51:00,423,52.8,19,1.03635
2025-05-08T16:54:00,419,53,20,1.09815
2025-05-08T16:57:00,422,51.2,21,1.21275
2025-05-08T17:00:00,446,48.9,21,1.26991
2025-05-08T17:03:00,576,48.7,21,1.27488
2025-05-08T17:06:00,512,57.6,18,0.87443
2025-05-08T17:09:00,414,56.8,18,0.89093
2025-05-08T17:12:00,382,54.5,20,1.0631
2025-05-08T17:15:00,420,51.5,21,1.2053
2025-05-08T17:18:00,495,53.1,20,1.09581
2025-05-08T17:21:00,460,50.9,21,1.22021
2025-05-08T17:24:00,441,48.2,21,1.28731
2025-05-08T17:27:00,434,48.1,21,1.28979
2025-05-08T17:30:00,530,48.1,22,1.37122
2025-05-08T17:33:00,469,47.8,22,1.37915
2025-05-08T17:36:00,405,48.2,22,1.36858
2025-05-08T17:39:00,428,47.1,22,1.39764
2025-05-08T17:42:00,430,46.7,21,1.32459
2025-05-08T17:45:00,458,47.3,21,1.30968
2025-05-08T17:48:00,468,47.8,21,1.29725
2025-05-08T17:51:00,476,46.1,22,1.42406
2025-05-08T17:54:00,478,44.9,22,1.45577
2025-05-08T17:57:00,471,43.1,22,1.50333
2025-05-08T18:00:00,446,40.6,22,1.56938
2025-05-08T18:03:00,441,38.2,22,1.63279
2025-05-08T18:06:00,413,35.9,22,1.69355
2025-05-08T18:09:00,394,34.3,23,1.84456
2025-05-08T18:12:00,394,32.2,23,1.90352
2025-05-08T18:15:00,389,31.8,23,1.91475
2025-05-08T18:18:00,386,29.3,22,1.86793
2025-05-08T18:21:00,383,30.7,22,1.83094
2025-05-08T18:24:00,378,31.8,22,1.80188
2025-05-08T18:27:00,380,29.8,22,1.85472
2025-05-08T18:30:00,375,31.1,22,1.82037
2025-05-08T18:33:00,375,31,23,1.93721
2025-05-08T18:36:00,375,30.7,23,1.94563
2025-05-08T18:39:00,372,37.5,21,1.55322
2025-05-08T18:42:00,367,45.8,20,1.26637
2025-05-08T18:45:00,367,48.1,21,1.28979
2025-05-08T18:48:00,366,50,20,1.16824
2025-05-08T18:51:00,363,49,21,1.26743
2025-05-08T18:54:00,362,48.3,21,1.28482
2025-05-08T18:57:00,360,49.4,21,1.25749
2025-05-08T19:00:00,361,47.6,21,1.30222
2025-05-08T19:03:00,358,49.2,20,1.18693
2025-05-08T19:06:00,356,49.6,21,1.25252
2025-05-08T19:09:00,356,47,21,1.31713
2025-05-08T19:12:00,353,50.3,20,1.16123
2025-05-08T19:15:00,352,48.3,21,1.28482
2025-05-08T19:18:00,351,48.6,21,1.27737
2025-05-08T19:21:00,348,51.4,20,1.13553
2025-05-08T19:24:00,347,47.2,21,1.31216
2025-05-08T19:27:00,347,48.2,21,1.28731
2025-05-08T19:30:00,347,46.3,21,1.33453
2025-05-08T19:33:00,345,43.8,21,1.39666
2025-05-08T19:36:00,346,45.5,21,1.35441
2025-05-08T19:39:00,345,42.5,22,1.51918
2025-05-08T19:42:00,345,46.8,21,1.3221
2025-05-08T19:45:00,342,43,21,1.41654
2025-05-08T19:48:00,344,45.5,21,1.35441
2025-05-08T19:51:00,342,42.9,21,1.41902
2025-05-08T19:54:00,341,44.9,22,1.45577
2025-05-08T19:57:00,342,43.1,21,1.41405
2025-05-08T20:00:00,340,41.3,22,1.55088
2025-05-08T20:03:00,11,45.2,21,1.36186
2025-05-08T20:06:00,10,42.4,21,1.43145
2025-05-08T20:09:00,10,41,21,1.46624
2025-05-08T20:12:00,9,39.8,21,1.49606
2025-05-08T20:15:00,0,39.1,21,1.51346
2025-05-08T20:18:00,0,38.7,21,1.5234
2025-05-08T20:21:00,0,38.4,21,1.53085
2025-05-08T20:24:00,0,38.2,21,1.53582
2025-05-08T20:27:00,0,37.9,21,1.54328
2025-05-08T20:30:00,0,37.7,20,1.45563
2025-05-08T20:33:00,0,37.5,20,1.4603
2025-05-08T20:36:00,0,37.2,20,1.46731
2025-05-08T20:39:00,0,36.9,20,1.47432
2025-05-08T20:42:00,0,36.6,20,1.48133
2025-05-08T20:45:00,0,36.5,20,1.48366
2025-05-08T20:48:00,0,38,20,1.44862
2025-05-08T20:51:00,0,39.3,20,1.41824
2025-05-08T20:54:00,0,42.1,20,1.35282
2025-05-08T20:57:00,0,43.5,20,1.32011
2025-05-08T21:00:00,0,45.2,20,1.28039
2025-05-08T21:03:00,0,46.9,20,1.24067
2025-05-08T21:06:00,0,48.2,20,1.2103
2025-05-08T21:09:00,0,48.8,20,1.19628
2025-05-08T21:12:00,0,50.7,20,1.15188
2025-05-08T21:15:00,0,51.8,20,1.12618
2025-05-08T21:18:00,0,52.6,20,1.10749
2025-05-08T21:21:00,0,53.7,20,1.08179
2025-05-08T21:24:00,0,54.7,20,1.05843
2025-05-08T21:27:00,0,55.4,20,1.04207
2025-05-08T21:30:00,0,56.3,20,1.02104
2025-05-08T21:33:00,0,57.3,19,0.93755
2025-05-08T21:36:00,0,57.9,20,0.98366
2025-05-08T21:39:00,0,55.5,19,0.97707
2025-05-08T21:42:00,0,56.9,19,0.94633
2025-05-08T21:45:00,0,55.8,19,0.97048
2025-05-08T21:48:00,0,55.6,19,0.97487
2025-05-08T21:51:00,0,56.8,19,0.94852
2025-05-08T21:54:00,0,57.6,19,0.93096
2025-05-08T21:57:00,0,58,19,0.92218
2025-05-08T22:00:00,0,58.3,19,0.91559
2025-05-08T22:03:00,0,59.6,19,0.88705
2025-05-08T22:06:00,0,60.2,19,0.87387
2025-05-08T22:09:00,0,61.1,19,0.85411
2025-05-08T22:12:00,0,61.9,19,0.83655
2025-05-08T22:15:00,0,62.3,19,0.82776
2025-05-08T22:18:00,0,63,19,0.81239
2025-05-08T22:21:00,0,63.4,19,0.80361
2025-05-08T22:24:00,0,63.6,19,0.79922
2025-05-08T22:27:00,0,63.8,19,0.79483
2025-05-08T22:30:00,0,64.1,19,0.78824
2025-05-08T22:33:00,0,64.4,19,0.78165
2025-05-08T22:36:00,0,64.6,19,0.77726
2025-05-08T22:39:00,0,65.2,19,0.76409
2025-05-08T22:42:00,0,65.3,19,0.76189
2025-05-08T22:45:00,0,65.4,19,0.7597
2025-05-08T22:48:00,0,65.5,19,0.7575
2025-05-08T22:51:00,0,65.6,19,0.75531
2025-05-08T22:54:00,0,65.7,19,0.75311
2025-05-08T22:57:00,0,65.8,19,0.75091
2025-05-08T23:00:00,0,65.9,19,0.74872
2025-05-08T23:03:00,0,65.8,18,0.70532
2025-05-08T23:06:00,0,66.9,18,0.68263
2025-05-08T23:09:00,0,68.3,18,0.65376
2025-05-08T23:12:00,0,69.4,18,0.63107
2025-05-08T23:15:00,0,70.3,18,0.61251
2025-05-08T23:18:00,0,70.9,18,0.60014
2025-05-08T23:21:00,0,71.3,18,0.59189
2025-05-08T23:24:00,0,71.6,18,0.5857
2025-05-08T23:27:00,0,71.9,18,0.57952
2025-05-08T23:30:00,0,71.9,18,0.57952
2025-05-08T23:33:00,0,72.1,18,0.57539
2025-05-08T23:36:00,0,72.2,18,0.57333
2025-05-08T23:39:00,0,72.2,18,0.57333
2025-05-08T23:42:00,0,72.1,18,0.57539
2025-05-08T23:45:00,0,72.1,18,0.57539
2025-05-08T23:48:00,0,72,18,0.57745
2025-05-08T23:51:00,0,72,18,0.57745
2025-05-08T23:54:00,0,72,18,0.57745
2025-05-08T23:57:00,0,71.8,18,0.58158
2025-05-09T00:00:00,0,71.7,18,0.58364
2025-05-09T00:03:00,0,71.6,18,0.5857
2025-05-09T00:06:00,0,71.5,18,0.58776
2025-05-09T00:09:00,0,71.4,18,0.58983
2025-05-09T00:12:00,0,71.4,18,0.58983
2025-05-09T00:15:00,0,71.2,17,0.55762
2025-05-09T00:18:00,0,71,17,0.56149
2025-05-09T00:21:00,0,71,17,0.56149
2025-05-09T00:24:00,0,70.9,17,0.56342
2025-05-09T00:27:00,0,70.6,17,0.56923
2025-05-09T00:30:00,0,70.6,17,0.56923
2025-05-09T00:33:00,0,71.2,17,0.55762
2025-05-09T00:36:00,0,72.8,17,0.52664
2025-05-09T00:39:00,0,73.5,17,0.51308
2025-05-09T00:42:00,0,74.1,17,0.50147
2025-05-09T00:45:00,0,74.4,17,0.49566
2025-05-09T00:48:00,0,74.8,17,0.48791
2025-05-09T00:51:00,0,74.8,17,0.48791
2025-05-09T00:54:00,0,74.8,17,0.48791
2025-05-09T00:57:00,0,74.7,17,0.48985
2025-05-09T01:00:00,0,74.7,17,0.48985
2025-05-09T01:03:00,0,74.7,17,0.48985
2025-05-09T01:06:00,0,74.6,17,0.49179
2025-05-09T01:09:00,0,74.5,17,0.49372
2025-05-09T01:12:00,0,74.2,17,0.49953
2025-05-09T01:15:00,0,74.2,17,0.49953
2025-05-09T01:18:00,0,74,17,0.5034
2025-05-09T01:21:00,0,73.8,17,0.50727
2025-05-09T01:24:00,0,73.6,17,0.51115
2025-05-09T01:27:00,0,73.6,17,0.51115
2025-05-09T01:30:00,0,73.3,17,0.51696
2025-05-09T01:33:00,0,73.3,17,0.51696
2025-05-09T01:36:00,0,73,17,0.52276
2025-05-09T01:39:00,0,72.8,17,0.52664
2025-05-09T01:42:00,0,72.6,17,0.53051
2025-05-09T01:45:00,0,72.5,17,0.53244
2025-05-09T01:48:00,0,72.2,17,0.53825
2025-05-09T01:51:00,0,71.9,16,0.51053
2025-05-09T01:54:00,0,71.9,16,0.51053
2025-05-09T01:57:00,0,71.6,16,0.51598
2025-05-09T02:00:00,0,71.4,16,0.51961
2025-05-09T02:03:00,0,72.1,16,0.50689
2025-05-09T02:06:00,0,73.4,16,0.48327
2025-05-09T02:09:00,0,74.2,16,0.46874
2025-05-09T02:12:00,0,74.7,16,0.45966
2025-05-09T02:15:00,0,75,16,0.4542
2025-05-09T02:18:00,0,75.2,16,0.45057
2025-05-09T02:21:00,0,75.2,16,0.45057
2025-05-09T02:24:00,0,74.9,16,0.45602
2025-05-09T02:27:00,0,74.7,16,0.45966
2025-05-09T02:30:00,0,74.6,16,0.46147
2025-05-09T02:33:00,0,74.6,16,0.46147
2025-05-09T02:36:00,0,74.3,16,0.46692
2025-05-09T02:39:00,0,73.9,16,0.47419
2025-05-09T02:42:00,0,74,16,0.47237
2025-05-09T02:45:00,0,73.7,16,0.47782
2025-05-09T02:48:00,0,73.5,16,0.48146
2025-05-09T02:51:00,0,73.5,16,0.48146
2025-05-09T02:54:00,0,73.2,16,0.48691
2025-05-09T02:57:00,0,73,16,0.49054
2025-05-09T03:00:00,0,72.9,16,0.49236
2025-05-09T03:03:00,0,72.8,16,0.49417
2025-05-09T03:06:00,0,72.7,16,0.49599
2025-05-09T03:09:00,0,72.6,16,0.49781
2025-05-09T03:12:00,0,72.4,16,0.50144
2025-05-09T03:15:00,0,72.4,16,0.50144
2025-05-09T03:18:00,0,72.3,16,0.50326
2025-05-09T03:21:00,0,71.9,16,0.51053
2025-05-09T03:24:00,0,71.9,16,0.51053
2025-05-09T03:27:00,0,71.9,16,0.51053
2025-05-09T03:30:00,0,71.9,16,0.51053
2025-05-09T03:33:00,0,71.6,16,0.51598
2025-05-09T03:36:00,0,71.2,16,0.52324
2025-05-09T03:39:00,0,71.1,16,0.52506
2025-05-09T03:42:00,0,71,16,0.52688
2025-05-09T03:45:00,0,71.2,16,0.52324
2025-05-09T03:48:00,0,71.7,16,0.51416
2025-05-09T03:51:00,0,70.4,16,0.53778
2025-05-09T03:54:00,0,69.5,17,0.59053
2025-05-09T03:57:00,0,68.8,17,0.60408
2025-05-09T04:00:00,0,68.6,17,0.60796
2025-05-09T04:03:00,347,68.1,17,0.61764
2025-05-09T04:06:00,345,67.4,17,0.63119
2025-05-09T04:09:00,342,66.8,17,0.64281
2025-05-09T04:12:00,340,66.5,17,0.64861
2025-05-09T04:15:00,338,66.3,17,0.65249
2025-05-09T04:18:00,336,65.9,17,0.66023
2025-05-09T04:21:00,335,65.9,17,0.66023
2025-05-09T04:24:00,335,65.8,17,0.66217
2025-05-09T04:27:00,334,65.7,17,0.6641
2025-05-09T04:30:00,332,65.2,17,0.67378
2025-05-09T04:33:00,331,65.1,18,0.71975
2025-05-09T04:36:00,331,64.7,18,0.728
2025-05-09T04:39:00,331,64.4,18,0.73419
2025-05-09T04:42:00,331,64.1,18,0.74038
2025-05-09T04:45:00,330,63.8,18,0.74656
2025-05-09T04:48:00,330,63.8,18,0.74656
2025-05-09T04:51:00,330,63.6,18,0.75069
2025-05-09T04:54:00,330,63.2,18,0.75894
2025-05-09T04:57:00,331,63.2,18,0.75894
2025-05-09T05:00:00,330,62.7,18,0.76925
2025-05-09T05:03:00,330,62.8,18,0.76719
2025-05-09T05:06:00,331,62.6,18,0.77131
2025-05-09T05:09:00,329,62.3,18,0.7775
2025-05-09T05:12:00,330,62.4,18,0.77544
2025-05-09T05:15:00,331,62.3,19,0.82776
2025-05-09T05:18:00,330,61.9,19,0.83655
2025-05-09T05:21:00,331,61.8,19,0.83874
2025-05-09T05:24:00,331,61.5,19,0.84533
2025-05-09T05:27:00,332,62,19,0.83435
2025-05-09T05:30:00,332,61.7,19,0.84094
2025-05-09T05:33:00,331,61.4,19,0.84752
2025-05-09T05:36:00,333,61.6,19,0.84313
2025-05-09T05:39:00,332,61.3,19,0.84972
2025-05-09T05:42:00,334,61.3,19,0.84972
2025-05-09T05:45:00,333,61.2,19,0.85192
2025-05-09T05:48:00,334,60.8,19,0.8607
2025-05-09T05:51:00,334,60.8,19,0.8607
2025-05-09T05:54:00,334,60.7,19,0.86289
2025-05-09T05:57:00,335,60.8,19,0.8607
2025-05-09T06:00:00,336,60.6,19,0.86509
2025-05-09T06:03:00,336,60.5,19,0.86728
2025-05-09T06:06:00,336,60.8,19,0.8607
2025-05-09T06:09:00,336,60.5,19,0.86728
2025-05-09T06:12:00,338,60.4,19,0.86948
2025-05-09T06:15:00,338,60.3,19,0.87168
2025-05-09T06:18:00,339,60.4,19,0.86948
2025-05-09T06:21:00,341,60.1,19,0.87607
2025-05-09T06:24:00,342,60.5,19,0.86728
2025-05-09T06:27:00,342,60.2,19,0.87387
2025-05-09T06:30:00,345,60.2,19,0.87387
2025-05-09T06:33:00,345,60.6,20,0.92057
2025-05-09T06:36:00,351,60.5,20,0.92291
2025-05-09T06:39:00,353,60.8,20,0.9159
2025-05-09T06:42:00,356,60.9,20,0.91356
2025-05-09T06:45:00,357,61.3,20,0.90422
2025-05-09T06:48:00,358,61.3,20,0.90422
2025-05-09T06:51:00,360,61.4,20,0.90188
2025-05-09T06:54:00,363,61.6,20,0.89721
2025-05-09T06:57:00,364,61.4,21,0.95927
2025-05-09T07:00:00,366,61.6,21,0.9543
2025-05-09T07:03:00,369,61.2,21,0.96424
2025-05-09T07:06:00,369,60.2,21,0.98909
2025-05-09T07:09:00,371,59.1,21,1.01643
2025-05-09T07:12:00,372,56.9,21,1.0711
2025-05-09T07:15:00,373,56.5,21,1.08104
2025-05-09T07:18:00,378,54.4,21,1.13323
2025-05-09T07:21:00,378,54.3,21,1.13572
2025-05-09T07:24:00,380,52.9,21,1.17051
2025-05-09T07:27:00,382,50.7,21,1.22518
2025-05-09T07:30:00,388,50.7,21,1.22518
2025-05-09T07:33:00,389,48.9,21,1.26991
2025-05-09T07:36:00,408,48,22,1.37386
2025-05-09T07:39:00,422,47.7,22,1.38179
2025-05-09T07:42:00,409,46,22,1.42671
2025-05-09T07:45:00,416,46.1,22,1.42406
2025-05-09T07:48:00,429,44.6,22,1.46369
2025-05-09T07:51:00,433,44,22,1.47955
2025-05-09T07:54:00,445,43.2,22,1.50068
2025-05-09T07:57:00,572,45.1,22,1.45048
2025-05-09T08:00:00,594,47.1,23,1.48519
2025-05-09T08:03:00,592,45.8,23,1.52169
2025-05-09T08:06:00,549,46.3,23,1.50765
2025-05-09T08:09:00,578,46.5,23,1.50204
2025-05-09T08:12:00,581,47.1,23,1.48519
2025-05-09T08:15:00,563,47.4,23,1.47677
2025-05-09T08:18:00,611,45.6,22,1.43727
2025-05-09T08:21:00,521,44.5,23,1.55819
2025-05-09T08:24:00,518,45.6,21,1.35192
2025-05-09T08:27:00,655,45.6,22,1.43727
2025-05-09T08:30:00,651,47.6,20,1.22432
2025-05-09T08:33:00,705,47.1,22,1.39764
2025-05-09T08:36:00,722,46.1,20,1.25936
2025-05-09T08:39:00,749,44.5,22,1.46634
2025-05-09T08:42:00,712,46.4,19,1.17687
2025-05-09T08:45:00,741,42.8,22,1.51125
2025-05-09T08:48:00,748,44.1,19,1.22737
2025-05-09T08:51:00,705,42.8,22,1.51125
2025-05-09T08:54:00,705,42.2,20,1.35049
2025-05-09T08:57:00,653,37.8,20,1.45329
2025-05-09T09:00:00,597,41.9,21,1.44387
2025-05-09T09:03:00,611,41.3,18,1.21059
2025-05-09T09:06:00,594,39.6,21,1.50103
2025-05-09T09:09:00,589,41.5,18,1.20646
2025-05-09T09:12:00,572,35.6,20,1.50469
2025-05-09T09:15:00,541,38.7,19,1.34594
2025-05-09T09:18:00,526,38.9,20,1.42759
2025-05-09T09:21:00,524,36.3,21,1.58304
2025-05-09T09:24:00,516,38.7,17,1.18687
2025-05-09T09:27:00,496,39.2,18,1.2539
2025-05-09T09:30:00,494,34.2,21,1.63523
2025-05-09T09:33:00,480,36.5,18,1.30958
2025-05-09T09:36:00,464,40,17,1.1617
2025-05-09T09:39:00,465,35.2,20,1.51404
2025-05-09T09:42:00,469,34.7,18,1.3467
2025-05-09T09:45:00,468,35.9,17,1.24108
2025-05-09T09:48:00,471,35.6,18,1.32814
2025-05-09T09:51:00,478,32.4,20,1.57946
2025-05-09T09:54:00,493,33.6,18,1.36939
2025-05-09T09:57:00,502,35.7,17,1.24495
2025-05-09T10:00:00,482,35.2,17,1.25463
2025-05-09T10:03:00,491,33.5,19,1.46011
2025-05-09T10:06:00,498,34.2,18,1.35702
2025-05-09T10:09:00,495,34.9,17,1.26044
2025-05-09T10:12:00,512,34.9,18,1.34258
2025-05-09T10:15:00,536,29.8,20,1.64021
2025-05-09T10:18:00,542,33.2,17,1.29336
2025-05-09T10:21:00,547,34.5,17,1.26819
2025-05-09T10:24:00,528,33.8,18,1.36526
2025-05-09T10:27:00,547,30,20,1.63554
2025-05-09T10:30:00,558,31.5,17,1.32627
2025-05-09T10:33:00,535,32.4,18,1.39414
2025-05-09T10:36:00,532,31.6,19,1.50183
2025-05-09T10:39:00,527,28.7,21,1.77191
2025-05-09T10:42:00,531,30.1,18,1.44157
2025-05-09T10:45:00,534,31.2,18,1.41889
2025-05-09T10:48:00,531,31.7,18,1.40857
2025-05-09T10:51:00,520,27.6,20,1.69161
2025-05-09T10:54:00,520,30.7,18,1.4292
2025-05-09T10:57:00,528,31.2,18,1.41889
2025-05-09T11:00:00,533,30.7,20,1.61918
2025-05-09T11:03:00,538,29.2,19,1.55453
2025-05-09T11:06:00,548,30.1,18,1.44157
2025-05-09T11:09:00,545,30.2,18,1.43951
2025-05-09T11:12:00,534,27.4,20,1.69628
2025-05-09T11:15:00,548,29.2,18,1.46013
2025-05-09T11:18:00,578,28.9,19,1.56111
2025-05-09T11:21:00,563,29.4,19,1.55013
2025-05-09T11:24:00,557,28.7,19,1.5655
2025-05-09T11:27:00,528,28.2,19,1.57648
2025-05-09T11:30:00,528,28.9,20,1.66124
2025-05-09T11:33:00,530,28.3,19,1.57429
2025-05-09T11:36:00,538,25.4,19,1.63796
2025-05-09T11:39:00,543,29.1,19,1.55672
2025-05-09T11:42:00,546,26.3,19,1.6182
2025-05-09T11:45:00,548,25.7,20,1.736
2025-05-09T11:48:00,543,27.1,19,1.60063
2025-05-09T11:51:00,538,27.5,19,1.59185
2025-05-09T11:54:00,543,25.2,19,1.64235
2025-05-09T11:57:00,616,25.7,19,1.63137
2025-05-09T12:00:00,661,43.5,16,1.0265
2025-05-09T12:03:00,745,43.7,17,1.09006
2025-05-09T12:06:00,812,49.9,16,0.91023
2025-05-09T12:09:00,893,48.5,16,0.93566
2025-05-09T12:12:00,1003,41.6,16,1.06102
2025-05-09T12:15:00,515,42.2,18,1.19203
2025-05-09T12:18:00,507,32.9,17,1.29917
2025-05-09T12:21:00,506,28.6,18,1.47251
2025-05-09T12:24:00,778,38.5,18,1.26833
2025-05-09T12:27:00,820,41.7,19,1.28007
2025-05-09T12:30:00,604,53.3,17,0.90419
2025-05-09T12:33:00,599,53,17,0.91
2025-05-09T12:36:00,512,54.2,17,0.88676
2025-05-09T12:39:00,553,47.4,16,0.95565
2025-05-09T12:42:00,723,46.5,19,1.17468
2025-05-09T12:45:00,878,55.4,15,0.75998
2025-05-09T12:48:00,873,48.3,17,1.001
2025-05-09T12:51:00,723,48.2,17,1.00293
2025-05-09T12:54:00,747,51.8,18,0.99404
2025-05-09T12:57:00,783,48.6,20,1.20095
2025-05-09T13:00:00,762,46.9,20,1.24067
2025-05-09T13:03:00,706,47.3,20,1.23132
2025-05-09T13:06:00,557,50.3,19,1.09124
2025-05-09T13:09:00,537,49.4,20,1.18226
2025-05-09T13:12:00,768,44.5,21,1.37926
2025-05-09T13:15:00,793,51.6,17,0.9371
2025-05-09T13:18:00,820,52.9,17,0.91193
2025-05-09T13:21:00,831,49.6,19,1.10661
2025-05-09T13:24:00,829,46.1,21,1.3395
2025-05-09T13:27:00,822,43.3,22,1.49804
2025-05-09T13:30:00,849,50.5,17,0.9584
2025-05-09T13:33:00,864,50.7,16,0.89569
2025-05-09T13:36:00,812,48,17,1.0068
2025-05-09T13:39:00,778,47.4,18,1.08479
2025-05-09T13:42:00,825,46.4,19,1.17687
2025-05-09T13:45:00,525,45.5,19,1.19663
2025-05-09T13:48:00,649,44.3,20,1.30142
2025-05-09T13:51:00,687,44.4,20,1.29908
2025-05-09T13:54:00,587,47.3,20,1.23132
2025-05-09T13:57:00,547,49.2,19,1.11539
2025-05-09T14:00:00,556,43.7,20,1.31544
2025-05-09T14:03:00,630,45.4,20,1.27572
2025-05-09T14:06:00,621,39.6,21,1.50103
2025-05-09T14:09:00,594,36.5,20,1.48366
2025-05-09T14:12:00,602,42.9,19,1.25372
2025-05-09T14:15:00,613,40.9,19,1.29763
2025-05-09T14:18:00,612,35.3,19,1.42059
2025-05-09T14:21:00,610,32.4,21,1.67996
2025-05-09T14:24:00,479,38.7,19,1.34594
2025-05-09T14:27:00,469,48.6,18,1.06004
2025-05-09T14:30:00,404,51,17,0.94872
2025-05-09T14:33:00,408,42,18,1.19615
2025-05-09T14:36:00,427,44.6,19,1.21639
2025-05-09T14:39:00,477,51.7,17,0.93517
2025-05-09T14:42:00,539,45.4,19,1.19883
2025-05-09T14:45:00,486,47.8,20,1.21964
2025-05-09T14:48:00,476,45.1,21,1.36435
2025-05-09T14:51:00,489,44.8,22,1.45841
2025-05-09T14:54:00,517,42.4,22,1.52182
2025-05-09T14:57:00,517,49.2,19,1.11539
2025-05-09T15:00:00,504,43,21,1.41654
2025-05-09T15:03:00,523,47.2,19,1.15931
2025-05-09T15:06:00,584,46.7,20,1.24534
2025-05-09T15:09:00,539,44.1,21,1.3892
2025-05-09T15:12:00,553,42.9,22,1.50861
2025-05-09T15:15:00,580,41.6,21,1.45133
2025-05-09T15:18:00,577,42.5,21,1.42896
2025-05-09T15:21:00,572,41,21,1.46624
2025-05-09T15:24:00,578,42.3,21,1.43393
2025-05-09T15:27:00,567,42.6,19,1.26031
2025-05-09T15:30:00,573,36.9,20,1.47432
2025-05-09T15:33:00,551,35.8,20,1.50002
2025-05-09T15:36:00,455,31.4,22,1.81244
2025-05-09T15:39:00,417,27.7,22,1.9102
2025-05-09T15:42:00,389,26.7,21,1.82162
2025-05-09T15:45:00,394,23.8,22,2.01324
2025-05-09T15:48:00,398,26.1,22,1.95247
2025-05-09T15:51:00,403,26,23,2.07758
2025-05-09T15:54:00,410,26.5,23,2.06355
2025-05-09T15:57:00,434,40.9,19,1.29763
2025-05-09T16:00:00,520,46.7,17,1.03198
2025-05-09T16:03:00,511,45.2,18,1.13016
2025-05-09T16:06:00,493,50.4,19,1.08905
2025-05-09T16:09:00,482,50.5,19,1.08685
2025-05-09T16:12:00,432,48.5,19,1.13076
2025-05-09T16:15:00,452,48.3,20,1.20796
2025-05-09T16:18:00,466,46.9,20,1.24067
2025-05-09T16:21:00,465,45.5,20,1.27338
2025-05-09T16:24:00,484,45.2,21,1.36186
2025-05-09T16:27:00,542,45.9,20,1.26404
2025-05-09T16:30:00,490,45.3,21,1.35938
2025-05-09T16:33:00,522,44.3,21,1.38423
2025-05-09T16:36:00,509,44.5,20,1.29675
2025-05-09T16:39:00,506,43.7,20,1.31544
2025-05-09T16:42:00,490,42.5,20,1.34348
2025-05-09T16:45:00,471,42.3,20,1.34815
2025-05-09T16:48:00,479,39.8,20,1.40656
2025-05-09T16:51:00,473,38.6,20,1.4346
2025-05-09T16:54:00,452,33.5,20,1.55376
2025-05-09T16:57:00,433,29.9,21,1.74209
2025-05-09T17:00:00,454,27.8,21,1.79428
2025-05-09T17:03:00,476,24.6,21,1.87381
2025-05-09T17:06:00,524,25.9,22,1.95776
2025-05-09T17:09:00,476,24.7,22,1.98946
2025-05-09T17:12:00,461,38.1,22,1.63543
2025-05-09T17:15:00,472,47.4,19,1.15492
2025-05-09T17:18:00,559,45.1,20,1.28273
2025-05-09T17:21:00,556,48,20,1.21497
2025-05-09T17:24:00,519,48,20,1.21497
2025-05-09T17:27:00,545,45.8,20,1.26637
2025-05-09T17:30:00,568,44.6,21,1.37677
2025-05-09T17:33:00,576,45,21,1.36683
2025-05-09T17:36:00,479,43.5,21,1.40411
2025-05-09T17:39:00,461,43.8,22,1.48483
2025-05-09T17:42:00,454,41.8,22,1.53767
2025-05-09T17:45:00,468,41.1,22,1.55617
2025-05-09T17:48:00,490,41.4,22,1.54824
2025-05-09T17:51:00,450,41,22,1.55881
2025-05-09T17:54:00,487,39.1,23,1.70979
2025-05-09T17:57:00,485,38.3,22,1.63014
2025-05-09T18:00:00,455,38.1,22,1.63543
2025-05-09T18:03:00,443,37.9,22,1.64071
2025-05-09T18:06:00,424,34.5,21,1.62778
2025-05-09T18:09:00,414,34.7,22,1.72526
2025-05-09T18:12:00,403,31.8,22,1.80188
2025-05-09T18:15:00,396,28.4,22,1.89171
2025-05-09T18:18:00,390,27.5,22,1.91548
2025-05-09T18:21:00,388,24.9,22,1.98418
2025-05-09T18:24:00,387,25.2,22,1.97625
2025-05-09T18:27:00,391,26.2,22,1.94983
2025-05-09T18:30:00,383,25.9,22,1.95776
2025-05-09T18:33:00,380,24.7,22,1.98946
2025-05-09T18:36:00,377,24.7,22,1.98946
2025-05-09T18:39:00,379,26.4,22,1.94455
2025-05-09T18:42:00,381,24.9,22,1.98418
2025-05-09T18:45:00,378,27.7,22,1.9102
2025-05-09T18:48:00,375,25.5,22,1.96833
2025-05-09T18:51:00,376,26.3,22,1.94719
2025-05-09T18:54:00,373,25.3,22,1.97361
2025-05-09T18:57:00,370,26.3,22,1.94719
2025-05-09T19:00:00,369,26.1,22,1.95247
2025-05-09T19:03:00,369,25.4,22,1.97097
2025-05-09T19:06:00,370,26.4,22,1.94455
2025-05-09T19:09:00,369,25.6,22,1.96568
2025-05-09T19:12:00,365,24.9,22,1.98418
2025-05-09T19:15:00,360,24.7,22,1.98946
2025-05-09T19:18:00,359,25.2,22,1.97625
2025-05-09T19:21:00,357,24.5,22,1.99475
2025-05-09T19:24:00,357,25.3,22,1.97361
2025-05-09T19:27:00,355,25.2,22,1.97625
2025-05-09T19:30:00,354,24.2,22,2.00267
2025-05-09T19:33:00,354,23.9,22,2.0106
2025-05-09T19:36:00,355,24.9,22,1.98418
2025-05-09T19:39:00,352,24.2,22,2.00267
2025-05-09T19:42:00,352,24.8,22,1.98682
2025-05-09T19:45:00,349,24.6,22,1.9921
2025-05-09T19:48:00,348,24.3,22,2.00003
2025-05-09T19:51:00,347,24,22,2.00796
2025-05-09T19:54:00,344,24.3,22,2.00003
2025-05-09T19:57:00,342,24.6,22,1.9921
2025-05-09T20:00:00,342,25.6,22,1.96568
2025-05-09T20:03:00,11,25.4,22,1.97097
2025-05-09T20:06:00,10,26,21,1.83901
2025-05-09T20:09:00,9,26.7,21,1.82162
2025-05-09T20:12:00,0,27.1,21,1.81168
2025-05-09T20:15:00,0,27.2,21,1.80919
2025-05-09T20:18:00,0,26.4,21,1.82907
2025-05-09T20:21:00,0,27.4,21,1.80422
2025-05-09T20:24:00,0,27.1,21,1.81168
2025-05-09T20:27:00,0,26.5,21,1.82659
2025-05-09T20:30:00,0,26.2,21,1.83404
2025-05-09T20:33:00,0,25.9,21,1.8415
2025-05-09T20:36:00,0,25.9,21,1.8415
2025-05-09T20:39:00,0,25.9,21,1.8415
2025-05-09T20:42:00,0,25.9,20,1.73133
2025-05-09T20:45:00,0,26.3,20,1.72199
2025-05-09T20:48:00,0,27.2,20,1.70096
2025-05-09T20:51:00,0,26.9,20,1.70797
2025-05-09T20:54:00,0,27.7,20,1.68927
2025-05-09T20:57:00,0,28.3,20,1.67526
2025-05-09T21:00:00,0,27.4,20,1.69628
2025-05-09T21:03:00,0,28.2,20,1.67759
2025-05-09T21:06:00,0,28.9,20,1.66124
2025-05-09T21:09:00,0,29.3,20,1.65189
2025-05-09T21:12:00,0,29.4,20,1.64955
2025-05-09T21:15:00,0,30.4,20,1.62619
2025-05-09T21:18:00,0,30.7,20,1.61918
2025-05-09T21:21:00,0,31.4,20,1.60282
2025-05-09T21:24:00,0,32.7,20,1.57245
2025-05-09T21:27:00,0,32.9,20,1.56778
2025-05-09T21:30:00,0,33.4,20,1.5561
2025-05-09T21:33:00,0,35.2,20,1.51404
2025-05-09T21:36:00,0,35.5,19,1.4162
2025-05-09T21:39:00,0,35.8,20,1.50002
2025-05-09T21:42:00,0,36.2,20,1.49067
2025-05-09T21:45:00,0,34.2,19,1.44474
2025-05-09T21:48:00,0,32.9,19,1.47329
2025-05-09T21:51:00,0,31.9,19,1.49524
2025-05-09T21:54:00,0,31.3,19,1.50842
2025-05-09T21:57:00,0,30.7,19,1.52159
2025-05-09T22:00:00,0,30.2,19,1.53257
2025-05-09T22:03:00,0,29.9,19,1.53916
2025-05-09T22:06:00,0,29.7,19,1.54355
2025-05-09T22:09:00,0,29.4,19,1.55013
2025-05-09T22:12:00,0,29.2,19,1.55453
2025-05-09T22:15:00,0,29.1,19,1.55672
2025-05-09T22:18:00,0,29.2,19,1.55453
2025-05-09T22:21:00,0,29.1,19,1.55672
2025-05-09T22:24:00,0,29,19,1.55892
2025-05-09T22:27:00,0,29.1,19,1.55672
2025-05-09T22:30:00,0,30.4,19,1.52818
2025-05-09T22:33:00,0,31.4,19,1.50622
2025-05-09T22:36:00,0,33.5,19,1.46011
2025-05-09T22:39:00,0,33.8,19,1.45353
2025-05-09T22:42:00,0,35,19,1.42718
2025-05-09T22:45:00,0,36.1,19,1.40303
2025-05-09T22:48:00,0,37.1,19,1.38107
2025-05-09T22:51:00,0,37.7,19,1.36789
2025-05-09T22:54:00,0,38.7,19,1.34594
2025-05-09T22:57:00,0,39.9,19,1.31959
2025-05-09T23:00:00,0,40.9,19,1.29763
2025-05-09T23:03:00,0,41.4,19,1.28666
2025-05-09T23:06:00,0,43.7,19,1.23616
2025-05-09T23:09:00,0,46.7,19,1.17029
2025-05-09T23:12:00,0,49.1,19,1.11759
2025-05-09T23:15:00,0,51.3,19,1.06929
2025-05-09T23:18:00,0,52.8,19,1.03635
2025-05-09T23:21:00,0,54.3,19,1.00342
2025-05-09T23:24:00,0,55.6,19,0.97487
2025-05-09T23:27:00,0,56.6,19,0.95292
2025-05-09T23:30:00,0,57.5,19,0.93315
2025-05-09T23:33:00,0,58.5,19,0.9112
2025-05-09T23:36:00,0,59.4,19,0.89144
2025-05-09T23:39:00,0,60.1,19,0.87607
2025-05-09T23:42:00,0,60.8,19,0.8607
2025-05-09T23:45:00,0,61.5,19,0.84533
2025-05-09T23:48:00,0,61.7,19,0.84094
2025-05-09T23:51:00,0,62.4,19,0.82557
2025-05-09T23:54:00,0,62.8,19,0.81678
2025-05-09T23:57:00,0,63.2,19,0.808
2025-05-10T00:00:00,0,63.5,19,0.80142
2025-05-10T00:03:00,0,63.8,19,0.79483
2025-05-10T00:06:00,0,64.1,19,0.78824
2025-05-10T00:09:00,0,64.5,19,0.77946
2025-05-10T00:12:00,0,64.8,19,0.77287
2025-05-10T00:15:00,0,64.9,19,0.77068
2025-05-10T00:18:00,0,65.3,19,0.76189
2025-05-10T00:21:00,0,65.4,19,0.7597
2025-05-10T00:24:00,0,65.6,18,0.70944
2025-05-10T00:27:00,0,65.9,18,0.70326
2025-05-10T00:30:00,0,66.1,18,0.69913
2025-05-10T00:33:00,0,66.9,18,0.68263
2025-05-10T00:36:00,0,68.5,18,0.64963
2025-05-10T00:39:00,0,69.5,18,0.62901
2025-05-10T00:42:00,0,70.1,18,0.61664
2025-05-10T00:45:00,0,70.8,18,0.6022
2025-05-10T00:48:00,0,71.3,18,0.59189
2025-05-10T00:51:00,0,71.5,18,0.58776
2025-05-10T00:54:00,0,71.7,18,0.58364
2025-05-10T00:57:00,0,71.9,18,0.57952
2025-05-10T01:00:00,0,72.3,18,0.57127
2025-05-10T01:03:00,0,72.4,18,0.5692
2025-05-10T01:06:00,0,72.2,18,0.57333
2025-05-10T01:09:00,0,72.1,18,0.57539
2025-05-10T01:12:00,0,72.4,18,0.5692
2025-05-10T01:15:00,0,72.4,18,0.5692
2025-05-10T01:18:00,0,72.5,18,0.56714
2025-05-10T01:21:00,0,72.4,18,0.5692
2025-05-10T01:24:00,0,72.3,18,0.57127
2025-05-10T01:27:00,0,72.2,18,0.57333
2025-05-10T01:30:00,0,72.3,18,0.57127
2025-05-10T01:33:00,0,72.3,18,0.57127
2025-05-10T01:36:00,0,72.4,18,0.5692
2025-05-10T01:39:00,0,72.3,18,0.57127
2025-05-10T01:42:00,0,72.5,18,0.56714
2025-05-10T01:45:00,0,72.5,18,0.56714
2025-05-10T01:48:00,0,72.4,18,0.5692
2025-05-10T01:51:00,0,72.4,18,0.5692
2025-05-10T01:54:00,0,72.5,18,0.56714
2025-05-10T01:57:00,0,72.4,18,0.5692
2025-05-10T02:00:00,0,72.4,18,0.5692
2025-05-10T02:03:00,0,72.9,18,0.55889
2025-05-10T02:06:00,0,74,18,0.53621
2025-05-10T02:09:00,0,74.5,18,0.52589
2025-05-10T02:12:00,0,74.6,18,0.52383
2025-05-10T02:15:00,0,75.2,18,0.51146
2025-05-10T02:18:00,0,75.1,18,0.51352
2025-05-10T02:21:00,0,75.4,18,0.50733
2025-05-10T02:24:00,0,75.6,18,0.50321
2025-05-10T02:27:00,0,75.5,18,0.50527
2025-05-10T02:30:00,0,75.6,18,0.50321
2025-05-10T02:33:00,0,75.3,18,0.5094
2025-05-10T02:36:00,0,75.4,18,0.50733
2025-05-10T02:39:00,0,75.4,18,0.50733
2025-05-10T02:42:00,0,75.3,18,0.5094
2025-05-10T02:45:00,0,75.2,17,0.48017
2025-05-10T02:48:00,0,75.2,18,0.51146
2025-05-10T02:51:00,0,75.2,17,0.48017
2025-05-10T02:54:00,0,75.1,17,0.4821
2025-05-10T02:57:00,0,75.2,17,0.48017
2025-05-10T03:00:00,0,75.1,17,0.4821
2025-05-10T03:03:00,0,74.9,17,0.48598
2025-05-10T03:06:00,0,75,17,0.48404
2025-05-10T03:09:00,0,75,17,0.48404
2025-05-10T03:12:00,0,75,17,0.48404
2025-05-10T03:15:00,0,75,17,0.48404
2025-05-10T03:18:00,0,74.9,17,0.48598
2025-05-10T03:21:00,0,74.9,17,0.48598
2025-05-10T03:24:00,0,75,17,0.48404
2025-05-10T03:27:00,0,74.7,17,0.48985
2025-05-10T03:30:00,0,74.6,17,0.49179
2025-05-10T03:33:00,0,74.5,17,0.49372
2025-05-10T03:36:00,0,74.4,17,0.49566
2025-05-10T03:39:00,0,74.4,17,0.49566
2025-05-10T03:42:00,0,74.2,17,0.49953
2025-05-10T03:45:00,0,74.1,17,0.50147
2025-05-10T03:48:00,0,74.1,17,0.50147
2025-05-10T03:51:00,0,74.1,17,0.50147
2025-05-10T03:54:00,0,73.9,17,0.50534
2025-05-10T03:57:00,0,73.9,17,0.50534
2025-05-10T04:00:00,0,73.9,17,0.50534
2025-05-10T04:03:00,347,73.4,17,0.51502
2025-05-10T04:06:00,345,72.8,17,0.52664
2025-05-10T04:09:00,342,72.1,18,0.57539
2025-05-10T04:12:00,340,71.7,18,0.58364
2025-05-10T04:15:00,339,71.1,18,0.59601
2025-05-10T04:18:00,337,70.9,18,0.60014
2025-05-10T04:21:00,336,70.4,18,0.61045
2025-05-10T04:24:00,335,70.4,19,0.64991
2025-05-10T04:27:00,334,70.3,19,0.65211
2025-05-10T04:30:00,334,70,19,0.6587
2025-05-10T04:33:00,333,69.7,19,0.66528
2025-05-10T04:36:00,332,69.3,19,0.67407
2025-05-10T04:39:00,332,69.2,19,0.67626
2025-05-10T04:42:00,331,68.8,19,0.68505
2025-05-10T04:45:00,332,68.4,19,0.69383
2025-05-10T04:48:00,331,68.3,19,0.69602
2025-05-10T04:51:00,331,68,19,0.70261
2025-05-10T04:54:00,331,67.5,19,0.71359
2025-05-10T04:57:00,331,67.1,20,0.7687
2025-05-10T05:00:00,331,67.1,20,0.7687
2025-05-10T05:03:00,332,66.8,20,0.77571
2025-05-10T05:06:00,331,66.4,20,0.78506
2025-05-10T05:09:00,332,65.7,20,0.80141
2025-05-10T05:12:00,331,66.2,20,0.78973
2025-05-10T05:15:00,331,65.3,20,0.81076
2025-05-10T05:18:00,331,64.1,20,0.8388
2025-05-10T05:21:00,331,61.9,20,0.8902
2025-05-10T05:24:00,331,60.8,20,0.9159
2025-05-10T05:27:00,331,58.5,20,0.96964
2025-05-10T05:30:00,332,58,20,0.98132
2025-05-10T05:33:00,332,56.6,20,1.01403
2025-05-10T05:36:00,333,57.4,20,0.99534
2025-05-10T05:39:00,333,58.1,20,0.97898
2025-05-10T05:42:00,333,57.2,20,1.00001
2025-05-10T05:45:00,334,57.9,20,0.98366
2025-05-10T05:48:00,336,57.7,20,0.98833
2025-05-10T05:51:00,335,53.5,20,1.08646
2025-05-10T05:54:00,336,54.8,20,1.05609
2025-05-10T05:57:00,336,55.3,20,1.04441
2025-05-10T06:00:00,336,54.2,20,1.07011
2025-05-10T06:03:00,337,55,20,1.05142
2025-05-10T06:06:00,336,52.1,20,1.11917
2025-05-10T06:09:00,338,51.3,20,1.13787
2025-05-10T06:12:00,339,53,20,1.09815
2025-05-10T06:15:00,340,54,20,1.07478
2025-05-10T06:18:00,344,53.8,20,1.07945
2025-05-10T06:21:00,343,53.2,20,1.09347
2025-05-10T06:24:00,344,54.2,20,1.07011
2025-05-10T06:27:00,353,55.3,20,1.04441
2025-05-10T06:30:00,356,55.3,20,1.04441
2025-05-10T06:33:00,356,54.2,20,1.07011
2025-05-10T06:36:00,356,53.9,20,1.07712
2025-05-10T06:39:00,359,55.3,20,1.04441
2025-05-10T06:42:00,361,55.7,21,1.10092
2025-05-10T06:45:00,363,53.9,21,1.14566
2025-05-10T06:48:00,364,53.5,21,1.1556
2025-05-10T06:51:00,368,53.9,21,1.14566
2025-05-10T06:54:00,370,53.3,21,1.16057
2025-05-10T06:57:00,378,53.3,21,1.16057
2025-05-10T07:00:00,379,52,21,1.19287
2025-05-10T07:03:00,379,50.1,21,1.24009
2025-05-10T07:06:00,379,49.3,21,1.25997
2025-05-10T07:09:00,380,48.3,21,1.28482
2025-05-10T07:12:00,385,47.6,21,1.30222
2025-05-10T07:15:00,391,42.7,21,1.42399
2025-05-10T07:18:00,396,44.4,21,1.38175
2025-05-10T07:21:00,395,45,21,1.36683
2025-05-10T07:24:00,393,45.5,21,1.35441
2025-05-10T07:27:00,394,44.9,21,1.36932
2025-05-10T07:30:00,395,42,21,1.44139
2025-05-10T07:33:00,393,40.4,21,1.48115
2025-05-10T07:36:00,393,41.7,21,1.44884
2025-05-10T07:39:00,397,43,22,1.50597
2025-05-10T07:42:00,402,42.7,22,1.51389
2025-05-10T07:45:00,404,43.4,22,1.4954
2025-05-10T07:48:00,410,40.3,22,1.5773
2025-05-10T07:51:00,435,39,22,1.61165
2025-05-10T07:54:00,444,40.2,22,1.57994
2025-05-10T07:57:00,506,42.7,22,1.51389
2025-05-10T08:00:00,476,42.1,22,1.52975
2025-05-10T08:03:00,484,43,22,1.50597
2025-05-10T08:06:00,501,43.5,22,1.49276
2025-05-10T08:09:00,449,41.6,22,1.54296
2025-05-10T08:12:00,468,41.6,22,1.54296
2025-05-10T08:15:00,487,40,22,1.58523
2025-05-10T08:18:00,499,40.9,22,1.56145
2025-05-10T08:21:00,490,40.5,22,1.57202
2025-05-10T08:24:00,550,39.1,22,1.60901
2025-05-10T08:27:00,531,40.2,22,1.57994
2025-05-10T08:30:00,560,39.6,20,1.41123
2025-05-10T08:33:00,545,40.5,21,1.47867
2025-05-10T08:36:00,555,38.5,22,1.62486
2025-05-10T08:39:00,583,38.3,22,1.63014
2025-05-10T08:42:00,547,37,22,1.66449
2025-05-10T08:45:00,589,39.3,20,1.41824
2025-05-10T08:48:00,595,37.5,22,1.65128
2025-05-10T08:51:00,568,38.7,22,1.61958
2025-05-10T08:54:00,591,38.6,21,1.52588
2025-05-10T08:57:00,616,38.2,21,1.53582
2025-05-10T09:00:00,590,38.2,21,1.53582
2025-05-10T09:03:00,557,38.4,21,1.53085
2025-05-10T09:06:00,580,36.7,21,1.5731
2025-05-10T09:09:00,548,36.9,22,1.66713
2025-05-10T09:12:00,559,35,22,1.71733
2025-05-10T09:15:00,536,36,21,1.5905
2025-05-10T09:18:00,534,37.6,19,1.37009
2025-05-10T09:21:00,556,38,20,1.44862
2025-05-10T09:24:00,513,34.6,21,1.62529
2025-05-10T09:27:00,491,38.3,19,1.35472
2025-05-10T09:30:00,498,39,20,1.42525
2025-05-10T09:33:00,515,37.7,19,1.36789
2025-05-10T09:36:00,503,38.3,19,1.35472
2025-05-10T09:39:00,495,38.3,19,1.35472
2025-05-10T09:42:00,499,37.5,19,1.37229
2025-05-10T09:45:00,496,38.3,19,1.35472
2025-05-10T09:48:00,497,38.1,19,1.35911
2025-05-10T09:51:00,491,37.7,19,1.36789
2025-05-10T09:54:00,496,37.6,19,1.37009
2025-05-10T09:57:00,519,37.6,19,1.37009
2025-05-10T10:00:00,500,37.3,19,1.37668
2025-05-10T10:03:00,493,37.6,19,1.37009
2025-05-10T10:06:00,496,37.5,19,1.37229
2025-05-10T10:09:00,502,36.7,20,1.47899
2025-05-10T10:12:00,508,46.3,19,1.17907
2025-05-10T10:15:00,504,57,16,0.78123
2025-05-10T10:18:00,495,59.5,16,0.73581
2025-05-10T10:21:00,486,60.4,17,0.76672
2025-05-10T10:24:00,487,61.9,16,0.69221
2025-05-10T10:27:00,490,59.7,16,0.73218
2025-05-10T10:30:00,493,56.6,18,0.89505
2025-05-10T10:33:00,487,63.3,17,0.71057
2025-05-10T10:36:00,493,62.5,17,0.72606
2025-05-10T10:39:00,495,62.8,17,0.72025
2025-05-10T10:42:00,494,62.1,17,0.73381
2025-05-10T10:45:00,493,62.2,17,0.73187
2025-05-10T10:48:00,499,58.9,17,0.79576
2025-05-10T10:51:00,506,58.5,17,0.80351
2025-05-10T10:54:00,506,56.8,18,0.89093
2025-05-10T10:57:00,518,56,18,0.90743
2025-05-10T11:00:00,541,56.9,19,0.94633
2025-05-10T11:03:00,523,58,19,0.92218
2025-05-10T11:06:00,549,60.1,18,0.82287
2025-05-10T11:09:00,534,60.3,18,0.81875
2025-05-10T11:12:00,526,60.8,18,0.80843
2025-05-10T11:15:00,538,59.9,18,0.827
2025-05-10T11:18:00,571,59.9,18,0.827
2025-05-10T11:21:00,555,55.6,18,0.91568
2025-05-10T11:24:00,531,54,18,0.94867
2025-05-10T11:27:00,511,52.1,19,1.05172
2025-05-10T11:30:00,514,56.5,19,0.95511
2025-05-10T11:33:00,522,54.5,20,1.0631
2025-05-10T11:36:00,515,58.7,18,0.85174
2025-05-10T11:39:00,512,56,18,0.90743
2025-05-10T11:42:00,510,50.6,19,1.08465
2025-05-10T11:45:00,506,53.4,19,1.02318
2025-05-10T11:48:00,507,55.3,19,0.98146
2025-05-10T11:51:00,502,59.2,19,0.89583
2025-05-10T11:54:00,504,58.6,19,0.909
2025-05-10T11:57:00,504,59.9,18,0.827
2025-05-10T12:00:00,534,56.8,19,0.94852
2025-05-10T12:03:00,553,61.7,18,0.78987
2025-05-10T12:06:00,556,57.7,19,0.92876
2025-05-10T12:09:00,589,60.1,19,0.87607
2025-05-10T12:12:00,496,60.1,18,0.82287
2025-05-10T12:15:00,490,61.4,18,0.79606
2025-05-10T12:18:00,493,61.1,18,0.80225
2025-05-10T12:21:00,484,61.9,17,0.73768
2025-05-10T12:24:00,638,57.7,20,0.98833
2025-05-10T12:27:00,700,63.4,17,0.70864
2025-05-10T12:30:00,686,58,18,0.86618
2025-05-10T12:33:00,579,58.9,19,0.90242
2025-05-10T12:36:00,491,58.3,17,0.80738
2025-05-10T12:39:00,532,62,19,0.83435
2025-05-10T12:42:00,753,60.6,18,0.81256
2025-05-10T12:45:00,670,58.5,18,0.85587
2025-05-10T12:48:00,901,59,19,0.90022
2025-05-10T12:51:00,653,59.5,18,0.83524
2025-05-10T12:54:00,758,59.9,19,0.88046
2025-05-10T12:57:00,799,59.5,18,0.83524
2025-05-10T13:00:00,847,59.3,18,0.83937
2025-05-10T13:03:00,740,60.1,19,0.87607
2025-05-10T13:06:00,540,59,18,0.84556
2025-05-10T13:09:00,504,58.6,17,0.80157
2025-05-10T13:12:00,842,56.1,20,1.02571
2025-05-10T13:15:00,883,58.9,18,0.84762
2025-05-10T13:18:00,859,55,18,0.92805
2025-05-10T13:21:00,893,56.5,20,1.01637
2025-05-10T13:24:00,883,56.7,17,0.83836
2025-05-10T13:27:00,909,59.6,18,0.83318
2025-05-10T13:30:00,473,57.6,18,0.87443
2025-05-10T13:33:00,459,57.5,17,0.82287
2025-05-10T13:36:00,438,60.9,18,0.80637
2025-05-10T13:39:00,441,57.7,18,0.87237
2025-05-10T13:42:00,445,61,18,0.80431
2025-05-10T13:45:00,443,58.4,18,0.85793
2025-05-10T13:48:00,416,55.2,18,0.92393
2025-05-10T13:51:00,444,56.7,19,0.95072
2025-05-10T13:54:00,438,58.3,17,0.80738
2025-05-10T13:57:00,438,53.4,18,0.96105
2025-05-10T14:00:00,438,58.2,18,0.86206
2025-05-10T14:03:00,438,51.3,19,1.06929
2025-05-10T14:06:00,439,59.9,18,0.827
2025-05-10T14:09:00,446,57.7,20,0.98833
2025-05-10T14:12:00,446,54.7,18,0.93424
2025-05-10T14:15:00,448,54.9,18,0.93011
2025-05-10T14:18:00,444,55.9,20,1.03039
2025-05-10T14:21:00,441,56.3,18,0.90124
2025-05-10T14:24:00,439,59.4,18,0.83731
2025-05-10T14:27:00,440,57.6,20,0.99067
2025-05-10T14:30:00,448,54.4,18,0.94042
2025-05-10T14:33:00,445,56.6,19,0.95292
2025-05-10T14:36:00,446,52,19,1.05392
2025-05-10T14:39:00,473,60.9,18,0.80637
2025-05-10T14:42:00,586,52.8,20,1.10282
2025-05-10T14:45:00,572,55.9,18,0.90949
2025-05-10T14:48:00,453,57.8,18,0.8703
2025-05-10T14:51:00,447,54.1,20,1.07244
2025-05-10T14:54:00,442,54.2,18,0.94455
2025-05-10T14:57:00,457,57.1,19,0.94194
2025-05-10T15:00:00,448,51.3,20,1.13787
2025-05-10T15:03:00,454,53.7,18,0.95486
2025-05-10T15:06:00,517,53.6,20,1.08413
2025-05-10T15:09:00,452,55.3,19,0.98146
2025-05-10T15:12:00,446,58.3,18,0.85999
2025-05-10T15:15:00,446,55.2,20,1.04674
2025-05-10T15:18:00,443,58.7,18,0.85174
2025-05-10T15:21:00,439,56.6,19,0.95292
2025-05-10T15:24:00,440,52.8,19,1.03635
2025-05-10T15:27:00,434,58.5,19,0.9112
2025-05-10T15:30:00,432,56.2,19,0.9617
2025-05-10T15:33:00,435,54,20,1.07478
2025-05-10T15:36:00,433,54.1,18,0.94661
2025-05-10T15:39:00,429,57,19,0.94413
2025-05-10T15:42:00,430,54.3,20,1.06777
2025-05-10T15:45:00,428,54.1,18,0.94661
2025-05-10T15:48:00,427,57.5,19,0.93315
2025-05-10T15:51:00,432,53.8,21,1.14814
2025-05-10T15:54:00,431,53.6,18,0.95692
2025-05-10T15:57:00,421,56.4,20,1.01871
2025-05-10T16:00:00,428,54.5,19,0.99902
2025-05-10T16:03:00,420,58,19,0.92218
2025-05-10T16:06:00,396,53.6,20,1.08413
2025-05-10T16:09:00,397,47.2,21,1.31216
2025-05-10T16:12:00,400,54.8,19,0.99244
2025-05-10T16:15:00,506,55.6,19,0.97487
2025-05-10T16:18:00,488,56.4,19,0.95731
2025-05-10T16:21:00,440,53.8,21,1.14814
2025-05-10T16:24:00,451,57.4,18,0.87855
2025-05-10T16:27:00,426,57.3,18,0.88062
2025-05-10T16:30:00,428,55.5,19,0.97707
2025-05-10T16:33:00,428,59.9,17,0.7764
2025-05-10T16:36:00,438,58.1,18,0.86412
2025-05-10T16:39:00,429,58.4,18,0.85793
2025-05-10T16:42:00,426,52.1,18,0.98786
2025-05-10T16:45:00,420,57.5,19,0.93315
2025-05-10T16:48:00,422,54.8,20,1.05609
2025-05-10T16:51:00,411,57,18,0.8868
2025-05-10T16:54:00,417,56.4,18,0.89918
2025-05-10T16:57:00,419,56.2,19,0.9617
2025-05-10T17:00:00,459,55.8,18,0.91155
2025-05-10T17:03:00,414,56.9,18,0.88887
2025-05-10T17:06:00,482,57.4,18,0.87855
2025-05-10T17:09:00,444,55,18,0.92805
2025-05-10T17:12:00,422,54,18,0.94867
2025-05-10T17:15:00,444,55.2,20,1.04674
2025-05-10T17:18:00,437,52.2,21,1.1879
2025-05-10T17:21:00,397,50.6,21,1.22767
2025-05-10T17:24:00,436,49.4,22,1.33688
2025-05-10T17:27:00,467,48.9,21,1.26991
2025-05-10T17:30:00,446,49.6,21,1.25252
2025-05-10T17:33:00,530,50.5,21,1.23015
2025-05-10T17:36:00,473,49.2,20,1.18693
2025-05-10T17:39:00,450,50.7,20,1.15188
2025-05-10T17:42:00,441,49.8,20,1.17291
2025-05-10T17:45:00,457,47.3,21,1.30968
2025-05-10T17:48:00,504,44.2,22,1.47426
2025-05-10T17:51:00,486,41.4,21,1.4563
2025-05-10T17:54:00,476,31.2,22,1.81773
2025-05-10T17:57:00,482,32.8,23,1.88667
2025-05-10T18:00:00,457,48,19,1.14174
2025-05-10T18:03:00,431,48.2,20,1.2103
2025-05-10T18:06:00,423,47.3,20,1.23132
2025-05-10T18:09:00,398,49.2,21,1.26246
2025-05-10T18:12:00,391,47.7,22,1.38179
2025-05-10T18:15:00,386,48.5,22,1.36065
2025-05-10T18:18:00,375,47.4,21,1.30719
2025-05-10T18:21:00,382,48.8,21,1.2724
2025-05-10T18:24:00,378,49.8,20,1.17291
2025-05-10T18:27:00,375,49.8,20,1.17291
2025-05-10T18:30:00,357,49.1,21,1.26494
2025-05-10T18:33:00,375,45.8,21,1.34695
2025-05-10T18:36:00,364,44.1,21,1.3892
2025-05-10T18:39:00,367,43.3,21,1.40908
2025-05-10T18:42:00,356,40.9,22,1.56145
2025-05-10T18:45:00,370,37.6,22,1.64864
2025-05-10T18:48:00,380,33.8,22,1.74904
2025-05-10T18:51:00,383,27.1,23,2.0467
2025-05-10T18:54:00,376,28.4,23,2.0102
2025-05-10T18:57:00,372,39.8,23,1.69014
2025-05-10T19:00:00,367,44.2,22,1.47426
2025-05-10T19:03:00,353,47.8,21,1.29725
2025-05-10T19:06:00,347,49.8,20,1.17291
2025-05-10T19:09:00,345,49.7,21,1.25003
2025-05-10T19:12:00,356,49.3,21,1.25997
2025-05-10T19:15:00,362,49.2,21,1.26246
2025-05-10T19:18:00,361,50.1,20,1.1659
2025-05-10T19:21:00,361,49.8,21,1.24755
2025-05-10T19:24:00,360,49.8,21,1.24755
2025-05-10T19:27:00,355,47.5,21,1.30471
2025-05-10T19:30:00,350,47.5,22,1.38708
2025-05-10T19:33:00,347,48,21,1.29228
2025-05-10T19:36:00,342,46.8,21,1.3221
2025-05-10T19:39:00,342,48,21,1.29228
2025-05-10T19:42:00,342,47.1,21,1.31465
2025-05-10T19:45:00,342,47.1,22,1.39764
2025-05-10T19:48:00,342,48.4,21,1.28234
2025-05-10T19:51:00,343,48,22,1.37386
2025-05-10T19:54:00,343,47.1,21,1.31465
2025-05-10T19:57:00,342,47.7,22,1.38179
2025-05-10T20:00:00,340,45.6,21,1.35192
2025-05-10T20:03:00,12,47.5,21,1.30471
2025-05-10T20:06:00,10,46.8,22,1.40557
2025-05-10T20:09:00,9,46.3,21,1.33453
2025-05-10T20:12:00,0,43.6,21,1.40163
2025-05-10T20:15:00,0,44,21,1.39169
2025-05-10T20:18:00,0,43,21,1.41654
2025-05-10T20:21:00,0,41.1,21,1.46376
2025-05-10T20:24:00,0,42.9,21,1.41902
2025-05-10T20:27:00,0,41.5,21,1.45381
2025-05-10T20:30:00,0,40.5,21,1.47867
2025-05-10T20:33:00,0,39.5,21,1.50352
2025-05-10T20:36:00,0,38.7,21,1.5234
2025-05-10T20:39:00,0,40.3,20,1.39488
2025-05-10T20:42:00,0,39.2,20,1.42058
2025-05-10T20:45:00,0,37.6,21,1.55074
2025-05-10T20:48:00,0,36.9,21,1.56813
2025-05-10T20:51:00,0,40,20,1.40189
2025-05-10T20:54:00,0,38.4,20,1.43927
2025-05-10T20:57:00,0,37.2,20,1.46731
2025-05-10T21:00:00,0,36.1,20,1.49301
2025-05-10T21:03:00,0,38.8,20,1.42993
2025-05-10T21:06:00,0,37.6,20,1.45796
2025-05-10T21:09:00,0,36.4,20,1.486
2025-05-10T21:12:00,0,39.1,20,1.42292
2025-05-10T21:15:00,0,37.3,20,1.46497
2025-05-10T21:18:00,0,36.2,20,1.49067
2025-05-10T21:21:00,0,38.1,20,1.44628
2025-05-10T21:24:00,0,36.7,20,1.47899
2025-05-10T21:27:00,0,36.2,20,1.49067
2025-05-10T21:30:00,0,37.6,20,1.45796
2025-05-10T21:33:00,0,36.3,20,1.48834
2025-05-10T21:36:00,0,37.4,20,1.46264
2025-05-10T21:39:00,0,36.7,19,1.38985
2025-05-10T21:42:00,0,37.4,20,1.46264
2025-05-10T21:45:00,0,37.7,19,1.36789
2025-05-10T21:48:00,0,36.4,19,1.39644
2025-05-10T21:51:00,0,36.9,19,1.38546
2025-05-10T21:54:00,0,36.1,19,1.40303
2025-05-10T21:57:00,0,37.3,19,1.37668
2025-05-10T22:00:00,0,36.5,19,1.39424
2025-05-10T22:03:00,0,37.3,19,1.37668
2025-05-10T22:06:00,0,36.9,19,1.38546
2025-05-10T22:09:00,0,36.2,19,1.40083
2025-05-10T22:12:00,0,38.3,19,1.35472
2025-05-10T22:15:00,0,38.8,19,1.34374
2025-05-10T22:18:00,0,38.4,19,1.35253
2025-05-10T22:21:00,0,38.7,19,1.34594
2025-05-10T22:24:00,0,39.4,19,1.33057
2025-05-10T22:27:00,0,39.1,19,1.33716
2025-05-10T22:30:00,0,39.1,19,1.33716
2025-05-10T22:33:00,0,38.2,19,1.35692
2025-05-10T22:36:00,0,36.7,19,1.38985
2025-05-10T22:39:00,0,37.1,19,1.38107
2025-05-10T22:42:00,0,38.8,19,1.34374
2025-05-10T22:45:00,0,38.8,19,1.34374
2025-05-10T22:48:00,0,39,19,1.33935
2025-05-10T22:51:00,0,37.6,19,1.37009
2025-05-10T22:54:00,0,38.3,19,1.35472
2025-05-10T22:57:00,0,38.7,19,1.34594
2025-05-10T23:00:00,0,37.2,19,1.37887
2025-05-10T23:03:00,0,38,19,1.36131
2025-05-10T23:06:00,0,38.2,19,1.35692
2025-05-10T23:09:00,0,38.7,19,1.34594
2025-05-10T23:12:00,0,39.6,19,1.32618
2025-05-10T23:15:00,0,40.1,19,1.3152
2025-05-10T23:18:00,0,40.3,19,1.31081
2025-05-10T23:21:00,0,41.4,19,1.28666
2025-05-10T23:24:00,0,42.7,19,1.25811
2025-05-10T23:27:00,0,42.5,19,1.2625
2025-05-10T23:30:00,0,42.5,19,1.2625
2025-05-10T23:33:00,0,40.9,19,1.29763
2025-05-10T23:36:00,0,40,19,1.31739
2025-05-10T23:39:00,0,40.1,19,1.3152
2025-05-10T23:42:00,0,40.2,19,1.313
2025-05-10T23:45:00,0,40.2,19,1.313
2025-05-10T23:48:00,0,40.3,19,1.31081
2025-05-10T23:51:00,0,40.2,19,1.313
2025-05-10T23:54:00,0,40.2,19,1.313
2025-05-10T23:57:00,0,40.1,19,1.3152
2025-05-11T00:00:00,0,40.2,19,1.313
2025-05-11T00:03:00,0,40.2,19,1.313
2025-05-11T00:06:00,0,40.4,19,1.30861
2025-05-11T00:09:00,0,40.3,19,1.31081
2025-05-11T00:12:00,0,40.5,19,1.30642
2025-05-11T00:15:00,0,40.4,19,1.30861
2025-05-11T00:18:00,0,40.4,19,1.30861
2025-05-11T00:21:00,0,40.4,19,1.30861
2025-05-11T00:24:00,0,40.1,19,1.3152
2025-05-11T00:27:00,0,40.1,19,1.3152
2025-05-11T00:30:00,0,39.9,19,1.31959
2025-05-11T00:33:00,0,41,19,1.29544
2025-05-11T00:36:00,0,43.5,19,1.24055
2025-05-11T00:39:00,0,45,19,1.20761
2025-05-11T00:42:00,0,46,19,1.18566
2025-05-11T00:45:00,0,46.5,19,1.17468
2025-05-11T00:48:00,0,47,19,1.1637
2025-05-11T00:51:00,0,47.2,19,1.15931
2025-05-11T00:54:00,0,47.4,19,1.15492
2025-05-11T00:57:00,0,47.4,19,1.15492
2025-05-11T01:00:00,0,47.4,19,1.15492
2025-05-11T01:03:00,0,47.2,19,1.15931
2025-05-11T01:06:00,0,47.3,19,1.15711
2025-05-11T01:09:00,0,48.2,19,1.13735
2025-05-11T01:12:00,0,49.7,19,1.10442
2025-05-11T01:15:00,0,49.5,19,1.10881
2025-05-11T01:18:00,0,50,19,1.09783
2025-05-11T01:21:00,0,52.6,19,1.04074
2025-05-11T01:24:00,0,53.6,19,1.01879
2025-05-11T01:27:00,0,54.7,19,0.99463
2025-05-11T01:30:00,0,56.2,19,0.9617
2025-05-11T01:33:00,0,57.6,19,0.93096
2025-05-11T01:36:00,0,58.6,19,0.909
2025-05-11T01:39:00,0,59.7,19,0.88485
2025-05-11T01:42:00,0,60.8,19,0.8607
2025-05-11T01:45:00,0,61.7,19,0.84094
2025-05-11T01:48:00,0,62.6,19,0.82118
2025-05-11T01:51:00,0,63.4,19,0.80361
2025-05-11T01:54:00,0,64.2,19,0.78605
2025-05-11T01:57:00,0,64.9,19,0.77068
2025-05-11T02:00:00,0,65.7,19,0.75311
2025-05-11T02:03:00,0,66.8,19,0.72896
2025-05-11T02:06:00,0,68.5,19,0.69163
2025-05-11T02:09:00,0,69.8,19,0.66309
2025-05-11T02:12:00,0,70.8,19,0.64113
2025-05-11T02:15:00,0,71.8,19,0.61918
2025-05-11T02:18:00,0,72.6,19,0.60161
2025-05-11T02:21:00,0,73.2,19,0.58844
2025-05-11T02:24:00,0,73.6,19,0.57965
2025-05-11T02:27:00,0,74.2,19,0.56648
2025-05-11T02:30:00,0,74.6,19,0.5577
2025-05-11T02:33:00,0,74.8,19,0.55331
2025-05-11T02:36:00,0,75,19,0.54891
2025-05-11T02:39:00,0,75.1,19,0.54672
2025-05-11T02:42:00,0,75.4,19,0.54013
2025-05-11T02:45:00,0,75.4,19,0.54013
2025-05-11T02:48:00,0,75.8,19,0.53135
2025-05-11T02:51:00,0,76,19,0.52696
2025-05-11T02:54:00,0,76.2,19,0.52257
2025-05-11T02:57:00,0,76.5,19,0.51598
2025-05-11T03:00:00,0,76.7,19,0.51159
2025-05-11T03:03:00,0,77,19,0.505
2025-05-11T03:06:00,0,77.1,19,0.50281
2025-05-11T03:09:00,0,77.4,19,0.49622
2025-05-11T03:12:00,0,77.5,19,0.49402
2025-05-11T03:15:00,0,77.7,19,0.48963
2025-05-11T03:18:00,0,77.8,19,0.48744
2025-05-11T03:21:00,0,78,19,0.48304
2025-05-11T03:24:00,0,78,19,0.48304
2025-05-11T03:27:00,0,78.1,19,0.48085
2025-05-11T03:30:00,0,78.2,19,0.47865
2025-05-11T03:33:00,0,78.3,19,0.47646
2025-05-11T03:36:00,0,78.4,19,0.47426
2025-05-11T03:39:00,0,78.3,19,0.47646
2025-05-11T03:42:00,0,78.4,19,0.47426
2025-05-11T03:45:00,0,78.4,19,0.47426
2025-05-11T03:48:00,0,78.3,19,0.47646
2025-05-11T03:51:00,0,78.4,19,0.47426
2025-05-11T03:54:00,0,78.4,19,0.47426
2025-05-11T03:57:00,0,78.6,19,0.46987
2025-05-11T04:00:00,10,78.6,19,0.46987
2025-05-11T04:03:00,350,78.3,19,0.47646
2025-05-11T04:06:00,348,77.5,19,0.49402
2025-05-11T04:09:00,345,76.8,19,0.50939
2025-05-11T04:12:00,343,76.4,20,0.55141
2025-05-11T04:15:00,342,75.8,20,0.56543
2025-05-11T04:18:00,339,72.5,20,0.64253
2025-05-11T04:21:00,339,71,20,0.67758
2025-05-11T04:24:00,336,69.8,20,0.70562
2025-05-11T04:27:00,335,67.5,20,0.75936
2025-05-11T04:30:00,336,66.2,20,0.78973
2025-05-11T04:33:00,334,64.5,20,0.82945
2025-05-11T04:36:00,334,62.9,20,0.86683
2025-05-11T04:39:00,334,61.85,20,0.89137
2025-05-11T04:42:00,334,60.8,20,0.9159
2025-05-11T04:45:00,333,59.9,20,0.93693
2025-05-11T04:48:00,332,59.7,20,0.9416
2025-05-11T04:51:00,332,57.7,20,0.98833
2025-05-11T04:54:00,332,56.5,20,1.01637
2025-05-11T04:57:00,332,55.9,20,1.03039
2025-05-11T05:00:00,331,55.2,20,1.04674
2025-05-11T05:03:00,331,54.7,20,1.05843
2025-05-11T05:06:00,331,54.5,20,1.0631
2025-05-11T05:09:00,331,53.7,20,1.08179
2025-05-11T05:12:00,330,53.3,20,1.09114
2025-05-11T05:15:00,331,51.9,20,1.12385
2025-05-11T05:18:00,331,49.4,20,1.18226
2025-05-11T05:21:00,331,49.4,20,1.18226
2025-05-11T05:24:00,331,47.8,20,1.21964
2025-05-11T05:27:00,331,48.4,20,1.20562
2025-05-11T05:30:00,331,48.3,20,1.20796
2025-05-11T05:33:00,331,47.7,20,1.22198
2025-05-11T05:36:00,333,45.4,20,1.27572
2025-05-11T05:39:00,331,45.4,19,1.19883
2025-05-11T05:42:00,332,45,19,1.20761
2025-05-11T05:45:00,332,45.1,19,1.20542
2025-05-11T05:48:00,334,45,20,1.28506
2025-05-11T05:51:00,333,45.3,20,1.27805
2025-05-11T05:54:00,334,45.2,20,1.28039
2025-05-11T05:57:00,334,43.8,20,1.3131
2025-05-11T06:00:00,335,43.3,19,1.24494
2025-05-11T06:03:00,335,43.1,19,1.24933
2025-05-11T06:06:00,334,44.6,19,1.21639
2025-05-11T06:09:00,334,45.1,20,1.28273
2025-05-11T06:12:00,337,45,20,1.28506
2025-05-11T06:15:00,337,43.6,20,1.31777
2025-05-11T06:18:00,338,42.1,20,1.35282
2025-05-11T06:21:00,339,42.6,20,1.34114
2025-05-11T06:24:00,339,44.5,20,1.29675
2025-05-11T06:27:00,339,44.9,20,1.2874
2025-05-11T06:30:00,338,44.9,20,1.2874
2025-05-11T06:33:00,339,43.9,20,1.31076
2025-05-11T06:36:00,340,45,20,1.28506
2025-05-11T06:39:00,343,44.4,20,1.29908
2025-05-11T06:42:00,345,44.9,20,1.2874
2025-05-11T06:45:00,359,45,20,1.28506
2025-05-11T06:48:00,361,44.2,20,1.30376
2025-05-11T06:51:00,364,44.2,20,1.30376
2025-05-11T06:54:00,362,43.8,20,1.3131
2025-05-11T06:57:00,364,43.9,20,1.31076
2025-05-11T07:00:00,365,44.2,20,1.30376
2025-05-11T07:03:00,366,44.4,21,1.38175
2025-05-11T07:06:00,369,42.2,20,1.35049
2025-05-11T07:09:00,370,43.4,20,1.32245
2025-05-11T07:12:00,372,43.7,21,1.39914
2025-05-11T07:15:00,369,43.7,21,1.39914
2025-05-11T07:18:00,381,43.4,21,1.4066
2025-05-11T07:21:00,391,41.6,21,1.45133
2025-05-11T07:24:00,394,40.8,21,1.47121
2025-05-11T07:27:00,398,41.6,21,1.45133
2025-05-11T07:30:00,400,42,21,1.44139
2025-05-11T07:33:00,402,41.2,21,1.46127
2025-05-11T07:36:00,401,40.5,21,1.47867
2025-05-11T07:39:00,397,40,21,1.49109
2025-05-11T07:42:00,396,40.5,21,1.47867
2025-05-11T07:45:00,384,40.2,21,1.48612
2025-05-11T07:48:00,394,40.4,21,1.48115
2025-05-11T07:51:00,427,40,21,1.49109
2025-05-11T07:54:00,583,38.7,21,1.5234
2025-05-11T07:57:00,413,39,22,1.61165
2025-05-11T08:00:00,396,39.1,22,1.60901
2025-05-11T08:03:00,413,40.3,22,1.5773
2025-05-11T08:06:00,462,38.5,22,1.62486
2025-05-11T08:09:00,557,38.3,22,1.63014
2025-05-11T08:12:00,513,38.9,22,1.61429
2025-05-11T08:15:00,441,39.5,23,1.69856
2025-05-11T08:18:00,489,36.5,22,1.6777
2025-05-11T08:21:00,444,41.2,22,1.55352
2025-05-11T08:24:00,432,40.2,23,1.67891
2025-05-11T08:27:00,440,37.9,23,1.74349
2025-05-11T08:30:00,439,37.3,22,1.65656
2025-05-11T08:33:00,422,37.95,22,1.63939
2025-05-11T08:36:00,405,38.6,22,1.62222
2025-05-11T08:39:00,408,39.1,22,1.60901
2025-05-11T08:42:00,421,39.8,22,1.59051
2025-05-11T08:45:00,451,38.4,22,1.6275
2025-05-11T08:48:00,480,37.9,22,1.64071
2025-05-11T08:51:00,556,37.4,22,1.65392
2025-05-11T08:54:00,528,37.1,22,1.66185
2025-05-11T08:57:00,482,36.1,22,1.68827
2025-05-11T09:00:00,706,38.1,21,1.53831
2025-05-11T09:03:00,603,46.4,20,1.25235
2025-05-11T09:06:00,654,53.6,20,1.08413
2025-05-11T09:09:00,683,54.6,20,1.06076
2025-05-11T09:12:00,593,57.6,20,0.99067
2025-05-11T09:15:00,606,53.3,19,1.02537
2025-05-11T09:18:00,531,57.5,19,0.93315
2025-05-11T09:21:00,498,55.1,20,1.04908
2025-05-11T09:24:00,452,53.8,21,1.14814
2025-05-11T09:27:00,457,50.4,21,1.23264
2025-05-11T09:30:00,468,50.9,21,1.22021
2025-05-11T09:33:00,455,47.5,22,1.38708
2025-05-11T09:36:00,478,52.9,20,1.10048
2025-05-11T09:39:00,479,54.1,20,1.07244
2025-05-11T09:42:00,491,52.6,21,1.17796
2025-05-11T09:45:00,442,51.9,21,1.19536
2025-05-11T09:48:00,433,45.9,22,1.42935
2025-05-11T09:51:00,464,48.8,22,1.35273
2025-05-11T09:54:00,493,48.4,22,1.3633
2025-05-11T09:57:00,494,48.5,22,1.36065
2025-05-11T10:00:00,492,45.7,22,1.43463
2025-05-11T10:03:00,470,48.3,22,1.36594
2025-05-11T10:06:00,470,44.6,22,1.46369
2025-05-11T10:09:00,487,48.3,21,1.28482
2025-05-11T10:12:00,460,46,21,1.34198
2025-05-11T10:15:00,478,41.2,21,1.46127
2025-05-11T10:18:00,475,41.7,21,1.44884
2025-05-11T10:21:00,497,44.7,22,1.46105
2025-05-11T10:24:00,493,51.1,21,1.21524
2025-05-11T10:27:00,518,56.1,20,1.02571
2025-05-11T10:30:00,536,60.6,19,0.86509
2025-05-11T10:33:00,488,60.5,19,0.86728
2025-05-11T10:36:00,509,58.4,20,0.97198
2025-05-11T10:39:00,541,54.6,20,1.06076
2025-05-11T10:42:00,572,59.9,20,0.93693
2025-05-11T10:45:00,521,58.6,19,0.909
2025-05-11T10:48:00,509,58.7,20,0.96497
2025-05-11T10:51:00,460,57.9,20,0.98366
2025-05-11T10:54:00,473,57.7,20,0.98833
2025-05-11T10:57:00,444,56.5,20,1.01637
2025-05-11T11:00:00,446,55.3,20,1.04441
2025-05-11T11:03:00,445,54.8,20,1.05609
2025-05-11T11:06:00,452,53.6,21,1.15311
2025-05-11T11:09:00,460,52.5,21,1.18045
2025-05-11T11:12:00,491,50.9,21,1.22021
2025-05-11T11:15:00,504,50.1,21,1.24009
2025-05-11T11:18:00,542,45.8,21,1.34695
2025-05-11T11:21:00,491,43,22,1.50597
2025-05-11T11:24:00,520,36.8,22,1.66977
2025-05-11T11:27:00,583,33.8,22,1.74904
2025-05-11T11:30:00,572,55,19,0.98805
2025-05-11T11:33:00,544,59.9,18,0.827
2025-05-11T11:36:00,565,53.3,20,1.09114
2025-05-11T11:39:00,511,60.6,19,0.86509
2025-05-11T11:42:00,556,59.7,20,0.9416
2025-05-11T11:45:00,583,56.4,21,1.08353
2025-05-11T11:48:00,585,61.2,19,0.85192
2025-05-11T11:51:00,560,63.4,18,0.75481
2025-05-11T11:54:00,536,58.6,20,0.9673
2025-05-11T11:57:00,489,66.6,18,0.68882
2025-05-11T12:00:00,473,62.7,19,0.81898
2025-05-11T12:03:00,579,57,19,0.94413
2025-05-11T12:06:00,599,59.1,19,0.89802
2025-05-11T12:09:00,567,61.4,19,0.84752
2025-05-11T12:12:00,559,62,19,0.83435
2025-05-11T12:15:00,543,55,21,1.11832
2025-05-11T12:18:00,526,61.4,18,0.79606
2025-05-11T12:21:00,536,61.5,19,0.84533
2025-05-11T12:24:00,619,54.5,20,1.0631
2025-05-11T12:27:00,590,57.5,19,0.93315
2025-05-11T12:30:00,561,60.5,18,0.81462
2025-05-11T12:33:00,530,62.3,19,0.82776
2025-05-11T12:36:00,510,58.9,19,0.90242
2025-05-11T12:39:00,505,62.6,18,0.77131
2025-05-11T12:42:00,528,55.5,20,1.03973
2025-05-11T12:45:00,533,60.8,17,0.75898
2025-05-11T12:48:00,549,62,18,0.78369
2025-05-11T12:51:00,586,57.6,20,0.99067
2025-05-11T12:54:00,599,60,18,0.82493
2025-05-11T12:57:00,569,59.6,20,0.94394
2025-05-11T13:00:00,578,58.9,18,0.84762
2025-05-11T13:03:00,583,59.5,18,0.83524
2025-05-11T13:06:00,547,59.3,19,0.89363
2025-05-11T13:09:00,542,61.8,18,0.78781
2025-05-11T13:12:00,558,59.4,18,0.83731
2025-05-11T13:15:00,527,59.5,20,0.94627
2025-05-11T13:18:00,550,60.6,18,0.81256
2025-05-11T13:21:00,628,60.5,18,0.81462
2025-05-11T13:24:00,600,60.2,19,0.87387
2025-05-11T13:27:00,543,60.3,18,0.81875
2025-05-11T13:30:00,525,59.2,18,0.84143
2025-05-11T13:33:00,536,58.5,20,0.96964
2025-05-11T13:36:00,560,59.4,18,0.83731
2025-05-11T13:39:00,545,62,18,0.78369
2025-05-11T13:42:00,544,56.1,20,1.02571
2025-05-11T13:45:00,526,59.5,18,0.83524
2025-05-11T13:48:00,534,60.1,19,0.87607
2025-05-11T13:51:00,511,60.8,18,0.80843
2025-05-11T13:54:00,531,60.2,18,0.82081
2025-05-11T13:57:00,547,58.1,20,0.97898
2025-05-11T14:00:00,521,58.2,18,0.86206
2025-05-11T14:03:00,519,60.8,19,0.8607
2025-05-11T14:06:00,541,58.6,18,0.85381
2025-05-11T14:09:00,573,60.3,18,0.81875
2025-05-11T14:12:00,558,59.7,18,0.83112
2025-05-11T14:15:00,542,56.3,20,1.02104
2025-05-11T14:18:00,528,59,18,0.84556
2025-05-11T14:21:00,527,59.7,19,0.88485
2025-05-11T14:24:00,525,54.2,19,1.00561
2025-05-11T14:27:00,541,59.4,18,0.83731
2025-05-11T14:30:00,523,60.8,18,0.80843
2025-05-11T14:33:00,554,55.1,19,0.98585
2025-05-11T14:36:00,539,57.6,18,0.87443
2025-05-11T14:39:00,533,59.3,19,0.89363
2025-05-11T14:42:00,503,54.9,19,0.99024
2025-05-11T14:45:00,515,58.8,19,0.90461
2025-05-11T14:48:00,550,57.3,18,0.88062
2025-05-11T14:51:00,508,59.8,18,0.82906
2025-05-11T14:54:00,531,56.8,20,1.00936
2025-05-11T14:57:00,539,59.1,18,0.84349
2025-05-11T15:00:00,517,59.2,18,0.84143
2025-05-11T15:03:00,506,56.7,20,1.0117
2025-05-11T15:06:00,493,51.4,20,1.13553
2025-05-11T15:09:00,521,57.5,18,0.87649
2025-05-11T15:12:00,548,58.2,19,0.91778
2025-05-11T15:15:00,519,52.8,20,1.10282
2025-05-11T15:18:00,517,58.8,18,0.84968
2025-05-11T15:21:00,498,58.2,19,0.91778
2025-05-11T15:24:00,521,52.1,20,1.11917
2025-05-11T15:27:00,504,60.8,18,0.80843
2025-05-11T15:30:00,506,56.1,19,0.96389
2025-05-11T15:33:00,495,58.9,19,0.90242
2025-05-11T15:36:00,500,54.4,21,1.13323
2025-05-11T15:39:00,485,52.4,20,1.11216
2025-05-11T15:42:00,471,58.8,19,0.90461
2025-05-11T15:45:00,458,55.7,20,1.03506
2025-05-11T15:48:00,452,56.4,20,1.01871
2025-05-11T15:51:00,463,51,21,1.21773
2025-05-11T15:54:00,463.5,53.05,20.5,1.13141
2025-05-11T15:57:00,464,55.1,20,1.04908
2025-05-11T16:00:00,457,53.2,21,1.16305
2025-05-11T16:03:00,446,52.6,21,1.17796
2025-05-11T16:06:00,441,52.3,22,1.26026
2025-05-11T16:09:00,435,54.2,21,1.1382
2025-05-11T16:12:00,433,52.3,21,1.18542
2025-05-11T16:15:00,425,51.2,22,1.28932
2025-05-11T16:18:00,419,50.5,22,1.30781
2025-05-11T16:21:00,410,46.8,22,1.40557
2025-05-11T16:24:00,402,44.7,22,1.46105
2025-05-11T16:27:00,387,41.1,22,1.55617
2025-05-11T16:30:00,393,31.6,22,1.80716
2025-05-11T16:33:00,389,27.4,23,2.03828
2025-05-11T16:36:00,389,44.9,21,1.36932
2025-05-11T16:39:00,390,48.1,21,1.28979
2025-05-11T16:42:00,397,52,20,1.12151
2025-05-11T16:45:00,397,52.3,21,1.18542
2025-05-11T16:48:00,394,52.6,21,1.17796
2025-05-11T16:51:00,385,53.5,20,1.08646
2025-05-11T16:54:00,383,53.8,20,1.07945
2025-05-11T16:57:00,384,54,20,1.07478
2025-05-11T17:00:00,385,54,20,1.07478
2025-05-11T17:03:00,393,54.2,20,1.07011
2025-05-11T17:06:00,398,53.7,20,1.08179
2025-05-11T17:09:00,401,51.3,20,1.13787
2025-05-11T17:12:00,396,52.5,20,1.10983
2025-05-11T17:15:00,397,49.5,21,1.255
2025-05-11T17:18:00,408,46.9,21,1.31962
2025-05-11T17:21:00,403,43.9,21,1.39417
2025-05-11T17:24:00,380,41.6,21,1.45133
2025-05-11T17:27:00,366,37.7,22,1.646
2025-05-11T17:30:00,362,33.3,23,1.87263
2025-05-11T17:33:00,363,28.4,23,2.0102
2025-05-11T17:36:00,368,26,23,2.07758
2025-05-11T17:39:00,364,33,24,1.99797
2025-05-11T17:42:00,360,43.5,22,1.49276
2025-05-11T17:45:00,361,49.3,21,1.25997
2025-05-11T17:48:00,369,52.1,20,1.11917
2025-05-11T17:51:00,369,53.1,20,1.09581
2025-05-11T17:54:00,372,52.8,20,1.10282
2025-05-11T17:57:00,365,52.5,20,1.10983
2025-05-11T18:00:00,349,52,21,1.19287
2025-05-11T18:03:00,342,54.4,20,1.06543
2025-05-11T18:06:00,344,52.8,20,1.10282
2025-05-11T18:09:00,355,51.8,21,1.19784
2025-05-11T18:12:00,366,52.6,21,1.17796
2025-05-11T18:15:00,369,50.9,21,1.22021
2025-05-11T18:18:00,362,52.5,21,1.18045
2025-05-11T18:21:00,358,52.2,21,1.1879
2025-05-11T18:24:00,350,52.1,22,1.26554
2025-05-11T18:27:00,345,51.9,21,1.19536
2025-05-11T18:30:00,341,50.1,21,1.24009
2025-05-11T18:33:00,342,51.5,21,1.2053
2025-05-11T18:36:00,340,51.6,21,1.20281
2025-05-11T18:39:00,342,49.2,21,1.26246
2025-05-11T18:42:00,342,49.3,21,1.25997
2025-05-11T18:45:00,342,47.8,21,1.29725
2025-05-11T18:48:00,344,45.2,22,1.44784
2025-05-11T18:51:00,342,47.7,22,1.38179
2025-05-11T18:54:00,338,43.4,22,1.4954
2025-05-11T18:57:00,336,45.3,22,1.4452
2025-05-11T19:00:00,337,39.2,22,1.60637
2025-05-11T19:03:00,339,36,22,1.69091
2025-05-11T19:06:00,344,34.4,22,1.73318
2025-05-11T19:09:00,350,34.3,23,1.84456
2025-05-11T19:12:00,353,34.5,23,1.83894
2025-05-11T19:15:00,347,34.4,23,1.84175
2025-05-11T19:18:00,346,32.8,23,1.88667
2025-05-11T19:21:00,342,33.2,23,1.87544
2025-05-11T19:24:00,343,32.9,23,1.88386
2025-05-11T19:27:00,345,32.4,23,1.8979
2025-05-11T19:30:00,347,32.2,23,1.90352
2025-05-11T19:33:00,349,32.1,23,1.90632
2025-05-11T19:36:00,350,31.6,23,1.92036
2025-05-11T19:39:00,348.5,31.35,23,1.92738
2025-05-11T19:42:00,347,31.1,23,1.9344
2025-05-11T19:45:00,346,32.1,23,1.90632
2025-05-11T19:48:00,346,33.9,23,1.85579
2025-05-11T19:51:00,344,32.6,22,1.78074
2025-05-11T19:54:00,339,34.7,22,1.72526
2025-05-11T19:57:00,336,48.6,22,1.35801
2025-05-11T20:00:00,342,53.6,21,1.15311
2025-05-11T20:03:00,16,58.4,20,0.97198
2025-05-11T20:06:00,16,58.8,20,0.96263
2025-05-11T20:09:00,14,59.4,20,0.94861
2025-05-11T20:12:00,11,59.5,20,0.94627
2025-05-11T20:15:00,10,57.4,20,0.99534
2025-05-11T20:18:00,0,57.8,20,0.98599
2025-05-11T20:21:00,0,58,20,0.98132
2025-05-11T20:24:00,0,57.6,20,0.99067
2025-05-11T20:27:00,0,57.2,21,1.06365
2025-05-11T20:30:00,0,57.9,20,0.98366
2025-05-11T20:33:00,0,58.2,20,0.97665
2025-05-11T20:36:00,0,58,21,1.04376
2025-05-11T20:39:00,0,58,21,1.04376
2025-05-11T20:42:00,0,58.4,21,1.03382
2025-05-11T20:45:00,0,59,21,1.01891
2025-05-11T20:48:00,0,55.3,21,1.11086
2025-05-11T20:51:00,0,52.4,21,1.18293
2025-05-11T20:54:00,0,55.7,20,1.03506
2025-05-11T20:57:00,0,52.4,20,1.11216
2025-05-11T21:00:00,0,49.2,20,1.18693
2025-05-11T21:03:00,0,47.8,20,1.21964
2025-05-11T21:06:00,0,53.5,20,1.08646
2025-05-11T21:09:00,0,50.5,20,1.15656
2025-05-11T21:12:00,0,48.6,20,1.20095
2025-05-11T21:15:00,0,47.1,20,1.236
2025-05-11T21:18:00,0,52.6,20,1.10749
2025-05-11T21:21:00,0,49.7,20,1.17525
2025-05-11T21:24:00,0,47.7,20,1.22198
2025-05-11T21:27:00,0,53.4,20,1.0888
2025-05-11T21:30:00,0,50.3,20,1.16123
2025-05-11T21:33:00,0,48.3,20,1.20796
2025-05-11T21:36:00,0,53.7,20,1.08179
2025-05-11T21:39:00,0,49.8,20,1.17291
2025-05-11T21:42:00,0,48.4,20,1.20562
2025-05-11T21:45:00,0,55.8,20,1.03272
2025-05-11T21:48:00,0,51.7,19,1.0605
2025-05-11T21:51:00,0,48.9,20,1.19394
2025-05-11T21:54:00,0,49,19,1.11979
2025-05-11T21:57:00,0,47.3,19,1.15711
2025-05-11T22:00:00,0,51.4,19,1.06709
2025-05-11T22:03:00,0,48.4,19,1.13296
2025-05-11T22:06:00,0,50.2,19,1.09344
2025-05-11T22:09:00,0,48.2,19,1.13735
2025-05-11T22:12:00,0,53.6,19,1.01879
2025-05-11T22:15:00,0,50.8,19,1.08026
2025-05-11T22:18:00,0,48.7,19,1.12637
2025-05-11T22:21:00,0,48.7,19,1.12637
2025-05-11T22:24:00,0,51.4,19,1.06709
2025-05-11T22:27:00,0,49.6,19,1.10661
2025-05-11T22:30:00,0,48.2,19,1.13735
2025-05-11T22:33:00,0,52.9,19,1.03415
2025-05-11T22:36:00,0,50.4,19,1.08905
2025-05-11T22:39:00,0,48.7,19,1.12637
2025-05-11T22:42:00,0,50,19,1.09783
2025-05-11T22:45:00,0,50.3,19,1.09124
2025-05-11T22:48:00,0,48.5,19,1.13076
2025-05-11T22:51:00,0,47.6,19,1.15052
2025-05-11T22:54:00,0,51.8,19,1.05831
2025-05-11T22:57:00,0,50.7,19,1.08246
2025-05-11T23:00:00,0,48.9,19,1.12198
2025-05-11T23:03:00,0,47.9,19,1.14394
2025-05-11T23:06:00,0,48.4,19,1.13296
2025-05-11T23:09:00,0,53.6,19,1.01879
2025-05-11T23:12:00,0,53.5,19,1.02098
2025-05-11T23:15:00,0,53.1,19,1.02976
2025-05-11T23:18:00,0,53,19,1.03196
2025-05-11T23:21:00,0,53.2,19,1.02757
2025-05-11T23:24:00,0,53.25,19,1.02647
2025-05-11T23:27:00,0,53.3,19,1.02537
2025-05-11T23:30:00,0,53.5,19,1.02098
2025-05-11T23:33:00,0,53.2,19,1.02757
2025-05-11T23:36:00,0,53,19,1.03196
2025-05-11T23:39:00,0,52.9,19,1.03415
2025-05-11T23:42:00,0,53.1,19,1.02976
2025-05-11T23:45:00,0,52.9,19,1.03415
2025-05-11T23:48:00,0,52.9,19,1.03415
2025-05-11T23:51:00,0,52.9,19,1.03415
2025-05-11T23:54:00,0,53.1,19,1.02976
2025-05-11T23:57:00,0,53.3,19,1.02537
2025-05-12T00:00:00,0,53.3,19,1.02537
2025-05-12T00:03:00,0,53.3,18,0.96311
2025-05-12T00:06:00,0,53.4,19,1.02318
2025-05-12T00:09:00,0,53.9,18,0.95074
2025-05-12T00:12:00,0,56,18,0.90743
2025-05-12T00:15:00,0,56.5,18,0.89711
2025-05-12T00:18:00,0,58,18,0.86618
2025-05-12T00:21:00,0,60.4,18,0.81668
2025-05-12T00:24:00,0,62.3,18,0.7775
2025-05-12T00:27:00,0,63.8,18,0.74656
2025-05-12T00:30:00,0,64.9,18,0.72388
2025-05-12T00:33:00,0,66.7,18,0.68676
2025-05-12T00:36:00,0,69.4,18,0.63107
2025-05-12T00:39:00,0,71.5,19,0.62576
2025-05-12T00:42:00,0,72.7,19,0.59941
2025-05-12T00:45:00,0,74,18,0.53621
2025-05-12T00:48:00,0,74.7,18,0.52177
2025-05-12T00:51:00,0,75.5,18,0.50527
2025-05-12T00:54:00,0,76,18,0.49496
2025-05-12T00:57:00,0,76.5,18,0.48465
2025-05-12T01:00:00,0,76.8,18,0.47846
2025-05-12T01:03:00,0,77,18,0.47434
2025-05-12T01:06:00,0,77.1,18,0.47227
2025-05-12T01:09:00,0,77.3,18,0.46815
2025-05-12T01:12:00,0,77.6,18,0.46196
2025-05-12T01:15:00,0,77.5,18,0.46402
2025-05-12T01:18:00,0,77.6,18,0.46196
2025-05-12T01:21:00,0,77.8,18,0.45784
2025-05-12T01:24:00,0,77.8,18,0.45784
2025-05-12T01:27:00,0,78,18,0.45371
2025-05-12T01:30:00,0,78.1,18,0.45165
2025-05-12T01:33:00,0,78.2,18,0.44959
2025-05-12T01:36:00,0,78.2,18,0.44959
2025-05-12T01:39:00,0,78.4,18,0.44546
2025-05-12T01:42:00,0,78.6,18,0.44134
2025-05-12T01:45:00,0,78.6,18,0.44134
2025-05-12T01:48:00,0,78.6,18,0.44134
2025-05-12T01:51:00,0,78.8,18,0.43721
2025-05-12T01:54:00,0,78.7,18,0.43928
2025-05-12T01:57:00,0,78.8,18,0.43721
2025-05-12T02:00:00,0,78.8,18,0.43721
2025-05-12T02:03:00,0,79.1,18,0.43103
2025-05-12T02:06:00,0,79.7,18,0.41865
2025-05-12T02:09:00,0,80.4,18,0.40422
2025-05-12T02:12:00,0,80.6,18,0.40009
2025-05-12T02:15:00,0,80.8,18,0.39597
2025-05-12T02:18:00,0,81.1,18,0.38978
2025-05-12T02:21:00,0,81.2,18,0.38772
2025-05-12T02:24:00,0,81.2,18,0.38772
2025-05-12T02:27:00,0,81.4,18,0.38359
2025-05-12T02:30:00,0,81.3,18,0.38566
2025-05-12T02:33:00,0,81.3,18,0.38566
2025-05-12T02:36:00,0,81.4,18,0.38359
2025-05-12T02:39:00,0,81.3,18,0.38566
2025-05-12T02:42:00,0,81.2,18,0.38772
2025-05-12T02:45:00,0,81.2,18,0.38772
2025-05-12T02:48:00,0,81.2,18,0.38772
2025-05-12T02:51:00,0,81.2,18,0.38772
2025-05-12T02:54:00,0,80.9,18,0.39391
2025-05-12T02:57:00,0,81,18,0.39184
2025-05-12T03:00:00,0,80.9,18,0.39391
2025-05-12T03:03:00,0,80.8,18,0.39597
2025-05-12T03:06:00,0,80.6,18,0.40009
2025-05-12T03:09:00,0,80.6,18,0.40009
2025-05-12T03:12:00,0,80.6,18,0.40009
2025-05-12T03:15:00,0,80.5,18,0.40215
2025-05-12T03:18:00,0,80.5,18,0.40215
2025-05-12T03:21:00,0,80.3,18,0.40628
2025-05-12T03:24:00,0,80.2,18,0.40834
2025-05-12T03:27:00,0,80,18,0.41247
2025-05-12T03:30:00,0,80.1,18,0.4104
2025-05-12T03:33:00,0,80,18,0.41247
2025-05-12T03:36:00,0,79.9,18,0.41453
2025-05-12T03:39:00,0,79.8,18,0.41659
2025-05-12T03:42:00,0,79.7,18,0.41865
2025-05-12T03:45:00,0,79.6,18,0.42072
2025-05-12T03:48:00,0,79.5,18,0.42278
2025-05-12T03:51:00,0,79.3,18,0.4269
2025-05-12T03:54:00,0,79.3,18,0.4269
2025-05-12T03:57:00,0,79.3,18,0.4269
2025-05-12T04:00:00,0,79,18,0.43309
2025-05-12T04:03:00,350,78.8,18,0.43721
2025-05-12T04:06:00,346,77.9,18,0.45578
2025-05-12T04:09:00,343,77.1,18,0.47227
2025-05-12T04:12:00,342,76.6,19,0.51378
2025-05-12T04:15:00,340,76,19,0.52696
2025-05-12T04:18:00,339,75.7,19,0.53354
2025-05-12T04:21:00,336,75,19,0.54891
2025-05-12T04:24:00,336,75,19,0.54891
2025-05-12T04:27:00,336,74.6,19,0.5577
2025-05-12T04:30:00,334,74.2,19,0.56648
2025-05-12T04:33:00,334,73.9,19,0.57307
2025-05-12T04:36:00,334,73.7,20,0.61449
2025-05-12T04:39:00,333,73.5,20,0.61917
2025-05-12T04:42:00,332,73.4,20,0.6215
2025-05-12T04:45:00,332,72.7,20,0.63786
2025-05-12T04:48:00,332,70.2,20,0.69627
2025-05-12T04:51:00,332,70.2,20,0.69627
2025-05-12T04:54:00,331,70.2,20,0.69627
2025-05-12T04:57:00,331,67.6,20,0.75702
2025-05-12T05:00:00,331,66.2,20,0.78973
2025-05-12T05:03:00,330,65.2,20,0.81309
2025-05-12T05:06:00,329,63.9,20,0.84347
2025-05-12T05:09:00,330,62,20,0.88786
2025-05-12T05:12:00,331,60.6,19,0.86509
2025-05-12T05:15:00,331,60.2,20,0.92992
2025-05-12T05:18:00,331,59.5,19,0.88924
2025-05-12T05:21:00,331,59,19,0.90022
2025-05-12T05:24:00,331,58.3,19,0.91559
2025-05-12T05:27:00,332,58.2,19,0.91778
2025-05-12T05:30:00,332,58.5,20,0.96964
2025-05-12T05:33:00,334,58.6,20,0.9673
2025-05-12T05:36:00,334,58.8,20,0.96263
2025-05-12T05:39:00,335,58.7,20,0.96497
2025-05-12T05:42:00,334,58.8,20,0.96263
2025-05-12T05:45:00,336,58.6,20,0.9673
2025-05-12T05:48:00,336,58.4,20,0.97198
2025-05-12T05:51:00,338,58.1,20,0.97898
2025-05-12T05:54:00,340,56.9,20,1.00702
2025-05-12T05:57:00,339,56,20,1.02805
2025-05-12T06:00:00,339,55.7,20,1.03506
2025-05-12T06:03:00,339,56.1,20,1.02571
2025-05-12T06:06:00,340,55.5,20,1.03973
2025-05-12T06:09:00,342,55.5,20,1.03973
2025-05-12T06:12:00,344,56.2,20,1.02338
2025-05-12T06:15:00,356,55.6,20,1.0374
2025-05-12T06:18:00,357,56.2,20,1.02338
2025-05-12T06:21:00,357,56.7,20,1.0117
2025-05-12T06:24:00,357,54.5,20,1.0631
2025-05-12T06:27:00,358,55.5,20,1.03973
2025-05-12T06:30:00,359,55.7,20,1.03506
2025-05-12T06:33:00,365,55.7,20,1.03506
2025-05-12T06:36:00,364,56,20,1.02805
2025-05-12T06:39:00,361,56.1,20,1.02571
2025-05-12T06:42:00,357,54,20,1.07478
2025-05-12T06:45:00,354,53.7,20,1.08179
2025-05-12T06:48:00,353,54.8,20,1.05609
2025-05-12T06:51:00,354,54.6,21,1.12826
2025-05-12T06:54:00,354,53.6,21,1.15311
2025-05-12T06:57:00,357,53,20,1.09815
2025-05-12T07:00:00,360,53.4,21,1.15808
2025-05-12T07:03:00,361,53.7,21,1.15063
2025-05-12T07:06:00,367,54.2,21,1.1382
2025-05-12T07:09:00,373,50.9,21,1.22021
2025-05-12T07:12:00,369,52.2,21,1.1879
2025-05-12T07:15:00,376,51,21,1.21773
2025-05-12T07:18:00,375,50.8,21,1.2227
2025-05-12T07:21:00,385,52.4,21,1.18293
2025-05-12T07:24:00,386,51.1,21,1.21524
2025-05-12T07:27:00,377,50.3,21,1.23512
2025-05-12T07:30:00,392,49,21,1.26743
2025-05-12T07:33:00,391,49.3,21,1.25997
2025-05-12T07:36:00,405,49.4,21,1.25749
2025-05-12T07:39:00,412,49.3,21,1.25997
2025-05-12T07:42:00,416,48.6,21,1.27737
2025-05-12T07:45:00,400,47.9,21,1.29476
2025-05-12T07:48:00,397,49.2,21,1.26246
2025-05-12T07:51:00,414,49.4,21,1.25749
2025-05-12T07:54:00,457,49.5,21,1.255
2025-05-12T07:57:00,443,48.4,22,1.3633
2025-05-12T08:00:00,470,49.3,22,1.33952
2025-05-12T08:03:00,456,48.9,21,1.26991
2025-05-12T08:06:00,545,46.9,22,1.40293
2025-05-12T08:09:00,627,46.6,21,1.32707
2025-05-12T08:12:00,590,46.9,21,1.31962
2025-05-12T08:15:00,475,48.3,22,1.36594
2025-05-12T08:18:00,438,47,22,1.40029
2025-05-12T08:21:00,428,47.3,23,1.47958
2025-05-12T08:24:00,419,45.9,22,1.42935
2025-05-12T08:27:00,410,45.3,22,1.4452
2025-05-12T08:30:00,398,46,22,1.42671
2025-05-12T08:33:00,392,45.2,22,1.44784
2025-05-12T08:36:00,389,45.7,22,1.43463
2025-05-12T08:39:00,384,46.6,22,1.41085
2025-05-12T08:42:00,380,47.2,22,1.395
2025-05-12T08:45:00,376,46.6,22,1.41085
2025-05-12T08:48:00,374,45.9,22,1.42935
2025-05-12T08:51:00,367,45.9,22,1.42935
2025-05-12T08:54:00,363,46.4,22,1.41614
2025-05-12T08:57:00,361,47.6,22,1.38443
2025-05-12T09:00:00,362,47.7,22,1.38179
2025-05-12T09:03:00,363,47,22,1.40029
2025-05-12T09:06:00,367,47,22,1.40029
2025-05-12T09:09:00,366,46.8,22,1.40557
2025-05-12T09:12:00,366,47.2,21,1.31216
2025-05-12T09:15:00,365,47.4,21,1.30719
2025-05-12T09:18:00,370,47.6,21,1.30222
2025-05-12T09:21:00,375,47.4,21,1.30719
2025-05-12T09:24:00,383,47,21,1.31713
2025-05-12T09:27:00,380,47.4,21,1.30719
2025-05-12T09:30:00,383,47.7,21,1.29974
2025-05-12T09:33:00,387,47.6,21,1.30222
2025-05-12T09:36:00,394,49.3,21,1.25997
2025-05-12T09:39:00,391,49.3,21,1.25997
2025-05-12T09:42:00,407,48.6,21,1.27737
2025-05-12T09:45:00,413,49.1,21,1.26494
2025-05-12T09:48:00,419,48.1,22,1.37122
2025-05-12T09:51:00,421,48.4,22,1.3633
2025-05-12T09:54:00,398,47.7,22,1.38179
2025-05-12T09:57:00,383,48.1,22,1.37122
2025-05-12T10:00:00,412,47.4,22,1.38972
2025-05-12T10:03:00,435,47.3,22,1.39236
2025-05-12T10:06:00,428,47,22,1.40029
2025-05-12T10:09:00,438,46.7,22,1.40821
2025-05-12T10:12:00,463,46.4,22,1.41614
2025-05-12T10:15:00,432,47.2,22,1.395
2025-05-12T10:18:00,408,45.9,22,1.42935
2025-05-12T10:21:00,460,45.9,22,1.42935
2025-05-12T10:24:00,484,46.1,22,1.42406
2025-05-12T10:27:00,511,45.9,22,1.42935
2025-05-12T10:30:00,583,44.9,22,1.45577
2025-05-12T10:33:00,572,42.9,23,1.60311
2025-05-12T10:36:00,547,42.3,23,1.61995
2025-05-12T10:39:00,515,47.9,23,1.46273
2025-05-12T10:42:00,547,60.4,19,0.86948
2025-05-12T10:45:00,493,62.1,19,0.83215
2025-05-12T10:48:00,589,65.5,18,0.7115
2025-05-12T10:51:00,531,65.4,19,0.7597
2025-05-12T10:54:00,501,59.3,20,0.95095
2025-05-12T10:57:00,507,64.5,19,0.77946
2025-05-12T11:00:00,504,64.6,19,0.77726
2025-05-12T11:03:00,461,60.9,20,0.91356
2025-05-12T11:06:00,427,61.9,21,0.94684
2025-05-12T11:09:00,483,62.9,20,0.86683
2025-05-12T11:12:00,505,58.8,20,0.96263
2025-05-12T11:15:00,598,61.3,19,0.84972
2025-05-12T11:18:00,539,63,20,0.8645
2025-05-12T11:21:00,480,65.6,19,0.75531
2025-05-12T11:24:00,497,62.7,20,0.87151
2025-05-12T11:27:00,523,60.8,21,0.97418
2025-05-12T11:30:00,699,60.7,21,0.97667
2025-05-12T11:33:00,583,61.7,21,0.95181
2025-05-12T11:36:00,501,63.1,20,0.86216
2025-05-12T11:39:00,517,64.7,20,0.82478
2025-05-12T11:42:00,528,65.1,19,0.76628
2025-05-12T11:45:00,526,65.2,19,0.76409
2025-05-12T11:48:00,530,61.1,21,0.96672
2025-05-12T11:51:00,699,66.2,19,0.74213
2025-05-12T11:54:00,691,62.4,20,0.87852
2025-05-12T11:57:00,586,56.7,21,1.07607
2025-05-12T12:00:00,479,66.2,19,0.74213
2025-05-12T12:03:00,486,64.5,20,0.82945
2025-05-12T12:06:00,490,60.8,22,1.03568
2025-05-12T12:09:00,516,64.1,19,0.78824
2025-05-12T12:12:00,505,68.7,19,0.68724
2025-05-12T12:15:00,525,63.4,21,0.90957
2025-05-12T12:18:00,528,66.05,19.5,0.769
2025-05-12T12:21:00,531,68.7,18,0.64551
2025-05-12T12:24:00,613,64.6,21,0.87974
2025-05-12T12:27:00,566,68.4,18,0.6517
2025-05-12T12:30:00,525,68.3,18,0.65376
2025-05-12T12:33:00,542,67.7,20,0.75468
2025-05-12T12:36:00,559,70.3,18,0.61251
2025-05-12T12:39:00,510,68.3,19,0.69602
2025-05-12T12:42:00,550,64.8,20,0.82244
2025-05-12T12:45:00,561,71.2,19,0.63235
2025-05-12T12:48:00,509,71,19,0.63674
2025-05-12T12:51:00,554,71,19,0.63674
2025-05-12T12:54:00,566,71.4,19,0.62796
2025-05-12T12:57:00,591,71.8,19,0.61918
2025-05-12T13:00:00,503,71.3,19,0.63015
2025-05-12T13:03:00,616,70.9,19,0.63894
2025-05-12T13:06:00,532,69.2,19,0.67626
2025-05-12T13:09:00,435,68.9,19,0.68285
2025-05-12T13:12:00,543,70.4,19,0.64991
2025-05-12T13:15:00,460,69.2,19,0.67626
2025-05-12T13:18:00,507,70.1,19,0.6565
2025-05-12T13:21:00,499,68.9,19,0.68285
2025-05-12T13:24:00,494,68.9,19,0.68285
2025-05-12T13:27:00,433,69.2,19,0.67626
2025-05-12T13:30:00,435,69.3,19,0.67407
2025-05-12T13:33:00,434,68.8,19,0.68505
2025-05-12T13:36:00,419,70.3,19,0.65211
2025-05-12T13:39:00,435,69.3,19,0.67407
2025-05-12T13:42:00,433,70,19,0.6587
2025-05-12T13:45:00,434,70.4,19,0.64991
2025-05-12T13:48:00,435,70.6,19,0.64552
2025-05-12T13:51:00,435,70.6,19,0.64552
2025-05-12T13:54:00,434,70.2,19,0.65431
2025-05-12T13:57:00,443,68.3,20,0.74066
2025-05-12T14:00:00,420,71,20,0.67758
2025-05-12T14:03:00,388,69.8,19,0.66309
2025-05-12T14:06:00,396,68.2,20,0.743
2025-05-12T14:09:00,367,68.8,19,0.68505
2025-05-12T14:12:00,376,70,19,0.6587
2025-05-12T14:15:00,534,69,19,0.68065
2025-05-12T14:18:00,471,67.5,20,0.75936
2025-05-12T14:21:00,597,69,19,0.68065
2025-05-12T14:24:00,521,67.8,20,0.75235
2025-05-12T14:27:00,577,66,20,0.7944
2025-05-12T14:30:00,528,66,20,0.7944
2025-05-12T14:33:00,577,67,20,0.77104
2025-05-12T14:36:00,474,68,19,0.70261
2025-05-12T14:39:00,492,69.3,19,0.67407
2025-05-12T14:42:00,512,68.2,19,0.69822
2025-05-12T14:45:00,469,67.2,19,0.72018
2025-05-12T14:48:00,466,68.6,19,0.68944
2025-05-12T14:51:00,467,67.8,19,0.707
2025-05-12T14:54:00,455,68,19,0.70261
2025-05-12T14:57:00,443,67.8,19,0.707
2025-05-12T15:00:00,424,68.8,18,0.64345
2025-05-12T15:03:00,401,71.3,18,0.59189
2025-05-12T15:06:00,425,70.6,18,0.60633
2025-05-12T15:09:00,457,69.7,18,0.62489
2025-05-12T15:12:00,457,69.4,18,0.63107
2025-05-12T15:15:00,474,69.5,18,0.62901
2025-05-12T15:18:00,515,71.1,18,0.59601
2025-05-12T15:21:00,547,70.2,19,0.65431
2025-05-12T15:24:00,517,69.1,19,0.67846
2025-05-12T15:27:00,517,68.8,19,0.68505
2025-05-12T15:30:00,522,71.1,19,0.63455
2025-05-12T15:33:00,504,70.7,19,0.64333
2025-05-12T15:36:00,462,69.7,19,0.66528
2025-05-12T15:39:00,465,70.2,19,0.65431
2025-05-12T15:42:00,478,69.9,19,0.66089
2025-05-12T15:45:00,465,70.7,19,0.64333
2025-05-12T15:48:00,515,71.8,19,0.61918
2025-05-12T15:51:00,498,71.4,19,0.62796
2025-05-12T15:54:00,508,70.4,19,0.64991
2025-05-12T15:57:00,474,70.3,19,0.65211
2025-05-12T16:00:00,480,68.7,19,0.68724
2025-05-12T16:03:00,471,69,19,0.68065
2025-05-12T16:06:00,484,69.3,19,0.67407
2025-05-12T16:09:00,508,70.7,19,0.64333
2025-05-12T16:12:00,487,69.1,19,0.67846
2025-05-12T16:15:00,469,69.3,19,0.67407
2025-05-12T16:18:00,471,68.1,19,0.70041
2025-05-12T16:21:00,476,67.7,19,0.7092
2025-05-12T16:24:00,472,67.8,19,0.707
2025-05-12T16:27:00,452,67.6,19,0.71139
2025-05-12T16:30:00,444,68.5,19,0.69163
2025-05-12T16:33:00,436,67.8,19,0.707
2025-05-12T16:36:00,435,68.3,18,0.65376
2025-05-12T16:39:00,433,68.4,19,0.69383
2025-05-12T16:42:00,419,67.7,19,0.7092
2025-05-12T16:45:00,419,66.1,18,0.69913
2025-05-12T16:48:00,425,67,18,0.68057
2025-05-12T16:51:00,410,67.7,18,0.66613
2025-05-12T16:54:00,407,67.5,18,0.67026
2025-05-12T16:57:00,422,67.9,18,0.66201
2025-05-12T17:00:00,386,66.3,18,0.69501
2025-05-12T17:03:00,458,67.3,18,0.67438
2025-05-12T17:06:00,508,67.3,18,0.67438
2025-05-12T17:09:00,474,67.1,18,0.67851
2025-05-12T17:12:00,416,67.4,18,0.67232
2025-05-12T17:15:00,418,66.6,18,0.68882
2025-05-12T17:18:00,416,65.6,18,0.70944
2025-05-12T17:21:00,411,66.6,18,0.68882
2025-05-12T17:24:00,407,66.5,17,0.64861
2025-05-12T17:27:00,575,66.2,18,0.69707
2025-05-12T17:30:00,577,65.2,18,0.71769
2025-05-12T17:33:00,431,64.6,18,0.73007
2025-05-12T17:36:00,421,66.4,17,0.65055
2025-05-12T17:39:00,493,67.7,17,0.62538
2025-05-12T17:42:00,440,68,17,0.61957
2025-05-12T17:45:00,405,69,17,0.60021
2025-05-12T17:48:00,425,66.7,17,0.64474
2025-05-12T17:51:00,457,66.1,17,0.65636
2025-05-12T17:54:00,446,66.8,17,0.64281
2025-05-12T17:57:00,435,63.3,17,0.71057
2025-05-12T18:00:00,512,63.9,18,0.7445
2025-05-12T18:03:00,410,62.6,18,0.77131
2025-05-12T18:06:00,399,62,19,0.83435
2025-05-12T18:09:00,389,62.6,17,0.72413
2025-05-12T18:12:00,376,63.2,19,0.808
2025-05-12T18:15:00,375,58.4,20,0.97198
2025-05-12T18:18:00,374,55,21,1.11832
2025-05-12T18:21:00,371,62.2,18,0.77956
2025-05-12T18:24:00,368,61.1,18,0.80225
2025-05-12T18:27:00,366,61.7,18,0.78987
2025-05-12T18:30:00,366,60.1,20,0.93226
2025-05-12T18:33:00,367,58.2,20,0.97665
2025-05-12T18:36:00,367,56.8,21,1.07359
2025-05-12T18:39:00,366,54.8,20,1.05609
2025-05-12T18:42:00,365,57.9,20,0.98366
2025-05-12T18:45:00,359,57.7,20,0.98833
2025-05-12T18:48:00,350,57.9,20,0.98366
2025-05-12T18:51:00,358,56.4,21,1.08353
2025-05-12T18:54:00,365,57.6,20,0.99067
2025-05-12T18:57:00,359,57.2,20,1.00001
2025-05-12T19:00:00,361,56.1,21,1.09098
2025-05-12T19:03:00,361,56.6,20,1.01403
2025-05-12T19:06:00,364,55.8,20,1.03272
2025-05-12T19:09:00,357,54.6,21,1.12826
2025-05-12T19:12:00,358,54.9,21,1.1208
2025-05-12T19:15:00,380,52,21,1.19287
2025-05-12T19:18:00,374,52.8,21,1.17299
2025-05-12T19:21:00,362,48.8,21,1.2724
2025-05-12T19:24:00,347,47.2,21,1.31216
2025-05-12T19:27:00,342,43.6,22,1.49012
2025-05-12T19:30:00,344.5,41.75,22,1.53899
2025-05-12T19:33:00,347,39.9,22,1.58787
2025-05-12T19:36:00,342,39.3,23,1.70418
2025-05-12T19:39:00,345,39.1,23,1.70979
2025-05-12T19:42:00,349,38,23,1.74068
2025-05-12T19:45:00,347,37.6,23,1.75191
2025-05-12T19:48:00,343,37.5,23,1.75472
2025-05-12T19:51:00,345,38.5,23,1.72664
2025-05-12T19:54:00,346,40.2,22,1.57994
2025-05-12T19:57:00,342,42.1,22,1.52975
2025-05-12T20:00:00,340,42.6,22,1.51654
2025-05-12T20:03:00,10,43.6,22,1.49012
2025-05-12T20:06:00,10,46.9,22,1.40293
2025-05-12T20:09:00,10,46.4,22,1.41614
2025-05-12T20:12:00,10,48.3,22,1.36594
2025-05-12T20:15:00,0,49.6,21,1.25252
2025-05-12T20:18:00,0,51.4,21,1.20778
2025-05-12T20:21:00,0,51.9,21,1.19536
2025-05-12T20:24:00,0,52.4,21,1.18293
2025-05-12T20:27:00,0,52.5,21,1.18045
2025-05-12T20:30:00,0,53.2,21,1.16305
2025-05-12T20:33:00,0,53.2,20,1.09347
2025-05-12T20:36:00,0,51.4,20,1.13553
2025-05-12T20:39:00,0,52.5,20,1.10983
2025-05-12T20:42:00,0,52.8,20,1.10282
2025-05-12T20:45:00,0,52.9,20,1.10048
2025-05-12T20:48:00,0,53.8,20,1.07945
2025-05-12T20:51:00,0,53.4,20,1.0888
2025-05-12T20:54:00,0,53.1,20,1.09581
2025-05-12T20:57:00,0,52.8,20,1.10282
2025-05-12T21:00:00,0,53,20,1.09815
2025-05-12T21:03:00,0,53.1,20,1.09581
2025-05-12T21:06:00,0,52.8,20,1.10282
2025-05-12T21:09:00,0,53.6,20,1.08413
2025-05-12T21:12:00,0,53.4,20,1.0888
2025-05-12T21:15:00,0,52.9,20,1.10048
2025-05-12T21:18:00,0,53.8,19,1.01439
2025-05-12T21:21:00,0,54.8,20,1.05609
2025-05-12T21:24:00,0,53.6,20,1.08413
2025-05-12T21:27:00,0,55.9,19,0.96828
2025-05-12T21:30:00,0,56.4,20,1.01871
2025-05-12T21:33:00,0,56.5,19,0.95511
2025-05-12T21:36:00,0,58.6,20,0.9673
2025-05-12T21:39:00,0,55.9,20,1.03039
2025-05-12T21:42:00,0,56.8,19,0.94852
2025-05-12T21:45:00,0,55.4,19,0.97926
2025-05-12T21:48:00,0,56.1,19,0.96389
2025-05-12T21:51:00,0,57.8,19,0.92657
2025-05-12T21:54:00,0,57.2,19,0.93974
2025-05-12T21:57:00,0,57.3,19,0.93755
2025-05-12T22:00:00,0,55.8,19,0.97048
2025-05-12T22:03:00,0,56.3,19,0.9595
2025-05-12T22:06:00,0,54.4,19,1.00122
2025-05-12T22:09:00,0,56,19,0.96609
2025-05-12T22:12:00,0,54.2,19,1.00561
2025-05-12T22:15:00,0,54.6,19,0.99683
2025-05-12T22:18:00,0,54.8,19,0.99244
2025-05-12T22:21:00,0,53.7,19,1.01659
2025-05-12T22:24:00,0,51,19,1.07587
2025-05-12T22:27:00,0,53.3,19,1.02537
2025-05-12T22:30:00,0,54.8,19,0.99244
2025-05-12T22:33:00,0,55.5,19,0.97707
2025-05-12T22:36:00,0,55.3,19,0.98146
2025-05-12T22:39:00,0,52.9,19,1.03415
2025-05-12T22:42:00,0,54.5,19,0.99902
2025-05-12T22:45:00,0,53.8,19,1.01439
2025-05-12T22:48:00,0,52.1,19,1.05172
2025-05-12T22:51:00,0,50.9,19,1.07807
2025-05-12T22:54:00,0,50,19,1.09783
2025-05-12T22:57:00,0,49.2,19,1.11539
2025-05-12T23:00:00,0,48.7,19,1.12637
2025-05-12T23:03:00,0,52.4,19,1.04513
2025-05-12T23:06:00,0,52.4,19,1.04513
2025-05-12T23:09:00,0,53.3,19,1.02537
2025-05-12T23:12:00,0,53.6,19,1.01879
2025-05-12T23:15:00,0,54.1,19,1.00781
2025-05-12T23:18:00,0,54.3,19,1.00342
2025-05-12T23:21:00,0,54.3,19,1.00342
2025-05-12T23:24:00,0,54.5,19,0.99902
2025-05-12T23:27:00,0,54.5,19,0.99902
2025-05-12T23:30:00,0,54.6,19,0.99683
2025-05-12T23:33:00,0,54.3,19,1.00342
2025-05-12T23:36:00,0,54.3,19,1.00342
2025-05-12T23:39:00,0,54.3,19,1.00342
2025-05-12T23:42:00,0,54.6,19,0.99683
2025-05-12T23:45:00,0,56.8,19,0.94852
2025-05-12T23:48:00,0,58.4,19,0.91339
2025-05-12T23:51:00,0,59.9,19,0.88046
2025-05-12T23:54:00,0,61.1,19,0.85411
2025-05-12T23:57:00,0,62.3,19,0.82776
2025-05-13T00:00:00,0,63.2,19,0.808
2025-05-13T00:03:00,0,64.1,19,0.78824
2025-05-13T00:06:00,0,65.1,19,0.76628
2025-05-13T00:09:00,0,66.1,19,0.74433
2025-05-13T00:12:00,0,66.9,19,0.72676
2025-05-13T00:15:00,0,67.6,19,0.71139
2025-05-13T00:18:00,0,64.4,19,0.78165
2025-05-13T00:21:00,0,62.2,19,0.82996
2025-05-13T00:24:00,0,60.6,19,0.86509
2025-05-13T00:27:00,0,59.2,19,0.89583
2025-05-13T00:30:00,0,58.3,19,0.91559
2025-05-13T00:33:00,0,57.9,19,0.92437
2025-05-13T00:36:00,0,59.1,19,0.89802
2025-05-13T00:39:00,0,59.8,19,0.88265
2025-05-13T00:42:00,0,60.1,19,0.87607
2025-05-13T00:45:00,0,60.4,19,0.86948
2025-05-13T00:48:00,0,60.8,19,0.8607
2025-05-13T00:51:00,0,61.6,19,0.84313
2025-05-13T00:54:00,0,63.1,19,0.8102
2025-05-13T00:57:00,0,63.2,19,0.808
2025-05-13T01:00:00,0,63.3,19,0.80581
2025-05-13T01:03:00,0,65.7,19,0.75311
2025-05-13T01:06:00,0,65.9,19,0.74872
2025-05-13T01:09:00,0,67.3,19,0.71798
2025-05-13T01:12:00,0,68.6,19,0.68944
2025-05-13T01:15:00,0,69.5,19,0.66968
2025-05-13T01:18:00,0,70.4,19,0.64991
2025-05-13T01:21:00,0,71.2,19,0.63235
2025-05-13T01:24:00,0,71.9,19,0.61698
2025-05-13T01:27:00,0,72.4,19,0.606
2025-05-13T01:30:00,0,72.9,19,0.59502
2025-05-13T01:33:00,0,73.3,19,0.58624
2025-05-13T01:36:00,0,73.6,19,0.57965
2025-05-13T01:39:00,0,74,19,0.57087
2025-05-13T01:42:00,0,74.3,19,0.56428
2025-05-13T01:45:00,0,74.7,19,0.5555
2025-05-13T01:48:00,0,74.8,19,0.55331
2025-05-13T01:51:00,0,75.1,19,0.54672
2025-05-13T01:54:00,0,75.3,19,0.54233
2025-05-13T01:57:00,0,75.4,19,0.54013
2025-05-13T02:00:00,0,75.5,19,0.53794
2025-05-13T02:03:00,0,76,19,0.52696
2025-05-13T02:06:00,0,76.9,19,0.5072
2025-05-13T02:09:00,0,77.5,19,0.49402
2025-05-13T02:12:00,0,78,19,0.48304
2025-05-13T02:15:00,0,78.3,19,0.47646
2025-05-13T02:18:00,0,78.6,19,0.46987
2025-05-13T02:21:00,0,78.7,19,0.46768
2025-05-13T02:24:00,0,79,19,0.46109
2025-05-13T02:27:00,0,79.1,19,0.45889
2025-05-13T02:30:00,0,79.2,19,0.4567
2025-05-13T02:33:00,0,79.3,19,0.4545
2025-05-13T02:36:00,0,79.4,19,0.45231
2025-05-13T02:39:00,0,79.4,19,0.45231
2025-05-13T02:42:00,0,79.4,19,0.45231
2025-05-13T02:45:00,0,79.3,19,0.4545
2025-05-13T02:48:00,0,79.3,19,0.4545
2025-05-13T02:51:00,0,79.3,19,0.4545
2025-05-13T02:54:00,0,79.3,19,0.4545
2025-05-13T02:57:00,0,79.2,19,0.4567
2025-05-13T03:00:00,0,79.1,18,0.43103
2025-05-13T03:03:00,0,79.2,18,0.42897
2025-05-13T03:06:00,0,79.1,18,0.43103
2025-05-13T03:09:00,0,79.1,18,0.43103
2025-05-13T03:12:00,0,79,18,0.43309
2025-05-13T03:15:00,0,79.1,18,0.43103
2025-05-13T03:18:00,0,78.9,18,0.43515
2025-05-13T03:21:00,0,78.8,18,0.43721
2025-05-13T03:24:00,0,78.8,18,0.43721
2025-05-13T03:27:00,0,78.7,18,0.43928
2025-05-13T03:30:00,0,78.5,18,0.4434
2025-05-13T03:33:00,0,78.3,18,0.44753
2025-05-13T03:36:00,0,78.3,18,0.44753
2025-05-13T03:39:00,0,78.1,18,0.45165
2025-05-13T03:42:00,0,77.8,18,0.45784
2025-05-13T03:45:00,0,77.7,18,0.4599
2025-05-13T03:48:00,0,77.7,18,0.4599
2025-05-13T03:51:00,0,77.5,18,0.46402
2025-05-13T03:54:00,0,77.5,18,0.46402
2025-05-13T03:57:00,0,77.2,18,0.47021
2025-05-13T04:00:00,0,77.2,18,0.47021
2025-05-13T04:03:00,347,76.7,18,0.48052
2025-05-13T04:06:00,346,75.9,18,0.49702
2025-05-13T04:09:00,342,75.3,19,0.54233
2025-05-13T04:12:00,340,74.9,19,0.55111
2025-05-13T04:15:00,339,74.4,19,0.56209
2025-05-13T04:18:00,338,73.9,19,0.57307
2025-05-13T04:21:00,336,73.5,19,0.58185
2025-05-13T04:24:00,335,73.1,19,0.59063
2025-05-13T04:27:00,334,73.3,19,0.58624
2025-05-13T04:30:00,334,72.9,19,0.59502
2025-05-13T04:33:00,334,72.6,20,0.6402
2025-05-13T04:36:00,333,72.6,20,0.6402
2025-05-13T04:39:00,333,72.5,20,0.64253
2025-05-13T04:42:00,332,71.9,20,0.65655
2025-05-13T04:45:00,331,70.2,20,0.69627
2025-05-13T04:48:00,332,69,20,0.72431
2025-05-13T04:51:00,331,69.2,20,0.71964
2025-05-13T04:54:00,330,67.7,20,0.75468
2025-05-13T04:57:00,330,66.1,20,0.79207
2025-05-13T05:00:00,331,65,20,0.81777
2025-05-13T05:03:00,330,64.5,20,0.82945
2025-05-13T05:06:00,330,63.5,20,0.85281
2025-05-13T05:09:00,331,62.3,20,0.88085
2025-05-13T05:12:00,331,61.6,20,0.89721
2025-05-13T05:15:00,330,61.4,19,0.84752
2025-05-13T05:18:00,330,61,19,0.85631
2025-05-13T05:21:00,329,60.6,19,0.86509
2025-05-13T05:24:00,329,60.1,19,0.87607
2025-05-13T05:27:00,329,59.3,19,0.89363
2025-05-13T05:30:00,331,59.2,19,0.89583
2025-05-13T05:33:00,331,59.7,20,0.9416
2025-05-13T05:36:00,329,59,20,0.95796
2025-05-13T05:39:00,331,58.7,20,0.96497
2025-05-13T05:42:00,331,58.4,19,0.91339
2025-05-13T05:45:00,331,57.9,19,0.92437
2025-05-13T05:48:00,332,58.7,20,0.96497
2025-05-13T05:51:00,334,58.3,20,0.97431
2025-05-13T05:54:00,334,58.1,20,0.97898
2025-05-13T05:57:00,334,57.3,20,0.99768
2025-05-13T06:00:00,334,57.2,20,1.00001
2025-05-13T06:03:00,334,57.1,20,1.00235
2025-05-13T06:06:00,335,57.8,20,0.98599
2025-05-13T06:09:00,334,57.5,20,0.993
2025-05-13T06:12:00,336,58.1,20,0.97898
2025-05-13T06:15:00,337,58.8,20,0.96263
2025-05-13T06:18:00,336,57.4,20,0.99534
2025-05-13T06:21:00,337,57.2,20,1.00001
2025-05-13T06:24:00,336,57.5,20,0.993
2025-05-13T06:27:00,336.5,57.6,20,0.99067
2025-05-13T06:30:00,337,57.7,20,0.98833
2025-05-13T06:33:00,339,57.7,20,0.98833
2025-05-13T06:36:00,336,58.6,20,0.9673
2025-05-13T06:39:00,338,59.7,20,0.9416
2025-05-13T06:42:00,344,60.5,21,0.98164
2025-05-13T06:45:00,345,60.3,21,0.98661
2025-05-13T06:48:00,352,59.9,21,0.99655
2025-05-13T06:51:00,356,60.1,21,0.99158
2025-05-13T06:54:00,355,59.9,21,0.99655
2025-05-13T06:57:00,353,60.1,21,0.99158
2025-05-13T07:00:00,358,60.6,21,0.97915
2025-05-13T07:03:00,364,60.2,21,0.98909
2025-05-13T07:06:00,350,60.3,21,0.98661
2025-05-13T07:09:00,358,59.9,21,0.99655
2025-05-13T07:12:00,358,57.9,21,1.04625
2025-05-13T07:15:00,355,57.9,21,1.04625
2025-05-13T07:18:00,355,57.9,21,1.04625
2025-05-13T07:21:00,347,58.9,21,1.0214
2025-05-13T07:24:00,345,57.7,21,1.05122
2025-05-13T07:27:00,365,59.2,21,1.01394
2025-05-13T07:30:00,374,57.8,21,1.04873
2025-05-13T07:33:00,371,58.4,21,1.03382
2025-05-13T07:36:00,373,57.3,21,1.06116
2025-05-13T07:39:00,363,57.1,21,1.06613
2025-05-13T07:42:00,364,57.3,21,1.06116
2025-05-13T07:45:00,380,57.5,21,1.05619
2025-05-13T07:48:00,373,58.8,21,1.02388
2025-05-13T07:51:00,345,59.1,21,1.01643
2025-05-13T07:54:00,353,59.4,21,1.00897
2025-05-13T07:57:00,341,58.3,22,1.10173
2025-05-13T08:00:00,356,58.4,22,1.09909
2025-05-13T08:03:00,355,57.4,22,1.12551
2025-05-13T08:06:00,352,56.9,21,1.0711
2025-05-13T08:09:00,352,57.8,22,1.11494
2025-05-13T08:12:00,355,58.5,22,1.09645
2025-05-13T08:15:00,359,59,22,1.08324
2025-05-13T08:18:00,361,59.4,22,1.07267
2025-05-13T08:21:00,368,58.2,21,1.03879
2025-05-13T08:24:00,375,58.8,21,1.02388
2025-05-13T08:27:00,371,61,22,1.0304
2025-05-13T08:30:00,372,61.6,21,0.9543
2025-05-13T08:33:00,378,62.3,22,0.99605
2025-05-13T08:36:00,372,57.9,21,1.04625
2025-05-13T08:39:00,364,59.3,21,1.01146
2025-05-13T08:42:00,356,58.7,22,1.09117
2025-05-13T08:45:00,356,59.8,21,0.99903
2025-05-13T08:48:00,375,59.1,21,1.01643
2025-05-13T08:51:00,382,59.8,21,0.99903
2025-05-13T08:54:00,396,59.2,22,1.07796
2025-05-13T08:57:00,408,59.6,22,1.06739
2025-05-13T09:00:00,393,58.9,22,1.08588
2025-05-13T09:03:00,365,56.9,22,1.13872
2025-05-13T09:06:00,377,55.6,22,1.17307
2025-05-13T09:09:00,382,58.6,22,1.09381
2025-05-13T09:12:00,393,57.8,22,1.11494
2025-05-13T09:15:00,404,57.1,23,1.20444
2025-05-13T09:18:00,421,49.2,23,1.42623
2025-05-13T09:21:00,443,47.1,22,1.39764
2025-05-13T09:24:00,508,46.4,22,1.41614
2025-05-13T09:27:00,518,41.2,22,1.55352
2025-05-13T09:30:00,446,46.8,20,1.24301
2025-05-13T09:33:00,454,43.8,21,1.39666
2025-05-13T09:36:00,452,45.8,21,1.34695
2025-05-13T09:39:00,467,43,21,1.41654
2025-05-13T09:42:00,503,41.5,22,1.5456
2025-05-13T09:45:00,516,41.2,21,1.46127
2025-05-13T09:48:00,558,42.4,20,1.34581
2025-05-13T09:51:00,550,38.4,21,1.53085
2025-05-13T09:54:00,536,39.4,20,1.41591
2025-05-13T09:57:00,517,37.9,20,1.45095
2025-05-13T10:00:00,503,41.2,19,1.29105
2025-05-13T10:03:00,547,38.2,20,1.44394
2025-05-13T10:06:00,509,37.3,21,1.55819
2025-05-13T10:09:00,489,40.2,19,1.313
2025-05-13T10:12:00,487,41.9,18,1.19822
2025-05-13T10:15:00,491,38.4,20,1.43927
2025-05-13T10:18:00,527,41.6,18,1.2044
2025-05-13T10:21:00,500,38.9,20,1.42759
2025-05-13T10:24:00,496,41.7,19,1.28007
2025-05-13T10:27:00,518,41.8,18,1.20028
2025-05-13T10:30:00,506,40.7,19,1.30202
2025-05-13T10:33:00,531,40.9,19,1.29763
2025-05-13T10:36:00,513,40.1,20,1.39955
2025-05-13T10:39:00,492,41.2,19,1.29105
2025-05-13T10:42:00,479,39.8,21,1.49606
2025-05-13T10:45:00,451,40.9,19,1.29763
2025-05-13T10:48:00,541,37.9,20,1.45095
2025-05-13T10:51:00,534,40.1,19,1.3152
2025-05-13T10:54:00,572,40.4,19,1.30861
2025-05-13T10:57:00,569,40.2,19,1.313
2025-05-13T11:00:00,471,40.8,21,1.47121
2025-05-13T11:03:00,443,39.4,19,1.33057
2025-05-13T11:06:00,526,38.3,20,1.44161
2025-05-13T11:09:00,550,40.8,19,1.29983
2025-05-13T11:12:00,602,39.5,20,1.41357
2025-05-13T11:15:00,545,39.3,20,1.41824
2025-05-13T11:18:00,497,37.4,21,1.55571
2025-05-13T11:21:00,558,38.4,20,1.43927
2025-05-13T11:24:00,559,38.7,20,1.43226
2025-05-13T11:27:00,597,39.8,20,1.40656
2025-05-13T11:30:00,587,39.2,19,1.33496
2025-05-13T11:33:00,597,41.4,19,1.28666
2025-05-13T11:36:00,506,39.1,20,1.42292
2025-05-13T11:39:00,432,40.3,20,1.39488
2025-05-13T11:42:00,526,37.8,20,1.45329
2025-05-13T11:45:00,549,39.5,20,1.41357
2025-05-13T11:48:00,550,37.9,20,1.45095
2025-05-13T11:51:00,515,38.5,20,1.43693
2025-05-13T11:54:00,448,39.1,20,1.42292
2025-05-13T11:57:00,460,38.7,20,1.43226
2025-05-13T12:00:00,476,38.7,20,1.43226
2025-05-13T12:03:00,393,50.8,18,1.01467
2025-05-13T12:06:00,410,57.5,17,0.82287
2025-05-13T12:09:00,471,60.7,17,0.76091
2025-05-13T12:12:00,463,59.5,17,0.78415
2025-05-13T12:15:00,447,57.2,17,0.82868
2025-05-13T12:18:00,442,53.9,18,0.95074
2025-05-13T12:21:00,448,52.5,18,0.97961
2025-05-13T12:24:00,476,50.6,18,1.01879
2025-05-13T12:27:00,467,50.5,19,1.08685
2025-05-13T12:30:00,446,50.9,20,1.14721
2025-05-13T12:33:00,437,56.2,19,0.9617
2025-05-13T12:36:00,439,58.8,19,0.90461
2025-05-13T12:39:00,377,60.2,18,0.82081
2025-05-13T12:42:00,443,52.6,19,1.04074
2025-05-13T12:45:00,437,58.4,19,0.91339
2025-05-13T12:48:00,442,60.1,18,0.82287
2025-05-13T12:51:00,438,56.4,20,1.01871
2025-05-13T12:54:00,439,56.2,19,0.9617
2025-05-13T12:57:00,438,53.7,20,1.08179
2025-05-13T13:00:00,446,51.4,21,1.20778
2025-05-13T13:03:00,424,49.5,21,1.255
2025-05-13T13:06:00,388,53,21,1.16802
2025-05-13T13:09:00,391,50.1,20,1.1659
2025-05-13T13:12:00,444,55.1,20,1.04908
2025-05-13T13:15:00,441,58.6,19,0.909
2025-05-13T13:18:00,367,57.1,19,0.94194
2025-05-13T13:21:00,440,54,18,0.94867
2025-05-13T13:24:00,439,57.2,19,0.93974
2025-05-13T13:27:00,444,54.2,21,1.1382
2025-05-13T13:30:00,475,51.4,21,1.20778
2025-05-13T13:33:00,383,50.8,19,1.08026
2025-05-13T13:36:00,459,53.5,20,1.08646
2025-05-13T13:39:00,447,53.1,21,1.16554
2025-05-13T13:42:00,449,51.5,22,1.28139
2025-05-13T13:45:00,450,49.6,23,1.415
2025-05-13T13:48:00,443,58.3,18,0.85999
2025-05-13T13:51:00,441,56.9,18,0.88887
2025-05-13T13:54:00,443,56.3,19,0.9595
2025-05-13T13:57:00,443,57.2,19,0.93974
2025-05-13T14:00:00,443,54.3,20,1.06777
2025-05-13T14:03:00,443,55.7,20,1.03506
2025-05-13T14:06:00,446,56.4,19,0.95731
2025-05-13T14:09:00,449,52.5,20,1.10983
2025-05-13T14:12:00,445,57.5,18,0.87649
2025-05-13T14:15:00,448,54.9,20,1.05375
2025-05-13T14:18:00,446,54.8,19,0.99244
2025-05-13T14:21:00,447,52.1,20,1.11917
2025-05-13T14:24:00,447,53.8,20,1.07945
2025-05-13T14:27:00,451,49.6,21,1.25252
2025-05-13T14:30:00,449,51,20,1.14487
2025-05-13T14:33:00,450,46.3,20,1.25469
2025-05-13T14:36:00,456,40.2,21,1.48612
2025-05-13T14:39:00,460,39.8,21,1.49606
2025-05-13T14:42:00,575,48,21,1.29228
2025-05-13T14:45:00,589,54.1,20,1.07244
2025-05-13T14:48:00,495,56.1,19,0.96389
2025-05-13T14:51:00,459,50.9,20,1.14721
2025-05-13T14:54:00,455,54.6,19,0.99683
2025-05-13T14:57:00,531,51.7,20,1.12852
2025-05-13T15:00:00,463,50.3,21,1.23512
2025-05-13T15:03:00,468,52.7,20,1.10515
2025-05-13T15:06:00,452,51.2,21,1.21275
2025-05-13T15:09:00,451,52.7,20,1.10515
2025-05-13T15:12:00,450,50.5,21,1.23015
2025-05-13T15:15:00,449,52,19,1.05392
2025-05-13T15:18:00,446,50.3,20,1.16123
2025-05-13T15:21:00,446,47.1,21,1.31465
2025-05-13T15:24:00,446,42.8,20,1.33647
2025-05-13T15:27:00,444.5,43.3,20,1.32478
2025-05-13T15:30:00,443,43.8,20,1.3131
2025-05-13T15:33:00,441,35.7,21,1.59795
2025-05-13T15:36:00,441,43.1,21,1.41405
2025-05-13T15:39:00,437,49.6,20,1.17759
2025-05-13T15:42:00,435,53.5,19,1.02098
2025-05-13T15:45:00,437,52.5,19,1.04294
2025-05-13T15:48:00,435,52.2,20,1.11684
2025-05-13T15:51:00,485,50.8,21,1.2227
2025-05-13T15:54:00,454,49.5,21,1.255
2025-05-13T15:57:00,434,49.9,20,1.17058
2025-05-13T16:00:00,435,49.5,21,1.255
2025-05-13T16:03:00,430,51.7,20,1.12852
2025-05-13T16:06:00,430,50.2,20,1.16357
2025-05-13T16:09:00,429,48.5,20,1.20329
2025-05-13T16:12:00,428,46.5,20,1.25002
2025-05-13T16:15:00,427,46.4,20,1.25235
2025-05-13T16:18:00,425,41.1,20,1.37619
2025-05-13T16:21:00,425,37.9,21,1.54328
2025-05-13T16:24:00,424,38.2,20,1.44394
2025-05-13T16:27:00,425,35,22,1.71733
2025-05-13T16:30:00,423,48.5,19,1.13076
2025-05-13T16:33:00,419,52.2,19,1.04952
2025-05-13T16:36:00,419,50.3,20,1.16123
2025-05-13T16:39:00,421,50,20,1.16824
2025-05-13T16:42:00,418,50.8,21,1.2227
2025-05-13T16:45:00,416,48.4,21,1.28234
2025-05-13T16:48:00,415,48.5,22,1.36065
2025-05-13T16:51:00,416,47.4,22,1.38972
2025-05-13T16:54:00,432,47.9,21,1.29476
2025-05-13T16:57:00,429,48.3,21,1.28482
2025-05-13T17:00:00,430,49.5,20,1.17992
2025-05-13T17:03:00,484,49.1,21,1.26494
2025-05-13T17:06:00,428,47.6,21,1.30222
2025-05-13T17:09:00,523,46.5,21,1.32956
2025-05-13T17:12:00,497,45.6,21,1.35192
2025-05-13T17:15:00,430,44.5,21,1.37926
2025-05-13T17:18:00,427,41.4,20,1.36918
2025-05-13T17:21:00,427,37.6,22,1.64864
2025-05-13T17:24:00,535,35.5,21,1.60292
2025-05-13T17:27:00,619,31.9,23,1.91194
2025-05-13T17:30:00,602,37.3,23,1.76033
2025-05-13T17:33:00,444,49.2,19,1.11539
2025-05-13T17:36:00,440,48.9,20,1.19394
2025-05-13T17:39:00,591,49.8,20,1.17291
2025-05-13T17:42:00,565,50.3,20,1.16123
2025-05-13T17:45:00,421,49.4,21,1.25749
2025-05-13T17:48:00,419,48.4,21,1.28234
2025-05-13T17:51:00,468,47.3,21,1.30968
2025-05-13T17:54:00,468,47.1,21,1.31465
2025-05-13T17:57:00,457,47.1,22,1.39764
2025-05-13T18:00:00,474,48.5,20,1.20329
2025-05-13T18:03:00,494,47.3,21,1.30968
2025-05-13T18:06:00,416,47.8,21,1.29725
2025-05-13T18:09:00,408,46.3,22,1.41878
2025-05-13T18:12:00,394,45.8,22,1.43199
2025-05-13T18:15:00,386,44.8,21,1.3718
2025-05-13T18:18:00,383,45.2,22,1.44784
2025-05-13T18:21:00,381,42.4,22,1.52182
2025-05-13T18:24:00,380,43.8,22,1.48483
2025-05-13T18:27:00,378,41.9,21,1.44387
2025-05-13T18:30:00,375,39.4,22,1.60108
2025-05-13T18:33:00,374,38.7,22,1.61958
2025-05-13T18:36:00,372,35.1,22,1.71469
2025-05-13T18:39:00,371,34.9,22,1.71997
2025-05-13T18:42:00,370,31.7,22,1.80452
2025-05-13T18:45:00,369,32.3,22,1.78867
2025-05-13T18:48:00,369,32.4,22,1.78602
2025-05-13T18:51:00,369,31.8,22,1.80188
2025-05-13T18:54:00,369,31.3,22,1.81509
2025-05-13T18:57:00,367,31.6,22,1.80716
2025-05-13T19:00:00,365,33.3,22,1.76225
2025-05-13T19:03:00,365,32.1,22,1.79395
2025-05-13T19:06:00,365,30.1,22,1.84679
2025-05-13T19:09:00,361,31.3,22,1.81509
2025-05-13T19:12:00,361,32.6,22,1.78074
2025-05-13T19:15:00,358,32.9,22,1.77281
2025-05-13T19:18:00,356,31.9,22,1.79923
2025-05-13T19:21:00,353,34.1,21,1.63772
2025-05-13T19:24:00,352,32.8,22,1.77546
2025-05-13T19:27:00,352,32.8,22,1.77546
2025-05-13T19:30:00,351,33.2,22,1.76489
2025-05-13T19:33:00,350,33.9,22,1.74639
2025-05-13T19:36:00,348,33.2,22,1.76489
2025-05-13T19:39:00,347,33.8,22,1.74904
2025-05-13T19:42:00,346,33.3,22,1.76225
2025-05-13T19:45:00,345,32.6,22,1.78074
2025-05-13T19:48:00,345,34.5,22,1.73054
2025-05-13T19:51:00,343,33.6,22,1.75432
2025-05-13T19:54:00,345,33.4,22,1.7596
2025-05-13T19:57:00,344,34,22,1.74375
2025-05-13T20:00:00,342,33.8,22,1.74904
2025-05-13T20:03:00,13,34.7,22,1.72526
2025-05-13T20:06:00,13,35.2,22,1.71205
2025-05-13T20:09:00,11,36,21,1.5905
2025-05-13T20:12:00,10,36.4,21,1.58056
2025-05-13T20:15:00,10,35.7,21,1.59795
2025-05-13T20:18:00,9,36.7,21,1.5731
2025-05-13T20:21:00,0,36.4,21,1.58056
2025-05-13T20:24:00,0,37.3,21,1.55819
2025-05-13T20:27:00,0,37.3,21,1.55819
2025-05-13T20:30:00,0,36.8,21,1.57062
2025-05-13T20:33:00,0,36.3,21,1.58304
2025-05-13T20:36:00,0,35.8,21,1.59547
2025-05-13T20:39:00,0,35.5,20,1.50703
2025-05-13T20:42:00,0,35.2,20,1.51404
2025-05-13T20:45:00,0,35.1,20,1.51638
2025-05-13T20:48:00,0,35.6,20,1.50469
2025-05-13T20:51:00,0,36.7,20,1.47899
2025-05-13T20:54:00,0,37.5,20,1.4603
2025-05-13T20:57:00,0,38.4,20,1.43927
2025-05-13T21:00:00,0,39.5,20,1.41357
2025-05-13T21:03:00,0,40.7,20,1.38553
2025-05-13T21:06:00,0,41.9,20,1.35749
2025-05-13T21:09:00,0,42.9,20,1.33413
2025-05-13T21:12:00,0,43.6,20,1.31777
2025-05-13T21:15:00,0,44.8,20,1.28974
2025-05-13T21:18:00,0,45.3,20,1.27805
2025-05-13T21:21:00,0,45.1,20,1.28273
2025-05-13T21:24:00,0,46.3,20,1.25469
2025-05-13T21:27:00,0,46.5,20,1.25002
2025-05-13T21:30:00,0,47.1,20,1.236
2025-05-13T21:33:00,0,47.8,20,1.21964
2025-05-13T21:36:00,0,48.5,20,1.20329
2025-05-13T21:39:00,0,49.2,20,1.18693
2025-05-13T21:42:00,0,51.3,20,1.13787
2025-05-13T21:45:00,0,52.1,19,1.05172
2025-05-13T21:48:00,0,51.2,19,1.07148
2025-05-13T21:51:00,0,51.6,19,1.0627
2025-05-13T21:54:00,0,52,19,1.05392
2025-05-13T21:57:00,0,52.5,19,1.04294
2025-05-13T22:00:00,0,53.1,19,1.02976
2025-05-13T22:03:00,0,50.5,19,1.08685
2025-05-13T22:06:00,0,51.8,19,1.05831
2025-05-13T22:09:00,0,52.4,19,1.04513
2025-05-13T22:12:00,0,53,19,1.03196
2025-05-13T22:15:00,0,53.7,19,1.01659
2025-05-13T22:18:00,0,54.3,19,1.00342
2025-05-13T22:21:00,0,55,19,0.98805
2025-05-13T22:24:00,0,55.5,19,0.97707
2025-05-13T22:27:00,0,56.2,19,0.9617
2025-05-13T22:30:00,0,57,19,0.94413
2025-05-13T22:33:00,0,57.3,19,0.93755
2025-05-13T22:36:00,0,57.9,19,0.92437
2025-05-13T22:39:00,0,58.3,19,0.91559
2025-05-13T22:42:00,0,58.7,19,0.90681
2025-05-13T22:45:00,0,59.2,19,0.89583
2025-05-13T22:48:00,0,59.6,19,0.88705
2025-05-13T22:51:00,0,60.1,19,0.87607
2025-05-13T22:54:00,0,60.4,19,0.86948
2025-05-13T22:57:00,0,60.8,19,0.8607
2025-05-13T23:00:00,0,61.1,19,0.85411
2025-05-13T23:03:00,0,61.5,19,0.84533
2025-05-13T23:06:00,0,62.6,19,0.82118
2025-05-13T23:09:00,0,64.3,19,0.78385
2025-05-13T23:12:00,0,65.5,19,0.7575
2025-05-13T23:15:00,0,66.6,19,0.73335
2025-05-13T23:18:00,0,67.4,19,0.71578
2025-05-13T23:21:00,0,68,19,0.70261
2025-05-13T23:24:00,0,68.5,19,0.69163
2025-05-13T23:27:00,0,69,19,0.68065
2025-05-13T23:30:00,0,69.3,19,0.67407
2025-05-13T23:33:00,0,69.6,19,0.66748
2025-05-13T23:36:00,0,69.8,19,0.66309
2025-05-13T23:39:00,0,70.1,19,0.6565
2025-05-13T23:42:00,0,70.2,19,0.65431
2025-05-13T23:45:00,0,70.1,19,0.6565
2025-05-13T23:48:00,0,70.4,19,0.64991
2025-05-13T23:51:00,0,70.4,19,0.64991
2025-05-13T23:54:00,0,70.5,18,0.60839
2025-05-13T23:57:00,0,70.6,18,0.60633
2025-05-14T00:00:00,0,70.6,18,0.60633
2025-05-14T00:03:00,0,70.5,18,0.60839
2025-05-14T00:06:00,0,70.5,18,0.60839
2025-05-14T00:09:00,0,70.5,18,0.60839
2025-05-14T00:12:00,0,70.4,18,0.61045
2025-05-14T00:15:00,0,70.5,18,0.60839
2025-05-14T00:18:00,0,70.6,18,0.60633
2025-05-14T00:21:00,0,70.6,18,0.60633
2025-05-14T00:24:00,0,70.5,18,0.60839
2025-05-14T00:27:00,0,70.5,18,0.60839
2025-05-14T00:30:00,0,70.4,18,0.61045
2025-05-14T00:33:00,0,71,18,0.59808
2025-05-14T00:36:00,0,72.4,18,0.5692
2025-05-14T00:39:00,0,73.3,18,0.55064
2025-05-14T00:42:00,0,74,18,0.53621
2025-05-14T00:45:00,0,74.5,18,0.52589
2025-05-14T00:48:00,0,74.6,18,0.52383
2025-05-14T00:51:00,0,75,18,0.51558
2025-05-14T00:54:00,0,75.2,18,0.51146
2025-05-14T00:57:00,0,75.1,18,0.51352
2025-05-14T01:00:00,0,75.2,18,0.51146
2025-05-14T01:03:00,0,75,18,0.51558
2025-05-14T01:06:00,0,74.9,18,0.51765
2025-05-14T01:09:00,0,74.9,18,0.51765
2025-05-14T01:12:00,0,74.8,18,0.51971
2025-05-14T01:15:00,0,74.9,18,0.51765
2025-05-14T01:18:00,0,74.6,18,0.52383
2025-05-14T01:21:00,0,74.6,18,0.52383
2025-05-14T01:24:00,0,74.6,18,0.52383
2025-05-14T01:27:00,0,74.5,18,0.52589
2025-05-14T01:30:00,0,74.3,18,0.53002
2025-05-14T01:33:00,0,74.1,18,0.53414
2025-05-14T01:36:00,0,74.2,18,0.53208
2025-05-14T01:39:00,0,74,18,0.53621
2025-05-14T01:42:00,0,73.9,17,0.50534
2025-05-14T01:45:00,0,73.9,17,0.50534
2025-05-14T01:48:00,0,73.7,17,0.50921
2025-05-14T01:51:00,0,73.6,17,0.51115
2025-05-14T01:54:00,0,73.4,17,0.51502
2025-05-14T01:57:00,0,73.2,17,0.51889
2025-05-14T02:00:00,0,73.1,17,0.52083
2025-05-14T02:03:00,0,73.6,17,0.51115
2025-05-14T02:06:00,0,74.4,17,0.49566
2025-05-14T02:09:00,0,75.1,17,0.4821
2025-05-14T02:12:00,0,75.5,17,0.47436
2025-05-14T02:15:00,0,75.7,17,0.47049
2025-05-14T02:18:00,0,76,17,0.46468
2025-05-14T02:21:00,0,76,17,0.46468
2025-05-14T02:24:00,0,76.1,17,0.46274
2025-05-14T02:27:00,0,75.9,17,0.46662
2025-05-14T02:30:00,0,76,17,0.46468
2025-05-14T02:33:00,0,75.9,17,0.46662
2025-05-14T02:36:00,0,76,17,0.46468
2025-05-14T02:39:00,0,75.7,17,0.47049
2025-05-14T02:42:00,0,75.4,17,0.4763
2025-05-14T02:45:00,0,75.3,17,0.47823
2025-05-14T02:48:00,0,75.2,17,0.48017
2025-05-14T02:51:00,0,75,17,0.48404
2025-05-14T02:54:00,0,74.9,17,0.48598
2025-05-14T02:57:00,0,74.8,17,0.48791
2025-05-14T03:00:00,0,74.6,17,0.49179
2025-05-14T03:03:00,0,74.5,17,0.49372
2025-05-14T03:06:00,0,74.5,17,0.49372
2025-05-14T03:09:00,0,74.5,17,0.49372
2025-05-14T03:12:00,0,74.2,17,0.49953
2025-05-14T03:15:00,0,74.1,17,0.50147
2025-05-14T03:18:00,0,74.1,17,0.50147
2025-05-14T03:21:00,0,73.9,17,0.50534
2025-05-14T03:24:00,0,73.9,17,0.50534
2025-05-14T03:27:00,0,73.7,17,0.50921
2025-05-14T03:30:00,0,73.5,16,0.48146
2025-05-14T03:33:00,0,73.4,16,0.48327
2025-05-14T03:36:00,0,73.3,16,0.48509
2025-05-14T03:39:00,0,73.3,16,0.48509
2025-05-14T03:42:00,0,73.1,16,0.48872
2025-05-14T03:45:00,0,73,16,0.49054
2025-05-14T03:48:00,0,72.8,16,0.49417
2025-05-14T03:51:00,0,72.6,16,0.49781
2025-05-14T03:54:00,0,72.6,16,0.49781
2025-05-14T03:57:00,0,72.6,16,0.49781
2025-05-14T04:00:00,0,72.4,16,0.50144
2025-05-14T04:03:00,345,72,16,0.50871
2025-05-14T04:06:00,343,71.4,17,0.55374
2025-05-14T04:09:00,341,70.8,17,0.56536
2025-05-14T04:12:00,339,70.5,17,0.57117
2025-05-14T04:15:00,337,69.7,17,0.58666
2025-05-14T04:18:00,336,69.4,17,0.59247
2025-05-14T04:21:00,334,69,17,0.60021
2025-05-14T04:24:00,334,68.5,17,0.60989
2025-05-14T04:27:00,333,68.7,17,0.60602
2025-05-14T04:30:00,331,68.3,18,0.65376
2025-05-14T04:33:00,331,68.2,18,0.65582
2025-05-14T04:36:00,331,67.8,18,0.66407
2025-05-14T04:39:00,330,67.5,18,0.67026
2025-05-14T04:42:00,330,67.4,18,0.67232
2025-05-14T04:45:00,330,67.2,18,0.67645
2025-05-14T04:48:00,330,66.6,18,0.68882
2025-05-14T04:51:00,331,66.5,18,0.69088
2025-05-14T04:54:00,329,66.2,18,0.69707
2025-05-14T04:57:00,329,66.3,18,0.69501
2025-05-14T05:00:00,331,66.2,18,0.69707
2025-05-14T05:03:00,329,66.1,19,0.74433
2025-05-14T05:06:00,329,65.5,19,0.7575
2025-05-14T05:09:00,330,65.2,19,0.76409
2025-05-14T05:12:00,329,65.2,19,0.76409
2025-05-14T05:15:00,331,65.2,19,0.76409
2025-05-14T05:18:00,330,64.8,19,0.77287
2025-05-14T05:21:00,331,64.5,19,0.77946
2025-05-14T05:24:00,331,64.3,19,0.78385
2025-05-14T05:27:00,331,64.2,19,0.78605
2025-05-14T05:30:00,332,64.2,19,0.78605
2025-05-14T05:33:00,333,63.9,19,0.79263
2025-05-14T05:36:00,332,63.9,19,0.79263
2025-05-14T05:39:00,333,63.5,19,0.80142
2025-05-14T05:42:00,333,63.6,19,0.79922
2025-05-14T05:45:00,334,63.6,19,0.79922
2025-05-14T05:48:00,335,63.3,19,0.80581
2025-05-14T05:51:00,334,63,20,0.8645
2025-05-14T05:54:00,335,62.9,20,0.86683
2025-05-14T05:57:00,335,63,20,0.8645
2025-05-14T06:00:00,336,63,20,0.8645
2025-05-14T06:03:00,336,62.8,20,0.86917
2025-05-14T06:06:00,337,62.9,20,0.86683
2025-05-14T06:09:00,337,62.8,20,0.86917
2025-05-14T06:12:00,339,62.4,20,0.87852
2025-05-14T06:15:00,339,62.6,20,0.87384
2025-05-14T06:18:00,342,62.4,20,0.87852
2025-05-14T06:21:00,343,62.6,20,0.87384
2025-05-14T06:24:00,347,62.5,20,0.87618
2025-05-14T06:27:00,353,62.4,20,0.87852
2025-05-14T06:30:00,356,62.7,20,0.87151
2025-05-14T06:33:00,361,62.7,20,0.87151
2025-05-14T06:36:00,372,63.1,20,0.86216
2025-05-14T06:39:00,372,62.4,20,0.87852
2025-05-14T06:42:00,375,60.5,20,0.92291
2025-05-14T06:45:00,378,60.8,20,0.9159
2025-05-14T06:48:00,378,59.9,21,0.99655
2025-05-14T06:51:00,380,60.5,21,0.98164
2025-05-14T06:54:00,380,59.9,21,0.99655
2025-05-14T06:57:00,378,56.4,21,1.08353
2025-05-14T07:00:00,379,57.3,21,1.06116
2025-05-14T07:03:00,378,56.9,21,1.0711
2025-05-14T07:06:00,380,55,21,1.11832
2025-05-14T07:09:00,381,55.1,22,1.18628
2025-05-14T07:12:00,383,52.8,21,1.17299
2025-05-14T07:15:00,386,50.9,21,1.22021
2025-05-14T07:18:00,386,49.6,21,1.25252
2025-05-14T07:21:00,389,48.3,21,1.28482
2025-05-14T07:24:00,390,47.8,21,1.29725
2025-05-14T07:27:00,394,47.2,22,1.395
2025-05-14T07:30:00,397,46.8,22,1.40557
2025-05-14T07:33:00,409,46.7,22,1.40821
2025-05-14T07:36:00,402,46.4,22,1.41614
2025-05-14T07:39:00,412,45.6,22,1.43727
2025-05-14T07:42:00,430,44.3,22,1.47162
2025-05-14T07:45:00,428,42.5,21,1.42896
2025-05-14T07:48:00,446,43.8,21,1.39666
2025-05-14T07:51:00,552,44.9,22,1.45577
2025-05-14T07:54:00,589,42.8,22,1.51125
2025-05-14T07:57:00,601,45.8,23,1.52169
2025-05-14T08:00:00,605,43.7,23,1.58065
2025-05-14T08:03:00,546,43.1,23,1.59749
2025-05-14T08:06:00,528,44.7,23,1.55257
2025-05-14T08:09:00,509,44.2,23,1.56661
2025-05-14T08:12:00,526,42.1,23,1.62557
2025-05-14T08:15:00,488,41.3,22,1.55088
2025-05-14T08:18:00,533,40.1,21,1.48861
2025-05-14T08:21:00,632,45.5,20,1.27338
2025-05-14T08:24:00,629,45.2,22,1.44784
2025-05-14T08:27:00,697,46.7,19,1.17029
2025-05-14T08:30:00,694,45.3,22,1.4452
2025-05-14T08:33:00,715,40.9,22,1.56145
2025-05-14T08:36:00,735,38.9,22,1.61429
2025-05-14T08:39:00,723,37.6,21,1.55074
2025-05-14T08:42:00,714,43.4,19,1.24274
2025-05-14T08:45:00,739,40.5,20,1.39021
2025-05-14T08:48:00,726,41.6,20,1.3645
2025-05-14T08:51:00,721,37.5,21,1.55322
2025-05-14T08:54:00,676,36.6,22,1.67506
2025-05-14T08:57:00,672,35.3,22,1.7094
2025-05-14T09:00:00,717,36,20,1.49535
2025-05-14T09:03:00,712,39.5,20,1.41357
2025-05-14T09:06:00,638,35.1,22,1.71469
2025-05-14T09:09:00,684,32.6,21,1.67499
2025-05-14T09:12:00,685,42.7,18,1.18172
2025-05-14T09:15:00,653,36.9,19,1.38546
2025-05-14T09:18:00,556,43.2,17,1.09974
2025-05-14T09:21:00,495,38.7,20,1.43226
2025-05-14T09:24:00,475,41.3,17,1.13653
2025-05-14T09:27:00,461,38.6,18,1.26627
2025-05-14T09:30:00,462,39,19,1.33935
2025-05-14T09:33:00,464,35.1,20,1.51638
2025-05-14T09:36:00,465,38.5,17,1.19074
2025-05-14T09:39:00,468,38.3,20,1.44161
2025-05-14T09:42:00,475,38.4,18,1.2704
2025-05-14T09:45:00,468,37.6,18,1.2869
2025-05-14T09:48:00,471,39.8,18,1.24152
2025-05-14T09:51:00,477,34.9,20,1.52105
2025-05-14T09:54:00,480,37.5,17,1.2101
2025-05-14T09:57:00,483,37.7,17,1.20623
2025-05-14T10:00:00,484,38.1,18,1.27658
2025-05-14T10:03:00,520,33.5,20,1.55376
2025-05-14T10:06:00,488,36.3,18,1.31371
2025-05-14T10:09:00,485,36.6,18,1.30752
2025-05-14T10:12:00,486,36.5,19,1.39424
2025-05-14T10:15:00,486,36,19,1.40522
2025-05-14T10:18:00,490,36,18,1.31989
2025-05-14T10:21:00,493,35.5,18,1.3302
2025-05-14T10:24:00,495,35.5,18,1.3302
2025-05-14T10:27:00,495,33.5,19,1.46011
2025-05-14T10:30:00,494,36.1,18,1.31783
2025-05-14T10:33:00,493,36.2,19,1.40083
2025-05-14T10:36:00,494,32.3,20,1.5818
2025-05-14T10:39:00,500,33.85,19.5,1.49837
2025-05-14T10:42:00,506,35.4,19,1.41839
2025-05-14T10:45:00,501,34.1,19,1.44694
2025-05-14T10:48:00,502,44,18,1.15491
2025-05-14T10:51:00,509,56.2,18,0.9033
2025-05-14T10:54:00,511,55.2,16,0.81394
2025-05-14T10:57:00,509,51.6,16,0.87934
2025-05-14T11:00:00,510,55.3,17,0.86547
2025-05-14T11:03:00,511,53.4,18,0.96105
2025-05-14T11:06:00,504,54,18,0.94867
2025-05-14T11:09:00,508,57.1,17,0.83061
2025-05-14T11:12:00,509,53.4,17,0.90225
2025-05-14T11:15:00,538,56,16,0.7994
2025-05-14T11:18:00,545,53.4,18,0.96105
2025-05-14T11:21:00,536,56.3,18,0.90124
2025-05-14T11:24:00,512,55.8,18,0.91155
2025-05-14T11:27:00,505,57.2,18,0.88268
2025-05-14T11:30:00,512,56.2,18,0.9033
2025-05-14T11:33:00,498,57.2,17,0.82868
2025-05-14T11:36:00,506,53.3,18,0.96311
2025-05-14T11:39:00,515,50.6,20,1.15422
2025-05-14T11:42:00,511,46.6,21,1.32707
2025-05-14T11:45:00,487,57.1,17,0.83061
2025-05-14T11:48:00,517,56.7,16,0.78668
2025-05-14T11:51:00,514,52.6,17,0.91774
2025-05-14T11:54:00,522,52.1,18,0.98786
2025-05-14T11:57:00,526,53,19,1.03196
2025-05-14T12:00:00,493,53.5,16,0.84482
2025-05-14T12:03:00,520,50.8,17,0.95259
2025-05-14T12:06:00,509,55.6,18,0.91568
2025-05-14T12:09:00,509,49.6,19,1.10661
2025-05-14T12:12:00,511,55,18,0.92805
2025-05-14T12:15:00,499,55.5,17,0.86159
2025-05-14T12:18:00,505,54,19,1.01
2025-05-14T12:21:00,536,55,18,0.92805
2025-05-14T12:24:00,531,47.9,19,1.14394
2025-05-14T12:27:00,515,52,19,1.05392
2025-05-14T12:30:00,506,54.4,17,0.88289
2025-05-14T12:33:00,531,51.9,19,1.05611
2025-05-14T12:36:00,523,50.8,18,1.01467
2025-05-14T12:39:00,516,50.8,19,1.08026
2025-05-14T12:42:00,523,46.9,21,1.31962
2025-05-14T12:45:00,526,44.8,22,1.45841
2025-05-14T12:48:00,554,41.6,21,1.45133
2025-05-14T12:51:00,538,45.2,21,1.36186
2025-05-14T12:54:00,509,43,22,1.50597
2025-05-14T12:57:00,512,39.1,22,1.60901
2025-05-14T13:00:00,512,43.7,19,1.23616
2025-05-14T13:03:00,524,37.1,20,1.46965
2025-05-14T13:06:00,515,40.6,19,1.30422
2025-05-14T13:09:00,512,32.3,21,1.68245
2025-05-14T13:12:00,514,35.3,21,1.60789
2025-05-14T13:15:00,507,31.8,20,1.59348
2025-05-14T13:18:00,501,29.7,21,1.74706
2025-05-14T13:21:00,495,31.8,21,1.69487
2025-05-14T13:24:00,494,29.6,22,1.86
2025-05-14T13:27:00,504,34.3,22,1.73583
2025-05-14T13:30:00,504,45.3,19,1.20102
2025-05-14T13:33:00,498,50.6,18,1.01879
2025-05-14T13:36:00,494,48.3,20,1.20796
2025-05-14T13:39:00,503,44.9,19,1.20981
2025-05-14T13:42:00,509,48,20,1.21497
2025-05-14T13:45:00,517,50.5,18,1.02085
2025-05-14T13:48:00,522,45.6,20,1.27104
2025-05-14T13:51:00,503,50.1,19,1.09563
2025-05-14T13:54:00,505,48.1,20,1.21263
2025-05-14T13:57:00,529,43.5,21,1.40411
2025-05-14T14:00:00,531,47.7,19,1.14833
2025-05-14T14:03:00,538,45.6,20,1.27104
2025-05-14T14:06:00,582,43.8,21,1.39666
2025-05-14T14:09:00,594,44.6,21,1.37677
2025-05-14T14:12:00,575,43.8,22,1.48483
2025-05-14T14:15:00,564,43,22,1.50597
2025-05-14T14:18:00,558,42,23,1.62838
2025-05-14T14:21:00,531,43.9,21,1.39417
2025-05-14T14:24:00,558,41.7,21,1.44884
2025-05-14T14:27:00,562,36.6,20,1.48133
2025-05-14T14:30:00,558,36.1,20,1.49301
2025-05-14T14:33:00,537,33.9,20,1.54441
2025-05-14T14:36:00,513,28.1,20,1.67993
2025-05-14T14:39:00,522,41.1,21,1.46376
2025-05-14T14:42:00,548,40.8,22,1.56409
2025-05-14T14:45:00,586,51.4,18,1.00229
2025-05-14T14:48:00,595,50.3,19,1.09124
2025-05-14T14:51:00,570,50,19,1.09783
2025-05-14T14:54:00,588,44.5,20,1.29675
2025-05-14T14:57:00,593,47.9,19,1.14394
2025-05-14T15:00:00,580,42.8,19,1.25592
2025-05-14T15:03:00,575,50.3,19,1.09124
2025-05-14T15:06:00,569,46.6,18,1.10129
2025-05-14T15:09:00,551,47.2,19,1.15931
2025-05-14T15:12:00,554,45.8,19,1.19005
2025-05-14T15:15:00,558,46,20,1.2617
2025-05-14T15:18:00,556,46.2,19,1.18126
2025-05-14T15:21:00,551,39.6,20,1.41123
2025-05-14T15:24:00,515,46,19,1.18566
2025-05-14T15:27:00,532,42.1,20,1.35282
2025-05-14T15:30:00,536,40.2,19,1.313
2025-05-14T15:33:00,531,30.8,21,1.71973
2025-05-14T15:36:00,531,34,20,1.54208
2025-05-14T15:39:00,517,29.8,20,1.64021
2025-05-14T15:42:00,512,27.1,21,1.81168
2025-05-14T15:45:00,517,31.6,21,1.69984
2025-05-14T15:48:00,522,25.3,22,1.97361
2025-05-14T15:51:00,526,46.6,18,1.10129
2025-05-14T15:54:00,523,47,19,1.1637
2025-05-14T15:57:00,509,50.6,19,1.08465
2025-05-14T16:00:00,558,45.8,20,1.26637
2025-05-14T16:03:00,569,49.2,19,1.11539
2025-05-14T16:06:00,558,48.1,18,1.07035
2025-05-14T16:09:00,556,47.8,20,1.21964
2025-05-14T16:12:00,534,46,21,1.34198
2025-05-14T16:15:00,552,44.6,21,1.37677
2025-05-14T16:18:00,552,46.8,19,1.16809
2025-05-14T16:21:00,552,44.8,21,1.3718
2025-05-14T16:24:00,539,49.8,18,1.03529
2025-05-14T16:27:00,533,45.6,19,1.19444
2025-05-14T16:30:00,524,42.4,20,1.34581
2025-05-14T16:33:00,526,41.1,20,1.37619
2025-05-14T16:36:00,549,41,21,1.46624
2025-05-14T16:39:00,568,41.2,19,1.29105
2025-05-14T16:42:00,553,37.3,21,1.55819
2025-05-14T16:45:00,530,32.8,21,1.67002
2025-05-14T16:48:00,480,31.9,22,1.79923
2025-05-14T16:51:00,460,27.9,23,2.02424
2025-05-14T16:54:00,452,37.2,20,1.46731
2025-05-14T16:57:00,450,42.6,19,1.26031
2025-05-14T17:00:00,453,47.1,20,1.236
2025-05-14T17:03:00,452,43.1,21,1.41405
2025-05-14T17:06:00,443,43.6,21,1.40163
2025-05-14T17:09:00,443,43.2,21,1.41157
2025-05-14T17:12:00,450,42.5,21,1.42896
2025-05-14T17:15:00,461,43.4,22,1.4954
2025-05-14T17:18:00,460,41.5,22,1.5456
2025-05-14T17:21:00,442,40.4,22,1.57466
2025-05-14T17:24:00,434,39.7,22,1.59315
2025-05-14T17:27:00,427,40.6,22,1.56938
2025-05-14T17:30:00,427,41.6,22,1.54296
2025-05-14T17:33:00,428,40.5,22,1.57202
2025-05-14T17:36:00,428,40.4,22,1.57466
2025-05-14T17:39:00,440,40.9,22,1.56145
2025-05-14T17:42:00,432,40,22,1.58523
2025-05-14T17:45:00,434,39,22,1.61165
2025-05-14T17:48:00,438,39.9,22,1.58787
2025-05-14T17:51:00,422,39.8,22,1.59051
2025-05-14T17:54:00,419,38.6,22,1.62222
2025-05-14T17:57:00,420,37.7,23,1.7491
2025-05-14T18:00:00,419,39.8,23,1.69014
2025-05-14T18:03:00,407,39,23,1.7126
2025-05-14T18:06:00,399,38.3,22,1.63014
2025-05-14T18:09:00,389,36.6,22,1.67506
2025-05-14T18:12:00,385,38.9,22,1.61429
2025-05-14T18:15:00,378,39.1,22,1.60901
2025-05-14T18:18:00,372,39.1,22,1.60901
2025-05-14T18:21:00,368,37.4,22,1.65392
2025-05-14T18:24:00,375,36.8,22,1.66977
2025-05-14T18:27:00,380,35.5,22,1.70412
2025-05-14T18:30:00,382,33.3,22,1.76225
2025-05-14T18:33:00,383,33,22,1.77017
2025-05-14T18:36:00,383,33,22,1.77017
2025-05-14T18:39:00,381,33.1,22,1.76753
2025-05-14T18:42:00,381,33.6,22,1.75432
2025-05-14T18:45:00,381,33.2,22,1.76489
2025-05-14T18:48:00,380,31.9,22,1.79923
2025-05-14T18:51:00,380,32.6,22,1.78074
2025-05-14T18:54:00,374,32.2,22,1.79131
2025-05-14T18:57:00,369,32.9,21,1.66754
2025-05-14T19:00:00,364,33.3,22,1.76225
2025-05-14T19:03:00,359,32.3,22,1.78867
2025-05-14T19:06:00,354,33.4,22,1.7596
2025-05-14T19:09:00,355,33.2,22,1.76489
2025-05-14T19:12:00,358,32.5,22,1.78338
2025-05-14T19:15:00,357,33,22,1.77017
2025-05-14T19:18:00,358,32.9,22,1.77281
2025-05-14T19:21:00,356,32.5,21,1.67748
2025-05-14T19:24:00,357,33.8,21,1.64517
2025-05-14T19:27:00,355,33,22,1.77017
2025-05-14T19:30:00,354,33.1,21,1.66257
2025-05-14T19:33:00,351,32.7,21,1.67251
2025-05-14T19:36:00,347,34.2,22,1.73847
2025-05-14T19:39:00,341,33.5,22,1.75696
2025-05-14T19:42:00,340,34.1,22,1.74111
2025-05-14T19:45:00,339,34.1,22,1.74111
2025-05-14T19:48:00,340,33.3,22,1.76225
2025-05-14T19:51:00,338,33.5,22,1.75696
2025-05-14T19:54:00,337,34.1,22,1.74111
2025-05-14T19:57:00,336,34.7,22,1.72526
2025-05-14T20:00:00,334,34,21,1.6402
2025-05-14T20:03:00,0,35.8,22,1.69619
2025-05-14T20:06:00,0,36.3,21,1.58304
2025-05-14T20:09:00,0,36.4,21,1.58056
2025-05-14T20:12:00,0,34.6,21,1.62529
2025-05-14T20:15:00,0,35,21,1.61535
2025-05-14T20:18:00,0,35.1,21,1.61286
2025-05-14T20:21:00,0,35.3,21,1.60789
2025-05-14T20:24:00,0,36.1,21,1.58801
2025-05-14T20:27:00,0,36.9,21,1.56813
2025-05-14T20:30:00,0,37.6,21,1.55074
2025-05-14T20:33:00,0,38.4,21,1.53085
2025-05-14T20:36:00,0,39.1,21,1.51346
2025-05-14T20:39:00,0,40.1,21,1.48861
2025-05-14T20:42:00,0,40.7,20,1.38553
2025-05-14T20:45:00,0,41.4,20,1.36918
2025-05-14T20:48:00,0,42.2,20,1.35049
2025-05-14T20:51:00,0,43.1,20,1.32946
2025-05-14T20:54:00,0,43.5,20,1.32011
2025-05-14T20:57:00,0,44.2,20,1.30376
2025-05-14T21:00:00,0,44.9,20,1.2874
2025-05-14T21:03:00,0,45.5,20,1.27338
2025-05-14T21:06:00,0,46.4,20,1.25235
2025-05-14T21:09:00,0,47.1,20,1.236
2025-05-14T21:12:00,0,47.5,20,1.22665
2025-05-14T21:15:00,0,47.9,20,1.21731
2025-05-14T21:18:00,0,48.4,20,1.20562
2025-05-14T21:21:00,0,49,20,1.1916
2025-05-14T21:24:00,0,49.5,20,1.17992
2025-05-14T21:27:00,0,49.6,20,1.17759
2025-05-14T21:30:00,0,48.7,20,1.19861
2025-05-14T21:33:00,0,48.2,20,1.2103
2025-05-14T21:36:00,0,46.7,19,1.17029
2025-05-14T21:39:00,0,48,19,1.14174
2025-05-14T21:42:00,0,48.9,20,1.19394
2025-05-14T21:45:00,0,49.6,20,1.17759
2025-05-14T21:48:00,0,50.3,20,1.16123
2025-05-14T21:51:00,0,49.4,20,1.18226
2025-05-14T21:54:00,0,47.1,19,1.1615
2025-05-14T21:57:00,0,45.9,19,1.18785
2025-05-14T22:00:00,0,44.6,19,1.21639
2025-05-14T22:03:00,0,44.1,19,1.22737
2025-05-14T22:06:00,0,43.2,19,1.24713
2025-05-14T22:09:00,0,42.6,18,1.18378
2025-05-14T22:12:00,0,42,18,1.19615
2025-05-14T22:15:00,0,41.6,18,1.2044
2025-05-14T22:18:00,0,42.4,18,1.1879
2025-05-14T22:21:00,0,43.4,19,1.24274
2025-05-14T22:24:00,0,44.5,19,1.21859
2025-05-14T22:27:00,0,45.5,19,1.19663
2025-05-14T22:30:00,0,46.7,19,1.17029
2025-05-14T22:33:00,0,47.4,19,1.15492
2025-05-14T22:36:00,0,48.5,19,1.13076
2025-05-14T22:39:00,0,49.4,19,1.111
2025-05-14T22:42:00,0,50.3,19,1.09124
2025-05-14T22:45:00,0,51,19,1.07587
2025-05-14T22:48:00,0,51.7,19,1.0605
2025-05-14T22:51:00,0,52.4,19,1.04513
2025-05-14T22:54:00,0,53,19,1.03196
2025-05-14T22:57:00,0,53.6,19,1.01879
2025-05-14T23:00:00,0,54.3,19,1.00342
2025-05-14T23:03:00,0,55,19,0.98805
2025-05-14T23:06:00,0,56.1,19,0.96389
2025-05-14T23:09:00,0,57.9,19,0.92437
2025-05-14T23:12:00,0,59.7,19,0.88485
2025-05-14T23:15:00,0,61.2,19,0.85192
2025-05-14T23:18:00,0,62.3,19,0.82776
2025-05-14T23:21:00,0,63.5,19,0.80142
2025-05-14T23:24:00,0,64.5,19,0.77946
2025-05-14T23:27:00,0,65.2,19,0.76409
2025-05-14T23:30:00,0,66,19,0.74652
2025-05-14T23:33:00,0,66.5,19,0.73555
2025-05-14T23:36:00,0,67.1,19,0.72237
2025-05-14T23:39:00,0,67.6,19,0.71139
2025-05-14T23:42:00,0,67.8,19,0.707
2025-05-14T23:45:00,0,68.3,19,0.69602
2025-05-14T23:48:00,0,68.7,19,0.68724
2025-05-14T23:51:00,0,68.8,19,0.68505
2025-05-14T23:54:00,0,69.2,19,0.67626
2025-05-14T23:57:00,0,69.3,19,0.67407
2025-05-15T00:00:00,0,69.6,19,0.66748
2025-05-15T00:03:00,0,69.7,19,0.66528
2025-05-15T00:06:00,0,70.2,19,0.65431
2025-05-15T00:09:00,0,70.8,19,0.64113
2025-05-15T00:12:00,0,71.2,19,0.63235
2025-05-15T00:15:00,0,71.6,19,0.62357
2025-05-15T00:18:00,0,71.7,19,0.62137
2025-05-15T00:21:00,0,72.1,19,0.61259
2025-05-15T00:24:00,0,72.1,19,0.61259
2025-05-15T00:27:00,0,72.3,19,0.6082
2025-05-15T00:30:00,0,72.5,18,0.56714
2025-05-15T00:33:00,0,72.9,18,0.55889
2025-05-15T00:36:00,0,73.9,19,0.57307
2025-05-15T00:39:00,0,74.6,19,0.5577
2025-05-15T00:42:00,0,75.3,19,0.54233
2025-05-15T00:45:00,0,75.6,18,0.50321
2025-05-15T00:48:00,0,76,18,0.49496
2025-05-15T00:51:00,0,76.2,18,0.49084
2025-05-15T00:54:00,0,76.4,18,0.48671
2025-05-15T00:57:00,0,76.3,18,0.48877
2025-05-15T01:00:00,0,76.3,18,0.48877
2025-05-15T01:03:00,0,76.5,18,0.48465
2025-05-15T01:06:00,0,76.4,18,0.48671
2025-05-15T01:09:00,0,76.5,18,0.48465
2025-05-15T01:12:00,0,76.5,18,0.48465
2025-05-15T01:15:00,0,76.5,18,0.48465
2025-05-15T01:18:00,0,76.2,18,0.49084
2025-05-15T01:21:00,0,76.4,18,0.48671
2025-05-15T01:24:00,0,76.3,18,0.48877
2025-05-15T01:27:00,0,76.3,18,0.48877
2025-05-15T01:30:00,0,76.2,18,0.49084
2025-05-15T01:33:00,0,76,18,0.49496
2025-05-15T01:36:00,0,76,18,0.49496
2025-05-15T01:39:00,0,75.9,18,0.49702
2025-05-15T01:42:00,0,75.9,18,0.49702
2025-05-15T01:45:00,0,75.9,18,0.49702
2025-05-15T01:48:00,0,75.8,18,0.49908
2025-05-15T01:51:00,0,75.7,18,0.50115
2025-05-15T01:54:00,0,75.7,18,0.50115
2025-05-15T01:57:00,0,75.5,18,0.50527
2025-05-15T02:00:00,0,75.4,18,0.50733
2025-05-15T02:03:00,0,75.5,18,0.50527
2025-05-15T02:06:00,0,76.5,18,0.48465
2025-05-15T02:09:00,0,77.1,18,0.47227
2025-05-15T02:12:00,0,77.5,18,0.46402
2025-05-15T02:15:00,0,77.8,18,0.45784
2025-05-15T02:18:00,0,78.1,18,0.45165
2025-05-15T02:21:00,0,78.2,18,0.44959
2025-05-15T02:24:00,0,78.2,18,0.44959
2025-05-15T02:27:00,0,78.2,18,0.44959
2025-05-15T02:30:00,0,78,18,0.45371
2025-05-15T02:33:00,0,78.1,18,0.45165
2025-05-15T02:36:00,0,78.1,18,0.45165
2025-05-15T02:39:00,0,77.9,18,0.45578
2025-05-15T02:42:00,0,78,18,0.45371
2025-05-15T02:45:00,0,77.8,18,0.45784
2025-05-15T02:48:00,0,77.8,17,0.42983
2025-05-15T02:51:00,0,77.8,17,0.42983
2025-05-15T02:54:00,0,77.4,17,0.43757
2025-05-15T02:57:00,0,77.4,17,0.43757
2025-05-15T03:00:00,0,77.3,17,0.43951
2025-05-15T03:03:00,0,77.4,17,0.43757
2025-05-15T03:06:00,0,77.1,17,0.44338
2025-05-15T03:09:00,0,77.1,17,0.44338
2025-05-15T03:12:00,0,76.9,17,0.44725
2025-05-15T03:15:00,0,76.8,17,0.44919
2025-05-15T03:18:00,0,76.8,17,0.44919
2025-05-15T03:21:00,0,76.5,17,0.455
2025-05-15T03:24:00,0,76.5,17,0.455
2025-05-15T03:27:00,0,76.4,17,0.45693
2025-05-15T03:30:00,0,76.5,17,0.455
2025-05-15T03:33:00,0,76.2,17,0.46081
2025-05-15T03:36:00,0,76.1,17,0.46274
2025-05-15T03:39:00,0,76.1,17,0.46274
2025-05-15T03:42:00,0,76,17,0.46468
2025-05-15T03:45:00,0,75.8,17,0.46855
2025-05-15T03:48:00,0,75.8,17,0.46855
2025-05-15T03:51:00,0,75.8,17,0.46855
2025-05-15T03:54:00,0,75.7,17,0.47049
2025-05-15T03:57:00,0,75.7,17,0.47049
2025-05-15T04:00:00,0,75.6,17,0.47242
2025-05-15T04:03:00,347,75.1,17,0.4821
2025-05-15T04:06:00,345,74.5,17,0.49372
2025-05-15T04:09:00,342,73.8,18,0.54033
2025-05-15T04:12:00,340,73.2,18,0.55271
2025-05-15T04:15:00,339,72.8,18,0.56095
2025-05-15T04:18:00,337,72.6,18,0.56508
2025-05-15T04:21:00,336,72,18,0.57745
2025-05-15T04:24:00,334,71.9,18,0.57952
2025-05-15T04:27:00,333,71.7,18,0.58364
2025-05-15T04:30:00,332,71.6,19,0.62357
2025-05-15T04:33:00,333,71.1,19,0.63455
2025-05-15T04:36:00,331,71.1,19,0.63455
2025-05-15T04:39:00,331,70.4,19,0.64991
2025-05-15T04:42:00,331,70.4,19,0.64991
2025-05-15T04:45:00,331,70.2,19,0.65431
2025-05-15T04:48:00,331,69.8,19,0.66309
2025-05-15T04:51:00,331,69.8,19,0.66309
2025-05-15T04:54:00,331,69.6,19,0.66748
2025-05-15T04:57:00,331,69.5,19,0.66968
2025-05-15T05:00:00,331,69.2,19,0.67626
2025-05-15T05:03:00,331,68.8,20,0.72898
2025-05-15T05:06:00,331,68.8,20,0.72898
2025-05-15T05:09:00,330,68.7,20,0.73132
2025-05-15T05:12:00,331,68.2,20,0.743
2025-05-15T05:15:00,331,68,20,0.74767
2025-05-15T05:18:00,331,66.8,20,0.77571
2025-05-15T05:21:00,331,64.8,20,0.82244
2025-05-15T05:24:00,330,64,20,0.84113
2025-05-15T05:27:00,330,64.8,20,0.82244
2025-05-15T05:30:00,329,63.6,20,0.85048
2025-05-15T05:33:00,330,60.6,20,0.92057
2025-05-15T05:36:00,331,60.4,20,0.92525
2025-05-15T05:39:00,331,60.9,20,0.91356
2025-05-15T05:42:00,332,61.4,20,0.90188
2025-05-15T05:45:00,333,60.1,20,0.93226
2025-05-15T05:48:00,333,60.2,20,0.92992
2025-05-15T05:51:00,333,60.6,20,0.92057
2025-05-15T05:54:00,334,61.1,20,0.90889
2025-05-15T05:57:00,334,57.7,20,0.98833
2025-05-15T06:00:00,333,57.4,20,0.99534
2025-05-15T06:03:00,334,58.4,20,0.97198
2025-05-15T06:06:00,334,58.8,20,0.96263
2025-05-15T06:09:00,335,59.2,20,0.95328
2025-05-15T06:12:00,335,59.8,20,0.93926
2025-05-15T06:15:00,336,60.2,20,0.92992
2025-05-15T06:18:00,336,59.4,20,0.94861
2025-05-15T06:21:00,336,58.5,20,0.96964
2025-05-15T06:24:00,337,58.9,20,0.96029
2025-05-15T06:27:00,337,59.4,20,0.94861
2025-05-15T06:30:00,337,59.7,20,0.9416
2025-05-15T06:33:00,339,60.2,20,0.92992
2025-05-15T06:36:00,339,60.6,20,0.92057
2025-05-15T06:39:00,340,61.1,20,0.90889
2025-05-15T06:42:00,344,60.7,20,0.91824
2025-05-15T06:45:00,347,58.9,20,0.96029
2025-05-15T06:48:00,356,60,20,0.93459
2025-05-15T06:51:00,356,60.3,20,0.92758
2025-05-15T06:54:00,355,60.6,20,0.92057
2025-05-15T06:57:00,355,61.4,20,0.90188
2025-05-15T07:00:00,356,62,20,0.88786
2025-05-15T07:03:00,358,62.3,20,0.88085
2025-05-15T07:06:00,362,62.2,21,0.93939
2025-05-15T07:09:00,363,60.9,21,0.97169
2025-05-15T07:12:00,366,60.6,21,0.97915
2025-05-15T07:15:00,375,61.2,21,0.96424
2025-05-15T07:18:00,372,61.9,21,0.94684
2025-05-15T07:21:00,367,62,21,0.94436
2025-05-15T07:24:00,371,60,21,0.99406
2025-05-15T07:27:00,369,59.6,21,1.004
2025-05-15T07:30:00,362,60.5,21,0.98164
2025-05-15T07:33:00,358,61.3,21,0.96175
2025-05-15T07:36:00,364,61.9,21,0.94684
2025-05-15T07:39:00,375,62,21,0.94436
2025-05-15T07:42:00,376,60.9,21,0.97169
2025-05-15T07:45:00,379,59.7,21,1.00152
2025-05-15T07:48:00,384,59.2,21,1.01394
2025-05-15T07:51:00,392,59.7,21,1.00152
2025-05-15T07:54:00,401,58.7,21,1.02637
2025-05-15T07:57:00,405,59,21,1.01891
2025-05-15T08:00:00,392,59.9,22,1.05946
2025-05-15T08:03:00,393,59,22,1.08324
2025-05-15T08:06:00,397,58.2,22,1.10438
2025-05-15T08:09:00,396,57.7,22,1.11759
2025-05-15T08:12:00,400,56,22,1.1625
2025-05-15T08:15:00,405,57,22,1.13608
2025-05-15T08:18:00,405,57.5,22,1.12287
2025-05-15T08:21:00,402,57.1,22,1.13344
2025-05-15T08:24:00,407,56.1,22,1.15986
2025-05-15T08:27:00,421,55.6,22,1.17307
2025-05-15T08:30:00,424,54.7,22,1.19685
2025-05-15T08:33:00,417,54.4,22,1.20477
2025-05-15T08:36:00,410,52.9,22,1.2444
2025-05-15T08:39:00,394,52.7,22,1.24969
2025-05-15T08:42:00,384,52.5,22,1.25497
2025-05-15T08:45:00,380,52.7,22,1.24969
2025-05-15T08:48:00,383,52.2,22,1.2629
2025-05-15T08:51:00,389,51.7,22,1.27611
2025-05-15T08:54:00,383,50.8,22,1.29989
2025-05-15T08:57:00,372,51.6,22,1.27875
2025-05-15T09:00:00,373,51.2,22,1.28932
2025-05-15T09:03:00,382,52.3,22,1.26026
2025-05-15T09:06:00,393,52,22,1.26818
2025-05-15T09:09:00,402,51.3,22,1.28668
2025-05-15T09:12:00,413,50.6,22,1.30517
2025-05-15T09:15:00,423,50.5,22,1.30781
2025-05-15T09:18:00,424,49.9,22,1.32367
2025-05-15T09:21:00,425,50.2,22,1.31574
2025-05-15T09:24:00,429,50.3,22,1.3131
2025-05-15T09:27:00,445,49.4,22,1.33688
2025-05-15T09:30:00,463,46.5,22,1.4135
2025-05-15T09:33:00,474,44.5,21,1.37926
2025-05-15T09:36:00,461,46.1,22,1.42406
2025-05-15T09:39:00,467,48,22,1.37386
2025-05-15T09:42:00,479,47.5,22,1.38708
2025-05-15T09:45:00,478,46.7,22,1.40821
2025-05-15T09:48:00,467,43.1,21,1.41405
2025-05-15T09:51:00,441,44.7,22,1.46105
2025-05-15T09:54:00,436,46.6,22,1.41085
2025-05-15T09:57:00,427,47.7,22,1.38179
2025-05-15T10:00:00,426,47.7,22,1.38179
2025-05-15T10:03:00,419,44.8,22,1.45841
2025-05-15T10:06:00,417,43,22,1.50597
2025-05-15T10:09:00,424,43.1,21,1.41405
2025-05-15T10:12:00,419,40.9,21,1.46873
2025-05-15T10:15:00,421,41.3,22,1.55088
2025-05-15T10:18:00,424,42,21,1.44139
2025-05-15T10:21:00,428,43.3,21,1.40908
2025-05-15T10:24:00,431,43.1,21,1.41405
2025-05-15T10:27:00,435,45.3,21,1.35938
2025-05-15T10:30:00,439,44.2,22,1.47426
2025-05-15T10:33:00,444,43.2,22,1.50068
2025-05-15T10:36:00,443,41.9,21,1.44387
2025-05-15T10:39:00,449,42.6,22,1.51654
2025-05-15T10:42:00,461,42.5,22,1.51918
2025-05-15T10:45:00,471,41.5,21,1.45381
2025-05-15T10:48:00,473,42.2,22,1.5271
2025-05-15T10:51:00,493,40.9,22,1.56145
2025-05-15T10:54:00,506,41.3,21,1.45879
2025-05-15T10:57:00,517,40.5,21,1.47867
2025-05-15T11:00:00,528,41.3,22,1.55088
2025-05-15T11:03:00,541,40.8,22,1.56409
2025-05-15T11:06:00,585,39.5,22,1.59844
2025-05-15T11:09:00,536,39.7,22,1.59315
2025-05-15T11:12:00,547,38.4,22,1.6275
2025-05-15T11:15:00,570,37.9,22,1.64071
2025-05-15T11:18:00,585,38.6,22,1.62222
2025-05-15T11:21:00,566,36.6,22,1.67506
2025-05-15T11:24:00,545,36.9,23,1.77156
2025-05-15T11:27:00,526,34,22,1.74375
2025-05-15T11:30:00,497,37.5,22,1.65128
2025-05-15T11:33:00,505,36.5,23,1.78279
2025-05-15T11:36:00,507,35.5,23,1.81087
2025-05-15T11:39:00,502,34.1,23,1.85017
2025-05-15T11:42:00,494,34.7,23,1.83333
2025-05-15T11:45:00,489,35.1,22,1.71469
2025-05-15T11:48:00,492,36.1,22,1.68827
2025-05-15T11:51:00,491,35,22,1.71733
2025-05-15T11:54:00,492,36.3,22,1.68298
2025-05-15T11:57:00,498,36.9,22,1.66713
2025-05-15T12:00:00,510,35.7,22,1.69884
2025-05-15T12:03:00,515,35.6,22,1.70148
2025-05-15T12:06:00,519,35.6,22,1.70148
2025-05-15T12:09:00,517,35.3,22,1.7094
2025-05-15T12:12:00,518,34.7,22,1.72526
2025-05-15T12:15:00,516,35.1,22,1.71469
2025-05-15T12:18:00,528,35.2,22,1.71205
2025-05-15T12:21:00,546,35.2,22,1.71205
2025-05-15T12:24:00,524,36.3,22,1.68298
2025-05-15T12:27:00,496,34.8,23,1.83052
2025-05-15T12:30:00,501,34.4,23,1.84175
2025-05-15T12:33:00,504,34,23,1.85298
2025-05-15T12:36:00,500,33.6,23,1.86421
2025-05-15T12:39:00,495,34.5,22,1.73054
2025-05-15T12:42:00,496,35.2,22,1.71205
2025-05-15T12:45:00,496,34.1,22,1.74111
2025-05-15T12:48:00,493,34.3,22,1.73583
2025-05-15T12:51:00,484,34.4,23,1.84175
2025-05-15T12:54:00,487,34,23,1.85298
2025-05-15T12:57:00,488,33.5,22,1.75696
2025-05-15T13:00:00,493,35.4,22,1.70676
2025-05-15T13:03:00,495,35,22,1.71733
2025-05-15T13:06:00,505,33.9,23,1.85579
2025-05-15T13:09:00,512,33.6,22,1.75432
2025-05-15T13:12:00,520,33,22,1.77017
2025-05-15T13:15:00,531,33.6,22,1.75432
2025-05-15T13:18:00,529,34,22,1.74375
2025-05-15T13:21:00,545,34.4,22,1.73318
2025-05-15T13:24:00,549,34.1,22,1.74111
2025-05-15T13:27:00,552,33.4,22,1.7596
2025-05-15T13:30:00,553,33.8,22,1.74904
2025-05-15T13:33:00,557,33.1,22,1.76753
2025-05-15T13:36:00,561,32.7,21,1.67251
2025-05-15T13:39:00,551,32.5,21,1.67748
2025-05-15T13:42:00,557,32.3,21,1.68245
2025-05-15T13:45:00,570,32.3,22,1.78867
2025-05-15T13:48:00,589,31.6,22,1.80716
2025-05-15T13:51:00,569,32.6,21,1.67499
2025-05-15T13:54:00,558,31.8,22,1.80188
2025-05-15T13:57:00,557,33.2,21,1.66008
2025-05-15T14:00:00,555,31.4,22,1.81244
2025-05-15T14:03:00,549,31.4,22,1.81244
2025-05-15T14:06:00,536,30.5,22,1.83622
2025-05-15T14:09:00,547,33.6,19,1.45792
2025-05-15T14:12:00,540,32.7,21,1.67251
2025-05-15T14:15:00,531,31.8,21,1.69487
2025-05-15T14:18:00,528,33.7,20,1.54909
2025-05-15T14:21:00,519,31.1,21,1.71227
2025-05-15T14:24:00,520,31.6,21,1.69984
2025-05-15T14:27:00,509,31.8,21,1.69487
2025-05-15T14:30:00,517,30.7,21,1.72221
2025-05-15T14:33:00,526,31,20,1.61217
2025-05-15T14:36:00,527,31.5,21,1.70233
2025-05-15T14:39:00,533,29.6,21,1.74955
2025-05-15T14:42:00,546,28.9,22,1.8785
2025-05-15T14:45:00,545,29,22,1.87585
2025-05-15T14:48:00,532,30.6,20,1.62152
2025-05-15T14:51:00,520,32.2,20,1.58413
2025-05-15T14:54:00,521,31.4,21,1.70482
2025-05-15T14:57:00,523,30.9,20,1.61451
2025-05-15T15:00:00,521,32.4,20,1.57946
2025-05-15T15:03:00,520,30,22,1.84943
2025-05-15T15:06:00,517,29.4,22,1.86529
2025-05-15T15:09:00,510,30.6,20,1.62152
2025-05-15T15:12:00,508,32.3,20,1.5818
2025-05-15T15:15:00,508,30.4,22,1.83887
2025-05-15T15:18:00,508,30.7,20,1.61918
2025-05-15T15:21:00,509,32.7,20,1.57245
2025-05-15T15:24:00,509,30.9,22,1.82566
2025-05-15T15:27:00,509,29.1,21,1.76197
2025-05-15T15:30:00,506,32.1,20,1.58647
2025-05-15T15:33:00,505,30.9,21,1.71724
2025-05-15T15:36:00,505,29.1,22,1.87321
2025-05-15T15:39:00,500,32.2,20,1.58413
2025-05-15T15:42:00,496,30.7,21,1.72221
2025-05-15T15:45:00,494,29.2,22,1.87057
2025-05-15T15:48:00,484,30.7,20,1.61918
2025-05-15T15:51:00,463,31.7,20,1.59582
2025-05-15T15:54:00,460,30.6,21,1.7247
2025-05-15T15:57:00,457,30.7,21,1.72221
2025-05-15T16:00:00,452,29.6,21,1.74955
2025-05-15T16:03:00,450,29.4,22,1.86529
2025-05-15T16:06:00,451,28.4,22,1.89171
2025-05-15T16:09:00,454,28.6,22,1.88642
2025-05-15T16:12:00,453,27.9,22,1.90492
2025-05-15T16:15:00,445,28.6,22,1.88642
2025-05-15T16:18:00,446,28.1,22,1.89963
2025-05-15T16:21:00,446,29.3,22,1.86793
2025-05-15T16:24:00,446,29.1,22,1.87321
2025-05-15T16:27:00,445,28.5,22,1.88906
2025-05-15T16:30:00,444,28.5,22,1.88906
2025-05-15T16:33:00,439,28.3,22,1.89435
2025-05-15T16:36:00,439,26.5,22,1.94191
2025-05-15T16:39:00,435,26.8,22,1.93398
2025-05-15T16:42:00,430,27.1,22,1.92605
2025-05-15T16:45:00,425,27.4,22,1.91813
2025-05-15T16:48:00,425,26.7,22,1.93662
2025-05-15T16:51:00,427,27.6,23,2.03266
2025-05-15T16:54:00,424,27.3,23,2.04109
2025-05-15T16:57:00,423,26.2,22,1.94983
2025-05-15T17:00:00,424,27.3,22,1.92077
2025-05-15T17:03:00,422,27,22,1.92869
2025-05-15T17:06:00,423,26.7,22,1.93662
2025-05-15T17:09:00,419,27.1,22,1.92605
2025-05-15T17:12:00,419,27.1,23,2.0467
2025-05-15T17:15:00,417,27,23,2.04951
2025-05-15T17:18:00,417,26.5,22,1.94191
2025-05-15T17:21:00,419,27.2,22,1.92341
2025-05-15T17:24:00,417,27.8,22,1.90756
2025-05-15T17:27:00,413,28,22,1.90227
2025-05-15T17:30:00,410,27.9,22,1.90492
2025-05-15T17:33:00,406,27.5,22,1.91548
2025-05-15T17:36:00,405,27.8,22,1.90756
2025-05-15T17:39:00,403,28.1,22,1.89963
2025-05-15T17:42:00,405,28.9,22,1.8785
2025-05-15T17:45:00,406,29.4,22,1.86529
2025-05-15T17:48:00,409,29.4,22,1.86529
2025-05-15T17:51:00,408,30.4,22,1.83887
2025-05-15T17:54:00,408,29,22,1.87585
2025-05-15T17:57:00,410,28.2,22,1.89699
2025-05-15T18:00:00,410,29.5,22,1.86264
2025-05-15T18:03:00,410,29.8,22,1.85472
2025-05-15T18:06:00,409,29.4,22,1.86529
2025-05-15T18:09:00,408,29,22,1.87585
2025-05-15T18:12:00,408,29.2,22,1.87057
2025-05-15T18:15:00,406,29.7,22,1.85736
2025-05-15T18:18:00,401,29.4,22,1.86529
2025-05-15T18:21:00,397,29.8,22,1.85472
2025-05-15T18:24:00,394,29.7,22,1.85736
2025-05-15T18:27:00,394,30.2,21,1.73464
2025-05-15T18:30:00,393,30,22,1.84943
2025-05-15T18:33:00,392,29,22,1.87585
2025-05-15T18:36:00,390,28.9,22,1.8785
2025-05-15T18:39:00,387,28.9,22,1.8785
2025-05-15T18:42:00,387,29.5,22,1.86264
2025-05-15T18:45:00,385,30.4,22,1.83887
2025-05-15T18:48:00,387,28.8,22,1.88114
2025-05-15T18:51:00,389,29.4,22,1.86529
2025-05-15T18:54:00,389,29.3,22,1.86793
2025-05-15T18:57:00,391,28.3,22,1.89435
2025-05-15T19:00:00,393,27.8,22,1.90756
2025-05-15T19:03:00,391,28.8,22,1.88114
2025-05-15T19:06:00,390,28.5,22,1.88906
2025-05-15T19:09:00,386,27.6,22,1.91284
2025-05-15T19:12:00,380,27.1,22,1.92605
2025-05-15T19:15:00,379,27.3,22,1.92077
2025-05-15T19:18:00,377,27.1,22,1.92605
2025-05-15T19:21:00,375,27.4,22,1.91813
2025-05-15T19:24:00,371,27.5,21,1.80174
2025-05-15T19:27:00,367,27.6,21,1.79925
2025-05-15T19:30:00,363,27.6,22,1.91284
2025-05-15T19:33:00,360,27.3,22,1.92077
2025-05-15T19:36:00,356,28.2,22,1.89699
2025-05-15T19:39:00,356,29.3,22,1.86793
2025-05-15T19:42:00,355,29.1,22,1.87321
2025-05-15T19:45:00,355,28.4,22,1.89171
2025-05-15T19:48:00,353,29.1,21,1.76197
2025-05-15T19:51:00,351,29.9,21,1.74209
2025-05-15T19:54:00,351,29.5,22,1.86264
2025-05-15T19:57:00,348,29.9,21,1.74209
2025-05-15T20:00:00,345,30.6,21,1.7247
2025-05-15T20:03:00,16,30.8,21,1.71973
2025-05-15T20:06:00,14,30.6,21,1.7247
2025-05-15T20:09:00,13,30.3,21,1.73215
2025-05-15T20:12:00,12,29.9,21,1.74209
2025-05-15T20:15:00,12,29.9,21,1.74209
2025-05-15T20:18:00,10,30,21,1.73961
2025-05-15T20:21:00,9,30.3,21,1.73215
2025-05-15T20:24:00,0,30.7,21,1.72221
2025-05-15T20:27:00,0,31.1,21,1.71227
2025-05-15T20:30:00,0,31.9,21,1.69239
2025-05-15T20:33:00,0,32.5,21,1.67748
2025-05-15T20:36:00,0,33.4,21,1.65511
2025-05-15T20:39:00,0,34,21,1.6402
2025-05-15T20:42:00,0,34.8,21,1.62032
2025-05-15T20:45:00,0,35.5,20,1.50703
2025-05-15T20:48:00,0,36.3,20,1.48834
2025-05-15T20:51:00,0,36.9,20,1.47432
2025-05-15T20:54:00,0,37.7,20,1.45563
2025-05-15T20:57:00,0,38.5,20,1.43693
2025-05-15T21:00:00,0,39.1,20,1.42292
2025-05-15T21:03:00,0,39.9,20,1.40422
2025-05-15T21:06:00,0,40.5,20,1.39021
2025-05-15T21:09:00,0,41.4,20,1.36918
2025-05-15T21:12:00,0,42.2,20,1.35049
2025-05-15T21:15:00,0,42.7,20,1.3388
2025-05-15T21:18:00,0,43.3,20,1.32478
2025-05-15T21:21:00,0,43.9,20,1.31076
2025-05-15T21:24:00,0,44.5,20,1.29675
2025-05-15T21:27:00,0,44.9,20,1.2874
2025-05-15T21:30:00,0,45.6,20,1.27104
2025-05-15T21:33:00,0,46.2,20,1.25703
2025-05-15T21:36:00,0,46.7,20,1.24534
2025-05-15T21:39:00,0,47.4,20,1.22899
2025-05-15T21:42:00,0,48.1,20,1.21263
2025-05-15T21:45:00,0,48.5,20,1.20329
2025-05-15T21:48:00,0,49.2,20,1.18693
2025-05-15T21:51:00,0,49.7,20,1.17525
2025-05-15T21:54:00,0,50.3,20,1.16123
2025-05-15T21:57:00,0,51.4,20,1.13553
2025-05-15T22:00:00,0,51.7,19,1.0605
2025-05-15T22:03:00,0,51.8,19,1.05831
2025-05-15T22:06:00,0,51.9,19,1.05611
2025-05-15T22:09:00,0,52.1,19,1.05172
2025-05-15T22:12:00,0,52.4,19,1.04513
2025-05-15T22:15:00,0,52.7,19,1.03855
2025-05-15T22:18:00,0,53.1,19,1.02976
2025-05-15T22:21:00,0,53.4,19,1.02318
2025-05-15T22:24:00,0,53.9,19,1.0122
2025-05-15T22:27:00,0,54.3,19,1.00342
2025-05-15T22:30:00,0,54.8,19,0.99244
2025-05-15T22:33:00,0,55.2,19,0.98365
2025-05-15T22:36:00,0,55.7,19,0.97268
2025-05-15T22:39:00,0,56.1,19,0.96389
2025-05-15T22:42:00,0,56.6,19,0.95292
2025-05-15T22:45:00,0,57,19,0.94413
2025-05-15T22:48:00,0,57.5,19,0.93315
2025-05-15T22:51:00,0,57.8,19,0.92657
2025-05-15T22:54:00,0,58.3,19,0.91559
2025-05-15T22:57:00,0,58.6,19,0.909
2025-05-15T23:00:00,0,58.9,19,0.90242
2025-05-15T23:03:00,0,59.2,19,0.89583
2025-05-15T23:06:00,0,60.3,19,0.87168
2025-05-15T23:09:00,0,61.9,19,0.83655
2025-05-15T23:12:00,0,63.2,19,0.808
2025-05-15T23:15:00,0,64.1,19,0.78824
2025-05-15T23:18:00,0,65.1,19,0.76628
2025-05-15T23:21:00,0,65.6,19,0.75531
2025-05-15T23:24:00,0,66,19,0.74652
2025-05-15T23:27:00,0,66.2,19,0.74213
2025-05-15T23:30:00,0,66.5,18,0.69088
2025-05-15T23:33:00,0,66.9,18,0.68263
2025-05-15T23:36:00,0,66.9,18,0.68263
2025-05-15T23:39:00,0,67.1,18,0.67851
2025-05-15T23:42:00,0,67.1,18,0.67851
2025-05-15T23:45:00,0,67.2,18,0.67645
2025-05-15T23:48:00,0,67.4,18,0.67232
2025-05-15T23:51:00,0,67.3,18,0.67438
2025-05-15T23:54:00,0,67.5,18,0.67026
2025-05-15T23:57:00,0,67.5,18,0.67026
2025-05-16T00:00:00,0,67.4,18,0.67232
2025-05-16T00:03:00,0,67.6,18,0.6682
2025-05-16T00:06:00,0,68.5,18,0.64963
2025-05-16T00:09:00,0,69.2,18,0.6352
2025-05-16T00:12:00,0,69.6,18,0.62695
2025-05-16T00:15:00,0,70.1,18,0.61664
2025-05-16T00:18:00,0,70.3,18,0.61251
2025-05-16T00:21:00,0,70.6,18,0.60633
2025-05-16T00:24:00,0,70.6,18,0.60633
2025-05-16T00:27:00,0,70.6,18,0.60633
2025-05-16T00:30:00,0,70.6,18,0.60633
2025-05-16T00:33:00,0,71.1,18,0.59601
2025-05-16T00:36:00,0,72.3,18,0.57127
2025-05-16T00:39:00,0,72.9,18,0.55889
2025-05-16T00:42:00,0,73.4,18,0.54858
2025-05-16T00:45:00,0,73.6,18,0.54446
2025-05-16T00:48:00,0,73.8,17,0.50727
2025-05-16T00:51:00,0,73.7,17,0.50921
2025-05-16T00:54:00,0,74,17,0.5034
2025-05-16T00:57:00,0,73.9,17,0.50534
2025-05-16T01:00:00,0,73.7,17,0.50921
2025-05-16T01:03:00,0,73.8,17,0.50727
2025-05-16T01:06:00,0,73.7,17,0.50921
2025-05-16T01:09:00,0,73.5,17,0.51308
2025-05-16T01:12:00,0,73.4,17,0.51502
2025-05-16T01:15:00,0,73.1,17,0.52083
2025-05-16T01:18:00,0,72.9,17,0.5247
2025-05-16T01:21:00,0,72.7,17,0.52857
2025-05-16T01:24:00,0,72.8,17,0.52664
2025-05-16T01:27:00,0,72.7,17,0.52857
2025-05-16T01:30:00,0,72.4,17,0.53438
2025-05-16T01:33:00,0,72.4,17,0.53438
2025-05-16T01:36:00,0,72.2,17,0.53825
2025-05-16T01:39:00,0,72.1,17,0.54019
2025-05-16T01:42:00,0,71.9,17,0.54406
2025-05-16T01:45:00,0,71.7,17,0.54793
2025-05-16T01:48:00,0,71.6,17,0.54987
2025-05-16T01:51:00,0,71.4,17,0.55374
2025-05-16T01:54:00,0,71.2,17,0.55762
2025-05-16T01:57:00,0,71.1,17,0.55955
2025-05-16T02:00:00,0,71.1,17,0.55955
2025-05-16T02:03:00,0,71.6,17,0.54987
2025-05-16T02:06:00,0,72.7,17,0.52857
2025-05-16T02:09:00,0,73.2,17,0.51889
2025-05-16T02:12:00,0,74.2,17,0.49953
2025-05-16T02:15:00,0,74.5,17,0.49372
2025-05-16T02:18:00,0,74.6,17,0.49179
2025-05-16T02:21:00,0,74.4,17,0.49566
2025-05-16T02:24:00,0,74.6,17,0.49179
2025-05-16T02:27:00,0,74.5,16,0.46329
2025-05-16T02:30:00,0,74.4,16,0.46511
2025-05-16T02:33:00,0,74.3,16,0.46692
2025-05-16T02:36:00,0,74.4,16,0.46511
2025-05-16T02:39:00,0,74.1,16,0.47056
2025-05-16T02:42:00,0,73.8,16,0.47601
2025-05-16T02:45:00,0,73.8,16,0.47601
2025-05-16T02:48:00,0,73.6,16,0.47964
2025-05-16T02:51:00,0,73.6,16,0.47964
2025-05-16T02:54:00,0,73.5,16,0.48146
2025-05-16T02:57:00,0,73.4,16,0.48327
2025-05-16T03:00:00,0,73.2,16,0.48691
2025-05-16T03:03:00,0,73.2,16,0.48691
2025-05-16T03:06:00,0,73,16,0.49054
2025-05-16T03:09:00,0,72.8,16,0.49417
2025-05-16T03:12:00,0,72.6,16,0.49781
2025-05-16T03:15:00,0,72.4,16,0.50144
2025-05-16T03:18:00,0,72.3,16,0.50326
2025-05-16T03:21:00,0,72.3,16,0.50326
2025-05-16T03:24:00,0,72.2,16,0.50508
2025-05-16T03:27:00,0,72.3,16,0.50326
2025-05-16T03:30:00,0,72.1,16,0.50689
2025-05-16T03:33:00,0,71.9,16,0.51053
2025-05-16T03:36:00,0,71.5,16,0.51779
2025-05-16T03:39:00,0,71.4,16,0.51961
2025-05-16T03:42:00,0,71.1,16,0.52506
2025-05-16T03:45:00,0,71,16,0.52688
2025-05-16T03:48:00,0,70.9,16,0.52869
2025-05-16T03:51:00,0,70.8,16,0.53051
2025-05-16T03:54:00,0,70.7,16,0.53233
2025-05-16T03:57:00,0,70.5,16,0.53596
2025-05-16T04:00:00,0,70.5,16,0.53596
2025-05-16T04:03:00,345,70.2,16,0.54141
2025-05-16T04:06:00,342,69.5,16,0.55413
2025-05-16T04:09:00,341,69.2,17,0.59634
2025-05-16T04:12:00,339,68.7,17,0.60602
2025-05-16T04:15:00,337,68.5,17,0.60989
2025-05-16T04:18:00,335,68.1,17,0.61764
2025-05-16T04:21:00,334,67.9,17,0.62151
2025-05-16T04:24:00,333,67.9,17,0.62151
2025-05-16T04:27:00,332,67.8,17,0.62344
2025-05-16T04:30:00,331,67.6,17,0.62732
2025-05-16T04:33:00,331,67.4,17,0.63119
2025-05-16T04:36:00,330,67.1,18,0.67851
2025-05-16T04:39:00,330,67,18,0.68057
2025-05-16T04:42:00,329,66.8,18,0.68469
2025-05-16T04:45:00,330,66.7,18,0.68676
2025-05-16T04:48:00,329,66.4,18,0.69294
2025-05-16T04:51:00,330,66.2,18,0.69707
2025-05-16T04:54:00,330,66.1,18,0.69913
2025-05-16T04:57:00,329,65.8,18,0.70532
2025-05-16T05:00:00,329,65.4,18,0.71357
2025-05-16T05:03:00,330,65.2,18,0.71769
2025-05-16T05:06:00,330,65.4,18,0.71357
2025-05-16T05:09:00,329,65.2,18,0.71769
2025-05-16T05:12:00,329,65,18,0.72182
2025-05-16T05:15:00,331,65,19,0.76848
2025-05-16T05:18:00,331,65,19,0.76848
2025-05-16T05:21:00,330,64.7,19,0.77507
2025-05-16T05:24:00,330,64.4,19,0.78165
2025-05-16T05:27:00,331,64.2,19,0.78605
2025-05-16T05:30:00,331,64,19,0.79044
2025-05-16T05:33:00,331,63.9,19,0.79263
2025-05-16T05:36:00,333,63.6,19,0.79922
2025-05-16T05:39:00,334,63.5,19,0.80142
2025-05-16T05:42:00,334,63.3,19,0.80581
2025-05-16T05:45:00,334,63.3,19,0.80581
2025-05-16T05:48:00,336,63,19,0.81239
2025-05-16T05:51:00,334,63.2,19,0.808
2025-05-16T05:54:00,335,63.1,19,0.8102
2025-05-16T05:57:00,338,62.5,19,0.82337
2025-05-16T06:00:00,337,62.3,19,0.82776
2025-05-16T06:03:00,339,62.4,19,0.82557
2025-05-16T06:06:00,342,62.9,19,0.81459
2025-05-16T06:09:00,341,62.9,19,0.81459
2025-05-16T06:12:00,342,63,20,0.8645
2025-05-16T06:15:00,347,62.9,20,0.86683
2025-05-16T06:18:00,348,63.4,20,0.85515
2025-05-16T06:21:00,348,63.6,20,0.85048
2025-05-16T06:24:00,362,63.6,20,0.85048
2025-05-16T06:27:00,366,63.7,20,0.84814
2025-05-16T06:30:00,367,64,20,0.84113
2025-05-16T06:33:00,365,64.3,20,0.83412
2025-05-16T06:36:00,364,64.7,20,0.82478
2025-05-16T06:39:00,363,63.6,20,0.85048
2025-05-16T06:42:00,365,62.1,20,0.88553
2025-05-16T06:45:00,370,61.8,20,0.89254
2025-05-16T06:48:00,372,61.4,20,0.90188
2025-05-16T06:51:00,372,62.2,20,0.88319
2025-05-16T06:54:00,375,61.7,20,0.89487
2025-05-16T06:57:00,370,61.1,20,0.90889
2025-05-16T07:00:00,368,61,20,0.91123
2025-05-16T07:03:00,372,61.8,21,0.94933
2025-05-16T07:06:00,372,62.1,21,0.94187
2025-05-16T07:09:00,374,61.2,21,0.96424
2025-05-16T07:12:00,380,60.1,21,0.99158
2025-05-16T07:15:00,386,60.9,21,0.97169
2025-05-16T07:18:00,383,61.7,21,0.95181
2025-05-16T07:21:00,386,60.7,21,0.97667
2025-05-16T07:24:00,389,60.2,21,0.98909
2025-05-16T07:27:00,388,59.4,21,1.00897
2025-05-16T07:30:00,388,58.8,21,1.02388
2025-05-16T07:33:00,393,57.8,21,1.04873
2025-05-16T07:36:00,389,58.5,21,1.03134
2025-05-16T07:39:00,383,59.6,21,1.004
2025-05-16T07:42:00,391,59.7,21,1.00152
2025-05-16T07:45:00,397,59,21,1.01891
2025-05-16T07:48:00,394,59,21,1.01891
2025-05-16T07:51:00,394,59.7,21,1.00152
2025-05-16T07:54:00,408,60.1,22,1.05418
2025-05-16T07:57:00,393,59,22,1.08324
2025-05-16T08:00:00,398,58.2,22,1.10438
2025-05-16T08:03:00,402,59.6,22,1.06739
2025-05-16T08:06:00,429,59.9,22,1.05946
2025-05-16T08:09:00,450,59.3,22,1.07531
2025-05-16T08:12:00,450,57.8,22,1.11494
2025-05-16T08:15:00,446,56.7,23,1.21567
2025-05-16T08:18:00,446,56,23,1.23532
2025-05-16T08:21:00,431,54.4,23,1.28024
2025-05-16T08:24:00,417,52.3,22,1.26026
2025-05-16T08:27:00,427,53,22,1.24176
2025-05-16T08:30:00,452,52.6,23,1.33078
2025-05-16T08:33:00,450,50.9,23,1.3785
2025-05-16T08:36:00,443,49.7,22,1.32895
2025-05-16T08:39:00,464,48.9,22,1.35009
2025-05-16T08:42:00,581,46.6,22,1.41085
2025-05-16T08:45:00,548,46.2,22,1.42142
2025-05-16T08:48:00,502,45.8,22,1.43199
2025-05-16T08:51:00,675,44.3,22,1.47162
2025-05-16T08:54:00,563,44.7,22,1.46105
2025-05-16T08:57:00,485,46,22,1.42671
2025-05-16T09:00:00,502,43.8,22,1.48483
2025-05-16T09:03:00,658,42.3,22,1.52446
2025-05-16T09:06:00,468,43,22,1.50597
2025-05-16T09:09:00,598,44.4,23,1.561
2025-05-16T09:12:00,486,43.1,20,1.32946
2025-05-16T09:15:00,637,43.6,22,1.49012
2025-05-16T09:18:00,574,41.3,21,1.45879
2025-05-16T09:21:00,545,42.5,21,1.42896
2025-05-16T09:24:00,530,38.4,22,1.6275
2025-05-16T09:27:00,480,40.5,22,1.57202
2025-05-16T09:30:00,473,40.6,23,1.66768
2025-05-16T09:33:00,476,39.6,21,1.50103
2025-05-16T09:36:00,509,39.8,21,1.49606
2025-05-16T09:39:00,483,38.8,21,1.52091
2025-05-16T09:42:00,501,39.7,22,1.59315
2025-05-16T09:45:00,498,37.6,21,1.55074
2025-05-16T09:48:00,468,38.2,22,1.63279
2025-05-16T09:51:00,552,40.2,20,1.39721
2025-05-16T09:54:00,556,40.1,21,1.48861
2025-05-16T09:57:00,553,36.8,21,1.57062
2025-05-16T10:00:00,529,36,21,1.5905
2025-05-16T10:03:00,575,37.5,21,1.55322
2025-05-16T10:06:00,578,37.6,20,1.45796
2025-05-16T10:09:00,553,38,20,1.44862
2025-05-16T10:12:00,567,37.1,21,1.56316
2025-05-16T10:15:00,538,37.9,20,1.45095
2025-05-16T10:18:00,493,40.1,19,1.3152
2025-05-16T10:21:00,531,38.2,20,1.44394
2025-05-16T10:24:00,504,37.3,20,1.46497
2025-05-16T10:27:00,492,37.9,21,1.54328
2025-05-16T10:30:00,547,35.3,21,1.60789
2025-05-16T10:33:00,471,37.9,20,1.45095
2025-05-16T10:36:00,531,37.6,20,1.45796
2025-05-16T10:39:00,558,36.5,20,1.48366
2025-05-16T10:42:00,493,36.5,21,1.57807
2025-05-16T10:45:00,417,37.2,21,1.56068
2025-05-16T10:48:00,434,35.9,21,1.59298
2025-05-16T10:51:00,449,38.4,21,1.53085
2025-05-16T10:54:00,453,35.4,21,1.60541
2025-05-16T10:57:00,460,36.7,21,1.5731
2025-05-16T11:00:00,443,36.1,21,1.58801
2025-05-16T11:03:00,452,36.2,21,1.58553
2025-05-16T11:06:00,500,37.5,21,1.55322
2025-05-16T11:09:00,515,35.9,21,1.59298
2025-05-16T11:12:00,511,36,21,1.5905
2025-05-16T11:15:00,576,36.9,21,1.56813
2025-05-16T11:18:00,558,35.9,21,1.59298
2025-05-16T11:21:00,569,35.9,21,1.59298
2025-05-16T11:24:00,520,36.7,21,1.5731
2025-05-16T11:27:00,572,35.8,21,1.59547
2025-05-16T11:30:00,576,35.9,21,1.59298
2025-05-16T11:33:00,579,35.2,21,1.61038
2025-05-16T11:36:00,539,36.4,20,1.486
2025-05-16T11:39:00,505,37.2,20,1.46731
2025-05-16T11:42:00,519,35.7,21,1.59795
2025-05-16T11:45:00,527,34.7,21,1.62281
2025-05-16T11:48:00,520,34.9,21,1.61783
2025-05-16T11:51:00,561,34.1,21,1.63772
2025-05-16T11:54:00,553,35.2,21,1.61038
2025-05-16T11:57:00,561,35.5,20,1.50703
2025-05-16T12:00:00,561,36.6,20,1.48133
2025-05-16T12:03:00,573,35.3,21,1.60789
2025-05-16T12:06:00,580,34.8,22,1.72262
2025-05-16T12:09:00,471,34.4,22,1.73318
2025-05-16T12:12:00,479,34.7,21,1.62281
2025-05-16T12:15:00,506,34.9,21,1.61783
2025-05-16T12:18:00,521,34.7,20,1.52572
2025-05-16T12:21:00,503,35.5,21,1.60292
2025-05-16T12:24:00,480,34.4,21,1.63026
2025-05-16T12:27:00,493,34.9,21,1.61783
2025-05-16T12:30:00,459,35.7,21,1.59795
2025-05-16T12:33:00,454,36.9,21,1.56813
2025-05-16T12:36:00,468,34.8,21,1.62032
2025-05-16T12:39:00,461,33.9,21,1.64269
2025-05-16T12:42:00,493,33.1,21,1.66257
2025-05-16T12:45:00,467,36.2,22,1.68563
2025-05-16T12:48:00,466,33.8,21,1.64517
2025-05-16T12:51:00,482,35.6,21,1.60044
2025-05-16T12:54:00,502,33.1,22,1.76753
2025-05-16T12:57:00,513,34,21,1.6402
2025-05-16T13:00:00,505,33.8,21,1.64517
2025-05-16T13:03:00,518,33.2,21,1.66008
2025-05-16T13:06:00,498,34.6,20,1.52806
2025-05-16T13:09:00,539,33.5,21,1.65263
2025-05-16T13:12:00,558,34.5,21,1.62778
2025-05-16T13:15:00,508,34,21,1.6402
2025-05-16T13:18:00,523,32.9,22,1.77281
2025-05-16T13:21:00,493,34.2,21,1.63523
2025-05-16T13:24:00,479,34.3,20,1.53507
2025-05-16T13:27:00,509,32.9,21,1.66754
2025-05-16T13:30:00,489,34.7,21,1.62281
2025-05-16T13:33:00,463,32.8,22,1.77546
2025-05-16T13:36:00,513,33.8,22,1.74904
2025-05-16T13:39:00,467,33.1,22,1.76753
2025-05-16T13:42:00,482,32,22,1.79659
2025-05-16T13:45:00,526,33.6,21,1.65014
2025-05-16T13:48:00,512,33.5,21,1.65263
2025-05-16T13:51:00,497,32.9,22,1.77281
2025-05-16T13:54:00,512,31.8,22,1.80188
2025-05-16T13:57:00,496,32.6,22,1.78074
2025-05-16T14:00:00,487,32.7,21,1.67251
2025-05-16T14:03:00,479,34.1,20,1.53974
2025-05-16T14:06:00,479,32.9,21,1.66754
2025-05-16T14:09:00,509,32.4,21,1.67996
2025-05-16T14:12:00,520,32.1,21,1.68742
2025-05-16T14:15:00,513,31.4,22,1.81244
2025-05-16T14:18:00,517,32.9,21,1.66754
2025-05-16T14:21:00,495,31.5,21,1.70233
2025-05-16T14:24:00,488,33,21,1.66505
2025-05-16T14:27:00,480,32.4,21,1.67996
2025-05-16T14:30:00,693,30.2,22,1.84415
2025-05-16T14:33:00,509,31.7,20,1.59582
2025-05-16T14:36:00,479,31,21,1.71476
2025-05-16T14:39:00,489,31.7,21,1.69736
2025-05-16T14:42:00,523,32.5,20,1.57712
2025-05-16T14:45:00,558,31,21,1.71476
2025-05-16T14:48:00,673,30.5,22,1.83622
2025-05-16T14:51:00,501,30.3,21,1.73215
2025-05-16T14:54:00,459,30.3,21,1.73215
2025-05-16T14:57:00,495,30.3,21,1.73215
2025-05-16T15:00:00,514,32.1,20,1.58647
2025-05-16T15:03:00,525,31.1,21,1.71227
2025-05-16T15:06:00,465,30.7,22,1.83094
2025-05-16T15:09:00,431,32.5,22,1.78338
2025-05-16T15:12:00,437,30.7,21,1.72221
2025-05-16T15:15:00,597,31.2,21,1.70979
2025-05-16T15:18:00,465,30.6,21,1.7247
2025-05-16T15:21:00,463,30,21,1.73961
2025-05-16T15:24:00,424,31.8,21,1.69487
2025-05-16T15:27:00,421,30.4,21,1.72967
2025-05-16T15:30:00,413,30.6,21,1.7247
2025-05-16T15:33:00,526,29.5,21,1.75203
2025-05-16T15:36:00,547,29.3,21,1.757
2025-05-16T15:39:00,528,30.8,22,1.8283
2025-05-16T15:42:00,418,31,21,1.71476
2025-05-16T15:45:00,491,31.5,20,1.60049
2025-05-16T15:48:00,495,30.7,21,1.72221
2025-05-16T15:51:00,508,30.6,21,1.7247
2025-05-16T15:54:00,407,31.7,20,1.59582
2025-05-16T15:57:00,507,30.2,20,1.63086
2025-05-16T16:00:00,548,30.8,20,1.61684
2025-05-16T16:03:00,552,29.2,20,1.65423
2025-05-16T16:06:00,463,32,19,1.49305
2025-05-16T16:09:00,509,30,20,1.63554
2025-05-16T16:12:00,520,30.9,18,1.42507
2025-05-16T16:15:00,540,31.5,19,1.50403
2025-05-16T16:18:00,509,30.9,19,1.5172
2025-05-16T16:21:00,485,32.6,18,1.39001
2025-05-16T16:24:00,500,32.2,18,1.39826
2025-05-16T16:27:00,515,31.9,18,1.40445
2025-05-16T16:30:00,520.5,32.05,18.5,1.44603
2025-05-16T16:33:00,526,32.2,19,1.48866
2025-05-16T16:36:00,470,32.1,19,1.49085
2025-05-16T16:39:00,457,32.4,18,1.39414
2025-05-16T16:42:00,457,33,19,1.47109
2025-05-16T16:45:00,446,31.7,19,1.49963
2025-05-16T16:48:00,439,32.2,19,1.48866
2025-05-16T16:51:00,386,33.4,18,1.37351
2025-05-16T16:54:00,386,32.2,18,1.39826
2025-05-16T16:57:00,427,32.6,18,1.39001
2025-05-16T17:00:00,424,31.3,18,1.41682
2025-05-16T17:03:00,476,32.8,18,1.38589
2025-05-16T17:06:00,376,31.9,20,1.59114
2025-05-16T17:09:00,361,30.3,20,1.62853
2025-05-16T17:12:00,484,28.3,20,1.67526
2025-05-16T17:15:00,367,29.8,20,1.64021
2025-05-16T17:18:00,368,28.4,21,1.77937
2025-05-16T17:21:00,438,29.4,20,1.64955
2025-05-16T17:24:00,436,28.9,21,1.76694
2025-05-16T17:27:00,442,28.4,21,1.77937
2025-05-16T17:30:00,385,28,21,1.78931
2025-05-16T17:33:00,450,29.1,20,1.65656
2025-05-16T17:36:00,421,28.6,21,1.7744
2025-05-16T17:39:00,500,28.5,22,1.88906
2025-05-16T17:42:00,616,28.9,20,1.66124
2025-05-16T17:45:00,599,28.9,21,1.76694
2025-05-16T17:48:00,402,28.1,21,1.78683
2025-05-16T17:51:00,432,28.1,22,1.89963
2025-05-16T17:54:00,479,27.3,22,1.92077
2025-05-16T17:57:00,500,27,22,1.92869
2025-05-16T18:00:00,409,26.6,22,1.93926
2025-05-16T18:03:00,408,27,22,1.92869
2025-05-16T18:06:00,382,27,22,1.92869
2025-05-16T18:09:00,366,27.3,22,1.92077
2025-05-16T18:12:00,361,26.5,22,1.94191
2025-05-16T18:15:00,373,26.8,22,1.93398
2025-05-16T18:18:00,378,27.7,22,1.9102
2025-05-16T18:21:00,410,28.8,22,1.88114
2025-05-16T18:24:00,414,28.6,22,1.88642
2025-05-16T18:27:00,405,28.4,21,1.77937
2025-05-16T18:30:00,416,26.3,21,1.83156
2025-05-16T18:33:00,419,29.2,20,1.65423
2025-05-16T18:36:00,419,28.2,21,1.78434
2025-05-16T18:39:00,416,27.1,21,1.81168
2025-05-16T18:42:00,414,27.5,22,1.91548
2025-05-16T18:45:00,410,27.1,22,1.92605
2025-05-16T18:48:00,399,27.1,22,1.92605
2025-05-16T18:51:00,400,26.8,22,1.93398
2025-05-16T18:54:00,397,26.4,22,1.94455
2025-05-16T18:57:00,394,27.2,22,1.92341
2025-05-16T19:00:00,389,26.4,22,1.94455
2025-05-16T19:03:00,374,27.1,22,1.92605
2025-05-16T19:06:00,370,27.1,23,2.0467
2025-05-16T19:09:00,376,27.6,21,1.79925
2025-05-16T19:12:00,375,28.4,22,1.89171
2025-05-16T19:15:00,369,27.2,22,1.92341
2025-05-16T19:18:00,370,28.2,23,2.01582
2025-05-16T19:21:00,369,26.9,23,2.05232
2025-05-16T19:24:00,364,26.5,22,1.94191
2025-05-16T19:27:00,358,27.3,22,1.92077
2025-05-16T19:30:00,357,27.6,22,1.91284
2025-05-16T19:33:00,353,27.7,22,1.9102
2025-05-16T19:36:00,356,28.4,22,1.89171
2025-05-16T19:39:00,357,28.1,22,1.89963
2025-05-16T19:42:00,356,28.2,22,1.89699
2025-05-16T19:45:00,350,28,22,1.90227
2025-05-16T19:48:00,351,28.2,21,1.78434
2025-05-16T19:51:00,352,28.9,21,1.76694
2025-05-16T19:54:00,350,28.9,22,1.8785
2025-05-16T19:57:00,348,28.6,21,1.7744
2025-05-16T20:00:00,347,29.3,21,1.757
2025-05-16T20:03:00,19,29.7,21,1.74706
2025-05-16T20:06:00,16,29.1,21,1.76197
2025-05-16T20:09:00,13,29.7,21,1.74706
2025-05-16T20:12:00,12,29.7,20,1.64255
2025-05-16T20:15:00,10,30,20,1.63554
2025-05-16T20:18:00,10,30,20,1.63554
2025-05-16T20:21:00,9,30.7,20,1.61918
2025-05-16T20:24:00,0,31.5,20,1.60049
2025-05-16T20:27:00,0,31.9,20,1.59114
2025-05-16T20:30:00,0,32.8,20,1.57011
2025-05-16T20:33:00,0,33.5,20,1.55376
2025-05-16T20:36:00,0,34.4,20,1.53273
2025-05-16T20:39:00,0,35.1,20,1.51638
2025-05-16T20:42:00,0,35.7,20,1.50236
2025-05-16T20:45:00,0,36.5,20,1.48366
2025-05-16T20:48:00,0,37.3,20,1.46497
2025-05-16T20:51:00,0,38,20,1.44862
2025-05-16T20:54:00,0,38.7,20,1.43226
2025-05-16T20:57:00,0,39.8,19,1.32179
2025-05-16T21:00:00,0,40.5,19,1.30642
2025-05-16T21:03:00,0,41.2,19,1.29105
2025-05-16T21:06:00,0,41.9,19,1.27568
2025-05-16T21:09:00,0,43,19,1.25152
2025-05-16T21:12:00,0,43.4,19,1.24274
2025-05-16T21:15:00,0,43.9,19,1.23176
2025-05-16T21:18:00,0,44.25,19,1.22408
2025-05-16T21:21:00,0,44.6,19,1.21639
2025-05-16T21:24:00,0,45.2,19,1.20322
2025-05-16T21:27:00,0,45.9,19,1.18785
2025-05-16T21:30:00,0,46.5,19,1.17468
2025-05-16T21:33:00,0,47,19,1.1637
2025-05-16T21:36:00,0,47.6,19,1.15052
2025-05-16T21:39:00,0,48.2,19,1.13735
2025-05-16T21:42:00,0,48.7,19,1.12637
2025-05-16T21:45:00,0,49.2,19,1.11539
2025-05-16T21:48:00,0,49.7,19,1.10442
2025-05-16T21:51:00,0,50.1,19,1.09563
2025-05-16T21:54:00,0,50.6,19,1.08465
2025-05-16T21:57:00,0,51,19,1.07587
2025-05-16T22:00:00,0,51.4,19,1.06709
2025-05-16T22:03:00,0,51.7,18,0.99611
2025-05-16T22:06:00,0,52.1,18,0.98786
2025-05-16T22:09:00,0,52.4,18,0.98167
2025-05-16T22:12:00,0,52.7,18,0.97548
2025-05-16T22:15:00,0,52.8,18,0.97342
2025-05-16T22:18:00,0,53.2,18,0.96517
2025-05-16T22:21:00,0,53.5,18,0.95898
2025-05-16T22:24:00,0,53.6,18,0.95692
2025-05-16T22:27:00,0,53.9,18,0.95074
2025-05-16T22:30:00,0,54.1,18,0.94661
2025-05-16T22:33:00,0,54.2,18,0.94455
2025-05-16T22:36:00,0,54.4,18,0.94042
2025-05-16T22:39:00,0,54.6,18,0.9363
2025-05-16T22:42:00,0,54.8,18,0.93217
2025-05-16T22:45:00,0,55,18,0.92805
2025-05-16T22:48:00,0,55.1,18,0.92599
2025-05-16T22:51:00,0,55.2,18,0.92393
2025-05-16T22:54:00,0,55.4,18,0.9198
2025-05-16T22:57:00,0,55.5,18,0.91774
2025-05-16T23:00:00,0,55.6,18,0.91568
2025-05-16T23:03:00,0,55.7,18,0.91361
2025-05-16T23:06:00,0,57.9,18,0.86824
2025-05-16T23:09:00,0,59.9,18,0.827
2025-05-16T23:12:00,0,61.6,17,0.74349
2025-05-16T23:15:00,0,62.7,17,0.72219
2025-05-16T23:18:00,0,63.5,17,0.7067
2025-05-16T23:21:00,0,64.2,17,0.69315
2025-05-16T23:24:00,0,65,17,0.67766
2025-05-16T23:27:00,0,65.2,17,0.67378
2025-05-16T23:30:00,0,65.6,17,0.66604
2025-05-16T23:33:00,0,65.9,17,0.66023
2025-05-16T23:36:00,0,66.3,17,0.65249
2025-05-16T23:39:00,0,66.1,17,0.65636
2025-05-16T23:42:00,0,66.2,17,0.65442
2025-05-16T23:45:00,0,66.3,17,0.65249
2025-05-16T23:48:00,0,66.5,17,0.64861
2025-05-16T23:51:00,0,66.3,17,0.65249
2025-05-16T23:54:00,0,66.3,17,0.65249
2025-05-16T23:57:00,0,66.3,17,0.65249
2025-05-17T00:00:00,0,66.4,17,0.65055
2025-05-17T00:03:00,0,66.1,17,0.65636
2025-05-17T00:06:00,0,66.1,17,0.65636
2025-05-17T00:09:00,0,65.9,17,0.66023
2025-05-17T00:12:00,0,65.7,17,0.6641
2025-05-17T00:15:00,0,65.8,17,0.66217
2025-05-17T00:18:00,0,65.7,17,0.6641
2025-05-17T00:21:00,0,65.6,17,0.66604
2025-05-17T00:24:00,0,65.4,17,0.66991
2025-05-17T00:27:00,0,65.3,17,0.67185
2025-05-17T00:30:00,0,65.2,17,0.67378
2025-05-17T00:33:00,0,66.4,17,0.65055
2025-05-17T00:36:00,0,68.4,17,0.61183
2025-05-17T00:39:00,0,69.4,17,0.59247
2025-05-17T00:42:00,0,70.1,17,0.57891
2025-05-17T00:45:00,0,70.6,17,0.56923
2025-05-17T00:48:00,0,70.3,17,0.57504
2025-05-17T00:51:00,0,70.6,17,0.56923
2025-05-17T00:54:00,0,70.5,17,0.57117
2025-05-17T00:57:00,0,70.7,17,0.5673
2025-05-17T01:00:00,0,70.6,16,0.53414
2025-05-17T01:03:00,0,70.7,16,0.53233
2025-05-17T01:06:00,0,71,16,0.52688
2025-05-17T01:09:00,0,70.7,16,0.53233
2025-05-17T01:12:00,0,70.7,16,0.53233
2025-05-17T01:15:00,0,70.7,16,0.53233
2025-05-17T01:18:00,0,70.8,16,0.53051
2025-05-17T01:21:00,0,70.8,16,0.53051
2025-05-17T01:24:00,0,71,16,0.52688
2025-05-17T01:27:00,0,70.8,16,0.53051
2025-05-17T01:30:00,0,70.85,16,0.5296
2025-05-17T01:33:00,0,70.9,16,0.52869
2025-05-17T01:36:00,0,70.6,16,0.53414
2025-05-17T01:39:00,0,70.6,16,0.53414
2025-05-17T01:42:00,0,70.7,16,0.53233
2025-05-17T01:45:00,0,70.6,16,0.53414
2025-05-17T01:48:00,0,70.6,16,0.53414
2025-05-17T01:51:00,0,70.6,16,0.53414
2025-05-17T01:54:00,0,70.5,16,0.53596
2025-05-17T01:57:00,0,70.4,16,0.53778
2025-05-17T02:00:00,0,70.2,16,0.54141
2025-05-17T02:03:00,0,70.6,16,0.53414
2025-05-17T02:06:00,0,71.8,16,0.51234
2025-05-17T02:09:00,0,72.8,16,0.49417
2025-05-17T02:12:00,0,73,16,0.49054
2025-05-17T02:15:00,0,73.4,16,0.48327
2025-05-17T02:18:00,0,73.4,16,0.48327
2025-05-17T02:21:00,0,73.5,16,0.48146
2025-05-17T02:24:00,0,73.7,16,0.47782
2025-05-17T02:27:00,0,73.2,16,0.48691
2025-05-17T02:30:00,0,72.8,16,0.49417
2025-05-17T02:33:00,0,72.5,16,0.49963
2025-05-17T02:36:00,0,72.1,16,0.50689
2025-05-17T02:39:00,0,72.2,16,0.50508
2025-05-17T02:42:00,0,72.2,16,0.50508
2025-05-17T02:45:00,0,71.6,16,0.51598
2025-05-17T02:48:00,0,72.4,16,0.50144
2025-05-17T02:51:00,0,71.8,16,0.51234
2025-05-17T02:54:00,0,70.5,16,0.53596
2025-05-17T02:57:00,0,69.6,16,0.55231
2025-05-17T03:00:00,0,69.1,16,0.5614
2025-05-17T03:03:00,0,69.1,16,0.5614
2025-05-17T03:06:00,0,69,16,0.56321
2025-05-17T03:09:00,0,68.9,16,0.56503
2025-05-17T03:12:00,0,69,16,0.56321
2025-05-17T03:15:00,0,68.8,16,0.56685
2025-05-17T03:18:00,0,68.5,16,0.5723
2025-05-17T03:21:00,0,68.5,16,0.5723
2025-05-17T03:24:00,0,68.3,16,0.57593
2025-05-17T03:27:00,0,68,16,0.58138
2025-05-17T03:30:00,0,68.1,16,0.57957
2025-05-17T03:33:00,0,68,16,0.58138
2025-05-17T03:36:00,0,67.9,16,0.5832
2025-05-17T03:39:00,0,67.8,16,0.58502
2025-05-17T03:42:00,0,67.8,16,0.58502
2025-05-17T03:45:00,0,68.5,16,0.5723
2025-05-17T03:48:00,0,68.3,16,0.57593
2025-05-17T03:51:00,0,67.3,16,0.5941
2025-05-17T03:54:00,0,66.3,17,0.65249
2025-05-17T03:57:00,0,65.9,17,0.66023
2025-05-17T04:00:00,0,66,17,0.6583
2025-05-17T04:03:00,346,65.2,17,0.67378
2025-05-17T04:06:00,344,65.1,17,0.67572
2025-05-17T04:09:00,341,64.5,17,0.68734
2025-05-17T04:12:00,339,64.3,17,0.69121
2025-05-17T04:15:00,338,64.1,17,0.69508
2025-05-17T04:18:00,336,63.6,17,0.70476
2025-05-17T04:21:00,334,63.7,17,0.70283
2025-05-17T04:24:00,334,63.8,17,0.70089
2025-05-17T04:27:00,332,64,17,0.69702
2025-05-17T04:30:00,331,63.7,17,0.70283
2025-05-17T04:33:00,331,63.4,18,0.75481
2025-05-17T04:36:00,330,63.1,18,0.761
2025-05-17T04:39:00,330,62.9,18,0.76513
2025-05-17T04:42:00,330,62.7,18,0.76925
2025-05-17T04:45:00,330,63,18,0.76306
2025-05-17T04:48:00,330,62.5,18,0.77337
2025-05-17T04:51:00,328,62.4,18,0.77544
2025-05-17T04:54:00,329,62,18,0.78369
2025-05-17T04:57:00,329,62.3,18,0.7775
2025-05-17T05:00:00,329,62.1,18,0.78162
2025-05-17T05:03:00,329,61.9,18,0.78575
2025-05-17T05:06:00,329,61.7,18,0.78987
2025-05-17T05:09:00,329,61.6,18,0.79194
2025-05-17T05:12:00,330,61.4,18,0.79606
2025-05-17T05:15:00,330,61.6,18,0.79194
2025-05-17T05:18:00,331,61.2,18,0.80019
2025-05-17T05:21:00,331,61.3,18,0.79812
2025-05-17T05:24:00,331,61.2,18,0.80019
2025-05-17T05:27:00,331,61.1,18,0.80225
2025-05-17T05:30:00,331,61,18,0.80431
2025-05-17T05:33:00,331,60.8,18,0.80843
2025-05-17T05:36:00,333,60.8,18,0.80843
2025-05-17T05:39:00,334,60.5,18,0.81462
2025-05-17T05:42:00,333,60.5,19,0.86728
2025-05-17T05:45:00,334,60.6,19,0.86509
2025-05-17T05:48:00,333,60.1,19,0.87607
2025-05-17T05:51:00,334,60.4,19,0.86948
2025-05-17T05:54:00,335,60.2,19,0.87387
2025-05-17T05:57:00,334,59.9,19,0.88046
2025-05-17T06:00:00,335,60.1,19,0.87607
2025-05-17T06:03:00,335,60.2,19,0.87387
2025-05-17T06:06:00,336,60.1,19,0.87607
2025-05-17T06:09:00,336,60,19,0.87826
2025-05-17T06:12:00,336,60.1,19,0.87607
2025-05-17T06:15:00,338,60,19,0.87826
2025-05-17T06:18:00,339,60,19,0.87826
2025-05-17T06:21:00,342,60,19,0.87826
2025-05-17T06:24:00,345,59.7,19,0.88485
2025-05-17T06:27:00,345,60,19,0.87826
2025-05-17T06:30:00,347,60.2,19,0.87387
2025-05-17T06:33:00,354,60,19,0.87826
2025-05-17T06:36:00,356,60.1,19,0.87607
2025-05-17T06:39:00,356,60.5,19,0.86728
2025-05-17T06:42:00,357,60.9,20,0.91356
2025-05-17T06:45:00,360,61.2,20,0.90655
2025-05-17T06:48:00,361,60.7,20,0.91824
2025-05-17T06:51:00,363,61,20,0.91123
2025-05-17T06:54:00,364,61.1,20,0.90889
2025-05-17T06:57:00,367,60.9,20,0.91356
2025-05-17T07:00:00,368,61.4,20,0.90188
2025-05-17T07:03:00,369,61,21,0.96921
2025-05-17T07:06:00,372,60.6,21,0.97915
2025-05-17T07:09:00,373,57.7,21,1.05122
2025-05-17T07:12:00,375,55.7,21,1.10092
2025-05-17T07:15:00,377,55.6,21,1.10341
2025-05-17T07:18:00,379,54.6,21,1.12826
2025-05-17T07:21:00,382,53.8,21,1.14814
2025-05-17T07:24:00,385,53,21,1.16802
2025-05-17T07:27:00,390,51.4,22,1.28404
2025-05-17T07:30:00,391,50.5,22,1.30781
2025-05-17T07:33:00,399,49,22,1.34744
2025-05-17T07:36:00,407,48.6,22,1.35801
2025-05-17T07:39:00,409,48.5,22,1.36065
2025-05-17T07:42:00,426,44.1,22,1.4769
2025-05-17T07:45:00,452,42.9,21,1.41902
2025-05-17T07:48:00,586,42.1,22,1.52975
2025-05-17T07:51:00,616,37.4,22,1.65392
2025-05-17T07:54:00,641,37.9,23,1.74349
2025-05-17T07:57:00,642,34.8,22,1.72262
2025-05-17T08:00:00,654,35.5,22,1.70412
2025-05-17T08:03:00,657,35.7,23,1.80525
2025-05-17T08:06:00,583,37.5,23,1.75472
2025-05-17T08:09:00,522,37.7,24,1.85781
2025-05-17T08:12:00,491,36.2,23,1.79121
2025-05-17T08:15:00,533,34.3,23,1.84456
2025-05-17T08:18:00,613,34,23,1.85298
2025-05-17T08:21:00,605,34.6,23,1.83613
2025-05-17T08:24:00,687,33.8,23,1.85859
2025-05-17T08:27:00,654,33.3,23,1.87263
2025-05-17T08:30:00,682,33.8,23,1.85859
2025-05-17T08:33:00,712,34,23,1.85298
2025-05-17T08:36:00,714,32.4,21,1.67996
2025-05-17T08:39:00,724,33.5,21,1.65263
2025-05-17T08:42:00,735,34.4,22,1.73318
2025-05-17T08:45:00,739,32.4,22,1.78602
2025-05-17T08:48:00,744,31.9,22,1.79923
2025-05-17T08:51:00,729,32.4,22,1.78602
2025-05-17T08:54:00,704,34.1,21,1.63772
2025-05-17T08:57:00,692,31.6,21,1.69984
2025-05-17T09:00:00,697.5,32.05,21.5,1.74125
2025-05-17T09:03:00,703,32.5,22,1.78338
2025-05-17T09:06:00,698,32.9,22,1.77281
2025-05-17T09:09:00,684,30.4,22,1.83887
2025-05-17T09:12:00,671,34.2,20,1.5374
2025-05-17T09:15:00,639,30.9,21,1.71724
2025-05-17T09:18:00,527,37.1,19,1.38107
2025-05-17T09:21:00,493,33.5,21,1.65263
2025-05-17T09:24:00,479,33.6,20,1.55142
2025-05-17T09:27:00,471,31.9,17,1.31853
2025-05-17T09:30:00,471,32.1,19,1.49085
2025-05-17T09:33:00,473,31.4,21,1.70482
2025-05-17T09:36:00,475,29.9,21,1.74209
2025-05-17T09:39:00,477,27.5,20,1.69395
2025-05-17T09:42:00,473,32.8,19,1.47548
2025-05-17T09:45:00,474,31.8,20,1.59348
2025-05-17T09:48:00,477,33.4,19,1.46231
2025-05-17T09:51:00,473,33.6,17,1.28561
2025-05-17T09:54:00,478,30,18,1.44363
2025-05-17T09:57:00,475,32.9,18,1.38383
2025-05-17T10:00:00,481,31.6,19,1.50183
2025-05-17T10:03:00,490,29.7,20,1.64255
2025-05-17T10:06:00,501,29.4,21,1.75452
2025-05-17T10:09:00,493,29,19,1.55892
2025-05-17T10:12:00,486,35.3,17,1.2527
2025-05-17T10:15:00,483,35.5,16,1.17185
2025-05-17T10:18:00,493,30.8,19,1.5194
2025-05-17T10:21:00,494,29.1,20,1.65656
2025-05-17T10:24:00,496,31.2,18,1.41889
2025-05-17T10:27:00,495,33.5,19,1.46011
2025-05-17T10:30:00,501,28.6,18,1.47251
2025-05-17T10:33:00,500,34.3,17,1.27206
2025-05-17T10:36:00,516,30.5,20,1.62385
2025-05-17T10:39:00,514,32,17,1.31659
2025-05-17T10:42:00,539,33.8,19,1.45353
2025-05-17T10:45:00,512,31,18,1.42301
2025-05-17T10:48:00,500,34.4,16,1.19183
2025-05-17T10:51:00,512,30.7,19,1.52159
2025-05-17T10:54:00,510,31.3,17,1.33014
2025-05-17T10:57:00,501,35.5,17,1.24883
2025-05-17T11:00:00,514,29.4,18,1.45601
2025-05-17T11:03:00,556,31.1,17,1.33402
2025-05-17T11:06:00,531,33.2,16,1.21364
2025-05-17T11:09:00,517,29.2,19,1.55453
2025-05-17T11:12:00,444,34.8,18,1.34464
2025-05-17T11:15:00,536,26.9,19,1.60503
2025-05-17T11:18:00,598,33.2,16,1.21364
2025-05-17T11:21:00,547,30.9,20,1.61451
2025-05-17T11:24:00,513,30.3,17,1.34951
2025-05-17T11:27:00,410,35.1,17,1.25657
2025-05-17T11:30:00,498,30.4,17,1.34757
2025-05-17T11:33:00,484,31.5,17,1.32627
2025-05-17T11:36:00,488,29,19,1.55892
2025-05-17T11:39:00,483,27.9,19,1.58307
2025-05-17T11:42:00,472,29.6,17,1.36306
2025-05-17T11:45:00,482,30.5,19,1.52598
2025-05-17T11:48:00,500,29.3,17,1.36887
2025-05-17T11:51:00,484,31.5,16,1.24452
2025-05-17T11:54:00,489,29,19,1.55892
2025-05-17T11:57:00,484,29.8,18,1.44776
2025-05-17T12:00:00,473,32.2,17,1.31272
2025-05-17T12:03:00,471,28.7,20,1.66591
2025-05-17T12:06:00,473,28.6,17,1.38242
2025-05-17T12:09:00,477,27.9,18,1.48694
2025-05-17T12:12:00,477,25.9,18,1.52819
2025-05-17T12:15:00,468,28.5,18,1.47457
2025-05-17T12:18:00,465,29.7,16,1.27722
2025-05-17T12:21:00,469,25.4,19,1.63796
2025-05-17T12:24:00,466,28.2,18,1.48075
2025-05-17T12:27:00,470,25,21,1.86387
2025-05-17T12:30:00,473,26.7,18,1.51169
2025-05-17T12:33:00,468,28.4,18,1.47663
2025-05-17T12:36:00,449,26.9,18,1.50757
2025-05-17T12:39:00,430,25.4,18,1.5385
2025-05-17T12:42:00,426,26.6,18,1.51375
2025-05-17T12:45:00,424,29.3,18,1.45807
2025-05-17T12:48:00,426,27.1,18,1.50344
2025-05-17T12:51:00,434,27.1,20,1.70329
2025-05-17T12:54:00,441,25.1,21,1.86138
2025-05-17T12:57:00,435,26.1,17,1.43082
2025-05-17T13:00:00,434,27.3,18,1.49932
2025-05-17T13:03:00,431,29.1,18,1.46219
2025-05-17T13:06:00,432,28.1,20,1.67993
2025-05-17T13:09:00,430,24.9,21,1.86635
2025-05-17T13:12:00,428,27,18,1.5055
2025-05-17T13:15:00,426,27.6,19,1.58966
2025-05-17T13:18:00,427,25.4,20,1.74301
2025-05-17T13:21:00,432,24.2,21,1.88375
2025-05-17T13:24:00,435,29.2,18,1.46013
2025-05-17T13:27:00,439,27.7,20,1.68927
2025-05-17T13:30:00,415,25.7,19,1.63137
2025-05-17T13:33:00,443,29.1,18,1.46219
2025-05-17T13:36:00,441,29.2,18,1.46013
2025-05-17T13:39:00,443,27.1,20,1.70329
2025-05-17T13:42:00,447,23.7,21,1.89617
2025-05-17T13:45:00,435,29.3,19,1.55233
2025-05-17T13:48:00,443,29.4,18,1.45601
2025-05-17T13:51:00,449,26.4,21,1.82907
2025-05-17T13:54:00,446,26.9,19,1.60503
2025-05-17T13:57:00,443,50.4,16,0.90114
2025-05-17T14:00:00,449,47.8,16,0.94838
2025-05-17T14:03:00,424,51.1,18,1.00848
2025-05-17T14:06:00,421,57.5,16,0.77215
2025-05-17T14:09:00,437,49.8,19,1.10222
2025-05-17T14:12:00,428,50.1,17,0.96615
2025-05-17T14:15:00,454,44,20,1.30843
2025-05-17T14:18:00,437,49.6,18,1.03942
2025-05-17T14:21:00,442,53.3,16,0.84845
2025-05-17T14:24:00,402,45.6,20,1.27104
2025-05-17T14:27:00,405,49.8,17,0.97195
2025-05-17T14:30:00,478,42.5,20,1.34348
2025-05-17T14:33:00,468,45.6,19,1.19444
2025-05-17T14:36:00,471,47.8,17,1.01068
2025-05-17T14:39:00,459,45.7,20,1.26871
2025-05-17T14:42:00,457,44.7,21,1.37429
2025-05-17T14:45:00,454,41.9,21,1.44387
2025-05-17T14:48:00,487,48.9,17,0.98938
2025-05-17T14:51:00,453,44.6,20,1.29441
2025-05-17T14:54:00,441,48.8,18,1.05591
2025-05-17T14:57:00,441,49.5,16,0.91749
2025-05-17T15:00:00,452,45.2,19,1.20322
2025-05-17T15:03:00,445,47.2,19,1.15931
2025-05-17T15:06:00,407,42.6,21,1.42648
2025-05-17T15:09:00,411,42.4,20,1.34581
2025-05-17T15:12:00,392,34.7,22,1.72526
2025-05-17T15:15:00,394,37.7,22,1.646
2025-05-17T15:18:00,487,34,23,1.85298
2025-05-17T15:21:00,556,42.8,19,1.25592
2025-05-17T15:24:00,552,40.8,19,1.29983
2025-05-17T15:27:00,574,44.7,20,1.29207
2025-05-17T15:30:00,572,44.5,19,1.21859
2025-05-17T15:33:00,557,41.5,20,1.36684
2025-05-17T15:36:00,533,42.7,19,1.25811
2025-05-17T15:39:00,535,38,20,1.44862
2025-05-17T15:42:00,377,41.1,19,1.29324
2025-05-17T15:45:00,454,31.7,19,1.49963
2025-05-17T15:48:00,459,36.2,19,1.40083
2025-05-17T15:51:00,385,33.9,20,1.54441
2025-05-17T15:54:00,448,29.7,20,1.64255
2025-05-17T15:57:00,448,33.9,20,1.54441
2025-05-17T16:00:00,445,29.6,21,1.74955
2025-05-17T16:03:00,452,29.7,22,1.85736
2025-05-17T16:06:00,466,26.3,22,1.94719
2025-05-17T16:09:00,467,31.6,20,1.59815
2025-05-17T16:12:00,395,31.1,21,1.71227
2025-05-17T16:15:00,377,29.2,21,1.75949
2025-05-17T16:18:00,434,26,20,1.72899
2025-05-17T16:21:00,419,31.4,19,1.50622
2025-05-17T16:24:00,389,28.7,21,1.77191
2025-05-17T16:27:00,443,26.9,21,1.81665
2025-05-17T16:30:00,525,29.5,20,1.64722
2025-05-17T16:33:00,488,28.1,21,1.78683
2025-05-17T16:36:00,457,27.3,21,1.80671
2025-05-17T16:39:00,454,27.2,22,1.92341
2025-05-17T16:42:00,373,34.9,21,1.61783
2025-05-17T16:45:00,382,36.6,22,1.67506
2025-05-17T16:48:00,436,34.2,22,1.73847
2025-05-17T16:51:00,408,47.1,17,1.02423
2025-05-17T16:54:00,426,49.8,17,0.97195
2025-05-17T16:57:00,423,45.2,18,1.13016
2025-05-17T17:00:00,424,49.7,19,1.10442
2025-05-17T17:03:00,446,43.1,20,1.32946
2025-05-17T17:06:00,509,41.8,20,1.35983
2025-05-17T17:09:00,468,42.5,20,1.34348
2025-05-17T17:12:00,586,42,21,1.44139
2025-05-17T17:15:00,455,41.2,21,1.46127
2025-05-17T17:18:00,421,40,21,1.49109
2025-05-17T17:21:00,434,40.9,22,1.56145
2025-05-17T17:24:00,441,40.2,22,1.57994
2025-05-17T17:27:00,447,39.9,23,1.68733
2025-05-17T17:30:00,446,38.1,22,1.63543
2025-05-17T17:33:00,508,38,22,1.63807
2025-05-17T17:36:00,570,37.9,22,1.64071
2025-05-17T17:39:00,559,36.9,23,1.77156
2025-05-17T17:42:00,489,36,22,1.69091
2025-05-17T17:45:00,539,36.7,23,1.77718
2025-05-17T17:48:00,485,39.4,21,1.506
2025-05-17T17:51:00,422,38.8,22,1.61693
2025-05-17T17:54:00,380,36.4,21,1.58056
2025-05-17T17:57:00,457,34.8,22,1.72262
2025-05-17T18:00:00,444,35.1,23,1.8221
2025-05-17T18:03:00,439,31.7,23,1.91755
2025-05-17T18:06:00,515,32.2,23,1.90352
2025-05-17T18:09:00,434,30,23,1.96528
2025-05-17T18:12:00,407,29.3,23,1.98493
2025-05-17T18:15:00,399,30,22,1.84943
2025-05-17T18:18:00,390,27.5,23,2.03547
2025-05-17T18:21:00,386,26.4,22,1.94455
2025-05-17T18:24:00,383,27.5,22,1.91548
2025-05-17T18:27:00,381,31.4,22,1.81244
2025-05-17T18:30:00,382,29.7,22,1.85736
2025-05-17T18:33:00,380,29.6,22,1.86
2025-05-17T18:36:00,378,27.4,22,1.91813
2025-05-17T18:39:00,377,29.4,22,1.86529
2025-05-17T18:42:00,375,28.3,22,1.89435
2025-05-17T18:45:00,377,29.2,22,1.87057
2025-05-17T18:48:00,374,30.2,23,1.95967
2025-05-17T18:51:00,372,27.2,23,2.04389
2025-05-17T18:54:00,370,27.6,23,2.03266
2025-05-17T18:57:00,370,27.1,23,2.0467
2025-05-17T19:00:00,370,28.9,23,1.99616
2025-05-17T19:03:00,367,28.6,23,2.00459
2025-05-17T19:06:00,367,27,22,1.92869
2025-05-17T19:09:00,364,28.1,22,1.89963
2025-05-17T19:12:00,363,27.7,23,2.02986
2025-05-17T19:15:00,361,27.6,23,2.03266
2025-05-17T19:18:00,358,27.7,22,1.9102
2025-05-17T19:21:00,356,26.8,22,1.93398
2025-05-17T19:24:00,354,28.7,23,2.00178
2025-05-17T19:27:00,354,29,22,1.87585
2025-05-17T19:30:00,354,28.3,22,1.89435
2025-05-17T19:33:00,351,27.6,22,1.91284
2025-05-17T19:36:00,351,27,22,1.92869
2025-05-17T19:39:00,350,27.1,22,1.92605
2025-05-17T19:42:00,348,27.6,22,1.91284
2025-05-17T19:45:00,347,27.1,21,1.81168
2025-05-17T19:48:00,346,27.6,21,1.79925
2025-05-17T19:51:00,345,27.6,21,1.79925
2025-05-17T19:54:00,344,27.4,21,1.80422
2025-05-17T19:57:00,343,27.6,21,1.79925
2025-05-17T20:00:00,342,28.1,20,1.67993
2025-05-17T20:03:00,13,29.1,21,1.76197
2025-05-17T20:06:00,13,29.4,20,1.64955
2025-05-17T20:09:00,11,30.3,20,1.62853
2025-05-17T20:12:00,10,30.7,20,1.61918
2025-05-17T20:15:00,10,30.5,21,1.72718
2025-05-17T20:18:00,9,31,20,1.61217
2025-05-17T20:21:00,0,32,20,1.58881
2025-05-17T20:24:00,0,32.6,20,1.57479
2025-05-17T20:27:00,0,33.5,20,1.55376
2025-05-17T20:30:00,0,34.2,20,1.5374
2025-05-17T20:33:00,0,34.8,20,1.52338
2025-05-17T20:36:00,0,35.6,20,1.50469
2025-05-17T20:39:00,0,36.2,20,1.49067
2025-05-17T20:42:00,0,36.9,20,1.47432
2025-05-17T20:45:00,0,37.6,20,1.45796
2025-05-17T20:48:00,0,38.4,20,1.43927
2025-05-17T20:51:00,0,39.1,20,1.42292
2025-05-17T20:54:00,0,39.9,20,1.40422
2025-05-17T20:57:00,0,40.6,19,1.30422
2025-05-17T21:00:00,0,41.4,19,1.28666
2025-05-17T21:03:00,0,42.3,19,1.26689
2025-05-17T21:06:00,0,42.7,19,1.25811
2025-05-17T21:09:00,0,43.2,19,1.24713
2025-05-17T21:12:00,0,43.8,19,1.23396
2025-05-17T21:15:00,0,44.2,19,1.22518
2025-05-17T21:18:00,0,45,19,1.20761
2025-05-17T21:21:00,0,45.5,19,1.19663
2025-05-17T21:24:00,0,46.2,19,1.18126
2025-05-17T21:27:00,0,46.7,19,1.17029
2025-05-17T21:30:00,0,47.3,19,1.15711
2025-05-17T21:33:00,0,47.9,19,1.14394
2025-05-17T21:36:00,0,48.5,19,1.13076
2025-05-17T21:39:00,0,49,19,1.11979
2025-05-17T21:42:00,0,49.5,19,1.10881
2025-05-17T21:45:00,0,50.1,19,1.09563
2025-05-17T21:48:00,0,50.5,19,1.08685
2025-05-17T21:51:00,0,51,19,1.07587
2025-05-17T21:54:00,0,51.5,19,1.06489
2025-05-17T21:57:00,0,51.8,19,1.05831
2025-05-17T22:00:00,0,52.3,19,1.04733
2025-05-17T22:03:00,0,52.6,19,1.04074
2025-05-17T22:06:00,0,53.1,19,1.02976
2025-05-17T22:09:00,0,53.4,19,1.02318
2025-05-17T22:12:00,0,53.7,18,0.95486
2025-05-17T22:15:00,0,54,18,0.94867
2025-05-17T22:18:00,0,54.3,18,0.94249
2025-05-17T22:21:00,0,54.5,18,0.93836
2025-05-17T22:24:00,0,54.7,18,0.93424
2025-05-17T22:27:00,0,54.9,18,0.93011
2025-05-17T22:30:00,0,55,18,0.92805
2025-05-17T22:33:00,0,55.3,18,0.92186
2025-05-17T22:36:00,0,55.4,18,0.9198
2025-05-17T22:39:00,0,55.6,18,0.91568
2025-05-17T22:42:00,0,55.6,18,0.91568
2025-05-17T22:45:00,0,55.8,18,0.91155
2025-05-17T22:48:00,0,55.9,18,0.90949
2025-05-17T22:51:00,0,56,18,0.90743
2025-05-17T22:54:00,0,56.2,18,0.9033
2025-05-17T22:57:00,0,56.3,18,0.90124
2025-05-17T23:00:00,0,56.4,18,0.89918
2025-05-17T23:03:00,0,56.5,18,0.89711
2025-05-17T23:06:00,0,58.6,18,0.85381
2025-05-17T23:09:00,0,60.5,18,0.81462
2025-05-17T23:12:00,0,62.3,18,0.7775
2025-05-17T23:15:00,0,63.5,17,0.7067
2025-05-17T23:18:00,0,64.4,18,0.73419
2025-05-17T23:21:00,0,65.2,17,0.67378
2025-05-17T23:24:00,0,65.7,17,0.6641
2025-05-17T23:27:00,0,66.2,17,0.65442
2025-05-17T23:30:00,0,66.4,17,0.65055
2025-05-17T23:33:00,0,66.6,17,0.64668
2025-05-17T23:36:00,0,66.8,17,0.64281
2025-05-17T23:39:00,0,67,17,0.63893
2025-05-17T23:42:00,0,67,17,0.63893
2025-05-17T23:45:00,0,67.1,17,0.637
2025-05-17T23:48:00,0,67.1,17,0.637
2025-05-17T23:51:00,0,67,17,0.63893
2025-05-17T23:54:00,0,67,17,0.63893
2025-05-17T23:57:00,0,67,17,0.63893
2025-05-18T00:00:00,0,67.1,17,0.637
2025-05-18T00:03:00,0,67.1,17,0.637
2025-05-18T00:06:00,0,66.9,17,0.64087
2025-05-18T00:09:00,0,66.9,17,0.64087
2025-05-18T00:12:00,0,66.8,17,0.64281
2025-05-18T00:15:00,0,66.8,17,0.64281
2025-05-18T00:18:00,0,66.8,17,0.64281
2025-05-18T00:21:00,0,66.7,17,0.64474
2025-05-18T00:24:00,0,66.8,17,0.64281
2025-05-18T00:27:00,0,66.6,17,0.64668
2025-05-18T00:30:00,0,66.7,17,0.64474
2025-05-18T00:33:00,0,67.2,17,0.63506
2025-05-18T00:36:00,0,69.1,17,0.59827
2025-05-18T00:39:00,0,70.1,17,0.57891
2025-05-18T00:42:00,0,70.8,17,0.56536
2025-05-18T00:45:00,0,71.7,17,0.54793
2025-05-18T00:48:00,0,71.9,17,0.54406
2025-05-18T00:51:00,0,71.9,17,0.54406
2025-05-18T00:54:00,0,72.1,17,0.54019
2025-05-18T00:57:00,0,72,17,0.54213
2025-05-18T01:00:00,0,72,16,0.50871
2025-05-18T01:03:00,0,72.1,16,0.50689
2025-05-18T01:06:00,0,72,16,0.50871
2025-05-18T01:09:00,0,71.7,16,0.51416
2025-05-18T01:12:00,0,71.6,16,0.51598
2025-05-18T01:15:00,0,71.4,16,0.51961
2025-05-18T01:18:00,0,71.4,16,0.51961
2025-05-18T01:21:00,0,71.2,16,0.52324
2025-05-18T01:24:00,0,71.2,16,0.52324
2025-05-18T01:27:00,0,70.8,16,0.53051
2025-05-18T01:30:00,0,70.8,16,0.53051
2025-05-18T01:33:00,0,70.5,16,0.53596
2025-05-18T01:36:00,0,70.3,16,0.5396
2025-05-18T01:39:00,0,70.3,16,0.5396
2025-05-18T01:42:00,0,70.2,16,0.54141
2025-05-18T01:45:00,0,70,16,0.54505
2025-05-18T01:48:00,0,69.7,16,0.5505
2025-05-18T01:51:00,0,69.4,16,0.55595
2025-05-18T01:54:00,0,69.1,16,0.5614
2025-05-18T01:57:00,0,68.9,16,0.56503
2025-05-18T02:00:00,0,68.7,16,0.56866
2025-05-18T02:03:00,0,69.4,16,0.55595
2025-05-18T02:06:00,0,70.6,16,0.53414
2025-05-18T02:09:00,0,71.7,16,0.51416
2025-05-18T02:12:00,0,71.8,16,0.51234
2025-05-18T02:15:00,0,72.6,16,0.49781
2025-05-18T02:18:00,0,73.1,16,0.48872
2025-05-18T02:21:00,0,72.8,16,0.49417
2025-05-18T02:24:00,0,73.1,16,0.48872
2025-05-18T02:27:00,0,73.4,16,0.48327
2025-05-18T02:30:00,0,73.4,16,0.48327
2025-05-18T02:33:00,0,73.3,16,0.48509
2025-05-18T02:36:00,0,73,16,0.49054
2025-05-18T02:39:00,0,73.4,16,0.48327
2025-05-18T02:42:00,0,73.3,16,0.48509
2025-05-18T02:45:00,0,73.6,16,0.47964
2025-05-18T02:48:00,0,73.6,16,0.47964
2025-05-18T02:51:00,0,73.6,16,0.47964
2025-05-18T02:54:00,0,73.5,16,0.48146
2025-05-18T02:57:00,0,73.3,16,0.48509
2025-05-18T03:00:00,0,73.3,16,0.48509
2025-05-18T03:03:00,0,73.5,16,0.48146
2025-05-18T03:06:00,0,73.3,16,0.48509
2025-05-18T03:09:00,0,73.1,16,0.48872
2025-05-18T03:12:00,0,73.1,16,0.48872
2025-05-18T03:15:00,0,73.1,16,0.48872
2025-05-18T03:18:00,0,73.1,16,0.48872
2025-05-18T03:21:00,0,73.1,16,0.48872
2025-05-18T03:24:00,0,73.3,16,0.48509
2025-05-18T03:27:00,0,73.2,16,0.48691
2025-05-18T03:30:00,0,73.1,16,0.48872
2025-05-18T03:33:00,0,73,16,0.49054
2025-05-18T03:36:00,0,73,16,0.49054
2025-05-18T03:39:00,0,73.1,16,0.48872
2025-05-18T03:42:00,0,73,16,0.49054
2025-05-18T03:45:00,0,72.9,16,0.49236
2025-05-18T03:48:00,0,72.8,16,0.49417
2025-05-18T03:51:00,0,72.4,16,0.50144
2025-05-18T03:54:00,0,72.4,16,0.50144
2025-05-18T03:57:00,0,72.3,16,0.50326
2025-05-18T04:00:00,0,72.3,16,0.50326
2025-05-18T04:03:00,345,71.7,16,0.51416
2025-05-18T04:06:00,342,71.3,16,0.52143
2025-05-18T04:09:00,341,70.6,16,0.53414
2025-05-18T04:12:00,338,70.1,17,0.57891
2025-05-18T04:15:00,336,69.7,17,0.58666
2025-05-18T04:18:00,335,69.4,17,0.59247
2025-05-18T04:21:00,334,69.4,17,0.59247
2025-05-18T04:24:00,333,69.2,17,0.59634
2025-05-18T04:27:00,332,69.2,17,0.59634
2025-05-18T04:30:00,331.5,69,17,0.60021
2025-05-18T04:33:00,331,68.8,17,0.60408
2025-05-18T04:36:00,331,68.5,17,0.60989
2025-05-18T04:39:00,329,68.3,18,0.65376
2025-05-18T04:42:00,330,68.1,18,0.65788
2025-05-18T04:45:00,330,68.1,18,0.65788
2025-05-18T04:48:00,330,68.1,18,0.65788
2025-05-18T04:51:00,329,67.6,18,0.6682
2025-05-18T04:54:00,329,67.4,18,0.67232
2025-05-18T04:57:00,329,67.1,18,0.67851
2025-05-18T05:00:00,330,66.7,18,0.68676
2025-05-18T05:03:00,329,66.7,18,0.68676
2025-05-18T05:06:00,329,66.6,18,0.68882
2025-05-18T05:09:00,330,65.9,18,0.70326
2025-05-18T05:12:00,331,66,18,0.70119
2025-05-18T05:15:00,330,65.9,18,0.70326
2025-05-18T05:18:00,331,65.7,18,0.70738
2025-05-18T05:21:00,331,65.4,19,0.7597
2025-05-18T05:24:00,331,65.3,19,0.76189
2025-05-18T05:27:00,331,65.3,19,0.76189
2025-05-18T05:30:00,332,64.9,19,0.77068
2025-05-18T05:33:00,331,64.8,19,0.77287
2025-05-18T05:36:00,333,64.8,19,0.77287
2025-05-18T05:39:00,333,64.6,19,0.77726
2025-05-18T05:42:00,334,64.1,19,0.78824
2025-05-18T05:45:00,333,64.4,19,0.78165
2025-05-18T05:48:00,334,63.7,19,0.79702
2025-05-18T05:51:00,334,64.1,19,0.78824
2025-05-18T05:54:00,335,63.9,19,0.79263
2025-05-18T05:57:00,335,63.4,19,0.80361
2025-05-18T06:00:00,336,63.5,19,0.80142
2025-05-18T06:03:00,336,63.4,19,0.80361
2025-05-18T06:06:00,339,63.6,19,0.79922
2025-05-18T06:09:00,340,63.8,19,0.79483
2025-05-18T06:12:00,341,63.5,19,0.80142
2025-05-18T06:15:00,343,63,19,0.81239
2025-05-18T06:18:00,345,63,19,0.81239
2025-05-18T06:21:00,350,62.9,19,0.81459
2025-05-18T06:24:00,350,62.5,19,0.82337
2025-05-18T06:27:00,354,62.7,19,0.81898
2025-05-18T06:30:00,352,62.6,19,0.82118
2025-05-18T06:33:00,354,62.2,19,0.82996
2025-05-18T06:36:00,358,61.9,19,0.83655
2025-05-18T06:39:00,364,62.1,19,0.83215
2025-05-18T06:42:00,367,62.1,19,0.83215
2025-05-18T06:45:00,366,62.3,19,0.82776
2025-05-18T06:48:00,365,62,19,0.83435
2025-05-18T06:51:00,358,61.8,19,0.83874
2025-05-18T06:54:00,357,61.4,19,0.84752
2025-05-18T06:57:00,364,61.8,20,0.89254
2025-05-18T07:00:00,372,61.5,20,0.89954
2025-05-18T07:03:00,359,61.3,20,0.90422
2025-05-18T07:06:00,358,60.9,20,0.91356
2025-05-18T07:09:00,356,60.7,20,0.91824
2025-05-18T07:12:00,355,60.8,20,0.9159
2025-05-18T07:15:00,356,60.2,20,0.92992
2025-05-18T07:18:00,367,60.4,20,0.92525
2025-05-18T07:21:00,369,60.7,20,0.91824
2025-05-18T07:24:00,355,60.5,20,0.92291
2025-05-18T07:27:00,361,59.6,20,0.94394
2025-05-18T07:30:00,391,58.3,20,0.97431
2025-05-18T07:33:00,400,57.6,20,0.99067
2025-05-18T07:36:00,414,56.9,21,1.0711
2025-05-18T07:39:00,413,54.7,21,1.12577
2025-05-18T07:42:00,431,54.3,21,1.13572
2025-05-18T07:45:00,515,52.7,21,1.17548
2025-05-18T07:48:00,612,50.8,22,1.29989
2025-05-18T07:51:00,637,49,22,1.34744
2025-05-18T07:54:00,665,47.5,23,1.47396
2025-05-18T07:57:00,666,47.3,23,1.47958
2025-05-18T08:00:00,677,43.5,23,1.58626
2025-05-18T08:03:00,690,40.5,24,1.77431
2025-05-18T08:06:00,602,38.8,23,1.71822
2025-05-18T08:09:00,528,38.2,22,1.63279
2025-05-18T08:12:00,518,38.3,21,1.53334
2025-05-18T08:15:00,586,37.9,23,1.74349
2025-05-18T08:18:00,579,36.8,22,1.66977
2025-05-18T08:21:00,539,37.2,23,1.76314
2025-05-18T08:24:00,631,38.8,23,1.71822
2025-05-18T08:27:00,684,38.8,23,1.71822
2025-05-18T08:30:00,739,39,23,1.7126
2025-05-18T08:33:00,754,37.25,23,1.76173
2025-05-18T08:36:00,769,35.5,23,1.81087
2025-05-18T08:39:00,784,36.8,22,1.66977
2025-05-18T08:42:00,569,35.7,23,1.80525
2025-05-18T08:45:00,840,33.6,24,1.98008
2025-05-18T08:48:00,886,35.5,24,1.92342
2025-05-18T08:51:00,541,33.6,24,1.98008
2025-05-18T08:54:00,561,35.1,23,1.8221
2025-05-18T08:57:00,638,37.8,21,1.54577
2025-05-18T09:00:00,503,37.7,22,1.646
2025-05-18T09:03:00,504,37.3,23,1.76033
2025-05-18T09:06:00,538,32.5,23,1.89509
2025-05-18T09:09:00,504,35.5,21,1.60292
2025-05-18T09:12:00,485,36.9,22,1.66713
2025-05-18T09:15:00,486,39.9,22,1.58787
2025-05-18T09:18:00,494,41.9,23,1.63118
2025-05-18T09:21:00,524,38.3,21,1.53334
2025-05-18T09:24:00,531,37.1,21,1.56316
2025-05-18T09:27:00,543,37.2,21,1.56068
2025-05-18T09:30:00,506,38.5,22,1.62486
2025-05-18T09:33:00,512,38,22,1.63807
2025-05-18T09:36:00,580,34.9,22,1.71997
2025-05-18T09:39:00,536,31.7,21,1.69736
2025-05-18T09:42:00,528,32.7,22,1.7781
2025-05-18T09:45:00,518,34.1,19,1.44694
2025-05-18T09:48:00,493,31.4,20,1.60282
2025-05-18T09:51:00,475,32.6,21,1.67499
2025-05-18T09:54:00,487,35.2,18,1.33639
2025-05-18T09:57:00,501,29.7,19,1.54355
2025-05-18T10:00:00,498,33,19,1.47109
2025-05-18T10:03:00,508,29.7,20,1.64255
2025-05-18T10:06:00,524,31.6,19,1.50183
2025-05-18T10:09:00,465,34.5,16,1.19002
2025-05-18T10:12:00,503,32.4,19,1.48426
2025-05-18T10:15:00,506,30.2,20,1.63086
2025-05-18T10:18:00,486,32,19,1.49305
2025-05-18T10:21:00,497,30.4,17,1.34757
2025-05-18T10:24:00,492,30.8,19,1.5194
2025-05-18T10:27:00,543,29.2,20,1.65423
2025-05-18T10:30:00,491,29.3,20,1.65189
2025-05-18T10:33:00,505,29.1,21,1.76197
2025-05-18T10:36:00,528,28.3,21,1.78185
2025-05-18T10:39:00,531,28.1,21,1.78683
2025-05-18T10:42:00,542,27.9,21,1.7918
2025-05-18T10:45:00,571,28.5,21,1.77688
2025-05-18T10:48:00,553,27.4,22,1.91813
2025-05-18T10:51:00,481,28.4,22,1.89171
2025-05-18T10:54:00,561,27.1,19,1.60063
2025-05-18T10:57:00,506,32,19,1.49305
2025-05-18T11:00:00,550,28.8,21,1.76943
2025-05-18T11:03:00,553,29.1,21,1.76197
2025-05-18T11:06:00,558,27.6,21,1.79925
2025-05-18T11:09:00,542,27.5,21,1.80174
2025-05-18T11:12:00,538,28.1,21,1.78683
2025-05-18T11:15:00,566,25.6,20,1.73834
2025-05-18T11:18:00,591,29.2,20,1.65423
2025-05-18T11:21:00,540,27.5,21,1.80174
2025-05-18T11:24:00,528,27.3,21,1.80671
2025-05-18T11:27:00,526,28.4,20,1.67292
2025-05-18T11:30:00,520,26.8,19,1.60722
2025-05-18T11:33:00,520,30,19,1.53696
2025-05-18T11:36:00,517,30.7,18,1.4292
2025-05-18T11:39:00,531,27.3,19,1.59624
2025-05-18T11:42:00,497,29.8,19,1.54135
2025-05-18T11:45:00,508,29.5,17,1.365
2025-05-18T11:48:00,511,30.4,19,1.52818
2025-05-18T11:51:00,506,31.2,18,1.41889
2025-05-18T11:54:00,525,28.8,20,1.66357
2025-05-18T11:57:00,524,27.4,20,1.69628
2025-05-18T12:00:00,512,27.4,20,1.69628
2025-05-18T12:03:00,525,28.4,21,1.77937
2025-05-18T12:06:00,524,26.4,21,1.82907
2025-05-18T12:09:00,539,26.1,21,1.83653
2025-05-18T12:12:00,512,30.1,19,1.53476
2025-05-18T12:15:00,504,28,20,1.68227
2025-05-18T12:18:00,514,26.7,21,1.82162
2025-05-18T12:21:00,502,26.1,21,1.83653
2025-05-18T12:24:00,514,26.8,21,1.81913
2025-05-18T12:27:00,539,26.5,21,1.82659
2025-05-18T12:30:00,510,26.2,21,1.83404
2025-05-18T12:33:00,542,25.5,22,1.96833
2025-05-18T12:36:00,543,25.2,22,1.97625
2025-05-18T12:39:00,542,26.5,21,1.82659
2025-05-18T12:42:00,515,26,21,1.83901
2025-05-18T12:45:00,530,27.2,20,1.70096
2025-05-18T12:48:00,539,25,20,1.75236
2025-05-18T12:51:00,528,29.4,19,1.55013
2025-05-18T12:54:00,550,27.6,21,1.79925
2025-05-18T12:57:00,536,27.2,21,1.80919
2025-05-18T13:00:00,508,29,20,1.6589
2025-05-18T13:03:00,533,29.7,18,1.44982
2025-05-18T13:06:00,509,29.8,19,1.54135
2025-05-18T13:09:00,505,28.2,20,1.67759
2025-05-18T13:12:00,512,28.1,20.5,1.73265
2025-05-18T13:15:00,519,28,21,1.78931
2025-05-18T13:18:00,528,28.5,18,1.47457
2025-05-18T13:21:00,523,28,20,1.68227
2025-05-18T13:24:00,517,29.8,20,1.64021
2025-05-18T13:27:00,448,28.9,17,1.37661
2025-05-18T13:30:00,446,28.2,20,1.67759
2025-05-18T13:33:00,453,26.2,21,1.83404
2025-05-18T13:36:00,459,26.1,21,1.83653
2025-05-18T13:39:00,459,25.1,20,1.75002
2025-05-18T13:42:00,451,29.1,19,1.55672
2025-05-18T13:45:00,449,28,20,1.68227
2025-05-18T13:48:00,451,25.7,21,1.84647
2025-05-18T13:51:00,455,27.2,21,1.80919
2025-05-18T13:54:00,438,31.8,18,1.40651
2025-05-18T13:57:00,453,28.8,20,1.66357
2025-05-18T14:00:00,449,27.8,20,1.68694
2025-05-18T14:03:00,439,26.8,21,1.81913
2025-05-18T14:06:00,449,26.5,20,1.71731
2025-05-18T14:09:00,451,28.7,20,1.66591
2025-05-18T14:12:00,454,27.8,21,1.79428
2025-05-18T14:15:00,468,27.5,21,1.80174
2025-05-18T14:18:00,445,27,22,1.92869
2025-05-18T14:21:00,463,26.8,22,1.93398
2025-05-18T14:24:00,459,25.6,22,1.96568
2025-05-18T14:27:00,463,26.4,23,2.06635
2025-05-18T14:30:00,469,23.6,22,2.01852
2025-05-18T14:33:00,463,28.3,19,1.57429
2025-05-18T14:36:00,476,26.9,21,1.81665
2025-05-18T14:39:00,439,25.7,21,1.84647
2025-05-18T14:42:00,452,26.5,21,1.82659
2025-05-18T14:45:00,449,27,20,1.70563
2025-05-18T14:48:00,456,25.3,21,1.85641
2025-05-18T14:51:00,534,25.5,21,1.85144
2025-05-18T14:54:00,510,26,21,1.83901
2025-05-18T14:57:00,494,29.3,21,1.757
2025-05-18T15:00:00,487,27.5,22,1.91548
2025-05-18T15:03:00,482,26,23,2.07758
2025-05-18T15:06:00,482,25.7,23,2.08601
2025-05-18T15:09:00,476,26.5,20,1.71731
2025-05-18T15:12:00,471,26.7,21,1.82162
2025-05-18T15:15:00,476,27.3,21,1.80671
2025-05-18T15:18:00,486,27.8,22,1.90756
2025-05-18T15:21:00,490,27.8,20,1.68694
2025-05-18T15:24:00,493,27.7,21,1.79677
2025-05-18T15:27:00,487,26.9,21,1.81665
2025-05-18T15:30:00,473,27.1,22,1.92605
2025-05-18T15:33:00,459,27.6,22,1.91284
2025-05-18T15:36:00,446,26.5,22,1.94191
2025-05-18T15:39:00,436,26.7,22,1.93662
2025-05-18T15:42:00,420,26.8,22,1.93398
2025-05-18T15:45:00,411,27.5,22,1.91548
2025-05-18T15:48:00,405,27.5,22,1.91548
2025-05-18T15:51:00,408,28.2,22,1.89699
2025-05-18T15:54:00,413,29.7,22,1.85736
2025-05-18T15:57:00,421,29.3,22,1.86793
2025-05-18T16:00:00,426,28.2,22,1.89699
2025-05-18T16:03:00,424,28.3,22,1.89435
2025-05-18T16:06:00,421,29.1,21,1.76197
2025-05-18T16:09:00,424,29.7,22,1.85736
2025-05-18T16:12:00,424,30.4,22,1.83887
2025-05-18T16:15:00,427,29.3,22,1.86793
2025-05-18T16:18:00,425,28.7,21,1.77191
2025-05-18T16:21:00,421,28.9,21,1.76694
2025-05-18T16:24:00,425,29.1,22,1.87321
2025-05-18T16:27:00,427,29.4,21,1.75452
2025-05-18T16:30:00,426,29.4,22,1.86529
2025-05-18T16:33:00,423,29.4,22,1.86529
2025-05-18T16:36:00,421,29.7,22,1.85736
2025-05-18T16:39:00,421,30.3,22,1.84151
2025-05-18T16:42:00,421,30.4,22,1.83887
2025-05-18T16:45:00,423,30.7,22,1.83094
2025-05-18T16:48:00,424,30.8,22,1.8283
2025-05-18T16:51:00,427,30.4,22,1.83887
2025-05-18T16:54:00,424,30.9,22,1.82566
2025-05-18T16:57:00,420,30.4,21,1.72967
2025-05-18T17:00:00,420,30.6,22,1.83358
2025-05-18T17:03:00,419,30.6,22,1.83358
2025-05-18T17:06:00,423,30.7,22,1.83094
2025-05-18T17:09:00,429,32.1,22,1.79395
2025-05-18T17:12:00,431,31.8,22,1.80188
2025-05-18T17:15:00,428,29.9,22,1.85208
2025-05-18T17:18:00,429,31.5,22,1.8098
2025-05-18T17:21:00,424,30.8,22,1.8283
2025-05-18T17:24:00,424,30.8,22,1.8283
2025-05-18T17:27:00,420,30.6,21,1.7247
2025-05-18T17:30:00,416,31.5,22,1.8098
2025-05-18T17:33:00,415,31,22,1.82301
2025-05-18T17:36:00,420,30.5,22,1.83622
2025-05-18T17:39:00,413,30,21,1.73961
2025-05-18T17:42:00,404,30.5,22,1.83622
2025-05-18T17:45:00,399,30.7,21,1.72221
2025-05-18T17:48:00,394,30.7,22,1.83094
2025-05-18T17:51:00,389,31.2,21,1.70979
2025-05-18T17:54:00,385,32.1,22,1.79395
2025-05-18T17:57:00,383,31.9,22,1.79923
2025-05-18T18:00:00,382,31.8,22,1.80188
2025-05-18T18:03:00,384,31.9,21,1.69239
2025-05-18T18:06:00,386,32.8,22,1.77546
2025-05-18T18:09:00,383,33.8,22,1.74904
2025-05-18T18:12:00,383,34.3,22,1.73583
2025-05-18T18:15:00,383,34.1,22,1.74111
2025-05-18T18:18:00,384,33.3,21,1.6576
2025-05-18T18:21:00,386,33.4,22,1.7596
2025-05-18T18:24:00,385,33.9,22,1.74639
2025-05-18T18:27:00,384,34.7,22,1.72526
2025-05-18T18:30:00,381,34.8,22,1.72262
2025-05-18T18:33:00,381,33.6,22,1.75432
2025-05-18T18:36:00,380,32.7,21,1.67251
2025-05-18T18:39:00,381,32.8,22,1.77546
2025-05-18T18:42:00,377,32.9,22,1.77281
2025-05-18T18:45:00,373,34.8,22,1.72262
2025-05-18T18:48:00,372,36.2,22,1.68563
2025-05-18T18:51:00,369,36.7,22,1.67242
2025-05-18T18:54:00,368,34.1,21,1.63772
2025-05-18T18:57:00,364,34.3,21,1.63275
2025-05-18T19:00:00,361,34.4,21,1.63026
2025-05-18T19:03:00,359,34.6,22,1.7279
2025-05-18T19:06:00,358,34.3,22,1.73583
2025-05-18T19:09:00,357,34,22,1.74375
2025-05-18T19:12:00,358,34.4,22,1.73318
2025-05-18T19:15:00,357,33.7,22,1.75168
2025-05-18T19:18:00,354,34.1,22,1.74111
2025-05-18T19:21:00,353,34,22,1.74375
2025-05-18T19:24:00,352,34.2,22,1.73847
2025-05-18T19:27:00,353,34.2,22,1.73847
2025-05-18T19:30:00,353,34.7,22,1.72526
2025-05-18T19:33:00,355,34.4,22,1.73318
2025-05-18T19:36:00,354,34.5,22,1.73054
2025-05-18T19:39:00,351,34.3,22,1.73583
2025-05-18T19:42:00,349,34.5,22,1.73054
2025-05-18T19:45:00,347,34.5,22,1.73054
2025-05-18T19:48:00,343,35.1,22,1.71469
2025-05-18T19:51:00,342,36.3,22,1.68298
2025-05-18T19:54:00,340,36.8,22,1.66977
2025-05-18T19:57:00,341,37.6,22,1.64864
2025-05-18T20:00:00,339,38.3,22,1.63014
2025-05-18T20:03:00,0,39.6,22,1.5958
2025-05-18T20:06:00,0,40.4,21,1.48115
2025-05-18T20:09:00,0,41.3,21,1.45879
2025-05-18T20:12:00,0,42.1,21,1.4389
2025-05-18T20:15:00,0,42.6,21,1.42648
2025-05-18T20:18:00,0,43.5,21,1.40411
2025-05-18T20:21:00,0,44.1,21,1.3892
2025-05-18T20:24:00,0,44.9,20,1.2874
2025-05-18T20:27:00,0,45.6,20,1.27104
2025-05-18T20:30:00,0,46.3,20,1.25469
2025-05-18T20:33:00,0,47.4,20,1.22899
2025-05-18T20:36:00,0,47.5,20,1.22665
2025-05-18T20:39:00,0,48.3,20,1.20796
2025-05-18T20:42:00,0,48.9,20,1.19394
2025-05-18T20:45:00,0,49.6,20,1.17759
2025-05-18T20:48:00,0,50.3,20,1.16123
2025-05-18T20:51:00,0,50.7,20,1.15188
2025-05-18T20:54:00,0,51.1,20,1.14254
2025-05-18T20:57:00,0,51.6,20,1.13086
2025-05-18T21:00:00,0,52.1,20,1.11917
2025-05-18T21:03:00,0,52.5,19,1.04294
2025-05-18T21:06:00,0,52.9,19,1.03415
2025-05-18T21:09:00,0,53.4,19,1.02318
2025-05-18T21:12:00,0,53.8,19,1.01439
2025-05-18T21:15:00,0,54.3,19,1.00342
2025-05-18T21:18:00,0,54.6,19,0.99683
2025-05-18T21:21:00,0,55,19,0.98805
2025-05-18T21:24:00,0,55.3,19,0.98146
2025-05-18T21:27:00,0,55.5,19,0.97707
2025-05-18T21:30:00,0,55.9,19,0.96828
2025-05-18T21:33:00,0,56.2,19,0.9617
2025-05-18T21:36:00,0,56.4,19,0.95731
2025-05-18T21:39:00,0,56.7,19,0.95072
2025-05-18T21:42:00,0,56.9,19,0.94633
2025-05-18T21:45:00,0,57.3,19,0.93755
2025-05-18T21:48:00,0,57.5,19,0.93315
2025-05-18T21:51:00,0,57.9,19,0.92437
2025-05-18T21:54:00,0,58,19,0.92218
2025-05-18T21:57:00,0,58.2,19,0.91778
2025-05-18T22:00:00,0,58.5,19,0.9112
2025-05-18T22:03:00,0,58.7,18,0.85174
2025-05-18T22:06:00,0,58.8,18,0.84968
2025-05-18T22:09:00,0,59,18,0.84556
2025-05-18T22:12:00,0,59.2,18,0.84143
2025-05-18T22:15:00,0,59.5,18,0.83524
2025-05-18T22:18:00,0,59.6,18,0.83318
2025-05-18T22:21:00,0,59.8,18,0.82906
2025-05-18T22:24:00,0,60,18,0.82493
2025-05-18T22:27:00,0,60.1,18,0.82287
2025-05-18T22:30:00,0,60.2,18,0.82081
2025-05-18T22:33:00,0,60.5,18,0.81462
2025-05-18T22:36:00,0,60.7,18,0.8105
2025-05-18T22:39:00,0,60.8,18,0.80843
2025-05-18T22:42:00,0,61,18,0.80431
2025-05-18T22:45:00,0,61,18,0.80431
2025-05-18T22:48:00,0,61.3,18,0.79812
2025-05-18T22:51:00,0,61.4,18,0.79606
2025-05-18T22:54:00,0,61.5,18,0.794
2025-05-18T22:57:00,0,61.6,18,0.79194
2025-05-18T23:00:00,0,61.7,18,0.78987
2025-05-18T23:03:00,0,61.9,18,0.78575
2025-05-18T23:06:00,0,64.1,18,0.74038
2025-05-18T23:09:00,0,65.9,18,0.70326
2025-05-18T23:12:00,0,67.1,18,0.67851
2025-05-18T23:15:00,0,68.2,18,0.65582
2025-05-18T23:18:00,0,69.2,18,0.6352
2025-05-18T23:21:00,0,69.7,18,0.62489
2025-05-18T23:24:00,0,70.2,18,0.61458
2025-05-18T23:27:00,0,70.7,18,0.60426
2025-05-18T23:30:00,0,71,18,0.59808
2025-05-18T23:33:00,0,71.2,18,0.59395
2025-05-18T23:36:00,0,71.4,18,0.58983
2025-05-18T23:39:00,0,71.7,18,0.58364
2025-05-18T23:42:00,0,71.6,18,0.5857
2025-05-18T23:45:00,0,71.7,18,0.58364
2025-05-18T23:48:00,0,71.8,18,0.58158
2025-05-18T23:51:00,0,71.8,18,0.58158
2025-05-18T23:54:00,0,71.7,18,0.58364
2025-05-18T23:57:00,0,71.5,18,0.58776
2025-05-19T00:00:00,0,71.5,18,0.58776
2025-05-19T00:03:00,0,71.6,18,0.5857
2025-05-19T00:06:00,0,71.4,17,0.55374
2025-05-19T00:09:00,0,71.35,17.5,0.57253
2025-05-19T00:12:00,0,71.3,18,0.59189
2025-05-19T00:15:00,0,71.3,17,0.55568
2025-05-19T00:18:00,0,71.3,17,0.55568
2025-05-19T00:21:00,0,71.4,17,0.55374
2025-05-19T00:24:00,0,71.3,17,0.55568
2025-05-19T00:27:00,0,71.3,17,0.55568
2025-05-19T00:30:00,0,71.2,17,0.55762
2025-05-19T00:33:00,0,71.5,17,0.55181
2025-05-19T00:36:00,0,72.8,17,0.52664
2025-05-19T00:39:00,0,73.7,17,0.50921
2025-05-19T00:42:00,0,74.2,17,0.49953
2025-05-19T00:45:00,0,74.7,17,0.48985
2025-05-19T00:48:00,0,74.7,17,0.48985
2025-05-19T00:51:00,0,75.1,17,0.4821
2025-05-19T00:54:00,0,75,17,0.48404
2025-05-19T00:57:00,0,75.1,17,0.4821
2025-05-19T01:00:00,0,75.1,17,0.4821
2025-05-19T01:03:00,0,75.2,17,0.48017
2025-05-19T01:06:00,0,75.2,17,0.48017
2025-05-19T01:09:00,0,75.1,17,0.4821
2025-05-19T01:12:00,0,75,17,0.48404
2025-05-19T01:15:00,0,75.1,17,0.4821
2025-05-19T01:18:00,0,75,17,0.48404
2025-05-19T01:21:00,0,75,17,0.48404
2025-05-19T01:24:00,0,75,17,0.48404
2025-05-19T01:27:00,0,75,17,0.48404
2025-05-19T01:30:00,0,74.8,17,0.48791
2025-05-19T01:33:00,0,75,17,0.48404
2025-05-19T01:36:00,0,74.9,17,0.48598
2025-05-19T01:39:00,0,74.8,17,0.48791
2025-05-19T01:42:00,0,75,17,0.48404
2025-05-19T01:45:00,0,74.7,17,0.48985
2025-05-19T01:48:00,0,74.6,17,0.49179
2025-05-19T01:51:00,0,74.7,17,0.48985
2025-05-19T01:54:00,0,74.5,17,0.49372
2025-05-19T01:57:00,0,74.3,17,0.49759
2025-05-19T02:00:00,0,74.4,17,0.49566
2025-05-19T02:03:00,0,74.6,17,0.49179
2025-05-19T02:06:00,0,75.7,17,0.47049
2025-05-19T02:09:00,0,76.3,17,0.45887
2025-05-19T02:12:00,0,76.8,17,0.44919
2025-05-19T02:15:00,0,77.2,17,0.44145
2025-05-19T02:18:00,0,77.4,17,0.43757
2025-05-19T02:21:00,0,77.6,17,0.4337
2025-05-19T02:24:00,0,77.6,17,0.4337
2025-05-19T02:27:00,0,77.4,17,0.43757
2025-05-19T02:30:00,0,77.5,17,0.43564
2025-05-19T02:33:00,0,77.3,17,0.43951
2025-05-19T02:36:00,0,77.4,17,0.43757
2025-05-19T02:39:00,0,77.4,17,0.43757
2025-05-19T02:42:00,0,77,17,0.44532
2025-05-19T02:45:00,0,77.2,17,0.44145
2025-05-19T02:48:00,0,76.8,17,0.44919
2025-05-19T02:51:00,0,76.8,17,0.44919
2025-05-19T02:54:00,0,76.5,17,0.455
2025-05-19T02:57:00,0,76.5,17,0.455
2025-05-19T03:00:00,0,76.5,17,0.455
2025-05-19T03:03:00,0,76.3,17,0.45887
2025-05-19T03:06:00,0,76.1,17,0.46274
2025-05-19T03:09:00,0,76.2,17,0.46081
2025-05-19T03:12:00,0,76.1,16,0.43422
2025-05-19T03:15:00,0,75.8,17,0.46855
2025-05-19T03:18:00,0,75.9,17,0.46662
2025-05-19T03:21:00,0,75.7,16,0.44149
2025-05-19T03:24:00,0,75.6,16,0.4433
2025-05-19T03:27:00,0,75.6,16,0.4433
2025-05-19T03:30:00,0,75.3,16,0.44875
2025-05-19T03:33:00,0,75.2,16,0.45057
2025-05-19T03:36:00,0,75,16,0.4542
2025-05-19T03:39:00,0,75,16,0.4542
2025-05-19T03:42:00,0,74.6,16,0.46147
2025-05-19T03:45:00,0,74.5,16,0.46329
2025-05-19T03:48:00,0,74.3,16,0.46692
2025-05-19T03:51:00,0,74.3,16,0.46692
2025-05-19T03:54:00,0,74.1,16,0.47056
2025-05-19T03:57:00,0,74,16,0.47237
2025-05-19T04:00:00,0,73.8,16,0.47601
2025-05-19T04:03:00,346,73.6,16,0.47964
2025-05-19T04:06:00,343,72.8,16,0.49417
2025-05-19T04:09:00,342,72.2,17,0.53825
2025-05-19T04:12:00,339,71.9,17,0.54406
2025-05-19T04:15:00,337,71.3,17,0.55568
2025-05-19T04:18:00,336,71.1,17,0.55955
2025-05-19T04:21:00,334,70.9,17,0.56342
2025-05-19T04:24:00,333,70.6,17,0.56923
2025-05-19T04:27:00,332,70.3,17,0.57504
2025-05-19T04:30:00,332,70.3,18,0.61251
2025-05-19T04:33:00,331,70,18,0.6187
2025-05-19T04:36:00,331,69.9,18,0.62076
2025-05-19T04:39:00,331,69.7,18,0.62489
2025-05-19T04:42:00,330,69.4,18,0.63107
2025-05-19T04:45:00,330,69.3,18,0.63314
2025-05-19T04:48:00,329,69.2,18,0.6352
2025-05-19T04:51:00,329,68.8,18,0.64345
2025-05-19T04:54:00,330,68.5,18,0.64963
2025-05-19T04:57:00,330,68.5,18,0.64963
2025-05-19T05:00:00,329,68.3,18,0.65376
2025-05-19T05:03:00,328,68.1,19,0.70041
2025-05-19T05:06:00,330,67.9,19,0.70481
2025-05-19T05:09:00,329,67.6,19,0.71139
2025-05-19T05:12:00,329,67.6,19,0.71139
2025-05-19T05:15:00,329,67.3,19,0.71798
2025-05-19T05:18:00,330,67.2,19,0.72018
2025-05-19T05:21:00,331,66.7,19,0.73115
2025-05-19T05:24:00,331,66.3,19,0.73994
2025-05-19T05:27:00,329,66.1,19,0.74433
2025-05-19T05:30:00,331,65.6,19,0.75531
2025-05-19T05:33:00,331,65.6,19,0.75531
2025-05-19T05:36:00,331,65.3,19,0.76189
2025-05-19T05:39:00,330,64.8,19,0.77287
2025-05-19T05:42:00,331,64.6,19,0.77726
2025-05-19T05:45:00,331,64.5,19,0.77946
2025-05-19T05:48:00,332,64.4,19,0.78165
2025-05-19T05:51:00,332,64,19,0.79044
2025-05-19T05:54:00,331,63.7,19,0.79702
2025-05-19T05:57:00,332,63.7,19,0.79702
2025-05-19T06:00:00,332,63.6,19,0.79922
2025-05-19T06:03:00,333,63.4,19,0.80361
2025-05-19T06:06:00,332,63.3,19,0.80581
2025-05-19T06:09:00,333,63.4,19,0.80361
2025-05-19T06:12:00,333,62.9,19,0.81459
2025-05-19T06:15:00,333,62.8,19,0.81678
2025-05-19T06:18:00,334,62.8,19,0.81678
2025-05-19T06:21:00,334,62.8,19,0.81678
2025-05-19T06:24:00,336,62.5,19,0.82337
2025-05-19T06:27:00,336,62.4,19,0.82557
2025-05-19T06:30:00,336,62.7,19,0.81898
2025-05-19T06:33:00,336,62,19,0.83435
2025-05-19T06:36:00,337,61.9,19,0.83655
2025-05-19T06:39:00,336,61.9,19,0.83655
2025-05-19T06:42:00,339,62,19,0.83435
2025-05-19T06:45:00,339,61.6,19,0.84313
2025-05-19T06:48:00,340,61.8,19,0.83874
2025-05-19T06:51:00,340,61.6,19,0.84313
2025-05-19T06:54:00,342,61.8,19,0.83874
2025-05-19T06:57:00,345,61.7,19,0.84094
2025-05-19T07:00:00,350,61.9,19,0.83655
2025-05-19T07:03:00,353,62.1,19,0.83215
2025-05-19T07:06:00,353,62.9,19,0.81459
2025-05-19T07:09:00,357,63,19,0.81239
2025-05-19T07:12:00,361,63.1,19,0.8102
2025-05-19T07:15:00,358,63,19,0.81239
2025-05-19T07:18:00,361,62.5,19,0.82337
2025-05-19T07:21:00,361,63.4,19,0.80361
2025-05-19T07:24:00,360,63,19,0.81239
2025-05-19T07:27:00,370,63.6,20,0.85048
2025-05-19T07:30:00,369,63.5,20,0.85281
2025-05-19T07:33:00,364,63.7,20,0.84814
2025-05-19T07:36:00,367,63.6,20,0.85048
2025-05-19T07:39:00,375,63.3,20,0.85749
2025-05-19T07:42:00,379,63.6,20,0.85048
2025-05-19T07:45:00,378,63.6,20,0.85048
2025-05-19T07:48:00,375,63.7,20,0.84814
2025-05-19T07:51:00,376,63.6,20,0.85048
2025-05-19T07:54:00,381,63.9,20,0.84347
2025-05-19T07:57:00,374,63.6,20,0.85048
2025-05-19T08:00:00,369,64.1,20,0.8388
2025-05-19T08:03:00,383,64.1,20,0.8388
2025-05-19T08:06:00,381,64.1,20,0.8388
2025-05-19T08:09:00,383,64.4,20,0.83179
2025-05-19T08:12:00,379,63.7,21,0.90211
2025-05-19T08:15:00,386,63.7,21,0.90211
2025-05-19T08:18:00,383,63.4,21,0.90957
2025-05-19T08:21:00,375,62.9,21,0.92199
2025-05-19T08:24:00,387,63,21,0.91951
2025-05-19T08:27:00,388,63.2,21,0.91454
2025-05-19T08:30:00,391,63,21,0.91951
2025-05-19T08:33:00,384,62.6,21,0.92945
2025-05-19T08:36:00,372,62.3,21,0.9369
2025-05-19T08:39:00,368,62.3,21,0.9369
2025-05-19T08:42:00,384,62.8,21,0.92448
2025-05-19T08:45:00,394,62.4,21,0.93442
2025-05-19T08:48:00,394,62.3,21,0.9369
2025-05-19T08:51:00,389,61.5,21,0.95678
2025-05-19T08:54:00,389,62.2,21,0.93939
2025-05-19T08:57:00,380,61.9,21,0.94684
2025-05-19T09:00:00,379,62.3,21,0.9369
2025-05-19T09:03:00,380,62.1,21,0.94187
2025-05-19T09:06:00,378,61.8,21,0.94933
2025-05-19T09:09:00,377,60.5,21,0.98164
2025-05-19T09:12:00,380,59.7,21,1.00152
2025-05-19T09:15:00,370,60.3,21,0.98661
2025-05-19T09:18:00,370,59.9,21,0.99655
2025-05-19T09:21:00,372,59.4,21,1.00897
2025-05-19T09:24:00,373,60.5,21,0.98164
2025-05-19T09:27:00,373,60.4,21,0.98412
2025-05-19T09:30:00,372,60.8,21,0.97418
2025-05-19T09:33:00,377,60.6,21,0.97915
2025-05-19T09:36:00,373,61.4,21,0.95927
2025-05-19T09:39:00,373,61,21,0.96921
2025-05-19T09:42:00,371,59.8,21,0.99903
2025-05-19T09:45:00,371,60.2,21,0.98909
2025-05-19T09:48:00,378,60.6,21,0.97915
2025-05-19T09:51:00,381,60.9,21,0.97169
2025-05-19T09:54:00,378,60.8,21,0.97418
2025-05-19T09:57:00,383,60.8,21,0.97418
2025-05-19T10:00:00,382,61.3,21,0.96175
2025-05-19T10:03:00,381,61.6,21,0.9543
2025-05-19T10:06:00,380,61.7,21,0.95181
2025-05-19T10:09:00,376,60.4,21,0.98412
2025-05-19T10:12:00,379,60.9,21,0.97169
2025-05-19T10:15:00,372,60.8,21,0.97418
2025-05-19T10:18:00,380,60.7,21,0.97667
2025-05-19T10:21:00,380,60.8,21,0.97418
2025-05-19T10:24:00,376,60.9,21,0.97169
2025-05-19T10:27:00,380,61.4,21,0.95927
2025-05-19T10:30:00,379,60.6,21,0.97915
2025-05-19T10:33:00,381,58.7,21,1.02637
2025-05-19T10:36:00,401,59,21,1.01891
2025-05-19T10:39:00,382,59.8,21,0.99903
2025-05-19T10:42:00,388,60.6,21,0.97915
2025-05-19T10:45:00,381,60.8,21,0.97418
2025-05-19T10:48:00,378,60.3,21,0.98661
2025-05-19T10:51:00,391,60.8,21,0.97418
2025-05-19T10:54:00,384,60.2,21,0.98909
2025-05-19T10:57:00,389,59,21,1.01891
2025-05-19T11:00:00,378,59,21,1.01891
2025-05-19T11:03:00,380,59.5,21,1.00649
2025-05-19T11:06:00,372,59.2,21,1.01394
2025-05-19T11:09:00,372,59.9,21,0.99655
2025-05-19T11:12:00,372,60.2,21,0.98909
2025-05-19T11:15:00,377,60.1,21,0.99158
2025-05-19T11:18:00,380,60,21,0.99406
2025-05-19T11:21:00,391,60.1,21,0.99158
2025-05-19T11:24:00,414,59.5,21,1.00649
2025-05-19T11:27:00,436,57.8,21,1.04873
2025-05-19T11:30:00,408,58.7,21,1.02637
2025-05-19T11:33:00,408,59,21,1.01891
2025-05-19T11:36:00,427,58.4,21,1.03382
2025-05-19T11:39:00,473,57.8,21,1.04873
2025-05-19T11:42:00,446,57,21,1.06862
2025-05-19T11:45:00,467,56.1,22,1.15986
2025-05-19T11:48:00,430,55.3,22,1.181
2025-05-19T11:51:00,402,56.8,22,1.14136
2025-05-19T11:54:00,410,57.2,22,1.1308
2025-05-19T11:57:00,427,56.3,22,1.15457
2025-05-19T12:00:00,427,56,22,1.1625
2025-05-19T12:03:00,449,55.3,22,1.181
2025-05-19T12:06:00,446,54.2,22,1.21006
2025-05-19T12:09:00,443,54.2,22,1.21006
2025-05-19T12:12:00,444,54.3,22,1.20742
2025-05-19T12:15:00,412,54.9,22,1.19156
2025-05-19T12:18:00,405,54.6,22,1.19949
2025-05-19T12:21:00,405,54.3,22,1.20742
2025-05-19T12:24:00,398,54.5,22,1.20213
2025-05-19T12:27:00,398,55.6,22,1.17307
2025-05-19T12:30:00,389,55,22,1.18892
2025-05-19T12:33:00,396,53.9,22,1.21798
2025-05-19T12:36:00,405,54.4,22,1.20477
2025-05-19T12:39:00,426,55.5,22,1.17571
2025-05-19T12:42:00,406,56.5,22,1.14929
2025-05-19T12:45:00,410,55.6,22,1.17307
2025-05-19T12:48:00,397,55.4,22,1.17835
2025-05-19T12:51:00,396,54.3,22,1.20742
2025-05-19T12:54:00,400,55,22,1.18892
2025-05-19T12:57:00,414,56.3,22,1.15457
2025-05-19T13:00:00,425,55.4,22,1.17835
2025-05-19T13:03:00,401,54.3,22,1.20742
2025-05-19T13:06:00,405,54.2,22,1.21006
2025-05-19T13:09:00,387,55.6,22,1.17307
2025-05-19T13:12:00,403,55.9,22,1.16514
2025-05-19T13:15:00,406,56.3,22,1.15457
2025-05-19T13:18:00,409,55.6,22,1.17307
2025-05-19T13:21:00,424,54.8,22,1.19421
2025-05-19T13:24:00,436,54.9,22,1.19156
2025-05-19T13:27:00,438,54.4,22,1.20477
2025-05-19T13:30:00,437,53,22,1.24176
2025-05-19T13:33:00,425,54.4,22,1.20477
2025-05-19T13:36:00,380,54.2,22,1.21006
2025-05-19T13:39:00,369,55.2,22,1.18364
2025-05-19T13:42:00,383,54.2,22,1.21006
2025-05-19T13:45:00,374,55,22,1.18892
2025-05-19T13:48:00,380,55.9,22,1.16514
2025-05-19T13:51:00,400,56.1,22,1.15986
2025-05-19T13:54:00,399,55.2,22,1.18364
2025-05-19T13:57:00,430,54.3,22,1.20742
2025-05-19T14:00:00,449,55.3,22,1.181
2025-05-19T14:03:00,468,55.3,22,1.181
2025-05-19T14:06:00,387,55,22,1.18892
2025-05-19T14:09:00,391,55.4,22,1.17835
2025-05-19T14:12:00,393,54.9,22,1.19156
2025-05-19T14:15:00,441,54.1,22,1.2127
2025-05-19T14:18:00,450,55.4,22,1.17835
2025-05-19T14:21:00,449,54.6,22,1.19949
2025-05-19T14:24:00,444,54.9,22,1.19156
2025-05-19T14:27:00,451,53.8,21,1.14814
2025-05-19T14:30:00,416,53.9,22,1.21798
2025-05-19T14:33:00,460,53.4,22,1.23119
2025-05-19T14:36:00,452,53,22,1.24176
2025-05-19T14:39:00,415,53.5,22,1.22855
2025-05-19T14:42:00,431,53.9,22,1.21798
2025-05-19T14:45:00,435,52.9,22,1.2444
2025-05-19T14:48:00,397,54,22,1.21534
2025-05-19T14:51:00,412,54.7,22,1.19685
2025-05-19T14:54:00,395,55.9,22,1.16514
2025-05-19T14:57:00,413,54.9,21,1.1208
2025-05-19T15:00:00,405,56.4,22,1.15193
2025-05-19T15:03:00,403,55.9,22,1.16514
2025-05-19T15:06:00,417,56.2,22,1.15722
2025-05-19T15:09:00,416,55.2,22,1.18364
2025-05-19T15:12:00,402,54.8,22,1.19421
2025-05-19T15:15:00,413,55.7,21,1.10092
2025-05-19T15:18:00,438,55.4,22,1.17835
2025-05-19T15:21:00,437,55.5,22,1.17571
2025-05-19T15:24:00,442,56.1,22,1.15986
2025-05-19T15:27:00,451,55.6,22,1.17307
2025-05-19T15:30:00,469,55.5,22,1.17571
2025-05-19T15:33:00,461,55.4,22,1.17835
2025-05-19T15:36:00,449,54.6,22,1.19949
2025-05-19T15:39:00,438,50.5,21,1.23015
2025-05-19T15:42:00,483,53.3,21,1.16057
2025-05-19T15:45:00,491,54.7,22,1.19685
2025-05-19T15:48:00,507,54.7,22,1.19685
2025-05-19T15:51:00,513,55,22,1.18892
2025-05-19T15:54:00,509,53,22,1.24176
2025-05-19T15:57:00,534,50.7,21,1.22518
2025-05-19T16:00:00,507,52.4,21,1.18293
2025-05-19T16:03:00,463,53.6,22,1.22591
2025-05-19T16:06:00,440,54.3,22,1.20742
2025-05-19T16:09:00,435,53.5,22,1.22855
2025-05-19T16:12:00,437,51,22,1.2946
2025-05-19T16:15:00,434,50.7,21,1.22518
2025-05-19T16:18:00,427,52.6,22,1.25233
2025-05-19T16:21:00,423,53.1,22,1.23912
2025-05-19T16:24:00,420,53.1,22,1.23912
2025-05-19T16:27:00,423,50.5,22,1.30781
2025-05-19T16:30:00,420,49.8,21,1.24755
2025-05-19T16:33:00,410,52.1,21,1.19039
2025-05-19T16:36:00,409,53.2,21,1.16305
2025-05-19T16:39:00,394,54,21,1.14317
2025-05-19T16:42:00,400,51.7,21,1.20033
2025-05-19T16:45:00,401,51.4,21,1.20778
2025-05-19T16:48:00,397,51.1,21,1.21524
2025-05-19T16:51:00,391,52.5,21,1.18045
2025-05-19T16:54:00,382,52.9,21,1.17051
2025-05-19T16:57:00,369,52.3,21,1.18542
2025-05-19T17:00:00,367,52.6,21,1.17796
2025-05-19T17:03:00,369,52.4,21,1.18293
2025-05-19T17:06:00,369,51.5,22,1.28139
2025-05-19T17:09:00,366,51.8,22,1.27347
2025-05-19T17:12:00,368,51.6,22,1.27875
2025-05-19T17:15:00,369,51.9,22,1.27083
2025-05-19T17:18:00,370,52.1,22,1.26554
2025-05-19T17:21:00,380,51.5,22,1.28139
2025-05-19T17:24:00,396,51.8,22,1.27347
2025-05-19T17:27:00,402,52.7,22,1.24969
2025-05-19T17:30:00,377,53.7,22,1.22327
2025-05-19T17:33:00,373,53.2,22,1.23648
2025-05-19T17:36:00,378,54.6,22,1.19949
2025-05-19T17:39:00,372,54.1,22,1.2127
2025-05-19T17:42:00,370,54.4,22,1.20477
2025-05-19T17:45:00,375,55,22,1.18892
2025-05-19T17:48:00,375,55.2,22,1.18364
2025-05-19T17:51:00,372,55.9,22,1.16514
2025-05-19T17:54:00,371,56.3,22,1.15457
2025-05-19T17:57:00,368,56.4,22,1.15193
2025-05-19T18:00:00,368,56,22,1.1625
2025-05-19T18:03:00,372,56.1,22,1.15986
2025-05-19T18:06:00,378,56.6,22,1.14665
2025-05-19T18:09:00,383,57.5,22,1.12287
2025-05-19T18:12:00,383,57,22,1.13608
2025-05-19T18:15:00,373,56.5,22,1.14929
2025-05-19T18:18:00,367,56.1,22,1.15986
2025-05-19T18:21:00,369,56.6,22,1.14665
2025-05-19T18:24:00,371,57.2,22,1.1308
2025-05-19T18:27:00,365,56.3,22,1.15457
2025-05-19T18:30:00,363,54.9,22,1.19156
2025-05-19T18:33:00,363,55.8,22,1.16779
2025-05-19T18:36:00,364,56.7,22,1.14401
2025-05-19T18:39:00,364,57.1,22,1.13344
2025-05-19T18:42:00,365,57.4,22,1.12551
2025-05-19T18:45:00,368,57.9,22,1.1123
2025-05-19T18:48:00,369,57.4,22,1.12551
2025-05-19T18:51:00,372,56.9,22,1.13872
2025-05-19T18:54:00,373,57.2,22,1.1308
2025-05-19T18:57:00,378,57.3,22,1.12815
2025-05-19T19:00:00,376,56.2,22,1.15722
2025-05-19T19:03:00,367,57.2,22,1.1308
2025-05-19T19:06:00,358,57.2,22,1.1308
2025-05-19T19:09:00,356,58,22,1.10966
2025-05-19T19:12:00,353,58.3,22,1.10173
2025-05-19T19:15:00,350,57.3,22,1.12815
2025-05-19T19:18:00,350,58.1,22,1.10702
2025-05-19T19:21:00,351,58.4,22,1.09909
2025-05-19T19:24:00,350,58.6,22,1.09381
2025-05-19T19:27:00,350,59,22,1.08324
2025-05-19T19:30:00,350,59,22,1.08324
2025-05-19T19:33:00,349,58.6,22,1.09381
2025-05-19T19:36:00,348,58.3,22,1.10173
2025-05-19T19:39:00,345,58.8,21,1.02388
2025-05-19T19:42:00,345,59.4,21,1.00897
2025-05-19T19:45:00,345,59.6,21,1.004
2025-05-19T19:48:00,342,59.7,21,1.00152
2025-05-19T19:51:00,342,59.7,21,1.00152
2025-05-19T19:54:00,342,59.9,21,0.99655
2025-05-19T19:57:00,340,60.3,21,0.98661
2025-05-19T20:00:00,10,60.7,21,0.97667
2025-05-19T20:03:00,9,60.8,21,0.97418
2025-05-19T20:06:00,4.5,61.4,21,0.95927
2025-05-19T20:09:00,0,62,21,0.94436
2025-05-19T20:12:00,0,62.3,21,0.9369
2025-05-19T20:15:00,0,62.6,20,0.87384
2025-05-19T20:18:00,0,63,20,0.8645
2025-05-19T20:21:00,0,63,20,0.8645
2025-05-19T20:24:00,0,63.2,20,0.85982
2025-05-19T20:27:00,0,63.4,20,0.85515
2025-05-19T20:30:00,0,63.5,19,0.80142
2025-05-19T20:33:00,0,63.6,19,0.79922
2025-05-19T20:36:00,0,63.5,19,0.80142
2025-05-19T20:39:00,0,63.8,19,0.79483
2025-05-19T20:42:00,0,64.1,19,0.78824
2025-05-19T20:45:00,0,64.4,19,0.78165
2025-05-19T20:48:00,0,64.4,19,0.78165
2025-05-19T20:51:00,0,64.4,19,0.78165
2025-05-19T20:54:00,0,64.4,19,0.78165
2025-05-19T20:57:00,0,64.3,19,0.78385
2025-05-19T21:00:00,0,64.2,19,0.78605
2025-05-19T21:03:00,0,64.5,19,0.77946
2025-05-19T21:06:00,0,64.4,19,0.78165
2025-05-19T21:09:00,0,64.6,18,0.73007
2025-05-19T21:12:00,0,64.5,18,0.73213
2025-05-19T21:15:00,0,64.7,18,0.728
2025-05-19T21:18:00,0,64.7,18,0.728
2025-05-19T21:21:00,0,64.8,18,0.72594
2025-05-19T21:24:00,0,64.8,18,0.72594
2025-05-19T21:27:00,0,64.9,18,0.72388
2025-05-19T21:30:00,0,64.9,18,0.72388
2025-05-19T21:33:00,0,64.9,18,0.72388
2025-05-19T21:36:00,0,65,18,0.72182
2025-05-19T21:39:00,0,65.1,18,0.71975
2025-05-19T21:42:00,0,65.2,18,0.71769
2025-05-19T21:45:00,0,65.2,18,0.71769
2025-05-19T21:48:00,0,65.3,18,0.71563
2025-05-19T21:51:00,0,65.4,18,0.71357
2025-05-19T21:54:00,0,65.5,18,0.7115
2025-05-19T21:57:00,0,65.5,18,0.7115
2025-05-19T22:00:00,0,65.5,18,0.7115
2025-05-19T22:03:00,0,65.7,17,0.6641
2025-05-19T22:06:00,0,65.7,17,0.6641
2025-05-19T22:09:00,0,65.7,17,0.6641
2025-05-19T22:12:00,0,65.9,17,0.66023
2025-05-19T22:15:00,0,65.9,17,0.66023
2025-05-19T22:18:00,0,65.9,17,0.66023
2025-05-19T22:21:00,0,66,17,0.6583
2025-05-19T22:24:00,0,66.1,17,0.65636
2025-05-19T22:27:00,0,66.1,17,0.65636
2025-05-19T22:30:00,0,66.2,17,0.65442
2025-05-19T22:33:00,0,66.2,17,0.65442
2025-05-19T22:36:00,0,66.5,17,0.64861
2025-05-19T22:39:00,0,66.3,17,0.65249
2025-05-19T22:42:00,0,66.4,17,0.65055
2025-05-19T22:45:00,0,66.4,17,0.65055
2025-05-19T22:48:00,0,66.5,17,0.64861
2025-05-19T22:51:00,0,66.5,17,0.64861
2025-05-19T22:54:00,0,66.6,17,0.64668
2025-05-19T22:57:00,0,66.7,17,0.64474
2025-05-19T23:00:00,0,66.8,17,0.64281
2025-05-19T23:03:00,0,66.7,17,0.64474
2025-05-19T23:06:00,0,68.3,17,0.61376
2025-05-19T23:09:00,0,70.2,17,0.57698
2025-05-19T23:12:00,0,71.7,17,0.54793
2025-05-19T23:15:00,0,72.8,17,0.52664
2025-05-19T23:18:00,0,73.7,17,0.50921
2025-05-19T23:21:00,0,74.1,17,0.50147
2025-05-19T23:24:00,0,74.5,17,0.49372
2025-05-19T23:27:00,0,74.9,17,0.48598
2025-05-19T23:30:00,0,75,17,0.48404
2025-05-19T23:33:00,0,75.4,17,0.4763
2025-05-19T23:36:00,0,75.3,17,0.47823
2025-05-19T23:39:00,0,75.4,17,0.4763
2025-05-19T23:42:00,0,75.4,17,0.4763
2025-05-19T23:45:00,0,75.7,17,0.47049
2025-05-19T23:48:00,0,75.7,17,0.47049
2025-05-19T23:51:00,0,75.5,16,0.44512
2025-05-19T23:54:00,0,75.5,17,0.47436
2025-05-19T23:57:00,0,75.6,17,0.47242
2025-05-20T00:00:00,0,75.5,16,0.44512
2025-05-20T00:03:00,0,75.4,16,0.44694
2025-05-20T00:06:00,0,75.4,16,0.44694
2025-05-20T00:09:00,0,75.3,16,0.44875
2025-05-20T00:12:00,0,75.3,16,0.44875
2025-05-20T00:15:00,0,75.2,16,0.45057
2025-05-20T00:18:00,0,75.1,16,0.45239
2025-05-20T00:21:00,0,75.3,16,0.44875
2025-05-20T00:24:00,0,75.2,16,0.45057
2025-05-20T00:27:00,0,75.1,16,0.45239
2025-05-20T00:30:00,0,75,16,0.4542
2025-05-20T00:33:00,0,75.5,16,0.44512
2025-05-20T00:36:00,0,76.7,16,0.42332
2025-05-20T00:39:00,0,77.6,16,0.40697
2025-05-20T00:42:00,0,78.2,16,0.39607
2025-05-20T00:45:00,0,78.4,16,0.39243
2025-05-20T00:48:00,0,78.7,16,0.38698
2025-05-20T00:51:00,0,78.9,16,0.38335
2025-05-20T00:54:00,0,79,16,0.38153
2025-05-20T00:57:00,0,79,16,0.38153
2025-05-20T01:00:00,0,79.3,16,0.37608
2025-05-20T01:03:00,0,79.1,16,0.37972
2025-05-20T01:06:00,0,79.2,16,0.3779
2025-05-20T01:09:00,0,79.1,16,0.37972
2025-05-20T01:12:00,0,79.1,16,0.37972
2025-05-20T01:15:00,0,79,16,0.38153
2025-05-20T01:18:00,0,79.2,16,0.3779
2025-05-20T01:21:00,0,79.2,16,0.3779
2025-05-20T01:24:00,0,79.1,16,0.37972
2025-05-20T01:27:00,0,79.2,16,0.3779
2025-05-20T01:30:00,0,79,16,0.38153
2025-05-20T01:33:00,0,79,16,0.38153
2025-05-20T01:36:00,0,78.9,16,0.38335
2025-05-20T01:39:00,0,78.9,16,0.38335
2025-05-20T01:42:00,0,79,16,0.38153
2025-05-20T01:45:00,0,78.9,16,0.38335
2025-05-20T01:48:00,0,78.9,16,0.38335
2025-05-20T01:51:00,0,78.8,16,0.38517
2025-05-20T01:54:00,0,78.7,16,0.38698
2025-05-20T01:57:00,0,78.9,16,0.38335
2025-05-20T02:00:00,0,78.8,16,0.38517
2025-05-20T02:03:00,0,78.9,16,0.38335
2025-05-20T02:06:00,0,79.8,16,0.367
2025-05-20T02:09:00,0,80.4,16,0.3561
2025-05-20T02:12:00,0,80.6,16,0.35246
2025-05-20T02:15:00,0,81.1,16,0.34338
2025-05-20T02:18:00,0,81.2,16,0.34156
2025-05-20T02:21:00,0,81.4,16,0.33793
2025-05-20T02:24:00,0,81.2,16,0.34156
2025-05-20T02:27:00,0,81.4,16,0.33793
2025-05-20T02:30:00,0,81.4,16,0.33793
2025-05-20T02:33:00,0,81.2,16,0.34156
2025-05-20T02:36:00,0,81.4,16,0.33793
2025-05-20T02:39:00,0,81.3,16,0.33975
2025-05-20T02:42:00,0,81.2,16,0.34156
2025-05-20T02:45:00,0,81.2,16,0.34156
2025-05-20T02:48:00,0,81.1,16,0.34338
2025-05-20T02:51:00,0,81.1,16,0.34338
2025-05-20T02:54:00,0,81,16,0.3452
2025-05-20T02:57:00,0,81,16,0.3452
2025-05-20T03:00:00,0,80.9,16,0.34701
2025-05-20T03:03:00,0,80.8,16,0.34883
2025-05-20T03:06:00,0,80.8,16,0.34883
2025-05-20T03:09:00,0,80.7,16,0.35065
2025-05-20T03:12:00,0,80.6,16,0.35246
2025-05-20T03:15:00,0,80.7,16,0.35065
2025-05-20T03:18:00,0,80.7,16,0.35065
2025-05-20T03:21:00,0,80.6,16,0.35246
2025-05-20T03:24:00,0,80.6,16,0.35246
2025-05-20T03:27:00,0,80.6,16,0.35246
2025-05-20T03:30:00,0,80.6,16,0.35246
2025-05-20T03:33:00,0,80.4,16,0.3561
2025-05-20T03:36:00,0,80.3,16,0.35791
2025-05-20T03:39:00,0,80.3,16,0.35791
2025-05-20T03:42:00,0,80.1,16,0.36155
2025-05-20T03:45:00,0,80,16,0.36336
2025-05-20T03:48:00,0,80,16,0.36336
2025-05-20T03:51:00,0,79.7,16,0.36881
2025-05-20T03:54:00,0,79.6,16,0.37063
2025-05-20T03:57:00,0,79.5,16,0.37245
2025-05-20T04:00:00,0,79.4,16,0.37426
2025-05-20T04:03:00,345,78.9,16,0.38335
2025-05-20T04:06:00,342,78.3,16,0.39425
2025-05-20T04:09:00,340,77.4,16,0.4106
2025-05-20T04:12:00,338,76.8,17,0.44919
2025-05-20T04:15:00,337,76.3,17,0.45887
2025-05-20T04:18:00,334,75.9,17,0.46662
2025-05-20T04:21:00,334,75.3,17,0.47823
2025-05-20T04:24:00,333,75,17,0.48404
2025-05-20T04:27:00,332,74.8,17,0.48791
2025-05-20T04:30:00,331,74.7,17,0.48985
2025-05-20T04:33:00,330,74.5,17,0.49372
2025-05-20T04:36:00,330,74.3,18,0.53002
2025-05-20T04:39:00,330,73.7,18,0.54239
2025-05-20T04:42:00,329,73.8,18,0.54033
2025-05-20T04:45:00,330,73.2,18,0.55271
2025-05-20T04:48:00,328,73.2,18,0.55271
2025-05-20T04:51:00,328,73,18,0.55683
2025-05-20T04:54:00,329,72.7,18,0.56302
2025-05-20T04:57:00,329,72.8,18,0.56095
2025-05-20T05:00:00,329,72.4,18,0.5692
2025-05-20T05:03:00,328,72.4,18,0.5692
2025-05-20T05:06:00,330,72.2,18,0.57333
2025-05-20T05:09:00,328,72.2,18,0.57333
2025-05-20T05:12:00,329,71.7,18,0.58364
2025-05-20T05:15:00,330,71.5,19,0.62576
2025-05-20T05:18:00,330,71.5,19,0.62576
2025-05-20T05:21:00,330,71.2,19,0.63235
2025-05-20T05:24:00,329,71.1,19,0.63455
2025-05-20T05:27:00,330,71.2,19,0.63235
2025-05-20T05:30:00,330,70.8,19,0.64113
2025-05-20T05:33:00,331,70.6,19,0.64552
2025-05-20T05:36:00,331,70.6,19,0.64552
2025-05-20T05:39:00,331,70.5,19,0.64772
2025-05-20T05:42:00,331,70.2,19,0.65431
2025-05-20T05:45:00,331,70.1,19,0.6565
2025-05-20T05:48:00,332,70.1,19,0.6565
2025-05-20T05:51:00,331,69.8,19,0.66309
2025-05-20T05:54:00,332,69.9,19,0.66089
2025-05-20T05:57:00,331,70,19,0.6587
2025-05-20T06:00:00,332,69.9,19,0.66089
2025-05-20T06:03:00,332,69.7,19,0.66528
2025-05-20T06:06:00,333,69.6,19,0.66748
2025-05-20T06:09:00,333,69.2,19,0.67626
2025-05-20T06:12:00,333,69.4,19,0.67187
2025-05-20T06:15:00,334,69.3,20,0.7173
2025-05-20T06:18:00,334,69.1,19,0.67846
2025-05-20T06:21:00,334,69.2,20,0.71964
2025-05-20T06:24:00,335,69,20,0.72431
2025-05-20T06:27:00,334,69,20,0.72431
2025-05-20T06:30:00,335,68.8,20,0.72898
2025-05-20T06:33:00,336,68.7,20,0.73132
2025-05-20T06:36:00,336,68.9,20,0.72665
2025-05-20T06:39:00,336,68.7,20,0.73132
2025-05-20T06:42:00,337,68.2,20,0.743
2025-05-20T06:45:00,338,68.2,20,0.743
2025-05-20T06:48:00,338,68,20,0.74767
2025-05-20T06:51:00,338,68,20,0.74767
2025-05-20T06:54:00,338,68.1,20,0.74534
2025-05-20T06:57:00,341,68.1,20,0.74534
2025-05-20T07:00:00,342,67.7,20,0.75468
2025-05-20T07:03:00,342,68.1,20,0.74534
2025-05-20T07:06:00,352,67.8,20,0.75235
2025-05-20T07:09:00,356,67.9,20,0.75001
2025-05-20T07:12:00,358,68,20,0.74767
2025-05-20T07:15:00,353,68.3,20,0.74066
2025-05-20T07:18:00,353,68.1,20,0.74534
2025-05-20T07:21:00,353,68.2,20,0.743
2025-05-20T07:24:00,351,67.9,20,0.75001
2025-05-20T07:27:00,342,68.5,20,0.73599
2025-05-20T07:30:00,349,68.3,20,0.74066
2025-05-20T07:33:00,358,68.3,20,0.74066
2025-05-20T07:36:00,359,68.5,20,0.73599
2025-05-20T07:39:00,356,68.5,20,0.73599
2025-05-20T07:42:00,362,68.6,20,0.73365
2025-05-20T07:45:00,361,68.6,20,0.73365
2025-05-20T07:48:00,364,68.4,20,0.73833
2025-05-20T07:51:00,371,68.5,20,0.73599
2025-05-20T07:54:00,372,69.1,20,0.72197
2025-05-20T07:57:00,374,68.7,20,0.73132
2025-05-20T08:00:00,380,68.6,20,0.73365
2025-05-20T08:03:00,385,68.5,20,0.73599
2025-05-20T08:06:00,391,68.5,20,0.73599
2025-05-20T08:09:00,386,69.1,21,0.76791
2025-05-20T08:12:00,386,68.7,21,0.77785
2025-05-20T08:15:00,380,68.7,21,0.77785
2025-05-20T08:18:00,379,68.6,21,0.78034
2025-05-20T08:21:00,377,68.6,21,0.78034
2025-05-20T08:24:00,383,67.8,21,0.80022
2025-05-20T08:27:00,387,67,21,0.8201
2025-05-20T08:30:00,391,67.5,21,0.80767
2025-05-20T08:33:00,396,67.3,21,0.81265
2025-05-20T08:36:00,405,67.1,21,0.81762
2025-05-20T08:39:00,412,66.1,21,0.84247
2025-05-20T08:42:00,410,65.8,21,0.84992
2025-05-20T08:45:00,410,65,21,0.8698
2025-05-20T08:48:00,407,65.6,21,0.85489
2025-05-20T08:51:00,406,66,21,0.84495
2025-05-20T08:54:00,413,65.1,21,0.86732
2025-05-20T08:57:00,421,64.9,21,0.87229
2025-05-20T09:00:00,427,64.3,22,0.94321
2025-05-20T09:03:00,431,65.3,22,0.91679
2025-05-20T09:06:00,427,65.4,22,0.91415
2025-05-20T09:09:00,419,64.5,22,0.93793
2025-05-20T09:12:00,405,61.1,23,1.09213
2025-05-20T09:15:00,402,59.3,23,1.14267
2025-05-20T09:18:00,408,57.7,23,1.18759
2025-05-20T09:21:00,408,53.7,23,1.29989
2025-05-20T09:24:00,402,51.6,23,1.35885
2025-05-20T09:27:00,400,48.9,22,1.35009
2025-05-20T09:30:00,400,51.8,23,1.35324
2025-05-20T09:33:00,405,52,22,1.26818
2025-05-20T09:36:00,414,52.1,22,1.26554
2025-05-20T09:39:00,416,50.7,22,1.30253
2025-05-20T09:42:00,420,51.5,22,1.28139
2025-05-20T09:45:00,418,51.9,22,1.27083
2025-05-20T09:48:00,411,52,22,1.26818
2025-05-20T09:51:00,405,51.8,22,1.27347
2025-05-20T09:54:00,402,51.8,22,1.27347
2025-05-20T09:57:00,400,53.5,22,1.22855
2025-05-20T10:00:00,399,55.3,22,1.181
2025-05-20T10:03:00,396,55.5,22,1.17571
2025-05-20T10:06:00,391,55.4,22,1.17835
2025-05-20T10:09:00,385,51.2,21,1.21275
2025-05-20T10:12:00,380,54.3,22,1.20742
2025-05-20T10:15:00,378,52.6,21,1.17796
2025-05-20T10:18:00,382,53.4,21,1.15808
2025-05-20T10:21:00,386,53.4,22,1.23119
2025-05-20T10:24:00,394,55.3,22,1.181
2025-05-20T10:27:00,394,56.4,22,1.15193
2025-05-20T10:30:00,384,57.2,22,1.1308
2025-05-20T10:33:00,389,54.8,21,1.12329
2025-05-20T10:36:00,393,54.5,21,1.13074
2025-05-20T10:39:00,392,54.9,22,1.19156
2025-05-20T10:42:00,389,54.6,22,1.19949
2025-05-20T10:45:00,386,55.7,22,1.17043
2025-05-20T10:48:00,389,57,22,1.13608
2025-05-20T10:51:00,396,57.8,22,1.11494
2025-05-20T10:54:00,395,54.3,21,1.13572
2025-05-20T10:57:00,396,54.1,21,1.14069
2025-05-20T11:00:00,400,53.8,22,1.22063
2025-05-20T11:03:00,410,55.4,22,1.17835
2025-05-20T11:06:00,415,53.9,22,1.21798
2025-05-20T11:09:00,412,53.6,21,1.15311
2025-05-20T11:12:00,410,54.2,22,1.21006
2025-05-20T11:15:00,416,51.1,21,1.21524
2025-05-20T11:18:00,421,52.2,21,1.1879
2025-05-20T11:21:00,425,54.2,22,1.21006
2025-05-20T11:24:00,432,54.3,22,1.20742
2025-05-20T11:27:00,435,53.1,21,1.16554
2025-05-20T11:30:00,448,52.3,22,1.26026
2025-05-20T11:33:00,462,52,22,1.26818
2025-05-20T11:36:00,489,50.9,21,1.22021
2025-05-20T11:39:00,512,50.1,22,1.31838
2025-05-20T11:42:00,508,52.8,22,1.24705
2025-05-20T11:45:00,502,51.2,22,1.28932
2025-05-20T11:48:00,497,49.2,21,1.26246
2025-05-20T11:51:00,498,50.5,22,1.30781
2025-05-20T11:54:00,495,49.7,22,1.32895
2025-05-20T11:57:00,497,47.8,22,1.37915
2025-05-20T12:00:00,487,50.8,22,1.29989
2025-05-20T12:03:00,482,47.5,22,1.38708
2025-05-20T12:06:00,479,46,22,1.42671
2025-05-20T12:09:00,475,45.6,22,1.43727
2025-05-20T12:12:00,474,43.4,22,1.4954
2025-05-20T12:15:00,474,45.4,22,1.44256
2025-05-20T12:18:00,484,45.1,22,1.45048
2025-05-20T12:21:00,489,43.5,22,1.49276
2025-05-20T12:24:00,482,42.3,22,1.52446
2025-05-20T12:27:00,484,42.9,22,1.50861
2025-05-20T12:30:00,485,40.8,22,1.56409
2025-05-20T12:33:00,491,40.6,22,1.56938
2025-05-20T12:36:00,468,41.3,22,1.55088
2025-05-20T12:39:00,457,40.5,22,1.57202
2025-05-20T12:42:00,452,40.4,22,1.57466
2025-05-20T12:45:00,447,40.5,21,1.47867
2025-05-20T12:48:00,445,40.5,22,1.57202
2025-05-20T12:51:00,448,41.1,22,1.55617
2025-05-20T12:54:00,459,39.4,22,1.60108
2025-05-20T12:57:00,476,38.8,22,1.61693
2025-05-20T13:00:00,506,39.1,22,1.60901
2025-05-20T13:03:00,526,37.8,22,1.64335
2025-05-20T13:06:00,549,37.3,22,1.65656
2025-05-20T13:09:00,547,39.8,22,1.59051
2025-05-20T13:12:00,547,38,22,1.63807
2025-05-20T13:15:00,537,38.8,22,1.61693
2025-05-20T13:18:00,530,38.1,22,1.63543
2025-05-20T13:21:00,505,38.1,22,1.63543
2025-05-20T13:24:00,469,38.2,22,1.63279
2025-05-20T13:27:00,452,39.9,22,1.58787
2025-05-20T13:30:00,450,38.1,22,1.63543
2025-05-20T13:33:00,441,38.6,22,1.62222
2025-05-20T13:36:00,434,39.4,22,1.60108
2025-05-20T13:39:00,419,40.7,22,1.56673
2025-05-20T13:42:00,410,41.9,22,1.53503
2025-05-20T13:45:00,409,42.4,22,1.52182
2025-05-20T13:48:00,413,43.5,22,1.49276
2025-05-20T13:51:00,421,46.8,22,1.40557
2025-05-20T13:54:00,416,46.2,22,1.42142
2025-05-20T13:57:00,421,46.2,22,1.42142
2025-05-20T14:00:00,432,44,21,1.39169
2025-05-20T14:03:00,444,44.6,22,1.46369
2025-05-20T14:06:00,458,44,22,1.47955
2025-05-20T14:09:00,467,41.3,22,1.55088
2025-05-20T14:12:00,434,41.7,21,1.44884
2025-05-20T14:15:00,384,40.5,22,1.57202
2025-05-20T14:18:00,375,40.2,21,1.48612
2025-05-20T14:21:00,424,40.9,22,1.56145
2025-05-20T14:24:00,449,42.1,22,1.52975
2025-05-20T14:27:00,428,41.8,22,1.53767
2025-05-20T14:30:00,408,44.3,22,1.47162
2025-05-20T14:33:00,430,46.1,22,1.42406
2025-05-20T14:36:00,456,44.2,22,1.47426
2025-05-20T14:39:00,468,43.1,22,1.50333
2025-05-20T14:42:00,474,42.3,22,1.52446
2025-05-20T14:45:00,477,41.9,22,1.53503
2025-05-20T14:48:00,477,42,21,1.44139
2025-05-20T14:51:00,498,42.1,21,1.4389
2025-05-20T14:54:00,533,42.2,21,1.43642
2025-05-20T14:57:00,534,43,21,1.41654
2025-05-20T15:00:00,444,46.7,22,1.40821
2025-05-20T15:03:00,410,44.2,22,1.47426
2025-05-20T15:06:00,406,44.9,22,1.45577
2025-05-20T15:09:00,411,45.4,22,1.44256
2025-05-20T15:12:00,449,48.3,22,1.36594
2025-05-20T15:15:00,479,50.4,22,1.31046
2025-05-20T15:18:00,472,52.5,22,1.25497
2025-05-20T15:21:00,468,48.6,22,1.35801
2025-05-20T15:24:00,449,48.8,21,1.2724
2025-05-20T15:27:00,439,47.4,21,1.30719
2025-05-20T15:30:00,433,50.9,22,1.29725
2025-05-20T15:33:00,438,51.6,22,1.27875
2025-05-20T15:36:00,462,52.9,22,1.2444
2025-05-20T15:39:00,463,50.5,22,1.30781
2025-05-20T15:42:00,442,47.8,22,1.37915
2025-05-20T15:45:00,427,46.6,21,1.32707
2025-05-20T15:48:00,450,49.2,22,1.34216
2025-05-20T15:51:00,474,49.2,22,1.34216
2025-05-20T15:54:00,495,46.2,21,1.33701
2025-05-20T15:57:00,506,45.9,21,1.34447
2025-05-20T16:00:00,503,45.1,21,1.36435
2025-05-20T16:03:00,472,48.8,22,1.35273
2025-05-20T16:06:00,461,50.4,22,1.31046
2025-05-20T16:09:00,480,51.8,22,1.27347
2025-05-20T16:12:00,484,48,22,1.37386
2025-05-20T16:15:00,468,47.1,21,1.31465
2025-05-20T16:18:00,465,45.4,21,1.35689
2025-05-20T16:21:00,458,49,21,1.26743
2025-05-20T16:24:00,460,51,22,1.2946
2025-05-20T16:27:00,450,51.5,22,1.28139
2025-05-20T16:30:00,455,49.5,22,1.33423
2025-05-20T16:33:00,453,48.2,22,1.36858
2025-05-20T16:36:00,441,47.4,21,1.30719
2025-05-20T16:39:00,442,47.8,21,1.29725
2025-05-20T16:42:00,437,47.6,22,1.38443
2025-05-20T16:45:00,446,47.3,21,1.30968
2025-05-20T16:48:00,436,47.9,21,1.29476
2025-05-20T16:51:00,437,50.7,22,1.30253
2025-05-20T16:54:00,444,51.6,22,1.27875
2025-05-20T16:57:00,442,51.3,22,1.28668
2025-05-20T17:00:00,434,48.8,21,1.2724
2025-05-20T17:03:00,437,48.4,21,1.28234
2025-05-20T17:06:00,448,49,21,1.26743
2025-05-20T17:09:00,454,48.5,22,1.36065
2025-05-20T17:12:00,448,46.3,21,1.33453
2025-05-20T17:15:00,433,46.9,21,1.31962
2025-05-20T17:18:00,438,49.7,22,1.32895
2025-05-20T17:21:00,428,51.4,22,1.28404
2025-05-20T17:24:00,416,51.6,22,1.27875
2025-05-20T17:27:00,396,49.7,22,1.32895
2025-05-20T17:30:00,409,48.1,21,1.28979
2025-05-20T17:33:00,400,49.6,21,1.25252
2025-05-20T17:36:00,400,51.2,22,1.28932
2025-05-20T17:39:00,410,51.9,22,1.27083
2025-05-20T17:42:00,420,51.2,22,1.28932
2025-05-20T17:45:00,421,48.8,21,1.2724
2025-05-20T17:48:00,416,48.7,21,1.27488
2025-05-20T17:51:00,413,48,21,1.29228
2025-05-20T17:54:00,416,50.4,21,1.23264
2025-05-20T17:57:00,422,51,22,1.2946
2025-05-20T18:00:00,419,51.7,22,1.27611
2025-05-20T18:03:00,419,49.5,22,1.33423
2025-05-20T18:06:00,410,47.9,21,1.29476
2025-05-20T18:09:00,405,49.9,21,1.24506
2025-05-20T18:12:00,401,51.4,22,1.28404
2025-05-20T18:15:00,397,51.3,22,1.28668
2025-05-20T18:18:00,393,48.7,22,1.35537
2025-05-20T18:21:00,392,46.9,21,1.31962
2025-05-20T18:24:00,386,49,21,1.26743
2025-05-20T18:27:00,379,50.3,21,1.23512
2025-05-20T18:30:00,382,51,21,1.21773
2025-05-20T18:33:00,387,49.7,21,1.25003
2025-05-20T18:36:00,398,46.9,21,1.31962
2025-05-20T18:39:00,399,46.6,21,1.32707
2025-05-20T18:42:00,396,48.9,21,1.26991
2025-05-20T18:45:00,379,50.4,21,1.23264
2025-05-20T18:48:00,380,50.6,21,1.22767
2025-05-20T18:51:00,386,45.2,21,1.36186
2025-05-20T18:54:00,389,46.4,21,1.33204
2025-05-20T18:57:00,389,46.5,21,1.32956
2025-05-20T19:00:00,383,48,21,1.29228
2025-05-20T19:03:00,372,49.2,21,1.26246
2025-05-20T19:06:00,366,50,21,1.24258
2025-05-20T19:09:00,363,46.6,21,1.32707
2025-05-20T19:12:00,364,46.3,21,1.33453
2025-05-20T19:15:00,366,46.3,21,1.33453
2025-05-20T19:18:00,364,45.7,22,1.43463
2025-05-20T19:21:00,356,46.4,22,1.41614
2025-05-20T19:24:00,355,46.3,22,1.41878
2025-05-20T19:27:00,353,45.6,22,1.43727
2025-05-20T19:30:00,350,46.7,22,1.40821
2025-05-20T19:33:00,350,47.1,22,1.39764
2025-05-20T19:36:00,351,48.1,22,1.37122
2025-05-20T19:39:00,353,48.4,22,1.3633
2025-05-20T19:42:00,353,49.5,21,1.255
2025-05-20T19:45:00,347,50,22,1.32102
2025-05-20T19:48:00,347,48.4,21,1.28234
2025-05-20T19:51:00,346,49.4,21,1.25749
2025-05-20T19:54:00,345,50.6,22,1.30517
2025-05-20T19:57:00,346,51.2,22,1.28932
2025-05-20T20:00:00,343,52,21,1.19287
2025-05-20T20:03:00,14,53,21,1.16802
2025-05-20T20:06:00,13,53.7,21,1.15063
2025-05-20T20:09:00,10,54.3,21,1.13572
2025-05-20T20:12:00,0,55,21,1.11832
2025-05-20T20:15:00,0,55.6,21,1.10341
2025-05-20T20:18:00,0,56.3,21,1.08601
2025-05-20T20:21:00,0,57,21,1.06862
2025-05-20T20:24:00,0,57.6,21,1.05371
2025-05-20T20:27:00,0,58.4,21,1.03382
2025-05-20T20:30:00,0,59.2,20,0.95328
2025-05-20T20:33:00,0,59.8,20,0.93926
2025-05-20T20:36:00,0,60.5,20,0.92291
2025-05-20T20:39:00,0,60.8,20,0.9159
2025-05-20T20:42:00,0,61.6,20,0.89721
2025-05-20T20:45:00,0,61.9,20,0.8902
2025-05-20T20:48:00,0,62.2,20,0.88319
2025-05-20T20:51:00,0,62.5,20,0.87618
2025-05-20T20:54:00,0,63,20,0.8645
2025-05-20T20:57:00,0,63.5,20,0.85281
2025-05-20T21:00:00,0,64,20,0.84113
2025-05-20T21:03:00,0,64.1,19,0.78824
2025-05-20T21:06:00,0,64.2,19,0.78605
2025-05-20T21:09:00,0,64.4,19,0.78165
2025-05-20T21:12:00,0,64.4,19,0.78165
2025-05-20T21:15:00,0,64.4,19,0.78165
2025-05-20T21:18:00,0,64.2,19,0.78605
2025-05-20T21:21:00,0,64,19,0.79044
2025-05-20T21:24:00,0,63.9,19,0.79263
2025-05-20T21:27:00,0,63.7,19,0.79702
2025-05-20T21:30:00,0,63.6,19,0.79922
2025-05-20T21:33:00,0,63.5,19,0.80142
2025-05-20T21:36:00,0,63.5,19,0.80142
2025-05-20T21:39:00,0,63.3,19,0.80581
2025-05-20T21:42:00,0,63.3,19,0.80581
2025-05-20T21:45:00,0,63.3,18,0.75688
2025-05-20T21:48:00,0,63.3,18,0.75688
2025-05-20T21:51:00,0,63.4,18,0.75481
2025-05-20T21:54:00,0,63.5,18,0.75275
2025-05-20T21:57:00,0,63.6,18,0.75069
2025-05-20T22:00:00,0,63.7,18,0.74863
2025-05-20T22:03:00,0,63.7,18,0.74863
2025-05-20T22:06:00,0,63.9,18,0.7445
2025-05-20T22:09:00,0,63.9,18,0.7445
2025-05-20T22:12:00,0,64,18,0.74244
2025-05-20T22:15:00,0,64.1,18,0.74038
2025-05-20T22:18:00,0,64.1,18,0.74038
2025-05-20T22:21:00,0,64.3,18,0.73625
2025-05-20T22:24:00,0,64.3,18,0.73625
2025-05-20T22:27:00,0,64.3,18,0.73625
2025-05-20T22:30:00,0,64.4,18,0.73419
2025-05-20T22:33:00,0,64.5,18,0.73213
2025-05-20T22:36:00,0,64.5,18,0.73213
2025-05-20T22:39:00,0,64.6,18,0.73007
2025-05-20T22:42:00,0,64.5,18,0.73213
2025-05-20T22:45:00,0,64.7,18,0.728
2025-05-20T22:48:00,0,64.6,18,0.73007
2025-05-20T22:51:00,0,64.6,18,0.73007
2025-05-20T22:54:00,0,64.7,17,0.68347
2025-05-20T22:57:00,0,64.8,17,0.68153
2025-05-20T23:00:00,0,64.8,17,0.68153
2025-05-20T23:03:00,0,64.8,17,0.68153
2025-05-20T23:06:00,0,66.4,17,0.65055
2025-05-20T23:09:00,0,68.4,17,0.61183
2025-05-20T23:12:00,0,69.7,17,0.58666
2025-05-20T23:15:00,0,70.5,17,0.57117
2025-05-20T23:18:00,0,71.6,17,0.54987
2025-05-20T23:21:00,0,72.4,17,0.53438
2025-05-20T23:24:00,0,72.8,17,0.52664
2025-05-20T23:27:00,0,73.2,17,0.51889
2025-05-20T23:30:00,0,73.5,17,0.51308
2025-05-20T23:33:00,0,73.6,17,0.51115
2025-05-20T23:36:00,0,73.9,17,0.50534
2025-05-20T23:39:00,0,74,17,0.5034
2025-05-20T23:42:00,0,74.1,17,0.50147
2025-05-20T23:45:00,0,74.2,17,0.49953
2025-05-20T23:48:00,0,74.3,17,0.49759
2025-05-20T23:51:00,0,74.3,17,0.49759
2025-05-20T23:54:00,0,74.2,17,0.49953
2025-05-20T23:57:00,0,74.4,17,0.49566
2025-05-21T00:00:00,0,74.4,17,0.49566
2025-05-21T00:03:00,0,74.3,17,0.49759
2025-05-21T00:06:00,0,74.2,17,0.49953
2025-05-21T00:09:00,0,74.2,17,0.49953
2025-05-21T00:12:00,0,74.2,17,0.49953
2025-05-21T00:15:00,0,74,17,0.5034
2025-05-21T00:18:00,0,73.9,17,0.50534
2025-05-21T00:21:00,0,73.9,17,0.50534
2025-05-21T00:24:00,0,73.8,17,0.50727
2025-05-21T00:27:00,0,73.7,17,0.50921
2025-05-21T00:30:00,0,73.6,17,0.51115
2025-05-21T00:33:00,0,74.1,17,0.50147
2025-05-21T00:36:00,0,75.4,17,0.4763
2025-05-21T00:39:00,0,76.4,17,0.45693
2025-05-21T00:42:00,0,77.1,17,0.44338
2025-05-21T00:45:00,0,77.5,17,0.43564
2025-05-21T00:48:00,0,77.6,17,0.4337
2025-05-21T00:51:00,0,77.8,17,0.42983
2025-05-21T00:54:00,0,78,17,0.42596
2025-05-21T00:57:00,0,78.1,17,0.42402
2025-05-21T01:00:00,0,78,17,0.42596
2025-05-21T01:03:00,0,78,17,0.42596
2025-05-21T01:06:00,0,77.9,17,0.42789
2025-05-21T01:09:00,0,78.1,17,0.42402
2025-05-21T01:12:00,0,78.1,17,0.42402
2025-05-21T01:15:00,0,77.9,17,0.42789
2025-05-21T01:18:00,0,77.8,17,0.42983
2025-05-21T01:21:00,0,77.7,17,0.43176
2025-05-21T01:24:00,0,77.5,17,0.43564
2025-05-21T01:27:00,0,77.4,17,0.43757
2025-05-21T01:30:00,0,77.4,17,0.43757
2025-05-21T01:33:00,0,77.2,17,0.44145
2025-05-21T01:36:00,0,77.4,17,0.43757
2025-05-21T01:39:00,0,77.1,16,0.41605
2025-05-21T01:42:00,0,77.2,16,0.41423
2025-05-21T01:45:00,0,77.1,16,0.41605
2025-05-21T01:48:00,0,77.1,16,0.41605
2025-05-21T01:51:00,0,76.9,16,0.41969
2025-05-21T01:54:00,0,76.8,16,0.4215
2025-05-21T01:57:00,0,76.8,16,0.4215
2025-05-21T02:00:00,0,76.7,16,0.42332
2025-05-21T02:03:00,0,77.1,16,0.41605
2025-05-21T02:06:00,0,77.9,17,0.42789
2025-05-21T02:09:00,0,78.6,17,0.41434
2025-05-21T02:12:00,0,78.8,16,0.38517
2025-05-21T02:15:00,0,79.2,16,0.3779
2025-05-21T02:18:00,0,79.3,16,0.37608
2025-05-21T02:21:00,0,79.3,16,0.37608
2025-05-21T02:24:00,0,79.3,16,0.37608
2025-05-21T02:27:00,0,79.3,16,0.37608
2025-05-21T02:30:00,0,79.3,16,0.37608
2025-05-21T02:33:00,0,79.2,16,0.3779
2025-05-21T02:36:00,0,79.2,16,0.3779
2025-05-21T02:39:00,0,79.1,16,0.37972
2025-05-21T02:42:00,0,78.9,16,0.38335
2025-05-21T02:45:00,0,78.9,16,0.38335
2025-05-21T02:48:00,0,78.7,16,0.38698
2025-05-21T02:51:00,0,78.8,16,0.38517
2025-05-21T02:54:00,0,78.5,16,0.39062
2025-05-21T02:57:00,0,78.5,16,0.39062
2025-05-21T03:00:00,0,78.5,16,0.39062
2025-05-21T03:03:00,0,78.2,16,0.39607
2025-05-21T03:06:00,0,78.1,16,0.39788
2025-05-21T03:09:00,0,78.2,16,0.39607
2025-05-21T03:12:00,0,78.1,16,0.39788
2025-05-21T03:15:00,0,77.8,16,0.40333
2025-05-21T03:18:00,0,77.7,16,0.40515
2025-05-21T03:21:00,0,77.6,16,0.40697
2025-05-21T03:24:00,0,77.3,16,0.41242
2025-05-21T03:27:00,0,77.2,16,0.41423
2025-05-21T03:30:00,0,77,16,0.41787
2025-05-21T03:33:00,0,76.9,16,0.41969
2025-05-21T03:36:00,0,76.9,16,0.41969
2025-05-21T03:39:00,0,76.8,16,0.4215
2025-05-21T03:42:00,0,76.3,16,0.43059
2025-05-21T03:45:00,0,76,16,0.43604
2025-05-21T03:48:00,0,75.7,16,0.44149
2025-05-21T03:51:00,0,75.7,16,0.44149
2025-05-21T03:54:00,0,76.5,16,0.42695
2025-05-21T03:57:00,0,74.9,16,0.45602
2025-05-21T04:00:00,0,73.8,17,0.50727
2025-05-21T04:03:00,346,73,17,0.52276
2025-05-21T04:06:00,344,72.1,17,0.54019
2025-05-21T04:09:00,342,71.5,17,0.55181
2025-05-21T04:12:00,339,71,17,0.56149
2025-05-21T04:15:00,337,70.7,17,0.5673
2025-05-21T04:18:00,335,70.5,17,0.57117
2025-05-21T04:21:00,334,70.3,17,0.57504
2025-05-21T04:24:00,333,70,17,0.58085
2025-05-21T04:27:00,331,70,18,0.6187
2025-05-21T04:30:00,331,69.6,18,0.62695
2025-05-21T04:33:00,331,69.3,18,0.63314
2025-05-21T04:36:00,331,69.3,18,0.63314
2025-05-21T04:39:00,330,69.1,18,0.63726
2025-05-21T04:42:00,329,69.1,18,0.63726
2025-05-21T04:45:00,330,68.8,18,0.64345
2025-05-21T04:48:00,328,68.8,18,0.64345
2025-05-21T04:51:00,328,68.4,18,0.6517
2025-05-21T04:54:00,328,68.7,18,0.64551
2025-05-21T04:57:00,328,68.4,18,0.6517
2025-05-21T05:00:00,328,68.4,18,0.6517
2025-05-21T05:03:00,329,68,18,0.65995
2025-05-21T05:06:00,328,67.8,18,0.66407
2025-05-21T05:09:00,329,67.8,18,0.66407
2025-05-21T05:12:00,330,67.5,18,0.67026
2025-05-21T05:15:00,330,67.4,18,0.67232
2025-05-21T05:18:00,330,67.1,18,0.67851
2025-05-21T05:21:00,329,67.2,18,0.67645
2025-05-21T05:24:00,329,67.1,18,0.67851
2025-05-21T05:27:00,331,67,19,0.72457
2025-05-21T05:30:00,330,66.6,19,0.73335
2025-05-21T05:33:00,331,66.4,19,0.73774
2025-05-21T05:36:00,331,66.1,19,0.74433
2025-05-21T05:39:00,331,66.3,19,0.73994
2025-05-21T05:42:00,331,66.3,19,0.73994
2025-05-21T05:45:00,331,66.3,19,0.73994
2025-05-21T05:48:00,332,66.2,19,0.74213
2025-05-21T05:51:00,332,65.9,19,0.74872
2025-05-21T05:54:00,333,66.1,19,0.74433
2025-05-21T05:57:00,334,66,19,0.74652
2025-05-21T06:00:00,334,66.4,19,0.73774
2025-05-21T06:03:00,335,66.1,19,0.74433
2025-05-21T06:06:00,335,66.1,19,0.74433
2025-05-21T06:09:00,335,65.9,19,0.74872
2025-05-21T06:12:00,335,65.9,19,0.74872
2025-05-21T06:15:00,336,65.9,19,0.74872
2025-05-21T06:18:00,336,66,19,0.74652
2025-05-21T06:21:00,338,66.2,19,0.74213
2025-05-21T06:24:00,339,66.2,19,0.74213
2025-05-21T06:27:00,339,66,19,0.74652
2025-05-21T06:30:00,345,66.2,19,0.74213
2025-05-21T06:33:00,345,65.7,19,0.75311
2025-05-21T06:36:00,347,66.1,19,0.74433
2025-05-21T06:39:00,348,66,19,0.74652
2025-05-21T06:42:00,350,66.1,19,0.74433
2025-05-21T06:45:00,350,65.9,19,0.74872
2025-05-21T06:48:00,350,66.4,19,0.73774
2025-05-21T06:51:00,351,66.1,19,0.74433
2025-05-21T06:54:00,347,66.1,19,0.74433
2025-05-21T06:57:00,353,66.2,19,0.74213
2025-05-21T07:00:00,356,66.3,19,0.73994
2025-05-21T07:03:00,363,66.3,19,0.73994
2025-05-21T07:06:00,356,65.9,19,0.74872
2025-05-21T07:09:00,352,66.2,19,0.74213
2025-05-21T07:12:00,353,65.9,19,0.74872
2025-05-21T07:15:00,343,65.8,19,0.75091
2025-05-21T07:18:00,345,65.8,19,0.75091
2025-05-21T07:21:00,342,65.5,19,0.7575
2025-05-21T07:24:00,345,65.6,19,0.75531
2025-05-21T07:27:00,360,65.5,19,0.7575
2025-05-21T07:30:00,353,65.7,19,0.75311
2025-05-21T07:33:00,350,65.9,19,0.74872
2025-05-21T07:36:00,358,65.9,19,0.74872
2025-05-21T07:39:00,367,65.5,19,0.7575
2025-05-21T07:42:00,369,65.5,19,0.7575
2025-05-21T07:45:00,378,65.4,20,0.80842
2025-05-21T07:48:00,385,65.6,20,0.80375
2025-05-21T07:51:00,389,65.6,20,0.80375
2025-05-21T07:54:00,387,65.9,20,0.79674
2025-05-21T07:57:00,394,65.6,20,0.80375
2025-05-21T08:00:00,394,65.8,20,0.79908
2025-05-21T08:03:00,407,65.2,20,0.81309
2025-05-21T08:06:00,406,65.3,20,0.81076
2025-05-21T08:09:00,400,65.3,20,0.81076
2025-05-21T08:12:00,385,65.3,20,0.81076
2025-05-21T08:15:00,391,65.2,21,0.86483
2025-05-21T08:18:00,389,65.5,21,0.85738
2025-05-21T08:21:00,400,65.5,21,0.85738
2025-05-21T08:24:00,402,65.6,21,0.85489
2025-05-21T08:27:00,403,65.7,21,0.85241
2025-05-21T08:30:00,392,65.2,21,0.86483
2025-05-21T08:33:00,378,65.3,21,0.86235
2025-05-21T08:36:00,407,65.3,21,0.86235
2025-05-21T08:39:00,412,65.2,21,0.86483
2025-05-21T08:42:00,418,65,21,0.8698
2025-05-21T08:45:00,435,64.9,21,0.87229
2025-05-21T08:48:00,430,64.1,21,0.89217
2025-05-21T08:51:00,427,62.4,21,0.93442
2025-05-21T08:54:00,418,62.1,21,0.94187
2025-05-21T08:57:00,416,62.5,21,0.93193
2025-05-21T09:00:00,428,61.4,21,0.95927
2025-05-21T09:03:00,428,60.9,21,0.97169
2025-05-21T09:06:00,428,61.5,21,0.95678
2025-05-21T09:09:00,428,60.7,22,1.03832
2025-05-21T09:12:00,416,59.9,22,1.05946
2025-05-21T09:15:00,412,60.2,22,1.05154
2025-05-21T09:18:00,404,59.3,22,1.07531
2025-05-21T09:21:00,381,59.1,21,1.01643
2025-05-21T09:24:00,376,59.7,21,1.00152
2025-05-21T09:27:00,380,60.4,21,0.98412
2025-05-21T09:30:00,408,61,21,0.96921
2025-05-21T09:33:00,416,61.1,21,0.96672
2025-05-21T09:36:00,400,59,21,1.01891
2025-05-21T09:39:00,389,59.7,21,1.00152
2025-05-21T09:42:00,375,60.1,21,0.99158
2025-05-21T09:45:00,382,60.8,21,0.97418
2025-05-21T09:48:00,384,61.2,21,0.96424
2025-05-21T09:51:00,398,59.9,21,0.99655
2025-05-21T09:54:00,425,59.7,21,1.00152
2025-05-21T09:57:00,443,60.6,21,0.97915
2025-05-21T10:00:00,427,60.1,22,1.05418
2025-05-21T10:03:00,405,59.3,22,1.07531
2025-05-21T10:06:00,416,59,22,1.08324
2025-05-21T10:09:00,428,59,22,1.08324
2025-05-21T10:12:00,421,59.7,22,1.06475
2025-05-21T10:15:00,402,59.5,22,1.07003
2025-05-21T10:18:00,402,58.9,22,1.08588
2025-05-21T10:21:00,407,58.9,22,1.08588
2025-05-21T10:24:00,419,59.4,22,1.07267
2025-05-21T10:27:00,449,58.6,22,1.09381
2025-05-21T10:30:00,471,58.1,22,1.10702
2025-05-21T10:33:00,460,55.7,22,1.17043
2025-05-21T10:36:00,443,56,22,1.1625
2025-05-21T10:39:00,435,57.2,22,1.1308
2025-05-21T10:42:00,430,57,22,1.13608
2025-05-21T10:45:00,427,56.4,22,1.15193
2025-05-21T10:48:00,424,56.5,22,1.14929
2025-05-21T10:51:00,425,56.2,22,1.15722
2025-05-21T10:54:00,402,55.6,22,1.17307
2025-05-21T10:57:00,395,55.7,22,1.17043
2025-05-21T11:00:00,400,55.8,22,1.16779
2025-05-21T11:03:00,400,56.5,22,1.14929
2025-05-21T11:06:00,392,56.8,22,1.14136
2025-05-21T11:09:00,386,55.6,22,1.17307
2025-05-21T11:12:00,407,56.5,22,1.14929
2025-05-21T11:15:00,400,57.6,22,1.12023
2025-05-21T11:18:00,441,57.1,22,1.13344
2025-05-21T11:21:00,439,56.5,22,1.14929
2025-05-21T11:24:00,467,56.1,22,1.15986
2025-05-21T11:27:00,432,55.2,22,1.18364
2025-05-21T11:30:00,388,55.1,22,1.18628
2025-05-21T11:33:00,361,55.4,22,1.17835
2025-05-21T11:36:00,360,56.1,22,1.15986
2025-05-21T11:39:00,382,56.2,22,1.15722
2025-05-21T11:42:00,419,57.6,22,1.12023
2025-05-21T11:45:00,421,57.2,22,1.1308
2025-05-21T11:48:00,403,55.9,22,1.16514
2025-05-21T11:51:00,458,55.4,22,1.17835
2025-05-21T11:54:00,471,55.7,22,1.17043
2025-05-21T11:57:00,468,49.1,22,1.3448
2025-05-21T12:00:00,422,53.2,22,1.23648
2025-05-21T12:03:00,434,53.2,22,1.23648
2025-05-21T12:06:00,458,53,22,1.24176
2025-05-21T12:09:00,466,53.2,22,1.23648
2025-05-21T12:12:00,468,53.6,22,1.22591
2025-05-21T12:15:00,487,52.6,22,1.25233
2025-05-21T12:18:00,449,49.4,22,1.33688
2025-05-21T12:21:00,495,51.6,22,1.27875
2025-05-21T12:24:00,452,52.8,22,1.24705
2025-05-21T12:27:00,484,52.5,22,1.25497
2025-05-21T12:30:00,529,46.6,22,1.41085
2025-05-21T12:33:00,519,47.8,22,1.37915
2025-05-21T12:36:00,548,47.1,21,1.31465
2025-05-21T12:39:00,602,46.3,21,1.33453
2025-05-21T12:42:00,604,46,22,1.42671
2025-05-21T12:45:00,580,45.1,22,1.45048
2025-05-21T12:48:00,580,43.6,23,1.58346
2025-05-21T12:51:00,495,42.8,23,1.60592
2025-05-21T12:54:00,489,42.5,22,1.51918
2025-05-21T12:57:00,468,43,22,1.50597
2025-05-21T13:00:00,494,44.2,22,1.47426
2025-05-21T13:03:00,438,43.3,22,1.49804
2025-05-21T13:06:00,465,42.7,22,1.51389
2025-05-21T13:09:00,473,43.3,22,1.49804
2025-05-21T13:12:00,484,42,22,1.53239
2025-05-21T13:15:00,455,44.3,22,1.47162
2025-05-21T13:18:00,465,46.2,22,1.42142
2025-05-21T13:21:00,410,44.9,22,1.45577
2025-05-21T13:24:00,438,44.4,22,1.46898
2025-05-21T13:27:00,527,41.4,21,1.4563
2025-05-21T13:30:00,492,42.1,22,1.52975
2025-05-21T13:33:00,483,42.2,22,1.5271
2025-05-21T13:36:00,544,40.2,22,1.57994
2025-05-21T13:39:00,621,39.9,22,1.58787
2025-05-21T13:42:00,603,40.6,22,1.56938
2025-05-21T13:45:00,568,39.3,22,1.60372
2025-05-21T13:48:00,547,38.5,23,1.72664
2025-05-21T13:51:00,525,38.1,22,1.63543
2025-05-21T13:54:00,524,39.6,22,1.5958
2025-05-21T13:57:00,485,40.2,22,1.57994
2025-05-21T14:00:00,509,40.9,23,1.65926
2025-05-21T14:03:00,482,37.5,23,1.75472
2025-05-21T14:06:00,485,38.7,22,1.61958
2025-05-21T14:09:00,517,37.5,22,1.65128
2025-05-21T14:12:00,487,37.9,22,1.64071
2025-05-21T14:15:00,510,41.1,23,1.65364
2025-05-21T14:18:00,500,37.9,22,1.64071
2025-05-21T14:21:00,481,39.6,22,1.5958
2025-05-21T14:24:00,507,37.9,22,1.64071
2025-05-21T14:27:00,489,38,22,1.63807
2025-05-21T14:30:00,512,40.4,22,1.57466
2025-05-21T14:33:00,479,40.5,22,1.57202
2025-05-21T14:36:00,602,39.8,22,1.59051
2025-05-21T14:39:00,511,39.3,22,1.60372
2025-05-21T14:42:00,450,42.3,22,1.52446
2025-05-21T14:45:00,427,41.1,22,1.55617
2025-05-21T14:48:00,447,40.9,22,1.56145
2025-05-21T14:51:00,489,39.2,22,1.60637
2025-05-21T14:54:00,468,41,22,1.55881
2025-05-21T14:57:00,427,40.3,22,1.5773
2025-05-21T15:00:00,440,43.7,22,1.48747
2025-05-21T15:03:00,599,40.4,22,1.57466
2025-05-21T15:06:00,535,38.9,22,1.61429
2025-05-21T15:09:00,523,40.6,22,1.56938
2025-05-21T15:12:00,564,37.5,22,1.65128
2025-05-21T15:15:00,547,39.2,22,1.60637
2025-05-21T15:18:00,520,38.6,23,1.72383
2025-05-21T15:21:00,484,37.2,22,1.65921
2025-05-21T15:24:00,473,37.8,22,1.64335
2025-05-21T15:27:00,456,37.5,23,1.75472
2025-05-21T15:30:00,493,39.8,22,1.59051
2025-05-21T15:33:00,417,39.4,21,1.506
2025-05-21T15:36:00,445,40.1,22,1.58259
2025-05-21T15:39:00,445,38.4,22,1.6275
2025-05-21T15:42:00,506,39.2,22,1.60637
2025-05-21T15:45:00,466,38.8,22,1.61693
2025-05-21T15:48:00,404,39.4,22,1.60108
2025-05-21T15:51:00,416,41.1,23,1.65364
2025-05-21T15:54:00,400,38.7,22,1.61958
2025-05-21T15:57:00,399,38.7,22,1.61958
2025-05-21T16:00:00,435,38.3,22,1.63014
2025-05-21T16:03:00,484,39.1,21,1.51346
2025-05-21T16:06:00,510,38.5,22,1.62486
2025-05-21T16:09:00,525,40.4,22,1.57466
2025-05-21T16:12:00,509,38.7,22,1.61958
2025-05-21T16:15:00,453,40,22,1.58523
2025-05-21T16:18:00,477,39,22,1.61165
2025-05-21T16:21:00,479,39.3,22,1.60372
2025-05-21T16:24:00,465,40.1,22,1.58259
2025-05-21T16:27:00,471,38.7,22,1.61958
2025-05-21T16:30:00,466,39.8,21,1.49606
2025-05-21T16:33:00,446,38.2,22,1.63279
2025-05-21T16:36:00,436,39.8,22,1.59051
2025-05-21T16:39:00,443,39,22,1.61165
2025-05-21T16:42:00,484,38,22,1.63807
2025-05-21T16:45:00,508,37.7,22,1.646
2025-05-21T16:48:00,497,38.4,22,1.6275
2025-05-21T16:51:00,494,40.1,22,1.58259
2025-05-21T16:54:00,473,39.5,22,1.59844
2025-05-21T16:57:00,431,40.7,22,1.56673
2025-05-21T17:00:00,413,39.6,22,1.5958
2025-05-21T17:03:00,402,38.8,22,1.61693
2025-05-21T17:06:00,383,38.8,22,1.61693
2025-05-21T17:09:00,373,38.6,22,1.62222
2025-05-21T17:12:00,369,38.6,22,1.62222
2025-05-21T17:15:00,364,39.6,22,1.5958
2025-05-21T17:18:00,358,39.9,21,1.49358
2025-05-21T17:21:00,361,39.7,22,1.59315
2025-05-21T17:24:00,369,40.5,22,1.57202
2025-05-21T17:27:00,368,40.7,22,1.56673
2025-05-21T17:30:00,364,42,22,1.53239
2025-05-21T17:33:00,363,42,22,1.53239
2025-05-21T17:36:00,365,43.4,22,1.4954
2025-05-21T17:39:00,369,42.2,21,1.43642
2025-05-21T17:42:00,372,43.1,21,1.41405
2025-05-21T17:45:00,376,42.4,22,1.52182
2025-05-21T17:48:00,370,43.8,22,1.48483
2025-05-21T17:51:00,361,43.9,22,1.48219
2025-05-21T17:54:00,361,42.6,21,1.42648
2025-05-21T17:57:00,363,43.3,21,1.40908
2025-05-21T18:00:00,364,43.4,22,1.4954
2025-05-21T18:03:00,362,44.6,22,1.46369
2025-05-21T18:06:00,358,44.9,22,1.45577
2025-05-21T18:09:00,354,43.4,21,1.4066
2025-05-21T18:12:00,355,43.7,21,1.39914
2025-05-21T18:15:00,361,44.5,22,1.46634
2025-05-21T18:18:00,369,44,22,1.47955
2025-05-21T18:21:00,373,44.5,22,1.46634
2025-05-21T18:24:00,368,45.2,22,1.44784
2025-05-21T18:27:00,361,45.9,22,1.42935
2025-05-21T18:30:00,357,45.4,22,1.44256
2025-05-21T18:33:00,353,46.2,22,1.42142
2025-05-21T18:36:00,353,46.4,22,1.41614
2025-05-21T18:39:00,352,45.8,22,1.43199
2025-05-21T18:42:00,352,45.8,22,1.43199
2025-05-21T18:45:00,355,45.4,22,1.44256
2025-05-21T18:48:00,353,45.7,22,1.43463
2025-05-21T18:51:00,350,45.9,22,1.42935
2025-05-21T18:54:00,350,45.7,22,1.43463
2025-05-21T18:57:00,347,45.8,22,1.43199
2025-05-21T19:00:00,347,45.3,22,1.4452
2025-05-21T19:03:00,347,46.3,22,1.41878
2025-05-21T19:06:00,345,46.2,22,1.42142
2025-05-21T19:09:00,340,46.7,22,1.40821
2025-05-21T19:12:00,339,46.1,22,1.42406
2025-05-21T19:15:00,340,46.8,22,1.40557
2025-05-21T19:18:00,341,47.2,21,1.31216
2025-05-21T19:21:00,345,47.1,22,1.39764
2025-05-21T19:24:00,346,48.1,21,1.28979
2025-05-21T19:27:00,348,48.3,21,1.28482
2025-05-21T19:30:00,350,49,21,1.26743
2025-05-21T19:33:00,353,49.7,21,1.25003
2025-05-21T19:36:00,356,49.8,21,1.24755
2025-05-21T19:39:00,358,50,21,1.24258
2025-05-21T19:42:00,354,50,21,1.24258
2025-05-21T19:45:00,351,50,21,1.24258
2025-05-21T19:48:00,347,49.8,21,1.24755
2025-05-21T19:51:00,346,50.1,21,1.24009
2025-05-21T19:54:00,345,51.1,21,1.21524
2025-05-21T19:57:00,346,51.7,21,1.20033
2025-05-21T20:00:00,345,52.8,21,1.17299
2025-05-21T20:03:00,15,53.3,21,1.16057
2025-05-21T20:06:00,15,54.4,21,1.13323
2025-05-21T20:09:00,15,55.2,21,1.11335
2025-05-21T20:12:00,14,55.7,20,1.03506
2025-05-21T20:15:00,13,56.5,20,1.01637
2025-05-21T20:18:00,13,57.2,20,1.00001
2025-05-21T20:21:00,14,57.9,20,0.98366
2025-05-21T20:24:00,13,58.6,20,0.9673
2025-05-21T20:27:00,12,59.1,20,0.95562
2025-05-21T20:30:00,11,59.6,20,0.94394
2025-05-21T20:33:00,10,60,20,0.93459
2025-05-21T20:36:00,0,60.6,20,0.92057
2025-05-21T20:39:00,0,61.1,20,0.90889
2025-05-21T20:42:00,0,61.3,19,0.84972
2025-05-21T20:45:00,0,61.7,19,0.84094
2025-05-21T20:48:00,0,62.3,19,0.82776
2025-05-21T20:51:00,0,62.6,19,0.82118
2025-05-21T20:54:00,0,63,19,0.81239
2025-05-21T20:57:00,0,63.2,19,0.808
2025-05-21T21:00:00,0,63.7,19,0.79702
2025-05-21T21:03:00,0,63.9,19,0.79263
2025-05-21T21:06:00,0,64.1,19,0.78824
2025-05-21T21:09:00,0,64.4,19,0.78165
2025-05-21T21:12:00,0,64.7,19,0.77507
2025-05-21T21:15:00,0,64.8,19,0.77287
2025-05-21T21:18:00,0,64.9,19,0.77068
2025-05-21T21:21:00,0,64.9,19,0.77068
2025-05-21T21:24:00,0,64.8,19,0.77287
2025-05-21T21:27:00,0,64.9,19,0.77068
2025-05-21T21:30:00,0,65.1,19,0.76628
2025-05-21T21:33:00,0,65.1,19,0.76628
2025-05-21T21:36:00,0,65.2,18,0.71769
2025-05-21T21:39:00,0,65.3,18,0.71563
2025-05-21T21:42:00,0,65.3,18,0.71563
2025-05-21T21:45:00,0,65.5,18,0.7115
2025-05-21T21:48:00,0,65.6,18,0.70944
2025-05-21T21:51:00,0,65.7,18,0.70738
2025-05-21T21:54:00,0,65.9,18,0.70326
2025-05-21T21:57:00,0,65.9,18,0.70326
2025-05-21T22:00:00,0,66,18,0.70119
2025-05-21T22:03:00,0,66.1,18,0.69913
2025-05-21T22:06:00,0,66.2,18,0.69707
2025-05-21T22:09:00,0,66.2,18,0.69707
2025-05-21T22:12:00,0,66.2,18,0.69707
2025-05-21T22:15:00,0,66.2,18,0.69707
2025-05-21T22:18:00,0,66.3,18,0.69501
2025-05-21T22:21:00,0,66.3,18,0.69501
2025-05-21T22:24:00,0,66.4,18,0.69294
2025-05-21T22:27:00,0,66.2,18,0.69707
2025-05-21T22:30:00,0,66.2,18,0.69707
2025-05-21T22:33:00,0,66.3,18,0.69501
2025-05-21T22:36:00,0,66.2,18,0.69707
2025-05-21T22:39:00,0,66.3,18,0.69501
2025-05-21T22:42:00,0,66.3,18,0.69501
2025-05-21T22:45:00,0,66.3,18,0.69501
2025-05-21T22:48:00,0,66.5,18,0.69088
2025-05-21T22:51:00,0,66.6,18,0.68882
2025-05-21T22:54:00,0,66.6,18,0.68882
2025-05-21T22:57:00,0,66.6,17,0.64668
2025-05-21T23:00:00,0,66.6,18,0.68882
2025-05-21T23:03:00,0,66.7,17,0.64474
2025-05-21T23:06:00,0,68.7,17,0.60602
2025-05-21T23:09:00,0,70.2,18,0.61458
2025-05-21T23:12:00,0,71.4,17,0.55374
2025-05-21T23:15:00,0,72.5,18,0.56714
2025-05-21T23:18:00,0,73.1,17,0.52083
2025-05-21T23:21:00,0,73.6,17,0.51115
2025-05-21T23:24:00,0,74.2,17,0.49953
2025-05-21T23:27:00,0,74.6,17,0.49179
2025-05-21T23:30:00,0,74.7,17,0.48985
2025-05-21T23:33:00,0,75,17,0.48404
2025-05-21T23:36:00,0,75.2,17,0.48017
2025-05-21T23:39:00,0,75.3,17,0.47823
2025-05-21T23:42:00,0,75.5,17,0.47436
2025-05-21T23:45:00,0,75.3,17,0.47823
2025-05-21T23:48:00,0,75.3,17,0.47823
2025-05-21T23:51:00,0,75.5,17,0.47436
2025-05-21T23:54:00,0,75.4,17,0.4763
2025-05-21T23:57:00,0,75.5,17,0.47436
2025-05-22T00:00:00,0,75.6,17,0.47242
2025-05-22T00:03:00,0,75.6,17,0.47242
2025-05-22T00:06:00,0,75.7,17,0.47049
2025-05-22T00:09:00,0,75.5,17,0.47436
2025-05-22T00:12:00,0,75.3,17,0.47823
2025-05-22T00:15:00,0,75.4,17,0.4763
2025-05-22T00:18:00,0,75.3,17,0.47823
2025-05-22T00:21:00,0,75.2,17,0.48017
2025-05-22T00:24:00,0,75.2,17,0.48017
2025-05-22T00:27:00,0,75,17,0.48404
2025-05-22T00:30:00,0,75.2,17,0.48017
2025-05-22T00:33:00,0,75.3,17,0.47823
2025-05-22T00:36:00,0,76.5,17,0.455
2025-05-22T00:39:00,0,77.5,17,0.43564
2025-05-22T00:42:00,0,78,17,0.42596
2025-05-22T00:45:00,0,78.2,17,0.42208
2025-05-22T00:48:00,0,78.7,17,0.4124
2025-05-22T00:51:00,0,78.9,17,0.40853
2025-05-22T00:54:00,0,78.9,17,0.40853
2025-05-22T00:57:00,0,79,17,0.40659
2025-05-22T01:00:00,0,79,17,0.40659
2025-05-22T01:03:00,0,78.9,17,0.40853
2025-05-22T01:06:00,0,79,17,0.40659
2025-05-22T01:09:00,0,79,17,0.40659
2025-05-22T01:12:00,0,78.9,17,0.40853
2025-05-22T01:15:00,0,78.9,17,0.40853
2025-05-22T01:18:00,0,78.6,17,0.41434
2025-05-22T01:21:00,0,78.7,17,0.4124
2025-05-22T01:24:00,0,78.6,17,0.41434
2025-05-22T01:27:00,0,78.7,17,0.4124
2025-05-22T01:30:00,0,78.5,17,0.41628
2025-05-22T01:33:00,0,78.5,17,0.41628
2025-05-22T01:36:00,0,78.6,17,0.41434
2025-05-22T01:39:00,0,78.4,17,0.41821
2025-05-22T01:42:00,0,78.4,17,0.41821
2025-05-22T01:45:00,0,78.3,17,0.42015
2025-05-22T01:48:00,0,78.2,17,0.42208
2025-05-22T01:51:00,0,78.1,17,0.42402
2025-05-22T01:54:00,0,78.1,17,0.42402
2025-05-22T01:57:00,0,78,17,0.42596
2025-05-22T02:00:00,0,77.7,17,0.43176
2025-05-22T02:03:00,0,77.9,17,0.42789
2025-05-22T02:06:00,0,78.8,17,0.41047
2025-05-22T02:09:00,0,79.3,17,0.40079
2025-05-22T02:12:00,0,79.8,17,0.3911
2025-05-22T02:15:00,0,80,17,0.38723
2025-05-22T02:18:00,0,80.1,17,0.3853
2025-05-22T02:21:00,0,80,17,0.38723
2025-05-22T02:24:00,0,80.2,17,0.38336
2025-05-22T02:27:00,0,80.2,17,0.38336
2025-05-22T02:30:00,0,80,17,0.38723
2025-05-22T02:33:00,0,79.9,17,0.38917
2025-05-22T02:36:00,0,80,17,0.38723
2025-05-22T02:39:00,0,79.7,16,0.36881
2025-05-22T02:42:00,0,79.7,16,0.36881
2025-05-22T02:45:00,0,79.5,16,0.37245
2025-05-22T02:48:00,0,79.3,16,0.37608
2025-05-22T02:51:00,0,79.1,16,0.37972
2025-05-22T02:54:00,0,78.9,16,0.38335
2025-05-22T02:57:00,0,78.7,16,0.38698
2025-05-22T03:00:00,0,78.6,16,0.3888
2025-05-22T03:03:00,0,78.4,16,0.39243
2025-05-22T03:06:00,0,78.1,16,0.39788
2025-05-22T03:09:00,0,77.9,16,0.40152
2025-05-22T03:12:00,0,77.7,16,0.40515
2025-05-22T03:15:00,0,77.7,16,0.40515
2025-05-22T03:18:00,0,77.7,16,0.40515
2025-05-22T03:21:00,0,77.4,16,0.4106
2025-05-22T03:24:00,0,77.3,16,0.41242
2025-05-22T03:27:00,0,77,16,0.41787
2025-05-22T03:30:00,0,76.9,16,0.41969
2025-05-22T03:33:00,0,76.6,16,0.42514
2025-05-22T03:36:00,0,76.5,16,0.42695
2025-05-22T03:39:00,0,76.5,16,0.42695
2025-05-22T03:42:00,0,76.4,16,0.42877
2025-05-22T03:45:00,0,76.1,16,0.43422
2025-05-22T03:48:00,0,75.9,16,0.43785
2025-05-22T03:51:00,0,75.4,16,0.44694
2025-05-22T03:54:00,0,75.1,16,0.45239
2025-05-22T03:57:00,0,75,16,0.4542
2025-05-22T04:00:00,0,74.8,16,0.45784
2025-05-22T04:03:00,344,74.8,16,0.45784
2025-05-22T04:06:00,341,74.5,16,0.46329
2025-05-22T04:09:00,339,72.8,17,0.52664
2025-05-22T04:12:00,337,71.5,17,0.55181
2025-05-22T04:15:00,336,70.4,17,0.5731
2025-05-22T04:18:00,335,70,18,0.6187
2025-05-22T04:21:00,333,69.5,18,0.62901
2025-05-22T04:24:00,333,69.3,18,0.63314
2025-05-22T04:27:00,331,69.2,18,0.6352
2025-05-22T04:30:00,331,68.8,18,0.64345
2025-05-22T04:33:00,331,68.5,18,0.64963
2025-05-22T04:36:00,331,68.8,18,0.64345
2025-05-22T04:39:00,330,68.5,18,0.64963
2025-05-22T04:42:00,329,68.2,18,0.65582
2025-05-22T04:45:00,330,68.1,18,0.65788
2025-05-22T04:48:00,328,67.9,18,0.66201
2025-05-22T04:51:00,329,67.8,18,0.66407
2025-05-22T04:54:00,328,67.7,18,0.66613
2025-05-22T04:57:00,330,67.4,18,0.67232
2025-05-22T05:00:00,328,67.3,18,0.67438
2025-05-22T05:03:00,328,67.4,18,0.67232
2025-05-22T05:06:00,330,67.3,18,0.67438
2025-05-22T05:09:00,328,67.1,18,0.67851
2025-05-22T05:12:00,329,67.1,18,0.67851
2025-05-22T05:15:00,329,67.2,19,0.72018
2025-05-22T05:18:00,329,67.2,19,0.72018
2025-05-22T05:21:00,330,67,19,0.72457
2025-05-22T05:24:00,330,67,19,0.72457
2025-05-22T05:27:00,331,67,19,0.72457
2025-05-22T05:30:00,331,67.2,19,0.72018
2025-05-22T05:33:00,331,67,19,0.72457
2025-05-22T05:36:00,331,66.4,19,0.73774
2025-05-22T05:39:00,332,66.6,19,0.73335
2025-05-22T05:42:00,332,66.6,19,0.73335
2025-05-22T05:45:00,332,66.5,19,0.73555
2025-05-22T05:48:00,332,66.4,19,0.73774
2025-05-22T05:51:00,334,66.6,19,0.73335
2025-05-22T05:54:00,334,66.3,19,0.73994
2025-05-22T05:57:00,334,66.1,19,0.74433
2025-05-22T06:00:00,335,66.1,19,0.74433
2025-05-22T06:03:00,336,66,19,0.74652
2025-05-22T06:06:00,337,66.1,19,0.74433
2025-05-22T06:09:00,337,65.6,19,0.75531
2025-05-22T06:12:00,339,65.3,19,0.76189
2025-05-22T06:15:00,340,63.9,19,0.79263
2025-05-22T06:18:00,341,63.5,19,0.80142
2025-05-22T06:21:00,342,63.9,19,0.79263
2025-05-22T06:24:00,346,63.8,19,0.79483
2025-05-22T06:27:00,345,63.1,19,0.8102
2025-05-22T06:30:00,346,61.8,19,0.83874
2025-05-22T06:33:00,355,62.3,19,0.82776
2025-05-22T06:36:00,358,62.3,19,0.82776
2025-05-22T06:39:00,362,63.4,19,0.80361
2025-05-22T06:42:00,366,63.4,19,0.80361
2025-05-22T06:45:00,369,63.5,20,0.85281
2025-05-22T06:48:00,377,63.7,20,0.84814
2025-05-22T06:51:00,385,63.8,20,0.84581
2025-05-22T06:54:00,386,62.2,20,0.88319
2025-05-22T06:57:00,386,61.6,20,0.89721
2025-05-22T07:00:00,384,60.5,20,0.92291
2025-05-22T07:03:00,381,59.9,20,0.93693
2025-05-22T07:06:00,380,60.4,20,0.92525
2025-05-22T07:09:00,386,60.6,20,0.92057
2025-05-22T07:12:00,394,61,20,0.91123
2025-05-22T07:15:00,400,60.8,20,0.9159
2025-05-22T07:18:00,394,60,20,0.93459
2025-05-22T07:21:00,394,59.9,20,0.93693
2025-05-22T07:24:00,400,58.8,20,0.96263
2025-05-22T07:27:00,400,57.9,20,0.98366
2025-05-22T07:30:00,400,58.5,20,0.96964
2025-05-22T07:33:00,401,59.3,21,1.01146
2025-05-22T07:36:00,403,59.6,21,1.004
2025-05-22T07:39:00,406,58.2,21,1.03879
2025-05-22T07:42:00,408,59.2,21,1.01394
2025-05-22T07:45:00,410,59,21,1.01891
2025-05-22T07:48:00,413,57.9,21,1.04625
2025-05-22T07:51:00,417,58,21,1.04376
2025-05-22T07:54:00,418,57.8,21,1.04873
2025-05-22T07:57:00,425,58.6,21,1.02885
2025-05-22T08:00:00,439,57.4,21,1.05868
2025-05-22T08:03:00,449,56.9,21,1.0711
2025-05-22T08:06:00,437,56.9,22,1.13872
2025-05-22T08:09:00,430,56.2,22,1.15722
2025-05-22T08:12:00,430,56.3,22,1.15457
2025-05-22T08:15:00,432,56.4,22,1.15193
2025-05-22T08:18:00,452,55.6,22,1.17307
2025-05-22T08:21:00,514,55.5,22,1.17571
2025-05-22T08:24:00,489,54.6,22,1.19949
2025-05-22T08:27:00,484,54.6,22,1.19949
2025-05-22T08:30:00,493,55.1,23,1.26059
2025-05-22T08:33:00,501,54.4,23,1.28024
2025-05-22T08:36:00,494,54,23,1.29147
2025-05-22T08:39:00,530,50,23,1.40377
2025-05-22T08:42:00,572,49.6,23,1.415
2025-05-22T08:45:00,497,48.5,23,1.44589
2025-05-22T08:48:00,486,49.2,22,1.34216
2025-05-22T08:51:00,468,47.2,22,1.395
2025-05-22T08:54:00,452,47,22,1.40029
2025-05-22T08:57:00,451,47.2,22,1.395
2025-05-22T09:00:00,472,48.3,22,1.36594
2025-05-22T09:03:00,500,46.8,22,1.40557
2025-05-22T09:06:00,492,46.8,22,1.40557
2025-05-22T09:09:00,475,46.4,22,1.41614
2025-05-22T09:12:00,488,47.1,22,1.39764
2025-05-22T09:15:00,472,46.7,22,1.40821
2025-05-22T09:18:00,498,45.9,22,1.42935
2025-05-22T09:21:00,511,43.8,22,1.48483
2025-05-22T09:24:00,512,45.2,22,1.44784
2025-05-22T09:27:00,493.5,45.05,22,1.45181
2025-05-22T09:30:00,475,44.9,22,1.45577
2025-05-22T09:33:00,492,44.7,22,1.46105
2025-05-22T09:36:00,513,44.4,22,1.46898
2025-05-22T09:39:00,517,44.9,21,1.36932
2025-05-22T09:42:00,577,43.6,22,1.49012
2025-05-22T09:45:00,520,44.4,21,1.38175
2025-05-22T09:48:00,547,45.5,22,1.43992
2025-05-22T09:51:00,553,42.8,22,1.51125
2025-05-22T09:54:00,530,43.3,22,1.49804
2025-05-22T09:57:00,524,42.7,22,1.51389
2025-05-22T10:00:00,536,40.5,22,1.57202
2025-05-22T10:03:00,538,40.5,21,1.47867
2025-05-22T10:06:00,561,42,21,1.44139
2025-05-22T10:09:00,554,41.8,22,1.53767
2025-05-22T10:12:00,545,40.4,21,1.48115
2025-05-22T10:15:00,553,45.9,18,1.11572
2025-05-22T10:18:00,536,42.9,18,1.17759
2025-05-22T10:21:00,556,44.2,19,1.22518
2025-05-22T10:24:00,599,43.1,20,1.32946
2025-05-22T10:27:00,580,45.2,19,1.20322
2025-05-22T10:30:00,528,47.5,18,1.08272
2025-05-22T10:33:00,534,43.4,20,1.32245
2025-05-22T10:36:00,548,42.1,20,1.35282
2025-05-22T10:39:00,539,42.2,20,1.35049
2025-05-22T10:42:00,525,41.6,21,1.45133
2025-05-22T10:45:00,518,41.7,21,1.44884
2025-05-22T10:48:00,540,40.5,21,1.47867
2025-05-22T10:51:00,589,38.8,20,1.42993
2025-05-22T10:54:00,583,41.3,21,1.45879
2025-05-22T10:57:00,613,41.5,19,1.28446
2025-05-22T11:00:00,618,43.4,19,1.24274
2025-05-22T11:03:00,639,40.6,21,1.47618
2025-05-22T11:06:00,614,44.3,20,1.30142
2025-05-22T11:09:00,511,46.6,17,1.03391
2025-05-22T11:12:00,569,44.1,19,1.22737
2025-05-22T11:15:00,528,42.4,20,1.34581
2025-05-22T11:18:00,560,42.9,20,1.33413
2025-05-22T11:21:00,552,44.6,18,1.14253
2025-05-22T11:24:00,572,43.8,19,1.23396
2025-05-22T11:27:00,627,40.3,21,1.48364
2025-05-22T11:30:00,632,45.4,18,1.12603
2025-05-22T11:33:00,567,43.8,19,1.23396
2025-05-22T11:36:00,591,45.7,17,1.05134
2025-05-22T11:39:00,522,45.5,19,1.19663
2025-05-22T11:42:00,575,41.8,19,1.27787
2025-05-22T11:45:00,536,42.9,20,1.33413
2025-05-22T11:48:00,470,40.9,21,1.46873
2025-05-22T11:51:00,481,40.6,22,1.56938
2025-05-22T11:54:00,507,40.6,20,1.38787
2025-05-22T11:57:00,520,41.6,21,1.45133
2025-05-22T12:00:00,478,40.2,22,1.57994
2025-05-22T12:03:00,472,39.7,22,1.59315
2025-05-22T12:06:00,520,41.8,21,1.44636
2025-05-22T12:09:00,499,39.8,22,1.59051
2025-05-22T12:12:00,529,39.9,22,1.58787
2025-05-22T12:15:00,502,43.9,19,1.23176
2025-05-22T12:18:00,471,43.1,20,1.32946
2025-05-22T12:21:00,509,40.5,20,1.39021
2025-05-22T12:24:00,523,43,20,1.33179
2025-05-22T12:27:00,468,41.8,20,1.35983
2025-05-22T12:30:00,461,41.3,21,1.45879
2025-05-22T12:33:00,476,40.2,22,1.57994
2025-05-22T12:36:00,473,40.5,22,1.57202
2025-05-22T12:39:00,490,39.3,22,1.60372
2025-05-22T12:42:00,475,38.7,23,1.72103
2025-05-22T12:45:00,498,42,21,1.44139
2025-05-22T12:48:00,479,42.1,21,1.4389
2025-05-22T12:51:00,491,42,20,1.35516
2025-05-22T12:54:00,528,44.9,19,1.20981
2025-05-22T12:57:00,457,43.9,20,1.31076
2025-05-22T13:00:00,525,41.3,21,1.45879
2025-05-22T13:03:00,484,42.2,21,1.43642
2025-05-22T13:06:00,553,41.3,21,1.45879
2025-05-22T13:09:00,552,42.6,20,1.34114
2025-05-22T13:12:00,488,41.7,20,1.36217
2025-05-22T13:15:00,466,42.3,21,1.43393
2025-05-22T13:18:00,484,41.1,22,1.55617
2025-05-22T13:21:00,515,39.6,22,1.5958
2025-05-22T13:24:00,569,40.9,21,1.46873
2025-05-22T13:27:00,487,41.7,21,1.44884
2025-05-22T13:30:00,492,41.3,21,1.45879
2025-05-22T13:33:00,504,42.2,22,1.5271
2025-05-22T13:36:00,492,40.9,22,1.56145
2025-05-22T13:39:00,472,41.1,22,1.55617
2025-05-22T13:42:00,509,40,22,1.58523
2025-05-22T13:45:00,473,39.9,22,1.58787
2025-05-22T13:48:00,502,42,21,1.44139
2025-05-22T13:51:00,488,40.4,22,1.57466
2025-05-22T13:54:00,496,41.4,22,1.54824
2025-05-22T13:57:00,501,42,22,1.53239
2025-05-22T14:00:00,520,41,22,1.55881
2025-05-22T14:03:00,547,40.5,22,1.57202
2025-05-22T14:06:00,519.5,40.7,22,1.56673
2025-05-22T14:09:00,492,40.9,22,1.56145
2025-05-22T14:12:00,486,41.1,22,1.55617
2025-05-22T14:15:00,497,40.9,22,1.56145
2025-05-22T14:18:00,556,40.9,22,1.56145
2025-05-22T14:21:00,607,39.9,22,1.58787
2025-05-22T14:24:00,553,40.1,22,1.58259
2025-05-22T14:27:00,576,40.9,21,1.46873
2025-05-22T14:30:00,547,42.3,21,1.43393
2025-05-22T14:33:00,537,42,21,1.44139
2025-05-22T14:36:00,527,42.2,22,1.5271
2025-05-22T14:39:00,554,42.3,22,1.52446
2025-05-22T14:42:00,673,42.1,20,1.35282
2025-05-22T14:45:00,603,43.3,21,1.40908
2025-05-22T14:48:00,568,47,19,1.1637
2025-05-22T14:51:00,534,44.5,21,1.37926
2025-05-22T14:54:00,524,42.4,22,1.52182
2025-05-22T14:57:00,494,61.9,16,0.69221
2025-05-22T15:00:00,556,64.2,17,0.69315
2025-05-22T15:03:00,493,63.8,17,0.70089
2025-05-22T15:06:00,598,60.4,19,0.86948
2025-05-22T15:09:00,578,61.9,18,0.78575
2025-05-22T15:12:00,526,66.3,17,0.65249
2025-05-22T15:15:00,509,58.3,18,0.85999
2025-05-22T15:18:00,496,64.4,18,0.73419
2025-05-22T15:21:00,495,67.4,17,0.63119
2025-05-22T15:24:00,446,59.8,19,0.88265
2025-05-22T15:27:00,447,62.2,19,0.82996
2025-05-22T15:30:00,444,62.4,17,0.728
2025-05-22T15:33:00,443,60.9,18,0.80637
2025-05-22T15:36:00,452,58.3,19,0.91559
2025-05-22T15:39:00,460,57.9,20,0.98366
2025-05-22T15:42:00,484,55.7,21,1.10092
2025-05-22T15:45:00,461,52.4,21,1.18293
2025-05-22T15:48:00,458,53.2,20,1.09347
2025-05-22T15:51:00,457,53.3,20,1.09114
2025-05-22T15:54:00,426,56,19,0.96609
2025-05-22T15:57:00,420,51.2,20,1.1402
2025-05-22T16:00:00,447,50.4,22,1.31046
2025-05-22T16:03:00,461,49.8,19,1.10222
2025-05-22T16:06:00,450,44.3,20,1.30142
2025-05-22T16:09:00,441,48,20,1.21497
2025-05-22T16:12:00,443,43.2,20,1.32712
2025-05-22T16:15:00,444,44.1,21,1.3892
2025-05-22T16:18:00,460,41.6,21,1.45133
2025-05-22T16:21:00,379,45.2,21,1.36186
2025-05-22T16:24:00,726,43.4,20,1.32245
2025-05-22T16:27:00,371,46,21,1.34198
2025-05-22T16:30:00,402,43.2,20,1.32712
2025-05-22T16:33:00,567,46.5,21,1.32956
2025-05-22T16:36:00,520,47.9,20,1.21731
2025-05-22T16:39:00,391,55.5,20,1.03973
2025-05-22T16:42:00,367,59.7,19,0.88485
2025-05-22T16:45:00,372,56.4,21,1.08353
2025-05-22T16:48:00,454,54.4,22,1.20477
2025-05-22T16:51:00,379,56.3,20,1.02104
2025-05-22T16:54:00,408,56.7,21,1.07607
2025-05-22T16:57:00,422,56,18,0.90743
2025-05-22T17:00:00,401,60.5,19,0.86728
2025-05-22T17:03:00,439,56.2,21,1.0885
2025-05-22T17:06:00,484,53,19,1.03196
2025-05-22T17:09:00,599,60.6,19,0.86509
2025-05-22T17:12:00,421,59.2,19,0.89583
2025-05-22T17:15:00,471,57.2,19,0.93974
2025-05-22T17:18:00,588,58.3,20,0.97431
2025-05-22T17:21:00,449,56.9,19,0.94633
2025-05-22T17:24:00,425,54.3,20,1.06777
2025-05-22T17:27:00,430,54.3,20,1.06777
2025-05-22T17:30:00,493,54.4,20,1.06543
2025-05-22T17:33:00,389,51.4,21,1.20778
2025-05-22T17:36:00,424,50.4,22,1.31046
2025-05-22T17:39:00,459,53.6,20,1.08413
2025-05-22T17:42:00,485.5,51.7,21,1.20033
2025-05-22T17:45:00,512,49.8,22,1.32631
2025-05-22T17:48:00,487,48.6,22,1.35801
2025-05-22T17:51:00,549,47.5,22,1.38708
2025-05-22T17:54:00,421,46.2,22,1.42142
2025-05-22T17:57:00,415,45.2,21,1.36186
2025-05-22T18:00:00,430,44,22,1.47955
2025-05-22T18:03:00,420,43.1,22,1.50333
2025-05-22T18:06:00,409,42.7,22,1.51389
2025-05-22T18:09:00,413,40.5,23,1.67049
2025-05-22T18:12:00,510,39.4,23,1.70137
2025-05-22T18:15:00,399,38.9,23,1.71541
2025-05-22T18:18:00,394,39.8,22,1.59051
2025-05-22T18:21:00,390,40.1,23,1.68172
2025-05-22T18:24:00,384,40.8,21,1.47121
2025-05-22T18:27:00,380,40.6,22,1.56938
2025-05-22T18:30:00,378,40.8,22,1.56409
2025-05-22T18:33:00,378,39.9,22,1.58787
2025-05-22T18:36:00,378,40.2,22,1.57994
2025-05-22T18:39:00,375,39.9,22,1.58787
2025-05-22T18:42:00,375,40.2,22,1.57994
2025-05-22T18:45:00,372,38.3,22,1.63014
2025-05-22T18:48:00,374,39.9,22,1.58787
2025-05-22T18:51:00,372,39.7,22,1.59315
2025-05-22T18:54:00,372,39.6,22,1.5958
2025-05-22T18:57:00,369,39.7,22,1.59315
2025-05-22T19:00:00,366,42.3,21,1.43393
2025-05-22T19:03:00,363,41.5,21,1.45381
2025-05-22T19:06:00,362,42,21,1.44139
2025-05-22T19:09:00,360,41.9,22,1.53503
2025-05-22T19:12:00,359,41.9,21,1.44387
2025-05-22T19:15:00,359,39.9,22,1.58787
2025-05-22T19:18:00,356,42,22,1.53239
2025-05-22T19:21:00,355,42.8,22,1.51125
2025-05-22T19:24:00,355,40.1,22,1.58259
2025-05-22T19:27:00,354,40,22,1.58523
2025-05-22T19:30:00,355,41.9,22,1.53503
2025-05-22T19:33:00,350,42,22,1.53239
2025-05-22T19:36:00,350,43,22,1.50597
2025-05-22T19:39:00,350,44.6,22,1.46369
2025-05-22T19:42:00,350,43.6,22,1.49012
2025-05-22T19:45:00,351,41.8,22,1.53767
2025-05-22T19:48:00,347,43.4,22,1.4954
2025-05-22T19:51:00,348,43.7,22,1.48747
2025-05-22T19:54:00,348,42.6,22,1.51654
2025-05-22T19:57:00,348,44.1,22,1.4769
2025-05-22T20:00:00,347,46.4,22,1.41614
2025-05-22T20:03:00,16,48.5,22,1.36065
2025-05-22T20:06:00,19,49.8,21,1.24755
2025-05-22T20:09:00,15,50.3,21,1.23512
2025-05-22T20:12:00,13,52.4,20,1.11216
2025-05-22T20:15:00,13,53.2,20,1.09347
2025-05-22T20:18:00,12,54.3,20,1.06777
2025-05-22T20:21:00,11,55,20,1.05142
2025-05-22T20:24:00,10,55.5,20,1.03973
2025-05-22T20:27:00,10,54.1,20,1.07244
2025-05-22T20:30:00,9,55.4,20,1.04207
2025-05-22T20:33:00,0,55.8,20,1.03272
2025-05-22T20:36:00,0,56.8,20,1.00936
2025-05-22T20:39:00,0,57.3,20,0.99768
2025-05-22T20:42:00,0,56.7,20,1.0117
2025-05-22T20:45:00,0,57.6,20,0.99067
2025-05-22T20:48:00,0,58,20,0.98132
2025-05-22T20:51:00,0,58.6,20,0.9673
2025-05-22T20:54:00,0,59.4,20,0.94861
2025-05-22T20:57:00,0,60,20,0.93459
2025-05-22T21:00:00,0,60.7,20,0.91824
2025-05-22T21:03:00,0,61.4,20,0.90188
2025-05-22T21:06:00,0,62,20,0.88786
2025-05-22T21:09:00,0,62.55,20,0.87501
2025-05-22T21:12:00,0,63.1,20,0.86216
2025-05-22T21:15:00,0,64.1,20,0.8388
2025-05-22T21:18:00,0,64.5,20,0.82945
2025-05-22T21:21:00,0,64.8,20,0.82244
2025-05-22T21:24:00,0,65.1,20,0.81543
2025-05-22T21:27:00,0,65.3,20,0.81076
2025-05-22T21:30:00,0,65.6,20,0.80375
2025-05-22T21:33:00,0,66,20,0.7944
2025-05-22T21:36:00,0,66.2,20,0.78973
2025-05-22T21:39:00,0,66.4,20,0.78506
2025-05-22T21:42:00,0,66.6,20,0.78038
2025-05-22T21:45:00,0,66.9,20,0.77337
2025-05-22T21:48:00,0,67.1,20,0.7687
2025-05-22T21:51:00,0,67.3,20,0.76403
2025-05-22T21:54:00,0,67.4,19,0.71578
2025-05-22T21:57:00,0,67.6,19,0.71139
2025-05-22T22:00:00,0,67,19,0.72457
2025-05-22T22:03:00,0,67.4,19,0.71578
2025-05-22T22:06:00,0,67.6,19,0.71139
2025-05-22T22:09:00,0,67.6,19,0.71139
2025-05-22T22:12:00,0,67.7,19,0.7092
2025-05-22T22:15:00,0,67.7,19,0.7092
2025-05-22T22:18:00,0,67.9,19,0.70481
2025-05-22T22:21:00,0,68.1,19,0.70041
2025-05-22T22:24:00,0,68.2,19,0.69822
2025-05-22T22:27:00,0,68.3,19,0.69602
2025-05-22T22:30:00,0,68.3,19,0.69602
2025-05-22T22:33:00,0,68.4,19,0.69383
2025-05-22T22:36:00,0,68.4,19,0.69383
2025-05-22T22:39:00,0,68.5,19,0.69163
2025-05-22T22:42:00,0,68.7,19,0.68724
2025-05-22T22:45:00,0,68.6,19,0.68944
2025-05-22T22:48:00,0,68.7,19,0.68724
2025-05-22T22:51:00,0,68.9,19,0.68285
2025-05-22T22:54:00,0,68.9,19,0.68285
2025-05-22T22:57:00,0,69,19,0.68065
2025-05-22T23:00:00,0,69.2,19,0.67626
2025-05-22T23:03:00,0,69.1,19,0.67846
2025-05-22T23:06:00,0,70.4,19,0.64991
2025-05-22T23:09:00,0,71.9,19,0.61698
2025-05-22T23:12:00,0,72.8,19,0.59722
2025-05-22T23:15:00,0,73.7,19,0.57746
2025-05-22T23:18:00,0,74.5,18,0.52589
2025-05-22T23:21:00,0,74.9,18,0.51765
2025-05-22T23:24:00,0,75.3,18,0.5094
2025-05-22T23:27:00,0,75.5,18,0.50527
2025-05-22T23:30:00,0,75.8,18,0.49908
2025-05-22T23:33:00,0,76,18,0.49496
2025-05-22T23:36:00,0,76,18,0.49496
2025-05-22T23:39:00,0,76,18,0.49496
2025-05-22T23:42:00,0,76.2,18,0.49084
2025-05-22T23:45:00,0,76.2,18,0.49084
2025-05-22T23:48:00,0,76.2,18,0.49084
2025-05-22T23:51:00,0,76.2,18,0.49084
2025-05-22T23:54:00,0,76.3,18,0.48877
2025-05-22T23:57:00,0,76.2,18,0.49084
2025-05-23T00:00:00,0,76.3,18,0.48877
2025-05-23T00:03:00,0,76.3,18,0.48877
2025-05-23T00:06:00,0,76.2,18,0.49084
2025-05-23T00:09:00,0,76.2,18,0.49084
2025-05-23T00:12:00,0,76.1,18,0.4929
2025-05-23T00:15:00,0,76,18,0.49496
2025-05-23T00:18:00,0,76,18,0.49496
2025-05-23T00:21:00,0,76.1,18,0.4929
2025-05-23T00:24:00,0,76,18,0.49496
2025-05-23T00:27:00,0,75.8,18,0.49908
2025-05-23T00:30:00,0,75.9,18,0.49702
2025-05-23T00:33:00,0,76.7,18,0.48052
2025-05-23T00:36:00,0,77.5,18,0.46402
2025-05-23T00:39:00,0,78.2,18,0.44959
2025-05-23T00:42:00,0,78.5,18,0.4434
2025-05-23T00:45:00,0,78.9,18,0.43515
2025-05-23T00:48:00,0,79,18,0.43309
2025-05-23T00:51:00,0,79.2,18,0.42897
2025-05-23T00:54:00,0,79.3,18,0.4269
2025-05-23T00:57:00,0,79.2,17,0.40272
2025-05-23T01:00:00,0,79.2,17,0.40272
2025-05-23T01:03:00,0,79.3,17,0.40079
2025-05-23T01:06:00,0,79.3,17,0.40079
2025-05-23T01:09:00,0,79.1,17,0.40466
2025-05-23T01:12:00,0,79.1,17,0.40466
2025-05-23T01:15:00,0,78.9,17,0.40853
2025-05-23T01:18:00,0,78.9,17,0.40853
2025-05-23T01:21:00,0,78.8,17,0.41047
2025-05-23T01:24:00,0,78.7,17,0.4124
2025-05-23T01:27:00,0,78.8,17,0.41047
2025-05-23T01:30:00,0,78.6,17,0.41434
2025-05-23T01:33:00,0,78.6,17,0.41434
2025-05-23T01:36:00,0,78.4,17,0.41821
2025-05-23T01:39:00,0,78.4,17,0.41821
2025-05-23T01:42:00,0,78.1,17,0.42402
2025-05-23T01:45:00,0,77.9,17,0.42789
2025-05-23T01:48:00,0,77.8,17,0.42983
2025-05-23T01:51:00,0,77.8,17,0.42983
2025-05-23T01:54:00,0,77.6,17,0.4337
2025-05-23T01:57:00,0,77.5,17,0.43564
2025-05-23T02:00:00,0,77.2,17,0.44145
2025-05-23T02:03:00,0,77.3,17,0.43951
2025-05-23T02:06:00,0,78.2,17,0.42208
2025-05-23T02:09:00,0,78.7,17,0.4124
2025-05-23T02:12:00,0,79.3,17,0.40079
2025-05-23T02:15:00,0,79.4,17,0.39885
2025-05-23T02:18:00,0,79.5,17,0.39691
2025-05-23T02:21:00,0,79.6,17,0.39498
2025-05-23T02:24:00,0,79.6,17,0.39498
2025-05-23T02:27:00,0,79.8,17,0.3911
2025-05-23T02:30:00,0,79.6,17,0.39498
2025-05-23T02:33:00,0,79.6,17,0.39498
2025-05-23T02:36:00,0,79.5,17,0.39691
2025-05-23T02:39:00,0,79.4,17,0.39885
2025-05-23T02:42:00,0,79.5,17,0.39691
2025-05-23T02:45:00,0,79.4,17,0.39885
2025-05-23T02:48:00,0,79.1,17,0.40466
2025-05-23T02:51:00,0,78.9,17,0.40853
2025-05-23T02:54:00,0,78.7,17,0.4124
2025-05-23T02:57:00,0,78.5,17,0.41628
2025-05-23T03:00:00,0,78.2,17,0.42208
2025-05-23T03:03:00,0,78.1,17,0.42402
2025-05-23T03:06:00,0,78,17,0.42596
2025-05-23T03:09:00,0,78.1,17,0.42402
2025-05-23T03:12:00,0,78.1,16,0.39788
2025-05-23T03:15:00,0,77.8,16,0.40333
2025-05-23T03:18:00,0,77.6,16,0.40697
2025-05-23T03:21:00,0,77.5,16,0.40878
2025-05-23T03:24:00,0,77.5,16,0.40878
2025-05-23T03:27:00,0,77.5,16,0.40878
2025-05-23T03:30:00,0,77.3,16,0.41242
2025-05-23T03:33:00,0,77.3,16,0.41242
2025-05-23T03:36:00,0,77.3,16,0.41242
2025-05-23T03:39:00,0,77.2,16,0.41423
2025-05-23T03:42:00,0,76.9,16,0.41969
2025-05-23T03:45:00,0,77,16,0.41787
2025-05-23T03:48:00,0,77,16,0.41787
2025-05-23T03:51:00,0,76.9,16,0.41969
2025-05-23T03:54:00,0,76.8,16,0.4215
2025-05-23T03:57:00,0,76.5,16,0.42695
2025-05-23T04:00:00,0,76.3,16,0.43059
2025-05-23T04:03:00,345,75.9,16,0.43785
2025-05-23T04:06:00,343,75.1,17,0.4821
2025-05-23T04:09:00,341,74.3,17,0.49759
2025-05-23T04:12:00,338,74.1,17,0.50147
2025-05-23T04:15:00,337,73.3,17,0.51696
2025-05-23T04:18:00,336,73.2,17,0.51889
2025-05-23T04:21:00,332,72.8,17,0.52664
2025-05-23T04:24:00,333,72.7,17,0.52857
2025-05-23T04:27:00,332,72.3,17,0.53632
2025-05-23T04:30:00,331,72,18,0.57745
2025-05-23T04:33:00,331,72,18,0.57745
2025-05-23T04:36:00,331,71.7,18,0.58364
2025-05-23T04:39:00,329,71.4,18,0.58983
2025-05-23T04:42:00,330,71,18,0.59808
2025-05-23T04:45:00,330,70.9,18,0.60014
2025-05-23T04:48:00,330,70.5,18,0.60839
2025-05-23T04:51:00,329,70.5,18,0.60839
2025-05-23T04:54:00,328,70.2,18,0.61458
2025-05-23T04:57:00,330,70,18,0.6187
2025-05-23T05:00:00,329,69.9,18,0.62076
2025-05-23T05:03:00,329,69.6,18,0.62695
2025-05-23T05:06:00,331,69.4,19,0.67187
2025-05-23T05:09:00,331,69.3,19,0.67407
2025-05-23T05:12:00,331,68.8,19,0.68505
2025-05-23T05:15:00,331,68.8,19,0.68505
2025-05-23T05:18:00,331,68.7,19,0.68724
2025-05-23T05:21:00,331,68.7,19,0.68724
2025-05-23T05:24:00,332,68.2,19,0.69822
2025-05-23T05:27:00,332,68.5,19,0.69163
2025-05-23T05:30:00,334,68.1,19,0.70041
2025-05-23T05:33:00,334,67.8,19,0.707
2025-05-23T05:36:00,334,67.7,19,0.7092
2025-05-23T05:39:00,334,67.5,19,0.71359
2025-05-23T05:42:00,335,66.2,19,0.74213
2025-05-23T05:45:00,334,65.9,19,0.74872
2025-05-23T05:48:00,335,66.2,19,0.74213
2025-05-23T05:51:00,336,64.2,19,0.78605
2025-05-23T05:54:00,335,64.3,19,0.78385
2025-05-23T05:57:00,336,64.1,19,0.78824
2025-05-23T06:00:00,336,63.4,19,0.80361
2025-05-23T06:03:00,337,62.2,19,0.82996
2025-05-23T06:06:00,338,62.7,19,0.81898
2025-05-23T06:09:00,339,62.9,19,0.81459
2025-05-23T06:12:00,341,61.4,19,0.84752
2025-05-23T06:15:00,341,62.1,19,0.83215
2025-05-23T06:18:00,345,62.4,19,0.82557
2025-05-23T06:21:00,347,62.8,20,0.86917
2025-05-23T06:24:00,353,63.3,20,0.85749
2025-05-23T06:27:00,355,63.5,20,0.85281
2025-05-23T06:30:00,356,62.9,20,0.86683
2025-05-23T06:33:00,357,62.5,20,0.87618
2025-05-23T06:36:00,358,62.6,20,0.87384
2025-05-23T06:39:00,361,62.3,20,0.88085
2025-05-23T06:42:00,362,61.2,20,0.90655
2025-05-23T06:45:00,363,60.5,20,0.92291
2025-05-23T06:48:00,364,60.9,21,0.97169
2025-05-23T06:51:00,367,61,21,0.96921
2025-05-23T06:54:00,368,60.3,21,0.98661
2025-05-23T06:57:00,369,59.4,21,1.00897
2025-05-23T07:00:00,370,59.3,21,1.01146
2025-05-23T07:03:00,372,56.2,21,1.0885
2025-05-23T07:06:00,374,56.2,21,1.0885
2025-05-23T07:09:00,375,55.7,21,1.10092
2025-05-23T07:12:00,377,55.5,22,1.17571
2025-05-23T07:15:00,378,53.8,22,1.22063
2025-05-23T07:18:00,380,53.3,22,1.23384
2025-05-23T07:21:00,383,53.1,22,1.23912
2025-05-23T07:24:00,389,52.2,22,1.2629
2025-05-23T07:27:00,400,49.4,22,1.33688
2025-05-23T07:30:00,410,47.6,22,1.38443
2025-05-23T07:33:00,419,48.2,21,1.28731
2025-05-23T07:36:00,432,47.2,22,1.395
2025-05-23T07:39:00,476,47,22,1.40029
2025-05-23T07:42:00,416,46.8,22,1.40557
2025-05-23T07:45:00,413,47.7,21,1.29974
2025-05-23T07:48:00,594,46.8,21,1.3221
2025-05-23T07:51:00,443,47.2,21,1.31216
2025-05-23T07:54:00,575,45.2,22,1.44784
2025-05-23T07:57:00,650,45.8,22,1.43199
2025-05-23T08:00:00,561,47.3,22,1.39236
2025-05-23T08:03:00,669,49.2,21,1.26246
2025-05-23T08:06:00,529,48.1,21,1.28979
2025-05-23T08:09:00,462,47.8,22,1.37915
2025-05-23T08:12:00,457,45.6,22,1.43727
2025-05-23T08:15:00,632,43.1,22,1.50333
2025-05-23T08:18:00,505,45.4,22,1.44256
2025-05-23T08:21:00,664,43.7,21,1.39914
2025-05-23T08:24:00,671,46,21,1.34198
2025-05-23T08:27:00,710,44.4,22,1.46898
2025-05-23T08:30:00,452,45,22,1.45313
2025-05-23T08:33:00,775,44.2,23,1.56661
2025-05-23T08:36:00,537,47.5,20,1.22665
2025-05-23T08:39:00,511,47,22,1.40029
2025-05-23T08:42:00,778,43.9,22,1.48219
2025-05-23T08:45:00,572,44.2,21,1.38672
2025-05-23T08:48:00,756,42.7,22,1.51389
2025-05-23T08:51:00,753,46.4,20,1.25235
2025-05-23T08:54:00,764,43.3,21,1.40908
2025-05-23T08:57:00,753,42.7,21,1.42399
2025-05-23T09:00:00,736,41.8,21,1.44636
2025-05-23T09:03:00,731,41.5,20,1.36684
2025-05-23T09:06:00,740,45.4,20,1.27572
2025-05-23T09:09:00,709,43.4,21,1.4066
2025-05-23T09:12:00,579,42.5,22,1.51918
2025-05-23T09:15:00,498,47.3,18,1.08685
2025-05-23T09:18:00,470,43.8,21,1.39666
2025-05-23T09:21:00,463,44.7,19,1.2142
2025-05-23T09:24:00,453,48.3,18,1.06623
2025-05-23T09:27:00,451,47.5,18,1.08272
2025-05-23T09:30:00,451,46.3,19,1.17907
2025-05-23T09:33:00,451,46.6,18,1.10129
2025-05-23T09:36:00,454,48.1,18,1.07035
2025-05-23T09:39:00,553,65.5,15,0.58787
2025-05-23T09:42:00,457,63.2,18,0.75894
2025-05-23T09:45:00,450,68.2,15,0.54187
2025-05-23T09:48:00,449,63.7,16,0.65951
2025-05-23T09:51:00,452,60.8,17,0.75898
2025-05-23T09:54:00,454,65.3,17,0.67185
2025-05-23T09:57:00,456,66.8,17,0.64281
2025-05-23T10:00:00,465,67.4,16,0.59228
2025-05-23T10:03:00,475,64.9,16,0.6377
2025-05-23T10:06:00,471,61.2,18,0.80019
2025-05-23T10:09:00,475,63.9,17,0.69895
2025-05-23T10:12:00,476,63.7,17,0.70283
2025-05-23T10:15:00,391,61.5,18,0.794
2025-05-23T10:18:00,495,59.3,17,0.78802
2025-05-23T10:21:00,500,61.1,18,0.80225
2025-05-23T10:24:00,509,63.2,17,0.71251
2025-05-23T10:27:00,528,56.6,18,0.89505
2025-05-23T10:30:00,436,62.3,17,0.72993
2025-05-23T10:33:00,431,63.6,17,0.70476
2025-05-23T10:36:00,414,58.5,18,0.85587
2025-05-23T10:39:00,484,57.2,18,0.88268
2025-05-23T10:42:00,490,49.6,19,1.10661
2025-05-23T10:45:00,556,54,19,1.01
2025-05-23T10:48:00,452,56,18,0.90743
2025-05-23T10:51:00,475,52,19,1.05392
2025-05-23T10:54:00,399,49.5,20,1.17992
2025-05-23T10:57:00,460,43.5,20,1.32011
2025-05-23T11:00:00,470,44.1,20,1.30609
2025-05-23T11:03:00,400,42.7,22,1.51389
2025-05-23T11:06:00,429,41.6,22,1.54296
2025-05-23T11:09:00,588,39,20,1.42525
2025-05-23T11:12:00,460,43.6,20,1.31777
2025-05-23T11:15:00,433,39.6,22,1.5958
2025-05-23T11:18:00,457,40.2,21,1.48612
2025-05-23T11:21:00,469,38.3,20,1.44161
2025-05-23T11:24:00,526,36.8,21,1.57062
2025-05-23T11:27:00,411,41.3,20,1.37151
2025-05-23T11:30:00,456,35.3,21,1.60789
2025-05-23T11:33:00,556,40.7,19,1.30202
2025-05-23T11:36:00,425,58.5,17,0.80351
2025-05-23T11:39:00,446,51.2,19,1.07148
2025-05-23T11:42:00,515,56.5,18,0.89711
2025-05-23T11:45:00,408,55,19,0.98805
2025-05-23T11:48:00,525,50.7,19,1.08246
2025-05-23T11:51:00,499,56.2,19,0.9617
2025-05-23T11:54:00,570,57.7,19,0.92876
2025-05-23T11:57:00,535,55.7,19,0.97268
2025-05-23T12:00:00,453,58.6,18,0.85381
2025-05-23T12:03:00,445,52.5,20,1.10983
2025-05-23T12:06:00,480,49.6,21,1.25252
2025-05-23T12:09:00,569,50,20,1.16824
2025-05-23T12:12:00,583,51.6,20,1.13086
2025-05-23T12:15:00,581,54.3,19,1.00342
2025-05-23T12:18:00,501,53.7,20,1.08179
2025-05-23T12:21:00,501,49.5,19,1.10881
2025-05-23T12:24:00,488,55.4,20,1.04207
2025-05-23T12:27:00,516,51.9,20,1.12385
2025-05-23T12:30:00,504,50.2,21,1.23761
2025-05-23T12:33:00,515,50.7,20,1.15188
2025-05-23T12:36:00,581,49.4,21,1.25749
2025-05-23T12:39:00,487,51.5,20,1.13319
2025-05-23T12:42:00,471,49.1,21,1.26494
2025-05-23T12:45:00,486,49.6,19,1.10661
2025-05-23T12:48:00,495,45,20,1.28506
2025-05-23T12:51:00,484,38.5,20,1.43693
2025-05-23T12:54:00,485.5,36.9,20.5,1.52059
2025-05-23T12:57:00,487,35.3,21,1.60789
2025-05-23T13:00:00,534,48.2,19,1.13735
2025-05-23T13:03:00,497,55.1,19,0.98585
2025-05-23T13:06:00,517,55.4,18,0.9198
2025-05-23T13:09:00,515,53,20,1.09815
2025-05-23T13:12:00,519,54.3,18,0.94249
2025-05-23T13:15:00,505,56,19,0.96609
2025-05-23T13:18:00,511,52.7,21,1.17548
2025-05-23T13:21:00,536,50.9,21,1.22021
2025-05-23T13:24:00,518,53.7,20,1.08179
2025-05-23T13:27:00,471,51.9,21,1.19536
2025-05-23T13:30:00,483,50.2,21,1.23761
2025-05-23T13:33:00,483,49.1,22,1.3448
2025-05-23T13:36:00,483,47.7,21,1.29974
2025-05-23T13:39:00,483,44.7,22,1.46105
2025-05-23T13:42:00,510,44.6,22,1.46369
2025-05-23T13:45:00,530,45.9,22,1.42935
2025-05-23T13:48:00,549,45.8,22,1.43199
2025-05-23T13:51:00,509,45.1,22,1.45048
2025-05-23T13:54:00,476,43.4,22,1.4954
2025-05-23T13:57:00,609,43.1,21,1.41405
2025-05-23T14:00:00,506,43.4,22,1.4954
2025-05-23T14:03:00,484,43.4,22,1.4954
2025-05-23T14:06:00,491,37.4,22,1.65392
2025-05-23T14:09:00,525,38.1,23,1.73787
2025-05-23T14:12:00,589,35.8,21,1.59547
2025-05-23T14:15:00,470,53.1,19,1.02976
2025-05-23T14:18:00,529,57.2,18,0.88268
2025-05-23T14:21:00,542,53.3,18,0.96311
2025-05-23T14:24:00,429,52.3,18,0.98373
2025-05-23T14:27:00,466,54.1,19,1.00781
2025-05-23T14:30:00,476,57,19,0.94413
2025-05-23T14:33:00,427,54.5,20,1.0631
2025-05-23T14:36:00,427,52.5,20,1.10983
2025-05-23T14:39:00,433,50.6,21,1.22767
2025-05-23T14:42:00,452,49.3,21,1.25997
2025-05-23T14:45:00,462,47.6,22,1.38443
2025-05-23T14:48:00,432,50.2,20,1.16357
2025-05-23T14:51:00,424,48.9,21,1.26991
2025-05-23T14:54:00,449,45,22,1.45313
2025-05-23T14:57:00,482,46,22,1.42671
2025-05-23T15:00:00,495,46.4,22,1.41614
2025-05-23T15:03:00,493,45.6,20,1.27104
2025-05-23T15:06:00,492,49.6,20,1.17759
2025-05-23T15:09:00,473,49,20,1.1916
2025-05-23T15:12:00,542,47.1,20,1.236
2025-05-23T15:15:00,517,45.3,21,1.35938
2025-05-23T15:18:00,537,43,21,1.41654
2025-05-23T15:21:00,445,39.8,22,1.59051
2025-05-23T15:24:00,564,35.8,20,1.50002
2025-05-23T15:27:00,556,51.9,18,0.99198
2025-05-23T15:30:00,536,54.6,19,0.99683
2025-05-23T15:33:00,435,58.5,17,0.80351
2025-05-23T15:36:00,533,56.3,16,0.79395
2025-05-23T15:39:00,526,57.3,17,0.82674
2025-05-23T15:42:00,569,58.3,18,0.85999
2025-05-23T15:45:00,484,58.5,18,0.85587
2025-05-23T15:48:00,413,54.7,19,0.99463
2025-05-23T15:51:00,407,53.7,19,1.01659
2025-05-23T15:54:00,471,53.6,20,1.08413
2025-05-23T15:57:00,469,56.8,18,0.89093
2025-05-23T16:00:00,401,54.8,18,0.93217
2025-05-23T16:03:00,495,51.3,18,1.00436
2025-05-23T16:06:00,417,57.5,18,0.87649
2025-05-23T16:09:00,394,52.9,20,1.10048
2025-05-23T16:12:00,412,51.4,20,1.13553
2025-05-23T16:15:00,435,50.9,20,1.14721
2025-05-23T16:18:00,618,49.1,20,1.18927
2025-05-23T16:21:00,410,49.3,20,1.1846
2025-05-23T16:24:00,400,47.7,21,1.29974
2025-05-23T16:27:00,1159,47.8,21,1.29725
2025-05-23T16:30:00,977,46.9,21,1.31962
2025-05-23T16:33:00,417,44.5,21,1.37926
2025-05-23T16:36:00,410,40.6,21,1.47618
2025-05-23T16:39:00,413,38.8,20,1.42993
2025-05-23T16:42:00,458,33.9,21,1.64269
2025-05-23T16:45:00,456,32.7,21,1.67251
2025-05-23T16:48:00,449,41.6,20,1.3645
2025-05-23T16:51:00,378,53.1,18,0.96723
2025-05-23T16:54:00,432,53.5,19,1.02098
2025-05-23T16:57:00,424,53.3,19,1.02537
2025-05-23T17:00:00,430,54.3,19,1.00342
2025-05-23T17:03:00,439,51.6,20,1.13086
2025-05-23T17:06:00,456,50.3,20,1.16123
2025-05-23T17:09:00,386,50,21,1.24258
2025-05-23T17:12:00,391,51.1,21,1.21524
2025-05-23T17:15:00,387,48.7,21,1.27488
2025-05-23T17:18:00,393,47.5,21,1.30471
2025-05-23T17:21:00,394,49.5,21,1.255
2025-05-23T17:24:00,397,48.5,21,1.27985
2025-05-23T17:27:00,427,47.8,22,1.37915
2025-05-23T17:30:00,495,48.5,20,1.20329
2025-05-23T17:33:00,654,48.1,21,1.28979
2025-05-23T17:36:00,422,47.8,22,1.37915
2025-05-23T17:39:00,392,45.3,22,1.4452
2025-05-23T17:42:00,387,47.4,22,1.38972
2025-05-23T17:45:00,380,46.6,21,1.32707
2025-05-23T17:48:00,377,43.8,21,1.39666
2025-05-23T17:51:00,383,44,22,1.47955
2025-05-23T17:54:00,383,42.8,21,1.42151
2025-05-23T17:57:00,386,39.8,21,1.49606
2025-05-23T18:00:00,391,39.6,22,1.5958
2025-05-23T18:03:00,392,39.6,22,1.5958
2025-05-23T18:06:00,387,37.1,22,1.66185
2025-05-23T18:09:00,389,35.9,22,1.69355
2025-05-23T18:12:00,390,37.1,22,1.66185
2025-05-23T18:15:00,386,32.8,22,1.77546
2025-05-23T18:18:00,378,33.7,22,1.75168
2025-05-23T18:21:00,387,33.8,22,1.74904
2025-05-23T18:24:00,404,31,22,1.82301
2025-05-23T18:27:00,384,31.2,22,1.81773
2025-05-23T18:30:00,386,31.6,22,1.80716
2025-05-23T18:33:00,371,31.2,22,1.81773
2025-05-23T18:36:00,370,30.2,22,1.84415
2025-05-23T18:39:00,369,31.3,22,1.81509
2025-05-23T18:42:00,365,29.2,22,1.87057
2025-05-23T18:45:00,361,30.4,22,1.83887
2025-05-23T18:48:00,358,31.3,22,1.81509
2025-05-23T18:51:00,364,31.7,22,1.80452
2025-05-23T18:54:00,366,32.9,22,1.77281
2025-05-23T18:57:00,367,32.9,22,1.77281
2025-05-23T19:00:00,365,33,22,1.77017
2025-05-23T19:03:00,361,31.2,22,1.81773
2025-05-23T19:06:00,359,31,22,1.82301
2025-05-23T19:09:00,358,30,22,1.84943
2025-05-23T19:12:00,359,30,22,1.84943
2025-05-23T19:15:00,358,30,22,1.84943
2025-05-23T19:18:00,356,29.8,22,1.85472
2025-05-23T19:21:00,356,29.6,22,1.86
2025-05-23T19:24:00,353,29.8,22,1.85472
2025-05-23T19:27:00,353,30.6,22,1.83358
2025-05-23T19:30:00,352,30.5,22,1.83622
2025-05-23T19:33:00,353,30.5,22,1.83622
2025-05-23T19:36:00,351,31.1,22,1.82037
2025-05-23T19:39:00,349,32.4,22,1.78602
2025-05-23T19:42:00,349,31.5,22,1.8098
2025-05-23T19:45:00,348,31,22,1.82301
2025-05-23T19:48:00,348,31.4,22,1.81244
2025-05-23T19:51:00,346,31.3,22,1.81509
2025-05-23T19:54:00,346,31.9,22,1.79923
2025-05-23T19:57:00,345,33.6,22,1.75432
2025-05-23T20:00:00,344,33.6,22,1.75432
2025-05-23T20:03:00,16,34.9,22,1.71997
2025-05-23T20:06:00,14,35.4,21,1.60541
2025-05-23T20:09:00,14,36.1,21,1.58801
2025-05-23T20:12:00,13,36.5,21,1.57807
2025-05-23T20:15:00,12,36.2,21,1.58553
2025-05-23T20:18:00,11,37.3,21,1.55819
2025-05-23T20:21:00,10,36.6,21,1.57559
2025-05-23T20:24:00,9.5,36.2,21,1.58553
2025-05-23T20:27:00,9,35.8,21,1.59547
2025-05-23T20:30:00,0,35.4,21,1.60541
2025-05-23T20:33:00,0,35.2,21,1.61038
2025-05-23T20:36:00,0,35.3,20,1.5117
2025-05-23T20:39:00,0,35.4,20,1.50937
2025-05-23T20:42:00,0,35.2,20,1.51404
2025-05-23T20:45:00,0,35.3,20,1.5117
2025-05-23T20:48:00,0,35.4,20,1.50937
2025-05-23T20:51:00,0,36.6,20,1.48133
2025-05-23T20:54:00,0,37.6,20,1.45796
2025-05-23T20:57:00,0,38.6,20,1.4346
2025-05-23T21:00:00,0,39.5,20,1.41357
2025-05-23T21:03:00,0,40.5,20,1.39021
2025-05-23T21:06:00,0,41.4,20,1.36918
2025-05-23T21:09:00,0,42.7,20,1.3388
2025-05-23T21:12:00,0,43.8,20,1.3131
2025-05-23T21:15:00,0,45,20,1.28506
2025-05-23T21:18:00,0,45.8,20,1.26637
2025-05-23T21:21:00,0,46.4,20,1.25235
2025-05-23T21:24:00,0,47.5,20,1.22665
2025-05-23T21:27:00,0,48.3,20,1.20796
2025-05-23T21:30:00,0,49.1,20,1.18927
2025-05-23T21:33:00,0,50,20,1.16824
2025-05-23T21:36:00,0,50.9,20,1.14721
2025-05-23T21:39:00,0,51.7,20,1.12852
2025-05-23T21:42:00,0,52.4,20,1.11216
2025-05-23T21:45:00,0,53.5,20,1.08646
2025-05-23T21:48:00,0,54.1,20,1.07244
2025-05-23T21:51:00,0,54.7,20,1.05843
2025-05-23T21:54:00,0,55.6,19,0.97487
2025-05-23T21:57:00,0,56.3,19,0.9595
2025-05-23T22:00:00,0,57.1,19,0.94194
2025-05-23T22:03:00,0,57.8,19,0.92657
2025-05-23T22:06:00,0,58.3,19,0.91559
2025-05-23T22:09:00,0,59.1,19,0.89802
2025-05-23T22:12:00,0,59.7,19,0.88485
2025-05-23T22:15:00,0,60,19,0.87826
2025-05-23T22:18:00,0,60.4,19,0.86948
2025-05-23T22:21:00,0,61,19,0.85631
2025-05-23T22:24:00,0,61.4,19,0.84752
2025-05-23T22:27:00,0,61.6,19,0.84313
2025-05-23T22:30:00,0,62,19,0.83435
2025-05-23T22:33:00,0,62.3,19,0.82776
2025-05-23T22:36:00,0,62.6,19,0.82118
2025-05-23T22:39:00,0,62.8,19,0.81678
2025-05-23T22:42:00,0,63.2,19,0.808
2025-05-23T22:45:00,0,63.4,19,0.80361
2025-05-23T22:48:00,0,63.5,19,0.80142
2025-05-23T22:51:00,0,63.7,19,0.79702
2025-05-23T22:54:00,0,64,19,0.79044
2025-05-23T22:57:00,0,64.2,19,0.78605
2025-05-23T23:00:00,0,64.3,19,0.78385
2025-05-23T23:03:00,0,64.4,19,0.78165
2025-05-23T23:06:00,0,65.6,19,0.75531
2025-05-23T23:09:00,0,67.6,19,0.71139
2025-05-23T23:12:00,0,69,19,0.68065
2025-05-23T23:15:00,0,70.1,19,0.6565
2025-05-23T23:18:00,0,71,18,0.59808
2025-05-23T23:21:00,0,71.7,18,0.58364
2025-05-23T23:24:00,0,72.2,18,0.57333
2025-05-23T23:27:00,0,72.6,18,0.56508
2025-05-23T23:30:00,0,72.8,18,0.56095
2025-05-23T23:33:00,0,73,18,0.55683
2025-05-23T23:36:00,0,73.4,18,0.54858
2025-05-23T23:39:00,0,73.5,18,0.54652
2025-05-23T23:42:00,0,73.7,18,0.54239
2025-05-23T23:45:00,0,73.8,18,0.54033
2025-05-23T23:48:00,0,73.9,18,0.53827
2025-05-23T23:51:00,0,73.9,18,0.53827
2025-05-23T23:54:00,0,73.9,18,0.53827
2025-05-23T23:57:00,0,74,18,0.53621
2025-05-24T00:00:00,0,74.2,18,0.53208
2025-05-24T00:03:00,0,74.2,18,0.53208
2025-05-24T00:06:00,0,74.2,18,0.53208
2025-05-24T00:09:00,0,74.2,18,0.53208
2025-05-24T00:12:00,0,74.2,18,0.53208
2025-05-24T00:15:00,0,74.1,18,0.53414
2025-05-24T00:18:00,0,74,18,0.53621
2025-05-24T00:21:00,0,74.1,18,0.53414
2025-05-24T00:24:00,0,74.1,18,0.53414
2025-05-24T00:27:00,0,74.2,18,0.53208
2025-05-24T00:30:00,0,74.1,18,0.53414
2025-05-24T00:33:00,0,74.5,18,0.52589
2025-05-24T00:36:00,0,75.7,18,0.50115
2025-05-24T00:39:00,0,76.4,18,0.48671
2025-05-24T00:42:00,0,76.9,18,0.4764
2025-05-24T00:45:00,0,77.3,18,0.46815
2025-05-24T00:48:00,0,77.5,18,0.46402
2025-05-24T00:51:00,0,77.8,18,0.45784
2025-05-24T00:54:00,0,77.7,18,0.4599
2025-05-24T00:57:00,0,77.9,18,0.45578
2025-05-24T01:00:00,0,77.9,18,0.45578
2025-05-24T01:03:00,0,78,18,0.45371
2025-05-24T01:06:00,0,78,17,0.42596
2025-05-24T01:09:00,0,77.8,18,0.45784
2025-05-24T01:12:00,0,77.8,17,0.42983
2025-05-24T01:15:00,0,77.8,17,0.42983
2025-05-24T01:18:00,0,77.8,17,0.42983
2025-05-24T01:21:00,0,77.7,17,0.43176
2025-05-24T01:24:00,0,77.8,17,0.42983
2025-05-24T01:27:00,0,77.7,17,0.43176
2025-05-24T01:30:00,0,77.5,17,0.43564
2025-05-24T01:33:00,0,77.6,17,0.4337
2025-05-24T01:36:00,0,77.6,17,0.4337
2025-05-24T01:39:00,0,77.4,17,0.43757
2025-05-24T01:42:00,0,77.5,17,0.43564
2025-05-24T01:45:00,0,77.3,17,0.43951
2025-05-24T01:48:00,0,77.2,17,0.44145
2025-05-24T01:51:00,0,77.2,17,0.44145
2025-05-24T01:54:00,0,77.1,17,0.44338
2025-05-24T01:57:00,0,76.9,17,0.44725
2025-05-24T02:00:00,0,76.9,17,0.44725
2025-05-24T02:03:00,0,77.2,17,0.44145
2025-05-24T02:06:00,0,78.2,17,0.42208
2025-05-24T02:09:00,0,78.7,17,0.4124
2025-05-24T02:12:00,0,78.9,17,0.40853
2025-05-24T02:15:00,0,79.2,17,0.40272
2025-05-24T02:18:00,0,79.5,17,0.39691
2025-05-24T02:21:00,0,79.3,17,0.40079
2025-05-24T02:24:00,0,79.4,17,0.39885
2025-05-24T02:27:00,0,79.3,17,0.40079
2025-05-24T02:30:00,0,79.3,17,0.40079
2025-05-24T02:33:00,0,79.4,17,0.39885
2025-05-24T02:36:00,0,79.3,17,0.40079
2025-05-24T02:39:00,0,79.2,17,0.40272
2025-05-24T02:42:00,0,79.1,17,0.40466
2025-05-24T02:45:00,0,78.8,17,0.41047
2025-05-24T02:48:00,0,78.9,17,0.40853
2025-05-24T02:51:00,0,78.7,17,0.4124
2025-05-24T02:54:00,0,78.7,17,0.4124
2025-05-24T02:57:00,0,78.5,17,0.41628
2025-05-24T03:00:00,0,78.5,17,0.41628
2025-05-24T03:03:00,0,78.3,17,0.42015
2025-05-24T03:06:00,0,78,17,0.42596
2025-05-24T03:09:00,0,78.2,17,0.42208
2025-05-24T03:12:00,0,78,17,0.42596
2025-05-24T03:15:00,0,77.9,17,0.42789
2025-05-24T03:18:00,0,77.7,17,0.43176
2025-05-24T03:21:00,0,77.7,17,0.43176
2025-05-24T03:24:00,0,77.5,17,0.43564
2025-05-24T03:27:00,0,77.3,16,0.41242
2025-05-24T03:30:00,0,77.2,16,0.41423
2025-05-24T03:33:00,0,77.1,16,0.41605
2025-05-24T03:36:00,0,77.1,16,0.41605
2025-05-24T03:39:00,0,76.8,16,0.4215
2025-05-24T03:42:00,0,76.7,16,0.42332
2025-05-24T03:45:00,0,76.7,16,0.42332
2025-05-24T03:48:00,0,76.6,16,0.42514
2025-05-24T03:51:00,0,76.5,16,0.42695
2025-05-24T03:54:00,0,76.4,16,0.42877
2025-05-24T03:57:00,0,76.3,16,0.43059
2025-05-24T04:00:00,0,76.3,16,0.43059
2025-05-24T04:03:00,346,75.6,16,0.4433
2025-05-24T04:06:00,342,75.1,17,0.4821
2025-05-24T04:09:00,340,74.4,17,0.49566
2025-05-24T04:12:00,338,73.7,17,0.50921
2025-05-24T04:15:00,336,73.3,17,0.51696
2025-05-24T04:18:00,334,72.8,17,0.52664
2025-05-24T04:21:00,333,72.6,17,0.53051
2025-05-24T04:24:00,333,71.9,17,0.54406
2025-05-24T04:27:00,332,71.8,18,0.58158
2025-05-24T04:30:00,331,71.6,18,0.5857
2025-05-24T04:33:00,331,71.4,18,0.58983
2025-05-24T04:36:00,331,71,18,0.59808
2025-05-24T04:39:00,331,70.7,18,0.60426
2025-05-24T04:42:00,329,70.6,18,0.60633
2025-05-24T04:45:00,329,70.3,18,0.61251
2025-05-24T04:48:00,329,70.3,18,0.61251
2025-05-24T04:51:00,329,70,18,0.6187
2025-05-24T04:54:00,330,69.7,18,0.62489
2025-05-24T04:57:00,329,69.5,19,0.66968
2025-05-24T05:00:00,329,68.8,19,0.68505
2025-05-24T05:03:00,331,69.1,19,0.67846
2025-05-24T05:06:00,331,68.9,19,0.68285
2025-05-24T05:09:00,330,68.7,19,0.68724
2025-05-24T05:12:00,331,68.5,19,0.69163
2025-05-24T05:15:00,331,68.4,19,0.69383
2025-05-24T05:18:00,331,68.1,19,0.70041
2025-05-24T05:21:00,332,68.2,19,0.69822
2025-05-24T05:24:00,333,67.9,19,0.70481
2025-05-24T05:27:00,332,67.5,19,0.71359
2025-05-24T05:30:00,333,67.5,19,0.71359
2025-05-24T05:33:00,333,67.2,19,0.72018
2025-05-24T05:36:00,334,66.9,19,0.72676
2025-05-24T05:39:00,335,67,19,0.72457
2025-05-24T05:42:00,335,63,19,0.81239
2025-05-24T05:45:00,335,62,19,0.83435
2025-05-24T05:48:00,336,62.6,19,0.82118
2025-05-24T05:51:00,336,62.7,19,0.81898
2025-05-24T05:54:00,336,62.4,19,0.82557
2025-05-24T05:57:00,339,61.2,19,0.85192
2025-05-24T06:00:00,339,60.3,19,0.87168
2025-05-24T06:03:00,339,60,19,0.87826
2025-05-24T06:06:00,342,60.6,19,0.86509
2025-05-24T06:09:00,342,61.2,19,0.85192
2025-05-24T06:12:00,343,60.9,19,0.8585
2025-05-24T06:15:00,350,60.3,19,0.87168
2025-05-24T06:18:00,350,60.7,19,0.86289
2025-05-24T06:21:00,353,60.7,19,0.86289
2025-05-24T06:24:00,355,60,19,0.87826
2025-05-24T06:27:00,356,60.7,20,0.91824
2025-05-24T06:30:00,358,60.3,20,0.92758
2025-05-24T06:33:00,360,60.5,20,0.92291
2025-05-24T06:36:00,361,59.7,20,0.9416
2025-05-24T06:39:00,362,59.2,20,0.95328
2025-05-24T06:42:00,363,58.5,20,0.96964
2025-05-24T06:45:00,364,58.2,20,0.97665
2025-05-24T06:48:00,367,57.3,20,0.99768
2025-05-24T06:51:00,367,56.8,20,1.00936
2025-05-24T06:54:00,371,57.2,21,1.06365
2025-05-24T06:57:00,372,57,21,1.06862
2025-05-24T07:00:00,374,56,21,1.09347
2025-05-24T07:03:00,375,55.5,21,1.10589
2025-05-24T07:06:00,376,54.9,21,1.1208
2025-05-24T07:09:00,379,54.3,22,1.20742
2025-05-24T07:12:00,380,54.3,22,1.20742
2025-05-24T07:15:00,382,53.6,22,1.22591
2025-05-24T07:18:00,384,52,22,1.26818
2025-05-24T07:21:00,388,46.6,22,1.41085
2025-05-24T07:24:00,397,48.1,22,1.37122
2025-05-24T07:27:00,419,44.8,22,1.45841
2025-05-24T07:30:00,433,45.7,22,1.43463
2025-05-24T07:33:00,445,43.5,22,1.49276
2025-05-24T07:36:00,443,43.7,22,1.48747
2025-05-24T07:39:00,493,44.4,21,1.38175
2025-05-24T07:42:00,504,42.4,22,1.52182
2025-05-24T07:45:00,502,42.1,21,1.4389
2025-05-24T07:48:00,567,42.4,21,1.43145
2025-05-24T07:51:00,601,42.8,22,1.51125
2025-05-24T07:54:00,628,40.2,22,1.57994
2025-05-24T07:57:00,630,41.6,22,1.54296
2025-05-24T08:00:00,605,42,22,1.53239
2025-05-24T08:03:00,515,39.6,22,1.5958
2025-05-24T08:06:00,505.5,39.45,22,1.59976
2025-05-24T08:09:00,496,39.3,22,1.60372
2025-05-24T08:12:00,573,39.5,22,1.59844
2025-05-24T08:15:00,580,39.8,22,1.59051
2025-05-24T08:18:00,586,38.4,23,1.72945
2025-05-24T08:21:00,590,38.3,22,1.63014
2025-05-24T08:24:00,608,38.7,22,1.61958
2025-05-24T08:27:00,642,38.8,22,1.61693
2025-05-24T08:30:00,668,38.6,22,1.62222
2025-05-24T08:33:00,671,38.6,22,1.62222
2025-05-24T08:36:00,715,38.9,22,1.61429
2025-05-24T08:39:00,712,38.4,22,1.6275
2025-05-24T08:42:00,726,38,23,1.74068
2025-05-24T08:45:00,701,45.6,23,1.5273
2025-05-24T08:48:00,714,57.6,19,0.93096
2025-05-24T08:51:00,704,54.3,21,1.13572
2025-05-24T08:54:00,721,56.9,20,1.00702
2025-05-24T08:57:00,722,52.8,22,1.24705
2025-05-24T09:00:00,715,51.9,21,1.19536
2025-05-24T09:03:00,706,51,22,1.2946
2025-05-24T09:06:00,710,50.1,22,1.31838
2025-05-24T09:09:00,684,53.2,21,1.16305
2025-05-24T09:12:00,558,58.9,19,0.90242
2025-05-24T09:15:00,495,55.6,20,1.0374
2025-05-24T09:18:00,474,54.4,21,1.13323
2025-05-24T09:21:00,465,60,19,0.87826
2025-05-24T09:24:00,462,55.9,18,0.90949
2025-05-24T09:27:00,460,56.9,19,0.94633
2025-05-24T09:30:00,457,61.5,18,0.794
2025-05-24T09:33:00,458,57.7,17,0.819
2025-05-24T09:36:00,463,53.9,18,0.95074
2025-05-24T09:39:00,845,51.8,19,1.05831
2025-05-24T09:42:00,522,46.7,19,1.17029
2025-05-24T09:45:00,466,54.5,20,1.0631
2025-05-24T09:48:00,464,55.7,19,0.97268
2025-05-24T09:51:00,460,63.2,17,0.71251
2025-05-24T09:54:00,460,60.8,18,0.80843
2025-05-24T09:57:00,461,63,17,0.71638
2025-05-24T10:00:00,469,66.4,17,0.65055
2025-05-24T10:03:00,490,66.1,17,0.65636
2025-05-24T10:06:00,540,64,17,0.69702
2025-05-24T10:09:00,473,60.3,17,0.76866
2025-05-24T10:12:00,479,58.5,18,0.85587
2025-05-24T10:15:00,476,55.7,18,0.91361
2025-05-24T10:18:00,476,63.2,17,0.71251
2025-05-24T10:21:00,478,64.6,17,0.6854
2025-05-24T10:24:00,478,64.5,17,0.68734
2025-05-24T10:27:00,480,62.3,17,0.72993
2025-05-24T10:30:00,482,61.9,17,0.73768
2025-05-24T10:33:00,482,55.1,17,0.86934
2025-05-24T10:36:00,485,50,19,1.09783
2025-05-24T10:39:00,487,51,18,1.01054
2025-05-24T10:42:00,484,60.1,16,0.72491
2025-05-24T10:45:00,490,57.9,19,0.92437
2025-05-24T10:48:00,489,57.6,16,0.77033
2025-05-24T10:51:00,491,57,19,0.94413
2025-05-24T10:54:00,495,51.8,19,1.05831
2025-05-24T10:57:00,498,62.2,17,0.73187
2025-05-24T11:00:00,495,61.5,17,0.74542
2025-05-24T11:03:00,495,62.3,17,0.72993
2025-05-24T11:06:00,502,60.3,17,0.76866
2025-05-24T11:09:00,507,59.5,17,0.78415
2025-05-24T11:12:00,514,56.1,17,0.84998
2025-05-24T11:15:00,545,51.7,17,0.93517
2025-05-24T11:18:00,575,54.6,18,0.9363
2025-05-24T11:21:00,509,60.2,18,0.82081
2025-05-24T11:24:00,510,59.5,18,0.83524
2025-05-24T11:27:00,509,58.3,17,0.80738
2025-05-24T11:30:00,518,56.1,18,0.90536
2025-05-24T11:33:00,509,57.2,18,0.88268
2025-05-24T11:36:00,512,54.3,19,1.00342
2025-05-24T11:39:00,510,48.4,19,1.13296
2025-05-24T11:42:00,503,59.3,18,0.83937
2025-05-24T11:45:00,501,59.1,17,0.79189
2025-05-24T11:48:00,499,59.9,17,0.7764
2025-05-24T11:51:00,495,61,16,0.70856
2025-05-24T11:54:00,495,60.9,17,0.75704
2025-05-24T11:57:00,496,60.9,16,0.71038
2025-05-24T12:00:00,498,59.9,17,0.7764
2025-05-24T12:03:00,500,59.9,16,0.72854
2025-05-24T12:06:00,444,57.9,18,0.86824
2025-05-24T12:09:00,435,57.6,18,0.87443
2025-05-24T12:12:00,405,56.8,17,0.83642
2025-05-24T12:15:00,453,56.5,19,0.95511
2025-05-24T12:18:00,447,53.3,20,1.09114
2025-05-24T12:21:00,448,50.3,21,1.23512
2025-05-24T12:24:00,451,54.7,18,0.93424
2025-05-24T12:27:00,461,55,19,0.98805
2025-05-24T12:30:00,452,51.4,21,1.20778
2025-05-24T12:33:00,451,50.7,20,1.15188
2025-05-24T12:36:00,453,49.1,20,1.18927
2025-05-24T12:39:00,451,49.6,20,1.17759
2025-05-24T12:42:00,460,47.8,19,1.14613
2025-05-24T12:45:00,455,48.2,19,1.13735
2025-05-24T12:48:00,459,56.3,19,0.9595
2025-05-24T12:51:00,447,54.4,20,1.06543
2025-05-24T12:54:00,447,52.3,21,1.18542
2025-05-24T12:57:00,450,49.8,22,1.32631
2025-05-24T13:00:00,444,51.2,18,1.00642
2025-05-24T13:03:00,444,51.5,18,1.00023
2025-05-24T13:06:00,443,58.2,19,0.91778
2025-05-24T13:09:00,441,56.1,19,0.96389
2025-05-24T13:12:00,442,57.1,18,0.88474
2025-05-24T13:15:00,444,54.7,19,0.99463
2025-05-24T13:18:00,443,52.6,20,1.10749
2025-05-24T13:21:00,443,51,21,1.21773
2025-05-24T13:24:00,443,47.9,20,1.21731
2025-05-24T13:27:00,373,54.2,19,1.00561
2025-05-24T13:30:00,441,57.2,19,0.93974
2025-05-24T13:33:00,439,55.1,19,0.98585
2025-05-24T13:36:00,440,56.3,19,0.9595
2025-05-24T13:39:00,444,53.6,19,1.01879
2025-05-24T13:42:00,443,56.3,19,0.9595
2025-05-24T13:45:00,443,54.1,20,1.07244
2025-05-24T13:48:00,438,56.7,18,0.89299
2025-05-24T13:51:00,437,53.9,19,1.0122
2025-05-24T13:54:00,441,53.6,19,1.01879
2025-05-24T13:57:00,441,53.5,19,1.02098
2025-05-24T14:00:00,443,47.6,19,1.15052
2025-05-24T14:03:00,451,43.9,19,1.23176
2025-05-24T14:06:00,444,35.6,20,1.50469
2025-05-24T14:09:00,441,48.4,20,1.20562
2025-05-24T14:12:00,445,46.6,20,1.24768
2025-05-24T14:15:00,440,56.2,18,0.9033
2025-05-24T14:18:00,441,55.9,19,0.96828
2025-05-24T14:21:00,440,56.3,18,0.90124
2025-05-24T14:24:00,444,54.2,19,1.00561
2025-05-24T14:27:00,448,51.3,20,1.13787
2025-05-24T14:30:00,452,49.6,21,1.25252
2025-05-24T14:33:00,437,47.7,20,1.22198
2025-05-24T14:36:00,447,59.4,18,0.83731
2025-05-24T14:39:00,443,58.4,18,0.85793
2025-05-24T14:42:00,443,56.5,18,0.89711
2025-05-24T14:45:00,443,54,18,0.94867
2025-05-24T14:48:00,443,53.3,19,1.02537
2025-05-24T14:51:00,443,47.7,19,1.14833
2025-05-24T14:54:00,441,53.1,20,1.09581
2025-05-24T14:57:00,443,51.8,20,1.12618
2025-05-24T15:00:00,441,54.1,19,1.00781
2025-05-24T15:03:00,441,51.9,20,1.12385
2025-05-24T15:06:00,438,52.2,19,1.04952
2025-05-24T15:09:00,440,49.5,19,1.10881
2025-05-24T15:12:00,441,40.8,20,1.3832
2025-05-24T15:15:00,441,40.1,20,1.39955
2025-05-24T15:18:00,443,36.8,22,1.66977
2025-05-24T15:21:00,437,48.8,18,1.05591
2025-05-24T15:24:00,435,53.3,17,0.90419
2025-05-24T15:27:00,437,48.2,19,1.13735
2025-05-24T15:30:00,437,48.6,18,1.06004
2025-05-24T15:33:00,440,50.7,19,1.08246
2025-05-24T15:36:00,441,48.1,19,1.13955
2025-05-24T15:39:00,440,55,19,0.98805
2025-05-24T15:42:00,442,48.7,20,1.19861
2025-05-24T15:45:00,437,49.2,21,1.26246
2025-05-24T15:48:00,446,47.3,21,1.30968
2025-05-24T15:51:00,446,46.4,22,1.41614
2025-05-24T15:54:00,437,53.5,18,0.95898
2025-05-24T15:57:00,428,53.5,18,0.95898
2025-05-24T16:00:00,428,54.7,19,0.99463
2025-05-24T16:03:00,426,49,19,1.11979
2025-05-24T16:06:00,427,52.3,20,1.1145
2025-05-24T16:09:00,431,50.3,20,1.16123
2025-05-24T16:12:00,434,47.6,20,1.22432
2025-05-24T16:15:00,441,51.6,20,1.13086
2025-05-24T16:18:00,660,50,21,1.24258
2025-05-24T16:21:00,1011,47.1,20,1.236
2025-05-24T16:24:00,942,44,20,1.30843
2025-05-24T16:27:00,1000,49,20,1.1916
2025-05-24T16:30:00,743,45.7,20,1.26871
2025-05-24T16:33:00,454,40,21,1.49109
2025-05-24T16:36:00,677,36.8,21,1.57062
2025-05-24T16:39:00,488,39.8,21,1.49606
2025-05-24T16:42:00,424,51.3,19,1.06929
2025-05-24T16:45:00,421,52.8,19,1.03635
2025-05-24T16:48:00,419,52.6,19,1.04074
2025-05-24T16:51:00,416,52.7,19,1.03855
2025-05-24T16:54:00,414,50.8,20,1.14955
2025-05-24T16:57:00,413,49.5,20,1.17992
2025-05-24T17:00:00,432,50.1,20,1.1659
2025-05-24T17:03:00,430,49.9,20,1.17058
2025-05-24T17:06:00,430,49.4,20,1.18226
2025-05-24T17:09:00,449,48.5,21,1.27985
2025-05-24T17:12:00,432,46.8,21,1.3221
2025-05-24T17:15:00,437,43.5,22,1.49276
2025-05-24T17:18:00,442,47.1,20,1.236
2025-05-24T17:21:00,463,43.4,21,1.4066
2025-05-24T17:24:00,429,38.2,21,1.53582
2025-05-24T17:27:00,427,34.9,22,1.71997
2025-05-24T17:30:00,432,36.8,21,1.57062
2025-05-24T17:33:00,515,48.8,19,1.12418
2025-05-24T17:36:00,562,49.6,20,1.17759
2025-05-24T17:39:00,560,48.4,21,1.28234
2025-05-24T17:42:00,581,47.1,22,1.39764
2025-05-24T17:45:00,566,46,22,1.42671
2025-05-24T17:48:00,569,45.4,22,1.44256
2025-05-24T17:51:00,465,46.4,21,1.33204
2025-05-24T17:54:00,432,48.1,20,1.21263
2025-05-24T17:57:00,416,47.8,21,1.29725
2025-05-24T18:00:00,425,47.6,21,1.30222
2025-05-24T18:03:00,419,47.5,21,1.30471
2025-05-24T18:06:00,414,46.6,21,1.32707
2025-05-24T18:09:00,410,44.5,21,1.37926
2025-05-24T18:12:00,417,43,22,1.50597
2025-05-24T18:15:00,440,40.7,22,1.56673
2025-05-24T18:18:00,392,39.2,21,1.51097
2025-05-24T18:21:00,389,37.3,22,1.65656
2025-05-24T18:24:00,386,31.2,22,1.81773
2025-05-24T18:27:00,385,28.4,22,1.89171
2025-05-24T18:30:00,382,25.3,23,2.09724
2025-05-24T18:33:00,380,25.5,23,2.09162
2025-05-24T18:36:00,379,37.7,23,1.7491
2025-05-24T18:39:00,374,47.2,20,1.23366
2025-05-24T18:42:00,367,48.7,20,1.19861
2025-05-24T18:45:00,371,49,20,1.1916
2025-05-24T18:48:00,369,49.1,20,1.18927
2025-05-24T18:51:00,367,49.1,20,1.18927
2025-05-24T18:54:00,367,47.9,21,1.29476
2025-05-24T18:57:00,364,49.6,21,1.25252
2025-05-24T19:00:00,365,47.3,21,1.30968
2025-05-24T19:03:00,365,47.9,21,1.29476
2025-05-24T19:06:00,364,47.3,21,1.30968
2025-05-24T19:09:00,362,46.1,21,1.3395
2025-05-24T19:12:00,361,47.3,21,1.30968
2025-05-24T19:15:00,359,46.5,21,1.32956
2025-05-24T19:18:00,358,46,22,1.42671
2025-05-24T19:21:00,359,47.2,21,1.31216
2025-05-24T19:24:00,358,45.5,22,1.43992
2025-05-24T19:27:00,357,46.8,22,1.40557
2025-05-24T19:30:00,356,45.3,21,1.35938
2025-05-24T19:33:00,352,47.2,22,1.395
2025-05-24T19:36:00,353,44.2,22,1.47426
2025-05-24T19:39:00,351,46.3,22,1.41878
2025-05-24T19:42:00,350,42,21,1.44139
2025-05-24T19:45:00,350,45.1,22,1.45048
2025-05-24T19:48:00,347,40.3,22,1.5773
2025-05-24T19:51:00,347,43.7,22,1.48747
2025-05-24T19:54:00,345,36.4,21,1.58056
2025-05-24T19:57:00,345,40.5,22,1.57202
2025-05-24T20:00:00,345,35.2,22,1.71205
2025-05-24T20:03:00,16,37.3,22,1.65656
2025-05-24T20:06:00,16,34.5,22,1.73054
2025-05-24T20:09:00,15,34.2,22,1.73847
2025-05-24T20:12:00,14,33.7,22,1.75168
2025-05-24T20:15:00,13,32.4,22,1.78602
2025-05-24T20:18:00,13,32.3,21,1.68245
2025-05-24T20:21:00,12,33.4,21,1.65511
2025-05-24T20:24:00,11,32.5,21,1.67748
2025-05-24T20:27:00,10,33.1,21,1.66257
2025-05-24T20:30:00,9,33.1,21,1.66257
2025-05-24T20:33:00,0,33.4,21,1.65511
2025-05-24T20:36:00,0,33.5,21,1.65263
2025-05-24T20:39:00,0,34.6,21,1.62529
2025-05-24T20:42:00,0,34.7,21,1.62281
2025-05-24T20:45:00,0,35.8,21,1.59547
2025-05-24T20:48:00,0,35.8,20,1.50002
2025-05-24T20:51:00,0,35.4,21,1.60541
2025-05-24T20:54:00,0,36.7,20,1.47899
2025-05-24T20:57:00,0,37.3,20,1.46497
2025-05-24T21:00:00,0,36.7,20,1.47899
2025-05-24T21:03:00,0,36.5,20,1.48366
2025-05-24T21:06:00,0,36.3,20,1.48834
2025-05-24T21:09:00,0,36.2,20,1.49067
2025-05-24T21:12:00,0,36.1,20,1.49301
2025-05-24T21:15:00,0,35.9,20,1.49768
2025-05-24T21:18:00,0,36,20,1.49535
2025-05-24T21:21:00,0,36.4,20,1.486
2025-05-24T21:24:00,0,36.6,20,1.48133
2025-05-24T21:27:00,0,36.1,20,1.49301
2025-05-24T21:30:00,0,35.7,20,1.50236
2025-05-24T21:33:00,0,36.9,20,1.47432
2025-05-24T21:36:00,0,37.2,19,1.37887
2025-05-24T21:39:00,0,36.8,20,1.47665
2025-05-24T21:42:00,0,36.5,20,1.48366
2025-05-24T21:45:00,0,36.3,19,1.39863
2025-05-24T21:48:00,0,37.5,19,1.37229
2025-05-24T21:51:00,0,37,19,1.38326
2025-05-24T21:54:00,0,36.7,19,1.38985
2025-05-24T21:57:00,0,36.7,19,1.38985
2025-05-24T22:00:00,0,38.3,19,1.35472
2025-05-24T22:03:00,0,38.3,19,1.35472
2025-05-24T22:06:00,0,37.9,19,1.3635
2025-05-24T22:09:00,0,37.7,19,1.36789
2025-05-24T22:12:00,0,37.5,19,1.37229
2025-05-24T22:15:00,0,37.5,19,1.37229
2025-05-24T22:18:00,0,37.5,19,1.37229
2025-05-24T22:21:00,0,37.5,19,1.37229
2025-05-24T22:24:00,0,38.5,19,1.35033
2025-05-24T22:27:00,0,39.8,19,1.32179
2025-05-24T22:30:00,0,40.7,19,1.30202
2025-05-24T22:33:00,0,41.7,19,1.28007
2025-05-24T22:36:00,0,42.9,19,1.25372
2025-05-24T22:39:00,0,43.5,19,1.24055
2025-05-24T22:42:00,0,44.5,19,1.21859
2025-05-24T22:45:00,0,45.4,19,1.19883
2025-05-24T22:48:00,0,46.3,19,1.17907
2025-05-24T22:51:00,0,47.1,19,1.1615
2025-05-24T22:54:00,0,48,19,1.14174
2025-05-24T22:57:00,0,48.6,19,1.12857
2025-05-24T23:00:00,0,49.5,19,1.10881
2025-05-24T23:03:00,0,50.2,19,1.09344
2025-05-24T23:06:00,0,52.8,19,1.03635
2025-05-24T23:09:00,0,55.3,19,0.98146
2025-05-24T23:12:00,0,57.5,19,0.93315
2025-05-24T23:15:00,0,59.3,19,0.89363
2025-05-24T23:18:00,0,60.8,19,0.8607
2025-05-24T23:21:00,0,62.1,19,0.83215
2025-05-24T23:24:00,0,63.3,19,0.80581
2025-05-24T23:27:00,0,64.8,19,0.77287
2025-05-24T23:30:00,0,65.5,19,0.7575
2025-05-24T23:33:00,0,66.4,19,0.73774
2025-05-24T23:36:00,0,67.3,19,0.71798
2025-05-24T23:39:00,0,67.7,19,0.7092
2025-05-24T23:42:00,0,68.2,19,0.69822
2025-05-24T23:45:00,0,68.6,19,0.68944
2025-05-24T23:48:00,0,68.9,19,0.68285
2025-05-24T23:51:00,0,69.5,19,0.66968
2025-05-24T23:54:00,0,69.7,19,0.66528
2025-05-24T23:57:00,0,70,19,0.6587
2025-05-25T00:00:00,0,70.3,19,0.65211
2025-05-25T00:03:00,0,70.6,19,0.64552
2025-05-25T00:06:00,0,70.7,19,0.64333
2025-05-25T00:09:00,0,70.9,19,0.63894
2025-05-25T00:12:00,0,71,19,0.63674
2025-05-25T00:15:00,0,71.3,19,0.63015
2025-05-25T00:18:00,0,71.2,19,0.63235
2025-05-25T00:21:00,0,71.5,19,0.62576
2025-05-25T00:24:00,0,71.5,19,0.62576
2025-05-25T00:27:00,0,71.9,19,0.61698
2025-05-25T00:30:00,0,71.8,19,0.61918
2025-05-25T00:33:00,0,72.6,19,0.60161
2025-05-25T00:36:00,0,73.8,19,0.57526
2025-05-25T00:39:00,0,74.4,19,0.56209
2025-05-25T00:42:00,0,75.1,19,0.54672
2025-05-25T00:45:00,0,75.5,18,0.50527
2025-05-25T00:48:00,0,76,18,0.49496
2025-05-25T00:51:00,0,76,18,0.49496
2025-05-25T00:54:00,0,76.05,18,0.49393
2025-05-25T00:57:00,0,76.1,18,0.4929
2025-05-25T01:00:00,0,76.5,18,0.48465
2025-05-25T01:03:00,0,76.4,18,0.48671
2025-05-25T01:06:00,0,76.5,18,0.48465
2025-05-25T01:09:00,0,76.3,18,0.48877
2025-05-25T01:12:00,0,76.4,18,0.48671
2025-05-25T01:15:00,0,76.5,18,0.48465
2025-05-25T01:18:00,0,76.4,18,0.48671
2025-05-25T01:21:00,0,76.5,18,0.48465
2025-05-25T01:24:00,0,76.4,18,0.48671
2025-05-25T01:27:00,0,76.4,18,0.48671
2025-05-25T01:30:00,0,76.4,18,0.48671
2025-05-25T01:33:00,0,76.4,18,0.48671
2025-05-25T01:36:00,0,76.2,18,0.49084
2025-05-25T01:39:00,0,76.3,18,0.48877
2025-05-25T01:42:00,0,76.2,18,0.49084
2025-05-25T01:45:00,0,76.1,18,0.4929
2025-05-25T01:48:00,0,76.1,18,0.4929
2025-05-25T01:51:00,0,76.1,18,0.4929
2025-05-25T01:54:00,0,76.3,18,0.48877
2025-05-25T01:57:00,0,76,18,0.49496
2025-05-25T02:00:00,0,76,18,0.49496
2025-05-25T02:03:00,0,76,18,0.49496
2025-05-25T02:06:00,0,76.9,18,0.4764
2025-05-25T02:09:00,0,77.4,18,0.46609
2025-05-25T02:12:00,0,77.8,18,0.45784
2025-05-25T02:15:00,0,78,18,0.45371
2025-05-25T02:18:00,0,78.2,18,0.44959
2025-05-25T02:21:00,0,78.3,18,0.44753
2025-05-25T02:24:00,0,78.3,18,0.44753
2025-05-25T02:27:00,0,78.4,18,0.44546
2025-05-25T02:30:00,0,78.3,18,0.44753
2025-05-25T02:33:00,0,78.2,18,0.44959
2025-05-25T02:36:00,0,78.2,18,0.44959
2025-05-25T02:39:00,0,78.1,17,0.42402
2025-05-25T02:42:00,0,78,17,0.42596
2025-05-25T02:45:00,0,77.8,17,0.42983
2025-05-25T02:48:00,0,77.9,17,0.42789
2025-05-25T02:51:00,0,77.6,17,0.4337
2025-05-25T02:54:00,0,77.7,17,0.43176
2025-05-25T02:57:00,0,77.4,17,0.43757
2025-05-25T03:00:00,0,77.3,17,0.43951
2025-05-25T03:03:00,0,77.3,17,0.43951
2025-05-25T03:06:00,0,77.2,17,0.44145
2025-05-25T03:09:00,0,77.1,17,0.44338
2025-05-25T03:12:00,0,76.9,17,0.44725
2025-05-25T03:15:00,0,76.9,17,0.44725
2025-05-25T03:18:00,0,76.9,17,0.44725
2025-05-25T03:21:00,0,76.5,17,0.455
2025-05-25T03:24:00,0,76.6,17,0.45306
2025-05-25T03:27:00,0,76.6,17,0.45306
2025-05-25T03:30:00,0,76.4,17,0.45693
2025-05-25T03:33:00,0,76.4,17,0.45693
2025-05-25T03:36:00,0,76.4,17,0.45693
2025-05-25T03:39:00,0,76.4,17,0.45693
2025-05-25T03:42:00,0,76.2,17,0.46081
2025-05-25T03:45:00,0,76,17,0.46468
2025-05-25T03:48:00,0,76,17,0.46468
2025-05-25T03:51:00,0,76,17,0.46468
2025-05-25T03:54:00,0,75.9,17,0.46662
2025-05-25T03:57:00,0,75.9,17,0.46662
2025-05-25T04:00:00,0,75.8,17,0.46855
2025-05-25T04:03:00,347,75.4,17,0.4763
2025-05-25T04:06:00,344,75,17,0.48404
2025-05-25T04:09:00,341,74.2,17,0.49953
2025-05-25T04:12:00,340,73.5,18,0.54652
2025-05-25T04:15:00,337,73.2,18,0.55271
2025-05-25T04:18:00,336,73,18,0.55683
2025-05-25T04:21:00,335,72.7,18,0.56302
2025-05-25T04:24:00,334,72.2,18,0.57333
2025-05-25T04:27:00,332,72.2,18,0.57333
2025-05-25T04:30:00,332,71.8,18,0.58158
2025-05-25T04:33:00,331,71.7,19,0.62137
2025-05-25T04:36:00,331,71.2,19,0.63235
2025-05-25T04:39:00,331,71.1,19,0.63455
2025-05-25T04:42:00,331,71,19,0.63674
2025-05-25T04:45:00,331,70.8,19,0.64113
2025-05-25T04:48:00,329,70.4,19,0.64991
2025-05-25T04:51:00,330,70.3,19,0.65211
2025-05-25T04:54:00,331,70.1,19,0.6565
2025-05-25T04:57:00,331,69.8,19,0.66309
2025-05-25T05:00:00,330,69.9,19,0.66089
2025-05-25T05:03:00,330,67,19,0.72457
2025-05-25T05:06:00,331,64.8,19,0.77287
2025-05-25T05:09:00,330,64.9,19,0.77068
2025-05-25T05:12:00,330,64.2,19,0.78605
2025-05-25T05:15:00,331,63.1,19,0.8102
2025-05-25T05:18:00,332,62.7,19,0.81898
2025-05-25T05:21:00,332,62.2,19,0.82996
2025-05-25T05:24:00,332,61.5,19,0.84533
2025-05-25T05:27:00,334,61.1,19,0.85411
2025-05-25T05:30:00,333,61,19,0.85631
2025-05-25T05:33:00,334,60.8,19,0.8607
2025-05-25T05:36:00,334,60.1,20,0.93226
2025-05-25T05:39:00,335,59.9,20,0.93693
2025-05-25T05:42:00,335,59.7,20,0.9416
2025-05-25T05:45:00,336,59,20,0.95796
2025-05-25T05:48:00,335,58.5,20,0.96964
2025-05-25T05:51:00,337,58.7,20,0.96497
2025-05-25T05:54:00,336,58.8,20,0.96263
2025-05-25T05:57:00,337,58.6,20,0.9673
2025-05-25T06:00:00,337,58.6,20,0.9673
2025-05-25T06:03:00,338,57.9,20,0.98366
2025-05-25T06:06:00,340,58,20,0.98132
2025-05-25T06:09:00,342,57.8,20,0.98599
2025-05-25T06:12:00,342,57.9,20,0.98366
2025-05-25T06:15:00,346,57.6,20,0.99067
2025-05-25T06:18:00,346,57.9,20,0.98366
2025-05-25T06:21:00,347,57.7,20,0.98833
2025-05-25T06:24:00,355,57.5,20,0.993
2025-05-25T06:27:00,356,57.3,20,0.99768
2025-05-25T06:30:00,357,57.7,20,0.98833
2025-05-25T06:33:00,358,57.4,21,1.05868
2025-05-25T06:36:00,361,57.7,21,1.05122
2025-05-25T06:39:00,362,57.6,21,1.05371
2025-05-25T06:42:00,363,55.5,21,1.10589
2025-05-25T06:45:00,364,54.5,21,1.13074
2025-05-25T06:48:00,366,53.7,21,1.15063
2025-05-25T06:51:00,367,53.2,21,1.16305
2025-05-25T06:54:00,368,52.4,21,1.18293
2025-05-25T06:57:00,371,52.3,21,1.18542
2025-05-25T07:00:00,371,51.4,21,1.20778
2025-05-25T07:03:00,374,51,22,1.2946
2025-05-25T07:06:00,375,49.2,21,1.26246
2025-05-25T07:09:00,375,48.5,22,1.36065
2025-05-25T07:12:00,378,47.9,22,1.37651
2025-05-25T07:15:00,379,46.5,21,1.32956
2025-05-25T07:18:00,380,47.4,21,1.30719
2025-05-25T07:21:00,384,46.9,22,1.40293
2025-05-25T07:24:00,395,47.1,22,1.39764
2025-05-25T07:27:00,440,45.2,22,1.44784
2025-05-25T07:30:00,465,46.1,22,1.42406
2025-05-25T07:33:00,488,45.1,22,1.45048
2025-05-25T07:36:00,473,45.9,21,1.34447
2025-05-25T07:39:00,525,46,21,1.34198
2025-05-25T07:42:00,536,45.2,22,1.44784
2025-05-25T07:45:00,512,45.8,21,1.34695
2025-05-25T07:48:00,550,45.9,21,1.34447
2025-05-25T07:51:00,608,45.6,21,1.35192
2025-05-25T07:54:00,667,45.2,22,1.44784
2025-05-25T07:57:00,660,44,22,1.47955
2025-05-25T08:00:00,649,43.8,23,1.57784
2025-05-25T08:03:00,532,43,23,1.6003
2025-05-25T08:06:00,484,44.2,22,1.47426
2025-05-25T08:09:00,556,44,22,1.47955
2025-05-25T08:12:00,609,43.9,22,1.48219
2025-05-25T08:15:00,603,43.7,22,1.48747
2025-05-25T08:18:00,600,44.1,22,1.4769
2025-05-25T08:21:00,618,43.3,22,1.49804
2025-05-25T08:24:00,633,43.2,21,1.41157
2025-05-25T08:27:00,656,46,21,1.34198
2025-05-25T08:30:00,679,41.7,22,1.54031
2025-05-25T08:33:00,720,46.5,23,1.50204
2025-05-25T08:36:00,747,60.7,18,0.8105
2025-05-25T08:39:00,734,57.2,20,1.00001
2025-05-25T08:42:00,744,58.4,20,0.97198
2025-05-25T08:45:00,727,57,20,1.00469
2025-05-25T08:48:00,734,54.8,20,1.05609
2025-05-25T08:51:00,723,54.7,20,1.05843
2025-05-25T08:54:00,753,53.8,21,1.14814
2025-05-25T08:57:00,758,52.3,22,1.26026
2025-05-25T09:00:00,754,51.8,21,1.19784
2025-05-25T09:03:00,738,51.6,21,1.20281
2025-05-25T09:06:00,728,52.4,21,1.18293
2025-05-25T09:09:00,669,53.7,20,1.08179
2025-05-25T09:12:00,529,53.9,20,1.07712
2025-05-25T09:15:00,485,51,21,1.21773
2025-05-25T09:18:00,465,54.3,19,1.00342
2025-05-25T09:21:00,463,48,19,1.14174
2025-05-25T09:24:00,458,50.3,19,1.09124
2025-05-25T09:27:00,456,48.7,19,1.12637
2025-05-25T09:30:00,457,43.2,20,1.32712
2025-05-25T09:33:00,459,46.1,19,1.18346
2025-05-25T09:36:00,503,60.4,17,0.76672
2025-05-25T09:39:00,1112,56.1,19,0.96389
2025-05-25T09:42:00,702,57.9,16,0.76488
2025-05-25T09:45:00,459,59.7,16,0.73218
2025-05-25T09:48:00,451,60.1,16,0.72491
2025-05-25T09:51:00,451,57.3,17,0.82674
2025-05-25T09:54:00,454,57,17,0.83255
2025-05-25T09:57:00,455,57.2,17,0.82868
2025-05-25T10:00:00,466,58.6,17,0.80157
2025-05-25T10:03:00,680,57.8,17,0.81706
2025-05-25T10:06:00,794,57.2,17,0.82868
2025-05-25T10:09:00,610,56,17,0.85191
2025-05-25T10:12:00,512,54.6,18,0.9363
2025-05-25T10:15:00,464,58.1,18,0.86412
2025-05-25T10:18:00,471,51.9,18,0.99198
2025-05-25T10:21:00,468,56.6,17,0.84029
2025-05-25T10:24:00,467,58.7,18,0.85174
2025-05-25T10:27:00,471,58.2,16,0.75943
2025-05-25T10:30:00,468,62.6,17,0.72413
2025-05-25T10:33:00,470,59,17,0.79383
2025-05-25T10:36:00,469,61.7,17,0.74155
2025-05-25T10:39:00,469,63.2,17,0.71251
2025-05-25T10:42:00,473,55.8,19,0.97048
2025-05-25T10:45:00,471,63.3,17,0.71057
2025-05-25T10:48:00,472,63.7,17,0.70283
2025-05-25T10:51:00,474,56.9,19,0.94633
2025-05-25T10:54:00,473,63.1,17,0.71444
2025-05-25T10:57:00,476,58.3,17,0.80738
2025-05-25T11:00:00,476,56.1,17,0.84998
2025-05-25T11:03:00,479,56.9,17,0.83449
2025-05-25T11:06:00,479,53.1,18,0.96723
2025-05-25T11:09:00,482,55.2,18,0.92393
2025-05-25T11:12:00,483,60.1,18,0.82287
2025-05-25T11:15:00,500,60.4,18,0.81668
2025-05-25T11:18:00,522,60.2,18,0.82081
2025-05-25T11:21:00,484,59.9,18,0.827
2025-05-25T11:24:00,483,60.8,17,0.75898
2025-05-25T11:27:00,482,59.8,18,0.82906
2025-05-25T11:30:00,481,60.4,17,0.76672
2025-05-25T11:33:00,479,59.9,17,0.7764
2025-05-25T11:36:00,479,55.6,17,0.85966
2025-05-25T11:39:00,476,53.3,17,0.90419
2025-05-25T11:42:00,476,55.4,19,0.97926
2025-05-25T11:45:00,475,52.6,18,0.97755
2025-05-25T11:48:00,472,58.3,17,0.80738
2025-05-25T11:51:00,472,57.4,19,0.93535
2025-05-25T11:54:00,469,59.5,17,0.78415
2025-05-25T11:57:00,470,60.7,19,0.86289
2025-05-25T12:00:00,465,60.2,16,0.72309
2025-05-25T12:03:00,430,59.6,18,0.83318
2025-05-25T12:06:00,427,61.9,16,0.69221
2025-05-25T12:09:00,424,62.4,17,0.728
2025-05-25T12:12:00,427,58.7,17,0.79964
2025-05-25T12:15:00,428,54.4,18,0.94042
2025-05-25T12:18:00,428,58.5,19,0.9112
2025-05-25T12:21:00,429,59.9,18,0.827
2025-05-25T12:24:00,428,59.3,18,0.83937
2025-05-25T12:27:00,429,58,19,0.92218
2025-05-25T12:30:00,431,56.8,19,0.94852
2025-05-25T12:33:00,431,56.6,19,0.95292
2025-05-25T12:36:00,433,54.6,20,1.06076
2025-05-25T12:39:00,436,52.5,21,1.18045
2025-05-25T12:42:00,437,49.5,20,1.17992
2025-05-25T12:45:00,431,61.2,18,0.80019
2025-05-25T12:48:00,429,62.3,18,0.7775
2025-05-25T12:51:00,427,62.5,18,0.77337
2025-05-25T12:54:00,427,61.3,18,0.79812
2025-05-25T12:57:00,427,62.1,18,0.78162
2025-05-25T13:00:00,427,60.7,19,0.86289
2025-05-25T13:03:00,427,62.3,18,0.7775
2025-05-25T13:06:00,427,60.5,19,0.86728
2025-05-25T13:09:00,427,57.7,18,0.87237
2025-05-25T13:12:00,427,58.8,19,0.90461
2025-05-25T13:15:00,432,55.2,20,1.04674
2025-05-25T13:18:00,435,54.2,21,1.1382
2025-05-25T13:21:00,435,54.6,20,1.06076
2025-05-25T13:24:00,430,55.9,19,0.96828
2025-05-25T13:27:00,429,57.5,19,0.93315
2025-05-25T13:30:00,427,59.7,19,0.88485
2025-05-25T13:33:00,427,61.9,19,0.83655
2025-05-25T13:36:00,427,60.8,18,0.80843
2025-05-25T13:39:00,429,61.4,19,0.84752
2025-05-25T13:42:00,428,59.7,19,0.88485
2025-05-25T13:45:00,430,59.9,19,0.88046
2025-05-25T13:48:00,431,56.8,20,1.00936
2025-05-25T13:51:00,434,52.9,21,1.17051
2025-05-25T13:54:00,435,55.4,19,0.97926
2025-05-25T13:57:00,433,60.7,19,0.86289
2025-05-25T14:00:00,435,56.7,20,1.0117
2025-05-25T14:03:00,435,58.9,18,0.84762
2025-05-25T14:06:00,431,59,18,0.84556
2025-05-25T14:09:00,432,61.1,19,0.85411
2025-05-25T14:12:00,435,58.3,18,0.85999
2025-05-25T14:15:00,432,61.1,18,0.80225
2025-05-25T14:18:00,436,56.3,19,0.9595
2025-05-25T14:21:00,433,63.4,18,0.75481
2025-05-25T14:24:00,437,56.8,19,0.94852
2025-05-25T14:27:00,432,60.2,17,0.77059
2025-05-25T14:30:00,431,62.7,18,0.76925
2025-05-25T14:33:00,436,56,20,1.02805
2025-05-25T14:36:00,435,63.4,18,0.75481
2025-05-25T14:39:00,438,59.5,20,0.94627
2025-05-25T14:42:00,435,59.7,18,0.83112
2025-05-25T14:45:00,435,60.6,18,0.81256
2025-05-25T14:48:00,437,58.1,20,0.97898
2025-05-25T14:51:00,434,60.7,18,0.8105
2025-05-25T14:54:00,435,61.8,19,0.83874
2025-05-25T14:57:00,435,60.5,18,0.81462
2025-05-25T15:00:00,431,58.6,18,0.85381
2025-05-25T15:03:00,432,60.3,19,0.87168
2025-05-25T15:06:00,432,58.6,18,0.85381
2025-05-25T15:09:00,434,61.9,19,0.83655
2025-05-25T15:12:00,436,59.8,18,0.82906
2025-05-25T15:15:00,431,60.3,18,0.81875
2025-05-25T15:18:00,435,57.8,20,0.98599
2025-05-25T15:21:00,436,59.4,18,0.83731
2025-05-25T15:24:00,435,61.9,19,0.83655
2025-05-25T15:27:00,437,61.3,18,0.79812
2025-05-25T15:30:00,435,62.3,18,0.7775
2025-05-25T15:33:00,438,57.2,20,1.00001
2025-05-25T15:36:00,435,60.5,17,0.76478
2025-05-25T15:39:00,436,61.6,19,0.84313
2025-05-25T15:42:00,436,61.3,18,0.79812
2025-05-25T15:45:00,433,60.9,18,0.80637
2025-05-25T15:48:00,435,59.9,20,0.93693
2025-05-25T15:51:00,440,60.4,18,0.81668
2025-05-25T15:54:00,432,59.7,20,0.9416
2025-05-25T15:57:00,430,60.2,18,0.82081
2025-05-25T16:00:00,425,61.1,18,0.80225
2025-05-25T16:03:00,427,59.4,20,0.94861
2025-05-25T16:06:00,424,61.1,17,0.75317
2025-05-25T16:09:00,424,63.3,18,0.75688
2025-05-25T16:12:00,428,59,20,0.95796
2025-05-25T16:15:00,545,59.2,18,0.84143
2025-05-25T16:18:00,906,60.3,18,0.81875
2025-05-25T16:21:00,1128,59.2,19,0.89583
2025-05-25T16:24:00,854,59,18,0.84556
2025-05-25T16:27:00,1049,62.3,18,0.7775
2025-05-25T16:30:00,597,57.9,20,0.98366
2025-05-25T16:33:00,506,58.6,18,0.85381
2025-05-25T16:36:00,801,62.1,18,0.78162
2025-05-25T16:39:00,537,58.1,20,0.97898
2025-05-25T16:42:00,425,59,18,0.84556
2025-05-25T16:45:00,419,57.7,19,0.92876
2025-05-25T16:48:00,416,58.1,19,0.91998
2025-05-25T16:51:00,413,59.7,19,0.88485
2025-05-25T16:54:00,410,58.9,19,0.90242
2025-05-25T16:57:00,408,58.9,19,0.90242
2025-05-25T17:00:00,408,57.8,19,0.92657
2025-05-25T17:03:00,405,59.4,19,0.89144
2025-05-25T17:06:00,421,56,20,1.02805
2025-05-25T17:09:00,429,55.9,20,1.03039
2025-05-25T17:12:00,424,56.2,20,1.02338
2025-05-25T17:15:00,475,55.3,20,1.04441
2025-05-25T17:18:00,513,53.9,21,1.14566
2025-05-25T17:21:00,435,54.2,20,1.07011
2025-05-25T17:24:00,424,47.6,21,1.30222
2025-05-25T17:27:00,421,47.3,21,1.30968
2025-05-25T17:30:00,422,43.4,22,1.4954
2025-05-25T17:33:00,452,45.7,23,1.5245
2025-05-25T17:36:00,517,55.4,19,0.97926
2025-05-25T17:39:00,484,57,19,0.94413
2025-05-25T17:42:00,567,52.5,19,1.04294
2025-05-25T17:45:00,562,49.8,20,1.17291
2025-05-25T17:48:00,526,53,21,1.16802
2025-05-25T17:51:00,470,51.3,21,1.21027
2025-05-25T17:54:00,490,51,22,1.2946
2025-05-25T17:57:00,416,51.1,21,1.21524
2025-05-25T18:00:00,422,52,21,1.19287
2025-05-25T18:03:00,416,51.7,22,1.27611
2025-05-25T18:06:00,410,50.5,22,1.30781
2025-05-25T18:09:00,409,48.7,22,1.35537
2025-05-25T18:12:00,403,48.3,22,1.36594
2025-05-25T18:15:00,463,47.4,21,1.30719
2025-05-25T18:18:00,386,46.7,21,1.32459
2025-05-25T18:21:00,383,44.4,21,1.38175
2025-05-25T18:24:00,381,40.5,22,1.57202
2025-05-25T18:27:00,377,37,22,1.66449
2025-05-25T18:30:00,377,39.8,22,1.59051
2025-05-25T18:33:00,370,52.2,19,1.04952
2025-05-25T18:36:00,367,52.2,20,1.11684
2025-05-25T18:39:00,367,52.2,20,1.11684
2025-05-25T18:42:00,364,53.2,20,1.09347
2025-05-25T18:45:00,364,52.6,20,1.10749
2025-05-25T18:48:00,363,52.9,20,1.10048
2025-05-25T18:51:00,364,53.1,20,1.09581
2025-05-25T18:54:00,364,52.9,20,1.10048
2025-05-25T18:57:00,364,51.8,21,1.19784
2025-05-25T19:00:00,363,52.7,21,1.17548
2025-05-25T19:03:00,362,51.4,21,1.20778
2025-05-25T19:06:00,361,52.4,21,1.18293
2025-05-25T19:09:00,359,50.8,21,1.2227
2025-05-25T19:12:00,358,50.5,22,1.30781
2025-05-25T19:15:00,355,50.8,21,1.2227
2025-05-25T19:18:00,356,48.7,21,1.27488
2025-05-25T19:21:00,355,50.5,22,1.30781
2025-05-25T19:24:00,354,46.6,22,1.41085
2025-05-25T19:27:00,351,48.3,22,1.36594
2025-05-25T19:30:00,349,43.8,21,1.39666
2025-05-25T19:33:00,350,42.3,22,1.52446
2025-05-25T19:36:00,347,39.6,22,1.5958
2025-05-25T19:39:00,348,36.9,22,1.66713
2025-05-25T19:42:00,350,34.7,22,1.72526
2025-05-25T19:45:00,348,32.9,22,1.77281
2025-05-25T19:48:00,347,32.7,23,1.88948
2025-05-25T19:51:00,346,32.5,23,1.89509
2025-05-25T19:54:00,347,31.5,23,1.92317
2025-05-25T19:57:00,347,31.4,23,1.92598
2025-05-25T20:00:00,345,31.2,23,1.93159
2025-05-25T20:03:00,16,31,23,1.93721
2025-05-25T20:06:00,15,31,22,1.82301
2025-05-25T20:09:00,14,31.4,22,1.81244
2025-05-25T20:12:00,13,32.1,22,1.79395
2025-05-25T20:15:00,13,32.2,22,1.79131
2025-05-25T20:18:00,12,33.2,22,1.76489
2025-05-25T20:21:00,12,34.3,22,1.73583
2025-05-25T20:24:00,10,34.7,21,1.62281
2025-05-25T20:27:00,10,35.2,21,1.61038
2025-05-25T20:30:00,9,36.4,21,1.58056
2025-05-25T20:33:00,9,36.2,21,1.58553
2025-05-25T20:36:00,0,37.3,21,1.55819
2025-05-25T20:39:00,0,37.6,21,1.55074
2025-05-25T20:42:00,0,39.8,21,1.49606
2025-05-25T20:45:00,0,42,21,1.44139
2025-05-25T20:48:00,0,41.6,20,1.3645
2025-05-25T20:51:00,0,42.8,20,1.33647
2025-05-25T20:54:00,0,43.4,20,1.32245
2025-05-25T20:57:00,0,43.4,20,1.32245
2025-05-25T21:00:00,0,43.5,20,1.32011
2025-05-25T21:03:00,0,43.4,20,1.32245
2025-05-25T21:06:00,0,42.9,20,1.33413
2025-05-25T21:09:00,0,42.7,20,1.3388
2025-05-25T21:12:00,0,41.9,19,1.27568
2025-05-25T21:15:00,0,41.7,20,1.36217
2025-05-25T21:18:00,0,41.6,20,1.3645
2025-05-25T21:21:00,0,40.9,20,1.38086
2025-05-25T21:24:00,0,39.4,19,1.33057
2025-05-25T21:27:00,0,38.8,19,1.34374
2025-05-25T21:30:00,0,39,19,1.33935
2025-05-25T21:33:00,0,39.8,19,1.32179
2025-05-25T21:36:00,0,39.7,19,1.32398
2025-05-25T21:39:00,0,40.2,19,1.313
2025-05-25T21:42:00,0,40.3,19,1.31081
2025-05-25T21:45:00,0,39.9,19,1.31959
2025-05-25T21:48:00,0,39.8,19,1.32179
2025-05-25T21:51:00,0,40.5,19,1.30642
2025-05-25T21:54:00,0,41.1,19,1.29324
2025-05-25T21:57:00,0,41.3,19,1.28885
2025-05-25T22:00:00,0,41.6,19,1.28226
2025-05-25T22:03:00,0,42.1,19,1.27129
2025-05-25T22:06:00,0,41.9,19,1.27568
2025-05-25T22:09:00,0,42.1,19,1.27129
2025-05-25T22:12:00,0,42.8,19,1.25592
2025-05-25T22:15:00,0,43.9,19,1.23176
2025-05-25T22:18:00,0,44.4,19,1.22079
2025-05-25T22:21:00,0,44.5,19,1.21859
2025-05-25T22:24:00,0,44.2,19,1.22518
2025-05-25T22:27:00,0,44.2,19,1.22518
2025-05-25T22:30:00,0,44.7,19,1.2142
2025-05-25T22:33:00,0,44.4,19,1.22079
2025-05-25T22:36:00,0,45.6,19,1.19444
2025-05-25T22:39:00,0,45.2,19,1.20322
2025-05-25T22:42:00,0,44.9,19,1.20981
2025-05-25T22:45:00,0,44.5,19,1.21859
2025-05-25T22:48:00,0,44,19,1.22957
2025-05-25T22:51:00,0,43.6,19,1.23835
2025-05-25T22:54:00,0,43.4,19,1.24274
2025-05-25T22:57:00,0,43.2,19,1.24713
2025-05-25T23:00:00,0,43.1,19,1.24933
2025-05-25T23:03:00,0,42.8,19,1.25592
2025-05-25T23:06:00,0,44.2,19,1.22518
2025-05-25T23:09:00,0,47.1,19,1.1615
2025-05-25T23:12:00,0,48.8,19,1.12418
2025-05-25T23:15:00,0,50.3,19,1.09124
2025-05-25T23:18:00,0,50.8,19,1.08026
2025-05-25T23:21:00,0,52.8,19,1.03635
2025-05-25T23:24:00,0,55,19,0.98805
2025-05-25T23:27:00,0,56.8,19,0.94852
2025-05-25T23:30:00,0,58.3,19,0.91559
2025-05-25T23:33:00,0,59.9,19,0.88046
2025-05-25T23:36:00,0,61.1,19,0.85411
2025-05-25T23:39:00,0,62.3,19,0.82776
2025-05-25T23:42:00,0,63.4,19,0.80361
2025-05-25T23:45:00,0,64.4,19,0.78165
2025-05-25T23:48:00,0,65.2,19,0.76409
2025-05-25T23:51:00,0,66.1,19,0.74433
2025-05-25T23:54:00,0,66.8,19,0.72896
2025-05-25T23:57:00,0,67.6,19,0.71139
2025-05-26T00:00:00,0,68.1,19,0.70041
2025-05-26T00:03:00,0,68.5,19,0.69163
2025-05-26T00:06:00,0,69,19,0.68065
2025-05-26T00:09:00,0,69.4,19,0.67187
2025-05-26T00:12:00,0,69.9,19,0.66089
2025-05-26T00:15:00,0,70.2,19,0.65431
2025-05-26T00:18:00,0,70.6,19,0.64552
2025-05-26T00:21:00,0,70.8,19,0.64113
2025-05-26T00:24:00,0,71.2,19,0.63235
2025-05-26T00:27:00,0,71.4,19,0.62796
2025-05-26T00:30:00,0,71.7,19,0.62137
2025-05-26T00:33:00,0,72.2,19,0.61039
2025-05-26T00:36:00,0,73.5,19,0.58185
2025-05-26T00:39:00,0,74.2,19,0.56648
2025-05-26T00:42:00,0,75,19,0.54891
2025-05-26T00:45:00,0,75.4,19,0.54013
2025-05-26T00:48:00,0,76,19,0.52696
2025-05-26T00:51:00,0,76.1,19,0.52476
2025-05-26T00:54:00,0,76.4,19,0.51818
2025-05-26T00:57:00,0,76.6,19,0.51378
2025-05-26T01:00:00,0,76.8,19,0.50939
2025-05-26T01:03:00,0,76.8,19,0.50939
2025-05-26T01:06:00,0,77.2,19,0.50061
2025-05-26T01:09:00,0,77.1,19,0.50281
2025-05-26T01:12:00,0,77.2,19,0.50061
2025-05-26T01:15:00,0,77.3,19,0.49841
2025-05-26T01:18:00,0,77.4,19,0.49622
2025-05-26T01:21:00,0,77.5,19,0.49402
2025-05-26T01:24:00,0,77.5,19,0.49402
2025-05-26T01:27:00,0,77.7,19,0.48963
2025-05-26T01:30:00,0,77.8,19,0.48744
2025-05-26T01:33:00,0,77.7,19,0.48963
2025-05-26T01:36:00,0,77.7,19,0.48963
2025-05-26T01:39:00,0,77.8,19,0.48744
2025-05-26T01:42:00,0,77.8,19,0.48744
2025-05-26T01:45:00,0,77.6,19,0.49183
2025-05-26T01:48:00,0,77.6,19,0.49183
2025-05-26T01:51:00,0,77.7,19,0.48963
2025-05-26T01:54:00,0,77.7,19,0.48963
2025-05-26T01:57:00,0,77.8,19,0.48744
2025-05-26T02:00:00,0,77.5,19,0.49402
2025-05-26T02:03:00,0,78,19,0.48304
2025-05-26T02:06:00,0,78.5,19,0.47207
2025-05-26T02:09:00,0,78.8,19,0.46548
2025-05-26T02:12:00,0,79.2,19,0.4567
2025-05-26T02:15:00,0,79.5,19,0.45011
2025-05-26T02:18:00,0,79.7,19,0.44572
2025-05-26T02:21:00,0,79.7,19,0.44572
2025-05-26T02:24:00,0,80,19,0.43913
2025-05-26T02:27:00,0,79.9,19,0.44133
2025-05-26T02:30:00,0,80,19,0.43913
2025-05-26T02:33:00,0,80.1,19,0.43694
2025-05-26T02:36:00,0,80,19,0.43913
2025-05-26T02:39:00,0,79.8,19,0.44352
2025-05-26T02:42:00,0,80,19,0.43913
2025-05-26T02:45:00,0,79.7,18,0.41865
2025-05-26T02:48:00,0,80,18,0.41247
2025-05-26T02:51:00,0,79.8,18,0.41659
2025-05-26T02:54:00,0,79.7,18,0.41865
2025-05-26T02:57:00,0,79.9,18,0.41453
2025-05-26T03:00:00,0,79.9,18,0.41453
2025-05-26T03:03:00,0,79.9,18,0.41453
2025-05-26T03:06:00,0,80,18,0.41247
2025-05-26T03:09:00,0,79.8,18,0.41659
2025-05-26T03:12:00,0,79.7,18,0.41865
2025-05-26T03:15:00,0,79.8,18,0.41659
2025-05-26T03:18:00,0,79.7,18,0.41865
2025-05-26T03:21:00,0,79.7,18,0.41865
2025-05-26T03:24:00,0,79.5,18,0.42278
2025-05-26T03:27:00,0,79.6,18,0.42072
2025-05-26T03:30:00,0,79.6,18,0.42072
2025-05-26T03:33:00,0,79.5,18,0.42278
2025-05-26T03:36:00,0,79.5,18,0.42278
2025-05-26T03:39:00,0,79.4,18,0.42484
2025-05-26T03:42:00,0,79.3,18,0.4269
2025-05-26T03:45:00,0,79.4,18,0.42484
2025-05-26T03:48:00,0,79.4,18,0.42484
2025-05-26T03:51:00,0,79.3,18,0.4269
2025-05-26T03:54:00,0,79.2,18,0.42897
2025-05-26T03:57:00,0,79.1,18,0.43103
2025-05-26T04:00:00,0,79.1,18,0.43103
2025-05-26T04:03:00,348,78.5,18,0.4434
2025-05-26T04:06:00,345,78,18,0.45371
2025-05-26T04:09:00,344,77.3,19,0.49841
2025-05-26T04:12:00,341,76.5,19,0.51598
2025-05-26T04:15:00,339,76,19,0.52696
2025-05-26T04:18:00,338,75.8,19,0.53135
2025-05-26T04:21:00,336,75.3,19,0.54233
2025-05-26T04:24:00,336,75,19,0.54891
2025-05-26T04:27:00,336,74.8,20,0.58879
2025-05-26T04:30:00,334,74.6,20,0.59347
2025-05-26T04:33:00,333,74,20,0.60748
2025-05-26T04:36:00,333,73.8,20,0.61216
2025-05-26T04:39:00,332,72.2,20,0.64954
2025-05-26T04:42:00,331,68.8,20,0.72898
2025-05-26T04:45:00,331,67.5,20,0.75936
2025-05-26T04:48:00,332,65.2,20,0.81309
2025-05-26T04:51:00,330,62.8,20,0.86917
2025-05-26T04:54:00,331,60.8,19,0.8607
2025-05-26T04:57:00,331,59.1,19,0.89802
2025-05-26T05:00:00,330,58.7,19,0.90681
2025-05-26T05:03:00,331,58.9,19,0.90242
2025-05-26T05:06:00,330,58.6,20,0.9673
2025-05-26T05:09:00,331,59,20,0.95796
2025-05-26T05:12:00,332,58.7,20,0.96497
2025-05-26T05:15:00,333,58.8,20,0.96263
2025-05-26T05:18:00,333,58.6,20,0.9673
2025-05-26T05:21:00,334,58,20,0.98132
2025-05-26T05:24:00,333,57.5,20,0.993
2025-05-26T05:27:00,334,57.4,20,0.99534
2025-05-26T05:30:00,334,57.5,20,0.993
2025-05-26T05:33:00,334,57.5,20,0.993
2025-05-26T05:36:00,335,57.5,20,0.993
2025-05-26T05:39:00,336,56.8,20,1.00936
2025-05-26T05:42:00,336,56.2,20,1.02338
2025-05-26T05:45:00,336,56.1,20,1.02571
2025-05-26T05:48:00,336,55.9,20,1.03039
2025-05-26T05:51:00,338,56.1,20,1.02571
2025-05-26T05:54:00,337,53.4,20,1.0888
2025-05-26T05:57:00,336,50.9,20,1.14721
2025-05-26T06:00:00,336,50.8,20,1.14955
2025-05-26T06:03:00,337,52.5,20,1.10983
2025-05-26T06:06:00,339,53,20,1.09815
2025-05-26T06:09:00,341,52.2,20,1.11684
2025-05-26T06:12:00,342,53.3,20,1.09114
2025-05-26T06:15:00,345,53.2,20,1.09347
2025-05-26T06:18:00,345,50,20,1.16824
2025-05-26T06:21:00,347,51,20,1.14487
2025-05-26T06:24:00,353,50,20,1.16824
2025-05-26T06:27:00,354,51,20,1.14487
2025-05-26T06:30:00,356,50.7,20,1.15188
2025-05-26T06:33:00,358,50,20,1.16824
2025-05-26T06:36:00,358,48.6,20,1.20095
2025-05-26T06:39:00,361,48.6,20,1.20095
2025-05-26T06:42:00,362,48.1,20,1.21263
2025-05-26T06:45:00,362,47.8,20,1.21964
2025-05-26T06:48:00,363,46.7,21,1.32459
2025-05-26T06:51:00,365,46.7,20,1.24534
2025-05-26T06:54:00,366,47.1,21,1.31465
2025-05-26T06:57:00,368,46.7,21,1.32459
2025-05-26T07:00:00,370,46,21,1.34198
2025-05-26T07:03:00,373,46.6,21,1.32707
2025-05-26T07:06:00,373,46,21,1.34198
2025-05-26T07:09:00,375,44.8,21,1.3718
2025-05-26T07:12:00,378,44.9,21,1.36932
2025-05-26T07:15:00,378,44.4,21,1.38175
2025-05-26T07:18:00,380,43.7,21,1.39914
2025-05-26T07:21:00,385,44.6,21,1.37677
2025-05-26T07:24:00,414,43.7,21,1.39914
2025-05-26T07:27:00,483,45,21,1.36683
2025-05-26T07:30:00,502,44.6,21,1.37677
2025-05-26T07:33:00,527,45,21,1.36683
2025-05-26T07:36:00,512,45,21,1.36683
2025-05-26T07:39:00,569,44.9,21,1.36932
2025-05-26T07:42:00,551,44,22,1.47955
2025-05-26T07:45:00,520,44.1,22,1.4769
2025-05-26T07:48:00,552,43.3,22,1.49804
2025-05-26T07:51:00,626,43.8,22,1.48483
2025-05-26T07:54:00,668,41.7,23,1.6368
2025-05-26T07:57:00,671,43.3,22,1.49804
2025-05-26T08:00:00,629,42.6,22,1.51654
2025-05-26T08:03:00,501,42.1,23,1.62557
2025-05-26T08:06:00,489,46.3,21,1.33453
2025-05-26T08:09:00,594,43.4,22,1.4954
2025-05-26T08:12:00,632,42,23,1.62838
2025-05-26T08:15:00,619,44.9,20,1.2874
2025-05-26T08:18:00,603,47.4,19,1.15492
2025-05-26T08:21:00,602,45.3,21,1.35938
2025-05-26T08:24:00,641,43.8,21,1.39666
2025-05-26T08:27:00,662,46.7,19,1.17029
2025-05-26T08:30:00,654,44.8,21,1.3718
2025-05-26T08:33:00,718,42.1,22,1.52975
2025-05-26T08:36:00,741,53.4,19,1.02318
2025-05-26T08:39:00,732,59.3,19,0.89363
2025-05-26T08:42:00,715,62.5,19,0.82337
2025-05-26T08:45:00,710,63.5,19,0.80142
2025-05-26T08:48:00,698,56.3,20,1.02104
2025-05-26T08:51:00,709,55.4,20,1.04207
2025-05-26T08:54:00,700,58.3,20,0.97431
2025-05-26T08:57:00,706,55.6,21,1.10341
2025-05-26T09:00:00,723,59,21,1.01891
2025-05-26T09:03:00,701,59.1,20,0.95562
2025-05-26T09:06:00,691,57.1,21,1.06613
2025-05-26T09:09:00,605,55.6,21,1.10341
2025-05-26T09:12:00,504,61,20,0.91123
2025-05-26T09:15:00,482,53.9,21,1.14566
2025-05-26T09:18:00,470,56.7,20,1.0117
2025-05-26T09:21:00,462,54.7,20,1.05843
2025-05-26T09:24:00,455,60.9,19,0.8585
2025-05-26T09:27:00,462,56.6,20,1.01403
2025-05-26T09:30:00,465,54.2,22,1.21006
2025-05-26T09:33:00,468,57,20,1.00469
2025-05-26T09:36:00,539,56.5,20,1.01637
2025-05-26T09:39:00,1101,54.2,21,1.1382
2025-05-26T09:42:00,938,57,20,1.00469
2025-05-26T09:45:00,564,54.7,21,1.12577
2025-05-26T09:48:00,495,58.7,19,0.90681
2025-05-26T09:51:00,487,55.9,20,1.03039
2025-05-26T09:54:00,487,55.4,21,1.10838
2025-05-26T09:57:00,483,56.5,20,1.01637
2025-05-26T10:00:00,512,56,20,1.02805
2025-05-26T10:03:00,857,57.6,19,0.93096
2025-05-26T10:06:00,1008,58.9,19,0.90242
2025-05-26T10:09:00,814,55.4,21,1.10838
2025-05-26T10:12:00,558,56.5,20,1.01637
2025-05-26T10:15:00,478,58,19,0.92218
2025-05-26T10:18:00,485,54.9,20,1.05375
2025-05-26T10:21:00,494,54.2,20,1.07011
2025-05-26T10:24:00,495,56.9,19,0.94633
2025-05-26T10:27:00,517,56.5,21,1.08104
2025-05-26T10:30:00,519,53.8,21,1.14814
2025-05-26T10:33:00,524,54.4,20,1.06543
2025-05-26T10:36:00,522,55.2,20,1.04674
2025-05-26T10:39:00,528,54.3,20,1.06777
2025-05-26T10:42:00,536,54.8,20,1.05609
2025-05-26T10:45:00,524,54.3,20,1.06777
2025-05-26T10:48:00,531,50.7,21,1.22518
2025-05-26T10:51:00,541,53.2,21,1.16305
2025-05-26T10:54:00,545,52.5,20,1.10983
2025-05-26T10:57:00,547,53.4,20,1.0888
2025-05-26T11:00:00,548,51.1,21,1.21524
2025-05-26T11:03:00,548,54.5,20,1.0631
2025-05-26T11:06:00,548,54.9,21,1.1208
2025-05-26T11:09:00,556,51.6,22,1.27875
2025-05-26T11:12:00,561,53.7,21,1.15063
2025-05-26T11:15:00,562,51.7,21,1.20033
2025-05-26T11:18:00,566,52.6,21,1.17796
2025-05-26T11:21:00,561,51.9,21,1.19536
2025-05-26T11:24:00,563,56.4,20,1.01871
2025-05-26T11:27:00,560,55.6,20,1.0374
2025-05-26T11:30:00,561,54,20,1.07478
2025-05-26T11:33:00,566,53.7,21,1.15063
2025-05-26T11:36:00,568,53.1,21,1.16554
2025-05-26T11:39:00,571,53.4,20,1.0888
2025-05-26T11:42:00,565,53.6,20,1.08413
2025-05-26T11:45:00,557,58.3,19,0.91559
2025-05-26T11:48:00,560,55.8,19,0.97048
2025-05-26T11:51:00,564,54.5,20,1.0631
2025-05-26T11:54:00,569,53.1,21,1.16554
2025-05-26T11:57:00,554,53.4,21,1.15808
2025-05-26T12:00:00,548,53.3,20,1.09114
2025-05-26T12:03:00,539,56,19,0.96609
2025-05-26T12:06:00,534,57.5,19,0.93315
2025-05-26T12:09:00,530,56.8,19,0.94852
2025-05-26T12:12:00,534,54.4,20,1.06543
2025-05-26T12:15:00,533,54,20,1.07478
2025-05-26T12:18:00,531,53.8,20,1.07945
2025-05-26T12:21:00,532,52.9,20,1.10048
2025-05-26T12:24:00,538,53.6,20,1.08413
2025-05-26T12:27:00,541,55.1,19,0.98585
2025-05-26T12:30:00,533,61.9,17,0.73768
2025-05-26T12:33:00,534,64.2,17,0.69315
2025-05-26T12:36:00,531,63.8,17,0.70089
2025-05-26T12:39:00,444,65.5,17,0.66798
2025-05-26T12:42:00,448,66,17,0.6583
2025-05-26T12:45:00,446,65.5,17,0.66798
2025-05-26T12:48:00,441,65.3,17,0.67185
2025-05-26T12:51:00,442,65.6,17,0.66604
2025-05-26T12:54:00,443,64.6,17,0.6854
2025-05-26T12:57:00,445,65.3,17,0.67185
2025-05-26T13:00:00,444,66.3,17,0.65249
2025-05-26T13:03:00,445,65.4,17,0.66991
2025-05-26T13:06:00,444,64.8,17,0.68153
2025-05-26T13:09:00,444,65.2,17,0.67378
2025-05-26T13:12:00,444,65.4,17,0.66991
2025-05-26T13:15:00,448,65.7,17,0.6641
2025-05-26T13:18:00,449,64.6,17,0.6854
2025-05-26T13:21:00,452,64.1,17,0.69508
2025-05-26T13:24:00,453,60.3,17,0.76866
2025-05-26T13:27:00,450,66,17,0.6583
2025-05-26T13:30:00,451,62.7,18,0.76925
2025-05-26T13:33:00,450,62.8,17,0.72025
2025-05-26T13:36:00,449,60.6,18,0.81256
2025-05-26T13:39:00,451,56.1,19,0.96389
2025-05-26T13:42:00,450,55.6,19,0.97487
2025-05-26T13:45:00,450,55.3,19,0.98146
2025-05-26T13:48:00,450,55.4,19,0.97926
2025-05-26T13:51:00,452,55.7,19,0.97268
2025-05-26T13:54:00,455,57,19,0.94413
2025-05-26T13:57:00,454,57.5,19,0.93315
2025-05-26T14:00:00,458,57.4,19,0.93535
2025-05-26T14:03:00,456,56,19,0.96609
2025-05-26T14:06:00,458,55.6,19,0.97487
2025-05-26T14:09:00,459,55.8,20,1.03272
2025-05-26T14:12:00,457,55.2,20,1.04674
2025-05-26T14:15:00,454,55.6,20,1.0374
2025-05-26T14:18:00,457,54.8,20,1.05609
2025-05-26T14:21:00,456,56.4,19,0.95731
2025-05-26T14:24:00,452,57,19,0.94413
2025-05-26T14:27:00,451,56.6,19,0.95292
2025-05-26T14:30:00,454,55.9,20,1.03039
2025-05-26T14:33:00,453,55.2,20,1.04674
2025-05-26T14:36:00,453,55,20,1.05142
2025-05-26T14:39:00,449,55.2,20,1.04674
2025-05-26T14:42:00,447,55.4,20,1.04207
2025-05-26T14:45:00,446,57,19,0.94413
2025-05-26T14:48:00,445,64.1,18,0.74038
2025-05-26T14:51:00,440,64.9,18,0.72388
2025-05-26T14:54:00,441,64.5,18,0.73213
2025-05-26T14:57:00,441,65.4,18,0.71357
2025-05-26T15:00:00,441,65.1,18,0.71975
2025-05-26T15:03:00,438,64.8,18,0.72594
2025-05-26T15:06:00,419,67.8,18,0.66407
2025-05-26T15:09:00,422,65.6,18,0.70944
2025-05-26T15:12:00,425,65.4,18,0.71357
2025-05-26T15:15:00,428,66.4,18,0.69294
2025-05-26T15:18:00,430,66,18,0.70119
2025-05-26T15:21:00,435,66.1,18,0.69913
2025-05-26T15:24:00,429,67,18,0.68057
2025-05-26T15:27:00,428,66.8,18,0.68469
2025-05-26T15:30:00,466,65.7,18,0.70738
2025-05-26T15:33:00,479,67.1,18,0.67851
2025-05-26T15:36:00,465,66.6,18,0.68882
2025-05-26T15:39:00,441,70.6,18,0.60633
2025-05-26T15:42:00,445,68.8,18,0.64345
2025-05-26T15:45:00,800,70,18,0.6187
2025-05-26T15:48:00,897,67.4,17,0.63119
2025-05-26T15:51:00,506,67.6,18,0.6682
2025-05-26T15:54:00,528,68,18,0.65995
2025-05-26T15:57:00,832,67.2,18,0.67645
2025-05-26T16:00:00,860,67.7,18,0.66613
2025-05-26T16:03:00,578,68.1,18,0.65788
2025-05-26T16:06:00,794,66.7,18,0.68676
2025-05-26T16:09:00,841,66.5,18,0.69088
2025-05-26T16:12:00,488,67,18,0.68057
2025-05-26T16:15:00,580,66.5,18,0.69088
2025-05-26T16:18:00,412,66.5,18,0.69088
2025-05-26T16:21:00,687,64.8,18,0.72594
2025-05-26T16:24:00,423,67.1,18,0.67851
2025-05-26T16:27:00,528,65.9,18,0.70326
2025-05-26T16:30:00,614,66.5,18,0.69088
2025-05-26T16:33:00,418,66.1,18,0.69913
2025-05-26T16:36:00,605,65.6,18,0.70944
2025-05-26T16:39:00,574,67.8,18,0.66407
2025-05-26T16:42:00,453,64.9,18,0.72388
2025-05-26T16:45:00,444,66.5,17,0.64861
2025-05-26T16:48:00,442,64.9,18,0.72388
2025-05-26T16:51:00,435,65.4,17,0.66991
2025-05-26T16:54:00,429,65.5,17,0.66798
2025-05-26T16:57:00,424,66.4,17,0.65055
2025-05-26T17:00:00,421,66.7,17,0.64474
2025-05-26T17:03:00,418,66.7,17,0.64474
2025-05-26T17:06:00,415,66.3,17,0.65249
2025-05-26T17:09:00,416,65.5,17,0.66798
2025-05-26T17:12:00,471,66.5,17,0.64861
2025-05-26T17:15:00,441,62.9,18,0.76513
2025-05-26T17:18:00,415,63.3,18,0.75688
2025-05-26T17:21:00,424,61.5,19,0.84533
2025-05-26T17:24:00,439,60,19,0.87826
2025-05-26T17:27:00,408,60.4,19,0.86948
2025-05-26T17:30:00,406,60.5,20,0.92291
2025-05-26T17:33:00,411,57.1,21,1.06613
2025-05-26T17:36:00,416,55.3,20,1.04441
2025-05-26T17:39:00,419,57.3,20,0.99768
2025-05-26T17:42:00,462,53.6,22,1.22591
2025-05-26T17:45:00,463,51,22,1.2946
2025-05-26T17:48:00,457,58.4,20,0.97198
2025-05-26T17:51:00,419,56,21,1.09347
2025-05-26T17:54:00,446,58.9,20,0.96029
2025-05-26T17:57:00,388,55.6,21,1.10341
2025-05-26T18:00:00,391,53.5,22,1.22855
2025-05-26T18:03:00,387,52.7,22,1.24969
2025-05-26T18:06:00,384,53.2,21,1.16305
2025-05-26T18:09:00,382,53.4,21,1.15808
2025-05-26T18:12:00,380,52.6,21,1.17796
2025-05-26T18:15:00,425,52.6,21,1.17796
2025-05-26T18:18:00,379,53,22,1.24176
2025-05-26T18:21:00,374,53.3,21,1.16057
2025-05-26T18:24:00,372,53.6,22,1.22591
2025-05-26T18:27:00,369,51,21,1.21773
2025-05-26T18:30:00,369,49.1,21,1.26494
2025-05-26T18:33:00,367,47.6,21,1.30222
2025-05-26T18:36:00,367,45.6,22,1.43727
2025-05-26T18:39:00,368,42.3,22,1.52446
2025-05-26T18:42:00,367,35.8,23,1.80244
2025-05-26T18:45:00,366,33.9,23,1.85579
2025-05-26T18:48:00,363,48.1,21,1.28979
2025-05-26T18:51:00,361,52.6,21,1.17796
2025-05-26T18:54:00,359,52.8,21,1.17299
2025-05-26T18:57:00,356,53.9,21,1.14566
2025-05-26T19:00:00,354,53.6,21,1.15311
2025-05-26T19:03:00,353,54.3,21,1.13572
2025-05-26T19:06:00,350,54.3,21,1.13572
2025-05-26T19:09:00,348,53.3,21,1.16057
2025-05-26T19:12:00,347,51.5,22,1.28139
2025-05-26T19:15:00,345,52.6,22,1.25233
2025-05-26T19:18:00,342,52.4,21,1.18293
2025-05-26T19:21:00,339,51,22,1.2946
2025-05-26T19:24:00,341,53,21,1.16802
2025-05-26T19:27:00,340,52,21,1.19287
2025-05-26T19:30:00,339,51.3,22,1.28668
2025-05-26T19:33:00,338,51.9,22,1.27083
2025-05-26T19:36:00,336,51.6,21,1.20281
2025-05-26T19:39:00,336,49.9,22,1.32367
2025-05-26T19:42:00,335,50.7,22,1.30253
2025-05-26T19:45:00,331,51,21,1.21773
2025-05-26T19:48:00,333,47.7,22,1.38179
2025-05-26T19:51:00,331,48.7,22,1.35537
2025-05-26T19:54:00,330,46.9,22,1.40293
2025-05-26T19:57:00,329,42.7,22,1.51389
2025-05-26T20:00:00,330,39.2,22,1.60637
2025-05-26T20:03:00,19,37.1,22,1.66185
2025-05-26T20:06:00,17,35.7,22,1.69884
2025-05-26T20:09:00,16,36.4,22,1.68034
2025-05-26T20:12:00,15,35.4,22,1.70676
2025-05-26T20:15:00,14,35.5,22,1.70412
2025-05-26T20:18:00,13,35.3,22,1.7094
2025-05-26T20:21:00,12,34.7,22,1.72526
2025-05-26T20:24:00,11,35.3,22,1.7094
2025-05-26T20:27:00,10,35.3,22,1.7094
2025-05-26T20:30:00,10,36.2,22,1.68563
2025-05-26T20:33:00,0,36.6,22,1.67506
2025-05-26T20:36:00,0,36.8,21,1.57062
2025-05-26T20:39:00,0,37.5,21,1.55322
2025-05-26T20:42:00,0,36.5,21,1.57807
2025-05-26T20:45:00,0,37.6,21,1.55074
2025-05-26T20:48:00,0,37.9,21,1.54328
2025-05-26T20:51:00,0,37.4,21,1.55571
2025-05-26T20:54:00,0,38.5,21,1.52837
2025-05-26T20:57:00,0,38.4,21,1.53085
2025-05-26T21:00:00,0,39.1,21,1.51346
2025-05-26T21:03:00,0,38.7,21,1.5234
2025-05-26T21:06:00,0,38.2,21,1.53582
2025-05-26T21:09:00,0,39.2,21,1.51097
2025-05-26T21:12:00,0,39.8,21,1.49606
2025-05-26T21:15:00,0,40.5,20,1.39021
2025-05-26T21:18:00,0,41.4,20,1.36918
2025-05-26T21:21:00,0,40.6,20,1.38787
2025-05-26T21:24:00,0,41.1,20,1.37619
2025-05-26T21:27:00,0,43.8,20,1.3131
2025-05-26T21:30:00,0,44.8,20,1.28974
2025-05-26T21:33:00,0,45.7,20,1.26871
2025-05-26T21:36:00,0,44,20,1.30843
2025-05-26T21:39:00,0,45.1,20,1.28273
2025-05-26T21:42:00,0,45.6,19,1.19444
2025-05-26T21:45:00,0,47.2,19,1.15931
2025-05-26T21:48:00,0,47.1,19,1.1615
2025-05-26T21:51:00,0,48,19,1.14174
2025-05-26T21:54:00,0,46.9,19,1.16589
2025-05-26T21:57:00,0,46.7,19,1.17029
2025-05-26T22:00:00,0,47.1,19,1.1615
2025-05-26T22:03:00,0,47.7,19,1.14833
2025-05-26T22:06:00,0,48.1,19,1.13955
2025-05-26T22:09:00,0,47.7,19,1.14833
2025-05-26T22:12:00,0,47.5,19,1.15272
2025-05-26T22:15:00,0,47.4,19,1.15492
2025-05-26T22:18:00,0,47.3,19,1.15711
2025-05-26T22:21:00,0,47.9,18,1.07448
2025-05-26T22:24:00,0,49.9,19,1.10002
2025-05-26T22:27:00,0,51.5,19,1.06489
2025-05-26T22:30:00,0,52.4,19,1.04513
2025-05-26T22:33:00,0,51.9,18,0.99198
2025-05-26T22:36:00,0,52.3,18,0.98373
2025-05-26T22:39:00,0,51.8,18,0.99404
2025-05-26T22:42:00,0,51.9,18,0.99198
2025-05-26T22:45:00,0,52.9,18,0.97136
2025-05-26T22:48:00,0,52.5,19,1.04294
2025-05-26T22:51:00,0,52.9,19,1.03415
2025-05-26T22:54:00,0,52.1,19,1.05172
2025-05-26T22:57:00,0,49.3,19,1.1132
2025-05-26T23:00:00,0,51.1,19,1.07368
2025-05-26T23:03:00,0,49.5,19,1.10881
2025-05-26T23:06:00,0,48.3,19,1.13515
2025-05-26T23:09:00,0,47.4,19,1.15492
2025-05-26T23:12:00,0,46.9,19,1.16589
2025-05-26T23:15:00,0,46.2,19,1.18126
2025-05-26T23:18:00,0,45.8,19,1.19005
2025-05-26T23:21:00,0,45.5,19,1.19663
2025-05-26T23:24:00,0,45.3,19,1.20102
2025-05-26T23:27:00,0,45.1,19,1.20542
2025-05-26T23:30:00,0,44.8,19,1.212
2025-05-26T23:33:00,0,44.6,19,1.21639
2025-05-26T23:36:00,0,44.5,19,1.21859
2025-05-26T23:39:00,0,44.5,19,1.21859
2025-05-26T23:42:00,0,44.5,19,1.21859
2025-05-26T23:45:00,0,44.2,19,1.22518
2025-05-26T23:48:00,0,44.2,19,1.22518
2025-05-26T23:51:00,0,44,19,1.22957
2025-05-26T23:54:00,0,44,19,1.22957
2025-05-26T23:57:00,0,43.9,19,1.23176
