Timestamp,Camelina01 - Weather station PARLight (µmol/m<sup>2</sup>/s),Camelina01 - Weather station RH (%),Camelina01 - Weather station Temp (°C),Camelina01 - Weather Station VPD (kPa)
2025-08-29T00:00:00,0,67.3,19,0.71798
2025-08-29T00:03:00,0,69.1,19,0.67846
2025-08-29T00:06:00,0,65.9,19,0.74872
2025-08-29T00:09:00,0,64.4,19,0.78165
2025-08-29T00:12:00,0,63.3,20,0.85749
2025-08-29T00:15:00,0,63.1,20,0.86216
2025-08-29T00:18:00,0,65.8,19,0.75091
2025-08-29T00:21:00,0,67.1,19,0.72237
2025-08-29T00:24:00,0,67.4,19,0.71578
2025-08-29T00:27:00,0,64.3,19,0.78385
2025-08-29T00:30:00,0,63.8,19,0.79483
2025-08-29T00:33:00,0,64.8,19,0.77287
2025-08-29T00:36:00,0,65.7,19,0.75311
2025-08-29T00:39:00,0,66.4,19,0.73774
2025-08-29T00:42:00,0,66.1,19,0.74433
2025-08-29T00:45:00,0,65.4,19,0.7597
2025-08-29T00:48:00,0,63,19,0.81239
2025-08-29T00:51:00,0,62,19,0.83435
2025-08-29T00:54:00,0,61.3,19,0.84972
2025-08-29T00:57:00,0,61.1,19,0.85411
2025-08-29T01:00:00,0,61.2,19,0.85192
2025-08-29T01:03:00,0,60.5,19,0.86728
2025-08-29T01:06:00,0,60.1,19,0.87607
2025-08-29T01:09:00,0,59.2,19,0.89583
2025-08-29T01:12:00,0,58.1,20,0.97898
2025-08-29T01:15:00,0,58.2,20,0.97665
2025-08-29T01:18:00,0,58.4,20,0.97198
2025-08-29T01:21:00,0,58.7,20,0.96497
2025-08-29T01:24:00,0,58.5,20,0.96964
2025-08-29T01:27:00,0,57.6,20,0.99067
2025-08-29T01:30:00,0,57.3,20,0.99768
2025-08-29T01:33:00,0,57.2,20,1.00001
2025-08-29T01:36:00,0,57.2,20,1.00001
2025-08-29T01:39:00,0,57.3,20,0.99768
2025-08-29T01:42:00,0,57,20,1.00469
2025-08-29T01:45:00,0,57.3,20,0.99768
2025-08-29T01:48:00,0,57.2,20,1.00001
2025-08-29T01:51:00,0,56.8,20,1.00936
2025-08-29T01:54:00,0,57.4,19,0.93535
2025-08-29T01:57:00,0,58.1,20,0.97898
2025-08-29T02:00:00,0,58.3,19,0.91559
2025-08-29T02:03:00,0,58.1,19,0.91998
2025-08-29T02:06:00,0,58.8,19,0.90461
2025-08-29T02:09:00,0,58.4,19,0.91339
2025-08-29T02:12:00,0,58.6,19,0.909
2025-08-29T02:15:00,0,59.1,19,0.89802
2025-08-29T02:18:00,0,59.4,19,0.89144
2025-08-29T02:21:00,0,60.1,19,0.87607
2025-08-29T02:24:00,0,60,19,0.87826
2025-08-29T02:27:00,0,59.6,19,0.88705
2025-08-29T02:30:00,0,59.2,19,0.89583
2025-08-29T02:33:00,0,59,19,0.90022
2025-08-29T02:36:00,0,59.9,19,0.88046
2025-08-29T02:39:00,0,60.8,19,0.8607
2025-08-29T02:42:00,0,61.2,19,0.85192
2025-08-29T02:45:00,0,61,19,0.85631
2025-08-29T02:48:00,0,60.6,19,0.86509
2025-08-29T02:51:00,0,60.1,19,0.87607
2025-08-29T02:54:00,0,60,19,0.87826
2025-08-29T02:57:00,0,61.6,19,0.84313
2025-08-29T03:00:00,0,62.2,19,0.82996
2025-08-29T03:03:00,0,62.3,19,0.82776
2025-08-29T03:06:00,0,61.3,19,0.84972
2025-08-29T03:09:00,0,60.8,19,0.8607
2025-08-29T03:12:00,0,60.8,19,0.8607
2025-08-29T03:15:00,0,60.9,19,0.8585
2025-08-29T03:18:00,0,60.9,19,0.8585
2025-08-29T03:21:00,0,60.8,19,0.8607
2025-08-29T03:24:00,0,60.7,19,0.86289
2025-08-29T03:27:00,0,60.4,19,0.86948
2025-08-29T03:30:00,0,60.8,19,0.8607
2025-08-29T03:33:00,0,61.3,19,0.84972
2025-08-29T03:36:00,0,62.1,19,0.83215
2025-08-29T03:39:00,0,62.4,19,0.82557
2025-08-29T03:42:00,0,62.5,19,0.82337
2025-08-29T03:45:00,0,61.9,19,0.83655
2025-08-29T03:48:00,0,61.5,19,0.84533
2025-08-29T03:51:00,0,61.5,19,0.84533
2025-08-29T03:54:00,0,61.6,19,0.84313
2025-08-29T03:57:00,0,62.2,19,0.82996
2025-08-29T04:00:00,0,62.2,19,0.82996
2025-08-29T04:03:00,348,61.7,19,0.84094
2025-08-29T04:06:00,346,60.7,19,0.86289
2025-08-29T04:09:00,342,60.2,19,0.87387
2025-08-29T04:12:00,340,59.7,19,0.88485
2025-08-29T04:15:00,338,59,20,0.95796
2025-08-29T04:18:00,336,58.3,19,0.91559
2025-08-29T04:21:00,334,58.3,20,0.97431
2025-08-29T04:24:00,334,59.6,20,0.94394
2025-08-29T04:27:00,332,60.1,19,0.87607
2025-08-29T04:30:00,331,60.6,20,0.92057
2025-08-29T04:33:00,331,59.4,20,0.94861
2025-08-29T04:36:00,331,58.1,20,0.97898
2025-08-29T04:39:00,330,58.3,20,0.97431
2025-08-29T04:42:00,330,57.1,20,1.00235
2025-08-29T04:45:00,331,56.9,20,1.00702
2025-08-29T04:48:00,329,57.3,20,0.99768
2025-08-29T04:51:00,330,56.7,20,1.0117
2025-08-29T04:54:00,328,56.9,20,1.00702
2025-08-29T04:57:00,328,57.7,19.5,0.95814
2025-08-29T05:00:00,328,58.5,19,0.9112
2025-08-29T05:03:00,327,58.2,19,0.91778
2025-08-29T05:06:00,326,57.9,20,0.98366
2025-08-29T05:09:00,328,58.4,20,0.97198
2025-08-29T05:12:00,327,59.8,19,0.88265
2025-08-29T05:15:00,327,58.5,20,0.96964
2025-08-29T05:18:00,328,58.8,20,0.96263
2025-08-29T05:21:00,325,64.5,19,0.77946
2025-08-29T05:24:00,326,68.8,19,0.68505
2025-08-29T05:27:00,326,69.9,19,0.66089
2025-08-29T05:30:00,328,67.9,20,0.75001
2025-08-29T05:33:00,328,66,19,0.74652
2025-08-29T05:36:00,328,65.9,20,0.79674
2025-08-29T05:39:00,328,66,20,0.7944
2025-08-29T05:42:00,326,64.3,20,0.83412
2025-08-29T05:45:00,328,65.7,19,0.75311
2025-08-29T05:48:00,327,65.5,20,0.80609
2025-08-29T05:51:00,326,66.6,20,0.78038
2025-08-29T05:54:00,328,67.1,19,0.72237
2025-08-29T05:57:00,328,67.3,19,0.71798
2025-08-29T06:00:00,327,67.3,19,0.71798
2025-08-29T06:03:00,328,63.8,19,0.79483
2025-08-29T06:06:00,328,61.9,20,0.8902
2025-08-29T06:09:00,328,64.6,19,0.77726
2025-08-29T06:12:00,328,66.4,19,0.73774
2025-08-29T06:15:00,328,67.3,19,0.71798
2025-08-29T06:18:00,328,67.3,19,0.71798
2025-08-29T06:21:00,328,65.1,19,0.76628
2025-08-29T06:24:00,328,64.9,19,0.77068
2025-08-29T06:27:00,329,66.5,19,0.73555
2025-08-29T06:30:00,328,64.8,19,0.77287
2025-08-29T06:33:00,329,64.9,19,0.77068
2025-08-29T06:36:00,328,63.7,19,0.79702
2025-08-29T06:39:00,330,64.4,19,0.78165
2025-08-29T06:42:00,331,65.1,19,0.76628
2025-08-29T06:45:00,329,65,19,0.76848
2025-08-29T06:48:00,331,64.9,19,0.77068
2025-08-29T06:51:00,331,65.5,19,0.7575
2025-08-29T06:54:00,333,65.8,19,0.75091
2025-08-29T06:57:00,332,65.7,19,0.75311
2025-08-29T07:00:00,334,65,20,0.81777
2025-08-29T07:03:00,335,64,19,0.79044
2025-08-29T07:06:00,336,64.9,19,0.77068
2025-08-29T07:09:00,336,64.9,19,0.77068
2025-08-29T07:12:00,336,64.4,20,0.83179
2025-08-29T07:15:00,338,63.4,20,0.85515
2025-08-29T07:18:00,339,63.6,20,0.85048
2025-08-29T07:21:00,339,64.7,20,0.82478
2025-08-29T07:24:00,339,65.4,20,0.80842
2025-08-29T07:27:00,340,65.9,20,0.79674
2025-08-29T07:30:00,342,66.3,20,0.78739
2025-08-29T07:33:00,344,63.8,20,0.84581
2025-08-29T07:36:00,343,63.1,20,0.86216
2025-08-29T07:39:00,343,64.7,20,0.82478
2025-08-29T07:42:00,344,64.1,20,0.8388
2025-08-29T07:45:00,344,63.2,20,0.85982
2025-08-29T07:48:00,344,64,20,0.84113
2025-08-29T07:51:00,345,63.7,20,0.84814
2025-08-29T07:54:00,348,63.4,20,0.85515
2025-08-29T07:57:00,350,62.3,20,0.88085
2025-08-29T08:00:00,353,62.5,21,0.93193
2025-08-29T08:03:00,352,62.2,20,0.88319
2025-08-29T08:06:00,352.5,61.6,20,0.89721
2025-08-29T08:09:00,353,61,20,0.91123
2025-08-29T08:12:00,354,60.4,20,0.92525
2025-08-29T08:15:00,353,59.8,20,0.93926
2025-08-29T08:18:00,353,59.7,21,1.00152
2025-08-29T08:21:00,352,59.5,21,1.00649
2025-08-29T08:24:00,353,58.7,21,1.02637
2025-08-29T08:27:00,353,58.5,21,1.03134
2025-08-29T08:30:00,353,57,21,1.06862
2025-08-29T08:33:00,356,57.6,21,1.05371
2025-08-29T08:36:00,354,57.9,20,0.98366
2025-08-29T08:39:00,355,63.4,21,0.90957
2025-08-29T08:42:00,355,66.5,21,0.83253
2025-08-29T08:45:00,353,71.1,19,0.63455
2025-08-29T08:48:00,354,72.1,19,0.61259
2025-08-29T08:51:00,355,69.9,20,0.70328
2025-08-29T08:54:00,358,69.3,19,0.67407
2025-08-29T08:57:00,359,73.6,19,0.57965
2025-08-29T09:00:00,359,72.3,19,0.6082
2025-08-29T09:03:00,361,71,19,0.63674
2025-08-29T09:06:00,361,74.1,18,0.53414
2025-08-29T09:09:00,361,74.3,19,0.56428
2025-08-29T09:12:00,358,74.5,18,0.52589
2025-08-29T09:15:00,362,74.2,19,0.56648
2025-08-29T09:18:00,370,73.6,19,0.57965
2025-08-29T09:21:00,389,74.1,19,0.56868
2025-08-29T09:24:00,385,74.1,19,0.56868
2025-08-29T09:27:00,377,73.8,19,0.57526
2025-08-29T09:30:00,426,73.2,19,0.58844
2025-08-29T09:33:00,510,72.9,19,0.59502
2025-08-29T09:36:00,493,73.2,19,0.58844
2025-08-29T09:39:00,528,72.3,19,0.6082
2025-08-29T09:42:00,487,73.4,19,0.58404
2025-08-29T09:45:00,520,74,19,0.57087
2025-08-29T09:48:00,484,74.3,19,0.56428
2025-08-29T09:51:00,489,74.4,19,0.56209
2025-08-29T09:54:00,495,74.6,19,0.5577
2025-08-29T09:57:00,465,74.1,19,0.56868
2025-08-29T10:00:00,381,74.3,19,0.56428
2025-08-29T10:03:00,398,75,19,0.54891
2025-08-29T10:06:00,379,74.7,19,0.5555
2025-08-29T10:09:00,390,75.1,19,0.54672
2025-08-29T10:12:00,375,74.5,19,0.55989
2025-08-29T10:15:00,430,74.3,19,0.56428
2025-08-29T10:18:00,395,76.4,19,0.51818
2025-08-29T10:21:00,483,74.9,20,0.58646
2025-08-29T10:24:00,438,74.8,20,0.58879
2025-08-29T10:27:00,433,75,20,0.58412
2025-08-29T10:30:00,433,74.9,20,0.58646
2025-08-29T10:33:00,394,75,20,0.58412
2025-08-29T10:36:00,453,75,20,0.58412
2025-08-29T10:39:00,397,73.5,20,0.61917
2025-08-29T10:42:00,497,74.5,20,0.5958
2025-08-29T10:45:00,487,74.6,20,0.59347
2025-08-29T10:48:00,417,73.9,20,0.60982
2025-08-29T10:51:00,397,73.8,21,0.65111
2025-08-29T10:54:00,425,74.6,21,0.63123
2025-08-29T10:57:00,460,73.2,21,0.66602
2025-08-29T11:00:00,426,73.3,21,0.66354
2025-08-29T11:03:00,553,73.2,21,0.66602
2025-08-29T11:06:00,515,73.5,22,0.70014
2025-08-29T11:09:00,559,72.1,22,0.73713
2025-08-29T11:12:00,547,72.5,22,0.72656
2025-08-29T11:15:00,574,73.4,22,0.70278
2025-08-29T11:18:00,509,71.8,22,0.74506
2025-08-29T11:21:00,571,71.4,22,0.75563
2025-08-29T11:24:00,566,70.7,22,0.77412
2025-08-29T11:27:00,541,70.1,22,0.78997
2025-08-29T11:30:00,539,69.9,22,0.79526
2025-08-29T11:33:00,502,71,22,0.76619
2025-08-29T11:36:00,512,71.1,22,0.76355
2025-08-29T11:39:00,449,70.4,22,0.78205
2025-08-29T11:42:00,406,69.8,22,0.7979
2025-08-29T11:45:00,410,70.3,22,0.78469
2025-08-29T11:48:00,475,70,22,0.79261
2025-08-29T11:51:00,467,70.7,22,0.77412
2025-08-29T11:54:00,421,69.2,22,0.81375
2025-08-29T11:57:00,468,68.8,22,0.82432
2025-08-29T12:00:00,506,69.1,22,0.81639
2025-08-29T12:03:00,437,68.7,22,0.82696
2025-08-29T12:06:00,465,69.8,22,0.7979
2025-08-29T12:09:00,416,69,23,0.87034
2025-08-29T12:12:00,427,69,22,0.81903
2025-08-29T12:15:00,416,68.5,22,0.83225
2025-08-29T12:18:00,398,69.8,22,0.7979
2025-08-29T12:21:00,423,68.7,22,0.82696
2025-08-29T12:24:00,367,69.5,23,0.8563
2025-08-29T12:27:00,424,67.9,22,0.8481
2025-08-29T12:30:00,374,68.3,22,0.83753
2025-08-29T12:33:00,420,67.6,22,0.85602
2025-08-29T12:36:00,408,66.9,22,0.87452
2025-08-29T12:39:00,417,69,23,0.87034
2025-08-29T12:42:00,419,68.5,23,0.88438
2025-08-29T12:45:00,417,67.8,23,0.90403
2025-08-29T12:48:00,415,65.4,23,0.97141
2025-08-29T12:51:00,416,65.7,22,0.90622
2025-08-29T12:54:00,416,65.5,23,0.9686
2025-08-29T12:57:00,386,62.6,22,0.98813
2025-08-29T13:00:00,390,63.6,22,0.96171
2025-08-29T13:03:00,358,64.5,22,0.93793
2025-08-29T13:06:00,416,64.4,22,0.94057
2025-08-29T13:09:00,408,64.1,22,0.9485
2025-08-29T13:12:00,413,62.9,22,0.9802
2025-08-29T13:15:00,413,64.2,22,0.94585
2025-08-29T13:18:00,404,63,22,0.97756
2025-08-29T13:21:00,411,61.7,22,1.0119
2025-08-29T13:24:00,410,63.4,22,0.96699
2025-08-29T13:27:00,408,63.6,23,1.02195
2025-08-29T13:30:00,408,64.2,22,0.94585
2025-08-29T13:33:00,408,62.4,23,1.05564
2025-08-29T13:36:00,408,62.6,23,1.05002
2025-08-29T13:39:00,408,62.4,22,0.99341
2025-08-29T13:42:00,408,62,23,1.06687
2025-08-29T13:45:00,408,63,23,1.03879
2025-08-29T13:48:00,410,64,23,1.01072
2025-08-29T13:51:00,407,61.6,22,1.01455
2025-08-29T13:54:00,408,60.6,23,1.10617
2025-08-29T13:57:00,408,59.2,22,1.07796
2025-08-29T14:00:00,408,60.5,23,1.10898
2025-08-29T14:03:00,410,60.7,23,1.10337
2025-08-29T14:06:00,410,61.3,22,1.02247
2025-08-29T14:09:00,410,61.5,23,1.0809
2025-08-29T14:12:00,412,60.4,22,1.04625
2025-08-29T14:15:00,413,60.5,23,1.10898
2025-08-29T14:18:00,419,59.4,23,1.13986
2025-08-29T14:21:00,421,59.5,23,1.13706
2025-08-29T14:24:00,427,62.2,22,0.99869
2025-08-29T14:27:00,427,62.5,23,1.05283
2025-08-29T14:30:00,422,61.6,23,1.0781
2025-08-29T14:33:00,423,61.05,23,1.09354
2025-08-29T14:36:00,424,60.5,23,1.10898
2025-08-29T14:39:00,420,62.6,23,1.05002
2025-08-29T14:42:00,420,61,23,1.09494
2025-08-29T14:45:00,421,63.4,23,1.02756
2025-08-29T14:48:00,438,61.9,23,1.06967
2025-08-29T14:51:00,528,61.7,23,1.07529
2025-08-29T14:54:00,532,61.1,22,1.02776
2025-08-29T14:57:00,555,60.2,23,1.1174
2025-08-29T15:00:00,560,61.8,23,1.07248
2025-08-29T15:03:00,482,61.1,23,1.09213
2025-08-29T15:06:00,568,61.8,23,1.07248
2025-08-29T15:09:00,517,62.4,23,1.05564
2025-08-29T15:12:00,552,62.4,23,1.05564
2025-08-29T15:15:00,547,61.6,23,1.0781
2025-08-29T15:18:00,520,60.9,23,1.09775
2025-08-29T15:21:00,510,62.2,23,1.06125
2025-08-29T15:24:00,454,62.6,23,1.05002
2025-08-29T15:27:00,509,62.5,23,1.05283
2025-08-29T15:30:00,509,62.4,23,1.05564
2025-08-29T15:33:00,507,63.3,23,1.03037
2025-08-29T15:36:00,489,64,23,1.01072
2025-08-29T15:39:00,450,62.1,23,1.06406
2025-08-29T15:42:00,442,61.2,23,1.08933
2025-08-29T15:45:00,413,61.6,23,1.0781
2025-08-29T15:48:00,415,62.4,23,1.05564
2025-08-29T15:51:00,426,63,23,1.03879
2025-08-29T15:54:00,432,60.9,23,1.09775
2025-08-29T15:57:00,407,61,23,1.09494
2025-08-29T16:00:00,408,61.1,23,1.09213
2025-08-29T16:03:00,400,63,23,1.03879
2025-08-29T16:06:00,397,65.3,23,0.97422
2025-08-29T16:09:00,396,64.2,23,1.0051
2025-08-29T16:12:00,396,61.5,23,1.0809
2025-08-29T16:15:00,394,62.2,23,1.06125
2025-08-29T16:18:00,391,61.2,23,1.08933
2025-08-29T16:21:00,389,62.1,23,1.06406
2025-08-29T16:24:00,388,63.8,23,1.01633
2025-08-29T16:27:00,386,63.9,23,1.01352
2025-08-29T16:30:00,386,62.3,22,0.99605
2025-08-29T16:33:00,385,63.4,22,0.96699
2025-08-29T16:36:00,383,62.4,23,1.05564
2025-08-29T16:39:00,385,62.4,23,1.05564
2025-08-29T16:42:00,386,64.1,23,1.00791
2025-08-29T16:45:00,391,64.8,23,0.98826
2025-08-29T16:48:00,461,64.8,23,0.98826
2025-08-29T16:51:00,389,65.4,23,0.97141
2025-08-29T16:54:00,383,64.5,23,0.99668
2025-08-29T16:57:00,381,65.1,23,0.97983
2025-08-29T17:00:00,380,65.6,23,0.9658
2025-08-29T17:03:00,378,65.2,23,0.97703
2025-08-29T17:06:00,435,66.1,23,0.95176
2025-08-29T17:09:00,378,66.6,23,0.93772
2025-08-29T17:12:00,376,66.6,23,0.93772
2025-08-29T17:15:00,373,67.5,23,0.91245
2025-08-29T17:18:00,373,66.4,23,0.94334
2025-08-29T17:21:00,421,65.3,23,0.97422
2025-08-29T17:24:00,368,65.8,23,0.96018
2025-08-29T17:27:00,364,66.2,23,0.94895
2025-08-29T17:30:00,362,67.2,23,0.92087
2025-08-29T17:33:00,360,67.2,23,0.92087
2025-08-29T17:36:00,358,66.4,23,0.94334
2025-08-29T17:39:00,356,66.9,23,0.9293
2025-08-29T17:42:00,354,68.3,23,0.88999
2025-08-29T17:45:00,353,68.6,23,0.88157
2025-08-29T17:48:00,355,68.4,23,0.88718
2025-08-29T17:51:00,353,68.4,23,0.88718
2025-08-29T17:54:00,353,67.7,22,0.85338
2025-08-29T17:57:00,352,68.2,22,0.84017
2025-08-29T18:00:00,349,67.5,22,0.85867
2025-08-29T18:03:00,350,67.7,22,0.85338
2025-08-29T18:06:00,351,68.5,22,0.83225
2025-08-29T18:09:00,353,68.8,22,0.82432
2025-08-29T18:12:00,350,67.8,22,0.85074
2025-08-29T18:15:00,346,68.4,22,0.83489
2025-08-29T18:18:00,345,68.1,22,0.84281
2025-08-29T18:21:00,345,68.7,22,0.82696
2025-08-29T18:24:00,341,68.8,22,0.82432
2025-08-29T18:27:00,339,69.7,22,0.80054
2025-08-29T18:30:00,337,68.5,22,0.83225
2025-08-29T18:33:00,336,69,22,0.81903
2025-08-29T18:36:00,334,69.6,22,0.80318
2025-08-29T18:39:00,334,69.7,22,0.80054
2025-08-29T18:42:00,334,69,22,0.81903
2025-08-29T18:45:00,333,70.3,22,0.78469
2025-08-29T18:48:00,332,70,21,0.74555
2025-08-29T18:51:00,331,69.7,21,0.753
2025-08-29T18:54:00,330,69.6,21,0.75549
2025-08-29T18:57:00,330,69.9,21,0.74803
2025-08-29T19:00:00,328,71.2,21,0.71572
2025-08-29T19:03:00,328,71.1,21,0.71821
2025-08-29T19:06:00,328,69.7,21,0.753
2025-08-29T19:09:00,326,71,21,0.72069
2025-08-29T19:12:00,327,71.8,21,0.70081
2025-08-29T19:15:00,327,70.5,21,0.73312
2025-08-29T19:18:00,326,70.4,21,0.73561
2025-08-29T19:21:00,326,72.1,21,0.69336
2025-08-29T19:24:00,325,71,21,0.72069
2025-08-29T19:27:00,323,73,21,0.67099
2025-08-29T19:30:00,323,72.2,21,0.69087
2025-08-29T19:33:00,323,72.2,21,0.69087
2025-08-29T19:36:00,321,72.5,21,0.68342
2025-08-29T19:39:00,322,72.9,21,0.67348
2025-08-29T19:42:00,323,72.5,21,0.68342
2025-08-29T19:45:00,321,73,21,0.67099
2025-08-29T19:48:00,319,73.4,20,0.6215
2025-08-29T19:51:00,320,71.9,20,0.65655
2025-08-29T19:54:00,320,73.2,20,0.62618
2025-08-29T19:57:00,321,73.7,20,0.61449
2025-08-29T20:00:00,320,74,20,0.60748
2025-08-29T20:03:00,0,73.7,20,0.61449
2025-08-29T20:06:00,0,74,20,0.60748
2025-08-29T20:09:00,0,73.6,20,0.61683
2025-08-29T20:12:00,0,74,20,0.60748
2025-08-29T20:15:00,0,73.9,20,0.60982
2025-08-29T20:18:00,0,73.8,20,0.61216
2025-08-29T20:21:00,0,73.9,20,0.60982
2025-08-29T20:24:00,0,74.5,20,0.5958
2025-08-29T20:27:00,0,75.9,20,0.56309
2025-08-29T20:30:00,0,75.7,20,0.56776
2025-08-29T20:33:00,0,75.3,20,0.57711
2025-08-29T20:36:00,0,74.7,19,0.5555
2025-08-29T20:39:00,0,75.3,19,0.54233
2025-08-29T20:42:00,0,75.9,19,0.52915
2025-08-29T20:45:00,0,75.7,19,0.53354
2025-08-29T20:48:00,0,76.2,19,0.52257
2025-08-29T20:51:00,0,75.2,19,0.54452
2025-08-29T20:54:00,0,76.2,19,0.52257
2025-08-29T20:57:00,0,76.2,19,0.52257
2025-08-29T21:00:00,0,76.6,19,0.51378
2025-08-29T21:03:00,0,76.4,19,0.51818
2025-08-29T21:06:00,0,76.7,19,0.51159
2025-08-29T21:09:00,0,77.1,19,0.50281
2025-08-29T21:12:00,0,76.5,19,0.51598
2025-08-29T21:15:00,0,76.1,19,0.52476
2025-08-29T21:18:00,0,77.7,19,0.48963
2025-08-29T21:21:00,0,77.1,19,0.50281
2025-08-29T21:24:00,0,77.1,19,0.50281
2025-08-29T21:27:00,0,76.6,19,0.51378
2025-08-29T21:30:00,0,76.5,19,0.51598
2025-08-29T21:33:00,0,76.6,19,0.51378
2025-08-29T21:36:00,0,76.8,18,0.47846
2025-08-29T21:39:00,0,76.8,19,0.50939
2025-08-29T21:42:00,0,76.6,19,0.51378
2025-08-29T21:45:00,0,77,18,0.47434
2025-08-29T21:48:00,0,76.6,19,0.51378
2025-08-29T21:51:00,0,76.8,18,0.47846
2025-08-29T21:54:00,0,77.1,18,0.47227
2025-08-29T21:57:00,0,77.1,18,0.47227
2025-08-29T22:00:00,0,77,18,0.47434
2025-08-29T22:03:00,0,77.7,18,0.4599
2025-08-29T22:06:00,0,77.8,18,0.45784
2025-08-29T22:09:00,0,77.8,18,0.45784
2025-08-29T22:12:00,0,78,18,0.45371
2025-08-29T22:15:00,0,78.1,18,0.45165
2025-08-29T22:18:00,0,77.9,18,0.45578
2025-08-29T22:21:00,0,78.2,18,0.44959
2025-08-29T22:24:00,0,78.3,18,0.44753
2025-08-29T22:27:00,0,78.9,18,0.43515
2025-08-29T22:30:00,0,80,18,0.41247
2025-08-29T22:33:00,0,80.1,18,0.4104
2025-08-29T22:36:00,0,79.9,18,0.41453
2025-08-29T22:39:00,0,79.5,18,0.42278
2025-08-29T22:42:00,0,77.8,18,0.45784
2025-08-29T22:45:00,0,79.1,18,0.43103
2025-08-29T22:48:00,0,78.2,18,0.44959
2025-08-29T22:51:00,0,79.1,18,0.43103
2025-08-29T22:54:00,0,80,18,0.41247
2025-08-29T22:57:00,0,79.2,18,0.42897
2025-08-29T23:00:00,0,77.5,18,0.46402
2025-08-29T23:03:00,0,76.1,18,0.4929
2025-08-29T23:06:00,0,78,18,0.45371
2025-08-29T23:09:00,0,77.4,18,0.46609
2025-08-29T23:12:00,0,79.5,18,0.42278
2025-08-29T23:15:00,0,79.5,18,0.42278
2025-08-29T23:18:00,0,79.5,18,0.42278
2025-08-29T23:21:00,0,77.9,18,0.45578
2025-08-29T23:24:00,0,77.3,18,0.46815
2025-08-29T23:27:00,0,78.5,18,0.4434
2025-08-29T23:30:00,0,78.9,18,0.43515
2025-08-29T23:33:00,0,75.7,19,0.53354
2025-08-29T23:36:00,0,77,19,0.505
2025-08-29T23:39:00,0,77.8,19,0.48744
2025-08-29T23:42:00,0,76.7,19,0.51159
2025-08-29T23:45:00,0,77.6,19,0.49183
2025-08-29T23:48:00,0,78.5,19,0.47207
2025-08-29T23:51:00,0,75.8,19,0.53135
2025-08-29T23:54:00,0,75.9,19,0.52915
2025-08-29T23:57:00,0,76.5,19,0.51598
2025-08-30T00:00:00,0,74.8,19,0.55331
2025-08-30T00:03:00,0,75.5,19,0.53794
2025-08-30T00:06:00,0,75.7,19,0.53354
2025-08-30T00:09:00,0,76.3,19,0.52037
2025-08-30T00:12:00,0,74.3,19,0.56428
2025-08-30T00:15:00,0,75.3,19,0.54233
2025-08-30T00:18:00,0,73.7,19,0.57746
2025-08-30T00:21:00,0,71.9,19,0.61698
2025-08-30T00:24:00,0,70.6,19,0.64552
2025-08-30T00:27:00,0,70.2,19,0.65431
2025-08-30T00:30:00,0,69.8,19,0.66309
2025-08-30T00:33:00,0,74.9,19,0.55111
2025-08-30T00:36:00,0,73,19,0.59283
2025-08-30T00:39:00,0,76,19,0.52696
2025-08-30T00:42:00,0,73.8,19,0.57526
2025-08-30T00:45:00,0,72.8,19,0.59722
2025-08-30T00:48:00,0,71.7,19,0.62137
2025-08-30T00:51:00,0,71.6,19,0.62357
2025-08-30T00:54:00,0,76.1,19,0.52476
2025-08-30T00:57:00,0,73.8,19,0.57526
2025-08-30T01:00:00,0,73.1,19,0.59063
2025-08-30T01:03:00,0,72.2,19,0.61039
2025-08-30T01:06:00,0,71.5,19,0.62576
2025-08-30T01:09:00,0,71.3,19,0.63015
2025-08-30T01:12:00,0,70.6,19,0.64552
2025-08-30T01:15:00,0,70.6,19,0.64552
2025-08-30T01:18:00,0,75.6,19,0.53574
2025-08-30T01:21:00,0,72.9,19,0.59502
2025-08-30T01:24:00,0,72.2,19,0.61039
2025-08-30T01:27:00,0,71.7,19,0.62137
2025-08-30T01:30:00,0,70.9,19,0.63894
2025-08-30T01:33:00,0,70.8,19,0.64113
2025-08-30T01:36:00,0,70.8,19,0.64113
2025-08-30T01:39:00,0,70.1,19,0.6565
2025-08-30T01:42:00,0,70.3,19,0.65211
2025-08-30T01:45:00,0,70.3,19,0.65211
2025-08-30T01:48:00,0,69.8,19,0.66309
2025-08-30T01:51:00,0,69.9,19,0.66089
2025-08-30T01:54:00,0,69.9,19,0.66089
2025-08-30T01:57:00,0,70,19,0.6587
2025-08-30T02:00:00,0,69.9,19,0.66089
2025-08-30T02:03:00,0,69.8,19,0.66309
2025-08-30T02:06:00,0,70.5,19,0.64772
2025-08-30T02:09:00,0,71,19,0.63674
2025-08-30T02:12:00,0,71,19,0.63674
2025-08-30T02:15:00,0,70.9,19,0.63894
2025-08-30T02:18:00,0,71.2,19,0.63235
2025-08-30T02:21:00,0,71.2,19,0.63235
2025-08-30T02:24:00,0,70.9,19,0.63894
2025-08-30T02:27:00,0,71.2,19,0.63235
2025-08-30T02:30:00,0,71.3,19,0.63015
2025-08-30T02:33:00,0,71,19,0.63674
2025-08-30T02:36:00,0,71.2,19,0.63235
2025-08-30T02:39:00,0,71.2,19,0.63235
2025-08-30T02:42:00,0,71.2,19,0.63235
2025-08-30T02:45:00,0,70.9,19,0.63894
2025-08-30T02:48:00,0,70.8,19,0.64113
2025-08-30T02:51:00,0,70.9,19,0.63894
2025-08-30T02:54:00,0,70.7,19,0.64333
2025-08-30T02:57:00,0,70.8,19,0.64113
2025-08-30T03:00:00,0,70.8,19,0.64113
2025-08-30T03:03:00,0,70.7,19,0.64333
2025-08-30T03:06:00,0,70.6,19,0.64552
2025-08-30T03:09:00,0,70.6,19,0.64552
2025-08-30T03:12:00,0,70.4,19,0.64991
2025-08-30T03:15:00,0,70.3,19,0.65211
2025-08-30T03:18:00,0,70.3,19,0.65211
2025-08-30T03:21:00,0,70.2,19,0.65431
2025-08-30T03:24:00,0,70.2,19,0.65431
2025-08-30T03:27:00,0,70.2,19,0.65431
2025-08-30T03:30:00,0,70.1,19,0.6565
2025-08-30T03:33:00,0,70.1,19,0.6565
2025-08-30T03:36:00,0,70.1,19,0.6565
2025-08-30T03:39:00,0,70.2,19,0.65431
2025-08-30T03:42:00,0,70.2,19,0.65431
2025-08-30T03:45:00,0,70.2,19,0.65431
2025-08-30T03:48:00,0,70.1,19,0.6565
2025-08-30T03:51:00,0,70.1,19,0.6565
2025-08-30T03:54:00,0,70.1,19,0.6565
2025-08-30T03:57:00,0,70.2,19,0.65431
2025-08-30T04:00:00,0,70.6,19,0.64552
2025-08-30T04:03:00,347,70.3,19,0.65211
2025-08-30T04:06:00,345,69.7,19,0.66528
2025-08-30T04:09:00,342,68.6,19,0.68944
2025-08-30T04:12:00,341,67.5,19,0.71359
2025-08-30T04:15:00,338,66.7,20,0.77805
2025-08-30T04:18:00,336,66.2,20,0.78973
2025-08-30T04:21:00,336,65.8,20,0.79908
2025-08-30T04:24:00,335,65.4,20,0.80842
2025-08-30T04:27:00,334,64.9,20,0.8201
2025-08-30T04:30:00,333,64.8,20,0.82244
2025-08-30T04:33:00,331,66.9,20,0.77337
2025-08-30T04:36:00,331,68.2,20,0.743
2025-08-30T04:39:00,331,68.1,20,0.74534
2025-08-30T04:42:00,330,66.5,20,0.78272
2025-08-30T04:45:00,331,64.3,20,0.83412
2025-08-30T04:48:00,330,63.2,20,0.85982
2025-08-30T04:51:00,331,64.1,20,0.8388
2025-08-30T04:54:00,330,64.8,20,0.82244
2025-08-30T04:57:00,330,65.2,20,0.81309
2025-08-30T05:00:00,329,65.7,20,0.80141
2025-08-30T05:03:00,330,65.5,20,0.80609
2025-08-30T05:06:00,329,65.4,20,0.80842
2025-08-30T05:09:00,329,66.2,20,0.78973
2025-08-30T05:12:00,328,66.4,20,0.78506
2025-08-30T05:15:00,328,65.9,20,0.79674
2025-08-30T05:18:00,328,66.5,19,0.73555
2025-08-30T05:21:00,328,66.6,19,0.73335
2025-08-30T05:24:00,328,66.3,20,0.78739
2025-08-30T05:27:00,328,65.2,20,0.81309
2025-08-30T05:30:00,328,64.8,20,0.82244
2025-08-30T05:33:00,328,65.1,20,0.81543
2025-08-30T05:36:00,327,65.3,19,0.76189
2025-08-30T05:39:00,326,65,20,0.81777
2025-08-30T05:42:00,327,64.6,20,0.82711
2025-08-30T05:45:00,327,64.6,20,0.82711
2025-08-30T05:48:00,328,64.9,19,0.77068
2025-08-30T05:51:00,327,64.1,20,0.8388
2025-08-30T05:54:00,328,64.4,20,0.83179
2025-08-30T05:57:00,328,64.6,20,0.82711
2025-08-30T06:00:00,327,63.7,20,0.84814
2025-08-30T06:03:00,328,64.1,20,0.8388
2025-08-30T06:06:00,328,63.7,20,0.84814
2025-08-30T06:09:00,328,64,20,0.84113
2025-08-30T06:12:00,328,63.7,20,0.84814
2025-08-30T06:15:00,329,63.6,20,0.85048
2025-08-30T06:18:00,329,64,20,0.84113
2025-08-30T06:21:00,328,64.2,20,0.83646
2025-08-30T06:24:00,329,64.5,20,0.82945
2025-08-30T06:27:00,331,64.2,20,0.83646
2025-08-30T06:30:00,331,63.5,20,0.85281
2025-08-30T06:33:00,331,63.2,20,0.85982
2025-08-30T06:36:00,333,63.6,20,0.85048
2025-08-30T06:39:00,333,63.6,20,0.85048
2025-08-30T06:42:00,333,63.9,20,0.84347
2025-08-30T06:45:00,332,63.6,20,0.85048
2025-08-30T06:48:00,334,64,20,0.84113
2025-08-30T06:51:00,334,63,20,0.8645
2025-08-30T06:54:00,335,62.4,20,0.87852
2025-08-30T06:57:00,334,61.9,20,0.8902
2025-08-30T07:00:00,336,63,20,0.8645
2025-08-30T07:03:00,336,63.6,20,0.85048
2025-08-30T07:06:00,336,63.1,20,0.86216
2025-08-30T07:09:00,338,62.3,20,0.88085
2025-08-30T07:12:00,337,62,20,0.88786
2025-08-30T07:15:00,337,61.9,20,0.8902
2025-08-30T07:18:00,336,62.3,20,0.88085
2025-08-30T07:21:00,336,62.8,20,0.86917
2025-08-30T07:24:00,336,63.6,20,0.85048
2025-08-30T07:27:00,335,63.8,20,0.84581
2025-08-30T07:30:00,334,63.4,20,0.85515
2025-08-30T07:33:00,336,62.6,20,0.87384
2025-08-30T07:36:00,337,63,20,0.8645
2025-08-30T07:39:00,339,63.2,20,0.85982
2025-08-30T07:42:00,341,62.7,20,0.87151
2025-08-30T07:45:00,342,62.7,20,0.87151
2025-08-30T07:48:00,342,62.2,20,0.88319
2025-08-30T07:51:00,342,62.3,20,0.88085
2025-08-30T07:54:00,342,62.4,20,0.87852
2025-08-30T07:57:00,342,63.1,20,0.86216
2025-08-30T08:00:00,339,63.4,20,0.85515
2025-08-30T08:03:00,343,63.1,20,0.86216
2025-08-30T08:06:00,345,63.2,20,0.85982
2025-08-30T08:09:00,344,71.5,19,0.62576
2025-08-30T08:12:00,345,72.6,19,0.60161
2025-08-30T08:15:00,347,72.7,20,0.63786
2025-08-30T08:18:00,348,72.4,20,0.64487
2025-08-30T08:21:00,349,70.5,20,0.68926
2025-08-30T08:24:00,350,69.6,20,0.71029
2025-08-30T08:27:00,352,68.9,20,0.72665
2025-08-30T08:30:00,351,70,20,0.70094
2025-08-30T08:33:00,351,70.3,20,0.69393
2025-08-30T08:36:00,353,71,20,0.67758
2025-08-30T08:39:00,352,71.4,20,0.66823
2025-08-30T08:42:00,352,71.6,20,0.66356
2025-08-30T08:45:00,353,72.2,19,0.61039
2025-08-30T08:48:00,354,72.6,19,0.60161
2025-08-30T08:51:00,354,72.5,19,0.60381
2025-08-30T08:54:00,354,73.8,19,0.57526
2025-08-30T08:57:00,354,74.6,19,0.5577
2025-08-30T09:00:00,355,74.8,19,0.55331
2025-08-30T09:03:00,356,74.5,19,0.55989
2025-08-30T09:06:00,356,74.5,19,0.55989
2025-08-30T09:09:00,361,74.3,20,0.60048
2025-08-30T09:12:00,365,73.2,20,0.62618
2025-08-30T09:15:00,368,74.5,20,0.5958
2025-08-30T09:18:00,374,74.4,20,0.59814
2025-08-30T09:21:00,381,73.9,20,0.60982
2025-08-30T09:24:00,392,72.8,20,0.63552
2025-08-30T09:27:00,400,72.4,20,0.64487
2025-08-30T09:30:00,457,70.7,21,0.72815
2025-08-30T09:33:00,530,70.2,21,0.74058
2025-08-30T09:36:00,556,74.3,19,0.56428
2025-08-30T09:39:00,527,75.7,19,0.53354
2025-08-30T09:42:00,557,76,19,0.52696
2025-08-30T09:45:00,557,75.1,19,0.54672
2025-08-30T09:48:00,556,74.5,20,0.5958
2025-08-30T09:51:00,552,76.2,19,0.52257
2025-08-30T09:54:00,537,74.2,19,0.56648
2025-08-30T09:57:00,510,74.1,20,0.60515
2025-08-30T10:00:00,484,73.3,20,0.62384
2025-08-30T10:03:00,468,73.3,20,0.62384
2025-08-30T10:06:00,465,72.7,20,0.63786
2025-08-30T10:09:00,453,74.7,20,0.59113
2025-08-30T10:12:00,454,74.6,20,0.59347
2025-08-30T10:15:00,452,72.8,20,0.63552
2025-08-30T10:18:00,453,73.1,20,0.62851
2025-08-30T10:21:00,487,72.7,20,0.63786
2025-08-30T10:24:00,471,72.3,20,0.6472
2025-08-30T10:27:00,460,72.6,20,0.6402
2025-08-30T10:30:00,471,72.2,20,0.64954
2025-08-30T10:33:00,476,73,21,0.67099
2025-08-30T10:36:00,476,72.7,21,0.67845
2025-08-30T10:39:00,479,72.4,21,0.6859
2025-08-30T10:42:00,517,72.4,21,0.6859
2025-08-30T10:45:00,515,72.6,21,0.68093
2025-08-30T10:48:00,454,72.9,21,0.67348
2025-08-30T10:51:00,441,71.1,21,0.71821
2025-08-30T10:54:00,441,71.4,21,0.71075
2025-08-30T10:57:00,469,70.8,21,0.72566
2025-08-30T11:00:00,498,71.8,21,0.70081
2025-08-30T11:03:00,517,72.2,21,0.69087
2025-08-30T11:06:00,563,73.9,21,0.64863
2025-08-30T11:09:00,550,72.5,21,0.68342
2025-08-30T11:12:00,557,70.9,21,0.72318
2025-08-30T11:15:00,547,71.4,21,0.71075
2025-08-30T11:18:00,494,70.3,21,0.73809
2025-08-30T11:21:00,552,71.7,21,0.7033
2025-08-30T11:24:00,557,72,21,0.69584
2025-08-30T11:27:00,525,71.4,21,0.71075
2025-08-30T11:30:00,558,72.4,22,0.72921
2025-08-30T11:33:00,498,69,22,0.81903
2025-08-30T11:36:00,486,69.2,22,0.81375
2025-08-30T11:39:00,454,70.2,21,0.74058
2025-08-30T11:42:00,432,71.7,22,0.7477
2025-08-30T11:45:00,398,70.9,22,0.76884
2025-08-30T11:48:00,426,71.8,22,0.74506
2025-08-30T11:51:00,454,70.6,22,0.77676
2025-08-30T11:54:00,520,70.1,22,0.78997
2025-08-30T11:57:00,491,70.5,22,0.7794
2025-08-30T12:00:00,510,70.7,22,0.77412
2025-08-30T12:03:00,500,70,22,0.79261
2025-08-30T12:06:00,458,70,22,0.79261
2025-08-30T12:09:00,472,71.4,22,0.75563
2025-08-30T12:12:00,451,69,22,0.81903
2025-08-30T12:15:00,451,69.8,22,0.7979
2025-08-30T12:18:00,446,69.7,23,0.85069
2025-08-30T12:21:00,443,71.3,22,0.75827
2025-08-30T12:24:00,430,69.3,22,0.81111
2025-08-30T12:27:00,425,70.8,22,0.77148
2025-08-30T12:30:00,401,70,22,0.79261
2025-08-30T12:33:00,395,69.1,22,0.81639
2025-08-30T12:36:00,411,69.8,22,0.7979
2025-08-30T12:39:00,394,71.3,22,0.75827
2025-08-30T12:42:00,429,70.1,22,0.78997
2025-08-30T12:45:00,418,70.8,22,0.77148
2025-08-30T12:48:00,428,70.9,22,0.76884
2025-08-30T12:51:00,427,68.8,23,0.87595
2025-08-30T12:54:00,391,68.6,23,0.88157
2025-08-30T12:57:00,412,68.8,22,0.82432
2025-08-30T13:00:00,423,68.3,22,0.83753
2025-08-30T13:03:00,419,69.3,22,0.81111
2025-08-30T13:06:00,401,70.6,22,0.77676
2025-08-30T13:09:00,416,69.8,22,0.7979
2025-08-30T13:12:00,417,69.6,23,0.85349
2025-08-30T13:15:00,417,68.1,23,0.89561
2025-08-30T13:18:00,409,68.7,22,0.82696
2025-08-30T13:21:00,417,70.2,22,0.78733
2025-08-30T13:24:00,417,70.6,22,0.77676
2025-08-30T13:27:00,417,69.2,23,0.86472
2025-08-30T13:30:00,418,68.5,23,0.88438
2025-08-30T13:33:00,418,68.2,23,0.8928
2025-08-30T13:36:00,415,69,23,0.87034
2025-08-30T13:39:00,412,69.5,23,0.8563
2025-08-30T13:42:00,412,71,23,0.81419
2025-08-30T13:45:00,411,70.9,23,0.817
2025-08-30T13:48:00,412,69.8,23,0.84788
2025-08-30T13:51:00,411,69.3,23,0.86192
2025-08-30T13:54:00,413,69.5,23,0.8563
2025-08-30T13:57:00,413,68.8,23,0.87595
2025-08-30T14:00:00,415,70.5,23,0.82823
2025-08-30T14:03:00,418,70.1,23,0.83946
2025-08-30T14:06:00,417,70.3,23,0.83384
2025-08-30T14:09:00,421,69.4,23,0.85911
2025-08-30T14:12:00,416,69.5,23,0.8563
2025-08-30T14:15:00,409,68.7,23,0.87876
2025-08-30T14:18:00,408,68.4,23,0.88718
2025-08-30T14:21:00,364,69.5,23,0.8563
2025-08-30T14:24:00,414,70.3,23,0.83384
2025-08-30T14:27:00,391,71.2,23,0.80857
2025-08-30T14:30:00,446,68.7,23,0.87876
2025-08-30T14:33:00,440,69.7,23,0.85069
2025-08-30T14:36:00,430,68.6,23,0.88157
2025-08-30T14:39:00,430,70,23,0.84226
2025-08-30T14:42:00,429,69.8,23,0.84788
2025-08-30T14:45:00,431,70.1,23,0.83946
2025-08-30T14:48:00,464,72.2,23,0.7805
2025-08-30T14:51:00,535,69.9,23,0.84507
2025-08-30T14:54:00,536,69.2,23,0.86472
2025-08-30T14:57:00,572,68.9,23,0.87315
2025-08-30T15:00:00,535,70.6,23,0.82542
2025-08-30T15:03:00,528,68.8,23,0.87595
2025-08-30T15:06:00,570,69.5,23,0.8563
2025-08-30T15:09:00,529,67.8,23,0.90403
2025-08-30T15:12:00,542,67.1,23,0.92368
2025-08-30T15:15:00,547,67.8,23,0.90403
2025-08-30T15:18:00,512,66.9,23,0.9293
2025-08-30T15:21:00,438,69.2,23,0.86472
2025-08-30T15:24:00,509,68,23,0.89841
2025-08-30T15:27:00,493,68.8,23,0.87595
2025-08-30T15:30:00,491,68.6,23,0.88157
2025-08-30T15:33:00,498,69.1,23,0.86753
2025-08-30T15:36:00,430,68.4,23,0.88718
2025-08-30T15:39:00,445,68.5,23,0.88438
2025-08-30T15:42:00,469,68.5,23,0.88438
2025-08-30T15:45:00,438,68.3,23,0.88999
2025-08-30T15:48:00,419,69.2,23,0.86472
2025-08-30T15:51:00,434,68.4,23,0.88718
2025-08-30T15:54:00,446,68.1,23,0.89561
2025-08-30T15:57:00,417,67.7,23,0.90684
2025-08-30T16:00:00,405,69.6,23,0.85349
2025-08-30T16:03:00,406,68.6,23,0.88157
2025-08-30T16:06:00,400,70.4,23,0.83103
2025-08-30T16:09:00,398,69.3,23,0.86192
2025-08-30T16:12:00,402,66,23,0.95457
2025-08-30T16:15:00,403,68.3,23,0.88999
2025-08-30T16:18:00,401,66.2,23,0.94895
2025-08-30T16:21:00,402,67.3,23,0.91807
2025-08-30T16:24:00,398,68.8,23,0.87595
2025-08-30T16:27:00,393,68.8,23,0.87595
2025-08-30T16:30:00,391,68.2,23,0.8928
2025-08-30T16:33:00,393,68.9,23,0.87315
2025-08-30T16:36:00,393,68.9,23,0.87315
2025-08-30T16:39:00,394,67.2,23,0.92087
2025-08-30T16:42:00,396,68.8,23,0.87595
2025-08-30T16:45:00,476,68.2,23,0.8928
2025-08-30T16:48:00,482,68.9,23,0.87315
2025-08-30T16:51:00,392,67.1,23,0.92368
2025-08-30T16:54:00,389,68.4,23,0.88718
2025-08-30T16:57:00,389,68.7,23,0.87876
2025-08-30T17:00:00,389,69,23,0.87034
2025-08-30T17:03:00,391,69.5,23,0.8563
2025-08-30T17:06:00,413,69.2,23,0.86472
2025-08-30T17:09:00,387,68.7,23,0.87876
2025-08-30T17:12:00,388,68.4,23,0.88718
2025-08-30T17:15:00,390,68.8,23,0.87595
2025-08-30T17:18:00,431,68.1,23,0.89561
2025-08-30T17:21:00,355,68.9,23,0.87315
2025-08-30T17:24:00,386,68.9,23,0.87315
2025-08-30T17:27:00,369,68.6,23,0.88157
2025-08-30T17:30:00,361,67.7,23,0.90684
2025-08-30T17:33:00,339,70.4,22,0.78205
2025-08-30T17:36:00,361,75.9,22,0.63673
2025-08-30T17:39:00,360,79.6,22,0.53898
2025-08-30T17:42:00,380,80.1,21,0.49455
2025-08-30T17:45:00,382,81.2,21,0.46721
2025-08-30T17:48:00,384,81.8,21,0.4523
2025-08-30T17:51:00,385,81,22,0.50199
2025-08-30T17:54:00,380,82.8,22,0.45443
2025-08-30T17:57:00,376,81.7,22,0.48349
2025-08-30T18:00:00,369,79.4,22,0.54426
2025-08-30T18:03:00,349,78.1,22,0.57861
2025-08-30T18:06:00,343,78.5,21,0.53431
2025-08-30T18:09:00,388,79.3,21,0.51443
2025-08-30T18:12:00,421,79.7,22,0.53634
2025-08-30T18:15:00,377,81.1,22,0.49935
2025-08-30T18:18:00,363,80.7,22,0.50992
2025-08-30T18:21:00,366,81,22,0.50199
2025-08-30T18:24:00,358,80.9,22,0.50463
2025-08-30T18:27:00,342,80.8,22,0.50727
2025-08-30T18:30:00,344,82.9,22,0.45179
2025-08-30T18:33:00,339,81.4,22,0.49142
2025-08-30T18:36:00,339,82.4,22,0.465
2025-08-30T18:39:00,335,82.7,22,0.45707
2025-08-30T18:42:00,332,83.6,22,0.4333
2025-08-30T18:45:00,332,81.2,21,0.46721
2025-08-30T18:48:00,332,79.9,21,0.49952
2025-08-30T18:51:00,331,83,21,0.42248
2025-08-30T18:54:00,331,82.9,21,0.42496
2025-08-30T18:57:00,334,82,21,0.44733
2025-08-30T19:00:00,335,83.2,21,0.41751
2025-08-30T19:03:00,335.5,82.95,21.5,0.43691
2025-08-30T19:06:00,336,82.7,22,0.45707
2025-08-30T19:09:00,336,82.4,21,0.43739
2025-08-30T19:12:00,331,82.9,21,0.42496
2025-08-30T19:15:00,329,82.2,21,0.44236
2025-08-30T19:18:00,328,77.5,20,0.52571
2025-08-30T19:21:00,328,75.6,20,0.5701
2025-08-30T19:24:00,327,76.8,20,0.54206
2025-08-30T19:27:00,325,79.1,20,0.48832
2025-08-30T19:30:00,322,80,20,0.4673
2025-08-30T19:33:00,320,80.6,20,0.45328
2025-08-30T19:36:00,320,81.8,20,0.42524
2025-08-30T19:39:00,320,81.8,20,0.42524
2025-08-30T19:42:00,318,81.7,19,0.40181
2025-08-30T19:45:00,320,83.1,20,0.39487
2025-08-30T19:48:00,320,83.6,20,0.38318
2025-08-30T19:51:00,318,84.7,20,0.35748
2025-08-30T19:54:00,318,83.5,20,0.38552
2025-08-30T19:57:00,318,85,20,0.35047
2025-08-30T20:00:00,319,84.3,20,0.36683
2025-08-30T20:03:00,0,84.6,20,0.35982
2025-08-30T20:06:00,0,85.1,20,0.34814
2025-08-30T20:09:00,0,86.9,20,0.30608
2025-08-30T20:12:00,0,85.9,20,0.32944
2025-08-30T20:15:00,0,85.5,20,0.33879
2025-08-30T20:18:00,0,85,20,0.35047
2025-08-30T20:21:00,0,84.4,20,0.36449
2025-08-30T20:24:00,0,84.9,20,0.35281
2025-08-30T20:27:00,0,84.2,20,0.36916
2025-08-30T20:30:00,0,84.9,20,0.35281
2025-08-30T20:33:00,0,83.1,20,0.39487
2025-08-30T20:36:00,0,81.7,19,0.40181
2025-08-30T20:39:00,0,81.4,19,0.40839
2025-08-30T20:42:00,0,81.4,19,0.40839
2025-08-30T20:45:00,0,81.7,19,0.40181
2025-08-30T20:48:00,0,81.9,19,0.39741
2025-08-30T20:51:00,0,81.8,19,0.39961
2025-08-30T20:54:00,0,82.1,19,0.39302
2025-08-30T20:57:00,0,80.5,19,0.42815
2025-08-30T21:00:00,0,80.2,19,0.43474
2025-08-30T21:03:00,0,81.2,19,0.41278
2025-08-30T21:06:00,0,83,19,0.37326
2025-08-30T21:09:00,0,82.8,19,0.37765
2025-08-30T21:12:00,0,83.3,19,0.36667
2025-08-30T21:15:00,0,82.8,19,0.37765
2025-08-30T21:18:00,0,84.3,19,0.34472
2025-08-30T21:21:00,0,84.3,19,0.34472
2025-08-30T21:24:00,0,83.7,19,0.35789
2025-08-30T21:27:00,0,82.4,19,0.38644
2025-08-30T21:30:00,0,81.2,19,0.41278
2025-08-30T21:33:00,0,80.8,19,0.42157
2025-08-30T21:36:00,0,80.3,19,0.43254
2025-08-30T21:39:00,0,82.3,19,0.38863
2025-08-30T21:42:00,0,82.9,19,0.37546
2025-08-30T21:45:00,0,83.3,19,0.36667
2025-08-30T21:48:00,0,83.9,19,0.3535
2025-08-30T21:51:00,0,85.1,19,0.32715
2025-08-30T21:54:00,0,85.4,19,0.32057
2025-08-30T21:57:00,0,87.6,19,0.27226
2025-08-30T22:00:00,0,88.7,19,0.24811
2025-08-30T22:03:00,0,88,19,0.26348
2025-08-30T22:06:00,0,88.1,19,0.26128
2025-08-30T22:09:00,0,87.6,19,0.27226
2025-08-30T22:12:00,0,88.8,19,0.24591
2025-08-30T22:15:00,0,88.8,19,0.24591
2025-08-30T22:18:00,0,89.1,19,0.23933
2025-08-30T22:21:00,0,88.9,19,0.24372
2025-08-30T22:24:00,0,88.6,19,0.2503
2025-08-30T22:27:00,0,88.7,19,0.24811
2025-08-30T22:30:00,0,88.6,19,0.2503
2025-08-30T22:33:00,0,88.8,19,0.24591
2025-08-30T22:36:00,0,88.9,19,0.24372
2025-08-30T22:39:00,0,89,19,0.24152
2025-08-30T22:42:00,0,89,19,0.24152
2025-08-30T22:45:00,0,89.1,19,0.23933
2025-08-30T22:48:00,0,88.7,19,0.24811
2025-08-30T22:51:00,0,88.6,19,0.2503
2025-08-30T22:54:00,0,88.6,19,0.2503
2025-08-30T22:57:00,0,89.1,19,0.23933
2025-08-30T23:00:00,0,89.3,19,0.23494
2025-08-30T23:03:00,0,88.2,19,0.25909
2025-08-30T23:06:00,0,88.7,19,0.24811
2025-08-30T23:09:00,0,89,19,0.24152
2025-08-30T23:12:00,0,89.3,19,0.23494
2025-08-30T23:15:00,0,88.8,19,0.24591
2025-08-30T23:18:00,0,88.8,19,0.24591
2025-08-30T23:21:00,0,88,18,0.24748
2025-08-30T23:24:00,0,87.4,18,0.25985
2025-08-30T23:27:00,0,87.2,18,0.26398
2025-08-30T23:30:00,0,87.5,18,0.25779
2025-08-30T23:33:00,0,87.7,18,0.25367
2025-08-30T23:36:00,0,87.8,18,0.2516
2025-08-30T23:39:00,0,88,18,0.24748
2025-08-30T23:42:00,0,87.3,18,0.26192
2025-08-30T23:45:00,0,87.8,18,0.2516
2025-08-30T23:48:00,0,88,18,0.24748
2025-08-30T23:51:00,0,87.9,18,0.24954
2025-08-30T23:54:00,0,88.5,18,0.23717
2025-08-30T23:57:00,0,88.4,18,0.23923
2025-08-31T00:00:00,0,88.6,18,0.23511
2025-08-31T00:03:00,0,88.9,18,0.22892
2025-08-31T00:06:00,0,88.8,18,0.23098
2025-08-31T00:09:00,0,88.4,18,0.23923
2025-08-31T00:12:00,0,88.8,18,0.23098
2025-08-31T00:15:00,0,88.4,18,0.23923
2025-08-31T00:18:00,0,88.8,18,0.23098
2025-08-31T00:21:00,0,88.1,18,0.24542
2025-08-31T00:24:00,0,88.2,18,0.24336
2025-08-31T00:27:00,0,88.6,18,0.23511
2025-08-31T00:30:00,0,87.9,18,0.24954
2025-08-31T00:33:00,0,87.7,18,0.25367
2025-08-31T00:36:00,0,88,18,0.24748
2025-08-31T00:39:00,0,87.8,18,0.2516
2025-08-31T00:42:00,0,87.3,18,0.26192
2025-08-31T00:45:00,0,87.8,18,0.2516
2025-08-31T00:48:00,0,88.4,18,0.23923
2025-08-31T00:51:00,0,88.4,18,0.23923
2025-08-31T00:54:00,0,88.4,18,0.23923
2025-08-31T00:57:00,0,88,18,0.24748
2025-08-31T01:00:00,0,87.9,18,0.24954
2025-08-31T01:03:00,0,87.5,18,0.25779
2025-08-31T01:06:00,0,88.2,18,0.24336
2025-08-31T01:09:00,0,87,18,0.2681
2025-08-31T01:12:00,0,85.2,19,0.32496
2025-08-31T01:15:00,0,84.5,19,0.34033
2025-08-31T01:18:00,0,84.5,19,0.34033
2025-08-31T01:21:00,0,85.1,19,0.32715
2025-08-31T01:24:00,0,83.9,19,0.3535
2025-08-31T01:27:00,0,85.2,19,0.32496
2025-08-31T01:30:00,0,81.7,19,0.40181
2025-08-31T01:33:00,0,81.3,19,0.41059
2025-08-31T01:36:00,0,81.8,19,0.39961
2025-08-31T01:39:00,0,81.3,19,0.41059
2025-08-31T01:42:00,0,80.9,19,0.41937
2025-08-31T01:45:00,0,81.1,19,0.41498
2025-08-31T01:48:00,0,79.8,19,0.44352
2025-08-31T01:51:00,0,79.2,19,0.4567
2025-08-31T01:54:00,0,78.9,19,0.46328
2025-08-31T01:57:00,0,80.6,19,0.42596
2025-08-31T02:00:00,0,79.6,19,0.44791
2025-08-31T02:03:00,0,81.8,19,0.39961
2025-08-31T02:06:00,0,80.4,19,0.43035
2025-08-31T02:09:00,0,79.3,19,0.4545
2025-08-31T02:12:00,0,79.8,19,0.44352
2025-08-31T02:15:00,0,81.7,19,0.40181
2025-08-31T02:18:00,0,79.1,19,0.45889
2025-08-31T02:21:00,0,78.6,19,0.46987
2025-08-31T02:24:00,0,77.9,19,0.48524
2025-08-31T02:27:00,0,79.7,19,0.44572
2025-08-31T02:30:00,0,78.5,19,0.47207
2025-08-31T02:33:00,0,77.8,19,0.48744
2025-08-31T02:36:00,0,77.3,19,0.49841
2025-08-31T02:39:00,0,78.6,19,0.46987
2025-08-31T02:42:00,0,79.6,19,0.44791
2025-08-31T02:45:00,0,78.5,19,0.47207
2025-08-31T02:48:00,0,77.5,19,0.49402
2025-08-31T02:51:00,0,80.6,19,0.42596
2025-08-31T02:54:00,0,81.4,19,0.40839
2025-08-31T02:57:00,0,79.7,19,0.44572
2025-08-31T03:00:00,0,78.3,19,0.47646
2025-08-31T03:03:00,0,76.9,19,0.5072
2025-08-31T03:06:00,0,76.6,19,0.51378
2025-08-31T03:09:00,0,81.1,19,0.41498
2025-08-31T03:12:00,0,78.8,19,0.46548
2025-08-31T03:15:00,0,77.9,19,0.48524
2025-08-31T03:18:00,0,76.8,19,0.50939
2025-08-31T03:21:00,0,76.5,19,0.51598
2025-08-31T03:24:00,0,76,19,0.52696
2025-08-31T03:27:00,0,75.7,19,0.53354
2025-08-31T03:30:00,0,75.6,19,0.53574
2025-08-31T03:33:00,0,75,19,0.54891
2025-08-31T03:36:00,0,74.9,19,0.55111
2025-08-31T03:39:00,0,78.9,19,0.46328
2025-08-31T03:42:00,0,78.2,19,0.47865
2025-08-31T03:45:00,0,77,19,0.505
2025-08-31T03:48:00,0,75.8,19,0.53135
2025-08-31T03:51:00,0,75.4,19,0.54013
2025-08-31T03:54:00,0,75,19,0.54891
2025-08-31T03:57:00,0,74.4,19,0.56209
2025-08-31T04:00:00,0,74,19,0.57087
2025-08-31T04:03:00,349,73.6,19,0.57965
2025-08-31T04:06:00,346,73.7,19,0.57746
2025-08-31T04:09:00,343,70.6,20,0.68692
2025-08-31T04:12:00,341,68.8,20,0.72898
2025-08-31T04:15:00,339,69.5,20,0.71263
2025-08-31T04:18:00,336,72.4,20,0.64487
2025-08-31T04:21:00,335,73.1,20,0.62851
2025-08-31T04:24:00,334,73.5,20,0.61917
2025-08-31T04:27:00,334,72.1,20,0.65188
2025-08-31T04:30:00,331,71.7,20,0.66122
2025-08-31T04:33:00,331,72,19,0.61478
2025-08-31T04:36:00,330,72,20,0.65421
2025-08-31T04:39:00,329,72,20,0.65421
2025-08-31T04:42:00,329,70.3,20,0.69393
2025-08-31T04:45:00,330,69.4,20,0.71496
2025-08-31T04:48:00,328,70.1,20,0.69861
2025-08-31T04:51:00,328,71.5,19,0.62576
2025-08-31T04:54:00,328,71.4,19,0.62796
2025-08-31T04:57:00,328,70,20,0.70094
2025-08-31T05:00:00,328,69.3,20,0.7173
2025-08-31T05:03:00,329,69.5,20,0.71263
2025-08-31T05:06:00,328,69.6,20,0.71029
2025-08-31T05:09:00,328,70.1,20,0.69861
2025-08-31T05:12:00,329,70.1,20,0.69861
2025-08-31T05:15:00,328,69.7,20,0.70795
2025-08-31T05:18:00,328,70,20,0.70094
2025-08-31T05:21:00,327,69.9,20,0.70328
2025-08-31T05:24:00,328,69.9,19,0.66089
2025-08-31T05:27:00,327,70.1,19,0.6565
2025-08-31T05:30:00,327,69.9,19,0.66089
2025-08-31T05:33:00,327,69,20,0.72431
2025-08-31T05:36:00,326,69.1,20,0.72197
2025-08-31T05:39:00,326,69.1,19,0.67846
2025-08-31T05:42:00,327,69.8,19,0.66309
2025-08-31T05:45:00,326,69,19,0.68065
2025-08-31T05:48:00,327,68.4,20,0.73833
2025-08-31T05:51:00,326,68.3,19,0.69602
2025-08-31T05:54:00,328,67.7,20,0.75468
2025-08-31T05:57:00,327,67.7,20,0.75468
2025-08-31T06:00:00,326,67.3,20,0.76403
2025-08-31T06:03:00,329,67.4,20,0.76169
2025-08-31T06:06:00,328,67,20,0.77104
2025-08-31T06:09:00,328,67.4,20,0.76169
2025-08-31T06:12:00,328,67.1,20,0.7687
2025-08-31T06:15:00,328,66.2,20,0.78973
2025-08-31T06:18:00,328,65.9,20,0.79674
2025-08-31T06:21:00,330,65.7,20,0.80141
2025-08-31T06:24:00,330,66,20,0.7944
2025-08-31T06:27:00,331,65.7,20,0.80141
2025-08-31T06:30:00,331,66.3,20,0.78739
2025-08-31T06:33:00,331,65.3,20,0.81076
2025-08-31T06:36:00,331,65.3,20,0.81076
2025-08-31T06:39:00,331,65.5,20,0.80609
2025-08-31T06:42:00,331,65.6,20,0.80375
2025-08-31T06:45:00,331,65.5,20,0.80609
2025-08-31T06:48:00,333,65.6,20,0.80375
2025-08-31T06:51:00,333,65.2,20,0.81309
2025-08-31T06:54:00,334,64.7,20,0.82478
2025-08-31T06:57:00,334,64.8,20,0.82244
2025-08-31T07:00:00,333,64.7,20,0.82478
2025-08-31T07:03:00,335,65.3,20,0.81076
2025-08-31T07:06:00,336,65.3,20,0.81076
2025-08-31T07:09:00,337,66,19,0.74652
2025-08-31T07:12:00,337,65.3,20,0.81076
2025-08-31T07:15:00,336,64.6,20,0.82711
2025-08-31T07:18:00,336,64.7,20,0.82478
2025-08-31T07:21:00,338,64.8,20,0.82244
2025-08-31T07:24:00,338,65.2,20,0.81309
2025-08-31T07:27:00,338,64.9,20,0.8201
2025-08-31T07:30:00,338,65.6,20,0.80375
2025-08-31T07:33:00,339,65.3,20,0.81076
2025-08-31T07:36:00,341,65.3,20,0.81076
2025-08-31T07:39:00,342,64.7,20,0.82478
2025-08-31T07:42:00,343,64.1,20,0.8388
2025-08-31T07:45:00,342,64.9,20,0.8201
2025-08-31T07:48:00,345,65.3,20,0.81076
2025-08-31T07:51:00,345,66,20,0.7944
2025-08-31T07:54:00,350,64.3,20,0.83412
2025-08-31T07:57:00,356,64,20,0.84113
2025-08-31T08:00:00,356,64.3,20,0.83412
2025-08-31T08:03:00,356,64.9,20,0.8201
2025-08-31T08:06:00,357,65,21,0.8698
2025-08-31T08:09:00,358,64.4,20,0.83179
2025-08-31T08:12:00,359,63.9,21,0.89714
2025-08-31T08:15:00,358,64.3,21,0.8872
2025-08-31T08:18:00,357,64.2,21,0.88968
2025-08-31T08:21:00,353,64.4,20,0.83179
2025-08-31T08:24:00,352,66.2,19,0.74213
2025-08-31T08:27:00,350,66,20,0.7944
2025-08-31T08:30:00,350,65,20,0.81777
2025-08-31T08:33:00,352,64.6,20,0.82711
2025-08-31T08:36:00,349,73.9,19,0.57307
2025-08-31T08:39:00,350,74.1,20,0.60515
2025-08-31T08:42:00,350,73.5,20,0.61917
2025-08-31T08:45:00,352,76.3,19,0.52037
2025-08-31T08:48:00,356,73.9,20,0.60982
2025-08-31T08:51:00,361,72.6,20,0.6402
2025-08-31T08:54:00,365,73.5,20,0.61917
2025-08-31T08:57:00,370,72.8,20,0.63552
2025-08-31T09:00:00,377,72.3,20,0.6472
2025-08-31T09:03:00,380,72.6,20,0.6402
2025-08-31T09:06:00,384,75.1,19,0.54672
2025-08-31T09:09:00,384,74.2,20,0.60281
2025-08-31T09:12:00,386,73.4,20,0.6215
2025-08-31T09:15:00,381,75.2,19,0.54452
2025-08-31T09:18:00,379,75.5,19,0.53794
2025-08-31T09:21:00,382,75.7,20,0.56776
2025-08-31T09:24:00,385,79.4,18,0.42484
2025-08-31T09:27:00,410,79.8,18,0.41659
2025-08-31T09:30:00,443,80.9,18,0.39391
2025-08-31T09:33:00,557,81.2,18,0.38772
2025-08-31T09:36:00,574,80.4,19,0.43035
2025-08-31T09:39:00,452,81.2,19,0.41278
2025-08-31T09:42:00,430,80.7,19,0.42376
2025-08-31T09:45:00,589,80.5,19,0.42815
2025-08-31T09:48:00,549,81,19,0.41717
2025-08-31T09:51:00,536,80.3,19,0.43254
2025-08-31T09:54:00,530,80,19,0.43913
2025-08-31T09:57:00,535,80,19,0.43913
2025-08-31T10:00:00,505,79.2,19,0.4567
2025-08-31T10:03:00,475,78.9,19,0.46328
2025-08-31T10:06:00,465,78.7,19,0.46768
2025-08-31T10:09:00,461,79.7,19,0.44572
2025-08-31T10:12:00,455,78.5,19,0.47207
2025-08-31T10:15:00,454,78.5,20,0.50234
2025-08-31T10:18:00,452,77.3,20,0.53038
2025-08-31T10:21:00,460,78,20,0.51403
2025-08-31T10:24:00,461,78.2,20,0.50935
2025-08-31T10:27:00,487,78.1,20,0.51169
2025-08-31T10:30:00,509,77.6,20,0.52337
2025-08-31T10:33:00,488,78.2,20,0.50935
2025-08-31T10:36:00,461,77.9,20,0.51636
2025-08-31T10:39:00,501,77.3,20,0.53038
2025-08-31T10:42:00,527,78.7,20,0.49767
2025-08-31T10:45:00,515,77.7,21,0.55419
2025-08-31T10:48:00,450,76.9,20,0.53973
2025-08-31T10:51:00,445,77.2,21,0.56661
2025-08-31T10:54:00,446,76.7,21,0.57904
2025-08-31T10:57:00,523,78.2,21,0.54176
2025-08-31T11:00:00,473,78,21,0.54673
2025-08-31T11:03:00,547,76.9,21,0.57407
2025-08-31T11:06:00,607,78.6,21,0.53182
2025-08-31T11:09:00,557,76.1,21,0.59395
2025-08-31T11:12:00,433,77.5,21,0.55916
2025-08-31T11:15:00,414,76.6,21,0.58153
2025-08-31T11:18:00,506,77,21,0.57159
2025-08-31T11:21:00,550,76.6,21,0.58153
2025-08-31T11:24:00,569,76.8,22,0.61296
2025-08-31T11:27:00,553,76,22,0.63409
2025-08-31T11:30:00,564,76.2,22,0.62881
2025-08-31T11:33:00,490,76.4,22,0.62352
2025-08-31T11:36:00,460,74.9,22,0.66315
2025-08-31T11:39:00,467,75.8,22,0.63938
2025-08-31T11:42:00,490,74.9,22,0.66315
2025-08-31T11:45:00,449,74.2,22,0.68165
2025-08-31T11:48:00,544,75.1,22,0.65787
2025-08-31T11:51:00,532,74.2,22,0.68165
2025-08-31T11:54:00,527,74,22,0.68693
2025-08-31T11:57:00,500,73.9,22,0.68957
2025-08-31T12:00:00,495,74.2,22,0.68165
2025-08-31T12:03:00,487,75,22,0.66051
2025-08-31T12:06:00,472,74.3,22,0.67901
2025-08-31T12:09:00,463,74.7,22,0.66844
2025-08-31T12:12:00,451,74.5,22,0.67372
2025-08-31T12:15:00,439,73.4,22,0.70278
2025-08-31T12:18:00,428,73.8,22,0.69222
2025-08-31T12:21:00,425,73.7,22,0.69486
2025-08-31T12:24:00,419,74.7,22,0.66844
2025-08-31T12:27:00,416,74.1,22,0.68429
2025-08-31T12:30:00,411,72.9,22,0.71599
2025-08-31T12:33:00,410,73.4,22,0.70278
2025-08-31T12:36:00,410,73.1,22,0.71071
2025-08-31T12:39:00,409,73.6,22,0.6975
2025-08-31T12:42:00,410,73.7,22,0.69486
2025-08-31T12:45:00,408,73.8,22,0.69222
2025-08-31T12:48:00,408,74,22,0.68693
2025-08-31T12:51:00,407,72.5,22,0.72656
2025-08-31T12:54:00,408,72.4,22,0.72921
2025-08-31T12:57:00,407,72.8,22,0.71864
2025-08-31T13:00:00,408,73.5,22,0.70014
2025-08-31T13:03:00,407,73.8,23,0.73558
2025-08-31T13:06:00,407,73.5,22,0.70014
2025-08-31T13:09:00,407,73.4,22,0.70278
2025-08-31T13:12:00,405,72.2,22,0.73449
2025-08-31T13:15:00,406,73.9,22,0.68957
2025-08-31T13:18:00,406,73.5,23,0.744
2025-08-31T13:21:00,406,72.4,23,0.77488
2025-08-31T13:24:00,408,73.1,23,0.75523
2025-08-31T13:27:00,407,72.8,23,0.76365
2025-08-31T13:30:00,406,73.1,23,0.75523
2025-08-31T13:33:00,406,72.2,23,0.7805
2025-08-31T13:36:00,405,73.4,23,0.74681
2025-08-31T13:39:00,406,71.9,23,0.78892
2025-08-31T13:42:00,408,72.6,23,0.76927
2025-08-31T13:45:00,405,72.1,23,0.78331
2025-08-31T13:48:00,406,72.5,23,0.77207
2025-08-31T13:51:00,406,72,22,0.73977
2025-08-31T13:54:00,406,72,23,0.78611
2025-08-31T13:57:00,407,70.7,23,0.82261
2025-08-31T14:00:00,407,72.4,23,0.77488
2025-08-31T14:03:00,410,72.3,23,0.77769
2025-08-31T14:06:00,408,72.2,23,0.7805
2025-08-31T14:09:00,410,70.1,23,0.83946
2025-08-31T14:12:00,410,69.9,22,0.79526
2025-08-31T14:15:00,412,69.5,22,0.80582
2025-08-31T14:18:00,416,70.6,23,0.82542
2025-08-31T14:21:00,423,71.4,23,0.80296
2025-08-31T14:24:00,423,72.6,23,0.76927
2025-08-31T14:27:00,435,71.8,23,0.79173
2025-08-31T14:30:00,447,70.6,23,0.82542
2025-08-31T14:33:00,441,71.8,23,0.79173
2025-08-31T14:36:00,418,70.2,23,0.83665
2025-08-31T14:39:00,418,71.1,23,0.81138
2025-08-31T14:42:00,421,70.8,23,0.8198
2025-08-31T14:45:00,422,70.9,23,0.817
2025-08-31T14:48:00,496,70.6,22,0.77676
2025-08-31T14:51:00,507,70.1,22,0.78997
2025-08-31T14:54:00,536,69,22,0.81903
2025-08-31T14:57:00,566,69.8,22,0.7979
2025-08-31T15:00:00,545,69.6,23,0.85349
2025-08-31T15:03:00,553,70.5,22,0.7794
2025-08-31T15:06:00,592,70.1,22,0.78997
2025-08-31T15:09:00,591,69.6,22,0.80318
2025-08-31T15:12:00,539,69.7,23,0.85069
2025-08-31T15:15:00,564,70.5,23,0.82823
2025-08-31T15:18:00,518,69.3,22,0.81111
2025-08-31T15:21:00,452,69.2,22,0.81375
2025-08-31T15:24:00,535,70.1,22,0.78997
2025-08-31T15:27:00,517,70.6,22,0.77676
2025-08-31T15:30:00,494,70.2,23,0.83665
2025-08-31T15:33:00,485,69.2,23,0.86472
2025-08-31T15:36:00,465,68.8,23,0.87595
2025-08-31T15:39:00,463,69.6,23,0.85349
2025-08-31T15:42:00,473,69.6,22,0.80318
2025-08-31T15:45:00,459,72.9,23,0.76084
2025-08-31T15:48:00,426,70.4,23,0.83103
2025-08-31T15:51:00,412,70.5,23,0.82823
2025-08-31T15:54:00,430,70.5,23,0.82823
2025-08-31T15:57:00,432,69.9,23,0.84507
2025-08-31T16:00:00,402,71.8,23,0.79173
2025-08-31T16:03:00,402,71.7,23,0.79454
2025-08-31T16:06:00,400,71.3,23,0.80577
2025-08-31T16:09:00,398,70,23,0.84226
2025-08-31T16:12:00,396,71.6,23,0.79734
2025-08-31T16:15:00,397,70.4,23,0.83103
2025-08-31T16:18:00,391,70.3,23,0.83384
2025-08-31T16:21:00,390,72.7,23,0.76646
2025-08-31T16:24:00,387,70.9,23,0.817
2025-08-31T16:27:00,387,71.1,22,0.76355
2025-08-31T16:30:00,384,72.4,23,0.77488
2025-08-31T16:33:00,383,69.4,23,0.85911
2025-08-31T16:36:00,387,71.4,22,0.75563
2025-08-31T16:39:00,386,71.2,23,0.80857
2025-08-31T16:42:00,405,71.5,23,0.80015
2025-08-31T16:45:00,487,70.9,23,0.817
2025-08-31T16:48:00,509,70.2,23,0.83665
2025-08-31T16:51:00,425,71.7,23,0.79454
2025-08-31T16:54:00,383,70.7,23,0.82261
2025-08-31T16:57:00,380,71.1,23,0.81138
2025-08-31T17:00:00,378,69.9,23,0.84507
2025-08-31T17:03:00,377,71,23,0.81419
2025-08-31T17:06:00,400,70.8,23,0.8198
2025-08-31T17:09:00,373,70.8,23,0.8198
2025-08-31T17:12:00,375,69.1,23,0.86753
2025-08-31T17:15:00,375,69,23,0.87034
2025-08-31T17:18:00,444,69.1,23,0.86753
2025-08-31T17:21:00,369,69.9,23,0.84507
2025-08-31T17:24:00,366,70.6,23,0.82542
2025-08-31T17:27:00,363,70.9,22,0.76884
2025-08-31T17:30:00,359,68.9,23,0.87315
2025-08-31T17:33:00,358,70.1,23,0.83946
2025-08-31T17:36:00,358,69.9,22,0.79526
2025-08-31T17:39:00,355,69.9,23,0.84507
2025-08-31T17:42:00,355,71.9,23,0.78892
2025-08-31T17:45:00,354,71.6,23,0.79734
2025-08-31T17:48:00,355,72.5,22,0.72656
2025-08-31T17:51:00,354,71.3,22,0.75827
2025-08-31T17:54:00,353,73.7,22,0.69486
2025-08-31T17:57:00,352,72.3,22,0.73185
2025-08-31T18:00:00,353,72.3,22,0.73185
2025-08-31T18:03:00,355,72.7,23,0.76646
2025-08-31T18:06:00,355,71.8,23,0.79173
2025-08-31T18:09:00,352,71.6,22,0.75034
2025-08-31T18:12:00,350,71.1,22,0.76355
2025-08-31T18:15:00,350,71.5,22,0.75298
2025-08-31T18:18:00,343,71.3,22,0.75827
2025-08-31T18:21:00,342,72.3,22,0.73185
2025-08-31T18:24:00,339,72.2,22,0.73449
2025-08-31T18:27:00,339,72.1,22,0.73713
2025-08-31T18:30:00,337,71.2,22,0.76091
2025-08-31T18:33:00,336,74.3,22,0.67901
2025-08-31T18:36:00,334,74.3,22,0.67901
2025-08-31T18:39:00,333,74.4,22,0.67636
2025-08-31T18:42:00,332,72.9,22,0.71599
2025-08-31T18:45:00,332,73.8,22,0.69222
2025-08-31T18:48:00,331,74.4,22,0.67636
2025-08-31T18:51:00,330,76.3,22,0.62617
2025-08-31T18:54:00,331,74.6,22,0.67108
2025-08-31T18:57:00,329,74.9,21,0.62377
2025-08-31T19:00:00,328,74.6,21,0.63123
2025-08-31T19:03:00,328,77.2,21,0.56661
2025-08-31T19:06:00,327,75.9,21,0.59892
2025-08-31T19:09:00,326,75.9,21,0.59892
2025-08-31T19:12:00,324,77.4,21,0.56164
2025-08-31T19:15:00,326,76.8,21,0.57656
2025-08-31T19:18:00,325,76.3,21,0.58898
2025-08-31T19:21:00,325,75.3,21,0.61383
2025-08-31T19:24:00,323,76.2,21,0.59147
2025-08-31T19:27:00,323,77.1,21,0.5691
2025-08-31T19:30:00,323,77.9,21,0.54922
2025-08-31T19:33:00,323,78.7,21,0.52934
2025-08-31T19:36:00,323,76.9,21,0.57407
2025-08-31T19:39:00,322,77.7,21,0.55419
2025-08-31T19:42:00,321,78.2,21,0.54176
2025-08-31T19:45:00,322,77.5,21,0.55916
2025-08-31T19:48:00,320,78.1,21,0.54425
2025-08-31T19:51:00,320,79.2,21,0.51691
2025-08-31T19:54:00,321,78.6,21,0.53182
2025-08-31T19:57:00,319,78.2,21,0.54176
2025-08-31T20:00:00,320,79.5,21,0.50946
2025-08-31T20:03:00,0,79.9,20,0.46963
2025-08-31T20:06:00,0,80.7,20,0.45094
2025-08-31T20:09:00,0,81,20,0.44393
2025-08-31T20:12:00,0,80.3,20,0.46029
2025-08-31T20:15:00,0,81.1,20,0.44159
2025-08-31T20:18:00,0,81.6,20,0.42991
2025-08-31T20:21:00,0,81.2,20,0.43926
2025-08-31T20:24:00,0,81.4,20,0.43459
2025-08-31T20:27:00,0,81.6,20,0.42991
2025-08-31T20:30:00,0,81.7,20,0.42758
2025-08-31T20:33:00,0,82.1,20,0.41823
2025-08-31T20:36:00,0,81.8,20,0.42524
2025-08-31T20:39:00,0,81.8,20,0.42524
2025-08-31T20:42:00,0,82.3,20,0.41356
2025-08-31T20:45:00,0,81.6,19,0.404
2025-08-31T20:48:00,0,82.2,19,0.39083
2025-08-31T20:51:00,0,82.4,19,0.38644
2025-08-31T20:54:00,0,82.4,19,0.38644
2025-08-31T20:57:00,0,81.2,19,0.41278
2025-08-31T21:00:00,0,81.3,19,0.41059
2025-08-31T21:03:00,0,81.4,19,0.40839
2025-08-31T21:06:00,0,82.1,19,0.39302
2025-08-31T21:09:00,0,83.5,19,0.36228
2025-08-31T21:12:00,0,82.6,19,0.38204
2025-08-31T21:15:00,0,82.7,19,0.37985
2025-08-31T21:18:00,0,82.2,19,0.39083
2025-08-31T21:21:00,0,81.8,19,0.39961
2025-08-31T21:24:00,0,82.2,19,0.39083
2025-08-31T21:27:00,0,82.6,19,0.38204
2025-08-31T21:30:00,0,82.3,19,0.38863
2025-08-31T21:33:00,0,82.5,19,0.38424
2025-08-31T21:36:00,0,81.8,19,0.39961
2025-08-31T21:39:00,0,81.9,19,0.39741
2025-08-31T21:42:00,0,81.7,19,0.40181
2025-08-31T21:45:00,0,82.3,19,0.38863
2025-08-31T21:48:00,0,82.5,19,0.38424
2025-08-31T21:51:00,0,82.3,19,0.38863
2025-08-31T21:54:00,0,82.1,19,0.39302
2025-08-31T21:57:00,0,81.8,19,0.39961
2025-08-31T22:00:00,0,82.2,19,0.39083
2025-08-31T22:03:00,0,82,18,0.37122
2025-08-31T22:06:00,0,82.1,18,0.36916
2025-08-31T22:09:00,0,82.2,18,0.3671
2025-08-31T22:12:00,0,82.8,18,0.35472
2025-08-31T22:15:00,0,82.5,18,0.36091
2025-08-31T22:18:00,0,82.2,18,0.3671
2025-08-31T22:21:00,0,82.2,18,0.3671
2025-08-31T22:24:00,0,82.2,18,0.3671
2025-08-31T22:27:00,0,81.9,18,0.37328
2025-08-31T22:30:00,0,81.7,18,0.37741
2025-08-31T22:33:00,0,82.2,18,0.3671
2025-08-31T22:36:00,0,82.2,18,0.3671
2025-08-31T22:39:00,0,82.2,18,0.3671
2025-08-31T22:42:00,0,82.2,18,0.3671
2025-08-31T22:45:00,0,82.7,18,0.35678
2025-08-31T22:48:00,0,81.8,18,0.37534
2025-08-31T22:51:00,0,82.2,18,0.3671
2025-08-31T22:54:00,0,82.4,18,0.36297
2025-08-31T22:57:00,0,81.8,18,0.37534
2025-08-31T23:00:00,0,82.9,18,0.35266
2025-08-31T23:03:00,0,82.8,18,0.35472
2025-08-31T23:06:00,0,82.7,18,0.35678
2025-08-31T23:09:00,0,82.1,18,0.36916
2025-08-31T23:12:00,0,80.5,18,0.40215
2025-08-31T23:15:00,0,80.4,18,0.40422
2025-08-31T23:18:00,0,80.5,19,0.42815
2025-08-31T23:21:00,0,81.1,19,0.41498
2025-08-31T23:24:00,0,81.2,19,0.41278
2025-08-31T23:27:00,0,81.6,19,0.404
2025-08-31T23:30:00,0,80,19,0.43913
2025-08-31T23:33:00,0,78.3,19,0.47646
2025-08-31T23:36:00,0,79.2,19,0.4567
2025-08-31T23:39:00,0,79.7,19,0.44572
2025-08-31T23:42:00,0,80.4,19,0.43035
2025-08-31T23:45:00,0,80.4,19,0.43035
2025-08-31T23:48:00,0,80.3,19,0.43254
2025-08-31T23:51:00,0,78.7,19,0.46768
2025-08-31T23:54:00,0,80,19,0.43913
2025-08-31T23:57:00,0,78.8,19,0.46548
2025-09-01T00:00:00,0,81.1,19,0.41498
2025-09-01T00:03:00,0,81,19,0.41717
2025-09-01T00:06:00,0,80.8,19,0.42157
2025-09-01T00:09:00,0,80.8,19,0.42157
2025-09-01T00:12:00,0,77.4,19,0.49622
2025-09-01T00:15:00,0,75.9,19,0.52915
2025-09-01T00:18:00,0,77.4,19,0.49622
2025-09-01T00:21:00,0,79.7,19,0.44572
2025-09-01T00:24:00,0,79.4,19,0.45231
2025-09-01T00:27:00,0,79.3,19,0.4545
2025-09-01T00:30:00,0,76.1,19,0.52476
2025-09-01T00:33:00,0,74.2,19,0.56648
2025-09-01T00:36:00,0,76.2,19,0.52257
2025-09-01T00:39:00,0,76.1,19,0.52476
2025-09-01T00:42:00,0,78.4,19,0.47426
2025-09-01T00:45:00,0,78.2,19,0.47865
2025-09-01T00:48:00,0,78.7,19,0.46768
2025-09-01T00:51:00,0,76.1,19,0.52476
2025-09-01T00:54:00,0,76.8,19,0.50939
2025-09-01T00:57:00,0,74,19,0.57087
2025-09-01T01:00:00,0,74.4,19,0.56209
2025-09-01T01:03:00,0,77.3,19,0.49841
2025-09-01T01:06:00,0,74.4,19,0.56209
2025-09-01T01:09:00,0,72.2,19,0.61039
2025-09-01T01:12:00,0,73.1,19,0.59063
2025-09-01T01:15:00,0,73.2,19,0.58844
2025-09-01T01:18:00,0,75.9,19,0.52915
2025-09-01T01:21:00,0,76.4,19,0.51818
2025-09-01T01:24:00,0,74.6,19,0.5577
2025-09-01T01:27:00,0,72.6,19,0.60161
2025-09-01T01:30:00,0,74.1,19,0.56868
2025-09-01T01:33:00,0,74,19,0.57087
2025-09-01T01:36:00,0,75.2,19,0.54452
2025-09-01T01:39:00,0,72.3,19,0.6082
2025-09-01T01:42:00,0,71.7,19,0.62137
2025-09-01T01:45:00,0,74,19,0.57087
2025-09-01T01:48:00,0,73.3,19,0.58624
2025-09-01T01:51:00,0,73.6,19,0.57965
2025-09-01T01:54:00,0,72.2,19,0.61039
2025-09-01T01:57:00,0,74.1,19,0.56868
2025-09-01T02:00:00,0,76.4,19,0.51818
2025-09-01T02:03:00,0,73.7,19,0.57746
2025-09-01T02:06:00,0,72.3,19,0.6082
2025-09-01T02:09:00,0,71.1,19,0.63455
2025-09-01T02:12:00,0,73.6,19,0.57965
2025-09-01T02:15:00,0,73.4,19,0.58404
2025-09-01T02:18:00,0,72.5,19,0.60381
2025-09-01T02:21:00,0,73.2,19,0.58844
2025-09-01T02:24:00,0,77.1,19,0.50281
2025-09-01T02:27:00,0,75.4,19,0.54013
2025-09-01T02:30:00,0,73.8,19,0.57526
2025-09-01T02:33:00,0,73,19,0.59283
2025-09-01T02:36:00,0,72.5,19,0.60381
2025-09-01T02:39:00,0,72.1,19,0.61259
2025-09-01T02:42:00,0,74,19,0.57087
2025-09-01T02:45:00,0,73.1,19,0.59063
2025-09-01T02:48:00,0,72.6,19,0.60161
2025-09-01T02:51:00,0,72.1,19,0.61259
2025-09-01T02:54:00,0,71.8,19,0.61918
2025-09-01T02:57:00,0,71.2,19,0.63235
2025-09-01T03:00:00,0,71.1,19,0.63455
2025-09-01T03:03:00,0,70.9,19,0.63894
2025-09-01T03:06:00,0,70.7,19,0.64333
2025-09-01T03:09:00,0,70.6,19,0.64552
2025-09-01T03:12:00,0,70.1,19,0.6565
2025-09-01T03:15:00,0,70.4,19,0.64991
2025-09-01T03:18:00,0,70.3,19,0.65211
2025-09-01T03:21:00,0,70,19,0.6587
2025-09-01T03:24:00,0,70.1,19,0.6565
2025-09-01T03:27:00,0,69.9,19,0.66089
2025-09-01T03:30:00,0,69.8,19,0.66309
2025-09-01T03:33:00,0,69.8,19,0.66309
2025-09-01T03:36:00,0,69.6,19,0.66748
2025-09-01T03:39:00,0,69.8,19,0.66309
2025-09-01T03:42:00,0,70,19,0.6587
2025-09-01T03:45:00,0,70.2,19,0.65431
2025-09-01T03:48:00,0,70.2,19,0.65431
2025-09-01T03:51:00,0,70.7,19,0.64333
2025-09-01T03:54:00,0,70.5,19,0.64772
2025-09-01T03:57:00,0,70.6,19,0.64552
2025-09-01T04:00:00,0,70.7,19,0.64333
2025-09-01T04:03:00,348,70.4,19,0.64991
2025-09-01T04:06:00,345,69.3,19,0.67407
2025-09-01T04:09:00,342,68.4,19,0.69383
2025-09-01T04:12:00,340,68.6,20,0.73365
2025-09-01T04:15:00,338,70.3,20,0.69393
2025-09-01T04:18:00,336,71,19,0.63674
2025-09-01T04:21:00,334,70.7,20,0.68459
2025-09-01T04:24:00,334,67.9,20,0.75001
2025-09-01T04:27:00,334,67.1,20,0.7687
2025-09-01T04:30:00,333,65.6,20,0.80375
2025-09-01T04:33:00,331,66.3,20,0.78739
2025-09-01T04:36:00,331,66.5,20,0.78272
2025-09-01T04:39:00,331,66.5,20,0.78272
2025-09-01T04:42:00,330,66.8,20,0.77571
2025-09-01T04:45:00,330,67.1,20,0.7687
2025-09-01T04:48:00,329,66.4,20,0.78506
2025-09-01T04:51:00,328,66,20,0.7944
2025-09-01T04:54:00,330,66.6,19,0.73335
2025-09-01T04:57:00,329,66.8,20,0.77571
2025-09-01T05:00:00,327,65.9,20,0.79674
2025-09-01T05:03:00,328,65.9,20,0.79674
2025-09-01T05:06:00,328,65.9,20,0.79674
2025-09-01T05:09:00,328,65.7,20,0.80141
2025-09-01T05:12:00,328,65.7,20,0.80141
2025-09-01T05:15:00,328,66.4,19,0.73774
2025-09-01T05:18:00,328,66.2,20,0.78973
2025-09-01T05:21:00,326,65.9,19,0.74872
2025-09-01T05:24:00,326,66.2,19,0.74213
2025-09-01T05:27:00,327,66.3,20,0.78739
2025-09-01T05:30:00,328,65.5,20,0.80609
2025-09-01T05:33:00,328,66.2,20,0.78973
2025-09-01T05:36:00,328,66.2,19,0.74213
2025-09-01T05:39:00,326,66.6,19,0.73335
2025-09-01T05:42:00,327,66.2,20,0.78973
2025-09-01T05:45:00,327,66,20,0.7944
2025-09-01T05:48:00,327,66.1,20,0.79207
2025-09-01T05:51:00,327,66.6,19,0.73335
2025-09-01T05:54:00,327,66.2,19,0.74213
2025-09-01T05:57:00,327,66,20,0.7944
2025-09-01T06:00:00,327,66,19,0.74652
2025-09-01T06:03:00,326,66.3,19,0.73994
2025-09-01T06:06:00,328,66,19,0.74652
2025-09-01T06:09:00,327,65.9,19,0.74872
2025-09-01T06:12:00,327,66.2,19,0.74213
2025-09-01T06:15:00,326,65.7,20,0.80141
2025-09-01T06:18:00,328,65.5,20,0.80609
2025-09-01T06:21:00,329,65.2,20,0.81309
2025-09-01T06:24:00,328,65.5,19,0.7575
2025-09-01T06:27:00,327,65.6,19,0.75531
2025-09-01T06:30:00,330,65.1,19,0.76628
2025-09-01T06:33:00,329,65.3,20,0.81076
2025-09-01T06:36:00,329,65.2,20,0.81309
2025-09-01T06:39:00,329,66.3,19,0.73994
2025-09-01T06:42:00,331,65.7,19,0.75311
2025-09-01T06:45:00,331,65.5,20,0.80609
2025-09-01T06:48:00,331,65.6,20,0.80375
2025-09-01T06:51:00,334,66.3,19,0.73994
2025-09-01T06:54:00,332,66.3,19,0.73994
2025-09-01T06:57:00,334,66.1,20,0.79207
2025-09-01T07:00:00,334,66.8,19,0.72896
2025-09-01T07:03:00,334,66.4,20,0.78506
2025-09-01T07:06:00,334,67.3,19,0.71798
2025-09-01T07:09:00,335,67,19,0.72457
2025-09-01T07:12:00,336,66.8,20,0.77571
2025-09-01T07:15:00,337,66.6,20,0.78038
2025-09-01T07:18:00,339,66.8,20,0.77571
2025-09-01T07:21:00,339,67.4,19,0.71578
2025-09-01T07:24:00,339,67.7,19,0.7092
2025-09-01T07:27:00,341,67.8,19,0.707
2025-09-01T07:30:00,341,68.1,19,0.70041
2025-09-01T07:33:00,342,68.1,19,0.70041
2025-09-01T07:36:00,345,67.3,20,0.76403
2025-09-01T07:39:00,345,67.4,20,0.76169
2025-09-01T07:42:00,346,67,20,0.77104
2025-09-01T07:45:00,347,67.1,20,0.7687
2025-09-01T07:48:00,347,67.4,20,0.76169
2025-09-01T07:51:00,347,67,20,0.77104
2025-09-01T07:54:00,349,66.9,20,0.77337
2025-09-01T07:57:00,349,68,19,0.70261
2025-09-01T08:00:00,350,67.7,20,0.75468
2025-09-01T08:03:00,352,67.9,20,0.75001
2025-09-01T08:06:00,353,69.1,20,0.72197
2025-09-01T08:09:00,354,68.7,20,0.73132
2025-09-01T08:12:00,357,68.7,20,0.73132
2025-09-01T08:15:00,356,69.5,20,0.71263
2025-09-01T08:18:00,357,69.1,20,0.72197
2025-09-01T08:21:00,358,69,20,0.72431
2025-09-01T08:24:00,361,69.9,20,0.70328
2025-09-01T08:27:00,368,69.9,20,0.70328
2025-09-01T08:30:00,362,70.6,20,0.68692
2025-09-01T08:33:00,364,70.8,19,0.64113
2025-09-01T08:36:00,356,70.3,20,0.69393
2025-09-01T08:39:00,350,70.5,20,0.68926
2025-09-01T08:42:00,345,71,20,0.67758
2025-09-01T08:45:00,346,71,20,0.67758
2025-09-01T08:48:00,345,72,20,0.65421
2025-09-01T08:51:00,345,72.2,20,0.64954
2025-09-01T08:54:00,344,72.1,20,0.65188
2025-09-01T08:57:00,344,71.4,20,0.66823
2025-09-01T09:00:00,345,71,20,0.67758
2025-09-01T09:03:00,346,70.9,20,0.67992
2025-09-01T09:06:00,347,71,20,0.67758
2025-09-01T09:09:00,348,71.2,20,0.67291
2025-09-01T09:12:00,350,71.4,21,0.71075
2025-09-01T09:15:00,345,71.5,20,0.6659
2025-09-01T09:18:00,346,70.4,21,0.73561
2025-09-01T09:21:00,345,70,21,0.74555
2025-09-01T09:24:00,349,70.5,20,0.68926
2025-09-01T09:27:00,347,71.1,20,0.67524
2025-09-01T09:30:00,348,71.6,20,0.66356
2025-09-01T09:33:00,345,71.9,20,0.65655
2025-09-01T09:36:00,342,71.8,20,0.65889
2025-09-01T09:39:00,343,71.4,20,0.66823
2025-09-01T09:42:00,346,71,20,0.67758
2025-09-01T09:45:00,347,71.1,20,0.67524
2025-09-01T09:48:00,347,71.1,20,0.67524
2025-09-01T09:51:00,345,71.6,20,0.66356
2025-09-01T09:54:00,345,71.6,20,0.66356
2025-09-01T09:57:00,345,71,20,0.67758
2025-09-01T10:00:00,345,71.8,20,0.65889
2025-09-01T10:03:00,345,71.8,20,0.65889
2025-09-01T10:06:00,346,71.8,20,0.65889
2025-09-01T10:09:00,348,74.2,20,0.60281
2025-09-01T10:12:00,343,72.3,20,0.6472
2025-09-01T10:15:00,344,71.6,20,0.66356
2025-09-01T10:18:00,341,71.7,20,0.66122
2025-09-01T10:21:00,341,74.5,19,0.55989
2025-09-01T10:24:00,342,72.8,20,0.63552
2025-09-01T10:27:00,346,72.1,20,0.65188
2025-09-01T10:30:00,346,74.4,19,0.56209
2025-09-01T10:33:00,346,73.1,20,0.62851
2025-09-01T10:36:00,343,71.9,20,0.65655
2025-09-01T10:39:00,342,76.7,19,0.51159
2025-09-01T10:42:00,342,79.8,19,0.44352
2025-09-01T10:45:00,345,77.7,20,0.52103
2025-09-01T10:48:00,349,76.9,20,0.53973
2025-09-01T10:51:00,350,78.9,19,0.46328
2025-09-01T10:54:00,349,76.8,20,0.54206
2025-09-01T10:57:00,347,75.8,20,0.56543
2025-09-01T11:00:00,349,77.2,19,0.50061
2025-09-01T11:03:00,351,75.6,20,0.5701
2025-09-01T11:06:00,350,75.3,20,0.57711
2025-09-01T11:09:00,347,76.8,19,0.50939
2025-09-01T11:12:00,347,76.4,19,0.51818
2025-09-01T11:15:00,347,75.9,20,0.56309
2025-09-01T11:18:00,347,76.2,20,0.55608
2025-09-01T11:21:00,348,76.4,20,0.55141
2025-09-01T11:24:00,348,75.6,20,0.5701
2025-09-01T11:27:00,348,75.7,20,0.56776
2025-09-01T11:30:00,358,75.3,20,0.57711
2025-09-01T11:33:00,357,74.7,20,0.59113
2025-09-01T11:36:00,360,74.5,20,0.5958
2025-09-01T11:39:00,361,76.1,20,0.55842
2025-09-01T11:42:00,356,75.3,20,0.57711
2025-09-01T11:45:00,361,75.3,20,0.57711
2025-09-01T11:48:00,361,75.3,20,0.57711
2025-09-01T11:51:00,361,74.2,20,0.60281
2025-09-01T11:54:00,368,74.9,20,0.58646
2025-09-01T11:57:00,373,74.6,20,0.59347
2025-09-01T12:00:00,377,73.8,20,0.61216
2025-09-01T12:03:00,381,74.2,20,0.60281
2025-09-01T12:06:00,372,79.7,19,0.44572
2025-09-01T12:09:00,372,78.3,20,0.50702
2025-09-01T12:12:00,381,76.5,20,0.54907
2025-09-01T12:15:00,383,78.7,19,0.46768
2025-09-01T12:18:00,379,81.6,18,0.37947
2025-09-01T12:21:00,378,79.7,19,0.44572
2025-09-01T12:24:00,376,78.3,19,0.47646
2025-09-01T12:27:00,375,80.7,18,0.39803
2025-09-01T12:30:00,372,79.5,19,0.45011
2025-09-01T12:33:00,394,76.5,20,0.54907
2025-09-01T12:36:00,391,80,19,0.43913
2025-09-01T12:39:00,376,80.8,18,0.39597
2025-09-01T12:42:00,378,80,19,0.43913
2025-09-01T12:45:00,386,77,20,0.53739
2025-09-01T12:48:00,386,80.8,18,0.39597
2025-09-01T12:51:00,380,82.3,18,0.36503
2025-09-01T12:54:00,375,79.6,19,0.44791
2025-09-01T12:57:00,372,80.1,19,0.43694
2025-09-01T13:00:00,377,80.8,18,0.39597
2025-09-01T13:03:00,381,80.3,19,0.43254
2025-09-01T13:06:00,394,78.7,19,0.46768
2025-09-01T13:09:00,393,82.2,18,0.3671
2025-09-01T13:12:00,388,83.3,18,0.34441
2025-09-01T13:15:00,413,82.2,18,0.3671
2025-09-01T13:18:00,399,83.1,18,0.34853
2025-09-01T13:21:00,411,82.1,18,0.36916
2025-09-01T13:24:00,405,82.5,18,0.36091
2025-09-01T13:27:00,402,82.4,18,0.36297
2025-09-01T13:30:00,399,82.9,19,0.37546
2025-09-01T13:33:00,411,82.1,19,0.39302
2025-09-01T13:36:00,428,82.2,19,0.39083
2025-09-01T13:39:00,391,81.2,19,0.41278
2025-09-01T13:42:00,413,82,19,0.39522
2025-09-01T13:45:00,423,81.3,19,0.41059
2025-09-01T13:48:00,423,81.1,19,0.41498
2025-09-01T13:51:00,414,81.4,19,0.40839
2025-09-01T13:54:00,414,80.6,19,0.42596
2025-09-01T13:57:00,393,81.1,19,0.41498
2025-09-01T14:00:00,413,81.1,19,0.41498
2025-09-01T14:03:00,420,80.7,19,0.42376
2025-09-01T14:06:00,422,81.2,19,0.41278
2025-09-01T14:09:00,415,80.6,19,0.42596
2025-09-01T14:12:00,420,80.2,20,0.46262
2025-09-01T14:15:00,416,80.4,20,0.45795
2025-09-01T14:18:00,394,81.1,19,0.41498
2025-09-01T14:21:00,427,81,19,0.41717
2025-09-01T14:24:00,415,81.3,19,0.41059
2025-09-01T14:27:00,407,80.9,19,0.41937
2025-09-01T14:30:00,431,79.4,20,0.48131
2025-09-01T14:33:00,426,79.7,20,0.47431
2025-09-01T14:36:00,419,79.3,20,0.48365
2025-09-01T14:39:00,420,79.9,19,0.44133
2025-09-01T14:42:00,419,80.3,20,0.46029
2025-09-01T14:45:00,421,79.6,20,0.47664
2025-09-01T14:48:00,446,79.6,20,0.47664
2025-09-01T14:51:00,446,79.9,20,0.46963
2025-09-01T14:54:00,434,80,20,0.4673
2025-09-01T14:57:00,389,79.8,20,0.47197
2025-09-01T15:00:00,369,80.5,20,0.45561
2025-09-01T15:03:00,368,79.8,19,0.44352
2025-09-01T15:06:00,378,80.2,19,0.43474
2025-09-01T15:09:00,370,80.4,19,0.43035
2025-09-01T15:12:00,356,80.4,19,0.43035
2025-09-01T15:15:00,353,80.2,19,0.43474
2025-09-01T15:18:00,361,80.5,19,0.42815
2025-09-01T15:21:00,371,80.5,19,0.42815
2025-09-01T15:24:00,389,80.6,19,0.42596
2025-09-01T15:27:00,441,80.5,19,0.42815
2025-09-01T15:30:00,406,80.7,19,0.42376
2025-09-01T15:33:00,425,81.4,19,0.40839
2025-09-01T15:36:00,425,80.1,19,0.43694
2025-09-01T15:39:00,419,79.9,19,0.44133
2025-09-01T15:42:00,386,80,20,0.4673
2025-09-01T15:45:00,379,80.1,19,0.43694
2025-09-01T15:48:00,375,80.2,19,0.43474
2025-09-01T15:51:00,383,80.6,19,0.42596
2025-09-01T15:54:00,415,81.1,19,0.41498
2025-09-01T15:57:00,410,81.1,19,0.41498
2025-09-01T16:00:00,415,79.7,20,0.47431
2025-09-01T16:03:00,416,79.6,20,0.47664
2025-09-01T16:06:00,416,80,20,0.4673
2025-09-01T16:09:00,418,79.3,20,0.48365
2025-09-01T16:12:00,402,79.1,20,0.48832
2025-09-01T16:15:00,390,79.4,20,0.48131
2025-09-01T16:18:00,366,78.9,20,0.493
2025-09-01T16:21:00,354,78.7,20,0.49767
2025-09-01T16:24:00,350,79.4,20,0.48131
2025-09-01T16:27:00,348,79.3,19,0.4545
2025-09-01T16:30:00,350,79.1,19,0.45889
2025-09-01T16:33:00,353,79.3,19,0.4545
2025-09-01T16:36:00,349,78.8,19,0.46548
2025-09-01T16:39:00,350,78.8,19,0.46548
2025-09-01T16:42:00,368,79.1,19,0.45889
2025-09-01T16:45:00,372,79.1,19,0.45889
2025-09-01T16:48:00,389,78.2,19,0.47865
2025-09-01T16:51:00,358,78.9,19,0.46328
2025-09-01T16:54:00,370,78.4,19,0.47426
2025-09-01T16:57:00,378,78.8,19,0.46548
2025-09-01T17:00:00,361,79,19,0.46109
2025-09-01T17:03:00,350,79.5,19,0.45011
2025-09-01T17:06:00,350,78.6,19,0.46987
2025-09-01T17:09:00,341,78.7,19,0.46768
2025-09-01T17:12:00,350,79.3,19,0.4545
2025-09-01T17:15:00,367,79.7,19,0.44572
2025-09-01T17:18:00,370,79.3,19,0.4545
2025-09-01T17:21:00,366,79.9,19,0.44133
2025-09-01T17:24:00,367,78.8,19,0.46548
2025-09-01T17:27:00,364,78.9,19,0.46328
2025-09-01T17:30:00,353,78.9,19,0.46328
2025-09-01T17:33:00,350,78.8,19,0.46548
2025-09-01T17:36:00,346,79.1,19,0.45889
2025-09-01T17:39:00,345,79.3,19,0.4545
2025-09-01T17:42:00,345,79.4,18,0.42484
2025-09-01T17:45:00,351,80.4,18,0.40422
2025-09-01T17:48:00,350,79.7,19,0.44572
2025-09-01T17:51:00,359,80,19,0.43913
2025-09-01T17:54:00,351,80.3,19,0.43254
2025-09-01T17:57:00,346,79.8,19,0.44352
2025-09-01T18:00:00,342,79.5,18,0.42278
2025-09-01T18:03:00,342,79.4,19,0.45231
2025-09-01T18:06:00,339,79.3,19,0.4545
2025-09-01T18:09:00,340,79.7,18,0.41865
2025-09-01T18:12:00,341,78.8,18,0.43721
2025-09-01T18:15:00,347,79.5,18,0.42278
2025-09-01T18:18:00,338,79.5,18,0.42278
2025-09-01T18:21:00,335,79.1,18,0.43103
2025-09-01T18:24:00,336,79.8,18,0.41659
2025-09-01T18:27:00,334,80,18,0.41247
2025-09-01T18:30:00,333,80,18,0.41247
2025-09-01T18:33:00,331,80.1,18,0.4104
2025-09-01T18:36:00,328,80.3,18,0.40628
2025-09-01T18:39:00,323,80.2,18,0.40834
2025-09-01T18:42:00,324,81,18,0.39184
2025-09-01T18:45:00,323,81.4,18,0.38359
2025-09-01T18:48:00,321,81.5,18,0.38153
2025-09-01T18:51:00,321,82,18,0.37122
2025-09-01T18:54:00,321,81.8,18,0.37534
2025-09-01T18:57:00,321,81.8,18,0.37534
2025-09-01T19:00:00,319,82.5,17,0.33883
2025-09-01T19:03:00,319,82.2,18,0.3671
2025-09-01T19:06:00,318,82.4,18,0.36297
2025-09-01T19:09:00,319,82.7,17,0.33496
2025-09-01T19:12:00,318,82.6,17,0.33689
2025-09-01T19:15:00,317,82.5,17,0.33883
2025-09-01T19:18:00,319,83.6,17,0.31753
2025-09-01T19:21:00,317,82.5,17,0.33883
2025-09-01T19:24:00,317,82.6,17,0.33689
2025-09-01T19:27:00,317,82.9,17,0.33108
2025-09-01T19:30:00,318,82.7,17,0.33496
2025-09-01T19:33:00,316,82.7,17,0.33496
2025-09-01T19:36:00,317,82.6,17,0.33689
2025-09-01T19:39:00,317,83.1,17,0.32721
2025-09-01T19:42:00,317,82.6,17,0.33689
2025-09-01T19:45:00,317,83,17,0.32915
2025-09-01T19:48:00,316,83.7,17,0.31559
2025-09-01T19:51:00,318,83.6,17,0.31753
2025-09-01T19:54:00,319,82.8,17,0.33302
2025-09-01T19:57:00,317,82.9,18,0.35266
2025-09-01T20:00:00,317,82.5,17,0.33883
2025-09-01T20:03:00,0,82.7,18,0.35678
2025-09-01T20:06:00,0,82.5,17,0.33883
2025-09-01T20:09:00,0,82.4,17,0.34076
2025-09-01T20:12:00,0,82.2,17,0.34464
2025-09-01T20:15:00,0,81.3,18,0.38566
2025-09-01T20:18:00,0,81.3,18,0.38566
2025-09-01T20:21:00,0,80.4,18,0.40422
2025-09-01T20:24:00,0,79.5,18,0.42278
2025-09-01T20:27:00,0,77.7,18,0.4599
2025-09-01T20:30:00,0,76.6,18,0.48259
2025-09-01T20:33:00,0,75.4,18,0.50733
2025-09-01T20:36:00,0,75.7,18,0.50115
2025-09-01T20:39:00,0,77.7,18,0.4599
2025-09-01T20:42:00,0,79.1,18,0.43103
2025-09-01T20:45:00,0,80.6,18,0.40009
2025-09-01T20:48:00,0,80.8,18,0.39597
2025-09-01T20:51:00,0,80.2,18,0.40834
2025-09-01T20:54:00,0,80.2,18,0.40834
2025-09-01T20:57:00,0,80.8,18,0.39597
2025-09-01T21:00:00,0,79.8,18,0.41659
2025-09-01T21:03:00,0,78.1,18,0.45165
2025-09-01T21:06:00,0,79.7,18,0.41865
2025-09-01T21:09:00,0,77.2,18,0.47021
2025-09-01T21:12:00,0,75.9,18,0.49702
2025-09-01T21:15:00,0,74.8,19,0.55331
2025-09-01T21:18:00,0,73.6,19,0.57965
2025-09-01T21:21:00,0,73.3,19,0.58624
2025-09-01T21:24:00,0,73,19,0.59283
2025-09-01T21:27:00,0,72.4,19,0.606
2025-09-01T21:30:00,0,72.2,19,0.61039
2025-09-01T21:33:00,0,72.1,19,0.61259
2025-09-01T21:36:00,0,71.8,19,0.61918
2025-09-01T21:39:00,0,71.3,19,0.63015
2025-09-01T21:42:00,0,71,19,0.63674
2025-09-01T21:45:00,0,70.7,19,0.64333
2025-09-01T21:48:00,0,70.7,19,0.64333
2025-09-01T21:51:00,0,70.6,19,0.64552
2025-09-01T21:54:00,0,70.5,19,0.64772
2025-09-01T21:57:00,0,70.5,19,0.64772
2025-09-01T22:00:00,0,70.5,19,0.64772
2025-09-01T22:03:00,0,70.5,19,0.64772
2025-09-01T22:06:00,0,70.3,19,0.65211
2025-09-01T22:09:00,0,70.3,18,0.61251
2025-09-01T22:12:00,0,70.7,18,0.60426
2025-09-01T22:15:00,0,71.5,18,0.58776
2025-09-01T22:18:00,0,71.8,18,0.58158
2025-09-01T22:21:00,0,72.1,18,0.57539
2025-09-01T22:24:00,0,73.4,18,0.54858
2025-09-01T22:27:00,0,74.4,18,0.52796
2025-09-01T22:30:00,0,75.1,18,0.51352
2025-09-01T22:33:00,0,76.1,19,0.52476
2025-09-01T22:36:00,0,76.8,19,0.50939
2025-09-01T22:39:00,0,77.6,19,0.49183
2025-09-01T22:42:00,0,77.9,19,0.48524
2025-09-01T22:45:00,0,78.5,19,0.47207
2025-09-01T22:48:00,0,78.7,19,0.46768
2025-09-01T22:51:00,0,79.2,19,0.4567
2025-09-01T22:54:00,0,79.5,19,0.45011
2025-09-01T22:57:00,0,79.6,19,0.44791
2025-09-01T23:00:00,0,79.9,19,0.44133
2025-09-01T23:03:00,0,80.2,19,0.43474
2025-09-01T23:06:00,0,81.1,19,0.41498
2025-09-01T23:09:00,0,81.9,19,0.39741
2025-09-01T23:12:00,0,82.4,19,0.38644
2025-09-01T23:15:00,0,82.9,19,0.37546
2025-09-01T23:18:00,0,83.2,19,0.36887
2025-09-01T23:21:00,0,83.4,19,0.36448
2025-09-01T23:24:00,0,83.7,19,0.35789
2025-09-01T23:27:00,0,83.8,19,0.3557
2025-09-01T23:30:00,0,84,19,0.35131
2025-09-01T23:33:00,0,84.1,19,0.34911
2025-09-01T23:36:00,0,84.2,19,0.34691
2025-09-01T23:39:00,0,84.4,19,0.34252
2025-09-01T23:42:00,0,84.4,19,0.34252
2025-09-01T23:45:00,0,84.6,19,0.33813
2025-09-01T23:48:00,0,84.6,19,0.33813
2025-09-01T23:51:00,0,84.6,19,0.33813
2025-09-01T23:54:00,0,84.7,19,0.33594
2025-09-01T23:57:00,0,84.8,19,0.33374
2025-09-02T00:00:00,0,84.9,19,0.33154
2025-09-02T00:03:00,0,84.8,19,0.33374
2025-09-02T00:06:00,0,84.8,19,0.33374
2025-09-02T00:09:00,0,84.9,19,0.33154
2025-09-02T00:12:00,0,84.9,19,0.33154
2025-09-02T00:15:00,0,85,19,0.32935
2025-09-02T00:18:00,0,85,19,0.32935
2025-09-02T00:21:00,0,85,19,0.32935
2025-09-02T00:24:00,0,85,19,0.32935
2025-09-02T00:27:00,0,85.1,19,0.32715
2025-09-02T00:30:00,0,85.1,19,0.32715
2025-09-02T00:33:00,0,85.2,19,0.32496
2025-09-02T00:36:00,0,85.5,19,0.31837
2025-09-02T00:39:00,0,85.5,19,0.31837
2025-09-02T00:42:00,0,85.7,19,0.31398
2025-09-02T00:45:00,0,85.8,19,0.31178
2025-09-02T00:48:00,0,85.8,19,0.31178
2025-09-02T00:51:00,0,85.9,19,0.30959
2025-09-02T00:54:00,0,85.8,19,0.31178
2025-09-02T00:57:00,0,85.8,19,0.31178
2025-09-02T01:00:00,0,85.9,19,0.30959
2025-09-02T01:03:00,0,85.8,19,0.31178
2025-09-02T01:06:00,0,85.8,19,0.31178
2025-09-02T01:09:00,0,85.9,19,0.30959
2025-09-02T01:12:00,0,85.9,19,0.30959
2025-09-02T01:15:00,0,85.9,19,0.30959
2025-09-02T01:18:00,0,85.9,19,0.30959
2025-09-02T01:21:00,0,86,19,0.30739
2025-09-02T01:24:00,0,85.9,19,0.30959
2025-09-02T01:27:00,0,85.8,19,0.31178
2025-09-02T01:30:00,0,85.7,19,0.31398
2025-09-02T01:33:00,0,85.7,19,0.31398
2025-09-02T01:36:00,0,85.5,19,0.31837
2025-09-02T01:39:00,0,85.5,19,0.31837
2025-09-02T01:42:00,0,85.4,19,0.32057
2025-09-02T01:45:00,0,85.3,19,0.32276
2025-09-02T01:48:00,0,85.4,19,0.32057
2025-09-02T01:51:00,0,85.2,19,0.32496
2025-09-02T01:54:00,0,85.1,19,0.32715
2025-09-02T01:57:00,0,85.1,19,0.32715
2025-09-02T02:00:00,0,85.1,19,0.32715
2025-09-02T02:03:00,0,85.2,19,0.32496
2025-09-02T02:06:00,0,85.3,19,0.32276
2025-09-02T02:09:00,0,85.5,19,0.31837
2025-09-02T02:12:00,0,85.4,19,0.32057
2025-09-02T02:15:00,0,85.4,19,0.32057
2025-09-02T02:18:00,0,85.4,19,0.32057
2025-09-02T02:21:00,0,85.3,19,0.32276
2025-09-02T02:24:00,0,85.2,19,0.32496
2025-09-02T02:27:00,0,85.4,19,0.32057
2025-09-02T02:30:00,0,85.3,19,0.32276
2025-09-02T02:33:00,0,85.3,19,0.32276
2025-09-02T02:36:00,0,85.1,19,0.32715
2025-09-02T02:39:00,0,85.1,19,0.32715
2025-09-02T02:42:00,0,85.1,19,0.32715
2025-09-02T02:45:00,0,84.9,18,0.31141
2025-09-02T02:48:00,0,84.9,18,0.31141
2025-09-02T02:51:00,0,84.8,18,0.31347
2025-09-02T02:54:00,0,84.8,18,0.31347
2025-09-02T02:57:00,0,84.8,18,0.31347
2025-09-02T03:00:00,0,84.8,18,0.31347
2025-09-02T03:03:00,0,84.8,18,0.31347
2025-09-02T03:06:00,0,84.7,18,0.31554
2025-09-02T03:09:00,0,84.8,18,0.31347
2025-09-02T03:12:00,0,84.9,18,0.31141
2025-09-02T03:15:00,0,84.9,18,0.31141
2025-09-02T03:18:00,0,84.9,18,0.31141
2025-09-02T03:21:00,0,84.9,18,0.31141
2025-09-02T03:24:00,0,84.9,18,0.31141
2025-09-02T03:27:00,0,84.8,18,0.31347
2025-09-02T03:30:00,0,84.7,18,0.31554
2025-09-02T03:33:00,0,84.7,18,0.31554
2025-09-02T03:36:00,0,84.6,18,0.3176
2025-09-02T03:39:00,0,84.6,18,0.3176
2025-09-02T03:42:00,0,84.6,18,0.3176
2025-09-02T03:45:00,0,84.5,18,0.31966
2025-09-02T03:48:00,0,84.5,18,0.31966
2025-09-02T03:51:00,0,84.7,18,0.31554
2025-09-02T03:54:00,0,84.6,18,0.3176
2025-09-02T03:57:00,0,84.8,18,0.31347
2025-09-02T04:00:00,0,84.6,18,0.3176
2025-09-02T04:03:00,347,84.3,18,0.32379
2025-09-02T04:06:00,344,83.7,18,0.33616
2025-09-02T04:09:00,342,82.9,19,0.37546
2025-09-02T04:12:00,339,82.2,19,0.39083
2025-09-02T04:15:00,338,81.6,19,0.404
2025-09-02T04:18:00,335,80.9,19,0.41937
2025-09-02T04:21:00,334,80.4,19,0.43035
2025-09-02T04:24:00,334,79.8,19,0.44352
2025-09-02T04:27:00,332,79.5,19,0.45011
2025-09-02T04:30:00,333,79.1,20,0.48832
2025-09-02T04:33:00,331,78.8,20,0.49533
2025-09-02T04:36:00,331,78.2,20,0.50935
2025-09-02T04:39:00,329,76.9,20,0.53973
2025-09-02T04:42:00,329,75.8,20,0.56543
2025-09-02T04:45:00,330,75.3,20,0.57711
2025-09-02T04:48:00,328,73.6,20,0.61683
2025-09-02T04:51:00,329,72,20,0.65421
2025-09-02T04:54:00,328,71.4,20,0.66823
2025-09-02T04:57:00,328,72,20,0.65421
2025-09-02T05:00:00,327,70.5,20,0.68926
2025-09-02T05:03:00,327,69.9,20,0.70328
2025-09-02T05:06:00,327,68.8,20,0.72898
2025-09-02T05:09:00,329,69,20,0.72431
2025-09-02T05:12:00,327,68.2,19,0.69822
2025-09-02T05:15:00,329,68,20,0.74767
2025-09-02T05:18:00,326,67.4,20,0.76169
2025-09-02T05:21:00,328,68.2,20,0.743
2025-09-02T05:24:00,328,67.5,19,0.71359
2025-09-02T05:27:00,328,67.5,20,0.75936
2025-09-02T05:30:00,328,66.7,20,0.77805
2025-09-02T05:33:00,327,67.5,19,0.71359
2025-09-02T05:36:00,326,66.5,19,0.73555
2025-09-02T05:39:00,327,66.9,20,0.77337
2025-09-02T05:42:00,328,66.2,20,0.78973
2025-09-02T05:45:00,328,65.7,19,0.75311
2025-09-02T05:48:00,328,65.9,20,0.79674
2025-09-02T05:51:00,328,65.4,19,0.7597
2025-09-02T05:54:00,327,65.7,19,0.75311
2025-09-02T05:57:00,327,65.2,19,0.76409
2025-09-02T06:00:00,327,65,19,0.76848
2025-09-02T06:03:00,328,64.9,19,0.77068
2025-09-02T06:06:00,327,64.8,19,0.77287
2025-09-02T06:09:00,327,64.6,19,0.77726
2025-09-02T06:12:00,329,64.4,19,0.78165
2025-09-02T06:15:00,328,64.3,19,0.78385
2025-09-02T06:18:00,327,64.4,19,0.78165
2025-09-02T06:21:00,328,64.1,19,0.78824
2025-09-02T06:24:00,328,64.2,19,0.78605
2025-09-02T06:27:00,328,63.9,19,0.79263
2025-09-02T06:30:00,328,64,19,0.79044
2025-09-02T06:33:00,329,63.8,19,0.79483
2025-09-02T06:36:00,328,63.7,19,0.79702
2025-09-02T06:39:00,328,63.8,19,0.79483
2025-09-02T06:42:00,329,63.5,19,0.80142
2025-09-02T06:45:00,328,63.5,19,0.80142
2025-09-02T06:48:00,330,63.2,19,0.808
2025-09-02T06:51:00,330,63.1,19,0.8102
2025-09-02T06:54:00,330,62.9,19,0.81459
2025-09-02T06:57:00,331,62.7,19,0.81898
2025-09-02T07:00:00,331,62.6,19,0.82118
2025-09-02T07:03:00,334,62.5,19,0.82337
2025-09-02T07:06:00,334,62.4,19,0.82557
2025-09-02T07:09:00,334,62.2,19,0.82996
2025-09-02T07:12:00,335,62.3,19,0.82776
2025-09-02T07:15:00,335,62,19,0.83435
2025-09-02T07:18:00,335,61.8,19,0.83874
2025-09-02T07:21:00,335,62,20,0.88786
2025-09-02T07:24:00,334,61.9,20,0.8902
2025-09-02T07:27:00,336,61.9,20,0.8902
2025-09-02T07:30:00,337,61.9,20,0.8902
2025-09-02T07:33:00,336,61.7,20,0.89487
2025-09-02T07:36:00,337,61.6,20,0.89721
2025-09-02T07:39:00,338,61.5,20,0.89954
2025-09-02T07:42:00,339,61.4,20,0.90188
2025-09-02T07:45:00,339,61.3,20,0.90422
2025-09-02T07:48:00,339,61.3,20,0.90422
2025-09-02T07:51:00,341,62.2,20,0.88319
2025-09-02T07:54:00,343,61.7,20,0.89487
2025-09-02T07:57:00,343,62.2,20,0.88319
2025-09-02T08:00:00,342,62,20,0.88786
2025-09-02T08:03:00,342,63.4,20,0.85515
2025-09-02T08:06:00,339,63.9,20,0.84347
2025-09-02T08:09:00,340,63,20,0.8645
2025-09-02T08:12:00,342,62.8,20,0.86917
2025-09-02T08:15:00,341,64.3,20,0.83412
2025-09-02T08:18:00,344,64,20,0.84113
2025-09-02T08:21:00,345,63.9,19,0.79263
2025-09-02T08:24:00,346,63.3,20,0.85749
2025-09-02T08:27:00,351,64.9,20,0.8201
2025-09-02T08:30:00,355,63.9,20,0.84347
2025-09-02T08:33:00,354,64.4,20,0.83179
2025-09-02T08:36:00,356,63.9,20,0.84347
2025-09-02T08:39:00,355,64.4,20,0.83179
2025-09-02T08:42:00,357,63.2,20,0.85982
2025-09-02T08:45:00,354,63,20,0.8645
2025-09-02T08:48:00,352,64.9,20,0.8201
2025-09-02T08:51:00,349,63.8,20,0.84581
2025-09-02T08:54:00,350,63.6,19,0.79922
2025-09-02T08:57:00,355,63.9,20,0.84347
2025-09-02T09:00:00,354,62.5,20,0.87618
2025-09-02T09:03:00,356,62.6,20,0.87384
2025-09-02T09:06:00,361,62.3,20,0.88085
2025-09-02T09:09:00,364,61.7,20,0.89487
2025-09-02T09:12:00,365,61.2,20,0.90655
2025-09-02T09:15:00,366,60.3,20,0.92758
2025-09-02T09:18:00,367,59.9,20,0.93693
2025-09-02T09:21:00,367,58.9,20,0.96029
2025-09-02T09:24:00,367,59.7,20,0.9416
2025-09-02T09:27:00,368,59,20,0.95796
2025-09-02T09:30:00,373,59.2,20,0.95328
2025-09-02T09:33:00,376,58,20,0.98132
2025-09-02T09:36:00,378,58.5,20,0.96964
2025-09-02T09:39:00,386,58.4,20,0.97198
2025-09-02T09:42:00,380,58.7,19,0.90681
2025-09-02T09:45:00,383,57.6,20,0.99067
2025-09-02T09:48:00,382,57.3,20,0.99768
2025-09-02T09:51:00,389,57,20,1.00469
2025-09-02T09:54:00,394,57.9,20,0.98366
2025-09-02T09:57:00,397,57.7,19,0.92876
2025-09-02T10:00:00,386,57,20,1.00469
2025-09-02T10:03:00,385,57.7,20,0.98833
2025-09-02T10:06:00,389,57.5,20,0.993
2025-09-02T10:09:00,388,57.6,20,0.99067
2025-09-02T10:12:00,388,56.6,20,1.01403
2025-09-02T10:15:00,385,57.6,20,0.99067
2025-09-02T10:18:00,389,55.5,20,1.03973
2025-09-02T10:21:00,408,55.1,20,1.04908
2025-09-02T10:24:00,399,55.1,20,1.04908
2025-09-02T10:27:00,422,54.6,20,1.06076
2025-09-02T10:30:00,465,55.2,20,1.04674
2025-09-02T10:33:00,462,54.1,20,1.07244
2025-09-02T10:36:00,448,53.3,20,1.09114
2025-09-02T10:39:00,441,52.4,21,1.18293
2025-09-02T10:42:00,513,56.5,19,0.95511
2025-09-02T10:45:00,471,54.3,20,1.06777
2025-09-02T10:48:00,452,55.7,19,0.97268
2025-09-02T10:51:00,451,56,19,0.96609
2025-09-02T10:54:00,440,55.9,19,0.96828
2025-09-02T10:57:00,493,56.9,19,0.94633
2025-09-02T11:00:00,454,53.8,20,1.07945
2025-09-02T11:03:00,518,57.5,18,0.87649
2025-09-02T11:06:00,514,56,19,0.96609
2025-09-02T11:09:00,523,53,20,1.09815
2025-09-02T11:12:00,534,51.8,21,1.19784
2025-09-02T11:15:00,511,61.35,19,0.84862
2025-09-02T11:18:00,488,70.9,17,0.56342
2025-09-02T11:21:00,506,69.3,18,0.63314
2025-09-02T11:24:00,506,64.4,20,0.83179
2025-09-02T11:27:00,442,67,18,0.68057
2025-09-02T11:30:00,414,69.7,18,0.62489
2025-09-02T11:33:00,412,65.5,19,0.7575
2025-09-02T11:36:00,429,66.3,19,0.73994
2025-09-02T11:39:00,455,70.8,17,0.56536
2025-09-02T11:42:00,416,66.3,19,0.73994
2025-09-02T11:45:00,411,64.1,19,0.78824
2025-09-02T11:48:00,427,62.9,19,0.81459
2025-09-02T11:51:00,412,62.7,19,0.81898
2025-09-02T11:54:00,406,66.6,18,0.68882
2025-09-02T11:57:00,399,60.9,20,0.91356
2025-09-02T12:00:00,394,64.2,18,0.73832
2025-09-02T12:03:00,389,61.8,19,0.83874
2025-09-02T12:06:00,389,66,17,0.6583
2025-09-02T12:09:00,405,60.9,19,0.8585
2025-09-02T12:12:00,406,64.3,18,0.73625
2025-09-02T12:15:00,408,62.4,19,0.82557
2025-09-02T12:18:00,420,65.5,18,0.7115
2025-09-02T12:21:00,412,62.5,19,0.82337
2025-09-02T12:24:00,406,60.1,20,0.93226
2025-09-02T12:27:00,420,65.3,17,0.67185
2025-09-02T12:30:00,419,61.9,19,0.83655
2025-09-02T12:33:00,409,57.8,19,0.92657
2025-09-02T12:36:00,431,61.5,19,0.84533
2025-09-02T12:39:00,448,58.6,20,0.9673
2025-09-02T12:42:00,444,58.2,20,0.97665
2025-09-02T12:45:00,436,56.6,20,1.01403
2025-09-02T12:48:00,408,55.6,20,1.0374
2025-09-02T12:51:00,411,60.6,18,0.81256
2025-09-02T12:54:00,389,64.2,18,0.73832
2025-09-02T12:57:00,396,61.3,18,0.79812
2025-09-02T13:00:00,399,62.7,19,0.81898
2025-09-02T13:03:00,402,61,19,0.85631
2025-09-02T13:06:00,405,61.5,19,0.84533
2025-09-02T13:09:00,401,61.1,20,0.90889
2025-09-02T13:12:00,400,58.3,20,0.97431
2025-09-02T13:15:00,400,65.2,18,0.71769
2025-09-02T13:18:00,392,62.3,19,0.82776
2025-09-02T13:21:00,384,63.2,18,0.75894
2025-09-02T13:24:00,391,61.9,19,0.83655
2025-09-02T13:27:00,401,60.8,20,0.9159
2025-09-02T13:30:00,403,59.8,19,0.88265
2025-09-02T13:33:00,420,61.1,20,0.90889
2025-09-02T13:36:00,413,60.3,20,0.92758
2025-09-02T13:39:00,402,59.2,20,0.95328
2025-09-02T13:42:00,404,57.2,20,1.00001
2025-09-02T13:45:00,401,62.6,19,0.82118
2025-09-02T13:48:00,404,59.3,19,0.89363
2025-09-02T13:51:00,408,60.1,19,0.87607
2025-09-02T13:54:00,413,58.8,20,0.96263
2025-09-02T13:57:00,411,59.5,20,0.94627
2025-09-02T14:00:00,405,59.4,21,1.00897
2025-09-02T14:03:00,401,65.8,18,0.70532
2025-09-02T14:06:00,408,64.9,19,0.77068
2025-09-02T14:09:00,413,62.7,19,0.81898
2025-09-02T14:12:00,419,63.7,18,0.74863
2025-09-02T14:15:00,406,65.2,18,0.71769
2025-09-02T14:18:00,420,67.6,18,0.6682
2025-09-02T14:21:00,409,64.1,19,0.78824
2025-09-02T14:24:00,412,61.8,20,0.89254
2025-09-02T14:27:00,397,67.4,18,0.67232
2025-09-02T14:30:00,372,57,20,1.00469
2025-09-02T14:33:00,366,61.8,19,0.83874
2025-09-02T14:36:00,374,59.7,20,0.9416
2025-09-02T14:39:00,421,60.1,20,0.93226
2025-09-02T14:42:00,444,60.5,21,0.98164
2025-09-02T14:45:00,461,64.4,18,0.73419
2025-09-02T14:48:00,435,69.4,17,0.59247
2025-09-02T14:51:00,367,64.2,19,0.78605
2025-09-02T14:54:00,376,66.4,18,0.69294
2025-09-02T14:57:00,478,62.8,19,0.81678
2025-09-02T15:00:00,453,60.6,20,0.92057
2025-09-02T15:03:00,458,65.6,17,0.66604
2025-09-02T15:06:00,427,65.1,18,0.71975
2025-09-02T15:09:00,405,61.8,20,0.89254
2025-09-02T15:12:00,404,60.9,20,0.91356
2025-09-02T15:15:00,392,65.9,18,0.70326
2025-09-02T15:18:00,399,63.5,19,0.80142
2025-09-02T15:21:00,413,60.5,20,0.92291
2025-09-02T15:24:00,425,57.2,21,1.06365
2025-09-02T15:27:00,431.5,62.05,19,0.83325
2025-09-02T15:30:00,438,66.9,17,0.64087
2025-09-02T15:33:00,456,66.5,18,0.69088
2025-09-02T15:36:00,443,61.1,19,0.85411
2025-09-02T15:39:00,455,60.3,20,0.92758
2025-09-02T15:42:00,404,65.5,18,0.7115
2025-09-02T15:45:00,448,65.9,17,0.66023
2025-09-02T15:48:00,457,63.3,19,0.80581
2025-09-02T15:51:00,419,61.2,20,0.90655
2025-09-02T15:54:00,402,62.2,18,0.77956
2025-09-02T15:57:00,382,63.1,19,0.8102
2025-09-02T16:00:00,396,61.5,18,0.794
2025-09-02T16:03:00,394,62.4,19,0.82557
2025-09-02T16:06:00,402,62.8,19,0.81678
2025-09-02T16:09:00,402,63.5,18,0.75275
2025-09-02T16:12:00,413,63.2,19,0.808
2025-09-02T16:15:00,392,60.8,19,0.8607
2025-09-02T16:18:00,387,59.4,19,0.89144
2025-09-02T16:21:00,399,58.1,19,0.91998
2025-09-02T16:24:00,386,57.6,20,0.99067
2025-09-02T16:27:00,392,57.5,20,0.993
2025-09-02T16:30:00,391,56.9,20,1.00702
2025-09-02T16:33:00,391,56.2,20,1.02338
2025-09-02T16:36:00,380,57.3,19,0.93755
2025-09-02T16:39:00,380,56.1,20,1.02571
2025-09-02T16:42:00,373,54.4,21,1.13323
2025-09-02T16:45:00,370,52.1,21,1.19039
2025-09-02T16:48:00,371,51.1,21,1.21524
2025-09-02T16:51:00,370,52.3,21,1.18542
2025-09-02T16:54:00,361,51.2,21,1.21275
2025-09-02T16:57:00,358,51.8,21,1.19784
2025-09-02T17:00:00,361,54.2,19,1.00561
2025-09-02T17:03:00,360,52.2,20,1.11684
2025-09-02T17:06:00,361,50.1,20,1.1659
2025-09-02T17:09:00,358,49.4,21,1.25749
2025-09-02T17:12:00,356,48.7,21,1.27488
2025-09-02T17:15:00,361,46.4,21,1.33204
2025-09-02T17:18:00,373,46.3,21,1.33453
2025-09-02T17:21:00,379,52.4,19,1.04513
2025-09-02T17:24:00,362,61.7,17,0.74155
2025-09-02T17:27:00,361,59.9,19,0.88046
2025-09-02T17:30:00,369,58.1,19,0.91998
2025-09-02T17:33:00,369,61.4,18,0.79606
2025-09-02T17:36:00,364,61.7,18,0.78987
2025-09-02T17:39:00,365,57.5,19,0.93315
2025-09-02T17:42:00,365,57.7,20,0.98833
2025-09-02T17:45:00,364,56.7,20,1.0117
2025-09-02T17:48:00,363,55.4,20,1.04207
2025-09-02T17:51:00,370,52.9,20,1.10048
2025-09-02T17:54:00,361,52.8,20,1.10282
2025-09-02T17:57:00,351,54.1,20,1.07244
2025-09-02T18:00:00,352,54.2,20,1.07011
2025-09-02T18:03:00,356,54.7,19,0.99463
2025-09-02T18:06:00,356,52.8,20,1.10282
2025-09-02T18:09:00,358,48.7,20,1.19861
2025-09-02T18:12:00,350,50.8,20,1.14955
2025-09-02T18:15:00,346,50.7,20,1.15188
2025-09-02T18:18:00,347,51.9,20,1.12385
2025-09-02T18:21:00,358,52.2,20,1.11684
2025-09-02T18:24:00,354,52.8,20,1.10282
2025-09-02T18:27:00,356,50,20,1.16824
2025-09-02T18:30:00,354,47.4,20,1.22899
2025-09-02T18:33:00,353,49.1,20,1.18927
2025-09-02T18:36:00,352,49.8,20,1.17291
2025-09-02T18:39:00,351,50.5,20,1.15656
2025-09-02T18:42:00,347,50.9,20,1.14721
2025-09-02T18:45:00,346,50.5,20,1.15656
2025-09-02T18:48:00,343,47.1,20,1.236
2025-09-02T18:51:00,340,45.4,20,1.27572
2025-09-02T18:54:00,339,46.7,20,1.24534
2025-09-02T18:57:00,337,47.9,20,1.21731
2025-09-02T19:00:00,337,47.3,20,1.23132
2025-09-02T19:03:00,336,49.2,20,1.18693
2025-09-02T19:06:00,335,47,20,1.23833
2025-09-02T19:09:00,336,45.9,20,1.26404
2025-09-02T19:12:00,334,46,20,1.2617
2025-09-02T19:15:00,334,43.9,20,1.31076
2025-09-02T19:18:00,332,45.5,20,1.27338
2025-09-02T19:21:00,333,44.6,20,1.29441
2025-09-02T19:24:00,331,42.6,20,1.34114
2025-09-02T19:27:00,332,41.7,20,1.36217
2025-09-02T19:30:00,332,41.9,20,1.35749
2025-09-02T19:33:00,332,42.4,20,1.34581
2025-09-02T19:36:00,330,42.2,20,1.35049
2025-09-02T19:39:00,329,41.7,20,1.36217
2025-09-02T19:42:00,328,40.4,20,1.39254
2025-09-02T19:45:00,330,39.8,20,1.40656
2025-09-02T19:48:00,328,39,20,1.42525
2025-09-02T19:51:00,329,42.7,20,1.3388
2025-09-02T19:54:00,328,45.6,20,1.27104
2025-09-02T19:57:00,328,46.7,20,1.24534
2025-09-02T20:00:00,327,45,20,1.28506
2025-09-02T20:03:00,0,43.4,19,1.24274
2025-09-02T20:06:00,0,42.7,19,1.25811
2025-09-02T20:09:00,0,43.6,19,1.23835
2025-09-02T20:12:00,0,46.4,19,1.17687
2025-09-02T20:15:00,0,47.1,19,1.1615
2025-09-02T20:18:00,0,44.5,19,1.21859
2025-09-02T20:21:00,0,44,19,1.22957
2025-09-02T20:24:00,0,43.6,19,1.23835
2025-09-02T20:27:00,0,43.6,19,1.23835
2025-09-02T20:30:00,0,43.5,19,1.24055
2025-09-02T20:33:00,0,43.4,18,1.16728
2025-09-02T20:36:00,0,43.4,18,1.16728
2025-09-02T20:39:00,0,43.4,18,1.16728
2025-09-02T20:42:00,0,43.4,18,1.16728
2025-09-02T20:45:00,0,43.6,18,1.16316
2025-09-02T20:48:00,0,44.7,18,1.14047
2025-09-02T20:51:00,0,45.2,18,1.13016
2025-09-02T20:54:00,0,46.7,18,1.09922
2025-09-02T20:57:00,0,48.1,18,1.07035
2025-09-02T21:00:00,0,49.7,18,1.03735
2025-09-02T21:03:00,0,50.7,18,1.01673
2025-09-02T21:06:00,0,51.8,18,0.99404
2025-09-02T21:09:00,0,53,18,0.9693
2025-09-02T21:12:00,0,54,18,0.94867
2025-09-02T21:15:00,0,55.2,18,0.92393
2025-09-02T21:18:00,0,55.9,18,0.90949
2025-09-02T21:21:00,0,56.6,18,0.89505
2025-09-02T21:24:00,0,57.4,18,0.87855
2025-09-02T21:27:00,0,58,18,0.86618
2025-09-02T21:30:00,0,58.7,18,0.85174
2025-09-02T21:33:00,0,59.4,18,0.83731
2025-09-02T21:36:00,0,59.8,18,0.82906
2025-09-02T21:39:00,0,60.3,18,0.81875
2025-09-02T21:42:00,0,60.8,18,0.80843
2025-09-02T21:45:00,0,61.2,18,0.80019
2025-09-02T21:48:00,0,61.6,18,0.79194
2025-09-02T21:51:00,0,61.9,18,0.78575
2025-09-02T21:54:00,0,62.3,18,0.7775
2025-09-02T21:57:00,0,62.5,18,0.77337
2025-09-02T22:00:00,0,62.6,18,0.77131
2025-09-02T22:03:00,0,62.9,18,0.76513
2025-09-02T22:06:00,0,63.1,18,0.761
2025-09-02T22:09:00,0,63.2,18,0.75894
2025-09-02T22:12:00,0,63.5,18,0.75275
2025-09-02T22:15:00,0,63.7,18,0.74863
2025-09-02T22:18:00,0,63.7,18,0.74863
2025-09-02T22:21:00,0,63.8,18,0.74656
2025-09-02T22:24:00,0,63.9,18,0.7445
2025-09-02T22:27:00,0,63.9,18,0.7445
2025-09-02T22:30:00,0,63.9,17,0.69895
2025-09-02T22:33:00,0,64.1,17,0.69508
2025-09-02T22:36:00,0,64.1,17,0.69508
2025-09-02T22:39:00,0,64.1,17,0.69508
2025-09-02T22:42:00,0,64.2,17,0.69315
2025-09-02T22:45:00,0,64.2,17,0.69315
2025-09-02T22:48:00,0,64.2,17,0.69315
2025-09-02T22:51:00,0,64.3,17,0.69121
2025-09-02T22:54:00,0,64.3,17,0.69121
2025-09-02T22:57:00,0,64.4,17,0.68927
2025-09-02T23:00:00,0,64.4,17,0.68927
2025-09-02T23:03:00,0,64.6,17,0.6854
2025-09-02T23:06:00,0,65.9,17,0.66023
2025-09-02T23:09:00,0,67.4,17,0.63119
2025-09-02T23:12:00,0,68.3,17,0.61376
2025-09-02T23:15:00,0,69,17,0.60021
2025-09-02T23:18:00,0,69.6,17,0.58859
2025-09-02T23:21:00,0,70,17,0.58085
2025-09-02T23:24:00,0,70.3,17,0.57504
2025-09-02T23:27:00,0,70.6,17,0.56923
2025-09-02T23:30:00,0,70.6,17,0.56923
2025-09-02T23:33:00,0,70.8,17,0.56536
2025-09-02T23:36:00,0,70.9,17,0.56342
2025-09-02T23:39:00,0,71,17,0.56149
2025-09-02T23:42:00,0,71,17,0.56149
2025-09-02T23:45:00,0,71,17,0.56149
2025-09-02T23:48:00,0,71.1,17,0.55955
2025-09-02T23:51:00,0,71,17,0.56149
2025-09-02T23:54:00,0,70.9,17,0.56342
2025-09-02T23:57:00,0,70.9,17,0.56342
2025-09-03T00:00:00,0,70.7,17,0.5673
2025-09-03T00:03:00,0,70.6,17,0.56923
2025-09-03T00:06:00,0,70.6,17,0.56923
2025-09-03T00:09:00,0,70.6,17,0.56923
2025-09-03T00:12:00,0,70.4,17,0.5731
2025-09-03T00:15:00,0,70.3,17,0.57504
2025-09-03T00:18:00,0,70.2,17,0.57698
2025-09-03T00:21:00,0,70,17,0.58085
2025-09-03T00:24:00,0,69.9,17,0.58279
2025-09-03T00:27:00,0,69.9,17,0.58279
2025-09-03T00:30:00,0,69.8,16,0.54868
2025-09-03T00:33:00,0,70.2,17,0.57698
2025-09-03T00:36:00,0,70.7,16,0.53233
2025-09-03T00:39:00,0,71.3,16,0.52143
2025-09-03T00:42:00,0,71.5,16,0.51779
2025-09-03T00:45:00,0,71.9,16,0.51053
2025-09-03T00:48:00,0,71.9,16,0.51053
2025-09-03T00:51:00,0,71.9,16,0.51053
2025-09-03T00:54:00,0,72,16,0.50871
2025-09-03T00:57:00,0,72,16,0.50871
2025-09-03T01:00:00,0,71.9,16,0.51053
2025-09-03T01:03:00,0,71.7,16,0.51416
2025-09-03T01:06:00,0,71.6,16,0.51598
2025-09-03T01:09:00,0,71.8,16,0.51234
2025-09-03T01:12:00,0,71.5,16,0.51779
2025-09-03T01:15:00,0,71.4,16,0.51961
2025-09-03T01:18:00,0,71.3,16,0.52143
2025-09-03T01:21:00,0,71.3,16,0.52143
2025-09-03T01:24:00,0,71.1,16,0.52506
2025-09-03T01:27:00,0,71.1,16,0.52506
2025-09-03T01:30:00,0,71,16,0.52688
2025-09-03T01:33:00,0,71,16,0.52688
2025-09-03T01:36:00,0,70.9,16,0.52869
2025-09-03T01:39:00,0,70.8,16,0.53051
2025-09-03T01:42:00,0,70.6,16,0.53414
2025-09-03T01:45:00,0,70.6,16,0.53414
2025-09-03T01:48:00,0,70.4,16,0.53778
2025-09-03T01:51:00,0,70.4,16,0.53778
2025-09-03T01:54:00,0,70.2,16,0.54141
2025-09-03T01:57:00,0,70.2,16,0.54141
2025-09-03T02:00:00,0,70.1,16,0.54323
2025-09-03T02:03:00,0,70.6,16,0.53414
2025-09-03T02:06:00,0,71.3,16,0.52143
2025-09-03T02:09:00,0,71.7,16,0.51416
2025-09-03T02:12:00,0,72,16,0.50871
2025-09-03T02:15:00,0,72.3,16,0.50326
2025-09-03T02:18:00,0,72.3,16,0.50326
2025-09-03T02:21:00,0,72.6,16,0.49781
2025-09-03T02:24:00,0,72.7,16,0.49599
2025-09-03T02:27:00,0,72.6,16,0.49781
2025-09-03T02:30:00,0,72.8,16,0.49417
2025-09-03T02:33:00,0,72.7,16,0.49599
2025-09-03T02:36:00,0,72.7,16,0.49599
2025-09-03T02:39:00,0,72.7,16,0.49599
2025-09-03T02:42:00,0,72.7,16,0.49599
2025-09-03T02:45:00,0,72.6,16,0.49781
2025-09-03T02:48:00,0,72.7,16,0.49599
2025-09-03T02:51:00,0,72.8,16,0.49417
2025-09-03T02:54:00,0,72.6,16,0.49781
2025-09-03T02:57:00,0,72.7,16,0.49599
2025-09-03T03:00:00,0,72.6,16,0.49781
2025-09-03T03:03:00,0,72.4,16,0.50144
2025-09-03T03:06:00,0,72.5,16,0.49963
2025-09-03T03:09:00,0,72.5,16,0.49963
2025-09-03T03:12:00,0,72.4,16,0.50144
2025-09-03T03:15:00,0,72.4,16,0.50144
2025-09-03T03:18:00,0,72.4,16,0.50144
2025-09-03T03:21:00,0,72.4,16,0.50144
2025-09-03T03:24:00,0,72.4,16,0.50144
2025-09-03T03:27:00,0,72.3,16,0.50326
2025-09-03T03:30:00,0,72.3,16,0.50326
2025-09-03T03:33:00,0,72.1,16,0.50689
2025-09-03T03:36:00,0,72.1,16,0.50689
2025-09-03T03:39:00,0,72.1,16,0.50689
2025-09-03T03:42:00,0,72,16,0.50871
2025-09-03T03:45:00,0,72,16,0.50871
2025-09-03T03:48:00,0,71.8,16,0.51234
2025-09-03T03:51:00,0,71.8,16,0.51234
2025-09-03T03:54:00,0,71.7,16,0.51416
2025-09-03T03:57:00,0,71.6,16,0.51598
2025-09-03T04:00:00,243,71.5,16,0.51779
2025-09-03T04:03:00,344,71,16,0.52688
2025-09-03T04:06:00,339,70.2,16,0.54141
2025-09-03T04:09:00,337,69.4,16,0.55595
2025-09-03T04:12:00,336,68.7,16,0.56866
2025-09-03T04:15:00,334,68.1,16,0.57957
2025-09-03T04:18:00,332,67.3,17,0.63313
2025-09-03T04:21:00,331,66.7,17,0.64474
2025-09-03T04:24:00,329,66.2,17,0.65442
2025-09-03T04:27:00,328,65.8,17,0.66217
2025-09-03T04:30:00,328,65.3,17,0.67185
2025-09-03T04:33:00,327,64.8,17,0.68153
2025-09-03T04:36:00,327,64.5,17,0.68734
2025-09-03T04:39:00,327,64,17,0.69702
2025-09-03T04:42:00,327,63.6,17,0.70476
2025-09-03T04:45:00,326,63.3,18,0.75688
2025-09-03T04:48:00,326,63.1,18,0.761
2025-09-03T04:51:00,326,62.8,18,0.76719
2025-09-03T04:54:00,326,62.4,18,0.77544
2025-09-03T04:57:00,326,62.2,18,0.77956
2025-09-03T05:00:00,326,62.1,18,0.78162
2025-09-03T05:03:00,326,61.8,18,0.78781
2025-09-03T05:06:00,326,61.4,18,0.79606
2025-09-03T05:09:00,326,61.2,18,0.80019
2025-09-03T05:12:00,326,61.1,18,0.80225
2025-09-03T05:15:00,326,60.9,18,0.80637
2025-09-03T05:18:00,326,60.8,18,0.80843
2025-09-03T05:21:00,326,60.5,18,0.81462
2025-09-03T05:24:00,327,60.4,18,0.81668
2025-09-03T05:27:00,327,60,18,0.82493
2025-09-03T05:30:00,326,59.9,19,0.88046
2025-09-03T05:33:00,327,59.7,19,0.88485
2025-09-03T05:36:00,326,59.5,19,0.88924
2025-09-03T05:39:00,326,59.5,19,0.88924
2025-09-03T05:42:00,326,59.3,19,0.89363
2025-09-03T05:45:00,326,59.4,19,0.89144
2025-09-03T05:48:00,326,59,19,0.90022
2025-09-03T05:51:00,327,58.9,19,0.90242
2025-09-03T05:54:00,326,58.8,19,0.90461
2025-09-03T05:57:00,328,58.6,19,0.909
2025-09-03T06:00:00,326,58.5,19,0.9112
2025-09-03T06:03:00,326,58.3,19,0.91559
2025-09-03T06:06:00,328,58.4,19,0.91339
2025-09-03T06:09:00,328,58.3,19,0.91559
2025-09-03T06:12:00,326,58.3,19,0.91559
2025-09-03T06:15:00,327,57.8,19,0.92657
2025-09-03T06:18:00,328,56.2,19,0.9617
2025-09-03T06:21:00,328,56.5,19,0.95511
2025-09-03T06:24:00,328,55.9,19,0.96828
2025-09-03T06:27:00,328,55.7,19,0.97268
2025-09-03T06:30:00,330,55.2,19,0.98365
2025-09-03T06:33:00,328,54.8,19,0.99244
2025-09-03T06:36:00,331,55,19,0.98805
2025-09-03T06:39:00,331,54.3,19,1.00342
2025-09-03T06:42:00,333,54.4,19,1.00122
2025-09-03T06:45:00,333,53.7,19,1.01659
2025-09-03T06:48:00,333,53.5,19,1.02098
2025-09-03T06:51:00,334,53.5,19,1.02098
2025-09-03T06:54:00,335,53.3,19,1.02537
2025-09-03T06:57:00,336,53.1,19,1.02976
2025-09-03T07:00:00,338,52.9,19,1.03415
2025-09-03T07:03:00,339,53,19,1.03196
2025-09-03T07:06:00,339,52.7,19,1.03855
2025-09-03T07:09:00,341,52.5,19,1.04294
2025-09-03T07:12:00,343,52.3,19,1.04733
2025-09-03T07:15:00,343,52,19,1.05392
2025-09-03T07:18:00,342,52,19,1.05392
2025-09-03T07:21:00,344,51.8,20,1.12618
2025-09-03T07:24:00,345,51.4,20,1.13553
2025-09-03T07:27:00,345,51.1,20,1.14254
2025-09-03T07:30:00,348,50.8,20,1.14955
2025-09-03T07:33:00,353,50.8,20,1.14955
2025-09-03T07:36:00,356,50.5,20,1.15656
2025-09-03T07:39:00,354,50.4,20,1.15889
2025-09-03T07:42:00,352,50.3,20,1.16123
2025-09-03T07:45:00,355,49.9,20,1.17058
2025-09-03T07:48:00,355,50,20,1.16824
2025-09-03T07:51:00,357,49.8,20,1.17291
2025-09-03T07:54:00,358,49.8,20,1.17291
2025-09-03T07:57:00,361,49.7,20,1.17525
2025-09-03T08:00:00,358,48.9,20,1.19394
2025-09-03T08:03:00,361,48.6,20,1.20095
2025-09-03T08:06:00,358,48.3,20,1.20796
2025-09-03T08:09:00,353,47.8,19,1.14613
2025-09-03T08:12:00,354,48.2,19,1.13735
2025-09-03T08:15:00,355,47.9,20,1.21731
2025-09-03T08:18:00,353,47.8,20,1.21964
2025-09-03T08:21:00,358,47.3,20,1.23132
2025-09-03T08:24:00,363,47.3,20,1.23132
2025-09-03T08:27:00,368,47.1,20,1.236
2025-09-03T08:30:00,369,46.8,20,1.24301
2025-09-03T08:33:00,361,46.6,20,1.24768
2025-09-03T08:36:00,361,46.5,20,1.25002
2025-09-03T08:39:00,365,46.3,20,1.25469
2025-09-03T08:42:00,364.5,46.1,20,1.25936
2025-09-03T08:45:00,364,45.9,20,1.26404
2025-09-03T08:48:00,369,45.8,20,1.26637
2025-09-03T08:51:00,370,45.4,20,1.27572
2025-09-03T08:54:00,369,45.2,20,1.28039
2025-09-03T08:57:00,369,44.7,20,1.29207
2025-09-03T09:00:00,369,45.1,20,1.28273
2025-09-03T09:03:00,370,45.2,20,1.28039
2025-09-03T09:06:00,371,45.8,20,1.26637
2025-09-03T09:09:00,370,45.6,20,1.27104
2025-09-03T09:12:00,374,45.8,20,1.26637
2025-09-03T09:15:00,376,46.4,20,1.25235
2025-09-03T09:18:00,374,46.4,20,1.25235
2025-09-03T09:21:00,378,45.3,20,1.27805
2025-09-03T09:24:00,379,47,20,1.23833
2025-09-03T09:27:00,396,47.5,20,1.22665
2025-09-03T09:30:00,435,46.1,20,1.25936
2025-09-03T09:33:00,405,45.9,20,1.26404
2025-09-03T09:36:00,429,44.7,20,1.29207
2025-09-03T09:39:00,439,45.7,20,1.26871
2025-09-03T09:42:00,428,45.2,20,1.28039
2025-09-03T09:45:00,445,46.1,20,1.25936
2025-09-03T09:48:00,469,45.3,20,1.27805
2025-09-03T09:51:00,454,46.9,20,1.24067
2025-09-03T09:54:00,499,43.7,21,1.39914
2025-09-03T09:57:00,479,44.9,20,1.2874
2025-09-03T10:00:00,453,45.2,20,1.28039
2025-09-03T10:03:00,443,43.9,20,1.31076
2025-09-03T10:06:00,441,43.8,20,1.3131
2025-09-03T10:09:00,446,44.6,20,1.29441
2025-09-03T10:12:00,442,43.9,20,1.31076
2025-09-03T10:15:00,438,45.4,20,1.27572
2025-09-03T10:18:00,429,43.8,20,1.3131
2025-09-03T10:21:00,421,43.8,20,1.3131
2025-09-03T10:24:00,432,43.4,20,1.32245
2025-09-03T10:27:00,443,43.4,20,1.32245
2025-09-03T10:30:00,440,44.3,20,1.30142
2025-09-03T10:33:00,439,44.2,19,1.22518
2025-09-03T10:36:00,448,43,20,1.33179
2025-09-03T10:39:00,454,43.2,20,1.32712
2025-09-03T10:42:00,454,43.1,20,1.32946
2025-09-03T10:45:00,450,42.9,20,1.33413
2025-09-03T10:48:00,424,42.7,20,1.3388
2025-09-03T10:51:00,419,43.8,20,1.3131
2025-09-03T10:54:00,413,43.8,19,1.23396
2025-09-03T10:57:00,417,43.3,20,1.32478
2025-09-03T11:00:00,425,42.5,20,1.34348
2025-09-03T11:03:00,434,41.7,20,1.36217
2025-09-03T11:06:00,432,41.1,21,1.46376
2025-09-03T11:09:00,446,41.9,20,1.35749
2025-09-03T11:12:00,447,42.6,20,1.34114
2025-09-03T11:15:00,430,41.7,20,1.36217
2025-09-03T11:18:00,422,39.8,20,1.40656
2025-09-03T11:21:00,408,38.9,21,1.51843
2025-09-03T11:24:00,412,38.6,21,1.52588
2025-09-03T11:27:00,416,39.8,20,1.40656
2025-09-03T11:30:00,434,39.6,20,1.41123
2025-09-03T11:33:00,431,38.3,21,1.53334
2025-09-03T11:36:00,449,39.1,20,1.42292
2025-09-03T11:39:00,486,38.7,20,1.43226
2025-09-03T11:42:00,463,38.7,21,1.5234
2025-09-03T11:45:00,431,41.3,19,1.28885
2025-09-03T11:48:00,444,39.5,20,1.41357
2025-09-03T11:51:00,442,37.7,21,1.54825
2025-09-03T11:54:00,433,38.5,19,1.35033
2025-09-03T11:57:00,425,41.8,18,1.20028
2025-09-03T12:00:00,424,39.2,20,1.42058
2025-09-03T12:03:00,430,38.1,20,1.44628
2025-09-03T12:06:00,419,42.2,18,1.19203
2025-09-03T12:09:00,411,39.5,19,1.32837
2025-09-03T12:12:00,418,47.4,20,1.22899
2025-09-03T12:15:00,416,61.9,16,0.69221
2025-09-03T12:18:00,401,59.8,18,0.82906
2025-09-03T12:21:00,425,57,18,0.8868
2025-09-03T12:24:00,416,60,17,0.77447
2025-09-03T12:27:00,400,54.4,18,0.94042
2025-09-03T12:30:00,391,54.3,18,0.94249
2025-09-03T12:33:00,409,50.9,19,1.07807
2025-09-03T12:36:00,414,51.1,19,1.07368
2025-09-03T12:39:00,421,52.8,19,1.03635
2025-09-03T12:42:00,430,54.5,17,0.88095
2025-09-03T12:45:00,417,54.8,18,0.93217
2025-09-03T12:48:00,407,54.2,18,0.94455
2025-09-03T12:51:00,417,50.7,19,1.08246
2025-09-03T12:54:00,416,56.7,17,0.83836
2025-09-03T12:57:00,414,51.6,19,1.0627
2025-09-03T13:00:00,421,52.1,19,1.05172
2025-09-03T13:03:00,419,55.6,18,0.91568
2025-09-03T13:06:00,413,51.7,19,1.0605
2025-09-03T13:09:00,416,54.9,18,0.93011
2025-09-03T13:12:00,408,52.7,17,0.91581
2025-09-03T13:15:00,412,50.1,20,1.1659
2025-09-03T13:18:00,408,52.4,18,0.98167
2025-09-03T13:21:00,407,48.7,19,1.12637
2025-09-03T13:24:00,412,46.7,19,1.17029
2025-09-03T13:27:00,417,42.7,20,1.3388
2025-09-03T13:30:00,413,49.7,19,1.10442
2025-09-03T13:33:00,403,51,20,1.14487
2025-09-03T13:36:00,397,51,20,1.14487
2025-09-03T13:39:00,397,53.9,18.5,0.98104
2025-09-03T13:42:00,397,56.8,17,0.83642
2025-09-03T13:45:00,404,57.9,18,0.86824
2025-09-03T13:48:00,421,53.3,19,1.02537
2025-09-03T13:51:00,400,50.7,20,1.15188
2025-09-03T13:54:00,443,53.1,20,1.09581
2025-09-03T13:57:00,456,53.7,20,1.08179
2025-09-03T14:00:00,410,62.4,17,0.728
2025-09-03T14:03:00,400,58.2,17,0.80932
2025-09-03T14:06:00,393,57.5,17,0.82287
2025-09-03T14:09:00,395,56.5,19,0.95511
2025-09-03T14:12:00,412,57,18,0.8868
2025-09-03T14:15:00,409,53.5,19,1.02098
2025-09-03T14:18:00,417,54.3,18,0.94249
2025-09-03T14:21:00,425,53.9,19,1.0122
2025-09-03T14:24:00,426,53.6,19,1.01879
2025-09-03T14:27:00,433,53.3,20,1.09114
2025-09-03T14:30:00,441,53.6,20,1.08413
2025-09-03T14:33:00,428,59.5,18,0.83524
2025-09-03T14:36:00,435,59.7,18,0.83112
2025-09-03T14:39:00,428,60.8,17,0.75898
2025-09-03T14:42:00,417,58.7,18,0.85174
2025-09-03T14:45:00,415,59.5,18,0.83524
2025-09-03T14:48:00,394,58.8,18,0.84968
2025-09-03T14:51:00,402,54,19,1.01
2025-09-03T14:54:00,418,57,18,0.8868
2025-09-03T14:57:00,455,55.7,19,0.97268
2025-09-03T15:00:00,384,54.7,19,0.99463
2025-09-03T15:03:00,421,53.1,19,1.02976
2025-09-03T15:06:00,380,51.8,20,1.12618
2025-09-03T15:09:00,419,50.6,20,1.15422
2025-09-03T15:12:00,373,55.4,18,0.9198
2025-09-03T15:15:00,390,53.7,19,1.01659
2025-09-03T15:18:00,459,50.1,20,1.1659
2025-09-03T15:21:00,464,55.7,18,0.91361
2025-09-03T15:24:00,409,53.6,19,1.01879
2025-09-03T15:27:00,405,49.6,21,1.25252
2025-09-03T15:30:00,420,50.6,19,1.08465
2025-09-03T15:33:00,441,51.1,19,1.07368
2025-09-03T15:36:00,456,48.3,20,1.20796
2025-09-03T15:39:00,440,46.4,20,1.25235
2025-09-03T15:42:00,408,51.5,19,1.06489
2025-09-03T15:45:00,454,52.6,20,1.10749
2025-09-03T15:48:00,448,52.8,20,1.10282
2025-09-03T15:51:00,425,59.5,18,0.83524
2025-09-03T15:54:00,380,60.1,18,0.82287
2025-09-03T15:57:00,371,59.1,18,0.84349
2025-09-03T16:00:00,366,51.3,20,1.13787
2025-09-03T16:03:00,378,60.5,18,0.81462
2025-09-03T16:06:00,364,58.2,19,0.91778
2025-09-03T16:09:00,364,55.5,20,1.03973
2025-09-03T16:12:00,375,55.6,20,1.0374
2025-09-03T16:15:00,386,57.8,18,0.8703
2025-09-03T16:18:00,372,59.4,18,0.83731
2025-09-03T16:21:00,375,55.5,20,1.03973
2025-09-03T16:24:00,378,58.4,18,0.85793
2025-09-03T16:27:00,379,60.2,18,0.82081
2025-09-03T16:30:00,389,57.9,19,0.92437
2025-09-03T16:33:00,389,59.7,18,0.83112
2025-09-03T16:36:00,388,58.1,19,0.91998
2025-09-03T16:39:00,369,55.4,19,0.97926
2025-09-03T16:42:00,361,50,21,1.24258
2025-09-03T16:45:00,352,52.7,20,1.10515
2025-09-03T16:48:00,358,52.7,21,1.17548
2025-09-03T16:51:00,351,52.4,21,1.18293
2025-09-03T16:54:00,363,53.2,20,1.09347
2025-09-03T16:57:00,360,50.3,21,1.23512
2025-09-03T17:00:00,356,52.5,20,1.10983
2025-09-03T17:03:00,353,52.1,20,1.11917
2025-09-03T17:06:00,346,50.5,21,1.23015
2025-09-03T17:09:00,347,50.3,20,1.16123
2025-09-03T17:12:00,359,47.9,21,1.29476
2025-09-03T17:15:00,362,49.2,21,1.26246
2025-09-03T17:18:00,361,49.3,20,1.1846
2025-09-03T17:21:00,362,47.4,20,1.22899
2025-09-03T17:24:00,358,46.1,20,1.25936
2025-09-03T17:27:00,361,43.4,20,1.32245
2025-09-03T17:30:00,362,43.3,21,1.40908
2025-09-03T17:33:00,362,41.6,21,1.45133
2025-09-03T17:36:00,347,47.2,21,1.31216
2025-09-03T17:39:00,342,53.6,19,1.01879
2025-09-03T17:42:00,346,55.5,19,0.97707
2025-09-03T17:45:00,345,55.9,19,0.96828
2025-09-03T17:48:00,345,54.8,20,1.05609
2025-09-03T17:51:00,343,54.7,20,1.05843
2025-09-03T17:54:00,341,54.6,20,1.06076
2025-09-03T17:57:00,342,50.7,20,1.15188
2025-09-03T18:00:00,342,53.6,20,1.08413
2025-09-03T18:03:00,342,54.2,20,1.07011
2025-09-03T18:06:00,339,54,20,1.07478
2025-09-03T18:09:00,336,55.3,19,0.98146
2025-09-03T18:12:00,336,49.7,20,1.17525
2025-09-03T18:15:00,334,54.6,19,0.99683
2025-09-03T18:18:00,336,54.7,19,0.99463
2025-09-03T18:21:00,336,54.5,20,1.0631
2025-09-03T18:24:00,336,55.3,19,0.98146
2025-09-03T18:27:00,339,55.2,19,0.98365
2025-09-03T18:30:00,338,50.8,20,1.14955
2025-09-03T18:33:00,339,47.8,20,1.21964
2025-09-03T18:36:00,336,51.7,20,1.12852
2025-09-03T18:39:00,337,52.8,20,1.10282
2025-09-03T18:42:00,336,53.6,20,1.08413
2025-09-03T18:45:00,336,54.1,20,1.07244
2025-09-03T18:48:00,337,52.8,20,1.10282
2025-09-03T18:51:00,337,50.5,20,1.15656
2025-09-03T18:54:00,335,49.1,20,1.18927
2025-09-03T18:57:00,333,52.9,20,1.10048
2025-09-03T19:00:00,331,54,20,1.07478
2025-09-03T19:03:00,331,54.7,20,1.05843
2025-09-03T19:06:00,329,53.7,20,1.08179
2025-09-03T19:09:00,331,52.5,20,1.10983
2025-09-03T19:12:00,330,50.5,20,1.15656
2025-09-03T19:15:00,330,48.4,20,1.20562
2025-09-03T19:18:00,331,50.5,20,1.15656
2025-09-03T19:21:00,329,51,20,1.14487
2025-09-03T19:24:00,328,51.1,20,1.14254
2025-09-03T19:27:00,329,51.3,20,1.13787
2025-09-03T19:30:00,328,49.4,20,1.18226
2025-09-03T19:33:00,329,47.7,20,1.22198
2025-09-03T19:36:00,328,49.6,20,1.17759
2025-09-03T19:39:00,330,48.9,20,1.19394
2025-09-03T19:42:00,329,47.9,20,1.21731
2025-09-03T19:45:00,328,48,20,1.21497
2025-09-03T19:48:00,328,47.8,20,1.21964
2025-09-03T19:51:00,327,47.8,20,1.21964
2025-09-03T19:54:00,327,47.6,20,1.22432
2025-09-03T19:57:00,328,46.7,20,1.24534
2025-09-03T20:00:00,328,47,20,1.23833
2025-09-03T20:03:00,0,46.3,19,1.17907
2025-09-03T20:06:00,0,48.5,19,1.13076
2025-09-03T20:09:00,0,50.8,20,1.14955
2025-09-03T20:12:00,0,49.7,19,1.10442
2025-09-03T20:15:00,0,49.4,19,1.111
2025-09-03T20:18:00,0,50,19,1.09783
2025-09-03T20:21:00,0,51.6,19,1.0627
2025-09-03T20:24:00,0,51.4,19,1.06709
2025-09-03T20:27:00,0,54.6,19,0.99683
2025-09-03T20:30:00,0,56.7,19,0.95072
2025-09-03T20:33:00,0,57.2,19,0.93974
2025-09-03T20:36:00,0,58.4,19,0.91339
2025-09-03T20:39:00,0,58.3,19,0.91559
2025-09-03T20:42:00,0,57.9,18,0.86824
2025-09-03T20:45:00,0,57.6,18,0.87443
2025-09-03T20:48:00,0,57.2,18,0.88268
2025-09-03T20:51:00,0,58,18,0.86618
2025-09-03T20:54:00,0,57.8,18,0.8703
2025-09-03T20:57:00,0,57.3,18,0.88062
2025-09-03T21:00:00,0,56.1,18,0.90536
2025-09-03T21:03:00,0,55.3,18,0.92186
2025-09-03T21:06:00,0,53.7,18,0.95486
2025-09-03T21:09:00,0,55.5,18,0.91774
2025-09-03T21:12:00,0,54.4,18,0.94042
2025-09-03T21:15:00,0,53.2,19,1.02757
2025-09-03T21:18:00,0,52.4,19,1.04513
2025-09-03T21:21:00,0,51.8,19,1.05831
2025-09-03T21:24:00,0,51.4,19,1.06709
2025-09-03T21:27:00,0,50.9,19,1.07807
2025-09-03T21:30:00,0,50.7,19,1.08246
2025-09-03T21:33:00,0,50.4,19,1.08905
2025-09-03T21:36:00,0,50.2,19,1.09344
2025-09-03T21:39:00,0,50,19,1.09783
2025-09-03T21:42:00,0,49.8,19,1.10222
2025-09-03T21:45:00,0,49.6,19,1.10661
2025-09-03T21:48:00,0,49.3,19,1.1132
2025-09-03T21:51:00,0,49.2,19,1.11539
2025-09-03T21:54:00,0,48.9,19,1.12198
2025-09-03T21:57:00,0,48.8,19,1.12418
2025-09-03T22:00:00,0,48.6,19,1.12857
2025-09-03T22:03:00,0,48.5,19,1.13076
2025-09-03T22:06:00,0,48.2,19,1.13735
2025-09-03T22:09:00,0,48,19,1.14174
2025-09-03T22:12:00,0,47.7,19,1.14833
2025-09-03T22:15:00,0,47.6,19,1.15052
2025-09-03T22:18:00,0,47.5,19,1.15272
2025-09-03T22:21:00,0,47.8,19,1.14613
2025-09-03T22:24:00,0,47.8,19,1.14613
2025-09-03T22:27:00,0,47.8,19,1.14613
2025-09-03T22:30:00,0,48.2,19,1.13735
2025-09-03T22:33:00,0,49.2,19,1.11539
2025-09-03T22:36:00,0,49.6,19,1.10661
2025-09-03T22:39:00,0,49.6,19,1.10661
2025-09-03T22:42:00,0,49.8,19,1.10222
2025-09-03T22:45:00,0,51,19,1.07587
2025-09-03T22:48:00,0,51.4,19,1.06709
2025-09-03T22:51:00,0,52.1,19,1.05172
2025-09-03T22:54:00,0,52.9,19,1.03415
2025-09-03T22:57:00,0,53.9,19,1.0122
2025-09-03T23:00:00,0,54.3,19,1.00342
2025-09-03T23:03:00,0,55.3,19,0.98146
2025-09-03T23:06:00,0,57.7,19,0.92876
2025-09-03T23:09:00,0,59.7,19,0.88485
2025-09-03T23:12:00,0,61,19,0.85631
2025-09-03T23:15:00,0,62.1,19,0.83215
2025-09-03T23:18:00,0,63.1,19,0.8102
2025-09-03T23:21:00,0,64,19,0.79044
2025-09-03T23:24:00,0,64.9,19,0.77068
2025-09-03T23:27:00,0,65.5,19,0.7575
2025-09-03T23:30:00,0,66.3,19,0.73994
2025-09-03T23:33:00,0,66.7,19,0.73115
2025-09-03T23:36:00,0,67.3,19,0.71798
2025-09-03T23:39:00,0,67.6,19,0.71139
2025-09-03T23:42:00,0,68.2,19,0.69822
2025-09-03T23:45:00,0,68.3,19,0.69602
2025-09-03T23:48:00,0,68.7,19,0.68724
2025-09-03T23:51:00,0,69.1,19,0.67846
2025-09-03T23:54:00,0,69.3,19,0.67407
2025-09-03T23:57:00,0,69.7,19,0.66528
2025-09-04T00:00:00,0,70,19,0.6587
2025-09-04T00:03:00,0,70.1,19,0.6565
2025-09-04T00:06:00,0,70.3,19,0.65211
2025-09-04T00:09:00,0,70.5,19,0.64772
2025-09-04T00:12:00,0,70.6,19,0.64552
2025-09-04T00:15:00,0,71,19,0.63674
2025-09-04T00:18:00,0,71.1,19,0.63455
2025-09-04T00:21:00,0,71.5,19,0.62576
2025-09-04T00:24:00,0,71.5,19,0.62576
2025-09-04T00:27:00,0,71.7,19,0.62137
2025-09-04T00:30:00,0,71.7,19,0.62137
2025-09-04T00:33:00,0,72.3,19,0.6082
2025-09-04T00:36:00,0,72.8,19,0.59722
2025-09-04T00:39:00,0,73.2,19,0.58844
2025-09-04T00:42:00,0,73.7,19,0.57746
2025-09-04T00:45:00,0,73.9,19,0.57307
2025-09-04T00:48:00,0,74.1,19,0.56868
2025-09-04T00:51:00,0,74.3,19,0.56428
2025-09-04T00:54:00,0,74.6,19,0.5577
2025-09-04T00:57:00,0,75,19,0.54891
2025-09-04T01:00:00,0,75.3,19,0.54233
2025-09-04T01:03:00,0,75.3,19,0.54233
2025-09-04T01:06:00,0,75.4,19,0.54013
2025-09-04T01:09:00,0,75.7,19,0.53354
2025-09-04T01:12:00,0,75.8,19,0.53135
2025-09-04T01:15:00,0,75.9,19,0.52915
2025-09-04T01:18:00,0,76,19,0.52696
2025-09-04T01:21:00,0,76.2,19,0.52257
2025-09-04T01:24:00,0,76,19,0.52696
2025-09-04T01:27:00,0,76.3,19,0.52037
2025-09-04T01:30:00,0,76.5,19,0.51598
2025-09-04T01:33:00,0,76.5,19,0.51598
2025-09-04T01:36:00,0,76.5,19,0.51598
2025-09-04T01:39:00,0,76.6,19,0.51378
2025-09-04T01:42:00,0,76.3,19,0.52037
2025-09-04T01:45:00,0,76.4,19,0.51818
2025-09-04T01:48:00,0,76.4,19,0.51818
2025-09-04T01:51:00,0,76.3,19,0.52037
2025-09-04T01:54:00,0,76.3,19,0.52037
2025-09-04T01:57:00,0,76.4,19,0.51818
2025-09-04T02:00:00,0,76.3,19,0.52037
2025-09-04T02:03:00,0,76.5,19,0.51598
2025-09-04T02:06:00,0,76.7,19,0.51159
2025-09-04T02:09:00,0,77,19,0.505
2025-09-04T02:12:00,0,77,19,0.505
2025-09-04T02:15:00,0,77.1,19,0.50281
2025-09-04T02:18:00,0,77.1,19,0.50281
2025-09-04T02:21:00,0,77.3,19,0.49841
2025-09-04T02:24:00,0,77.25,19,0.49951
2025-09-04T02:27:00,0,77.2,19,0.50061
2025-09-04T02:30:00,0,77.4,19,0.49622
2025-09-04T02:33:00,0,77.4,19,0.49622
2025-09-04T02:36:00,0,77.5,19,0.49402
2025-09-04T02:39:00,0,77.5,19,0.49402
2025-09-04T02:42:00,0,77.7,19,0.48963
2025-09-04T02:45:00,0,77.7,19,0.48963
2025-09-04T02:48:00,0,77.8,19,0.48744
2025-09-04T02:51:00,0,77.8,19,0.48744
2025-09-04T02:54:00,0,77.9,19,0.48524
2025-09-04T02:57:00,0,77.8,19,0.48744
2025-09-04T03:00:00,0,77.8,19,0.48744
2025-09-04T03:03:00,0,77.8,19,0.48744
2025-09-04T03:06:00,0,77.8,19,0.48744
2025-09-04T03:09:00,0,77.9,19,0.48524
2025-09-04T03:12:00,0,77.9,19,0.48524
2025-09-04T03:15:00,0,77.9,19,0.48524
2025-09-04T03:18:00,0,77.8,19,0.48744
2025-09-04T03:21:00,0,77.7,19,0.48963
2025-09-04T03:24:00,0,77.8,19,0.48744
2025-09-04T03:27:00,0,77.8,19,0.48744
2025-09-04T03:30:00,0,77.7,18,0.4599
2025-09-04T03:33:00,0,77.7,18,0.4599
2025-09-04T03:36:00,0,77.7,18,0.4599
2025-09-04T03:39:00,0,77.6,18,0.46196
2025-09-04T03:42:00,0,77.5,18,0.46402
2025-09-04T03:45:00,0,77.6,18,0.46196
2025-09-04T03:48:00,0,77.5,18,0.46402
2025-09-04T03:51:00,0,77.4,18,0.46609
2025-09-04T03:54:00,0,77.4,18,0.46609
2025-09-04T03:57:00,0,77.6,18,0.46196
2025-09-04T04:00:00,0,77.6,18,0.46196
2025-09-04T04:03:00,347,77.4,18,0.46609
2025-09-04T04:06:00,345,76.8,19,0.50939
2025-09-04T04:09:00,343,76.1,19,0.52476
2025-09-04T04:12:00,339,75.6,19,0.53574
2025-09-04T04:15:00,339,75,19,0.54891
2025-09-04T04:18:00,336,74.4,19,0.56209
2025-09-04T04:21:00,335,73.9,20,0.60982
2025-09-04T04:24:00,334,73.4,20,0.6215
2025-09-04T04:27:00,333,72.7,20,0.63786
2025-09-04T04:30:00,333,70.7,20,0.68459
2025-09-04T04:33:00,333,69.9,20,0.70328
2025-09-04T04:36:00,331,68.8,20,0.72898
2025-09-04T04:39:00,331,66.8,20,0.77571
2025-09-04T04:42:00,330,65.3,20,0.81076
2025-09-04T04:45:00,330,64.1,20,0.8388
2025-09-04T04:48:00,328,63.2,20,0.85982
2025-09-04T04:51:00,328,62.5,20,0.87618
2025-09-04T04:54:00,328,61.7,20,0.89487
2025-09-04T04:57:00,329,61.2,20,0.90655
2025-09-04T05:00:00,327,60.6,20,0.92057
2025-09-04T05:03:00,328,60.3,20,0.92758
2025-09-04T05:06:00,328,59.8,20,0.93926
2025-09-04T05:09:00,329,59.5,20,0.94627
2025-09-04T05:12:00,328,59.1,20,0.95562
2025-09-04T05:15:00,328,58.8,20,0.96263
2025-09-04T05:18:00,327,58.3,20,0.97431
2025-09-04T05:21:00,328,57.5,20,0.993
2025-09-04T05:24:00,327,56.5,20,1.01637
2025-09-04T05:27:00,328,56.4,20,1.01871
2025-09-04T05:30:00,327,57.1,20,1.00235
2025-09-04T05:33:00,327,56.4,20,1.01871
2025-09-04T05:36:00,328,56.9,20,1.00702
2025-09-04T05:39:00,326,57.6,20,0.99067
2025-09-04T05:42:00,328,58.5,20,0.96964
2025-09-04T05:45:00,327,59,20,0.95796
2025-09-04T05:48:00,327,59,20,0.95796
2025-09-04T05:51:00,328,59.3,20,0.95095
2025-09-04T05:54:00,326,59.1,19,0.89802
2025-09-04T05:57:00,328,59.4,19,0.89144
2025-09-04T06:00:00,326,59,19,0.90022
2025-09-04T06:03:00,328,58.8,19,0.90461
2025-09-04T06:06:00,328,58.5,19,0.9112
2025-09-04T06:09:00,326,58.1,19,0.91998
2025-09-04T06:12:00,327,58,19,0.92218
2025-09-04T06:15:00,327,57.9,19,0.92437
2025-09-04T06:18:00,328,57.6,19,0.93096
2025-09-04T06:21:00,327,57.5,19,0.93315
2025-09-04T06:24:00,327,57.2,19,0.93974
2025-09-04T06:27:00,328,56.9,19,0.94633
2025-09-04T06:30:00,328,56.7,19,0.95072
2025-09-04T06:33:00,330,56.6,19,0.95292
2025-09-04T06:36:00,329,56.4,19,0.95731
2025-09-04T06:39:00,329,56.2,19,0.9617
2025-09-04T06:42:00,330,56,19,0.96609
2025-09-04T06:45:00,329,55.8,19,0.97048
2025-09-04T06:48:00,329,55.8,19,0.97048
2025-09-04T06:51:00,330,55.5,19,0.97707
2025-09-04T06:54:00,331,55.4,19,0.97926
2025-09-04T06:57:00,331,55.4,19,0.97926
2025-09-04T07:00:00,331,55.3,19,0.98146
2025-09-04T07:03:00,334,55.5,19,0.97707
2025-09-04T07:06:00,333,55.3,19,0.98146
2025-09-04T07:09:00,332,55.4,19,0.97926
2025-09-04T07:12:00,336,55.5,19,0.97707
2025-09-04T07:15:00,338,55,19,0.98805
2025-09-04T07:18:00,338,55,19,0.98805
2025-09-04T07:21:00,338,54.4,19,1.00122
2025-09-04T07:24:00,339,53.8,19,1.01439
2025-09-04T07:27:00,339,53.7,19,1.01659
2025-09-04T07:30:00,341,53.5,19,1.02098
2025-09-04T07:33:00,345,54.1,19,1.00781
2025-09-04T07:36:00,344,53.5,19,1.02098
2025-09-04T07:39:00,341,52.6,19,1.04074
2025-09-04T07:42:00,339,52.8,19,1.03635
2025-09-04T07:45:00,339,53.3,19,1.02537
2025-09-04T07:48:00,347,53.6,19,1.01879
2025-09-04T07:51:00,347,53.6,19,1.01879
2025-09-04T07:54:00,353,52.6,19,1.04074
2025-09-04T07:57:00,347,52.7,19,1.03855
2025-09-04T08:00:00,346,53.2,20,1.09347
2025-09-04T08:03:00,352,52.8,20,1.10282
2025-09-04T08:06:00,349,52,19,1.05392
2025-09-04T08:09:00,355,52,19,1.05392
2025-09-04T08:12:00,357,51.4,20,1.13553
2025-09-04T08:15:00,350,51.1,20,1.14254
2025-09-04T08:18:00,352,51.4,19,1.06709
2025-09-04T08:21:00,363,50.3,20,1.16123
2025-09-04T08:24:00,350,49.9,19,1.10002
2025-09-04T08:27:00,350,49,20,1.1916
2025-09-04T08:30:00,351,49.4,19,1.111
2025-09-04T08:33:00,361,49.8,20,1.17291
2025-09-04T08:36:00,356,48.7,20,1.19861
2025-09-04T08:39:00,360,48.5,20,1.20329
2025-09-04T08:42:00,362,48.4,20,1.20562
2025-09-04T08:45:00,350,47.8,20,1.21964
2025-09-04T08:48:00,354,47.5,20,1.22665
2025-09-04T08:51:00,353,46.1,20,1.25936
2025-09-04T08:54:00,354,46.2,20,1.25703
2025-09-04T08:57:00,350,47.5,19,1.15272
2025-09-04T09:00:00,356,46.3,20,1.25469
2025-09-04T09:03:00,357,46,20,1.2617
2025-09-04T09:06:00,353,46.2,19,1.18126
2025-09-04T09:09:00,351,45,20,1.28506
2025-09-04T09:12:00,375,44.5,20,1.29675
2025-09-04T09:15:00,368,44.9,20,1.2874
2025-09-04T09:18:00,353,42.9,20,1.33413
2025-09-04T09:21:00,356,43.3,20,1.32478
2025-09-04T09:24:00,354,43.3,20,1.32478
2025-09-04T09:27:00,458,43.2,20,1.32712
2025-09-04T09:30:00,542,41.8,20,1.35983
2025-09-04T09:33:00,501,41.9,20,1.35749
2025-09-04T09:36:00,596,42.5,20,1.34348
2025-09-04T09:39:00,630,40.9,20,1.38086
2025-09-04T09:42:00,374,41.1,20,1.37619
2025-09-04T09:45:00,517,41.7,20,1.36217
2025-09-04T09:48:00,591,41.4,20,1.36918
2025-09-04T09:51:00,370,41.3,20,1.37151
2025-09-04T09:54:00,358,41.9,20,1.35749
2025-09-04T09:57:00,377,41.5,20,1.36684
2025-09-04T10:00:00,364,41.7,20,1.36217
2025-09-04T10:03:00,361,41.3,20,1.37151
2025-09-04T10:06:00,374,41.6,20,1.3645
2025-09-04T10:09:00,512,41.7,20,1.36217
2025-09-04T10:12:00,518,41.2,20,1.37385
2025-09-04T10:15:00,480,40.3,20,1.39488
2025-09-04T10:18:00,384,41.3,20,1.37151
2025-09-04T10:21:00,371,42.5,19,1.2625
2025-09-04T10:24:00,539,42.1,19,1.27129
2025-09-04T10:27:00,372,42.8,19,1.25592
2025-09-04T10:30:00,356,40.6,20,1.38787
2025-09-04T10:33:00,361,39.8,20,1.40656
2025-09-04T10:36:00,355,39.9,20,1.40422
2025-09-04T10:39:00,375,40.1,20,1.39955
2025-09-04T10:42:00,364,41.9,19,1.27568
2025-09-04T10:45:00,382,41,20,1.37852
2025-09-04T10:48:00,382,41.4,19,1.28666
2025-09-04T10:51:00,371,42,19,1.27348
2025-09-04T10:54:00,372,40.9,20,1.38086
2025-09-04T10:57:00,377,41.5,19,1.28446
2025-09-04T11:00:00,459,40.3,20,1.39488
2025-09-04T11:03:00,533,43,19,1.25152
2025-09-04T11:06:00,368,41.8,19,1.27787
2025-09-04T11:09:00,398,43.1,19,1.24933
2025-09-04T11:12:00,469,41.3,19,1.28885
2025-09-04T11:15:00,534,41.8,19,1.27787
2025-09-04T11:18:00,364,42.1,19,1.27129
2025-09-04T11:21:00,511,41.6,19,1.28226
2025-09-04T11:24:00,384,42,19,1.27348
2025-09-04T11:27:00,362,41.8,19,1.27787
2025-09-04T11:30:00,363,40.5,19,1.30642
2025-09-04T11:33:00,475,40.9,19,1.29763
2025-09-04T11:36:00,347,41.3,19,1.28885
2025-09-04T11:39:00,350,40.5,20,1.39021
2025-09-04T11:42:00,353,40.8,20,1.3832
2025-09-04T11:45:00,350,41.1,20,1.37619
2025-09-04T11:48:00,356,42.3,20,1.34815
2025-09-04T11:51:00,367,43.2,20,1.32712
2025-09-04T11:54:00,366,43.5,20,1.32011
2025-09-04T11:57:00,352,43.3,20,1.32478
2025-09-04T12:00:00,337,43.9,20,1.31076
2025-09-04T12:03:00,339,44.1,20,1.30609
2025-09-04T12:06:00,350,45.5,20,1.27338
2025-09-04T12:09:00,357,46.8,20,1.24301
2025-09-04T12:12:00,346,47.5,19,1.15272
2025-09-04T12:15:00,350,46.3,19,1.17907
2025-09-04T12:18:00,346,44.8,19,1.212
2025-09-04T12:21:00,337,45.9,19,1.18785
2025-09-04T12:24:00,335,45.5,19,1.19663
2025-09-04T12:27:00,343,46.3,20,1.25469
2025-09-04T12:30:00,353,47.5,19,1.15272
2025-09-04T12:33:00,362,46.7,19,1.17029
2025-09-04T12:36:00,369,46.1,19,1.18346
2025-09-04T12:39:00,469,47.2,19,1.15931
2025-09-04T12:42:00,430,49.2,19,1.11539
2025-09-04T12:45:00,415,48.9,19,1.12198
2025-09-04T12:48:00,428,47.2,19,1.15931
2025-09-04T12:51:00,398,46.4,19,1.17687
2025-09-04T12:54:00,406,45,20,1.28506
2025-09-04T12:57:00,413,43.9,20,1.31076
2025-09-04T13:00:00,412,42.7,20,1.3388
2025-09-04T13:03:00,411,42,20,1.35516
2025-09-04T13:06:00,402,41.3,20,1.37151
2025-09-04T13:09:00,397,41,20,1.37852
2025-09-04T13:12:00,394,40.1,20,1.39955
2025-09-04T13:15:00,381,40.1,20,1.39955
2025-09-04T13:18:00,369,39.9,21,1.49358
2025-09-04T13:21:00,353,40.7,20,1.38553
2025-09-04T13:24:00,346,40.4,20,1.39254
2025-09-04T13:27:00,378,41,20,1.37852
2025-09-04T13:30:00,382,42.2,19,1.26909
2025-09-04T13:33:00,391,41.9,20,1.35749
2025-09-04T13:36:00,392,41.1,20,1.37619
2025-09-04T13:39:00,380,41.3,20,1.37151
2025-09-04T13:42:00,413,40.5,20,1.39021
2025-09-04T13:45:00,373,41.2,20,1.37385
2025-09-04T13:48:00,372,41.2,19,1.29105
2025-09-04T13:51:00,397,42.3,19,1.26689
2025-09-04T13:54:00,363,43.3,19,1.24494
2025-09-04T13:57:00,348,42.4,20,1.34581
2025-09-04T14:00:00,349,40.5,20,1.39021
2025-09-04T14:03:00,354,40,21,1.49109
2025-09-04T14:06:00,367,39.8,20,1.40656
2025-09-04T14:09:00,367,40.6,20,1.38787
2025-09-04T14:12:00,367,40.9,19,1.29763
2025-09-04T14:15:00,369,40.2,20,1.39721
2025-09-04T14:18:00,383,39.7,20,1.4089
2025-09-04T14:21:00,376,41.6,19,1.28226
2025-09-04T14:24:00,386,42.3,19,1.26689
2025-09-04T14:27:00,375,42,19,1.27348
2025-09-04T14:30:00,353,42.6,20,1.34114
2025-09-04T14:33:00,360,43.1,21,1.41405
2025-09-04T14:36:00,376,44.6,20,1.29441
2025-09-04T14:39:00,375,46.5,18,1.10335
2025-09-04T14:42:00,364,45.3,19,1.20102
2025-09-04T14:45:00,550,46.4,19,1.17687
2025-09-04T14:48:00,413,46.5,19,1.17468
2025-09-04T14:51:00,352,46.6,19,1.17248
2025-09-04T14:54:00,357,47.7,20,1.22198
2025-09-04T14:57:00,520,48,20,1.21497
2025-09-04T15:00:00,534,52.3,19,1.04733
2025-09-04T15:03:00,579,50.5,19,1.08685
2025-09-04T15:06:00,394,48.8,19,1.12418
2025-09-04T15:09:00,399,47.1,19,1.1615
2025-09-04T15:12:00,576,43.4,20,1.32245
2025-09-04T15:15:00,443,43.8,19,1.23396
2025-09-04T15:18:00,552,42.1,20,1.35282
2025-09-04T15:21:00,575,39.3,21,1.50849
2025-09-04T15:24:00,577,38.3,21,1.53334
2025-09-04T15:27:00,580,38.1,20,1.44628
2025-09-04T15:30:00,375,39,20,1.42525
2025-09-04T15:33:00,395,38.7,21,1.5234
2025-09-04T15:36:00,342,41.4,19,1.28666
2025-09-04T15:39:00,345,43.9,19,1.23176
2025-09-04T15:42:00,361,45.5,20,1.27338
2025-09-04T15:45:00,378,45,20,1.28506
2025-09-04T15:48:00,469,47.8,18,1.07654
2025-09-04T15:51:00,361,45.8,19,1.19005
2025-09-04T15:54:00,353,45.1,19,1.20542
2025-09-04T15:57:00,394,43.7,20,1.31544
2025-09-04T16:00:00,416,46.6,18,1.10129
2025-09-04T16:03:00,415,44.1,19,1.22737
2025-09-04T16:06:00,408,43.4,19,1.24274
2025-09-04T16:09:00,423,42.1,19,1.27129
2025-09-04T16:12:00,370,41.2,19,1.29105
2025-09-04T16:15:00,339,41.2,19,1.29105
2025-09-04T16:18:00,344,41,20,1.37852
2025-09-04T16:21:00,363,42.6,20,1.34114
2025-09-04T16:24:00,347,46.8,19,1.16809
2025-09-04T16:27:00,347,47.3,20,1.23132
2025-09-04T16:30:00,360,45.4,19,1.19883
2025-09-04T16:33:00,355,45.3,20,1.27805
2025-09-04T16:36:00,345,43.8,20,1.3131
2025-09-04T16:39:00,339,43.3,21,1.40908
2025-09-04T16:42:00,352,43.9,21,1.39417
2025-09-04T16:45:00,473,45,20,1.28506
2025-09-04T16:48:00,433,48.2,18,1.06829
2025-09-04T16:51:00,349,47.3,19,1.15711
2025-09-04T16:54:00,342,45.8,19,1.19005
2025-09-04T16:57:00,389,43.3,20,1.32478
2025-09-04T17:00:00,389,44.7,18,1.14047
2025-09-04T17:03:00,389,43.6,18,1.16316
2025-09-04T17:06:00,358,42.5,18,1.18584
2025-09-04T17:09:00,376,41.7,19,1.28007
2025-09-04T17:12:00,356,40.5,19,1.30642
2025-09-04T17:15:00,393,40.6,19,1.30422
2025-09-04T17:18:00,381,41.5,18,1.20646
2025-09-04T17:21:00,370,55.4,18,0.9198
2025-09-04T17:24:00,372,59.3,18,0.83937
2025-09-04T17:27:00,375,57.2,18,0.88268
2025-09-04T17:30:00,381,57.3,18,0.88062
2025-09-04T17:33:00,379,57,18,0.8868
2025-09-04T17:36:00,369,54,19,1.01
2025-09-04T17:39:00,340,51.4,19,1.06709
2025-09-04T17:42:00,380,51.8,20,1.12618
2025-09-04T17:45:00,358,50.4,20,1.15889
2025-09-04T17:48:00,386,52.8,19,1.03635
2025-09-04T17:51:00,357,51.2,19,1.07148
2025-09-04T17:54:00,431,49.2,20,1.18693
2025-09-04T17:57:00,391,46.5,20,1.25002
2025-09-04T18:00:00,376,47.2,21,1.31216
2025-09-04T18:03:00,345,49.7,20,1.17525
2025-09-04T18:06:00,339,51.5,20,1.13319
2025-09-04T18:09:00,345,52.4,20,1.11216
2025-09-04T18:12:00,369,49.6,20,1.17759
2025-09-04T18:15:00,337,50.3,20,1.16123
2025-09-04T18:18:00,335.5,50.3,20,1.16123
2025-09-04T18:21:00,334,50.3,20,1.16123
2025-09-04T18:24:00,333,46.2,20,1.25703
2025-09-04T18:27:00,333,48.6,20,1.20095
2025-09-04T18:30:00,347,45.8,19,1.19005
2025-09-04T18:33:00,336,47.6,19,1.15052
2025-09-04T18:36:00,335,48,20,1.21497
2025-09-04T18:39:00,336,46.6,19,1.17248
2025-09-04T18:42:00,338,47.2,19,1.15931
2025-09-04T18:45:00,339,47,19,1.1637
2025-09-04T18:48:00,336,43.6,19,1.23835
2025-09-04T18:51:00,336,42.2,19,1.26909
2025-09-04T18:54:00,336,42.1,19,1.27129
2025-09-04T18:57:00,333,46.1,19,1.18346
2025-09-04T19:00:00,334,45.4,20,1.27572
2025-09-04T19:03:00,336,45.2,20,1.28039
2025-09-04T19:06:00,333,43.7,19,1.23616
2025-09-04T19:09:00,332,43,19,1.25152
2025-09-04T19:12:00,331,44.7,20,1.29207
2025-09-04T19:15:00,331,44.5,19,1.21859
2025-09-04T19:18:00,331,43.5,20,1.32011
2025-09-04T19:21:00,333,43.8,19,1.23396
2025-09-04T19:24:00,330,43.6,19,1.23835
2025-09-04T19:27:00,331,45.4,19,1.19883
2025-09-04T19:30:00,328,44.6,19,1.21639
2025-09-04T19:33:00,329,44.8,19,1.212
2025-09-04T19:36:00,329,44.1,19,1.22737
2025-09-04T19:39:00,329,43.6,19,1.23835
2025-09-04T19:42:00,330,43.4,19,1.24274
2025-09-04T19:45:00,328,43.1,19,1.24933
2025-09-04T19:48:00,327,47.4,19,1.15492
2025-09-04T19:51:00,328,46.4,19,1.17687
2025-09-04T19:54:00,328,46.8,19,1.16809
2025-09-04T19:57:00,328,45.6,19,1.19444
2025-09-04T20:00:00,327,44.9,19,1.20981
2025-09-04T20:03:00,0,44.5,19,1.21859
2025-09-04T20:06:00,0,44.5,19,1.21859
2025-09-04T20:09:00,0,44.7,19,1.2142
2025-09-04T20:12:00,0,44.6,19,1.21639
2025-09-04T20:15:00,0,44.8,19,1.212
2025-09-04T20:18:00,0,45,18,1.13428
2025-09-04T20:21:00,0,45.6,18,1.12191
2025-09-04T20:24:00,0,46.1,18,1.1116
2025-09-04T20:27:00,0,46.5,18,1.10335
2025-09-04T20:30:00,0,47,18,1.09304
2025-09-04T20:33:00,0,47.6,18,1.08066
2025-09-04T20:36:00,0,48.3,18,1.06623
2025-09-04T20:39:00,0,49.5,18,1.04148
2025-09-04T20:42:00,0,50.4,18,1.02292
2025-09-04T20:45:00,0,51.3,18,1.00436
2025-09-04T20:48:00,0,52.1,18,0.98786
2025-09-04T20:51:00,0,52.9,18,0.97136
2025-09-04T20:54:00,0,53.9,18,0.95074
2025-09-04T20:57:00,0,54.5,18,0.93836
2025-09-04T21:00:00,0,55.4,18,0.9198
2025-09-04T21:03:00,0,56,18,0.90743
2025-09-04T21:06:00,0,56.9,18,0.88887
2025-09-04T21:09:00,0,57.3,18,0.88062
2025-09-04T21:12:00,0,58,18,0.86618
2025-09-04T21:15:00,0,58.6,18,0.85381
2025-09-04T21:18:00,0,59.2,18,0.84143
2025-09-04T21:21:00,0,59.7,18,0.83112
2025-09-04T21:24:00,0,60,18,0.82493
2025-09-04T21:27:00,0,60.5,18,0.81462
2025-09-04T21:30:00,0,60.8,18,0.80843
2025-09-04T21:33:00,0,61.2,18,0.80019
2025-09-04T21:36:00,0,61.5,18,0.794
2025-09-04T21:39:00,0,61.8,18,0.78781
2025-09-04T21:42:00,0,62,18,0.78369
2025-09-04T21:45:00,0,62.3,18,0.7775
2025-09-04T21:48:00,0,62.3,18,0.7775
2025-09-04T21:51:00,0,62.6,18,0.77131
2025-09-04T21:54:00,0,62.7,18,0.76925
2025-09-04T21:57:00,0,62.9,18,0.76513
2025-09-04T22:00:00,0,63.2,18,0.75894
2025-09-04T22:03:00,0,63.4,17,0.70864
2025-09-04T22:06:00,0,63.7,18,0.74863
2025-09-04T22:09:00,0,63.7,18,0.74863
2025-09-04T22:12:00,0,64,17,0.69702
2025-09-04T22:15:00,0,64.2,17,0.69315
2025-09-04T22:18:00,0,64.5,17,0.68734
2025-09-04T22:21:00,0,64.8,17,0.68153
2025-09-04T22:24:00,0,64.9,17,0.67959
2025-09-04T22:27:00,0,65.3,17,0.67185
2025-09-04T22:30:00,0,65.6,17,0.66604
2025-09-04T22:33:00,0,65.9,17,0.66023
2025-09-04T22:36:00,0,66.1,17,0.65636
2025-09-04T22:39:00,0,66.3,17,0.65249
2025-09-04T22:42:00,0,66.4,17,0.65055
2025-09-04T22:45:00,0,66.6,17,0.64668
2025-09-04T22:48:00,0,66.5,17,0.64861
2025-09-04T22:51:00,0,66.6,17,0.64668
2025-09-04T22:54:00,0,66.6,17,0.64668
2025-09-04T22:57:00,0,66.5,17,0.64861
2025-09-04T23:00:00,0,66.5,17,0.64861
2025-09-04T23:03:00,0,66.4,17,0.65055
2025-09-04T23:06:00,0,67.5,17,0.62925
2025-09-04T23:09:00,0,68.7,17,0.60602
2025-09-04T23:12:00,0,69.4,17,0.59247
2025-09-04T23:15:00,0,70,17,0.58085
2025-09-04T23:18:00,0,70.5,17,0.57117
2025-09-04T23:21:00,0,70.8,17,0.56536
2025-09-04T23:24:00,0,71.3,17,0.55568
2025-09-04T23:27:00,0,71.4,17,0.55374
2025-09-04T23:30:00,0,71.5,17,0.55181
2025-09-04T23:33:00,0,71.7,17,0.54793
2025-09-04T23:36:00,0,71.8,17,0.546
2025-09-04T23:39:00,0,72,17,0.54213
2025-09-04T23:42:00,0,72.1,17,0.54019
2025-09-04T23:45:00,0,72.2,17,0.53825
2025-09-04T23:48:00,0,72.4,17,0.53438
2025-09-04T23:51:00,0,72.4,17,0.53438
2025-09-04T23:54:00,0,72.5,17,0.53244
2025-09-04T23:57:00,0,72.6,17,0.53051
2025-09-05T00:00:00,0,72.7,17,0.52857
2025-09-05T00:03:00,0,72.8,17,0.52664
2025-09-05T00:06:00,0,72.8,17,0.52664
2025-09-05T00:09:00,0,73.1,17,0.52083
2025-09-05T00:12:00,0,73.2,17,0.51889
2025-09-05T00:15:00,0,73.1,17,0.52083
2025-09-05T00:18:00,0,73.2,17,0.51889
2025-09-05T00:21:00,0,73.2,17,0.51889
2025-09-05T00:24:00,0,73.4,17,0.51502
2025-09-05T00:27:00,0,73.5,17,0.51308
2025-09-05T00:30:00,0,73.4,17,0.51502
2025-09-05T00:33:00,0,73.7,17,0.50921
2025-09-05T00:36:00,0,74.2,17,0.49953
2025-09-05T00:39:00,0,74.5,17,0.49372
2025-09-05T00:42:00,0,74.7,17,0.48985
2025-09-05T00:45:00,0,74.8,17,0.48791
2025-09-05T00:48:00,0,74.9,17,0.48598
2025-09-05T00:51:00,0,75,17,0.48404
2025-09-05T00:54:00,0,75,17,0.48404
2025-09-05T00:57:00,0,75.2,17,0.48017
2025-09-05T01:00:00,0,75.2,17,0.48017
2025-09-05T01:03:00,0,75.3,17,0.47823
2025-09-05T01:06:00,0,75.4,17,0.4763
2025-09-05T01:09:00,0,75.5,17,0.47436
2025-09-05T01:12:00,0,75.4,17,0.4763
2025-09-05T01:15:00,0,75.6,17,0.47242
2025-09-05T01:18:00,0,75.5,17,0.47436
2025-09-05T01:21:00,0,75.4,17,0.4763
2025-09-05T01:24:00,0,75.4,17,0.4763
2025-09-05T01:27:00,0,75.5,17,0.47436
2025-09-05T01:30:00,0,75.6,17,0.47242
2025-09-05T01:33:00,0,75.6,17,0.47242
2025-09-05T01:36:00,0,75.6,17,0.47242
2025-09-05T01:39:00,0,75.6,17,0.47242
2025-09-05T01:42:00,0,75.5,17,0.47436
2025-09-05T01:45:00,0,75.5,17,0.47436
2025-09-05T01:48:00,0,75.6,17,0.47242
2025-09-05T01:51:00,0,75.5,17,0.47436
2025-09-05T01:54:00,0,75.6,17,0.47242
2025-09-05T01:57:00,0,75.4,17,0.4763
2025-09-05T02:00:00,0,75.6,17,0.47242
2025-09-05T02:03:00,0,75.6,17,0.47242
2025-09-05T02:06:00,0,76.1,17,0.46274
2025-09-05T02:09:00,0,76.2,17,0.46081
2025-09-05T02:12:00,0,76.6,17,0.45306
2025-09-05T02:15:00,0,76.7,17,0.45113
2025-09-05T02:18:00,0,76.8,17,0.44919
2025-09-05T02:21:00,0,77,17,0.44532
2025-09-05T02:24:00,0,76.8,17,0.44919
2025-09-05T02:27:00,0,77.1,17,0.44338
2025-09-05T02:30:00,0,77.1,17,0.44338
2025-09-05T02:33:00,0,77.2,17,0.44145
2025-09-05T02:36:00,0,77.1,17,0.44338
2025-09-05T02:39:00,0,77.1,17,0.44338
2025-09-05T02:42:00,0,77,17,0.44532
2025-09-05T02:45:00,0,76.8,17,0.44919
2025-09-05T02:48:00,0,76.7,17,0.45113
2025-09-05T02:51:00,0,76.4,17,0.45693
2025-09-05T02:54:00,0,76.1,17,0.46274
2025-09-05T02:57:00,0,76,16,0.43604
2025-09-05T03:00:00,0,75.9,16,0.43785
2025-09-05T03:03:00,0,75.7,16,0.44149
2025-09-05T03:06:00,0,75.4,16,0.44694
2025-09-05T03:09:00,0,75.2,16,0.45057
2025-09-05T03:12:00,0,75,16,0.4542
2025-09-05T03:15:00,0,74.9,16,0.45602
2025-09-05T03:18:00,0,74.6,16,0.46147
2025-09-05T03:21:00,0,74.6,16,0.46147
2025-09-05T03:24:00,0,74.2,16,0.46874
2025-09-05T03:27:00,0,74.1,16,0.47056
2025-09-05T03:30:00,0,73.9,16,0.47419
2025-09-05T03:33:00,0,73.8,16,0.47601
2025-09-05T03:36:00,0,73.6,16,0.47964
2025-09-05T03:39:00,0,73.4,16,0.48327
2025-09-05T03:42:00,0,73.3,16,0.48509
2025-09-05T03:45:00,0,73.1,16,0.48872
2025-09-05T03:48:00,0,73,16,0.49054
2025-09-05T03:51:00,0,72.8,16,0.49417
2025-09-05T03:54:00,0,72.7,16,0.49599
2025-09-05T03:57:00,0,72.6,16,0.49781
2025-09-05T04:00:00,0,72.5,16,0.49963
2025-09-05T04:03:00,342,72.1,16,0.50689
2025-09-05T04:06:00,339,71.2,16,0.52324
2025-09-05T04:09:00,338,70.4,16,0.53778
2025-09-05T04:12:00,335,69.7,16,0.5505
2025-09-05T04:15:00,334,69,17,0.60021
2025-09-05T04:18:00,332,68.5,17,0.60989
2025-09-05T04:21:00,331,67.7,17,0.62538
2025-09-05T04:24:00,331,67.3,17,0.63313
2025-09-05T04:27:00,328,66.9,17,0.64087
2025-09-05T04:30:00,328,66.3,17,0.65249
2025-09-05T04:33:00,328,65.8,17,0.66217
2025-09-05T04:36:00,328,65.5,17,0.66798
2025-09-05T04:39:00,327,65,18,0.72182
2025-09-05T04:42:00,327,64.7,18,0.728
2025-09-05T04:45:00,326,64.2,18,0.73832
2025-09-05T04:48:00,327,63.9,18,0.7445
2025-09-05T04:51:00,327,63.6,18,0.75069
2025-09-05T04:54:00,326,63.4,18,0.75481
2025-09-05T04:57:00,328,63.1,18,0.761
2025-09-05T05:00:00,326,62.8,18,0.76719
2025-09-05T05:03:00,327,62.5,18,0.77337
2025-09-05T05:06:00,327,62.3,18,0.7775
2025-09-05T05:09:00,326,62.2,18,0.77956
2025-09-05T05:12:00,326,62,18,0.78369
2025-09-05T05:15:00,327,61.8,18,0.78781
2025-09-05T05:18:00,326,61.6,18,0.79194
2025-09-05T05:21:00,327,61.5,18,0.794
2025-09-05T05:24:00,326,61.2,19,0.85192
2025-09-05T05:27:00,327,61,19,0.85631
2025-09-05T05:30:00,327,60.9,19,0.8585
2025-09-05T05:33:00,326,60.7,19,0.86289
2025-09-05T05:36:00,326,60.3,19,0.87168
2025-09-05T05:39:00,326,60.2,19,0.87387
2025-09-05T05:42:00,326,60.1,19,0.87607
2025-09-05T05:45:00,326,59.9,19,0.88046
2025-09-05T05:48:00,328,58.3,19,0.91559
2025-09-05T05:51:00,326,57.9,19,0.92437
2025-09-05T05:54:00,327,57.9,19,0.92437
2025-09-05T05:57:00,328,57.2,19,0.93974
2025-09-05T06:00:00,326,57.1,19,0.94194
2025-09-05T06:03:00,328,56.7,19,0.95072
2025-09-05T06:06:00,326,56.3,19,0.9595
2025-09-05T06:09:00,326,56.3,19,0.9595
2025-09-05T06:12:00,326,55.7,19,0.97268
2025-09-05T06:15:00,327,55.5,19,0.97707
2025-09-05T06:18:00,325,55.4,19,0.97926
2025-09-05T06:21:00,327,54.6,19,0.99683
2025-09-05T06:24:00,328,54.9,19,0.99024
2025-09-05T06:27:00,328,54.7,19,0.99463
2025-09-05T06:30:00,328,54.6,19,0.99683
2025-09-05T06:33:00,328,54.6,19,0.99683
2025-09-05T06:36:00,328,54.3,19,1.00342
2025-09-05T06:39:00,328,53.9,19,1.0122
2025-09-05T06:42:00,329,54.1,19,1.00781
2025-09-05T06:45:00,330,53.8,19,1.01439
2025-09-05T06:48:00,329,53.5,19,1.02098
2025-09-05T06:51:00,331,53.6,19,1.01879
2025-09-05T06:54:00,331,52.9,19,1.03415
2025-09-05T06:57:00,331,53.2,19,1.02757
2025-09-05T07:00:00,331,53.2,19,1.02757
2025-09-05T07:03:00,331,52.7,19,1.03855
2025-09-05T07:06:00,333,52.9,19,1.03415
2025-09-05T07:09:00,334,52.9,19,1.03415
2025-09-05T07:12:00,332,52.8,19,1.03635
2025-09-05T07:15:00,334,52.5,19,1.04294
2025-09-05T07:18:00,333,52.3,19,1.04733
2025-09-05T07:21:00,334,52.4,19,1.04513
2025-09-05T07:24:00,334,52.2,19,1.04952
2025-09-05T07:27:00,334,52.3,19,1.04733
2025-09-05T07:30:00,335,52.3,19,1.04733
2025-09-05T07:33:00,333,52,19,1.05392
2025-09-05T07:36:00,334,51.7,19,1.0605
2025-09-05T07:39:00,336,51.5,19,1.06489
2025-09-05T07:42:00,336,51.7,19,1.0605
2025-09-05T07:45:00,336,51.6,19,1.0627
2025-09-05T07:48:00,336,51.4,19,1.06709
2025-09-05T07:51:00,336,51.4,19,1.06709
2025-09-05T07:54:00,335,51.4,19,1.06709
2025-09-05T07:57:00,338,50.9,19,1.07807
2025-09-05T08:00:00,336,51.1,19,1.07368
2025-09-05T08:03:00,338,50.9,19,1.07807
2025-09-05T08:06:00,337,51.1,19,1.07368
2025-09-05T08:09:00,337,51,19,1.07587
2025-09-05T08:12:00,338,51.2,19,1.07148
2025-09-05T08:15:00,337,51.1,19,1.07368
2025-09-05T08:18:00,339,50.8,19,1.08026
2025-09-05T08:21:00,337,50.8,19,1.08026
2025-09-05T08:24:00,338,50.7,19,1.08246
2025-09-05T08:27:00,339,51.1,19,1.07368
2025-09-05T08:30:00,339,51.7,20,1.12852
2025-09-05T08:33:00,339,52,20,1.12151
2025-09-05T08:36:00,339,51.9,20,1.12385
2025-09-05T08:39:00,339,52.4,20,1.11216
2025-09-05T08:42:00,340,52.5,20,1.10983
2025-09-05T08:45:00,341,52.1,20,1.11917
2025-09-05T08:48:00,340,52.5,20,1.10983
2025-09-05T08:51:00,339,52.2,20,1.11684
2025-09-05T08:54:00,340,52.4,20,1.11216
2025-09-05T08:57:00,341,52.1,20,1.11917
2025-09-05T09:00:00,342,52,20,1.12151
2025-09-05T09:03:00,340,51.9,20,1.12385
2025-09-05T09:06:00,342,52,20,1.12151
2025-09-05T09:09:00,342,51.7,20,1.12852
2025-09-05T09:12:00,342,51.5,20,1.13319
2025-09-05T09:15:00,344,50.9,20,1.14721
2025-09-05T09:18:00,347,49.9,20,1.17058
2025-09-05T09:21:00,353,49.6,20,1.17759
2025-09-05T09:24:00,364,49.3,20,1.1846
2025-09-05T09:27:00,424,47.9,20,1.21731
2025-09-05T09:30:00,558,46.8,21,1.3221
2025-09-05T09:33:00,490,46.1,21,1.3395
2025-09-05T09:36:00,611,44.9,21,1.36932
2025-09-05T09:39:00,633,42.5,21,1.42896
2025-09-05T09:42:00,627,41,21,1.46624
2025-09-05T09:45:00,621,40.5,22,1.57202
2025-09-05T09:48:00,642,42,20,1.35516
2025-09-05T09:51:00,401,39.8,21,1.49606
2025-09-05T09:54:00,426,38.6,21,1.52588
2025-09-05T09:57:00,429,38.7,21,1.5234
2025-09-05T10:00:00,391,39.4,21,1.506
2025-09-05T10:03:00,378,39.4,20,1.41591
2025-09-05T10:06:00,367,40.6,20,1.38787
2025-09-05T10:09:00,386,41.4,19,1.28666
2025-09-05T10:12:00,397,41.6,20,1.3645
2025-09-05T10:15:00,368,39.5,20,1.41357
2025-09-05T10:18:00,376,38.7,20,1.43226
2025-09-05T10:21:00,378,39.3,21,1.50849
2025-09-05T10:24:00,393,38.7,20,1.43226
2025-09-05T10:27:00,379,40,20,1.40189
2025-09-05T10:30:00,381,40.5,20,1.39021
2025-09-05T10:33:00,384,38,20,1.44862
2025-09-05T10:36:00,380,38.9,20,1.42759
2025-09-05T10:39:00,386,39.2,20,1.42058
2025-09-05T10:42:00,542,39.6,20,1.41123
2025-09-05T10:45:00,550,38.2,20,1.44394
2025-09-05T10:48:00,530,39.1,20,1.42292
2025-09-05T10:51:00,526,38.7,20,1.43226
2025-09-05T10:54:00,404,39.3,20,1.41824
2025-09-05T10:57:00,536,39.1,20,1.42292
2025-09-05T11:00:00,449,38,21,1.5408
2025-09-05T11:03:00,421,40.6,19,1.30422
2025-09-05T11:06:00,591,38.7,20,1.43226
2025-09-05T11:09:00,386,38.5,20,1.43693
2025-09-05T11:12:00,394,38,21,1.5408
2025-09-05T11:15:00,420,36.9,21,1.56813
2025-09-05T11:18:00,389,37.4,20,1.46264
2025-09-05T11:21:00,369,39.5,19,1.32837
2025-09-05T11:24:00,606,37.9,20,1.45095
2025-09-05T11:27:00,437,42.2,18,1.19203
2025-09-05T11:30:00,446,38.7,19,1.34594
2025-09-05T11:33:00,427,41.1,19,1.29324
2025-09-05T11:36:00,448,41,19,1.29544
2025-09-05T11:39:00,428,39.3,19,1.33276
2025-09-05T11:42:00,390,38.8,20,1.42993
2025-09-05T11:45:00,386,39.4,20,1.41591
2025-09-05T11:48:00,388,38.4,20,1.43927
2025-09-05T11:51:00,414,38.6,19,1.34813
2025-09-05T11:54:00,399,41.1,19,1.29324
2025-09-05T11:57:00,374,40.3,19,1.31081
2025-09-05T12:00:00,444,38.1,20,1.44628
2025-09-05T12:03:00,490,41.2,18,1.21265
2025-09-05T12:06:00,387,40.2,19,1.313
2025-09-05T12:09:00,431,39.2,19,1.33496
2025-09-05T12:12:00,391,41.6,19,1.28226
2025-09-05T12:15:00,482,41.8,18,1.20028
2025-09-05T12:18:00,465,40.1,19,1.3152
2025-09-05T12:21:00,434,37.9,20,1.45095
2025-09-05T12:24:00,440,39.2,19,1.33496
2025-09-05T12:27:00,418,40.8,19,1.29983
2025-09-05T12:30:00,440,38.4,20,1.43927
2025-09-05T12:33:00,398,38.2,20,1.44394
2025-09-05T12:36:00,440,42.2,18,1.19203
2025-09-05T12:39:00,444,38.9,20,1.42759
2025-09-05T12:42:00,361,36.5,21,1.57807
2025-09-05T12:45:00,449,38.2,19,1.35692
2025-09-05T12:48:00,449,44,17,1.08425
2025-09-05T12:51:00,363,42,18,1.19615
2025-09-05T12:54:00,356,38.8,20,1.42993
2025-09-05T12:57:00,424,42.4,17,1.11523
2025-09-05T13:00:00,443,41.3,18,1.21059
2025-09-05T13:03:00,415,48,18,1.07241
2025-09-05T13:06:00,375,49.9,20,1.17058
2025-09-05T13:09:00,359,58.4,17,0.80544
2025-09-05T13:12:00,364,52.2,18,0.9858
2025-09-05T13:15:00,419,52.5,18,0.97961
2025-09-05T13:18:00,414,57.9,17,0.81512
2025-09-05T13:21:00,380,53.9,18,0.95074
2025-09-05T13:24:00,427,54.9,19,0.99024
2025-09-05T13:27:00,369,53.3,20,1.09114
2025-09-05T13:30:00,432,58.4,17,0.80544
2025-09-05T13:33:00,421,54.9,19,0.99024
2025-09-05T13:36:00,414,60,18,0.82493
2025-09-05T13:39:00,416,53.7,19,1.01659
2025-09-05T13:42:00,412,56.8,18,0.89093
2025-09-05T13:45:00,413,56.1,19,0.96389
2025-09-05T13:48:00,416,51.4,20,1.13553
2025-09-05T13:51:00,420,56,18,0.90743
2025-09-05T13:54:00,422,53.5,19,1.02098
2025-09-05T13:57:00,428,52.2,20,1.11684
2025-09-05T14:00:00,415,55,18,0.92805
2025-09-05T14:03:00,431,50.3,19,1.09124
2025-09-05T14:06:00,416,53.7,19,1.01659
2025-09-05T14:09:00,425,57.3,17,0.82674
2025-09-05T14:12:00,356,52.4,19,1.04513
2025-09-05T14:15:00,421,52.9,19,1.03415
2025-09-05T14:18:00,427,52,20,1.12151
2025-09-05T14:21:00,429,56,18,0.90743
2025-09-05T14:24:00,442,53.2,19,1.02757
2025-09-05T14:27:00,454,51,19,1.07587
2025-09-05T14:30:00,438,52.5,19,1.04294
2025-09-05T14:33:00,439,54.1,18,0.94661
2025-09-05T14:36:00,363,45.7,20,1.26871
2025-09-05T14:39:00,433,49.6,19,1.10661
2025-09-05T14:42:00,457,45,20,1.28506
2025-09-05T14:45:00,527,43.3,20,1.32478
2025-09-05T14:48:00,580,41.1,21,1.46376
2025-09-05T14:51:00,569,46.9,21,1.31962
2025-09-05T14:54:00,504,58.2,17,0.80932
2025-09-05T14:57:00,468,59.1,17,0.79189
2025-09-05T15:00:00,498,57.2,18,0.88268
2025-09-05T15:03:00,479,49.8,20,1.17291
2025-09-05T15:06:00,569,54.9,18,0.93011
2025-09-05T15:09:00,576,54.3,19,1.00342
2025-09-05T15:12:00,521,51.2,20,1.1402
2025-09-05T15:15:00,504,52.1,20,1.11917
2025-09-05T15:18:00,567,51.8,19,1.05831
2025-09-05T15:21:00,539,55.3,18,0.92186
2025-09-05T15:24:00,557,54.7,19,0.99463
2025-09-05T15:27:00,552,54.2,18,0.94455
2025-09-05T15:30:00,554,53.8,19,1.01439
2025-09-05T15:33:00,526,56.3,18,0.90124
2025-09-05T15:36:00,553,53.8,19,1.01439
2025-09-05T15:39:00,531,51.7,19,1.0605
2025-09-05T15:42:00,493,52,19,1.05392
2025-09-05T15:45:00,511,54.8,19,0.99244
2025-09-05T15:48:00,498,52.6,19,1.04074
2025-09-05T15:51:00,439,48.8,19,1.12418
2025-09-05T15:54:00,425,50.8,19,1.08026
2025-09-05T15:57:00,421,48.8,20,1.19628
2025-09-05T16:00:00,423,46.1,20,1.25936
2025-09-05T16:03:00,423,48.8,21,1.2724
2025-09-05T16:06:00,411,57.6,16,0.77033
2025-09-05T16:09:00,404,55.5,18,0.91774
2025-09-05T16:12:00,382,58.1,18,0.86412
2025-09-05T16:15:00,406,55.2,19,0.98365
2025-09-05T16:18:00,387,53.7,19,1.01659
2025-09-05T16:21:00,411,52,19,1.05392
2025-09-05T16:24:00,449,53.6,19,1.01879
2025-09-05T16:27:00,401,50.7,19,1.08246
2025-09-05T16:30:00,403,52.1,18,0.98786
2025-09-05T16:33:00,410,55.8,17,0.85578
2025-09-05T16:36:00,495,49.9,20,1.17058
2025-09-05T16:39:00,526,49.4,20,1.18226
2025-09-05T16:42:00,426,48.1,20,1.21263
2025-09-05T16:45:00,502,48.5,20,1.20329
2025-09-05T16:48:00,420,47.9,20,1.21731
2025-09-05T16:51:00,416,46.5,20,1.25002
2025-09-05T16:54:00,396,45.6,20,1.27104
2025-09-05T16:57:00,394,49.8,19,1.10222
2025-09-05T17:00:00,392,47.5,20,1.22665
2025-09-05T17:03:00,391,47.2,20,1.23366
2025-09-05T17:06:00,389,45.6,20,1.27104
2025-09-05T17:09:00,386,44,21,1.39169
2025-09-05T17:12:00,380,41.9,20,1.35749
2025-09-05T17:15:00,382,40.5,21,1.47867
2025-09-05T17:18:00,380,40.3,21,1.48364
2025-09-05T17:21:00,375,40.3,20,1.39488
2025-09-05T17:24:00,374,38.7,20,1.43226
2025-09-05T17:27:00,374,37.4,21,1.55571
2025-09-05T17:30:00,370,37.3,19,1.37668
2025-09-05T17:33:00,369,37.1,20,1.46965
2025-09-05T17:36:00,373,35.9,21,1.59298
2025-09-05T17:39:00,395,36.1,20,1.49301
2025-09-05T17:42:00,375,35.4,21,1.60541
2025-09-05T17:45:00,373,33.8,21,1.64517
2025-09-05T17:48:00,368,46.3,19,1.17907
2025-09-05T17:51:00,370,48.1,20,1.21263
2025-09-05T17:54:00,373,48.9,20,1.19394
2025-09-05T17:57:00,372,50.7,20,1.15188
2025-09-05T18:00:00,363,49.3,19,1.1132
2025-09-05T18:03:00,357,44.9,20,1.2874
2025-09-05T18:06:00,356,42.2,20,1.35049
2025-09-05T18:09:00,352,47.4,20,1.22899
2025-09-05T18:12:00,351,47.3,20,1.23132
2025-09-05T18:15:00,356,47.3,20,1.23132
2025-09-05T18:18:00,348,47.5,20,1.22665
2025-09-05T18:21:00,350,44.5,20,1.29675
2025-09-05T18:24:00,348,40.9,20,1.38086
2025-09-05T18:27:00,346,42.8,20,1.33647
2025-09-05T18:30:00,341,44.8,20,1.28974
2025-09-05T18:33:00,340,45.9,20,1.26404
2025-09-05T18:36:00,339,47.5,20,1.22665
2025-09-05T18:39:00,339,46,20,1.2617
2025-09-05T18:42:00,338,42.7,20,1.3388
2025-09-05T18:45:00,337,44.5,20,1.29675
2025-09-05T18:48:00,335,41.9,20,1.35749
2025-09-05T18:51:00,336,46.7,20,1.24534
2025-09-05T18:54:00,335,48.4,20,1.20562
2025-09-05T18:57:00,333,49.3,19,1.1132
2025-09-05T19:00:00,333,44.7,20,1.29207
2025-09-05T19:03:00,334,45.6,19,1.19444
2025-09-05T19:06:00,334,42.7,20,1.3388
2025-09-05T19:09:00,334,45.1,20,1.28273
2025-09-05T19:12:00,332,47.4,19,1.15492
2025-09-05T19:15:00,331,48.6,19,1.12857
2025-09-05T19:18:00,331,46.6,19,1.17248
2025-09-05T19:21:00,329,43.4,19,1.24274
2025-09-05T19:24:00,330,42.2,19,1.26909
2025-09-05T19:27:00,330,44.5,19,1.21859
2025-09-05T19:30:00,329,46.6,19,1.17248
2025-09-05T19:33:00,328,50.1,19,1.09563
2025-09-05T19:36:00,329,51.4,19,1.06709
2025-09-05T19:39:00,328,48.8,19,1.12418
2025-09-05T19:42:00,328,46.1,19,1.18346
2025-09-05T19:45:00,329,44.7,19,1.2142
2025-09-05T19:48:00,326,48,19,1.14174
2025-09-05T19:51:00,327,46.7,19,1.17029
2025-09-05T19:54:00,328,44.4,19,1.22079
2025-09-05T19:57:00,328,46.2,19,1.18126
2025-09-05T20:00:00,328,46.3,19,1.17907
2025-09-05T20:03:00,0,45.1,19,1.20542
2025-09-05T20:06:00,0,44.8,19,1.212
2025-09-05T20:09:00,0,45.2,19,1.20322
2025-09-05T20:12:00,0,45.2,19,1.20322
2025-09-05T20:15:00,0,45.6,19,1.19444
2025-09-05T20:18:00,0,45.9,19,1.18785
2025-09-05T20:21:00,0,46.2,18,1.10954
2025-09-05T20:24:00,0,46.3,18,1.10747
2025-09-05T20:27:00,0,46.7,18,1.09922
2025-09-05T20:30:00,0,47.7,18,1.0786
2025-09-05T20:33:00,0,49.2,18,1.04767
2025-09-05T20:36:00,0,50,18,1.03117
2025-09-05T20:39:00,0,51.7,18,0.99611
2025-09-05T20:42:00,0,52.8,18,0.97342
2025-09-05T20:45:00,0,53.9,18,0.95074
2025-09-05T20:48:00,0,54.9,18,0.93011
2025-09-05T20:51:00,0,55.8,18,0.91155
2025-09-05T20:54:00,0,56.5,18,0.89711
2025-09-05T20:57:00,0,57.3,18,0.88062
2025-09-05T21:00:00,0,58.1,18,0.86412
2025-09-05T21:03:00,0,58.8,18,0.84968
2025-09-05T21:06:00,0,59.1,18,0.84349
2025-09-05T21:09:00,0,59.9,18,0.827
2025-09-05T21:12:00,0,60.2,18,0.82081
2025-09-05T21:15:00,0,60.5,18,0.81462
2025-09-05T21:18:00,0,60.9,18,0.80637
2025-09-05T21:21:00,0,61.2,18,0.80019
2025-09-05T21:24:00,0,61.5,18,0.794
2025-09-05T21:27:00,0,61.9,18,0.78575
2025-09-05T21:30:00,0,62.2,18,0.77956
2025-09-05T21:33:00,0,62.4,18,0.77544
2025-09-05T21:36:00,0,62.5,18,0.77337
2025-09-05T21:39:00,0,62.7,18,0.76925
2025-09-05T21:42:00,0,62.9,17,0.71832
2025-09-05T21:45:00,0,63.1,17,0.71444
2025-09-05T21:48:00,0,63.1,17,0.71444
2025-09-05T21:51:00,0,63.3,17,0.71057
2025-09-05T21:54:00,0,63.3,17,0.71057
2025-09-05T21:57:00,0,63.4,17,0.70864
2025-09-05T22:00:00,0,63.5,17,0.7067
2025-09-05T22:03:00,0,63.6,17,0.70476
2025-09-05T22:06:00,0,63.9,17,0.69895
2025-09-05T22:09:00,0,63.8,17,0.70089
2025-09-05T22:12:00,0,63.9,17,0.69895
2025-09-05T22:15:00,0,64,17,0.69702
2025-09-05T22:18:00,0,64.1,17,0.69508
2025-09-05T22:21:00,0,64,17,0.69702
2025-09-05T22:24:00,0,64,17,0.69702
2025-09-05T22:27:00,0,64.1,17,0.69508
2025-09-05T22:30:00,0,64.1,17,0.69508
2025-09-05T22:33:00,0,64,17,0.69702
2025-09-05T22:36:00,0,64.2,17,0.69315
2025-09-05T22:39:00,0,64.1,17,0.69508
2025-09-05T22:42:00,0,64.1,17,0.69508
2025-09-05T22:45:00,0,64.1,17,0.69508
2025-09-05T22:48:00,0,64.1,17,0.69508
2025-09-05T22:51:00,0,64.2,17,0.69315
2025-09-05T22:54:00,0,64.1,17,0.69508
2025-09-05T22:57:00,0,64,17,0.69702
2025-09-05T23:00:00,0,64,17,0.69702
2025-09-05T23:03:00,0,64.1,17,0.69508
2025-09-05T23:06:00,0,65.9,17,0.66023
2025-09-05T23:09:00,0,67.1,17,0.637
2025-09-05T23:12:00,0,68.1,16,0.57957
2025-09-05T23:15:00,0,68.7,16,0.56866
2025-09-05T23:18:00,0,69.2,16,0.55958
2025-09-05T23:21:00,0,69.6,16,0.55231
2025-09-05T23:24:00,0,69.9,16,0.54686
2025-09-05T23:27:00,0,70.1,16,0.54323
2025-09-05T23:30:00,0,70.4,16,0.53778
2025-09-05T23:33:00,0,70.5,16,0.53596
2025-09-05T23:36:00,0,70.7,16,0.53233
2025-09-05T23:39:00,0,70.6,16,0.53414
2025-09-05T23:42:00,0,70.6,16,0.53414
2025-09-05T23:45:00,0,70.6,16,0.53414
2025-09-05T23:48:00,0,70.6,16,0.53414
2025-09-05T23:51:00,0,70.5,16,0.53596
2025-09-05T23:54:00,0,70.6,16,0.53414
2025-09-05T23:57:00,0,70.5,16,0.53596
2025-09-06T00:00:00,0,70.4,16,0.53778
2025-09-06T00:03:00,0,70.4,16,0.53778
2025-09-06T00:06:00,0,70.2,16,0.54141
2025-09-06T00:09:00,0,70.2,16,0.54141
2025-09-06T00:12:00,0,70.1,16,0.54323
2025-09-06T00:15:00,0,70.1,16,0.54323
2025-09-06T00:18:00,0,70,16,0.54505
2025-09-06T00:21:00,0,69.9,16,0.54686
2025-09-06T00:24:00,0,69.8,16,0.54868
2025-09-06T00:27:00,0,69.7,16,0.5505
2025-09-06T00:30:00,0,69.6,16,0.55231
2025-09-06T00:33:00,0,70.3,16,0.5396
2025-09-06T00:36:00,0,71,16,0.52688
2025-09-06T00:39:00,0,71.4,16,0.51961
2025-09-06T00:42:00,0,71.7,16,0.51416
2025-09-06T00:45:00,0,71.9,16,0.51053
2025-09-06T00:48:00,0,72.1,16,0.50689
2025-09-06T00:51:00,0,72.1,16,0.50689
2025-09-06T00:54:00,0,72.2,16,0.50508
2025-09-06T00:57:00,0,72.1,16,0.50689
2025-09-06T01:00:00,0,72.1,16,0.50689
2025-09-06T01:03:00,0,72,16,0.50871
2025-09-06T01:06:00,0,72.1,16,0.50689
2025-09-06T01:09:00,0,71.9,16,0.51053
2025-09-06T01:12:00,0,71.9,16,0.51053
2025-09-06T01:15:00,0,71.8,16,0.51234
2025-09-06T01:18:00,0,71.7,16,0.51416
2025-09-06T01:21:00,0,71.6,15,0.48393
2025-09-06T01:24:00,0,71.5,16,0.51779
2025-09-06T01:27:00,0,71.4,15,0.48734
2025-09-06T01:30:00,0,71.3,15,0.48904
2025-09-06T01:33:00,0,71.3,15,0.48904
2025-09-06T01:36:00,0,71.1,15,0.49245
2025-09-06T01:39:00,0,71,15,0.49416
2025-09-06T01:42:00,0,70.9,15,0.49586
2025-09-06T01:45:00,0,70.8,15,0.49756
2025-09-06T01:48:00,0,70.6,15,0.50097
2025-09-06T01:51:00,0,70.4,15,0.50438
2025-09-06T01:54:00,0,70.3,15,0.50608
2025-09-06T01:57:00,0,70.2,15,0.50779
2025-09-06T02:00:00,0,70.1,15,0.50949
2025-09-06T02:03:00,0,70.5,15,0.50268
2025-09-06T02:06:00,0,71.1,15,0.49245
2025-09-06T02:09:00,0,71.6,15,0.48393
2025-09-06T02:12:00,0,71.6,15,0.48393
2025-09-06T02:15:00,0,71.9,15,0.47882
2025-09-06T02:18:00,0,72.1,15,0.47541
2025-09-06T02:21:00,0,72,15,0.47712
2025-09-06T02:24:00,0,71.9,15,0.47882
2025-09-06T02:27:00,0,72,15,0.47712
2025-09-06T02:30:00,0,71.8,15,0.48052
2025-09-06T02:33:00,0,71.9,15,0.47882
2025-09-06T02:36:00,0,72,15,0.47712
2025-09-06T02:39:00,0,71.7,15,0.48223
2025-09-06T02:42:00,0,71.6,15,0.48393
2025-09-06T02:45:00,0,71.5,15,0.48564
2025-09-06T02:48:00,0,71.5,15,0.48564
2025-09-06T02:51:00,0,71.3,15,0.48904
2025-09-06T02:54:00,0,71.5,15,0.48564
2025-09-06T02:57:00,0,71.3,15,0.48904
2025-09-06T03:00:00,0,71.1,15,0.49245
2025-09-06T03:03:00,0,71.1,15,0.49245
2025-09-06T03:06:00,0,70.9,15,0.49586
2025-09-06T03:09:00,0,70.8,15,0.49756
2025-09-06T03:12:00,0,70.9,15,0.49586
2025-09-06T03:15:00,0,70.7,15,0.49927
2025-09-06T03:18:00,0,70.5,15,0.50268
2025-09-06T03:21:00,0,70.5,15,0.50268
2025-09-06T03:24:00,0,70.5,15,0.50268
2025-09-06T03:27:00,0,70.4,15,0.50438
2025-09-06T03:30:00,0,70.3,15,0.50608
2025-09-06T03:33:00,0,70.2,15,0.50779
2025-09-06T03:36:00,0,70,15,0.5112
2025-09-06T03:39:00,0,69.9,15,0.5129
2025-09-06T03:42:00,0,69.9,15,0.5129
2025-09-06T03:45:00,0,69.7,15,0.51631
2025-09-06T03:48:00,0,69.6,15,0.51801
2025-09-06T03:51:00,0,69.6,15,0.51801
2025-09-06T03:54:00,0,69.5,15,0.51972
2025-09-06T03:57:00,0,69.5,15,0.51972
2025-09-06T04:00:00,0,69.4,15,0.52142
2025-09-06T04:03:00,342,68.9,15,0.52994
2025-09-06T04:06:00,338,68.1,15,0.54357
2025-09-06T04:09:00,336,67.5,15,0.5538
2025-09-06T04:12:00,334,66.9,15,0.56402
2025-09-06T04:15:00,333,66.3,15,0.57424
2025-09-06T04:18:00,331,65.7,16,0.62317
2025-09-06T04:21:00,331,65,16,0.63589
2025-09-06T04:24:00,328,64.6,16,0.64315
2025-09-06T04:27:00,328,64.3,16,0.6486
2025-09-06T04:30:00,328,63.9,16,0.65587
2025-09-06T04:33:00,327,63.5,16,0.66314
2025-09-06T04:36:00,326,63.1,16,0.67041
2025-09-06T04:39:00,326,62.7,17,0.72219
2025-09-06T04:42:00,326,62.3,17,0.72993
2025-09-06T04:45:00,326,62.1,17,0.73381
2025-09-06T04:48:00,326,61.9,17,0.73768
2025-09-06T04:51:00,325,61.7,17,0.74155
2025-09-06T04:54:00,324,61.4,17,0.74736
2025-09-06T04:57:00,326,61.2,17,0.75123
2025-09-06T05:00:00,326,60.9,17,0.75704
2025-09-06T05:03:00,326,60.7,17,0.76091
2025-09-06T05:06:00,324,60.6,17,0.76285
2025-09-06T05:09:00,324,60.3,17,0.76866
2025-09-06T05:12:00,326,60.2,17,0.77059
2025-09-06T05:15:00,326,60,17,0.77447
2025-09-06T05:18:00,326,59.7,18,0.83112
2025-09-06T05:21:00,325,59.7,18,0.83112
2025-09-06T05:24:00,324,59.4,18,0.83731
2025-09-06T05:27:00,326,59.3,18,0.83937
2025-09-06T05:30:00,326,59,18,0.84556
2025-09-06T05:33:00,326,59,18,0.84556
2025-09-06T05:36:00,326,58.8,18,0.84968
2025-09-06T05:39:00,325,58.5,18,0.85587
2025-09-06T05:42:00,326,58.5,18,0.85587
2025-09-06T05:45:00,326,58.4,18,0.85793
2025-09-06T05:48:00,327,58.2,18,0.86206
2025-09-06T05:51:00,326,57.9,18,0.86824
2025-09-06T05:54:00,326,58,18,0.86618
2025-09-06T05:57:00,326,57.9,18,0.86824
2025-09-06T06:00:00,326,57.7,18,0.87237
2025-09-06T06:03:00,327,57.6,18,0.87443
2025-09-06T06:06:00,326,57.4,18,0.87855
2025-09-06T06:09:00,326,57.3,18,0.88062
2025-09-06T06:12:00,325,57.3,18,0.88062
2025-09-06T06:15:00,326,57.2,18,0.88268
2025-09-06T06:18:00,326,57,18,0.8868
2025-09-06T06:21:00,327,56.9,18,0.88887
2025-09-06T06:24:00,326,55.3,18,0.92186
2025-09-06T06:27:00,328,55.4,18,0.9198
2025-09-06T06:30:00,328,55,18,0.92805
2025-09-06T06:33:00,328,54.4,18,0.94042
2025-09-06T06:36:00,328,54.5,18,0.93836
2025-09-06T06:39:00,328,53.9,19,1.0122
2025-09-06T06:42:00,328,53.7,18,0.95486
2025-09-06T06:45:00,327,53.6,18,0.95692
2025-09-06T06:48:00,328,52.8,18,0.97342
2025-09-06T06:51:00,330,52.8,18,0.97342
2025-09-06T06:54:00,330,53,19,1.03196
2025-09-06T06:57:00,329,52.5,18,0.97961
2025-09-06T07:00:00,331,52.2,19,1.04952
2025-09-06T07:03:00,331,52.3,19,1.04733
2025-09-06T07:06:00,331,51.5,19,1.06489
2025-09-06T07:09:00,334,51.7,19,1.0605
2025-09-06T07:12:00,334,51.8,19,1.05831
2025-09-06T07:15:00,334,51.1,19,1.07368
2025-09-06T07:18:00,336,51.5,19,1.06489
2025-09-06T07:21:00,336,51.2,19,1.07148
2025-09-06T07:24:00,336,51.2,19,1.07148
2025-09-06T07:27:00,336,51.4,19,1.06709
2025-09-06T07:30:00,336,50.7,19,1.08246
2025-09-06T07:33:00,337,50.1,19,1.09563
2025-09-06T07:36:00,336,50.7,19,1.08246
2025-09-06T07:39:00,339,50.2,19,1.09344
2025-09-06T07:42:00,339,50.6,19,1.08465
2025-09-06T07:45:00,339,50.3,19,1.09124
2025-09-06T07:48:00,339,50.3,19,1.09124
2025-09-06T07:51:00,341,49.9,19,1.10002
2025-09-06T07:54:00,341,49.5,19,1.10881
2025-09-06T07:57:00,342,49.5,19,1.10881
2025-09-06T08:00:00,342,49.3,19,1.1132
2025-09-06T08:03:00,342,49.7,19,1.10442
2025-09-06T08:06:00,343,49.6,19,1.10661
2025-09-06T08:09:00,343,49,19,1.11979
2025-09-06T08:12:00,344,49.1,19,1.11759
2025-09-06T08:15:00,345,48.9,19,1.12198
2025-09-06T08:18:00,346,49,19,1.11979
2025-09-06T08:21:00,345,48.9,19,1.12198
2025-09-06T08:24:00,347,48.9,19,1.12198
2025-09-06T08:27:00,347,48.5,19,1.13076
2025-09-06T08:30:00,347,48.7,19,1.12637
2025-09-06T08:33:00,348,48.5,19,1.13076
2025-09-06T08:36:00,349,48.5,20,1.20329
2025-09-06T08:39:00,347,48.4,20,1.20562
2025-09-06T08:42:00,348,48,20,1.21497
2025-09-06T08:45:00,348,48.1,20,1.21263
2025-09-06T08:48:00,349,47.8,20,1.21964
2025-09-06T08:51:00,348,48,20,1.21497
2025-09-06T08:54:00,348,47.9,20,1.21731
2025-09-06T08:57:00,350,48.2,20,1.2103
2025-09-06T09:00:00,351,48.2,20,1.2103
2025-09-06T09:03:00,350,48,20,1.21497
2025-09-06T09:06:00,351,47.9,20,1.21731
2025-09-06T09:09:00,350,48.1,20,1.21263
2025-09-06T09:12:00,353,48.1,20,1.21263
2025-09-06T09:15:00,353,47.4,20,1.22899
2025-09-06T09:18:00,355,47.7,20,1.22198
2025-09-06T09:21:00,360,47.2,20,1.23366
2025-09-06T09:24:00,368,46.5,20,1.25002
2025-09-06T09:27:00,405,45.7,20,1.26871
2025-09-06T09:30:00,484,44.7,21,1.37429
2025-09-06T09:33:00,539,43.9,21,1.39417
2025-09-06T09:36:00,554,42,21,1.44139
2025-09-06T09:39:00,564,40.4,21,1.48115
2025-09-06T09:42:00,580,40.2,22,1.57994
2025-09-06T09:45:00,573,40.6,21,1.47618
2025-09-06T09:48:00,572,40.2,22,1.57994
2025-09-06T09:51:00,574,39.1,21,1.51346
2025-09-06T09:54:00,575,39.6,21,1.50103
2025-09-06T09:57:00,573,39.6,21,1.50103
2025-09-06T10:00:00,558,40.2,21,1.48612
2025-09-06T10:03:00,536,39.9,20,1.40422
2025-09-06T10:06:00,503,41,20,1.37852
2025-09-06T10:09:00,486,40.2,20,1.39721
2025-09-06T10:12:00,478,39.3,21,1.50849
2025-09-06T10:15:00,471,40.2,20,1.39721
2025-09-06T10:18:00,466,40.5,20,1.39021
2025-09-06T10:21:00,462,40.4,20,1.39254
2025-09-06T10:24:00,464,40.2,20,1.39721
2025-09-06T10:27:00,495,43.4,19,1.24274
2025-09-06T10:30:00,511,40.5,20,1.39021
2025-09-06T10:33:00,531,39.1,21,1.51346
2025-09-06T10:36:00,493,42.4,19,1.2647
2025-09-06T10:39:00,509,60.4,17,0.76672
2025-09-06T10:42:00,477,63.2,17,0.71251
2025-09-06T10:45:00,496,56.7,18,0.89299
2025-09-06T10:48:00,516,60,19,0.87826
2025-09-06T10:51:00,489,57.2,18,0.88268
2025-09-06T10:54:00,446,54.1,19,1.00781
2025-09-06T10:57:00,479,54.2,19,1.00561
2025-09-06T11:00:00,504,54.1,19,1.00781
2025-09-06T11:03:00,474,53.2,19,1.02757
2025-09-06T11:06:00,527,58.9,16,0.74671
2025-09-06T11:09:00,471,55.4,18,0.9198
2025-09-06T11:12:00,463,54.3,18,0.94249
2025-09-06T11:15:00,499,52,19,1.05392
2025-09-06T11:18:00,548,52.8,18,0.97342
2025-09-06T11:21:00,501,54.4,18,0.94042
2025-09-06T11:24:00,530,52.7,19,1.03855
2025-09-06T11:27:00,547,51.6,19,1.0627
2025-09-06T11:30:00,569,50.2,20,1.16357
2025-09-06T11:33:00,541,54.1,18,0.94661
2025-09-06T11:36:00,489,49.8,19,1.10222
2025-09-06T11:39:00,526,48.4,19,1.13296
2025-09-06T11:42:00,487,46.8,19,1.16809
2025-09-06T11:45:00,446,45.2,20,1.28039
2025-09-06T11:48:00,487,42.8,20,1.33647
2025-09-06T11:51:00,487,51.9,19,1.05611
2025-09-06T11:54:00,476,59,18,0.84556
2025-09-06T11:57:00,465,54,20,1.07478
2025-09-06T12:00:00,454,53.4,19,1.02318
2025-09-06T12:03:00,441,63.7,16,0.65951
2025-09-06T12:06:00,437,56.7,19,0.95072
2025-09-06T12:09:00,434,56.8,17,0.83642
2025-09-06T12:12:00,423,64.3,16,0.6486
2025-09-06T12:15:00,416,61.6,17,0.74349
2025-09-06T12:18:00,410,62.6,16,0.67949
2025-09-06T12:21:00,410,57.9,17,0.81512
2025-09-06T12:24:00,410,55.9,18,0.90949
2025-09-06T12:27:00,409,58.4,18,0.85793
2025-09-06T12:30:00,408,57.1,18,0.88474
2025-09-06T12:33:00,408,56.5,19,0.95511
2025-09-06T12:36:00,409,55.3,19,0.98146
2025-09-06T12:39:00,410,53.9,19,1.0122
2025-09-06T12:42:00,410,54.4,20,1.06543
2025-09-06T12:45:00,413,53.3,20,1.09114
2025-09-06T12:48:00,413,52.9,21,1.17051
2025-09-06T12:51:00,408,61,16,0.70856
2025-09-06T12:54:00,405,59,18,0.84556
2025-09-06T12:57:00,402,61.4,17,0.74736
2025-09-06T13:00:00,402,60.8,18,0.80843
2025-09-06T13:03:00,402,60,18,0.82493
2025-09-06T13:06:00,402,60.4,18,0.81668
2025-09-06T13:09:00,403,57.4,18,0.87855
2025-09-06T13:12:00,403,55.4,19,0.97926
2025-09-06T13:15:00,403,54.8,18,0.93217
2025-09-06T13:18:00,405,57.9,18,0.86824
2025-09-06T13:21:00,406,54.7,19,0.99463
2025-09-06T13:24:00,406,56.5,19,0.95511
2025-09-06T13:27:00,406,56.9,20,1.00702
2025-09-06T13:30:00,408,54,20,1.07478
2025-09-06T13:33:00,410,54.1,20,1.07244
2025-09-06T13:36:00,404,62.2,16,0.68676
2025-09-06T13:39:00,405,59.6,19,0.88705
2025-09-06T13:42:00,407,57,20,1.00469
2025-09-06T13:45:00,407,59.2,18,0.84143
2025-09-06T13:48:00,400,66.3,16,0.61227
2025-09-06T13:51:00,400,58.2,18,0.86206
2025-09-06T13:54:00,401,60.1,18,0.82287
2025-09-06T13:57:00,402,60.1,18,0.82287
2025-09-06T14:00:00,405,60.9,18,0.80637
2025-09-06T14:03:00,404,59.4,19,0.89144
2025-09-06T14:06:00,404,57.8,18,0.8703
2025-09-06T14:09:00,407,56.7,18,0.89299
2025-09-06T14:12:00,408,58.7,18,0.85174
2025-09-06T14:15:00,411,56.2,19,0.9617
2025-09-06T14:18:00,413,57.1,17,0.83061
2025-09-06T14:21:00,416,56.2,19,0.9617
2025-09-06T14:24:00,424,53.8,20,1.07945
2025-09-06T14:27:00,425,51.7,21,1.20033
2025-09-06T14:30:00,421,51.5,21,1.2053
2025-09-06T14:33:00,435,57.8,17,0.81706
2025-09-06T14:36:00,416,58.6,18,0.85381
2025-09-06T14:39:00,431,54.9,19,0.99024
2025-09-06T14:42:00,493,57.3,17,0.82674
2025-09-06T14:45:00,516,58.5,18,0.85587
2025-09-06T14:48:00,550,59.9,18,0.827
2025-09-06T14:51:00,526,60.2,17,0.77059
2025-09-06T14:54:00,457,58.5,18,0.85587
2025-09-06T14:57:00,495,54.5,19,0.99902
2025-09-06T15:00:00,438,58,18,0.86618
2025-09-06T15:03:00,479,55.3,19,0.98146
2025-09-06T15:06:00,527,57.8,18,0.8703
2025-09-06T15:09:00,525,56,19,0.96609
2025-09-06T15:12:00,439,59.3,17,0.78802
2025-09-06T15:15:00,529,55,19,0.98805
2025-09-06T15:18:00,515,55.3,19,0.98146
2025-09-06T15:21:00,521,57.2,18,0.88268
2025-09-06T15:24:00,513,51.2,20,1.1402
2025-09-06T15:27:00,520,50.8,20,1.14955
2025-09-06T15:30:00,512,48.6,21,1.27737
2025-09-06T15:33:00,507,49.8,21,1.24755
2025-09-06T15:36:00,503,57.4,17,0.82481
2025-09-06T15:39:00,446,60.5,17,0.76478
2025-09-06T15:42:00,476,55.7,19,0.97268
2025-09-06T15:45:00,466,58.2,17,0.80932
2025-09-06T15:48:00,408,60.3,18,0.81875
2025-09-06T15:51:00,405,56.5,19,0.95511
2025-09-06T15:54:00,410,53.6,20,1.08413
2025-09-06T15:57:00,403,61.5,17,0.74542
2025-09-06T16:00:00,402,56.2,19,0.9617
2025-09-06T16:03:00,404,53.9,20,1.07712
2025-09-06T16:06:00,398,61.1,17,0.75317
2025-09-06T16:09:00,395,59.8,17,0.77834
2025-09-06T16:12:00,397,60.1,17,0.77253
2025-09-06T16:15:00,408,59.7,18,0.83112
2025-09-06T16:18:00,404,57.3,19,0.93755
2025-09-06T16:21:00,408,56.3,19,0.9595
2025-09-06T16:24:00,400,54.7,19,0.99463
2025-09-06T16:27:00,398,53.7,20,1.08179
2025-09-06T16:30:00,397,54.2,20,1.07011
2025-09-06T16:33:00,457,53.6,20,1.08413
2025-09-06T16:36:00,476,55.2,20,1.04674
2025-09-06T16:39:00,485,54.3,20,1.06777
2025-09-06T16:42:00,443,53.5,20,1.08646
2025-09-06T16:45:00,473,54.5,19,0.99902
2025-09-06T16:48:00,490,53.2,19,1.02757
2025-09-06T16:51:00,405,51.8,20,1.12618
2025-09-06T16:54:00,390,50.8,20,1.14955
2025-09-06T16:57:00,390,50.2,20,1.16357
2025-09-06T17:00:00,388,49.3,20,1.1846
2025-09-06T17:03:00,385,48.4,20,1.20562
2025-09-06T17:06:00,385,47.4,21,1.30719
2025-09-06T17:09:00,382,45.3,21,1.35938
2025-09-06T17:12:00,379,43.6,20,1.31777
2025-09-06T17:15:00,377,40.7,21,1.4737
2025-09-06T17:18:00,375,39.5,21,1.50352
2025-09-06T17:21:00,374,47,21,1.31713
2025-09-06T17:24:00,368,55.1,18,0.92599
2025-09-06T17:27:00,367,54.2,20,1.07011
2025-09-06T17:30:00,369,53.2,20,1.09347
2025-09-06T17:33:00,372,52.8,20,1.10282
2025-09-06T17:36:00,378,55.4,19,0.97926
2025-09-06T17:39:00,373,53.9,19,1.0122
2025-09-06T17:42:00,386,52.5,20,1.10983
2025-09-06T17:45:00,369,52.2,20,1.11684
2025-09-06T17:48:00,371,48.1,21,1.28979
2025-09-06T17:51:00,375,51.1,20,1.14254
2025-09-06T17:54:00,371,50.7,20,1.15188
2025-09-06T17:57:00,364,49,21,1.26743
2025-09-06T18:00:00,361,49.4,21,1.25749
2025-09-06T18:03:00,357,49.9,21,1.24506
2025-09-06T18:06:00,355,49.3,21,1.25997
2025-09-06T18:09:00,356,48.4,21,1.28234
2025-09-06T18:12:00,354,45.7,21,1.34944
2025-09-06T18:15:00,353,49.4,20,1.18226
2025-09-06T18:18:00,351,49.5,20,1.17992
2025-09-06T18:21:00,350,50.1,20,1.1659
2025-09-06T18:24:00,347,47.8,21,1.29725
2025-09-06T18:27:00,346,47.8,20,1.21964
2025-09-06T18:30:00,344,48.3,20,1.20796
2025-09-06T18:33:00,342,48.5,21,1.27985
2025-09-06T18:36:00,342,47.1,21,1.31465
2025-09-06T18:39:00,339,44.2,20,1.30376
2025-09-06T18:42:00,338,46.5,20,1.25002
2025-09-06T18:45:00,338,45,20,1.28506
2025-09-06T18:48:00,338,43.5,21,1.40411
2025-09-06T18:51:00,338,43.1,21,1.41405
2025-09-06T18:54:00,335,41.8,20,1.35983
2025-09-06T18:57:00,335,41,20,1.37852
2025-09-06T19:00:00,335,40,20,1.40189
2025-09-06T19:03:00,334,39.9,20,1.40422
2025-09-06T19:06:00,333,40.9,20,1.38086
2025-09-06T19:09:00,332,41.4,20,1.36918
2025-09-06T19:12:00,330,50.5,19,1.08685
2025-09-06T19:15:00,328,55.6,19,0.97487
2025-09-06T19:18:00,328,56.3,19,0.9595
2025-09-06T19:21:00,328,56.2,19,0.9617
2025-09-06T19:24:00,328,52.9,19,1.03415
2025-09-06T19:27:00,329,50.2,19,1.09344
2025-09-06T19:30:00,328,51.4,19,1.06709
2025-09-06T19:33:00,327,52.3,19,1.04733
2025-09-06T19:36:00,328,54.5,19,0.99902
2025-09-06T19:39:00,327,53.1,19,1.02976
2025-09-06T19:42:00,326,53.1,19,1.02976
2025-09-06T19:45:00,326,49.3,19,1.1132
2025-09-06T19:48:00,327,53.7,19,1.01659
2025-09-06T19:51:00,326,51.8,19,1.05831
2025-09-06T19:54:00,328,52.3,19,1.04733
2025-09-06T19:57:00,327,51.7,19,1.0605
2025-09-06T20:00:00,327,52.7,19,1.03855
2025-09-06T20:03:00,0,52.3,19,1.04733
2025-09-06T20:06:00,0,50.7,19,1.08246
2025-09-06T20:09:00,0,52.4,19,1.04513
2025-09-06T20:12:00,0,50,19,1.09783
2025-09-06T20:15:00,0,48.9,19,1.12198
2025-09-06T20:18:00,0,47.8,19,1.14613
2025-09-06T20:21:00,0,47.3,19,1.15711
2025-09-06T20:24:00,0,46.7,19,1.17029
2025-09-06T20:27:00,0,47.3,18,1.08685
2025-09-06T20:30:00,0,47.2,18,1.08891
2025-09-06T20:33:00,0,47.4,18,1.08479
2025-09-06T20:36:00,0,47.9,18,1.07448
2025-09-06T20:39:00,0,49.3,18,1.0456
2025-09-06T20:42:00,0,50.2,18,1.02704
2025-09-06T20:45:00,0,51.4,18,1.00229
2025-09-06T20:48:00,0,54.8,18,0.93217
2025-09-06T20:51:00,0,56.2,18,0.9033
2025-09-06T20:54:00,0,57.7,18,0.87237
2025-09-06T20:57:00,0,59.8,18,0.82906
2025-09-06T21:00:00,0,61,18,0.80431
2025-09-06T21:03:00,0,62.1,18,0.78162
2025-09-06T21:06:00,0,63.1,18,0.761
2025-09-06T21:09:00,0,64,18,0.74244
2025-09-06T21:12:00,0,65.1,18,0.71975
2025-09-06T21:15:00,0,65.9,18,0.70326
2025-09-06T21:18:00,0,66.7,18,0.68676
2025-09-06T21:21:00,0,67.3,18,0.67438
2025-09-06T21:24:00,0,68,18,0.65995
2025-09-06T21:27:00,0,68.8,18,0.64345
2025-09-06T21:30:00,0,69.3,18,0.63314
2025-09-06T21:33:00,0,69.8,18,0.62282
2025-09-06T21:36:00,0,70.2,18,0.61458
2025-09-06T21:39:00,0,70.4,18,0.61045
2025-09-06T21:42:00,0,70.8,18,0.6022
2025-09-06T21:45:00,0,71,18,0.59808
2025-09-06T21:48:00,0,71.2,18,0.59395
2025-09-06T21:51:00,0,71.4,18,0.58983
2025-09-06T21:54:00,0,71.5,18,0.58776
2025-09-06T21:57:00,0,71.7,18,0.58364
2025-09-06T22:00:00,0,71.7,18,0.58364
2025-09-06T22:03:00,0,72.1,18,0.57539
2025-09-06T22:06:00,0,72.1,18,0.57539
2025-09-06T22:09:00,0,72.4,18,0.5692
2025-09-06T22:12:00,0,72.3,17,0.53632
2025-09-06T22:15:00,0,72.7,18,0.56302
2025-09-06T22:18:00,0,72.7,18,0.56302
2025-09-06T22:21:00,0,72.4,17,0.53438
2025-09-06T22:24:00,0,72.5,17,0.53244
2025-09-06T22:27:00,0,72.8,17,0.52664
2025-09-06T22:30:00,0,72.7,17,0.52857
2025-09-06T22:33:00,0,72.6,17,0.53051
2025-09-06T22:36:00,0,72.9,17,0.5247
2025-09-06T22:39:00,0,72.7,17,0.52857
2025-09-06T22:42:00,0,72.7,17,0.52857
2025-09-06T22:45:00,0,72.7,17,0.52857
2025-09-06T22:48:00,0,72.7,17,0.52857
2025-09-06T22:51:00,0,72.8,17,0.52664
2025-09-06T22:54:00,0,73,17,0.52276
2025-09-06T22:57:00,0,72.8,17,0.52664
2025-09-06T23:00:00,0,73,17,0.52276
2025-09-06T23:03:00,0,73.2,17,0.51889
2025-09-06T23:06:00,0,74.1,17,0.50147
2025-09-06T23:09:00,0,74.8,17,0.48791
2025-09-06T23:12:00,0,75.6,17,0.47242
2025-09-06T23:15:00,0,76.2,17,0.46081
2025-09-06T23:18:00,0,76.3,17,0.45887
2025-09-06T23:21:00,0,76.6,17,0.45306
2025-09-06T23:24:00,0,76.8,17,0.44919
2025-09-06T23:27:00,0,76.6,17,0.45306
2025-09-06T23:30:00,0,76.9,17,0.44725
2025-09-06T23:33:00,0,76.8,17,0.44919
2025-09-06T23:36:00,0,76.9,17,0.44725
2025-09-06T23:39:00,0,77,17,0.44532
2025-09-06T23:42:00,0,76.9,17,0.44725
2025-09-06T23:45:00,0,77,17,0.44532
2025-09-06T23:48:00,0,77,17,0.44532
2025-09-06T23:51:00,0,76.8,17,0.44919
2025-09-06T23:54:00,0,77,17,0.44532
2025-09-06T23:57:00,0,76.8,17,0.44919
2025-09-07T00:00:00,0,76.8,17,0.44919
2025-09-07T00:03:00,0,76.8,17,0.44919
2025-09-07T00:06:00,0,76.8,17,0.44919
2025-09-07T00:09:00,0,76.8,16,0.4215
2025-09-07T00:12:00,0,76.8,16,0.4215
2025-09-07T00:15:00,0,76.6,16,0.42514
2025-09-07T00:18:00,0,76.8,16,0.4215
2025-09-07T00:21:00,0,76.7,16,0.42332
2025-09-07T00:24:00,0,76.6,16,0.42514
2025-09-07T00:27:00,0,76.6,16,0.42514
2025-09-07T00:30:00,0,76.4,16,0.42877
2025-09-07T00:33:00,0,76.7,16,0.42332
2025-09-07T00:36:00,0,77,16,0.41787
2025-09-07T00:39:00,0,77.4,16,0.4106
2025-09-07T00:42:00,0,77.5,16,0.40878
2025-09-07T00:45:00,0,77.5,16,0.40878
2025-09-07T00:48:00,0,77.4,16,0.4106
2025-09-07T00:51:00,0,77.6,16,0.40697
2025-09-07T00:54:00,0,77.5,16,0.40878
2025-09-07T00:57:00,0,77.5,16,0.40878
2025-09-07T01:00:00,0,77.5,16,0.40878
2025-09-07T01:03:00,0,77.4,16,0.4106
2025-09-07T01:06:00,0,77.3,16,0.41242
2025-09-07T01:09:00,0,77.2,16,0.41423
2025-09-07T01:12:00,0,77.1,16,0.41605
2025-09-07T01:15:00,0,77.1,16,0.41605
2025-09-07T01:18:00,0,76.9,16,0.41969
2025-09-07T01:21:00,0,76.8,16,0.4215
2025-09-07T01:24:00,0,76.8,16,0.4215
2025-09-07T01:27:00,0,76.6,16,0.42514
2025-09-07T01:30:00,0,76.6,16,0.42514
2025-09-07T01:33:00,0,76.5,16,0.42695
2025-09-07T01:36:00,0,76.3,16,0.43059
2025-09-07T01:39:00,0,76.2,16,0.4324
2025-09-07T01:42:00,0,76.2,16,0.4324
2025-09-07T01:45:00,0,76.1,16,0.43422
2025-09-07T01:48:00,0,76,16,0.43604
2025-09-07T01:51:00,0,76,16,0.43604
2025-09-07T01:54:00,0,75.9,16,0.43785
2025-09-07T01:57:00,0,75.7,16,0.44149
2025-09-07T02:00:00,0,75.7,16,0.44149
2025-09-07T02:03:00,0,76,16,0.43604
2025-09-07T02:06:00,0,76.2,16,0.4324
2025-09-07T02:09:00,0,76.6,16,0.42514
2025-09-07T02:12:00,0,76.8,16,0.4215
2025-09-07T02:15:00,0,76.8,16,0.4215
2025-09-07T02:18:00,0,76.8,16,0.4215
2025-09-07T02:21:00,0,76.9,16,0.41969
2025-09-07T02:24:00,0,77,16,0.41787
2025-09-07T02:27:00,0,77,16,0.41787
2025-09-07T02:30:00,0,77,16,0.41787
2025-09-07T02:33:00,0,76.9,15,0.39362
2025-09-07T02:36:00,0,77,16,0.41787
2025-09-07T02:39:00,0,76.9,16,0.41969
2025-09-07T02:42:00,0,77,16,0.41787
2025-09-07T02:45:00,0,76.9,15,0.39362
2025-09-07T02:48:00,0,76.8,15,0.39532
2025-09-07T02:51:00,0,76.8,15,0.39532
2025-09-07T02:54:00,0,76.6,15,0.39873
2025-09-07T02:57:00,0,76.5,15,0.40044
2025-09-07T03:00:00,0,76.4,15,0.40214
2025-09-07T03:03:00,0,76.3,15,0.40384
2025-09-07T03:06:00,0,76.2,15,0.40555
2025-09-07T03:09:00,0,76.1,15,0.40725
2025-09-07T03:12:00,0,75.8,15,0.41236
2025-09-07T03:15:00,0,75.9,15,0.41066
2025-09-07T03:18:00,0,75.8,15,0.41236
2025-09-07T03:21:00,0,75.7,15,0.41407
2025-09-07T03:24:00,0,75.6,15,0.41577
2025-09-07T03:27:00,0,75.5,15,0.41748
2025-09-07T03:30:00,0,75.3,15,0.42088
2025-09-07T03:33:00,0,75.3,15,0.42088
2025-09-07T03:36:00,0,75.1,15,0.42429
2025-09-07T03:39:00,0,75,15,0.426
2025-09-07T03:42:00,0,75,15,0.426
2025-09-07T03:45:00,0,75,15,0.426
2025-09-07T03:48:00,0,74.8,15,0.4294
2025-09-07T03:51:00,0,74.8,15,0.4294
2025-09-07T03:54:00,0,74.6,15,0.43281
2025-09-07T03:57:00,0,74.5,15,0.43452
2025-09-07T04:00:00,0,74.4,15,0.43622
2025-09-07T04:03:00,342,73.8,15,0.44644
2025-09-07T04:06:00,338,73.1,15,0.45837
2025-09-07T04:09:00,336,72.5,16,0.49963
2025-09-07T04:12:00,335,71.8,16,0.51234
2025-09-07T04:15:00,332,71,16,0.52688
2025-09-07T04:18:00,331,70.6,16,0.53414
2025-09-07T04:21:00,330,70,16,0.54505
2025-09-07T04:24:00,328,69.5,16,0.55413
2025-09-07T04:27:00,328,69.1,17,0.59827
2025-09-07T04:30:00,327,68.7,17,0.60602
2025-09-07T04:33:00,328,68.2,17,0.6157
2025-09-07T04:36:00,326,68,17,0.61957
2025-09-07T04:39:00,327,67.6,17,0.62732
2025-09-07T04:42:00,326,67,17,0.63893
2025-09-07T04:45:00,326,67.1,17,0.637
2025-09-07T04:48:00,327,66.7,17,0.64474
2025-09-07T04:51:00,325,66.4,17,0.65055
2025-09-07T04:54:00,326,66.2,18,0.69707
2025-09-07T04:57:00,326,65.9,18,0.70326
2025-09-07T05:00:00,326,65.7,18,0.70738
2025-09-07T05:03:00,326,65.5,18,0.7115
2025-09-07T05:06:00,326,65.2,18,0.71769
2025-09-07T05:09:00,326,65.1,18,0.71975
2025-09-07T05:12:00,326,64.9,18,0.72388
2025-09-07T05:15:00,326,64.7,18,0.728
2025-09-07T05:18:00,326,64.5,18,0.73213
2025-09-07T05:21:00,326,64.4,18,0.73419
2025-09-07T05:24:00,326,64.1,18,0.74038
2025-09-07T05:27:00,327,64.1,18,0.74038
2025-09-07T05:30:00,325,63.8,18,0.74656
2025-09-07T05:33:00,327,63.6,18,0.75069
2025-09-07T05:36:00,326,63.4,18,0.75481
2025-09-07T05:39:00,326,61.2,18,0.80019
2025-09-07T05:42:00,326,60.7,18,0.8105
2025-09-07T05:45:00,326,60.3,18,0.81875
2025-09-07T05:48:00,326,60.5,19,0.86728
2025-09-07T05:51:00,325,59.1,18,0.84349
2025-09-07T05:54:00,326,59.3,18,0.83937
2025-09-07T05:57:00,326,58.7,19,0.90681
2025-09-07T06:00:00,325,58,18,0.86618
2025-09-07T06:03:00,326,57.8,19,0.92657
2025-09-07T06:06:00,327,57.1,19,0.94194
2025-09-07T06:09:00,325,57.5,19,0.93315
2025-09-07T06:12:00,325,56.4,19,0.95731
2025-09-07T06:15:00,326,56.8,19,0.94852
2025-09-07T06:18:00,326,56.4,19,0.95731
2025-09-07T06:21:00,326,56.1,19,0.96389
2025-09-07T06:24:00,327,56.3,18,0.90124
2025-09-07T06:27:00,326,55.7,19,0.97268
2025-09-07T06:30:00,326,55.7,19,0.97268
2025-09-07T06:33:00,326,55.3,19,0.98146
2025-09-07T06:36:00,327,54.9,19,0.99024
2025-09-07T06:39:00,328,55.3,19,0.98146
2025-09-07T06:42:00,328,54.9,19,0.99024
2025-09-07T06:45:00,328,54.1,19,1.00781
2025-09-07T06:48:00,329,54.6,19,0.99683
2025-09-07T06:51:00,328,54.3,19,1.00342
2025-09-07T06:54:00,330,53.9,19,1.0122
2025-09-07T06:57:00,329,53.9,19,1.0122
2025-09-07T07:00:00,331,53.3,19,1.02537
2025-09-07T07:03:00,330,53.9,19,1.0122
2025-09-07T07:06:00,330,53.4,19,1.02318
2025-09-07T07:09:00,331,53.3,19,1.02537
2025-09-07T07:12:00,331,53.4,19,1.02318
2025-09-07T07:15:00,333,52.8,19,1.03635
2025-09-07T07:18:00,334,52.6,19,1.04074
2025-09-07T07:21:00,334,52.1,19,1.05172
2025-09-07T07:24:00,335,52.4,19,1.04513
2025-09-07T07:27:00,335,52.3,19,1.04733
2025-09-07T07:30:00,336,52,19,1.05392
2025-09-07T07:33:00,336,51.9,19,1.05611
2025-09-07T07:36:00,336,51.6,19,1.0627
2025-09-07T07:39:00,336,52.1,19,1.05172
2025-09-07T07:42:00,338,51.8,19,1.05831
2025-09-07T07:45:00,337,51.3,19,1.06929
2025-09-07T07:48:00,338,50.9,19,1.07807
2025-09-07T07:51:00,339,50.6,19,1.08465
2025-09-07T07:54:00,340,50.5,19,1.08685
2025-09-07T07:57:00,341,49.9,19,1.10002
2025-09-07T08:00:00,339,49.6,19,1.10661
2025-09-07T08:03:00,341,49.8,19,1.10222
2025-09-07T08:06:00,339,49.6,19,1.10661
2025-09-07T08:09:00,340,49.3,19,1.1132
2025-09-07T08:12:00,340,49.6,19,1.10661
2025-09-07T08:15:00,340,48.9,19,1.12198
2025-09-07T08:18:00,341,49.3,19,1.1132
2025-09-07T08:21:00,342,48.9,19,1.12198
2025-09-07T08:24:00,342,48.6,19,1.12857
2025-09-07T08:27:00,342,48.5,20,1.20329
2025-09-07T08:30:00,343,48.3,19,1.13515
2025-09-07T08:33:00,342,47.9,20,1.21731
2025-09-07T08:36:00,345,47.6,20,1.22432
2025-09-07T08:39:00,345,47.7,20,1.22198
2025-09-07T08:42:00,344,47.6,20,1.22432
2025-09-07T08:45:00,346,47.6,20,1.22432
2025-09-07T08:48:00,347,47.8,20,1.21964
2025-09-07T08:51:00,349,47.7,20,1.22198
2025-09-07T08:54:00,349,47.4,20,1.22899
2025-09-07T08:57:00,350,47.1,20,1.236
2025-09-07T09:00:00,350,47.2,20,1.23366
2025-09-07T09:03:00,351,47.4,20,1.22899
2025-09-07T09:06:00,352,47.2,20,1.23366
2025-09-07T09:09:00,353,47.1,20,1.236
2025-09-07T09:12:00,353,47,20,1.23833
2025-09-07T09:15:00,353,45.9,20,1.26404
2025-09-07T09:18:00,357,45.5,20,1.27338
2025-09-07T09:21:00,362,45.1,20,1.28273
2025-09-07T09:24:00,371,44.5,20,1.29675
2025-09-07T09:27:00,405,44.4,20,1.29908
2025-09-07T09:30:00,449,43.1,21,1.41405
2025-09-07T09:33:00,548,41.4,21,1.4563
2025-09-07T09:36:00,561,41.4,21,1.4563
2025-09-07T09:39:00,576,39.8,21,1.49606
2025-09-07T09:42:00,584,37.8,21,1.54577
2025-09-07T09:45:00,579,38.8,21,1.52091
2025-09-07T09:48:00,578,37.2,21,1.56068
2025-09-07T09:51:00,577,37.1,21,1.56316
2025-09-07T09:54:00,575,36.8,21,1.57062
2025-09-07T09:57:00,567,37.5,21,1.55322
2025-09-07T10:00:00,549,37.3,21,1.55819
2025-09-07T10:03:00,531,37.5,21,1.55322
2025-09-07T10:06:00,505,37.4,21,1.55571
2025-09-07T10:09:00,479,38.6,20,1.4346
2025-09-07T10:12:00,469,38.7,20,1.43226
2025-09-07T10:15:00,465,38.7,20,1.43226
2025-09-07T10:18:00,457,38.7,20,1.43226
2025-09-07T10:21:00,448,47.8,19,1.14613
2025-09-07T10:24:00,458,51.8,20,1.12618
2025-09-07T10:27:00,490,53.4,21,1.15808
2025-09-07T10:30:00,488,61.4,17,0.74736
2025-09-07T10:33:00,502,60.1,18,0.82287
2025-09-07T10:36:00,468,59.3,19,0.89363
2025-09-07T10:39:00,477,59.2,19,0.89583
2025-09-07T10:42:00,482,56.9,19,0.94633
2025-09-07T10:45:00,482,55.2,18,0.92393
2025-09-07T10:48:00,483.5,54.9,18.5,0.95976
2025-09-07T10:51:00,485,54.6,19,0.99683
2025-09-07T10:54:00,448,53.7,19,1.01659
2025-09-07T10:57:00,447,55.7,19,0.97268
2025-09-07T11:00:00,478,57.4,18,0.87855
2025-09-07T11:03:00,443,54.3,19,1.00342
2025-09-07T11:06:00,451,58.1,18,0.86412
2025-09-07T11:09:00,452,53.3,19,1.02537
2025-09-07T11:12:00,491,54.9,18,0.93011
2025-09-07T11:15:00,487,52.2,19,1.04952
2025-09-07T11:18:00,505,54.3,19,1.00342
2025-09-07T11:21:00,471,51.8,18,0.99404
2025-09-07T11:24:00,502,49.1,19,1.11759
2025-09-07T11:27:00,502,45.1,20,1.28273
2025-09-07T11:30:00,506,57.9,17,0.81512
2025-09-07T11:33:00,494,61.1,17,0.75317
2025-09-07T11:36:00,451,60,18,0.82493
2025-09-07T11:39:00,483,56.4,20,1.01871
2025-09-07T11:42:00,487,60.3,17,0.76866
2025-09-07T11:45:00,428,61.7,16,0.69584
2025-09-07T11:48:00,440,60.3,19,0.87168
2025-09-07T11:51:00,449,56.6,20,1.01403
2025-09-07T11:54:00,449,62.6,16,0.67949
2025-09-07T11:57:00,441,63.3,17,0.71057
2025-09-07T12:00:00,438,61.5,18,0.794
2025-09-07T12:03:00,430,58.8,19,0.90461
2025-09-07T12:06:00,428,61.7,17,0.74155
2025-09-07T12:09:00,420,62.5,17,0.72606
2025-09-07T12:12:00,416,58.6,19,0.909
2025-09-07T12:15:00,416,60,18,0.82493
2025-09-07T12:18:00,412,63.8,17,0.70089
2025-09-07T12:21:00,410,63.3,18,0.75688
2025-09-07T12:24:00,413,59.9,18,0.827
2025-09-07T12:27:00,410,63.7,17,0.70283
2025-09-07T12:30:00,405,62.7,17,0.72219
2025-09-07T12:33:00,403,60.3,19,0.87168
2025-09-07T12:36:00,402,60.7,18,0.8105
2025-09-07T12:39:00,397,62.8,17,0.72025
2025-09-07T12:42:00,401,62.4,19,0.82557
2025-09-07T12:45:00,403,61,18,0.80431
2025-09-07T12:48:00,402,62.3,17,0.72993
2025-09-07T12:51:00,400,62,18,0.78369
2025-09-07T12:54:00,403,57.6,19,0.93096
2025-09-07T12:57:00,401,61.6,18,0.79194
2025-09-07T13:00:00,401,62.4,17,0.728
2025-09-07T13:03:00,404,61.4,19,0.84752
2025-09-07T13:06:00,404,62.7,18,0.76925
2025-09-07T13:09:00,402,61.9,18,0.78575
2025-09-07T13:12:00,403,61.9,18,0.78575
2025-09-07T13:15:00,405,60,18,0.82493
2025-09-07T13:18:00,403,63,18,0.76306
2025-09-07T13:21:00,401,63.4,17,0.70864
2025-09-07T13:24:00,402,64.4,18,0.73419
2025-09-07T13:27:00,399,64.3,18,0.73625
2025-09-07T13:30:00,392,63.4,17,0.70864
2025-09-07T13:33:00,391,63.1,18,0.761
2025-09-07T13:36:00,397,64.3,18,0.73625
2025-09-07T13:39:00,398,63,18,0.76306
2025-09-07T13:42:00,393,62.3,18,0.7775
2025-09-07T13:45:00,391,62.8,18,0.76719
2025-09-07T13:48:00,387,62.4,18,0.77544
2025-09-07T13:51:00,386,62,18,0.78369
2025-09-07T13:54:00,389,61.5,18,0.794
2025-09-07T13:57:00,390,61.4,18,0.79606
2025-09-07T14:00:00,391,60.8,18,0.80843
2025-09-07T14:03:00,394,61.2,18,0.80019
2025-09-07T14:06:00,391,61.5,18,0.794
2025-09-07T14:09:00,393,60.4,18,0.81668
2025-09-07T14:12:00,397,60.9,18,0.80637
2025-09-07T14:15:00,399,60.5,18,0.81462
2025-09-07T14:18:00,398,62.2,18,0.77956
2025-09-07T14:21:00,401,61,18,0.80431
2025-09-07T14:24:00,400,59.9,18,0.827
2025-09-07T14:27:00,392,59.7,18,0.83112
2025-09-07T14:30:00,391,60.7,18,0.8105
2025-09-07T14:33:00,400,60.3,18,0.81875
2025-09-07T14:36:00,391,61,18,0.80431
2025-09-07T14:39:00,397,62.3,18,0.7775
2025-09-07T14:42:00,410,62.8,18,0.76719
2025-09-07T14:45:00,423,61.3,18,0.79812
2025-09-07T14:48:00,437,60.3,18,0.81875
2025-09-07T14:51:00,422,61.9,19,0.83655
2025-09-07T14:54:00,419,62.7,19,0.81898
2025-09-07T14:57:00,425,61.7,19,0.84094
2025-09-07T15:00:00,414,61.6,18,0.79194
2025-09-07T15:03:00,397,62,18,0.78369
2025-09-07T15:06:00,403,61.6,18,0.79194
2025-09-07T15:09:00,407,62.5,19,0.82337
2025-09-07T15:12:00,381,63,19,0.81239
2025-09-07T15:15:00,434,61.9,19,0.83655
2025-09-07T15:18:00,422,61.7,18,0.78987
2025-09-07T15:21:00,416,61.9,18,0.78575
2025-09-07T15:24:00,419,62.1,19,0.83215
2025-09-07T15:27:00,396,60.7,18,0.8105
2025-09-07T15:30:00,400,62.4,18,0.77544
2025-09-07T15:33:00,394,61.7,19,0.84094
2025-09-07T15:36:00,397,64,19,0.79044
2025-09-07T15:39:00,400,61.5,18,0.794
2025-09-07T15:42:00,401,61.9,18,0.78575
2025-09-07T15:45:00,391,61.6,18,0.79194
2025-09-07T15:48:00,384,62.3,19,0.82776
2025-09-07T15:51:00,382,60.6,18,0.81256
2025-09-07T15:54:00,377,60.5,19,0.86728
2025-09-07T15:57:00,378,63.6,18,0.75069
2025-09-07T16:00:00,376,63.2,18,0.75894
2025-09-07T16:03:00,377,64.5,18,0.73213
2025-09-07T16:06:00,375,63,18,0.76306
2025-09-07T16:09:00,375,61.2,18,0.80019
2025-09-07T16:12:00,373,61.3,18,0.79812
2025-09-07T16:15:00,374,61.6,19,0.84313
2025-09-07T16:18:00,373,61.9,18,0.78575
2025-09-07T16:21:00,378,61.9,18,0.78575
2025-09-07T16:24:00,372,61.5,18,0.794
2025-09-07T16:27:00,375,61.2,18,0.80019
2025-09-07T16:30:00,383,62.1,19,0.83215
2025-09-07T16:33:00,400,60.7,18,0.8105
2025-09-07T16:36:00,402,61.4,18,0.79606
2025-09-07T16:39:00,390,60.4,18,0.81668
2025-09-07T16:42:00,374,61.1,18,0.80225
2025-09-07T16:45:00,377,60.8,18,0.80843
2025-09-07T16:48:00,369,64,18,0.74244
2025-09-07T16:51:00,359,63.9,18,0.7445
2025-09-07T16:54:00,355,62.6,18,0.77131
2025-09-07T16:57:00,352,62.9,18,0.76513
2025-09-07T17:00:00,350,61.6,18,0.79194
2025-09-07T17:03:00,350,62.5,18,0.77337
2025-09-07T17:06:00,350,61.5,18,0.794
2025-09-07T17:09:00,350,63.6,18,0.75069
2025-09-07T17:12:00,348,60.4,18,0.81668
2025-09-07T17:15:00,346,61.8,18,0.78781
2025-09-07T17:18:00,345,64.9,18,0.72388
2025-09-07T17:21:00,340,63,18,0.76306
2025-09-07T17:24:00,338,65.2,18,0.71769
2025-09-07T17:27:00,338,64.3,18,0.73625
2025-09-07T17:30:00,336,65.7,18,0.70738
2025-09-07T17:33:00,335,67.6,17,0.62732
2025-09-07T17:36:00,335,64.8,18,0.72594
2025-09-07T17:39:00,337,62.3,18,0.7775
2025-09-07T17:42:00,335,67.6,18,0.6682
2025-09-07T17:45:00,336,64.5,18,0.73213
2025-09-07T17:48:00,336,65.9,18,0.70326
2025-09-07T17:51:00,335,67.4,18,0.67232
2025-09-07T17:54:00,334,67.4,17,0.63119
2025-09-07T17:57:00,331,64.8,18,0.72594
2025-09-07T18:00:00,330,65,17,0.67766
2025-09-07T18:03:00,330,65.4,17,0.66991
2025-09-07T18:06:00,328,63.4,17,0.70864
2025-09-07T18:09:00,330,63.9,17,0.69895
2025-09-07T18:12:00,328,64.2,17,0.69315
2025-09-07T18:15:00,328,63.6,17,0.70476
2025-09-07T18:18:00,328,64.6,17,0.6854
2025-09-07T18:21:00,328,64.4,17,0.68927
2025-09-07T18:24:00,327,64.7,17,0.68347
2025-09-07T18:27:00,326,64.3,17,0.69121
2025-09-07T18:30:00,326,64.3,17,0.69121
2025-09-07T18:33:00,323,67.9,17,0.62151
2025-09-07T18:36:00,322,66.6,17,0.64668
2025-09-07T18:39:00,320,67.8,17,0.62344
2025-09-07T18:42:00,320,70.7,17,0.5673
2025-09-07T18:45:00,320,69.9,17,0.58279
2025-09-07T18:48:00,319,70.3,17,0.57504
2025-09-07T18:51:00,320,69.3,17,0.5944
2025-09-07T18:54:00,320,70.6,17,0.56923
2025-09-07T18:57:00,319,73.2,17,0.51889
2025-09-07T19:00:00,320,71.3,17,0.55568
2025-09-07T19:03:00,320,69.2,17,0.59634
2025-09-07T19:06:00,320,67.3,17,0.63313
2025-09-07T19:09:00,322,69.8,17,0.58472
2025-09-07T19:12:00,322,67.7,18,0.66613
2025-09-07T19:15:00,323,67.8,18,0.66407
2025-09-07T19:18:00,323,68,18,0.65995
2025-09-07T19:21:00,324,67.2,18,0.67645
2025-09-07T19:24:00,326,65.7,19,0.75311
2025-09-07T19:27:00,324,65,18,0.72182
2025-09-07T19:30:00,323,66.3,19,0.73994
2025-09-07T19:33:00,326,64.8,19,0.77287
2025-09-07T19:36:00,326,63.6,19,0.79922
2025-09-07T19:39:00,326,62.3,19,0.82776
2025-09-07T19:42:00,326,62.2,19,0.82996
2025-09-07T19:45:00,327,62.4,19,0.82557
2025-09-07T19:48:00,326,62.2,19,0.82996
2025-09-07T19:51:00,328,62.4,19,0.82557
2025-09-07T19:54:00,326,61,19,0.85631
2025-09-07T19:57:00,326.5,59.55,19.5,0.91624
2025-09-07T20:00:00,327,58.1,20,0.97898
2025-09-07T20:03:00,0,55.1,20,1.04908
2025-09-07T20:06:00,0,59.5,20,0.94627
2025-09-07T20:09:00,0,61,19,0.85631
2025-09-07T20:12:00,0,61.6,19,0.84313
2025-09-07T20:15:00,0,61.7,19,0.84094
2025-09-07T20:18:00,0,57.3,19,0.93755
2025-09-07T20:21:00,0,57,19,0.94413
2025-09-07T20:24:00,0,56.5,19,0.95511
2025-09-07T20:27:00,0,60.1,19,0.87607
2025-09-07T20:30:00,0,57.9,19,0.92437
2025-09-07T20:33:00,0,56.1,18,0.90536
2025-09-07T20:36:00,0,56.2,18,0.9033
2025-09-07T20:39:00,0,54.4,18,0.94042
2025-09-07T20:42:00,0,55.4,19,0.97926
2025-09-07T20:45:00,0,54,19,1.01
2025-09-07T20:48:00,0,57.1,19,0.94194
2025-09-07T20:51:00,0,56.6,19,0.95292
2025-09-07T20:54:00,0,55.3,19,0.98146
2025-09-07T20:57:00,0,54.3,19,1.00342
2025-09-07T21:00:00,0,53.9,19,1.0122
2025-09-07T21:03:00,0,53.3,19,1.02537
2025-09-07T21:06:00,0,53.1,19,1.02976
2025-09-07T21:09:00,0,53.1,19,1.02976
2025-09-07T21:12:00,0,53.1,19,1.02976
2025-09-07T21:15:00,0,52.4,19,1.04513
2025-09-07T21:18:00,0,52.5,19,1.04294
2025-09-07T21:21:00,0,53.1,19,1.02976
2025-09-07T21:24:00,0,52.8,19,1.03635
2025-09-07T21:27:00,0,52.6,19,1.04074
2025-09-07T21:30:00,0,52.8,19,1.03635
2025-09-07T21:33:00,0,52,19,1.05392
2025-09-07T21:36:00,0,51.4,19,1.06709
2025-09-07T21:39:00,0,51,19,1.07587
2025-09-07T21:42:00,0,51,19,1.07587
2025-09-07T21:45:00,0,50.9,19,1.07807
2025-09-07T21:48:00,0,51,19,1.07587
2025-09-07T21:51:00,0,51,19,1.07587
2025-09-07T21:54:00,0,51.9,19,1.05611
2025-09-07T21:57:00,0,52.6,19,1.04074
2025-09-07T22:00:00,0,53.4,19,1.02318
2025-09-07T22:03:00,0,54.9,18,0.93011
2025-09-07T22:06:00,0,57.4,18,0.87855
2025-09-07T22:09:00,0,59,18,0.84556
2025-09-07T22:12:00,0,60.6,18,0.81256
2025-09-07T22:15:00,0,62.3,18,0.7775
2025-09-07T22:18:00,0,63.9,18,0.7445
2025-09-07T22:21:00,0,65,18,0.72182
2025-09-07T22:24:00,0,65.7,18,0.70738
2025-09-07T22:27:00,0,66.7,18,0.68676
2025-09-07T22:30:00,0,67.3,18,0.67438
2025-09-07T22:33:00,0,67.8,18,0.66407
2025-09-07T22:36:00,0,68.4,18,0.6517
2025-09-07T22:39:00,0,69.1,18,0.63726
2025-09-07T22:42:00,0,69.5,18,0.62901
2025-09-07T22:45:00,0,70,18,0.6187
2025-09-07T22:48:00,0,70.6,18,0.60633
2025-09-07T22:51:00,0,71,18,0.59808
2025-09-07T22:54:00,0,71.3,18,0.59189
2025-09-07T22:57:00,0,71.7,18,0.58364
2025-09-07T23:00:00,0,72.1,18,0.57539
2025-09-07T23:03:00,0,72.5,18,0.56714
2025-09-07T23:06:00,0,73.8,18,0.54033
2025-09-07T23:09:00,0,74.9,19,0.55111
2025-09-07T23:12:00,0,75.7,19,0.53354
2025-09-07T23:15:00,0,76.4,19,0.51818
2025-09-07T23:18:00,0,77,19,0.505
2025-09-07T23:21:00,0,77.5,19,0.49402
2025-09-07T23:24:00,0,77.9,19,0.48524
2025-09-07T23:27:00,0,78.3,19,0.47646
2025-09-07T23:30:00,0,78.7,19,0.46768
2025-09-07T23:33:00,0,79,19,0.46109
2025-09-07T23:36:00,0,79.2,19,0.4567
2025-09-07T23:39:00,0,79.4,19,0.45231
2025-09-07T23:42:00,0,79.4,19,0.45231
2025-09-07T23:45:00,0,79.7,19,0.44572
2025-09-07T23:48:00,0,79.9,19,0.44133
2025-09-07T23:51:00,0,80,19,0.43913
2025-09-07T23:54:00,0,80,19,0.43913
2025-09-07T23:57:00,0,80.3,19,0.43254
2025-09-08T00:00:00,0,80.4,19,0.43035
2025-09-08T00:03:00,0,80.4,19,0.43035
2025-09-08T00:06:00,0,80.6,19,0.42596
2025-09-08T00:09:00,0,80.6,19,0.42596
2025-09-08T00:12:00,0,80.6,19,0.42596
2025-09-08T00:15:00,0,80.6,19,0.42596
2025-09-08T00:18:00,0,80.6,19,0.42596
2025-09-08T00:21:00,0,80.6,19,0.42596
2025-09-08T00:24:00,0,80.8,19,0.42157
2025-09-08T00:27:00,0,80.8,19,0.42157
2025-09-08T00:30:00,0,80.8,19,0.42157
2025-09-08T00:33:00,0,80.8,19,0.42157
2025-09-08T00:36:00,0,81.2,19,0.41278
2025-09-08T00:39:00,0,81.3,19,0.41059
2025-09-08T00:42:00,0,81.5,19,0.4062
2025-09-08T00:45:00,0,81.7,19,0.40181
2025-09-08T00:48:00,0,81.7,19,0.40181
2025-09-08T00:51:00,0,81.8,19,0.39961
2025-09-08T00:54:00,0,81.8,19,0.39961
2025-09-08T00:57:00,0,81.9,19,0.39741
2025-09-08T01:00:00,0,81.9,19,0.39741
2025-09-08T01:03:00,0,81.9,19,0.39741
2025-09-08T01:06:00,0,82,19,0.39522
2025-09-08T01:09:00,0,81.9,19,0.39741
2025-09-08T01:12:00,0,81.9,19,0.39741
2025-09-08T01:15:00,0,82.2,19,0.39083
2025-09-08T01:18:00,0,82.1,19,0.39302
2025-09-08T01:21:00,0,82.3,19,0.38863
2025-09-08T01:24:00,0,82.3,19,0.38863
2025-09-08T01:27:00,0,82.2,19,0.39083
2025-09-08T01:30:00,0,82.2,19,0.39083
2025-09-08T01:33:00,0,82.2,19,0.39083
2025-09-08T01:36:00,0,82.2,19,0.39083
2025-09-08T01:39:00,0,82.1,19,0.39302
2025-09-08T01:42:00,0,82.1,19,0.39302
2025-09-08T01:45:00,0,81.9,19,0.39741
2025-09-08T01:48:00,0,82,19,0.39522
2025-09-08T01:51:00,0,81.9,19,0.39741
2025-09-08T01:54:00,0,81.8,19,0.39961
2025-09-08T01:57:00,0,81.8,19,0.39961
2025-09-08T02:00:00,0,81.8,19,0.39961
2025-09-08T02:03:00,0,81.8,19,0.39961
2025-09-08T02:06:00,0,82,19,0.39522
2025-09-08T02:09:00,0,82,19,0.39522
2025-09-08T02:12:00,0,82,19,0.39522
2025-09-08T02:15:00,0,82.1,19,0.39302
2025-09-08T02:18:00,0,82,19,0.39522
2025-09-08T02:21:00,0,82,19,0.39522
2025-09-08T02:24:00,0,82,19,0.39522
2025-09-08T02:27:00,0,82.1,19,0.39302
2025-09-08T02:30:00,0,82.1,19,0.39302
2025-09-08T02:33:00,0,82,19,0.39522
2025-09-08T02:36:00,0,82,19,0.39522
2025-09-08T02:39:00,0,82.1,19,0.39302
2025-09-08T02:42:00,0,82.2,19,0.39083
2025-09-08T02:45:00,0,82.2,19,0.39083
2025-09-08T02:48:00,0,82.2,19,0.39083
2025-09-08T02:51:00,0,82.1,19,0.39302
2025-09-08T02:54:00,0,82.2,19,0.39083
2025-09-08T02:57:00,0,82.3,19,0.38863
2025-09-08T03:00:00,0,82.2,19,0.39083
2025-09-08T03:03:00,0,82.4,19,0.38644
2025-09-08T03:06:00,0,82.3,19,0.38863
2025-09-08T03:09:00,0,82.2,19,0.39083
2025-09-08T03:12:00,0,82.2,19,0.39083
2025-09-08T03:15:00,0,82.2,19,0.39083
2025-09-08T03:18:00,0,82.1,19,0.39302
2025-09-08T03:21:00,0,82,19,0.39522
2025-09-08T03:24:00,0,81.9,19,0.39741
2025-09-08T03:27:00,0,82,19,0.39522
2025-09-08T03:30:00,0,82,19,0.39522
2025-09-08T03:33:00,0,82,19,0.39522
2025-09-08T03:36:00,0,81.8,19,0.39961
2025-09-08T03:39:00,0,81.8,19,0.39961
2025-09-08T03:42:00,0,81.8,19,0.39961
2025-09-08T03:45:00,0,81.8,19,0.39961
2025-09-08T03:48:00,0,81.8,19,0.39961
2025-09-08T03:51:00,0,81.9,19,0.39741
2025-09-08T03:54:00,0,81.9,19,0.39741
2025-09-08T03:57:00,0,81.9,19,0.39741
2025-09-08T04:00:00,335,81.9,19,0.39741
2025-09-08T04:03:00,340,81.5,19,0.4062
2025-09-08T04:06:00,345,81.1,19,0.41498
2025-09-08T04:09:00,342,80.5,19,0.42815
2025-09-08T04:12:00,341,79.7,19,0.44572
2025-09-08T04:15:00,339,79,20,0.49066
2025-09-08T04:18:00,336,78.3,20,0.50702
2025-09-08T04:21:00,335,77.3,20,0.53038
2025-09-08T04:24:00,334,75.4,20,0.57477
2025-09-08T04:27:00,333,72.1,20,0.65188
2025-09-08T04:30:00,333,69.8,20,0.70562
2025-09-08T04:33:00,330,67.9,20,0.75001
2025-09-08T04:36:00,330,65.5,20,0.80609
2025-09-08T04:39:00,330,64.2,20,0.83646
2025-09-08T04:42:00,328,62.6,20,0.87384
2025-09-08T04:45:00,328,61.7,20,0.89487
2025-09-08T04:48:00,328,60.7,20,0.91824
2025-09-08T04:51:00,327,59.9,20,0.93693
2025-09-08T04:54:00,328,59.3,20,0.95095
2025-09-08T04:57:00,328,59,20,0.95796
2025-09-08T05:00:00,328,58.5,20,0.96964
2025-09-08T05:03:00,326,57.5,20,0.993
2025-09-08T05:06:00,330,56.1,20,1.02571
2025-09-08T05:09:00,329,54.9,20,1.05375
2025-09-08T05:12:00,329,54.8,20,1.05609
2025-09-08T05:15:00,328,54.9,20,1.05375
2025-09-08T05:18:00,328,55.3,20,1.04441
2025-09-08T05:21:00,329,54.7,20,1.05843
2025-09-08T05:24:00,329,53.8,20,1.07945
2025-09-08T05:27:00,328,54.1,20,1.07244
2025-09-08T05:30:00,328,55.3,20,1.04441
2025-09-08T05:33:00,328,55.2,20,1.04674
2025-09-08T05:36:00,328,54.7,19,0.99463
2025-09-08T05:39:00,326,54.2,20,1.07011
2025-09-08T05:42:00,327,53.6,20,1.08413
2025-09-08T05:45:00,327,53.9,20,1.07712
2025-09-08T05:48:00,327,52.8,20,1.10282
2025-09-08T05:51:00,326,53.9,19,1.0122
2025-09-08T05:54:00,328,52.4,20,1.11216
2025-09-08T05:57:00,326,53.3,20,1.09114
2025-09-08T06:00:00,326,52.7,20,1.10515
2025-09-08T06:03:00,328,52.5,20,1.10983
2025-09-08T06:06:00,329,52.7,19,1.03855
2025-09-08T06:09:00,327,53.2,19,1.02757
2025-09-08T06:12:00,326,53,20,1.09815
2025-09-08T06:15:00,327,52.8,20,1.10282
2025-09-08T06:18:00,328,52.9,19,1.03415
2025-09-08T06:21:00,326,53.5,19,1.02098
2025-09-08T06:24:00,326,53.4,19,1.02318
2025-09-08T06:27:00,328,53.5,20,1.08646
2025-09-08T06:30:00,328,53.3,20,1.09114
2025-09-08T06:33:00,328,53.5,20,1.08646
2025-09-08T06:36:00,328,53.3,20,1.09114
2025-09-08T06:39:00,329,53,19,1.03196
2025-09-08T06:42:00,328,53.3,19,1.02537
2025-09-08T06:45:00,329,53.7,19,1.01659
2025-09-08T06:48:00,330,53.6,20,1.08413
2025-09-08T06:51:00,329,53.1,20,1.09581
2025-09-08T06:54:00,330,53.5,20,1.08646
2025-09-08T06:57:00,331,54,20,1.07478
2025-09-08T07:00:00,331,54.4,19,1.00122
2025-09-08T07:03:00,331,54.2,20,1.07011
2025-09-08T07:06:00,332,54.5,20,1.0631
2025-09-08T07:09:00,333,54,20,1.07478
2025-09-08T07:12:00,334,54.3,19,1.00342
2025-09-08T07:15:00,336,54.3,19,1.00342
2025-09-08T07:18:00,336,54,19,1.01
2025-09-08T07:21:00,336,53.8,19,1.01439
2025-09-08T07:24:00,337,53.8,19,1.01439
2025-09-08T07:27:00,338,53.2,20,1.09347
2025-09-08T07:30:00,340,53.2,20,1.09347
2025-09-08T07:33:00,338,52.7,20,1.10515
2025-09-08T07:36:00,340,53.8,20,1.07945
2025-09-08T07:39:00,341,54.2,20,1.07011
2025-09-08T07:42:00,342,53.5,20,1.08646
2025-09-08T07:45:00,342,54,20,1.07478
2025-09-08T07:48:00,344,52.6,20,1.10749
2025-09-08T07:51:00,345,53.3,20,1.09114
2025-09-08T07:54:00,345,53.9,20,1.07712
2025-09-08T07:57:00,347,53.45,20,1.08763
2025-09-08T08:00:00,349,53,20,1.09815
2025-09-08T08:03:00,350,52.8,20,1.10282
2025-09-08T08:06:00,351,54.1,19,1.00781
2025-09-08T08:09:00,353,52.6,20,1.10749
2025-09-08T08:12:00,353,53,20,1.09815
2025-09-08T08:15:00,353,52.4,20,1.11216
2025-09-08T08:18:00,353,52.8,20,1.10282
2025-09-08T08:21:00,356,53.7,20,1.08179
2025-09-08T08:24:00,356,52.9,20,1.10048
2025-09-08T08:27:00,359,52.8,20,1.10282
2025-09-08T08:30:00,359,52.7,20,1.10515
2025-09-08T08:33:00,361,52.7,20,1.10515
2025-09-08T08:36:00,361,54.2,19,1.00561
2025-09-08T08:39:00,361,53,20,1.09815
2025-09-08T08:42:00,360,52.8,20,1.10282
2025-09-08T08:45:00,358,52.3,20,1.1145
2025-09-08T08:48:00,358,52.6,20,1.10749
2025-09-08T08:51:00,361,52.4,20,1.11216
2025-09-08T08:54:00,359,52.7,20,1.10515
2025-09-08T08:57:00,360,53.2,20,1.09347
2025-09-08T09:00:00,361,52.7,20,1.10515
2025-09-08T09:03:00,361,52.9,20,1.10048
2025-09-08T09:06:00,362,53.3,20,1.09114
2025-09-08T09:09:00,364,52,20,1.12151
2025-09-08T09:12:00,364,52.2,20,1.11684
2025-09-08T09:15:00,367,52.7,20,1.10515
2025-09-08T09:18:00,368,52.8,20,1.10282
2025-09-08T09:21:00,372,52.7,20,1.10515
2025-09-08T09:24:00,378,53.4,20,1.0888
2025-09-08T09:27:00,389,53.4,20,1.0888
2025-09-08T09:30:00,448,52.7,20,1.10515
2025-09-08T09:33:00,468,51.8,21,1.19784
2025-09-08T09:36:00,486,50.9,21,1.22021
2025-09-08T09:39:00,493,50.8,21,1.2227
2025-09-08T09:42:00,499,51.2,21,1.21275
2025-09-08T09:45:00,501,51,21,1.21773
2025-09-08T09:48:00,503,50.6,22,1.30517
2025-09-08T09:51:00,501,53.8,20,1.07945
2025-09-08T09:54:00,495,58.6,20,0.9673
2025-09-08T09:57:00,495,62.3,20,0.88085
2025-09-08T10:00:00,493,66.2,19,0.74213
2025-09-08T10:03:00,480,70.1,18,0.61664
2025-09-08T10:06:00,468,71.1,18,0.59601
2025-09-08T10:09:00,457,66,19,0.74652
2025-09-08T10:12:00,446,70.7,18,0.60426
2025-09-08T10:15:00,446,71.2,17,0.55762
2025-09-08T10:18:00,446,67.8,19,0.707
2025-09-08T10:21:00,445,69.9,18,0.62076
2025-09-08T10:24:00,441,71.1,18,0.59601
2025-09-08T10:27:00,462,71.5,18,0.58776
2025-09-08T10:30:00,470,69.6,18,0.62695
2025-09-08T10:33:00,473,70.9,18,0.60014
2025-09-08T10:36:00,465,71.1,18,0.59601
2025-09-08T10:39:00,465,71,18,0.59808
2025-09-08T10:42:00,475,72.6,17,0.53051
2025-09-08T10:45:00,475,73.6,17,0.51115
2025-09-08T10:48:00,472,73.4,17,0.51502
2025-09-08T10:51:00,468,73.3,18,0.55064
2025-09-08T10:54:00,435,72.9,18,0.55889
2025-09-08T10:57:00,457,72.3,18,0.57127
2025-09-08T11:00:00,456,72.7,18,0.56302
2025-09-08T11:03:00,436,71.8,18,0.58158
2025-09-08T11:06:00,479,71.8,18,0.58158
2025-09-08T11:09:00,515,71.5,18,0.58776
2025-09-08T11:12:00,411,71.3,18,0.59189
2025-09-08T11:15:00,395,71.1,18,0.59601
2025-09-08T11:18:00,386,71.9,18,0.57952
2025-09-08T11:21:00,428,72,18,0.57745
2025-09-08T11:24:00,369,71.6,18,0.5857
2025-09-08T11:27:00,380,71.5,18,0.58776
2025-09-08T11:30:00,375,71.2,18,0.59395
2025-09-08T11:33:00,378,72.2,18,0.57333
2025-09-08T11:36:00,491,71,18,0.59808
2025-09-08T11:39:00,424,71.5,18,0.58776
2025-09-08T11:42:00,491,72.5,18,0.56714
2025-09-08T11:45:00,446,70.8,18,0.6022
2025-09-08T11:48:00,484,72,18,0.57745
2025-09-08T11:51:00,461,71.1,18,0.59601
2025-09-08T11:54:00,468,69.7,19,0.66528
2025-09-08T11:57:00,362,69.9,19,0.66089
2025-09-08T12:00:00,446,70.7,18,0.60426
2025-09-08T12:03:00,437,70.3,19,0.65211
2025-09-08T12:06:00,430,70.9,19,0.63894
2025-09-08T12:09:00,418,71.7,19,0.62137
2025-09-08T12:12:00,415,69.7,19,0.66528
2025-09-08T12:15:00,412,69.6,19,0.66748
2025-09-08T12:18:00,410,69.8,19,0.66309
2025-09-08T12:21:00,408,70.9,19,0.63894
2025-09-08T12:24:00,408,70.4,19,0.64991
2025-09-08T12:27:00,407,70.2,19,0.65431
2025-09-08T12:30:00,406,70,19,0.6587
2025-09-08T12:33:00,406,70,19,0.6587
2025-09-08T12:36:00,405,68.4,19,0.69383
2025-09-08T12:39:00,406,68.6,20,0.73365
2025-09-08T12:42:00,402,69.2,19,0.67626
2025-09-08T12:45:00,402,70.1,19,0.6565
2025-09-08T12:48:00,402,69.2,20,0.71964
2025-09-08T12:51:00,401,68.2,20,0.743
2025-09-08T12:54:00,401,68.2,20,0.743
2025-09-08T12:57:00,400,69.4,20,0.71496
2025-09-08T13:00:00,401,68,20,0.74767
2025-09-08T13:03:00,401,69,20,0.72431
2025-09-08T13:06:00,401,68.4,20,0.73833
2025-09-08T13:09:00,400,67.8,20,0.75235
2025-09-08T13:12:00,401,67.7,20,0.75468
2025-09-08T13:15:00,401,67.1,20,0.7687
2025-09-08T13:18:00,400,67.7,20,0.75468
2025-09-08T13:21:00,400,69,20,0.72431
2025-09-08T13:24:00,403,69.3,20,0.7173
2025-09-08T13:27:00,400,69.4,20,0.71496
2025-09-08T13:30:00,397,69.3,20,0.7173
2025-09-08T13:33:00,399,68.7,20,0.73132
2025-09-08T13:36:00,398,67.3,20,0.76403
2025-09-08T13:39:00,398,68.1,20,0.74534
2025-09-08T13:42:00,400,69.2,20,0.71964
2025-09-08T13:45:00,397,68,20,0.74767
2025-09-08T13:48:00,399,68.2,20,0.743
2025-09-08T13:51:00,398,68,20,0.74767
2025-09-08T13:54:00,400,68.6,20,0.73365
2025-09-08T13:57:00,395,68,20,0.74767
2025-09-08T14:00:00,402,68,20,0.74767
2025-09-08T14:03:00,403,68.4,20,0.73833
2025-09-08T14:06:00,401,68.6,20,0.73365
2025-09-08T14:09:00,402,68.9,20,0.72665
2025-09-08T14:12:00,400,67.8,21,0.80022
2025-09-08T14:15:00,402,69.5,20,0.71263
2025-09-08T14:18:00,403,69,21,0.7704
2025-09-08T14:21:00,403,67.9,20,0.75001
2025-09-08T14:24:00,407,68.3,20,0.74066
2025-09-08T14:27:00,405,68.5,20,0.73599
2025-09-08T14:30:00,404,68,20,0.74767
2025-09-08T14:33:00,419,67.8,21,0.80022
2025-09-08T14:36:00,406,67.3,21,0.81265
2025-09-08T14:39:00,429,67.1,20,0.7687
2025-09-08T14:42:00,475,68.4,20,0.73833
2025-09-08T14:45:00,455,67.2,21,0.81513
2025-09-08T14:48:00,474,67.7,21,0.8027
2025-09-08T14:51:00,447,65.4,21,0.85986
2025-09-08T14:54:00,497,67.6,21,0.80519
2025-09-08T14:57:00,482,65.9,21,0.84744
2025-09-08T15:00:00,504,66.1,21,0.84247
2025-09-08T15:03:00,454,67,21,0.8201
2025-09-08T15:06:00,427,67.4,21,0.81016
2025-09-08T15:09:00,428,66.2,21,0.83998
2025-09-08T15:12:00,481,64.8,21,0.87477
2025-09-08T15:15:00,478,66.9,21,0.82259
2025-09-08T15:18:00,465,66.4,21,0.83501
2025-09-08T15:21:00,394,66.7,21,0.82756
2025-09-08T15:24:00,378,68.1,20,0.74534
2025-09-08T15:27:00,387,67.7,20,0.75468
2025-09-08T15:30:00,430,67.3,20,0.76403
2025-09-08T15:33:00,380,66.7,21,0.82756
2025-09-08T15:36:00,416,66.2,21,0.83998
2025-09-08T15:39:00,420,67.9,21,0.79773
2025-09-08T15:42:00,369,69.1,21,0.76791
2025-09-08T15:45:00,372,68.5,21,0.78282
2025-09-08T15:48:00,362,68.8,21,0.77537
2025-09-08T15:51:00,355,67.8,20,0.75235
2025-09-08T15:54:00,356,68.4,20,0.73833
2025-09-08T15:57:00,358,68,20,0.74767
2025-09-08T16:00:00,357,70,20,0.70094
2025-09-08T16:03:00,372,68.6,20,0.73365
2025-09-08T16:06:00,366,67.8,20,0.75235
2025-09-08T16:09:00,355,68.6,20,0.73365
2025-09-08T16:12:00,353,69.1,20,0.72197
2025-09-08T16:15:00,351,69.6,20,0.71029
2025-09-08T16:18:00,350,69.3,20,0.7173
2025-09-08T16:21:00,353,69.2,20,0.71964
2025-09-08T16:24:00,356,69.5,20,0.71263
2025-09-08T16:27:00,356,69.9,20,0.70328
2025-09-08T16:30:00,356,69.4,20,0.71496
2025-09-08T16:33:00,363,69.9,20,0.70328
2025-09-08T16:36:00,369,70.8,20,0.68225
2025-09-08T16:39:00,358,69.7,20,0.70795
2025-09-08T16:42:00,363,70.6,20,0.68692
2025-09-08T16:45:00,436,70.6,20,0.68692
2025-09-08T16:48:00,394,70.1,20,0.69861
2025-09-08T16:51:00,391,70.6,20,0.68692
2025-09-08T16:54:00,371,70.1,20,0.69861
2025-09-08T16:57:00,369,70.4,20,0.6916
2025-09-08T17:00:00,349,70.3,20,0.69393
2025-09-08T17:03:00,349,70.1,20,0.69861
2025-09-08T17:06:00,357,69.9,20,0.70328
2025-09-08T17:09:00,358,70,20,0.70094
2025-09-08T17:12:00,348,70.4,20,0.6916
2025-09-08T17:15:00,342,70.6,20,0.68692
2025-09-08T17:18:00,341,70.2,20,0.69627
2025-09-08T17:21:00,339,70.9,19,0.63894
2025-09-08T17:24:00,338,72.1,19,0.61259
2025-09-08T17:27:00,339,71.4,19,0.62796
2025-09-08T17:30:00,345,72,19,0.61478
2025-09-08T17:33:00,339,71.5,20,0.6659
2025-09-08T17:36:00,336,71.7,19,0.62137
2025-09-08T17:39:00,334,73.1,19,0.59063
2025-09-08T17:42:00,337,72.5,19,0.60381
2025-09-08T17:45:00,334,72.1,19,0.61259
2025-09-08T17:48:00,337,72,19,0.61478
2025-09-08T17:51:00,342,71.9,19,0.61698
2025-09-08T17:54:00,353,72.3,19,0.6082
2025-09-08T17:57:00,351,72.5,19,0.60381
2025-09-08T18:00:00,352,72.4,19,0.606
2025-09-08T18:03:00,339,72.7,19,0.59941
2025-09-08T18:06:00,339,73,19,0.59283
2025-09-08T18:09:00,336,73.3,19,0.58624
2025-09-08T18:12:00,336,73.5,19,0.58185
2025-09-08T18:15:00,336,73.4,19,0.58404
2025-09-08T18:18:00,332,73.9,19,0.57307
2025-09-08T18:21:00,332,74.4,19,0.56209
2025-09-08T18:24:00,331,73.6,19,0.57965
2025-09-08T18:27:00,331,74.2,19,0.56648
2025-09-08T18:30:00,332,73.8,19,0.57526
2025-09-08T18:33:00,331,75.1,19,0.54672
2025-09-08T18:36:00,329,74.7,19,0.5555
2025-09-08T18:39:00,328,75,19,0.54891
2025-09-08T18:42:00,328,74.2,19,0.56648
2025-09-08T18:45:00,328,74.1,19,0.56868
2025-09-08T18:48:00,327,74.6,19,0.5577
2025-09-08T18:51:00,326,74.5,19,0.55989
2025-09-08T18:54:00,326,74.6,19,0.5577
2025-09-08T18:57:00,325,75.2,19,0.54452
2025-09-08T19:00:00,323,75.7,19,0.53354
2025-09-08T19:03:00,320,75.6,19,0.53574
2025-09-08T19:06:00,322,75,19,0.54891
2025-09-08T19:09:00,320,75.5,19,0.53794
2025-09-08T19:12:00,321,75,18,0.51558
2025-09-08T19:15:00,320,75.1,18,0.51352
2025-09-08T19:18:00,318,75,18,0.51558
2025-09-08T19:21:00,318,75.2,18,0.51146
2025-09-08T19:24:00,317,74.8,18,0.51971
2025-09-08T19:27:00,317,74.6,18,0.52383
2025-09-08T19:30:00,317,74.9,18,0.51765
2025-09-08T19:33:00,317,75.4,18,0.50733
2025-09-08T19:36:00,317,75.2,18,0.51146
2025-09-08T19:39:00,316,75.9,18,0.49702
2025-09-08T19:42:00,315,75.4,18,0.50733
2025-09-08T19:45:00,315,75.3,17,0.47823
2025-09-08T19:48:00,316,75.4,17,0.4763
2025-09-08T19:51:00,315,75.4,17,0.4763
2025-09-08T19:54:00,314,76.4,17,0.45693
2025-09-08T19:57:00,313,76.7,17,0.45113
2025-09-08T20:00:00,315,75.8,17,0.46855
2025-09-08T20:03:00,0,76.5,17,0.455
2025-09-08T20:06:00,0,76.8,17,0.44919
2025-09-08T20:09:00,0,76.3,17,0.45887
2025-09-08T20:12:00,0,77.1,17,0.44338
2025-09-08T20:15:00,0,75.6,17,0.47242
2025-09-08T20:18:00,0,77.8,17,0.42983
2025-09-08T20:21:00,0,77.2,17,0.44145
2025-09-08T20:24:00,0,75,17,0.48404
2025-09-08T20:27:00,0,76.3,17,0.45887
2025-09-08T20:30:00,0,75.9,18,0.49702
2025-09-08T20:33:00,0,75.3,18,0.5094
2025-09-08T20:36:00,0,74.4,18,0.52796
2025-09-08T20:39:00,0,72.3,18,0.57127
2025-09-08T20:42:00,0,69.6,18,0.62695
2025-09-08T20:45:00,0,72.5,18,0.56714
2025-09-08T20:48:00,0,76,18,0.49496
2025-09-08T20:51:00,0,77.6,18,0.46196
2025-09-08T20:54:00,0,76.4,18,0.48671
2025-09-08T20:57:00,0,76.1,18,0.4929
2025-09-08T21:00:00,0,76.6,18,0.48259
2025-09-08T21:03:00,0,76.4,18,0.48671
2025-09-08T21:06:00,0,74.7,18,0.52177
2025-09-08T21:09:00,0,77.5,18,0.46402
2025-09-08T21:12:00,0,75.2,18,0.51146
2025-09-08T21:15:00,0,73.9,18,0.53827
2025-09-08T21:18:00,0,72.4,19,0.606
2025-09-08T21:21:00,0,73.1,18,0.55477
2025-09-08T21:24:00,0,71.3,19,0.63015
2025-09-08T21:27:00,0,69.9,19,0.66089
2025-09-08T21:30:00,0,69,19,0.68065
2025-09-08T21:33:00,0,68.4,19,0.69383
2025-09-08T21:36:00,0,67.2,19,0.72018
2025-09-08T21:39:00,0,67,19,0.72457
2025-09-08T21:42:00,0,66.8,19,0.72896
2025-09-08T21:45:00,0,66.4,19,0.73774
2025-09-08T21:48:00,0,66.4,19,0.73774
2025-09-08T21:51:00,0,66.2,19,0.74213
2025-09-08T21:54:00,0,65.5,19,0.7575
2025-09-08T21:57:00,0,65.2,19,0.76409
2025-09-08T22:00:00,0,65.1,19,0.76628
2025-09-08T22:03:00,0,65.1,19,0.76628
2025-09-08T22:06:00,0,65.2,19,0.76409
2025-09-08T22:09:00,0,64.9,19,0.77068
2025-09-08T22:12:00,0,64.8,19,0.77287
2025-09-08T22:15:00,0,64.8,19,0.77287
2025-09-08T22:18:00,0,64.8,19,0.77287
2025-09-08T22:21:00,0,64.7,19,0.77507
2025-09-08T22:24:00,0,64.6,19,0.77726
2025-09-08T22:27:00,0,64.7,19,0.77507
2025-09-08T22:30:00,0,64.9,19,0.77068
2025-09-08T22:33:00,0,65.1,19,0.76628
2025-09-08T22:36:00,0,65.2,19,0.76409
2025-09-08T22:39:00,0,66.8,19,0.72896
2025-09-08T22:42:00,0,67.1,19,0.72237
2025-09-08T22:45:00,0,67.1,19,0.72237
2025-09-08T22:48:00,0,68.8,19,0.68505
2025-09-08T22:51:00,0,70.8,19,0.64113
2025-09-08T22:54:00,0,71.5,19,0.62576
2025-09-08T22:57:00,0,72,19,0.61478
2025-09-08T23:00:00,0,73.6,19,0.57965
2025-09-08T23:03:00,0,74.6,19,0.5577
2025-09-08T23:06:00,0,76.6,19,0.51378
2025-09-08T23:09:00,0,77.8,19,0.48744
2025-09-08T23:12:00,0,78.5,19,0.47207
2025-09-08T23:15:00,0,79.2,19,0.4567
2025-09-08T23:18:00,0,80,19,0.43913
2025-09-08T23:21:00,0,80.3,19,0.43254
2025-09-08T23:24:00,0,80.6,19,0.42596
2025-09-08T23:27:00,0,80.9,19,0.41937
2025-09-08T23:30:00,0,81.1,19,0.41498
2025-09-08T23:33:00,0,81.3,19,0.41059
2025-09-08T23:36:00,0,81.5,19,0.4062
2025-09-08T23:39:00,0,81.5,19,0.4062
2025-09-08T23:42:00,0,81.65,19,0.4029
2025-09-08T23:45:00,0,81.8,19,0.39961
2025-09-08T23:48:00,0,81.8,19,0.39961
2025-09-08T23:51:00,0,82,19,0.39522
2025-09-08T23:54:00,0,82.1,19,0.39302
2025-09-08T23:57:00,0,82.1,19,0.39302
2025-09-09T00:00:00,0,82.1,18,0.36916
2025-09-09T00:03:00,0,82.1,18,0.36916
2025-09-09T00:06:00,0,82.1,18,0.36916
2025-09-09T00:09:00,0,82.1,18,0.36916
2025-09-09T00:12:00,0,82.2,18,0.3671
2025-09-09T00:15:00,0,82.3,18,0.36503
2025-09-09T00:18:00,0,82.3,18,0.36503
2025-09-09T00:21:00,0,82.4,18,0.36297
2025-09-09T00:24:00,0,82.4,18,0.36297
2025-09-09T00:27:00,0,82.5,18,0.36091
2025-09-09T00:30:00,0,82.5,18,0.36091
2025-09-09T00:33:00,0,82.5,18,0.36091
2025-09-09T00:36:00,0,82.9,18,0.35266
2025-09-09T00:39:00,0,83,18,0.3506
2025-09-09T00:42:00,0,83.1,18,0.34853
2025-09-09T00:45:00,0,83.2,18,0.34647
2025-09-09T00:48:00,0,83.5,18,0.34028
2025-09-09T00:51:00,0,83.5,18,0.34028
2025-09-09T00:54:00,0,83.4,18,0.34235
2025-09-09T00:57:00,0,83.5,18,0.34028
2025-09-09T01:00:00,0,83.6,18,0.33822
2025-09-09T01:03:00,0,83.6,18,0.33822
2025-09-09T01:06:00,0,83.6,18,0.33822
2025-09-09T01:09:00,0,83.5,18,0.34028
2025-09-09T01:12:00,0,83.6,18,0.33822
2025-09-09T01:15:00,0,83.6,18,0.33822
2025-09-09T01:18:00,0,83.5,18,0.34028
2025-09-09T01:21:00,0,83.6,18,0.33822
2025-09-09T01:24:00,0,83.6,18,0.33822
2025-09-09T01:27:00,0,83.5,18,0.34028
2025-09-09T01:30:00,0,83.6,18,0.33822
2025-09-09T01:33:00,0,83.5,18,0.34028
2025-09-09T01:36:00,0,83.6,18,0.33822
2025-09-09T01:39:00,0,83.5,18,0.34028
2025-09-09T01:42:00,0,83.5,18,0.34028
2025-09-09T01:45:00,0,83.4,18,0.34235
2025-09-09T01:48:00,0,83.3,18,0.34441
2025-09-09T01:51:00,0,83.3,18,0.34441
2025-09-09T01:54:00,0,83.3,18,0.34441
2025-09-09T01:57:00,0,83.3,18,0.34441
2025-09-09T02:00:00,0,83.3,18,0.34441
2025-09-09T02:03:00,0,83.4,18,0.34235
2025-09-09T02:06:00,0,83.6,18,0.33822
2025-09-09T02:09:00,0,83.7,18,0.33616
2025-09-09T02:12:00,0,83.8,18,0.3341
2025-09-09T02:15:00,0,83.8,18,0.3341
2025-09-09T02:18:00,0,83.9,18,0.33204
2025-09-09T02:21:00,0,83.8,18,0.3341
2025-09-09T02:24:00,0,83.9,18,0.33204
2025-09-09T02:27:00,0,83.9,18,0.33204
2025-09-09T02:30:00,0,83.8,18,0.3341
2025-09-09T02:33:00,0,83.9,18,0.33204
2025-09-09T02:36:00,0,83.9,18,0.33204
2025-09-09T02:39:00,0,83.6,18,0.33822
2025-09-09T02:42:00,0,83.8,18,0.3341
2025-09-09T02:45:00,0,83.9,18,0.33204
2025-09-09T02:48:00,0,83.9,18,0.33204
2025-09-09T02:51:00,0,83.8,18,0.3341
2025-09-09T02:54:00,0,83.9,18,0.33204
2025-09-09T02:57:00,0,83.8,18,0.3341
2025-09-09T03:00:00,0,83.8,18,0.3341
2025-09-09T03:03:00,0,83.8,18,0.3341
2025-09-09T03:06:00,0,83.8,18,0.3341
2025-09-09T03:09:00,0,83.8,18,0.3341
2025-09-09T03:12:00,0,83.7,18,0.33616
2025-09-09T03:15:00,0,83.7,18,0.33616
2025-09-09T03:18:00,0,83.7,18,0.33616
2025-09-09T03:21:00,0,83.8,18,0.3341
2025-09-09T03:24:00,0,83.7,18,0.33616
2025-09-09T03:27:00,0,83.7,18,0.33616
2025-09-09T03:30:00,0,83.6,18,0.33822
2025-09-09T03:33:00,0,83.6,18,0.33822
2025-09-09T03:36:00,0,83.5,18,0.34028
2025-09-09T03:39:00,0,83.4,18,0.34235
2025-09-09T03:42:00,0,83.4,17,0.3214
2025-09-09T03:45:00,0,83.6,17,0.31753
2025-09-09T03:48:00,0,83.3,17,0.32334
2025-09-09T03:51:00,0,83.4,17,0.3214
2025-09-09T03:54:00,0,83.2,17,0.32528
2025-09-09T03:57:00,0,83.2,17,0.32528
2025-09-09T04:00:00,0,83.3,17,0.32334
2025-09-09T04:03:00,345,83,18,0.3506
2025-09-09T04:06:00,342,82.4,18,0.36297
2025-09-09T04:09:00,340,81.7,18,0.37741
2025-09-09T04:12:00,338,81.1,18,0.38978
2025-09-09T04:15:00,336,80.4,18,0.40422
2025-09-09T04:18:00,335,79.9,19,0.44133
2025-09-09T04:21:00,334,79.7,19,0.44572
2025-09-09T04:24:00,333,79.4,19,0.45231
2025-09-09T04:27:00,332,79.1,19,0.45889
2025-09-09T04:30:00,331,78.6,19,0.46987
2025-09-09T04:33:00,329,78.4,19,0.47426
2025-09-09T04:36:00,329,77.9,19,0.48524
2025-09-09T04:39:00,330,77.8,19,0.48744
2025-09-09T04:42:00,330,77.7,20,0.52103
2025-09-09T04:45:00,330,76.7,20,0.5444
2025-09-09T04:48:00,328,74.7,20,0.59113
2025-09-09T04:51:00,328,74.4,20,0.59814
2025-09-09T04:54:00,328,73.6,20,0.61683
2025-09-09T04:57:00,329,72.2,20,0.64954
2025-09-09T05:00:00,328,70.3,20,0.69393
2025-09-09T05:03:00,328,70.7,20,0.68459
2025-09-09T05:06:00,327,69.4,20,0.71496
2025-09-09T05:09:00,328,69.3,20,0.7173
2025-09-09T05:12:00,327,68.6,20,0.73365
2025-09-09T05:15:00,326,67.8,20,0.75235
2025-09-09T05:18:00,328,67.6,20,0.75702
2025-09-09T05:21:00,326,67.3,20,0.76403
2025-09-09T05:24:00,328,66.6,20,0.78038
2025-09-09T05:27:00,328,66.4,20,0.78506
2025-09-09T05:30:00,326,66,20,0.7944
2025-09-09T05:33:00,328,65.5,20,0.80609
2025-09-09T05:36:00,327,65.7,20,0.80141
2025-09-09T05:39:00,328,65.3,20,0.81076
2025-09-09T05:42:00,326,65.2,19,0.76409
2025-09-09T05:45:00,327,65.1,19,0.76628
2025-09-09T05:48:00,326,64.7,19,0.77507
2025-09-09T05:51:00,327,64.7,19,0.77507
2025-09-09T05:54:00,326,64.6,19,0.77726
2025-09-09T05:57:00,327,64.6,19,0.77726
2025-09-09T06:00:00,326,64.5,19,0.77946
2025-09-09T06:03:00,326,64.2,19,0.78605
2025-09-09T06:06:00,327,64.1,19,0.78824
2025-09-09T06:09:00,327,64.3,19,0.78385
2025-09-09T06:12:00,326,63.7,19,0.79702
2025-09-09T06:15:00,327,64,19,0.79044
2025-09-09T06:18:00,326,63.7,19,0.79702
2025-09-09T06:21:00,326,63.3,19,0.80581
2025-09-09T06:24:00,326,63.6,19,0.79922
2025-09-09T06:27:00,326,63,19,0.81239
2025-09-09T06:30:00,327,63,19,0.81239
2025-09-09T06:33:00,327,63,19,0.81239
2025-09-09T06:36:00,327,63,19,0.81239
2025-09-09T06:39:00,326,63.1,19,0.8102
2025-09-09T06:42:00,328,62.9,19,0.81459
2025-09-09T06:45:00,329,62.9,19,0.81459
2025-09-09T06:48:00,328,62.7,19,0.81898
2025-09-09T06:51:00,329,62.6,19,0.82118
2025-09-09T06:54:00,330,62.3,19,0.82776
2025-09-09T06:57:00,331,62,19,0.83435
2025-09-09T07:00:00,332,62,19,0.83435
2025-09-09T07:03:00,331,61.9,19,0.83655
2025-09-09T07:06:00,332,61.6,19,0.84313
2025-09-09T07:09:00,334,61.5,19,0.84533
2025-09-09T07:12:00,333,61.2,19,0.85192
2025-09-09T07:15:00,334,61.1,19,0.85411
2025-09-09T07:18:00,335,60.8,19,0.8607
2025-09-09T07:21:00,336,60.9,20,0.91356
2025-09-09T07:24:00,336,60.8,20,0.9159
2025-09-09T07:27:00,337,60.8,20,0.9159
2025-09-09T07:30:00,338,60.6,20,0.92057
2025-09-09T07:33:00,339,60.3,20,0.92758
2025-09-09T07:36:00,340,60.1,20,0.93226
2025-09-09T07:39:00,339,60.3,20,0.92758
2025-09-09T07:42:00,341,60.5,20,0.92291
2025-09-09T07:45:00,340,60.5,20,0.92291
2025-09-09T07:48:00,341.5,61.15,20,0.90772
2025-09-09T07:51:00,343,61.8,20,0.89254
2025-09-09T07:54:00,343,61.5,20,0.89954
2025-09-09T07:57:00,344,61.6,20,0.89721
2025-09-09T08:00:00,345,62.3,20,0.88085
2025-09-09T08:03:00,345,62,20,0.88786
2025-09-09T08:06:00,346,62.7,20,0.87151
2025-09-09T08:09:00,347,62,20,0.88786
2025-09-09T08:12:00,346,62.2,20,0.88319
2025-09-09T08:15:00,348,61.8,20,0.89254
2025-09-09T08:18:00,348,61.9,20,0.8902
2025-09-09T08:21:00,348,62,20,0.88786
2025-09-09T08:24:00,349,61.7,20,0.89487
2025-09-09T08:27:00,350,62.6,20,0.87384
2025-09-09T08:30:00,349,61.4,20,0.90188
2025-09-09T08:33:00,351,62.1,20,0.88553
2025-09-09T08:36:00,351,62,19,0.83435
2025-09-09T08:39:00,350,61.5,20,0.89954
2025-09-09T08:42:00,353,62,20,0.88786
2025-09-09T08:45:00,354,62.9,19,0.81459
2025-09-09T08:48:00,354,61.4,20,0.90188
2025-09-09T08:51:00,355,61.9,20,0.8902
2025-09-09T08:54:00,355,62,20,0.88786
2025-09-09T08:57:00,354,62,20,0.88786
2025-09-09T09:00:00,354,61.2,20,0.90655
2025-09-09T09:03:00,356,61.8,20,0.89254
2025-09-09T09:06:00,356,61.3,20,0.90422
2025-09-09T09:09:00,356,60.9,20,0.91356
2025-09-09T09:12:00,358,61.7,20,0.89487
2025-09-09T09:15:00,358,61,20,0.91123
2025-09-09T09:18:00,360,62.3,20,0.88085
2025-09-09T09:21:00,365,62.2,20,0.88319
2025-09-09T09:24:00,371,61.8,20,0.89254
2025-09-09T09:27:00,380,61.5,20,0.89954
2025-09-09T09:30:00,471,61.2,20,0.90655
2025-09-09T09:33:00,495,60.2,20,0.92992
2025-09-09T09:36:00,513,58.7,21,1.02637
2025-09-09T09:39:00,526,57.4,21,1.05868
2025-09-09T09:42:00,534,56.6,21,1.07856
2025-09-09T09:45:00,536,55.9,22,1.16514
2025-09-09T09:48:00,531,55.7,22,1.17043
2025-09-09T09:51:00,532,56.1,22,1.15986
2025-09-09T09:54:00,529,55.5,22,1.17571
2025-09-09T09:57:00,520,68.8,19,0.68505
2025-09-09T10:00:00,506,74,18,0.53621
2025-09-09T10:03:00,493,75.6,17,0.47242
2025-09-09T10:06:00,480,76.2,17,0.46081
2025-09-09T10:09:00,461,76.9,17,0.44725
2025-09-09T10:12:00,450,75.8,18,0.49908
2025-09-09T10:15:00,446,77.1,17,0.44338
2025-09-09T10:18:00,443,76.8,17,0.44919
2025-09-09T10:21:00,439,76,18,0.49496
2025-09-09T10:24:00,435,76,18,0.49496
2025-09-09T10:27:00,451,77.5,17,0.43564
2025-09-09T10:30:00,474,77.6,18,0.46196
2025-09-09T10:33:00,477,77.1,18,0.47227
2025-09-09T10:36:00,470,77.3,18,0.46815
2025-09-09T10:39:00,463,76.6,18,0.48259
2025-09-09T10:42:00,471,75.8,18,0.49908
2025-09-09T10:45:00,468,76.9,18,0.4764
2025-09-09T10:48:00,473,76.4,18,0.48671
2025-09-09T10:51:00,487,77.5,18,0.46402
2025-09-09T10:54:00,430,76.3,19,0.52037
2025-09-09T10:57:00,431,76.4,18,0.48671
2025-09-09T11:00:00,444,76.5,18,0.48465
2025-09-09T11:03:00,433,75.2,19,0.54452
2025-09-09T11:06:00,493,76.6,18,0.48259
2025-09-09T11:09:00,499,77.2,19,0.50061
2025-09-09T11:12:00,503,75.1,19,0.54672
2025-09-09T11:15:00,482,74.9,19,0.55111
2025-09-09T11:18:00,505,74.6,19,0.5577
2025-09-09T11:21:00,475,75.8,19,0.53135
2025-09-09T11:24:00,493.5,75.05,19,0.54782
2025-09-09T11:27:00,512,74.3,19,0.56428
2025-09-09T11:30:00,507,74.4,19,0.56209
2025-09-09T11:33:00,508,74,19,0.57087
2025-09-09T11:36:00,457,75.1,20,0.58178
2025-09-09T11:39:00,468,74.6,20,0.59347
2025-09-09T11:42:00,454,74.8,19,0.55331
2025-09-09T11:45:00,427,74.1,20,0.60515
2025-09-09T11:48:00,443,74,20,0.60748
2025-09-09T11:51:00,459,72.9,20,0.63319
2025-09-09T11:54:00,463,73.9,20,0.60982
2025-09-09T11:57:00,455,72.4,20,0.64487
2025-09-09T12:00:00,442,74.2,20,0.60281
2025-09-09T12:03:00,424,74.2,20,0.60281
2025-09-09T12:06:00,413,74.1,20,0.60515
2025-09-09T12:09:00,414,74.5,20,0.5958
2025-09-09T12:12:00,416,72.7,20,0.63786
2025-09-09T12:15:00,410,72,20,0.65421
2025-09-09T12:18:00,406,71.3,20,0.67057
2025-09-09T12:21:00,405,73.9,20,0.60982
2025-09-09T12:24:00,404,72.2,20,0.64954
2025-09-09T12:27:00,402,73.1,20,0.62851
2025-09-09T12:30:00,401,72.7,20,0.63786
2025-09-09T12:33:00,401,72.9,20,0.63319
2025-09-09T12:36:00,400,71.3,20,0.67057
2025-09-09T12:39:00,398,72.7,20,0.63786
2025-09-09T12:42:00,398,72.2,20,0.64954
2025-09-09T12:45:00,400,72.9,20,0.63319
2025-09-09T12:48:00,398,73.5,20,0.61917
2025-09-09T12:51:00,397,71.5,20,0.6659
2025-09-09T12:54:00,397,72.1,20,0.65188
2025-09-09T12:57:00,397,71.9,20,0.65655
2025-09-09T13:00:00,397,72.3,20,0.6472
2025-09-09T13:03:00,397,71.9,20,0.65655
2025-09-09T13:06:00,397,72.3,20,0.6472
2025-09-09T13:09:00,397,72.9,20,0.63319
2025-09-09T13:12:00,396,71.2,20,0.67291
2025-09-09T13:15:00,396,72.1,20,0.65188
2025-09-09T13:18:00,397,71.4,20,0.66823
2025-09-09T13:21:00,397,71,20,0.67758
2025-09-09T13:24:00,399,72.5,20,0.64253
2025-09-09T13:27:00,395,72.3,20,0.6472
2025-09-09T13:30:00,397,71.9,20,0.65655
2025-09-09T13:33:00,397,70.8,21,0.72566
2025-09-09T13:36:00,396,70.7,20,0.68459
2025-09-09T13:39:00,396,69.7,21,0.753
2025-09-09T13:42:00,397,71,21,0.72069
2025-09-09T13:45:00,396,69.7,20,0.70795
2025-09-09T13:48:00,395,71.1,20,0.67524
2025-09-09T13:51:00,398,70.9,21,0.72318
2025-09-09T13:54:00,396,70,20,0.70094
2025-09-09T13:57:00,395,69.9,21,0.74803
2025-09-09T14:00:00,395,70.5,21,0.73312
2025-09-09T14:03:00,397,69.9,20,0.70328
2025-09-09T14:06:00,397,70.6,20,0.68692
2025-09-09T14:09:00,396,70.5,20,0.68926
2025-09-09T14:12:00,397,72.1,21,0.69336
2025-09-09T14:15:00,401,69.3,21,0.76294
2025-09-09T14:18:00,404,68.8,21,0.77537
2025-09-09T14:21:00,405,69.7,21,0.753
2025-09-09T14:24:00,405,70,21,0.74555
2025-09-09T14:27:00,403,69.4,21,0.76046
2025-09-09T14:30:00,415,68.7,21,0.77785
2025-09-09T14:33:00,402,67.5,21,0.80767
2025-09-09T14:36:00,417,69.2,21,0.76543
2025-09-09T14:39:00,446,70.5,21,0.73312
2025-09-09T14:42:00,482,68.6,21,0.78034
2025-09-09T14:45:00,462,69.8,21,0.75052
2025-09-09T14:48:00,465,68.9,21,0.77288
2025-09-09T14:51:00,447,70.4,21,0.73561
2025-09-09T14:54:00,491,70,21,0.74555
2025-09-09T14:57:00,482,69.9,20,0.70328
2025-09-09T15:00:00,512,70.9,21,0.72318
2025-09-09T15:03:00,501,68,21,0.79525
2025-09-09T15:06:00,466,70.5,21,0.73312
2025-09-09T15:09:00,416,70.1,21,0.74306
2025-09-09T15:12:00,432,69.2,21,0.76543
2025-09-09T15:15:00,481,68.9,21,0.77288
2025-09-09T15:18:00,469,71.1,21,0.71821
2025-09-09T15:21:00,446,70.5,21,0.73312
2025-09-09T15:24:00,413,69.6,21,0.75549
2025-09-09T15:27:00,435,71.1,21,0.71821
2025-09-09T15:30:00,428,69.8,21,0.75052
2025-09-09T15:33:00,413,70,21,0.74555
2025-09-09T15:36:00,417,68.8,21,0.77537
2025-09-09T15:39:00,406,68.4,21,0.78531
2025-09-09T15:42:00,411,67.3,21,0.81265
2025-09-09T15:45:00,399,71,21,0.72069
2025-09-09T15:48:00,397,69.7,21,0.753
2025-09-09T15:51:00,397,69.4,21,0.76046
2025-09-09T15:54:00,397,71.5,21,0.70827
2025-09-09T15:57:00,393,68.9,21,0.77288
2025-09-09T16:00:00,393,70.7,21,0.72815
2025-09-09T16:03:00,389,69.9,21,0.74803
2025-09-09T16:06:00,386,68.5,21,0.78282
2025-09-09T16:09:00,388,69.3,21,0.76294
2025-09-09T16:12:00,385,68.9,21,0.77288
2025-09-09T16:15:00,380,69.7,21,0.753
2025-09-09T16:18:00,388,68.3,21,0.78779
2025-09-09T16:21:00,383,68.9,21,0.77288
2025-09-09T16:24:00,384,68.3,21,0.78779
2025-09-09T16:27:00,436,68.7,21,0.77785
2025-09-09T16:30:00,467,67.9,21,0.79773
2025-09-09T16:33:00,462,67.4,22,0.86131
2025-09-09T16:36:00,470,67.8,21,0.80022
2025-09-09T16:39:00,476,66.6,21,0.83004
2025-09-09T16:42:00,431,66.7,21,0.82756
2025-09-09T16:45:00,405,67.6,21,0.80519
2025-09-09T16:48:00,402,68,21,0.79525
2025-09-09T16:51:00,375,68.2,21,0.79028
2025-09-09T16:54:00,372,70.7,21,0.72815
2025-09-09T16:57:00,369,68.6,21,0.78034
2025-09-09T17:00:00,367,68,21,0.79525
2025-09-09T17:03:00,364,68,21,0.79525
2025-09-09T17:06:00,362,68.6,21,0.78034
2025-09-09T17:09:00,360,69.1,20,0.72197
2025-09-09T17:12:00,358,69.1,20,0.72197
2025-09-09T17:15:00,354,69.9,20,0.70328
2025-09-09T17:18:00,353,68.3,21,0.78779
2025-09-09T17:21:00,351,69.8,20,0.70562
2025-09-09T17:24:00,351,70.1,20,0.69861
2025-09-09T17:27:00,351,70.4,20,0.6916
2025-09-09T17:30:00,349,69.5,20,0.71263
2025-09-09T17:33:00,350,71.8,20,0.65889
2025-09-09T17:36:00,350,71.1,20,0.67524
2025-09-09T17:39:00,350,69.8,20,0.70562
2025-09-09T17:42:00,350,73.1,20,0.62851
2025-09-09T17:45:00,351,70.9,20,0.67992
2025-09-09T17:48:00,347,71.8,20,0.65889
2025-09-09T17:51:00,342,71.4,20,0.66823
2025-09-09T17:54:00,342,72,20,0.65421
2025-09-09T17:57:00,342,72,20,0.65421
2025-09-09T18:00:00,337,72.9,20,0.63319
2025-09-09T18:03:00,336,73.4,20,0.6215
2025-09-09T18:06:00,335,74.4,20,0.59814
2025-09-09T18:09:00,334,73.5,20,0.61917
2025-09-09T18:12:00,332,75.1,20,0.58178
2025-09-09T18:15:00,332,71.2,20,0.67291
2025-09-09T18:18:00,330,72.1,20,0.65188
2025-09-09T18:21:00,329,74,20,0.60748
2025-09-09T18:24:00,328,73.2,20,0.62618
2025-09-09T18:27:00,330,75.6,20,0.5701
2025-09-09T18:30:00,328,74.3,20,0.60048
2025-09-09T18:33:00,328,74.8,19,0.55331
2025-09-09T18:36:00,325,74.6,19,0.5577
2025-09-09T18:39:00,323,75,19,0.54891
2025-09-09T18:42:00,325,74.5,19,0.55989
2025-09-09T18:45:00,326,74.1,19,0.56868
2025-09-09T18:48:00,324,74.2,19,0.56648
2025-09-09T18:51:00,323,73.5,19,0.58185
2025-09-09T18:54:00,323,74.3,19,0.56428
2025-09-09T18:57:00,323,74.6,19,0.5577
2025-09-09T19:00:00,320,73.5,19,0.58185
2025-09-09T19:03:00,322,74.2,19,0.56648
2025-09-09T19:06:00,322,74.5,19,0.55989
2025-09-09T19:09:00,321,74,19,0.57087
2025-09-09T19:12:00,321,74.6,19,0.5577
2025-09-09T19:15:00,320,74.1,19,0.56868
2025-09-09T19:18:00,319,74.3,19,0.56428
2025-09-09T19:21:00,318,74.8,19,0.55331
2025-09-09T19:24:00,319,75,19,0.54891
2025-09-09T19:27:00,318,75.1,19,0.54672
2025-09-09T19:30:00,318,74.4,19,0.56209
2025-09-09T19:33:00,317,75.7,19,0.53354
2025-09-09T19:36:00,317,74.6,19,0.5577
2025-09-09T19:39:00,316.5,74.6,18.5,0.54053
2025-09-09T19:42:00,316,74.6,18,0.52383
2025-09-09T19:45:00,318,75.4,18,0.50733
2025-09-09T19:48:00,317,76.2,18,0.49084
2025-09-09T19:51:00,317,76.8,18,0.47846
2025-09-09T19:54:00,316,76.6,18,0.48259
2025-09-09T19:57:00,316,75.9,18,0.49702
2025-09-09T20:00:00,316,77.5,18,0.46402
2025-09-09T20:03:00,0,77,18,0.47434
2025-09-09T20:06:00,0,77.5,18,0.46402
2025-09-09T20:09:00,0,77.5,18,0.46402
2025-09-09T20:12:00,0,77.6,18,0.46196
2025-09-09T20:15:00,0,77.1,17,0.44338
2025-09-09T20:18:00,0,76.8,17,0.44919
2025-09-09T20:21:00,0,78.2,17,0.42208
2025-09-09T20:24:00,0,77.7,17,0.43176
2025-09-09T20:27:00,0,77.5,17,0.43564
2025-09-09T20:30:00,0,77.6,17,0.4337
2025-09-09T20:33:00,0,78.1,17,0.42402
2025-09-09T20:36:00,0,78.9,17,0.40853
2025-09-09T20:39:00,0,78,17,0.42596
2025-09-09T20:42:00,0,78.9,17,0.40853
2025-09-09T20:45:00,0,78.3,17,0.42015
2025-09-09T20:48:00,0,78.4,18,0.44546
2025-09-09T20:51:00,0,78.3,18,0.44753
2025-09-09T20:54:00,0,78.6,18,0.44134
2025-09-09T20:57:00,0,78.2,18,0.44959
2025-09-09T21:00:00,0,79.4,18,0.42484
2025-09-09T21:03:00,0,78.6,18,0.44134
2025-09-09T21:06:00,0,78.8,18,0.43721
2025-09-09T21:09:00,0,77.2,18,0.47021
2025-09-09T21:12:00,0,79.4,18,0.42484
2025-09-09T21:15:00,0,80.6,17,0.37562
2025-09-09T21:18:00,0,81,17,0.36787
2025-09-09T21:21:00,0,79.8,18,0.41659
2025-09-09T21:24:00,0,78.4,18,0.44546
2025-09-09T21:27:00,0,78.4,18,0.44546
2025-09-09T21:30:00,0,78.8,18,0.43721
2025-09-09T21:33:00,0,76.5,18,0.48465
2025-09-09T21:36:00,0,76.8,18,0.47846
2025-09-09T21:39:00,0,76.7,18,0.48052
2025-09-09T21:42:00,0,77.3,19,0.49841
2025-09-09T21:45:00,0,75.1,19,0.54672
2025-09-09T21:48:00,0,73.4,19,0.58404
2025-09-09T21:51:00,0,75,19,0.54891
2025-09-09T21:54:00,0,73.3,19,0.58624
2025-09-09T21:57:00,0,72.1,19,0.61259
2025-09-09T22:00:00,0,70.8,19,0.64113
2025-09-09T22:03:00,0,70.4,19,0.64991
2025-09-09T22:06:00,0,70.1,19,0.6565
2025-09-09T22:09:00,0,69.3,19,0.67407
2025-09-09T22:12:00,0,69,19,0.68065
2025-09-09T22:15:00,0,68.5,19,0.69163
2025-09-09T22:18:00,0,68.4,19,0.69383
2025-09-09T22:21:00,0,67.7,19,0.7092
2025-09-09T22:24:00,0,67.4,19,0.71578
2025-09-09T22:27:00,0,67.4,19,0.71578
2025-09-09T22:30:00,0,67.2,19,0.72018
2025-09-09T22:33:00,0,67,19,0.72457
2025-09-09T22:36:00,0,66.9,19,0.72676
2025-09-09T22:39:00,0,66.6,19,0.73335
2025-09-09T22:42:00,0,66.5,19,0.73555
2025-09-09T22:45:00,0,66.1,19,0.74433
2025-09-09T22:48:00,0,66,19,0.74652
2025-09-09T22:51:00,0,65.9,19,0.74872
2025-09-09T22:54:00,0,65.9,19,0.74872
2025-09-09T22:57:00,0,66,19,0.74652
2025-09-09T23:00:00,0,65.9,19,0.74872
2025-09-09T23:03:00,0,66.1,19,0.74433
2025-09-09T23:06:00,0,67.4,19,0.71578
2025-09-09T23:09:00,0,68.3,19,0.69602
2025-09-09T23:12:00,0,68.8,19,0.68505
2025-09-09T23:15:00,0,69.4,19,0.67187
2025-09-09T23:18:00,0,69.5,19,0.66968
2025-09-09T23:21:00,0,69.9,19,0.66089
2025-09-09T23:24:00,0,69.8,19,0.66309
2025-09-09T23:27:00,0,69.9,19,0.66089
2025-09-09T23:30:00,0,69.9,19,0.66089
2025-09-09T23:33:00,0,70.1,19,0.6565
2025-09-09T23:36:00,0,70,19,0.6587
2025-09-09T23:39:00,0,70,19,0.6587
2025-09-09T23:42:00,0,70.2,19,0.65431
2025-09-09T23:45:00,0,71.5,19,0.62576
2025-09-09T23:48:00,0,71.5,19,0.62576
2025-09-09T23:51:00,0,71.8,19,0.61918
2025-09-09T23:54:00,0,73,19,0.59283
2025-09-09T23:57:00,0,74.7,19,0.5555
2025-09-10T00:00:00,0,75.5,19,0.53794
2025-09-10T00:03:00,0,76,19,0.52696
2025-09-10T00:06:00,0,77.4,19,0.49622
2025-09-10T00:09:00,0,78.4,19,0.47426
2025-09-10T00:12:00,0,79.1,19,0.45889
2025-09-10T00:15:00,0,79.7,19,0.44572
2025-09-10T00:18:00,0,80.2,19,0.43474
2025-09-10T00:21:00,0,80.6,19,0.42596
2025-09-10T00:24:00,0,81,19,0.41717
2025-09-10T00:27:00,0,81.2,19,0.41278
2025-09-10T00:30:00,0,81.5,19,0.4062
2025-09-10T00:33:00,0,81.8,19,0.39961
2025-09-10T00:36:00,0,82.2,19,0.39083
2025-09-10T00:39:00,0,82.6,19,0.38204
2025-09-10T00:42:00,0,82.8,19,0.37765
2025-09-10T00:45:00,0,83,19,0.37326
2025-09-10T00:48:00,0,83.1,19,0.37107
2025-09-10T00:51:00,0,83.2,19,0.36887
2025-09-10T00:54:00,0,83.3,19,0.36667
2025-09-10T00:57:00,0,83.3,19,0.36667
2025-09-10T01:00:00,0,83.4,19,0.36448
2025-09-10T01:03:00,0,83.5,19,0.36228
2025-09-10T01:06:00,0,83.6,19,0.36009
2025-09-10T01:09:00,0,83.6,19,0.36009
2025-09-10T01:12:00,0,83.7,19,0.35789
2025-09-10T01:15:00,0,83.8,19,0.3557
2025-09-10T01:18:00,0,83.8,19,0.3557
2025-09-10T01:21:00,0,83.8,19,0.3557
2025-09-10T01:24:00,0,83.9,19,0.3535
2025-09-10T01:27:00,0,84,19,0.35131
2025-09-10T01:30:00,0,83.9,19,0.3535
2025-09-10T01:33:00,0,83.9,19,0.3535
2025-09-10T01:36:00,0,84,19,0.35131
2025-09-10T01:39:00,0,84,19,0.35131
2025-09-10T01:42:00,0,84.1,19,0.34911
2025-09-10T01:45:00,0,84.1,19,0.34911
2025-09-10T01:48:00,0,84.1,19,0.34911
2025-09-10T01:51:00,0,84.2,19,0.34691
2025-09-10T01:54:00,0,84.1,19,0.34911
2025-09-10T01:57:00,0,84.2,19,0.34691
2025-09-10T02:00:00,0,84.2,19,0.34691
2025-09-10T02:03:00,0,84.4,19,0.34252
2025-09-10T02:06:00,0,84.5,19,0.34033
2025-09-10T02:09:00,0,84.6,19,0.33813
2025-09-10T02:12:00,0,84.8,19,0.33374
2025-09-10T02:15:00,0,84.9,19,0.33154
2025-09-10T02:18:00,0,84.9,19,0.33154
2025-09-10T02:21:00,0,85,19,0.32935
2025-09-10T02:24:00,0,85,19,0.32935
2025-09-10T02:27:00,0,85.1,19,0.32715
2025-09-10T02:30:00,0,84.9,18,0.31141
2025-09-10T02:33:00,0,85.1,19,0.32715
2025-09-10T02:36:00,0,85.1,18,0.30729
2025-09-10T02:39:00,0,85,18,0.30935
2025-09-10T02:42:00,0,85,18,0.30935
2025-09-10T02:45:00,0,85.1,18,0.30729
2025-09-10T02:48:00,0,85.1,18,0.30729
2025-09-10T02:51:00,0,85.1,18,0.30729
2025-09-10T02:54:00,0,85.1,18,0.30729
2025-09-10T02:57:00,0,85.1,18,0.30729
2025-09-10T03:00:00,0,85.1,18,0.30729
2025-09-10T03:03:00,0,85,18,0.30935
2025-09-10T03:06:00,0,85,18,0.30935
2025-09-10T03:09:00,0,85,18,0.30935
2025-09-10T03:12:00,0,85,18,0.30935
2025-09-10T03:15:00,0,85.1,18,0.30729
2025-09-10T03:18:00,0,85,18,0.30935
2025-09-10T03:21:00,0,85.1,18,0.30729
2025-09-10T03:24:00,0,85,18,0.30935
2025-09-10T03:27:00,0,84.9,18,0.31141
2025-09-10T03:30:00,0,85,18,0.30935
2025-09-10T03:33:00,0,84.8,18,0.31347
2025-09-10T03:36:00,0,84.8,18,0.31347
2025-09-10T03:39:00,0,84.7,18,0.31554
2025-09-10T03:42:00,0,84.7,18,0.31554
2025-09-10T03:45:00,0,84.7,18,0.31554
2025-09-10T03:48:00,0,84.7,18,0.31554
2025-09-10T03:51:00,0,84.7,18,0.31554
2025-09-10T03:54:00,0,84.6,18,0.3176
2025-09-10T03:57:00,0,84.6,18,0.3176
2025-09-10T04:00:00,0,84.6,18,0.3176
2025-09-10T04:03:00,345,84.2,18,0.32585
2025-09-10T04:06:00,343,83.5,18,0.34028
2025-09-10T04:09:00,341,82.9,19,0.37546
2025-09-10T04:12:00,338,82.2,19,0.39083
2025-09-10T04:15:00,336,81.8,19,0.39961
2025-09-10T04:18:00,335,81.2,19,0.41278
2025-09-10T04:21:00,333,80.8,19,0.42157
2025-09-10T04:24:00,332,80.4,19,0.43035
2025-09-10T04:27:00,331,80,20,0.4673
2025-09-10T04:30:00,332,79.7,20,0.47431
2025-09-10T04:33:00,330,79.1,20,0.48832
2025-09-10T04:36:00,329,77.6,20,0.52337
2025-09-10T04:39:00,328,74,20,0.60748
2025-09-10T04:42:00,329,73.4,20,0.6215
2025-09-10T04:45:00,329,70.8,20,0.68225
2025-09-10T04:48:00,327,69.5,20,0.71263
2025-09-10T04:51:00,328,67.9,20,0.75001
2025-09-10T04:54:00,327,67,20,0.77104
2025-09-10T04:57:00,328,65.3,20,0.81076
2025-09-10T05:00:00,328,65.1,20,0.81543
2025-09-10T05:03:00,327,64.2,20,0.83646
2025-09-10T05:06:00,326,63.6,20,0.85048
2025-09-10T05:09:00,328,63,20,0.8645
2025-09-10T05:12:00,328,62.4,20,0.87852
2025-09-10T05:15:00,326,62.3,20,0.88085
2025-09-10T05:18:00,328,61.7,20,0.89487
2025-09-10T05:21:00,327,61.7,20,0.89487
2025-09-10T05:24:00,327,61,20,0.91123
2025-09-10T05:27:00,327,60.7,20,0.91824
2025-09-10T05:30:00,328,60.1,20,0.93226
2025-09-10T05:33:00,328,59.4,20,0.94861
2025-09-10T05:36:00,327,60.1,20,0.93226
2025-09-10T05:39:00,327,60.2,20,0.92992
2025-09-10T05:42:00,327,59,20,0.95796
2025-09-10T05:45:00,326,58.6,20,0.9673
2025-09-10T05:48:00,327,57.5,19,0.93315
2025-09-10T05:51:00,326,57.6,19,0.93096
2025-09-10T05:54:00,326,57.9,20,0.98366
2025-09-10T05:57:00,327,59.8,20,0.93926
2025-09-10T06:00:00,326,58.1,19,0.91998
2025-09-10T06:03:00,327,56.2,20,1.02338
2025-09-10T06:06:00,326,56.2,19,0.9617
2025-09-10T06:09:00,327,56.3,19,0.9595
2025-09-10T06:12:00,327,58.6,19,0.909
2025-09-10T06:15:00,326,57.9,19,0.92437
2025-09-10T06:18:00,327,56.5,19,0.95511
2025-09-10T06:21:00,326,58,19,0.92218
2025-09-10T06:24:00,328,57.7,19,0.92876
2025-09-10T06:27:00,326,57.6,19,0.93096
2025-09-10T06:30:00,326,55.3,19,0.98146
2025-09-10T06:33:00,327,55.1,19,0.98585
2025-09-10T06:36:00,328,54.8,19,0.99244
2025-09-10T06:39:00,329,56.6,19,0.95292
2025-09-10T06:42:00,329,57,19,0.94413
2025-09-10T06:45:00,328,57.1,20,1.00235
2025-09-10T06:48:00,328,56.3,19,0.9595
2025-09-10T06:51:00,330,55.7,19,0.97268
2025-09-10T06:54:00,330,55.9,19,0.96828
2025-09-10T06:57:00,330,56.1,19,0.96389
2025-09-10T07:00:00,331,55,20,1.05142
2025-09-10T07:03:00,333,53.5,19,1.02098
2025-09-10T07:06:00,334,53.7,20,1.08179
2025-09-10T07:09:00,334,54.5,19,0.99902
2025-09-10T07:12:00,334,54.3,20,1.06777
2025-09-10T07:15:00,336,53.9,19,1.0122
2025-09-10T07:18:00,335,53.7,19,1.01659
2025-09-10T07:21:00,336,53.9,19,1.0122
2025-09-10T07:24:00,336,53.9,20,1.07712
2025-09-10T07:27:00,336,53.9,19,1.0122
2025-09-10T07:30:00,337,53.7,20,1.08179
2025-09-10T07:33:00,337,52.8,19,1.03635
2025-09-10T07:36:00,338,53.4,20,1.0888
2025-09-10T07:39:00,339,53.7,19,1.01659
2025-09-10T07:42:00,340,53.5,20,1.08646
2025-09-10T07:45:00,342,53,20,1.09815
2025-09-10T07:48:00,342,52.9,20,1.10048
2025-09-10T07:51:00,343,53.6,20,1.08413
2025-09-10T07:54:00,342,54.1,19,1.00781
2025-09-10T07:57:00,345,54,20,1.07478
2025-09-10T08:00:00,345,54.6,19,0.99683
2025-09-10T08:03:00,345,54.2,19,1.00561
2025-09-10T08:06:00,347,53.7,20,1.08179
2025-09-10T08:09:00,345,54.3,19,1.00342
2025-09-10T08:12:00,347,54.5,20,1.0631
2025-09-10T08:15:00,347,54,20,1.07478
2025-09-10T08:18:00,348,54,19,1.01
2025-09-10T08:21:00,347,53.2,19,1.02757
2025-09-10T08:24:00,350,53.4,20,1.0888
2025-09-10T08:27:00,350,52.5,19,1.04294
2025-09-10T08:30:00,351,53.3,20,1.09114
2025-09-10T08:33:00,352,52.6,20,1.10749
2025-09-10T08:36:00,353,53,20,1.09815
2025-09-10T08:39:00,352,51.3,20,1.13787
2025-09-10T08:42:00,351,52.5,19,1.04294
2025-09-10T08:45:00,352,51.6,20,1.13086
2025-09-10T08:48:00,351,51.9,19,1.05611
2025-09-10T08:51:00,353,51.4,19,1.06709
2025-09-10T08:54:00,353,51.4,20,1.13553
2025-09-10T08:57:00,353,51.4,20,1.13553
2025-09-10T09:00:00,354,52.3,19,1.04733
2025-09-10T09:03:00,355,53.2,20,1.09347
2025-09-10T09:06:00,356,51.2,20,1.1402
2025-09-10T09:09:00,356,51.3,20,1.13787
2025-09-10T09:12:00,358,51.3,20,1.13787
2025-09-10T09:15:00,359,52.1,20,1.11917
2025-09-10T09:18:00,360,51.5,21,1.2053
2025-09-10T09:21:00,364,51.1,21,1.21524
2025-09-10T09:24:00,369,51,21,1.21773
2025-09-10T09:27:00,378,50.5,21,1.23015
2025-09-10T09:30:00,440,49.6,21,1.25252
2025-09-10T09:33:00,493,54.2,22,1.21006
2025-09-10T09:36:00,501,64.8,19,0.77287
2025-09-10T09:39:00,513,63.9,20,0.84347
2025-09-10T09:42:00,523,62.3,21,0.9369
2025-09-10T09:45:00,520,65.7,19,0.75311
2025-09-10T09:48:00,511,66.3,20,0.78739
2025-09-10T09:51:00,512,64.9,20,0.8201
2025-09-10T09:54:00,513,62.4,21,0.93442
2025-09-10T09:57:00,501,68.5,18,0.64963
2025-09-10T10:00:00,495,69.8,18,0.62282
2025-09-10T10:03:00,492,66.6,19,0.73335
2025-09-10T10:06:00,487,69.5,18,0.62901
2025-09-10T10:09:00,475,70.2,18,0.61458
2025-09-10T10:12:00,456,70.8,18,0.6022
2025-09-10T10:15:00,446,71,18,0.59808
2025-09-10T10:18:00,443,70.1,18,0.61664
2025-09-10T10:21:00,441,70.2,18,0.61458
2025-09-10T10:24:00,439,69.5,18,0.62901
2025-09-10T10:27:00,438,69.1,18,0.63726
2025-09-10T10:30:00,464,69.2,18,0.6352
2025-09-10T10:33:00,465,69.6,18,0.62695
2025-09-10T10:36:00,463,69.2,19,0.67626
2025-09-10T10:39:00,408,68.8,19,0.68505
2025-09-10T10:42:00,465,69.2,19,0.67626
2025-09-10T10:45:00,477,69.1,19,0.67846
2025-09-10T10:48:00,494,67.7,19,0.7092
2025-09-10T10:51:00,465,68,19,0.70261
2025-09-10T10:54:00,433,66.8,19,0.72896
2025-09-10T10:57:00,430,65.9,20,0.79674
2025-09-10T11:00:00,479,66.6,20,0.78038
2025-09-10T11:03:00,460,67,20,0.77104
2025-09-10T11:06:00,457,67.3,20,0.76403
2025-09-10T11:09:00,473,67,20,0.77104
2025-09-10T11:12:00,479,67.1,20,0.7687
2025-09-10T11:15:00,468,66,20,0.7944
2025-09-10T11:18:00,491,66.3,20,0.78739
2025-09-10T11:21:00,475,65.5,20,0.80609
2025-09-10T11:24:00,489,65.9,20,0.79674
2025-09-10T11:27:00,487,65.9,20,0.79674
2025-09-10T11:30:00,493,66,20,0.7944
2025-09-10T11:33:00,501,64.4,20,0.83179
2025-09-10T11:36:00,447,63.8,20,0.84581
2025-09-10T11:39:00,454,66.4,20,0.78506
2025-09-10T11:42:00,441,67.3,20,0.76403
2025-09-10T11:45:00,427,67.4,20,0.76169
2025-09-10T11:48:00,425,67.2,20,0.76637
2025-09-10T11:51:00,442,66.1,20,0.79207
2025-09-10T11:54:00,450,66.2,20,0.78973
2025-09-10T11:57:00,443,65.3,20,0.81076
2025-09-10T12:00:00,420,65.4,20,0.80842
2025-09-10T12:03:00,409,66.5,20,0.78272
2025-09-10T12:06:00,411,67.1,20,0.7687
2025-09-10T12:09:00,408,66.4,20,0.78506
2025-09-10T12:12:00,406,66,20,0.7944
2025-09-10T12:15:00,407,65.1,20,0.81543
2025-09-10T12:18:00,408,65.4,21,0.85986
2025-09-10T12:21:00,405,64.4,21,0.88471
2025-09-10T12:24:00,405,65.3,21,0.86235
2025-09-10T12:27:00,403,66.5,21,0.83253
2025-09-10T12:30:00,402,65.5,21,0.85738
2025-09-10T12:33:00,398,65.5,21,0.85738
2025-09-10T12:36:00,400,64.3,21,0.8872
2025-09-10T12:39:00,401,63.9,21,0.89714
2025-09-10T12:42:00,399,64.1,21,0.89217
2025-09-10T12:45:00,395,65.6,21,0.85489
2025-09-10T12:48:00,400,65.1,21,0.86732
2025-09-10T12:51:00,399,65.6,21,0.85489
2025-09-10T12:54:00,395,64.1,21,0.89217
2025-09-10T12:57:00,401,64.4,21,0.88471
2025-09-10T13:00:00,399,64.1,21,0.89217
2025-09-10T13:03:00,394,65.1,21,0.86732
2025-09-10T13:06:00,390,64.9,21,0.87229
2025-09-10T13:09:00,397,64.9,21,0.87229
2025-09-10T13:12:00,400,65.3,21,0.86235
2025-09-10T13:15:00,397,64.1,22,0.9485
2025-09-10T13:18:00,394,63.3,22,0.96963
2025-09-10T13:21:00,402,63.6,21,0.9046
2025-09-10T13:24:00,402,63.5,22,0.96435
2025-09-10T13:27:00,394,63.6,22,0.96171
2025-09-10T13:30:00,397,63.9,22,0.95378
2025-09-10T13:33:00,397,63.8,21,0.89963
2025-09-10T13:36:00,396,64.2,21,0.88968
2025-09-10T13:39:00,386,64.8,21,0.87477
2025-09-10T13:42:00,388,64.1,21,0.89217
2025-09-10T13:45:00,392,64.7,21,0.87726
2025-09-10T13:48:00,396,65.5,21,0.85738
2025-09-10T13:51:00,391,65.3,21,0.86235
2025-09-10T13:54:00,405,63.7,21,0.90211
2025-09-10T13:57:00,405,63.4,22,0.96699
2025-09-10T14:00:00,400,63.2,22,0.97227
2025-09-10T14:03:00,397,63.2,22,0.97227
2025-09-10T14:06:00,390,62.8,22,0.98284
2025-09-10T14:09:00,389,63.5,22,0.96435
2025-09-10T14:12:00,384,62.9,22,0.9802
2025-09-10T14:15:00,383,63.2,22,0.97227
2025-09-10T14:18:00,384,63.4,22,0.96699
2025-09-10T14:21:00,388,62,22,1.00398
2025-09-10T14:24:00,396,63.6,22,0.96171
2025-09-10T14:27:00,394,63.1,22,0.97492
2025-09-10T14:30:00,388,63.5,22,0.96435
2025-09-10T14:33:00,394,63.3,22,0.96963
2025-09-10T14:36:00,398,62.4,22,0.99341
2025-09-10T14:39:00,408,63.5,22,0.96435
2025-09-10T14:42:00,416,63.3,22,0.96963
2025-09-10T14:45:00,423,63.8,22,0.95642
2025-09-10T14:48:00,405,64.2,22,0.94585
2025-09-10T14:51:00,408,63.7,22,0.95906
2025-09-10T14:54:00,418,62.3,22,0.99605
2025-09-10T14:57:00,414,63,22,0.97756
2025-09-10T15:00:00,408,62.9,22,0.9802
2025-09-10T15:03:00,403,62.5,22,0.99077
2025-09-10T15:06:00,395,63.9,22,0.95378
2025-09-10T15:09:00,389,63.9,22,0.95378
2025-09-10T15:12:00,390,63,22,0.97756
2025-09-10T15:15:00,391,63,22,0.97756
2025-09-10T15:18:00,383,63.1,22,0.97492
2025-09-10T15:21:00,386,65.1,22,0.92207
2025-09-10T15:24:00,373,64.2,21,0.88968
2025-09-10T15:27:00,364,64.2,21,0.88968
2025-09-10T15:30:00,361,64.5,21,0.88223
2025-09-10T15:33:00,358,63.8,21,0.89963
2025-09-10T15:36:00,359,64.2,21,0.88968
2025-09-10T15:39:00,358,64.4,21,0.88471
2025-09-10T15:42:00,356,63.9,21,0.89714
2025-09-10T15:45:00,358,66.3,21,0.8375
2025-09-10T15:48:00,360,65.9,21,0.84744
2025-09-10T15:51:00,361,64.8,21,0.87477
2025-09-10T15:54:00,372,65.1,21,0.86732
2025-09-10T15:57:00,391,65.4,21,0.85986
2025-09-10T16:00:00,380,63.5,21,0.90708
2025-09-10T16:03:00,379,64.8,21,0.87477
2025-09-10T16:06:00,367,64.5,21,0.88223
2025-09-10T16:09:00,361,65.3,21,0.86235
2025-09-10T16:12:00,357,65.2,21,0.86483
2025-09-10T16:15:00,359,64.7,21,0.87726
2025-09-10T16:18:00,361,65.4,21,0.85986
2025-09-10T16:21:00,367,65,21,0.8698
2025-09-10T16:24:00,368,64.8,21,0.87477
2025-09-10T16:27:00,375,63.4,21,0.90957
2025-09-10T16:30:00,360,63.1,21,0.91702
2025-09-10T16:33:00,354,64,21,0.89466
2025-09-10T16:36:00,350,64.1,21,0.89217
2025-09-10T16:39:00,348,64.9,21,0.87229
2025-09-10T16:42:00,347,63.7,21,0.90211
2025-09-10T16:45:00,347,64.4,21,0.88471
2025-09-10T16:48:00,347,64.2,21,0.88968
2025-09-10T16:51:00,345,63.9,21,0.89714
2025-09-10T16:54:00,345,64,21,0.89466
2025-09-10T16:57:00,345,64.7,21,0.87726
2025-09-10T17:00:00,343,65.3,21,0.86235
2025-09-10T17:03:00,342,65.6,21,0.85489
2025-09-10T17:06:00,345,64.1,21,0.89217
2025-09-10T17:09:00,347,64.9,21,0.87229
2025-09-10T17:12:00,347,64.7,21,0.87726
2025-09-10T17:15:00,347,65.5,21,0.85738
2025-09-10T17:18:00,354,66.3,21,0.8375
2025-09-10T17:21:00,350,64.8,21,0.87477
2025-09-10T17:24:00,347,64.9,21,0.87229
2025-09-10T17:27:00,351,65.6,21,0.85489
2025-09-10T17:30:00,350,67.5,21,0.80767
2025-09-10T17:33:00,350,66.1,21,0.84247
2025-09-10T17:36:00,348,67.4,21,0.81016
2025-09-10T17:39:00,345,66.8,21,0.82507
2025-09-10T17:42:00,342,67.2,21,0.81513
2025-09-10T17:45:00,339,69.7,21,0.753
2025-09-10T17:48:00,336,67,21,0.8201
2025-09-10T17:51:00,336,65.8,21,0.84992
2025-09-10T17:54:00,336,65.9,21,0.84744
2025-09-10T17:57:00,334,66.9,21,0.82259
2025-09-10T18:00:00,335,68.5,21,0.78282
2025-09-10T18:03:00,336,66.3,21,0.8375
2025-09-10T18:06:00,331,67.9,21,0.79773
2025-09-10T18:09:00,331,69.1,21,0.76791
2025-09-10T18:12:00,329,68.1,21,0.79276
2025-09-10T18:15:00,328,70.4,21,0.73561
2025-09-10T18:18:00,327,69.4,20,0.71496
2025-09-10T18:21:00,324,69.6,20,0.71029
2025-09-10T18:24:00,323,69.7,20,0.70795
2025-09-10T18:27:00,324,69.5,20,0.71263
2025-09-10T18:30:00,324,71,20,0.67758
2025-09-10T18:33:00,325,71.5,20,0.6659
2025-09-10T18:36:00,323,71,20,0.67758
2025-09-10T18:39:00,323,69.7,20,0.70795
2025-09-10T18:42:00,322,70.3,20,0.69393
2025-09-10T18:45:00,321,71.1,20,0.67524
2025-09-10T18:48:00,322,69.9,20,0.70328
2025-09-10T18:51:00,321,70,20,0.70094
2025-09-10T18:54:00,320,71,20,0.67758
2025-09-10T18:57:00,320,70.6,20,0.68692
2025-09-10T19:00:00,320,71.3,20,0.67057
2025-09-10T19:03:00,319,70.9,20,0.67992
2025-09-10T19:06:00,320,70.6,19,0.64552
2025-09-10T19:09:00,320,70.7,19,0.64333
2025-09-10T19:12:00,318,71.5,19,0.62576
2025-09-10T19:15:00,319,73.3,19,0.58624
2025-09-10T19:18:00,318,73,19,0.59283
2025-09-10T19:21:00,317,72.6,19,0.60161
2025-09-10T19:24:00,317,74.1,19,0.56868
2025-09-10T19:27:00,317,72.2,19,0.61039
2025-09-10T19:30:00,317,73.1,19,0.59063
2025-09-10T19:33:00,317,72.7,19,0.59941
2025-09-10T19:36:00,316,73.2,19,0.58844
2025-09-10T19:39:00,317,74.4,19,0.56209
2025-09-10T19:42:00,317,73.1,19,0.59063
2025-09-10T19:45:00,316,73.4,19,0.58404
2025-09-10T19:48:00,317,75,19,0.54891
2025-09-10T19:51:00,316,74,19,0.57087
2025-09-10T19:54:00,317,75.5,19,0.53794
2025-09-10T19:57:00,317,74.5,18,0.52589
2025-09-10T20:00:00,317,73.8,18,0.54033
2025-09-10T20:03:00,0,74.6,18,0.52383
2025-09-10T20:06:00,0,74.8,18,0.51971
2025-09-10T20:09:00,0,74.1,18,0.53414
2025-09-10T20:12:00,0,74.7,18,0.52177
2025-09-10T20:15:00,0,75.9,18,0.49702
2025-09-10T20:18:00,0,76.5,18,0.48465
2025-09-10T20:21:00,0,76.4,18,0.48671
2025-09-10T20:24:00,0,76,18,0.49496
2025-09-10T20:27:00,0,76,18,0.49496
2025-09-10T20:30:00,0,75.8,17,0.46855
2025-09-10T20:33:00,0,76.4,17,0.45693
2025-09-10T20:36:00,0,76.4,18,0.48671
2025-09-10T20:39:00,0,76.5,17,0.455
2025-09-10T20:42:00,0,77.7,18,0.4599
2025-09-10T20:45:00,0,76.7,17,0.45113
2025-09-10T20:48:00,0,78.4,17,0.41821
2025-09-10T20:51:00,0,77.7,18,0.4599
2025-09-10T20:54:00,0,77.5,18,0.46402
2025-09-10T20:57:00,0,76.6,18,0.48259
2025-09-10T21:00:00,0,75.4,18,0.50733
2025-09-10T21:03:00,0,75.7,18,0.50115
2025-09-10T21:06:00,0,75.2,18,0.51146
2025-09-10T21:09:00,0,75.1,18,0.51352
2025-09-10T21:12:00,0,74.8,18,0.51971
2025-09-10T21:15:00,0,72,18,0.57745
2025-09-10T21:18:00,0,72.1,18,0.57539
2025-09-10T21:21:00,0,72.1,18,0.57539
2025-09-10T21:24:00,0,74.6,18,0.52383
2025-09-10T21:27:00,0,75,18,0.51558
2025-09-10T21:30:00,0,75.5,18,0.50527
2025-09-10T21:33:00,0,75.2,18,0.51146
2025-09-10T21:36:00,0,74,18,0.53621
2025-09-10T21:39:00,0,72.1,19,0.61259
2025-09-10T21:42:00,0,74,18,0.53621
2025-09-10T21:45:00,0,73.1,19,0.59063
2025-09-10T21:48:00,0,73.7,19,0.57746
2025-09-10T21:51:00,0,73.2,19,0.58844
2025-09-10T21:54:00,0,71.8,19,0.61918
2025-09-10T21:57:00,0,72.3,19,0.6082
2025-09-10T22:00:00,0,65.9,19,0.74872
2025-09-10T22:03:00,0,66.7,19,0.73115
2025-09-10T22:06:00,0,71.8,19,0.61918
2025-09-10T22:09:00,0,69.2,19,0.67626
2025-09-10T22:12:00,0,69.5,19,0.66968
2025-09-10T22:15:00,0,67,19,0.72457
2025-09-10T22:18:00,0,69,19,0.68065
2025-09-10T22:21:00,0,71.4,19,0.62796
2025-09-10T22:24:00,0,65.8,19,0.75091
2025-09-10T22:27:00,0,65.6,19,0.75531
2025-09-10T22:30:00,0,69.3,19,0.67407
2025-09-10T22:33:00,0,69.1,19,0.67846
2025-09-10T22:36:00,0,68.8,19,0.68505
2025-09-10T22:39:00,0,69.3,19,0.67407
2025-09-10T22:42:00,0,71.9,19,0.61698
2025-09-10T22:45:00,0,71.3,19,0.63015
2025-09-10T22:48:00,0,70.2,19,0.65431
2025-09-10T22:51:00,0,69.7,19,0.66528
2025-09-10T22:54:00,0,67.7,19,0.7092
2025-09-10T22:57:00,0,65.9,19,0.74872
2025-09-10T23:00:00,0,65.9,19,0.74872
2025-09-10T23:03:00,0,69.7,19,0.66528
2025-09-10T23:06:00,0,69.2,19,0.67626
2025-09-10T23:09:00,0,74.2,19,0.56648
2025-09-10T23:12:00,0,72.8,19,0.59722
2025-09-10T23:15:00,0,71.7,19,0.62137
2025-09-10T23:18:00,0,74.8,19,0.55331
2025-09-10T23:21:00,0,72.4,19,0.606
2025-09-10T23:24:00,0,71,19,0.63674
2025-09-10T23:27:00,0,70.6,19,0.64552
2025-09-10T23:30:00,0,70.8,19,0.64113
2025-09-10T23:33:00,0,73.6,19,0.57965
2025-09-10T23:36:00,0,71.8,19,0.61918
2025-09-10T23:39:00,0,70.6,19,0.64552
2025-09-10T23:42:00,0,69.7,19,0.66528
2025-09-10T23:45:00,0,73.4,19,0.58404
2025-09-10T23:48:00,0,70.9,19,0.63894
2025-09-10T23:51:00,0,69.3,19,0.67407
2025-09-10T23:54:00,0,68.7,19,0.68724
2025-09-10T23:57:00,0,70.8,19,0.64113
2025-09-11T00:00:00,0,72,19,0.61478
2025-09-11T00:03:00,0,69.7,19,0.66528
2025-09-11T00:06:00,0,69,19,0.68065
2025-09-11T00:09:00,0,69.6,19,0.66748
2025-09-11T00:12:00,0,71.1,19,0.63455
2025-09-11T00:15:00,0,68.9,19,0.68285
2025-09-11T00:18:00,0,68.2,19,0.69822
2025-09-11T00:21:00,0,70,19,0.6587
2025-09-11T00:24:00,0,69.4,19,0.67187
2025-09-11T00:27:00,0,67.6,19,0.71139
2025-09-11T00:30:00,0,66.4,19,0.73774
2025-09-11T00:33:00,0,70.6,19,0.64552
2025-09-11T00:36:00,0,69.2,19,0.67626
2025-09-11T00:39:00,0,72.4,19,0.606
2025-09-11T00:42:00,0,71.1,19,0.63455
2025-09-11T00:45:00,0,70.3,19,0.65211
2025-09-11T00:48:00,0,69.4,19,0.67187
2025-09-11T00:51:00,0,69.3,19,0.67407
2025-09-11T00:54:00,0,68.7,19,0.68724
2025-09-11T00:57:00,0,68.4,19,0.69383
2025-09-11T01:00:00,0,68.2,19,0.69822
2025-09-11T01:03:00,0,68.1,19,0.70041
2025-09-11T01:06:00,0,67.9,19,0.70481
2025-09-11T01:09:00,0,67.6,19,0.71139
2025-09-11T01:12:00,0,68,19,0.70261
2025-09-11T01:15:00,0,67.5,19,0.71359
2025-09-11T01:18:00,0,67.7,19,0.7092
2025-09-11T01:21:00,0,67.8,19,0.707
2025-09-11T01:24:00,0,67.4,19,0.71578
2025-09-11T01:27:00,0,67.2,19,0.72018
2025-09-11T01:30:00,0,67.6,19,0.71139
2025-09-11T01:33:00,0,67.8,19,0.707
2025-09-11T01:36:00,0,68,19,0.70261
2025-09-11T01:39:00,0,67.5,19,0.71359
2025-09-11T01:42:00,0,67.4,19,0.71578
2025-09-11T01:45:00,0,67.4,19,0.71578
2025-09-11T01:48:00,0,67.7,19,0.7092
2025-09-11T01:51:00,0,67.9,19,0.70481
2025-09-11T01:54:00,0,67.9,19,0.70481
2025-09-11T01:57:00,0,67.9,19,0.70481
2025-09-11T02:00:00,0,68,19,0.70261
2025-09-11T02:03:00,0,68.5,19,0.69163
2025-09-11T02:06:00,0,69.2,19,0.67626
2025-09-11T02:09:00,0,69.7,19,0.66528
2025-09-11T02:12:00,0,69.9,19,0.66089
2025-09-11T02:15:00,0,70,19,0.6587
2025-09-11T02:18:00,0,70.2,19,0.65431
2025-09-11T02:21:00,0,70.1,19,0.6565
2025-09-11T02:24:00,0,70.1,19,0.6565
2025-09-11T02:27:00,0,70.1,19,0.6565
2025-09-11T02:30:00,0,70,19,0.6587
2025-09-11T02:33:00,0,70,19,0.6587
2025-09-11T02:36:00,0,70.1,19,0.6565
2025-09-11T02:39:00,0,70.4,19,0.64991
2025-09-11T02:42:00,0,71.1,19,0.63455
2025-09-11T02:45:00,0,72.4,19,0.606
2025-09-11T02:48:00,0,72.4,19,0.606
2025-09-11T02:51:00,0,72.6,19,0.60161
2025-09-11T02:54:00,0,74.4,19,0.56209
2025-09-11T02:57:00,0,74.8,19,0.55331
2025-09-11T03:00:00,0,75.2,19,0.54452
2025-09-11T03:03:00,0,75.8,19,0.53135
2025-09-11T03:06:00,0,76.8,19,0.50939
2025-09-11T03:09:00,0,77.3,19,0.49841
2025-09-11T03:12:00,0,77.9,19,0.48524
2025-09-11T03:15:00,0,78.4,19,0.47426
2025-09-11T03:18:00,0,78.8,19,0.46548
2025-09-11T03:21:00,0,79,19,0.46109
2025-09-11T03:24:00,0,79.3,19,0.4545
2025-09-11T03:27:00,0,79.3,19,0.4545
2025-09-11T03:30:00,0,79.4,19,0.45231
2025-09-11T03:33:00,0,79.6,19,0.44791
2025-09-11T03:36:00,0,79.6,19,0.44791
2025-09-11T03:39:00,0,79.6,19,0.44791
2025-09-11T03:42:00,0,79.7,19,0.44572
2025-09-11T03:45:00,0,79.3,19,0.4545
2025-09-11T03:48:00,0,79.6,19,0.44791
2025-09-11T03:51:00,0,79.4,19,0.45231
2025-09-11T03:54:00,0,79.4,19,0.45231
2025-09-11T03:57:00,0,79.3,19,0.4545
2025-09-11T04:00:00,0,79.3,19,0.4545
2025-09-11T04:03:00,345,78.8,19,0.46548
2025-09-11T04:06:00,342,78.2,19,0.47865
2025-09-11T04:09:00,341,77.2,19,0.50061
2025-09-11T04:12:00,339,76.6,20,0.54674
2025-09-11T04:15:00,338,75.7,20,0.56776
2025-09-11T04:18:00,336,74,20,0.60748
2025-09-11T04:21:00,334,72.5,20,0.64253
2025-09-11T04:24:00,331,70.6,20,0.68692
2025-09-11T04:27:00,331,68.7,20,0.73132
2025-09-11T04:30:00,330,67.2,20,0.76637
2025-09-11T04:33:00,330,66.1,20,0.79207
2025-09-11T04:36:00,328,65.1,20,0.81543
2025-09-11T04:39:00,329,64.4,20,0.83179
2025-09-11T04:42:00,327,63.9,20,0.84347
2025-09-11T04:45:00,328,62.9,20,0.86683
2025-09-11T04:48:00,327,62.2,20,0.88319
2025-09-11T04:51:00,328,61.5,20,0.89954
2025-09-11T04:54:00,328,59.8,20,0.93926
2025-09-11T04:57:00,328,59.2,20,0.95328
2025-09-11T05:00:00,328,58.7,20,0.96497
2025-09-11T05:03:00,328,59.7,20,0.9416
2025-09-11T05:06:00,326,59.2,20,0.95328
2025-09-11T05:09:00,327,58.6,20,0.9673
2025-09-11T05:12:00,328,58,20,0.98132
2025-09-11T05:15:00,326,59.2,20,0.95328
2025-09-11T05:18:00,326,59,20,0.95796
2025-09-11T05:21:00,326,58.4,20,0.97198
2025-09-11T05:24:00,326,58.5,20,0.96964
2025-09-11T05:27:00,325,59.1,19,0.89802
2025-09-11T05:30:00,326,58.8,20,0.96263
2025-09-11T05:33:00,327,58.6,20,0.9673
2025-09-11T05:36:00,324,57.6,20,0.99067
2025-09-11T05:39:00,326,59.1,20,0.95562
2025-09-11T05:42:00,325,58.7,20,0.96497
2025-09-11T05:45:00,326,58.9,20,0.96029
2025-09-11T05:48:00,326,57.6,20,0.99067
2025-09-11T05:51:00,325,58.9,19,0.90242
2025-09-11T05:54:00,326,57.9,20,0.98366
2025-09-11T05:57:00,326,58.4,20,0.97198
2025-09-11T06:00:00,326,58,20,0.98132
2025-09-11T06:03:00,325,57.5,19,0.93315
2025-09-11T06:06:00,325,58.9,19,0.90242
2025-09-11T06:09:00,326,58.6,19,0.909
2025-09-11T06:12:00,325,58.2,19,0.91778
2025-09-11T06:15:00,326,58.1,20,0.97898
2025-09-11T06:18:00,324,57.7,19,0.92876
2025-09-11T06:21:00,325,58.6,19,0.909
2025-09-11T06:24:00,326,58.2,19,0.91778
2025-09-11T06:27:00,326,58.3,19,0.91559
2025-09-11T06:30:00,325,58.2,19,0.91778
2025-09-11T06:33:00,325,58.6,19,0.909
2025-09-11T06:36:00,326,58.2,20,0.97665
2025-09-11T06:39:00,326,58.2,19,0.91778
2025-09-11T06:42:00,328,58.1,20,0.97898
2025-09-11T06:45:00,329,58,19,0.92218
2025-09-11T06:48:00,328,56.9,20,1.00702
2025-09-11T06:51:00,329,57.9,19,0.92437
2025-09-11T06:54:00,331,57.3,19,0.93755
2025-09-11T06:57:00,328,57.2,19,0.93974
2025-09-11T07:00:00,329,56.8,19,0.94852
2025-09-11T07:03:00,327,57.6,19,0.93096
2025-09-11T07:06:00,328,56.6,19,0.95292
2025-09-11T07:09:00,329,56.5,20,1.01637
2025-09-11T07:12:00,330,56,20,1.02805
2025-09-11T07:15:00,331,56.3,19,0.9595
2025-09-11T07:18:00,331,57,19,0.94413
2025-09-11T07:21:00,331,56.2,19,0.9617
2025-09-11T07:24:00,331,56.3,20,1.02104
2025-09-11T07:27:00,329,56.9,19,0.94633
2025-09-11T07:30:00,329,56.5,20,1.01637
2025-09-11T07:33:00,328,57,20,1.00469
2025-09-11T07:36:00,328,56.6,20,1.01403
2025-09-11T07:39:00,328,57.2,19,0.93974
2025-09-11T07:42:00,327,56.9,20,1.00702
2025-09-11T07:45:00,328,57,20,1.00469
2025-09-11T07:48:00,327,57.7,19,0.92876
2025-09-11T07:51:00,327,57,20,1.00469
2025-09-11T07:54:00,328,57.6,20,0.99067
2025-09-11T07:57:00,328,57.9,20,0.98366
2025-09-11T08:00:00,328,58.5,19,0.9112
2025-09-11T08:03:00,327,59.4,20,0.94861
2025-09-11T08:06:00,328,59.4,20,0.94861
2025-09-11T08:09:00,328,59.7,20,0.9416
2025-09-11T08:12:00,328,60.7,19,0.86289
2025-09-11T08:15:00,330,60.8,20,0.9159
2025-09-11T08:18:00,328,62.3,20,0.88085
2025-09-11T08:21:00,328,62.6,20,0.87384
2025-09-11T08:24:00,329,63.2,20,0.85982
2025-09-11T08:27:00,329,63.9,20,0.84347
2025-09-11T08:30:00,329,64.4,20,0.83179
2025-09-11T08:33:00,330,63.7,20,0.84814
2025-09-11T08:36:00,330,63.6,20,0.85048
2025-09-11T08:39:00,329,63.7,20,0.84814
2025-09-11T08:42:00,330,65.2,20,0.81309
2025-09-11T08:45:00,328,66.1,20,0.79207
2025-09-11T08:48:00,327,67.6,20,0.75702
2025-09-11T08:51:00,327,66.9,20,0.77337
2025-09-11T08:54:00,328,67.8,20,0.75235
2025-09-11T08:57:00,327,69.1,20,0.72197
2025-09-11T09:00:00,328,69.3,20,0.7173
2025-09-11T09:03:00,327,69.8,20,0.70562
2025-09-11T09:06:00,328,71.1,20,0.67524
2025-09-11T09:09:00,326,71.6,20,0.66356
2025-09-11T09:12:00,328,71.4,20,0.66823
2025-09-11T09:15:00,329,71.9,20,0.65655
2025-09-11T09:18:00,329,72,20,0.65421
2025-09-11T09:21:00,329,72.1,20,0.65188
2025-09-11T09:24:00,328,72.6,19,0.60161
2025-09-11T09:27:00,328,72.5,19,0.60381
2025-09-11T09:30:00,331,72.1,20,0.65188
2025-09-11T09:33:00,331,71.3,20,0.67057
2025-09-11T09:36:00,334,71.1,20,0.67524
2025-09-11T09:39:00,334,71.4,20,0.66823
2025-09-11T09:42:00,337,72.2,20,0.64954
2025-09-11T09:45:00,342,72.5,20,0.64253
2025-09-11T09:48:00,349,73,20,0.63085
2025-09-11T09:51:00,353,71.2,20,0.67291
2025-09-11T09:54:00,354,71.1,20,0.67524
2025-09-11T09:57:00,352,70.8,20,0.68225
2025-09-11T10:00:00,351,71.1,20,0.67524
2025-09-11T10:03:00,351,71.7,20,0.66122
2025-09-11T10:06:00,351,71.8,20,0.65889
2025-09-11T10:09:00,351,72.1,20,0.65188
2025-09-11T10:12:00,354,71.3,20,0.67057
2025-09-11T10:15:00,356,70.9,20,0.67992
2025-09-11T10:18:00,358,71,20,0.67758
2025-09-11T10:21:00,357,70.7,20,0.68459
2025-09-11T10:24:00,377,70.5,20,0.68926
2025-09-11T10:27:00,369,70.2,20,0.69627
2025-09-11T10:30:00,385,69.9,20,0.70328
2025-09-11T10:33:00,405,71,20,0.67758
2025-09-11T10:36:00,418,71.4,20,0.66823
2025-09-11T10:39:00,355,72,19,0.61478
2025-09-11T10:42:00,477,70.7,20,0.68459
2025-09-11T10:45:00,497,72.8,19,0.59722
2025-09-11T10:48:00,460,79.1,18,0.43103
2025-09-11T10:51:00,451,81.7,18,0.37741
2025-09-11T10:54:00,414,81.2,18,0.38772
2025-09-11T10:57:00,368,81.9,18,0.37328
2025-09-11T11:00:00,502,81.4,18,0.38359
2025-09-11T11:03:00,478,80.9,18,0.39391
2025-09-11T11:06:00,489,82.8,18,0.35472
2025-09-11T11:09:00,432,82,18,0.37122
2025-09-11T11:12:00,508,82.2,18,0.3671
2025-09-11T11:15:00,497,83,19,0.37326
2025-09-11T11:18:00,502,80.9,19,0.41937
2025-09-11T11:21:00,520,80.5,19,0.42815
2025-09-11T11:24:00,499,80.6,19,0.42596
2025-09-11T11:27:00,505,81,19,0.41717
2025-09-11T11:30:00,502,80.1,19,0.43694
2025-09-11T11:33:00,467,80.2,19,0.43474
2025-09-11T11:36:00,357,80.9,19,0.41937
2025-09-11T11:39:00,345,80.5,19,0.42815
2025-09-11T11:42:00,465,80.8,19,0.42157
2025-09-11T11:45:00,431,79.8,19,0.44352
2025-09-11T11:48:00,443,78.6,19,0.46987
2025-09-11T11:51:00,452,78.9,19,0.46328
2025-09-11T11:54:00,442,78.3,19,0.47646
2025-09-11T11:57:00,424,78.1,20,0.51169
2025-09-11T12:00:00,428,78.1,20,0.51169
2025-09-11T12:03:00,430,78.3,19,0.47646
2025-09-11T12:06:00,416,77.3,20,0.53038
2025-09-11T12:09:00,413,76.4,20,0.55141
2025-09-11T12:12:00,414,77.1,20,0.53505
2025-09-11T12:15:00,415,76.6,20,0.54674
2025-09-11T12:18:00,412,77.2,20,0.53272
2025-09-11T12:21:00,352,77.4,20,0.52804
2025-09-11T12:24:00,392,77.4,20,0.52804
2025-09-11T12:27:00,422,77.6,20,0.52337
2025-09-11T12:30:00,373,76.4,20,0.55141
2025-09-11T12:33:00,396,76.4,20,0.55141
2025-09-11T12:36:00,374,77,20,0.53739
2025-09-11T12:39:00,366,77.1,20,0.53505
2025-09-11T12:42:00,366,76.9,20,0.53973
2025-09-11T12:45:00,372,76.4,20,0.55141
2025-09-11T12:48:00,377,77.1,20,0.53505
2025-09-11T12:51:00,377,76.6,20,0.54674
2025-09-11T12:54:00,422,77,20,0.53739
2025-09-11T12:57:00,428,76.3,20,0.55375
2025-09-11T13:00:00,399,75.5,20,0.57244
2025-09-11T13:03:00,359,75.7,20,0.56776
2025-09-11T13:06:00,360,77.1,20,0.53505
2025-09-11T13:09:00,391,76.7,20,0.5444
2025-09-11T13:12:00,414,76.6,20,0.54674
2025-09-11T13:15:00,410,76.2,20,0.55608
2025-09-11T13:18:00,410,76.2,20,0.55608
2025-09-11T13:21:00,408,76.5,20,0.54907
2025-09-11T13:24:00,406,75.9,20,0.56309
2025-09-11T13:27:00,358,75.5,20,0.57244
2025-09-11T13:30:00,401,75.4,20,0.57477
2025-09-11T13:33:00,413,75.7,20,0.56776
2025-09-11T13:36:00,416,75.8,20,0.56543
2025-09-11T13:39:00,414,75,21,0.62129
2025-09-11T13:42:00,408,75.4,21,0.61135
2025-09-11T13:45:00,406,75.4,21,0.61135
2025-09-11T13:48:00,405,75.1,21,0.6188
2025-09-11T13:51:00,375,74.1,21,0.64365
2025-09-11T13:54:00,361,75,20,0.58412
2025-09-11T13:57:00,423,74.6,21,0.63123
2025-09-11T14:00:00,380,75.6,21,0.60638
2025-09-11T14:03:00,424,75.4,20,0.57477
2025-09-11T14:06:00,431,75.1,20,0.58178
2025-09-11T14:09:00,383,74.3,21,0.63868
2025-09-11T14:12:00,421,74.1,21,0.64365
2025-09-11T14:15:00,368,73.9,21,0.64863
2025-09-11T14:18:00,413,74.1,21,0.64365
2025-09-11T14:21:00,367,74.6,21,0.63123
2025-09-11T14:24:00,361,74,21,0.64614
2025-09-11T14:27:00,361,74.3,21,0.63868
2025-09-11T14:30:00,361,75.1,20,0.58178
2025-09-11T14:33:00,362,74.8,20,0.58879
2025-09-11T14:36:00,377,75.9,21,0.59892
2025-09-11T14:39:00,380,75.7,21,0.60389
2025-09-11T14:42:00,405,75.8,21,0.60141
2025-09-11T14:45:00,489,75.4,21,0.61135
2025-09-11T14:48:00,376,75.2,21,0.61632
2025-09-11T14:51:00,372,74.4,21,0.6362
2025-09-11T14:54:00,375,74.4,21,0.6362
2025-09-11T14:57:00,370,75.2,21,0.61632
2025-09-11T15:00:00,364,74.1,21,0.64365
2025-09-11T15:03:00,363,74.2,21,0.64117
2025-09-11T15:06:00,375,74.4,20,0.59814
2025-09-11T15:09:00,426,75.6,21,0.60638
2025-09-11T15:12:00,449,74.6,21,0.63123
2025-09-11T15:15:00,436,74.6,21,0.63123
2025-09-11T15:18:00,371,73.9,21,0.64863
2025-09-11T15:21:00,364,74.7,21,0.62874
2025-09-11T15:24:00,358,74.2,21,0.64117
2025-09-11T15:27:00,356,74.5,21,0.63371
2025-09-11T15:30:00,347,74.5,21,0.63371
2025-09-11T15:33:00,347,75,20,0.58412
2025-09-11T15:36:00,346,74.4,20,0.59814
2025-09-11T15:39:00,342,74.4,20,0.59814
2025-09-11T15:42:00,344,74.6,21,0.63123
2025-09-11T15:45:00,346,75.2,20,0.57945
2025-09-11T15:48:00,347,75.4,21,0.61135
2025-09-11T15:51:00,347,74.7,20,0.59113
2025-09-11T15:54:00,346,75.6,20,0.5701
2025-09-11T15:57:00,345,75.5,20,0.57244
2025-09-11T16:00:00,345,75.4,20,0.57477
2025-09-11T16:03:00,349,75.7,20,0.56776
2025-09-11T16:06:00,354,75.4,20,0.57477
2025-09-11T16:09:00,358,75.5,20,0.57244
2025-09-11T16:12:00,357,75,20,0.58412
2025-09-11T16:15:00,380,75,20,0.58412
2025-09-11T16:18:00,379,74.5,20,0.5958
2025-09-11T16:21:00,372,74.9,20,0.58646
2025-09-11T16:24:00,373,75.3,20,0.57711
2025-09-11T16:27:00,369,75,21,0.62129
2025-09-11T16:30:00,409,74.2,21,0.64117
2025-09-11T16:33:00,359,74.4,20,0.59814
2025-09-11T16:36:00,353,75.5,21,0.60886
2025-09-11T16:39:00,433,74.7,21,0.62874
2025-09-11T16:42:00,358,75.3,20,0.57711
2025-09-11T16:45:00,356,75.7,20,0.56776
2025-09-11T16:48:00,361,76.3,21,0.58898
2025-09-11T16:51:00,358,75.8,20,0.56543
2025-09-11T16:54:00,353,75.5,21,0.60886
2025-09-11T16:57:00,351,76.3,21,0.58898
2025-09-11T17:00:00,349,76.2,21,0.59147
2025-09-11T17:03:00,347,76.3,20,0.55375
2025-09-11T17:06:00,345,76.4,20,0.55141
2025-09-11T17:09:00,342,76.6,20,0.54674
2025-09-11T17:12:00,341,76.4,20,0.55141
2025-09-11T17:15:00,339,76.8,20,0.54206
2025-09-11T17:18:00,339,76.5,20,0.54907
2025-09-11T17:21:00,341,76.4,20,0.55141
2025-09-11T17:24:00,342,77.2,20,0.53272
2025-09-11T17:27:00,340,76.8,20,0.54206
2025-09-11T17:30:00,339,77.2,20,0.53272
2025-09-11T17:33:00,336,77.2,20,0.53272
2025-09-11T17:36:00,335,77.1,20,0.53505
2025-09-11T17:39:00,333,77.3,20,0.53038
2025-09-11T17:42:00,333,77,20,0.53739
2025-09-11T17:45:00,331,78.4,20,0.50468
2025-09-11T17:48:00,330,78.2,20,0.50935
2025-09-11T17:51:00,330,78.1,20,0.51169
2025-09-11T17:54:00,330,78.5,19,0.47207
2025-09-11T17:57:00,329,78.4,19,0.47426
2025-09-11T18:00:00,330,78.6,19,0.46987
2025-09-11T18:03:00,331,78.6,19,0.46987
2025-09-11T18:06:00,330,78.7,20,0.49767
2025-09-11T18:09:00,330,78.5,20,0.50234
2025-09-11T18:12:00,328,78.6,20,0.50001
2025-09-11T18:15:00,328,78.5,19,0.47207
2025-09-11T18:18:00,328,78.9,19,0.46328
2025-09-11T18:21:00,327,79.5,19,0.45011
2025-09-11T18:24:00,328,79.4,19,0.45231
2025-09-11T18:27:00,326,79.5,19,0.45011
2025-09-11T18:30:00,326,79.1,19,0.45889
2025-09-11T18:33:00,326,78.9,19,0.46328
2025-09-11T18:36:00,324,78.7,19,0.46768
2025-09-11T18:39:00,323,79.3,19,0.4545
2025-09-11T18:42:00,323,80,19,0.43913
2025-09-11T18:45:00,323,80.4,19,0.43035
2025-09-11T18:48:00,323,79.3,19,0.4545
2025-09-11T18:51:00,323,79.4,19,0.45231
2025-09-11T18:54:00,320,79.7,19,0.44572
2025-09-11T18:57:00,320,79.4,19,0.45231
2025-09-11T19:00:00,319,80,19,0.43913
2025-09-11T19:03:00,320,80.1,19,0.43694
2025-09-11T19:06:00,318,80,19,0.43913
2025-09-11T19:09:00,319,79.4,19,0.45231
2025-09-11T19:12:00,319,79.9,19,0.44133
2025-09-11T19:15:00,319,79.7,19,0.44572
2025-09-11T19:18:00,317,80.1,19,0.43694
2025-09-11T19:21:00,319,80.6,19,0.42596
2025-09-11T19:24:00,316,80.7,19,0.42376
2025-09-11T19:27:00,317,79.8,19,0.44352
2025-09-11T19:30:00,315,80.4,19,0.43035
2025-09-11T19:33:00,318,80.2,19,0.43474
2025-09-11T19:36:00,317,80.5,19,0.42815
2025-09-11T19:39:00,316,80.5,18,0.40215
2025-09-11T19:42:00,315,80.9,18,0.39391
2025-09-11T19:45:00,317,80.7,18,0.39803
2025-09-11T19:48:00,317,80.6,18,0.40009
2025-09-11T19:51:00,315,80.5,18,0.40215
2025-09-11T19:54:00,316,80.5,18,0.40215
2025-09-11T19:57:00,315,80.4,18,0.40422
2025-09-11T20:00:00,12,80.8,18,0.39597
2025-09-11T20:03:00,0,81.6,18,0.37947
2025-09-11T20:06:00,0,81.7,18,0.37741
2025-09-11T20:09:00,0,81.8,18,0.37534
2025-09-11T20:12:00,0,82.2,18,0.3671
2025-09-11T20:15:00,0,81.5,18,0.38153
2025-09-11T20:18:00,0,82.1,18,0.36916
2025-09-11T20:21:00,0,82.6,18,0.35885
2025-09-11T20:24:00,0,82.7,18,0.35678
2025-09-11T20:27:00,0,82.6,18,0.35885
2025-09-11T20:30:00,0,82.8,17,0.33302
2025-09-11T20:33:00,0,82.9,17,0.33108
2025-09-11T20:36:00,0,83.3,18,0.34441
2025-09-11T20:39:00,0,83.3,17,0.32334
2025-09-11T20:42:00,0,83.7,18,0.33616
2025-09-11T20:45:00,0,84.4,18,0.32172
2025-09-11T20:48:00,0,83.6,17,0.31753
2025-09-11T20:51:00,0,84.6,17,0.29817
2025-09-11T20:54:00,0,85.2,18,0.30523
2025-09-11T20:57:00,0,84.7,18,0.31554
2025-09-11T21:00:00,0,85.2,18,0.30523
2025-09-11T21:03:00,0,84.6,18,0.3176
2025-09-11T21:06:00,0,84.4,18,0.32172
2025-09-11T21:09:00,0,83.5,18,0.34028
2025-09-11T21:12:00,0,83.3,18,0.34441
2025-09-11T21:15:00,0,83.2,18,0.34647
2025-09-11T21:18:00,0,83,18,0.3506
2025-09-11T21:21:00,0,81.1,19,0.41498
2025-09-11T21:24:00,0,80.5,19,0.42815
2025-09-11T21:27:00,0,80.8,19,0.42157
2025-09-11T21:30:00,0,81.2,19,0.41278
2025-09-11T21:33:00,0,82.3,19,0.38863
2025-09-11T21:36:00,0,82.7,18,0.35678
2025-09-11T21:39:00,0,83.6,18,0.33822
2025-09-11T21:42:00,0,82.6,18,0.35885
2025-09-11T21:45:00,0,83.2,18,0.34647
2025-09-11T21:48:00,0,83.2,18,0.34647
2025-09-11T21:51:00,0,84.4,18,0.32172
2025-09-11T21:54:00,0,84.7,18,0.31554
2025-09-11T21:57:00,0,85.5,18,0.29904
2025-09-11T22:00:00,0,85.1,18,0.30729
2025-09-11T22:03:00,0,84.7,18,0.31554
2025-09-11T22:06:00,0,85,18,0.30935
2025-09-11T22:09:00,0,83.9,19,0.3535
2025-09-11T22:12:00,0,85.1,18,0.30729
2025-09-11T22:15:00,0,84.7,19,0.33594
2025-09-11T22:18:00,0,83.3,19,0.36667
2025-09-11T22:21:00,0,83.2,19,0.36887
2025-09-11T22:24:00,0,83.1,19,0.37107
2025-09-11T22:27:00,0,83.9,19,0.3535
2025-09-11T22:30:00,0,83.2,19,0.36887
2025-09-11T22:33:00,0,83.3,19,0.36667
2025-09-11T22:36:00,0,84.6,19,0.33813
2025-09-11T22:39:00,0,82.8,19,0.37765
2025-09-11T22:42:00,0,82.7,19,0.37985
2025-09-11T22:45:00,0,82.5,19,0.38424
2025-09-11T22:48:00,0,82.2,19,0.39083
2025-09-11T22:51:00,0,81.3,19,0.41059
2025-09-11T22:54:00,0,80.6,19,0.42596
2025-09-11T22:57:00,0,80.3,19,0.43254
2025-09-11T23:00:00,0,79.7,19,0.44572
2025-09-11T23:03:00,0,79.4,19,0.45231
2025-09-11T23:06:00,0,80,19,0.43913
2025-09-11T23:09:00,0,81,19,0.41717
2025-09-11T23:12:00,0,83.5,19,0.36228
2025-09-11T23:15:00,0,83.8,19,0.3557
2025-09-11T23:18:00,0,83.1,19,0.37107
2025-09-11T23:21:00,0,82.9,19,0.37546
2025-09-11T23:24:00,0,82.7,19,0.37985
2025-09-11T23:27:00,0,82.7,19,0.37985
2025-09-11T23:30:00,0,82.6,19,0.38204
2025-09-11T23:33:00,0,82.6,19,0.38204
2025-09-11T23:36:00,0,82.2,19,0.39083
2025-09-11T23:39:00,0,82.2,19,0.39083
2025-09-11T23:42:00,0,82.3,19,0.38863
2025-09-11T23:45:00,0,82.4,19,0.38644
2025-09-11T23:48:00,0,82.5,19,0.38424
2025-09-11T23:51:00,0,82.4,19,0.38644
2025-09-11T23:54:00,0,82.4,19,0.38644
2025-09-11T23:57:00,0,82.4,19,0.38644
2025-09-12T00:00:00,0,82.4,19,0.38644
2025-09-12T00:03:00,0,82.3,19,0.38863
2025-09-12T00:06:00,0,82.4,19,0.38644
2025-09-12T00:09:00,0,82.3,19,0.38863
2025-09-12T00:12:00,0,82.3,19,0.38863
2025-09-12T00:15:00,0,82.3,19,0.38863
2025-09-12T00:18:00,0,82.2,19,0.39083
2025-09-12T00:21:00,0,82.2,19,0.39083
2025-09-12T00:24:00,0,82.2,19,0.39083
2025-09-12T00:27:00,0,82.2,19,0.39083
2025-09-12T00:30:00,0,82.2,19,0.39083
2025-09-12T00:33:00,0,82.2,19,0.39083
2025-09-12T00:36:00,0,82.5,19,0.38424
2025-09-12T00:39:00,0,82.8,19,0.37765
2025-09-12T00:42:00,0,83,19,0.37326
2025-09-12T00:45:00,0,83,19,0.37326
2025-09-12T00:48:00,0,83.1,19,0.37107
2025-09-12T00:51:00,0,83.2,19,0.36887
2025-09-12T00:54:00,0,83.3,19,0.36667
2025-09-12T00:57:00,0,83.3,19,0.36667
2025-09-12T01:00:00,0,83.3,19,0.36667
2025-09-12T01:03:00,0,83.1,19,0.37107
2025-09-12T01:06:00,0,83,19,0.37326
2025-09-12T01:09:00,0,83.1,19,0.37107
2025-09-12T01:12:00,0,83.1,19,0.37107
2025-09-12T01:15:00,0,83.3,19,0.36667
2025-09-12T01:18:00,0,83.6,19,0.36009
2025-09-12T01:21:00,0,84,19,0.35131
2025-09-12T01:24:00,0,83.9,19,0.3535
2025-09-12T01:27:00,0,84.1,19,0.34911
2025-09-12T01:30:00,0,84.7,19,0.33594
2025-09-12T01:33:00,0,84.8,19,0.33374
2025-09-12T01:36:00,0,85,19,0.32935
2025-09-12T01:39:00,0,84.9,19,0.33154
2025-09-12T01:42:00,0,84.9,19,0.33154
2025-09-12T01:45:00,0,84.6,19,0.33813
2025-09-12T01:48:00,0,85,19,0.32935
2025-09-12T01:51:00,0,85.5,19,0.31837
2025-09-12T01:54:00,0,85.8,19,0.31178
2025-09-12T01:57:00,0,86.2,19,0.303
2025-09-12T02:00:00,0,86.4,19,0.29861
2025-09-12T02:03:00,0,86.7,19,0.29202
2025-09-12T02:06:00,0,86.9,19,0.28763
2025-09-12T02:09:00,0,87.2,19,0.28104
2025-09-12T02:12:00,0,87.3,19,0.27885
2025-09-12T02:15:00,0,87.3,19,0.27885
2025-09-12T02:18:00,0,87.7,19,0.27007
2025-09-12T02:21:00,0,87.8,19,0.26787
2025-09-12T02:24:00,0,87.9,19,0.26567
2025-09-12T02:27:00,0,87.9,19,0.26567
2025-09-12T02:30:00,0,87.9,19,0.26567
2025-09-12T02:33:00,0,87.9,19,0.26567
2025-09-12T02:36:00,0,87.9,19,0.26567
2025-09-12T02:39:00,0,87.9,19,0.26567
2025-09-12T02:42:00,0,88,19,0.26348
2025-09-12T02:45:00,0,87.9,19,0.26567
2025-09-12T02:48:00,0,87.9,19,0.26567
2025-09-12T02:51:00,0,87.9,19,0.26567
2025-09-12T02:54:00,0,87.9,19,0.26567
2025-09-12T02:57:00,0,87.9,19,0.26567
2025-09-12T03:00:00,0,87.8,19,0.26787
2025-09-12T03:03:00,0,87.7,19,0.27007
2025-09-12T03:06:00,0,87.7,19,0.27007
2025-09-12T03:09:00,0,87.7,19,0.27007
2025-09-12T03:12:00,0,87.8,19,0.26787
2025-09-12T03:15:00,0,87.8,19,0.26787
2025-09-12T03:18:00,0,87.7,19,0.27007
2025-09-12T03:21:00,0,87.7,19,0.27007
2025-09-12T03:24:00,0,87.7,19,0.27007
2025-09-12T03:27:00,0,87.6,19,0.27226
2025-09-12T03:30:00,0,87.7,19,0.27007
2025-09-12T03:33:00,0,87.6,19,0.27226
2025-09-12T03:36:00,0,87.6,19,0.27226
2025-09-12T03:39:00,0,87.6,19,0.27226
2025-09-12T03:42:00,0,87.6,19,0.27226
2025-09-12T03:45:00,0,87.6,19,0.27226
2025-09-12T03:48:00,0,87.6,19,0.27226
2025-09-12T03:51:00,0,87.6,19,0.27226
2025-09-12T03:54:00,0,87.6,19,0.27226
2025-09-12T03:57:00,0,87.5,19,0.27446
2025-09-12T04:00:00,0,87.5,19,0.27446
2025-09-12T04:03:00,345,87.5,19,0.27446
2025-09-12T04:06:00,343,87,19,0.28544
2025-09-12T04:09:00,341,86.4,19,0.29861
2025-09-12T04:12:00,339,85.8,19,0.31178
2025-09-12T04:15:00,337,84.5,20,0.36215
2025-09-12T04:18:00,335,82.8,20,0.40187
2025-09-12T04:21:00,333,82.2,20,0.41589
2025-09-12T04:24:00,332,81.1,20,0.44159
2025-09-12T04:27:00,331,79.7,20,0.47431
2025-09-12T04:30:00,331,78.8,20,0.49533
2025-09-12T04:33:00,329,78.6,20,0.50001
2025-09-12T04:36:00,327,78.1,20,0.51169
2025-09-12T04:39:00,328,77.5,20,0.52571
2025-09-12T04:42:00,327,76.9,20,0.53973
2025-09-12T04:45:00,328,76.7,20,0.5444
2025-09-12T04:48:00,327,76.1,20,0.55842
2025-09-12T04:51:00,326,75.4,20,0.57477
2025-09-12T04:54:00,327,74.9,20,0.58646
2025-09-12T04:57:00,327,74.7,20,0.59113
2025-09-12T05:00:00,326,74.2,20,0.60281
2025-09-12T05:03:00,327,74.4,20,0.59814
2025-09-12T05:06:00,327,74.6,20,0.59347
2025-09-12T05:09:00,326,74.5,20,0.5958
2025-09-12T05:12:00,327,74.4,20,0.59814
2025-09-12T05:15:00,326,73.9,20,0.60982
2025-09-12T05:18:00,326,73.5,20,0.61917
2025-09-12T05:21:00,327,72.8,20,0.63552
2025-09-12T05:24:00,326,73.2,20,0.62618
2025-09-12T05:27:00,325,73.2,20,0.62618
2025-09-12T05:30:00,326,73.3,20,0.62384
2025-09-12T05:33:00,327,73.8,19,0.57526
2025-09-12T05:36:00,326,73.3,20,0.62384
2025-09-12T05:39:00,326,73.6,20,0.61683
2025-09-12T05:42:00,326,73.5,20,0.61917
2025-09-12T05:45:00,327,73.1,20,0.62851
2025-09-12T05:48:00,326,73.8,20,0.61216
2025-09-12T05:51:00,326,73.5,20,0.61917
2025-09-12T05:54:00,326,73.9,20,0.60982
2025-09-12T05:57:00,327,73.5,20,0.61917
2025-09-12T06:00:00,326,73.5,19,0.58185
2025-09-12T06:03:00,326,73.6,20,0.61683
2025-09-12T06:06:00,325,73.1,20,0.62851
2025-09-12T06:09:00,327,72.8,20,0.63552
2025-09-12T06:12:00,327,73.1,20,0.62851
2025-09-12T06:15:00,326,73.5,19,0.58185
2025-09-12T06:18:00,326,73.1,20,0.62851
2025-09-12T06:21:00,326,73.1,19,0.59063
2025-09-12T06:24:00,326,72.2,20,0.64954
2025-09-12T06:27:00,326,72.2,20,0.64954
2025-09-12T06:30:00,325,72.6,19,0.60161
2025-09-12T06:33:00,326,72.1,19,0.61259
2025-09-12T06:36:00,326,72.1,20,0.65188
2025-09-12T06:39:00,327,72,20,0.65421
2025-09-12T06:42:00,328,72.4,19,0.606
2025-09-12T06:45:00,327,72,20,0.65421
2025-09-12T06:48:00,327,72.2,20,0.64954
2025-09-12T06:51:00,328,71.4,20,0.66823
2025-09-12T06:54:00,328,71.8,20,0.65889
2025-09-12T06:57:00,329,72.2,19,0.61039
2025-09-12T07:00:00,328,72.2,20,0.64954
2025-09-12T07:03:00,329,71.4,19,0.62796
2025-09-12T07:06:00,330,71.3,20,0.67057
2025-09-12T07:09:00,333,71.6,19,0.62357
2025-09-12T07:12:00,331,71.7,20,0.66122
2025-09-12T07:15:00,331,72.1,19,0.61259
2025-09-12T07:18:00,331,71.7,20,0.66122
2025-09-12T07:21:00,332,71.8,20,0.65889
2025-09-12T07:24:00,335,72.2,19,0.61039
2025-09-12T07:27:00,334,72.1,19,0.61259
2025-09-12T07:30:00,333,72.3,19,0.6082
2025-09-12T07:33:00,334,72.1,19,0.61259
2025-09-12T07:36:00,333,72.1,20,0.65188
2025-09-12T07:39:00,334,71,20,0.67758
2025-09-12T07:42:00,334,71.2,20,0.67291
2025-09-12T07:45:00,336,71.3,20,0.67057
2025-09-12T07:48:00,337,72.1,19,0.61259
2025-09-12T07:51:00,339,70.9,20,0.67992
2025-09-12T07:54:00,340,71.1,20,0.67524
2025-09-12T07:57:00,343,70.7,20,0.68459
2025-09-12T08:00:00,347,71,20,0.67758
2025-09-12T08:03:00,355,72,19,0.61478
2025-09-12T08:06:00,359,70.9,20,0.67992
2025-09-12T08:09:00,361,71.2,20,0.67291
2025-09-12T08:12:00,357,71.3,20,0.67057
2025-09-12T08:15:00,356,70.7,20,0.68459
2025-09-12T08:18:00,358,70.9,20,0.67992
2025-09-12T08:21:00,356,70.3,20,0.69393
2025-09-12T08:24:00,352,71,20,0.67758
2025-09-12T08:27:00,358,70.1,20,0.69861
2025-09-12T08:30:00,361,70.2,20,0.69627
2025-09-12T08:33:00,359,70.6,20,0.68692
2025-09-12T08:36:00,357,70.4,20,0.6916
2025-09-12T08:39:00,355,70.3,20,0.69393
2025-09-12T08:42:00,354,70.2,20,0.69627
2025-09-12T08:45:00,356,70.4,20,0.6916
2025-09-12T08:48:00,356,70.2,20,0.69627
2025-09-12T08:51:00,354,70.6,20,0.68692
2025-09-12T08:54:00,356,70.5,20,0.68926
2025-09-12T08:57:00,354,70.3,20,0.69393
2025-09-12T09:00:00,356,70.5,20,0.68926
2025-09-12T09:03:00,355,71.7,20,0.66122
2025-09-12T09:06:00,356,72,20,0.65421
2025-09-12T09:09:00,356,72,20,0.65421
2025-09-12T09:12:00,356,71.5,20,0.6659
2025-09-12T09:15:00,358,72.2,20,0.64954
2025-09-12T09:18:00,359,71.9,20,0.65655
2025-09-12T09:21:00,362,71.9,20,0.65655
2025-09-12T09:24:00,368,72.1,20,0.65188
2025-09-12T09:27:00,377,72.4,20,0.64487
2025-09-12T09:30:00,391,72.2,20,0.64954
2025-09-12T09:33:00,478,71,20,0.67758
2025-09-12T09:36:00,496,69.6,21,0.75549
2025-09-12T09:39:00,517,68.3,21,0.78779
2025-09-12T09:42:00,520,68,21,0.79525
2025-09-12T09:45:00,526,68.3,21,0.78779
2025-09-12T09:48:00,527,67.5,21,0.80767
2025-09-12T09:51:00,528,66.9,22,0.87452
2025-09-12T09:54:00,512,68.7,21,0.77785
2025-09-12T09:57:00,471,66.7,22,0.8798
2025-09-12T10:00:00,484,68.4,22,0.83489
2025-09-12T10:03:00,484,76.7,19,0.51159
2025-09-12T10:06:00,482,81.5,18,0.38153
2025-09-12T10:09:00,482,82.3,18,0.36503
2025-09-12T10:12:00,468,82.8,18,0.35472
2025-09-12T10:15:00,454,82.1,18,0.36916
2025-09-12T10:18:00,443,82.7,18,0.35678
2025-09-12T10:21:00,440,83,18,0.3506
2025-09-12T10:24:00,430,82.5,18,0.36091
2025-09-12T10:27:00,426,82.9,18,0.35266
2025-09-12T10:30:00,435,82.9,18,0.35266
2025-09-12T10:33:00,457,82.7,18,0.35678
2025-09-12T10:36:00,441,82.9,18,0.35266
2025-09-12T10:39:00,448,82.8,18,0.35472
2025-09-12T10:42:00,443,82.7,19,0.37985
2025-09-12T10:45:00,419,82.3,19,0.38863
2025-09-12T10:48:00,402,83.3,18,0.34441
2025-09-12T10:51:00,404,82.5,19,0.38424
2025-09-12T10:54:00,422,83.2,19,0.36887
2025-09-12T10:57:00,412,83.1,19,0.37107
2025-09-12T11:00:00,427,82.9,19,0.37546
2025-09-12T11:03:00,438,83.1,19,0.37107
2025-09-12T11:06:00,410,82.2,19,0.39083
2025-09-12T11:09:00,441,82.4,19,0.38644
2025-09-12T11:12:00,441,81.6,19,0.404
2025-09-12T11:15:00,405,82.1,19,0.39302
2025-09-12T11:18:00,402,82.2,19,0.39083
2025-09-12T11:21:00,398,82.6,19,0.38204
2025-09-12T11:24:00,391,82.9,19,0.37546
2025-09-12T11:27:00,421,82,19,0.39522
2025-09-12T11:30:00,410,82.5,19,0.38424
2025-09-12T11:33:00,404,83.1,19,0.37107
2025-09-12T11:36:00,435,82.2,19,0.39083
2025-09-12T11:39:00,437,82.6,20,0.40655
2025-09-12T11:42:00,405,81.5,20,0.43225
2025-09-12T11:45:00,377,82.9,19,0.37546
2025-09-12T11:48:00,416,82.4,19,0.38644
2025-09-12T11:51:00,416,82.4,19,0.38644
2025-09-12T11:54:00,420,81.5,20,0.43225
2025-09-12T11:57:00,372,81.3,20,0.43692
2025-09-12T12:00:00,383,81.8,20,0.42524
2025-09-12T12:03:00,380,81.2,20,0.43926
2025-09-12T12:06:00,375,81.6,19,0.404
2025-09-12T12:09:00,360,82.1,20,0.41823
2025-09-12T12:12:00,419,82,20,0.42057
2025-09-12T12:15:00,419,81.8,20,0.42524
2025-09-12T12:18:00,414,81.1,20,0.44159
2025-09-12T12:21:00,412,80.8,20,0.4486
2025-09-12T12:24:00,408,80.2,20,0.46262
2025-09-12T12:27:00,405,80.3,20,0.46029
2025-09-12T12:30:00,404,81.2,20,0.43926
2025-09-12T12:33:00,403,80.6,21,0.48212
2025-09-12T12:36:00,394,80.4,21,0.48709
2025-09-12T12:39:00,404,80.3,21,0.48958
2025-09-12T12:42:00,404,79.9,21,0.49952
2025-09-12T12:45:00,402,80.6,21,0.48212
2025-09-12T12:48:00,403,80.6,21,0.48212
2025-09-12T12:51:00,403,79.7,21,0.50449
2025-09-12T12:54:00,401,79,21,0.52188
2025-09-12T12:57:00,401,78.7,21,0.52934
2025-09-12T13:00:00,400,79.3,21,0.51443
2025-09-12T13:03:00,400,78.8,21,0.52685
2025-09-12T13:06:00,399,77.9,21,0.54922
2025-09-12T13:09:00,399,78.2,21,0.54176
2025-09-12T13:12:00,398,79.1,21,0.5194
2025-09-12T13:15:00,399,78.7,21,0.52934
2025-09-12T13:18:00,398,78.3,21,0.53928
2025-09-12T13:21:00,399,78.3,21,0.53928
2025-09-12T13:24:00,400,79.1,21,0.5194
2025-09-12T13:27:00,383,78.9,21,0.52437
2025-09-12T13:30:00,358,78.1,21,0.54425
2025-09-12T13:33:00,342,79.3,21,0.51443
2025-09-12T13:36:00,338,79.3,21,0.51443
2025-09-12T13:39:00,338,79.3,21,0.51443
2025-09-12T13:42:00,339,80,21,0.49703
2025-09-12T13:45:00,342,80.3,21,0.48958
2025-09-12T13:48:00,338,80.4,21,0.48709
2025-09-12T13:51:00,335,80.9,21,0.47466
2025-09-12T13:54:00,332,80.8,21,0.47715
2025-09-12T13:57:00,330,80,21,0.49703
2025-09-12T14:00:00,330,80.6,21,0.48212
2025-09-12T14:03:00,332,80.3,21,0.48958
2025-09-12T14:06:00,332,81.3,21,0.46472
2025-09-12T14:09:00,334,81,21,0.47218
2025-09-12T14:12:00,330,81.5,21,0.45975
2025-09-12T14:15:00,328,81.3,21,0.46472
2025-09-12T14:18:00,328,81.1,20,0.44159
2025-09-12T14:21:00,327,81.2,20,0.43926
2025-09-12T14:24:00,326,81.9,20,0.4229
2025-09-12T14:27:00,326,81,20,0.44393
2025-09-12T14:30:00,326,82.1,20,0.41823
2025-09-12T14:33:00,326,82.2,20,0.41589
2025-09-12T14:36:00,326,81.5,20,0.43225
2025-09-12T14:39:00,326,82.1,20,0.41823
2025-09-12T14:42:00,326,82.1,20,0.41823
2025-09-12T14:45:00,326,82.3,20,0.41356
2025-09-12T14:48:00,326,82.8,20,0.40187
2025-09-12T14:51:00,325,83.1,20,0.39487
2025-09-12T14:54:00,323,83.6,20,0.38318
2025-09-12T14:57:00,323,83.4,20,0.38786
2025-09-12T15:00:00,326,83.2,20,0.39253
2025-09-12T15:03:00,327,84.2,20,0.36916
2025-09-12T15:06:00,328,83.9,20,0.37617
2025-09-12T15:09:00,327,83.4,20,0.38786
2025-09-12T15:12:00,329,83.3,20,0.39019
2025-09-12T15:15:00,328,83.9,20,0.37617
2025-09-12T15:18:00,331,84.5,20,0.36215
2025-09-12T15:21:00,331,83.3,20,0.39019
2025-09-12T15:24:00,332,83,20,0.3972
2025-09-12T15:27:00,331,83,20,0.3972
2025-09-12T15:30:00,327,83.2,20,0.39253
2025-09-12T15:33:00,326,83.5,20,0.38552
2025-09-12T15:36:00,326,84.5,20,0.36215
2025-09-12T15:39:00,327,84.5,20,0.36215
2025-09-12T15:42:00,326,84.5,20,0.36215
2025-09-12T15:45:00,326,84.9,20,0.35281
2025-09-12T15:48:00,326,85.1,20,0.34814
2025-09-12T15:51:00,323,84.4,20,0.36449
2025-09-12T15:54:00,322,84.4,19,0.34252
2025-09-12T15:57:00,324,84.5,19,0.34033
2025-09-12T16:00:00,323,84.6,19,0.33813
2025-09-12T16:03:00,323,85.2,19,0.32496
2025-09-12T16:06:00,321,84.8,19,0.33374
2025-09-12T16:09:00,323,84.7,19,0.33594
2025-09-12T16:12:00,321,84.6,19,0.33813
2025-09-12T16:15:00,322,84.7,19,0.33594
2025-09-12T16:18:00,322,84.6,19,0.33813
2025-09-12T16:21:00,323,84.9,19,0.33154
2025-09-12T16:24:00,321,84.9,19,0.33154
2025-09-12T16:27:00,322,84.9,19,0.33154
2025-09-12T16:30:00,321,84.6,19,0.33813
2025-09-12T16:33:00,320,84.8,19,0.33374
2025-09-12T16:36:00,320,85.1,19,0.32715
2025-09-12T16:39:00,320,85,19,0.32935
2025-09-12T16:42:00,320,85.3,19,0.32276
2025-09-12T16:45:00,320,85.4,19,0.32057
2025-09-12T16:48:00,320,85.5,19,0.31837
2025-09-12T16:51:00,320,85.6,19,0.31617
2025-09-12T16:54:00,320,85.7,19,0.31398
2025-09-12T16:57:00,320,85.5,19,0.31837
2025-09-12T17:00:00,320,85.7,19,0.31398
2025-09-12T17:03:00,320,85.5,19,0.31837
2025-09-12T17:06:00,320,85.8,19,0.31178
2025-09-12T17:09:00,320,85.5,19,0.31837
2025-09-12T17:12:00,320,85.4,19,0.32057
2025-09-12T17:15:00,321,86,19,0.30739
2025-09-12T17:18:00,321,86.1,19,0.3052
2025-09-12T17:21:00,320,86,19,0.30739
2025-09-12T17:24:00,319,86.6,19,0.29422
2025-09-12T17:27:00,320,86.1,19,0.3052
2025-09-12T17:30:00,320,85.9,19,0.30959
2025-09-12T17:33:00,320,85.8,19,0.31178
2025-09-12T17:36:00,320,85.8,19,0.31178
2025-09-12T17:39:00,321,85.7,19,0.31398
2025-09-12T17:42:00,322,86.1,19,0.3052
2025-09-12T17:45:00,323,86.2,19,0.303
2025-09-12T17:48:00,323,85.8,19,0.31178
2025-09-12T17:51:00,323,85.8,19,0.31178
2025-09-12T17:54:00,325,85.9,19,0.30959
2025-09-12T17:57:00,326,86.1,19,0.3052
2025-09-12T18:00:00,327,86.2,19,0.303
2025-09-12T18:03:00,325,86.2,19,0.303
2025-09-12T18:06:00,326,86.1,19,0.3052
2025-09-12T18:09:00,325,86.4,19,0.29861
2025-09-12T18:12:00,325,86.2,19,0.303
2025-09-12T18:15:00,323,86.1,19,0.3052
2025-09-12T18:18:00,325,86.2,19,0.303
2025-09-12T18:21:00,323,86.4,19,0.29861
2025-09-12T18:24:00,322,86.1,19,0.3052
2025-09-12T18:27:00,323,86.4,19,0.29861
2025-09-12T18:30:00,321,86.6,19,0.29422
2025-09-12T18:33:00,323,86.1,19,0.3052
2025-09-12T18:36:00,323,86.2,19,0.303
2025-09-12T18:39:00,323,86.4,19,0.29861
2025-09-12T18:42:00,322,86.3,19,0.30081
2025-09-12T18:45:00,322,86.8,19,0.28983
2025-09-12T18:48:00,320,86.2,19,0.303
2025-09-12T18:51:00,318,86.8,19,0.28983
2025-09-12T18:54:00,319,87,19,0.28544
2025-09-12T18:57:00,317,87.1,19,0.28324
2025-09-12T19:00:00,319,86.9,19,0.28763
2025-09-12T19:03:00,317,87.4,19,0.27665
2025-09-12T19:06:00,317,87.6,19,0.27226
2025-09-12T19:09:00,317,87,18,0.2681
2025-09-12T19:12:00,317,87,19,0.28544
2025-09-12T19:15:00,316,86.7,18,0.27429
2025-09-12T19:18:00,317,86.9,18,0.27017
2025-09-12T19:21:00,316,87.3,19,0.27885
2025-09-12T19:24:00,317,87.1,18,0.26604
2025-09-12T19:27:00,315,87.4,18,0.25985
2025-09-12T19:30:00,317,87.4,18,0.25985
2025-09-12T19:33:00,317,88,18,0.24748
2025-09-12T19:36:00,316,87.9,18,0.24954
2025-09-12T19:39:00,316,87.9,19,0.26567
2025-09-12T19:42:00,317,87.4,18,0.25985
2025-09-12T19:45:00,316,88.4,18,0.23923
2025-09-12T19:48:00,315,88.4,18,0.23923
2025-09-12T19:51:00,316,88.5,18,0.23717
2025-09-12T19:54:00,315,88.7,18,0.23304
2025-09-12T19:57:00,315,88.3,18,0.24129
2025-09-12T20:00:00,315,88.7,18,0.23304
2025-09-12T20:03:00,0,88.6,18,0.23511
2025-09-12T20:06:00,0,88.5,18,0.23717
2025-09-12T20:09:00,0,88.3,18,0.24129
2025-09-12T20:12:00,0,88.8,18,0.23098
2025-09-12T20:15:00,0,89.1,18,0.22479
2025-09-12T20:18:00,0,89,18,0.22686
2025-09-12T20:21:00,0,88.8,18,0.23098
2025-09-12T20:24:00,0,89.1,18,0.22479
2025-09-12T20:27:00,0,89.6,18,0.21448
2025-09-12T20:30:00,0,90.1,18,0.20417
2025-09-12T20:33:00,0,89.8,18,0.21036
2025-09-12T20:36:00,0,90.3,18,0.20005
2025-09-12T20:39:00,0,90.5,18,0.19592
2025-09-12T20:42:00,0,90.4,18,0.19798
2025-09-12T20:45:00,0,90.4,18,0.19798
2025-09-12T20:48:00,0,90.9,18,0.18767
2025-09-12T20:51:00,0,91.2,18,0.18149
2025-09-12T20:54:00,0,91.2,18,0.18149
2025-09-12T20:57:00,0,91.5,18,0.1753
2025-09-12T21:00:00,0,91.6,18,0.17324
2025-09-12T21:03:00,0,90.8,18,0.18973
2025-09-12T21:06:00,0,91.4,18,0.17736
2025-09-12T21:09:00,0,91.4,18,0.17736
2025-09-12T21:12:00,0,91.4,18,0.17736
2025-09-12T21:15:00,0,91.9,18,0.16705
2025-09-12T21:18:00,0,91.8,18,0.16911
2025-09-12T21:21:00,0,91.6,18,0.17324
2025-09-12T21:24:00,0,91.4,18,0.17736
2025-09-12T21:27:00,0,90.9,18,0.18767
2025-09-12T21:30:00,0,90.4,18,0.19798
2025-09-12T21:33:00,0,90.4,18,0.19798
2025-09-12T21:36:00,0,90.2,18,0.20211
2025-09-12T21:39:00,0,90.2,18,0.20211
2025-09-12T21:42:00,0,89.7,18,0.21242
2025-09-12T21:45:00,0,89.3,18,0.22067
2025-09-12T21:48:00,0,88.9,19,0.24372
2025-09-12T21:51:00,0,88.6,19,0.2503
2025-09-12T21:54:00,0,88.7,19,0.24811
2025-09-12T21:57:00,0,89.2,18,0.22273
2025-09-12T22:00:00,0,89.5,18,0.21654
2025-09-12T22:03:00,0,89.7,18,0.21242
2025-09-12T22:06:00,0,89.8,18,0.21036
2025-09-12T22:09:00,0,89.5,19,0.23054
2025-09-12T22:12:00,0,90,18,0.20623
2025-09-12T22:15:00,0,89.9,18,0.2083
2025-09-12T22:18:00,0,89.8,18,0.21036
2025-09-12T22:21:00,0,89.9,18,0.2083
2025-09-12T22:24:00,0,90.2,18,0.20211
2025-09-12T22:27:00,0,89.6,18,0.21448
2025-09-12T22:30:00,0,88.8,18,0.23098
2025-09-12T22:33:00,0,88.6,18,0.23511
2025-09-12T22:36:00,0,88.2,19,0.25909
2025-09-12T22:39:00,0,87.2,19,0.28104
2025-09-12T22:42:00,0,86,19,0.30739
2025-09-12T22:45:00,0,85.3,19,0.32276
2025-09-12T22:48:00,0,84.8,19,0.33374
2025-09-12T22:51:00,0,84.4,19,0.34252
2025-09-12T22:54:00,0,84.3,19,0.34472
2025-09-12T22:57:00,0,84.2,19,0.34691
2025-09-12T23:00:00,0,83.9,19,0.3535
2025-09-12T23:03:00,0,83.8,19,0.3557
2025-09-12T23:06:00,0,84.1,19,0.34911
2025-09-12T23:09:00,0,86.3,19,0.30081
2025-09-12T23:12:00,0,86,19,0.30739
2025-09-12T23:15:00,0,85.9,19,0.30959
2025-09-12T23:18:00,0,85.7,19,0.31398
2025-09-12T23:21:00,0,85.8,19,0.31178
2025-09-12T23:24:00,0,85.5,19,0.31837
2025-09-12T23:27:00,0,85.5,19,0.31837
2025-09-12T23:30:00,0,85.5,19,0.31837
2025-09-12T23:33:00,0,85,19,0.32935
2025-09-12T23:36:00,0,85,19,0.32935
2025-09-12T23:39:00,0,85.1,19,0.32715
2025-09-12T23:42:00,0,85,19,0.32935
2025-09-12T23:45:00,0,84.8,19,0.33374
2025-09-12T23:48:00,0,84.5,19,0.34033
2025-09-12T23:51:00,0,84.3,19,0.34472
2025-09-12T23:54:00,0,84,19,0.35131
2025-09-12T23:57:00,0,84,19,0.35131
2025-09-13T00:00:00,0,84,19,0.35131
2025-09-13T00:03:00,0,83.8,19,0.3557
2025-09-13T00:06:00,0,83.6,19,0.36009
2025-09-13T00:09:00,0,83.5,19,0.36228
2025-09-13T00:12:00,0,83.3,19,0.36667
2025-09-13T00:15:00,0,83.4,19,0.36448
2025-09-13T00:18:00,0,83.2,19,0.36887
2025-09-13T00:21:00,0,83.1,19,0.37107
2025-09-13T00:24:00,0,83.2,19,0.36887
2025-09-13T00:27:00,0,83.2,19,0.36887
2025-09-13T00:30:00,0,83.2,19,0.36887
2025-09-13T00:33:00,0,83.3,19,0.36667
2025-09-13T00:36:00,0,83.6,19,0.36009
2025-09-13T00:39:00,0,83.9,19,0.3535
2025-09-13T00:42:00,0,84.1,19,0.34911
2025-09-13T00:45:00,0,84.2,19,0.34691
2025-09-13T00:48:00,0,84.1,19,0.34911
2025-09-13T00:51:00,0,84.2,19,0.34691
2025-09-13T00:54:00,0,84.1,19,0.34911
2025-09-13T00:57:00,0,84.1,19,0.34911
2025-09-13T01:00:00,0,84.2,19,0.34691
2025-09-13T01:03:00,0,84.3,19,0.34472
2025-09-13T01:06:00,0,84.2,19,0.34691
2025-09-13T01:09:00,0,84.2,19,0.34691
2025-09-13T01:12:00,0,84,19,0.35131
2025-09-13T01:15:00,0,84,19,0.35131
2025-09-13T01:18:00,0,84.3,19,0.34472
2025-09-13T01:21:00,0,84.9,19,0.33154
2025-09-13T01:24:00,0,85,19,0.32935
2025-09-13T01:27:00,0,85,19,0.32935
2025-09-13T01:30:00,0,86,19,0.30739
2025-09-13T01:33:00,0,86.2,19,0.303
2025-09-13T01:36:00,0,86.4,19,0.29861
2025-09-13T01:39:00,0,86.9,19,0.28763
2025-09-13T01:42:00,0,87.1,19,0.28324
2025-09-13T01:45:00,0,87.3,19,0.27885
2025-09-13T01:48:00,0,87.5,19,0.27446
2025-09-13T01:51:00,0,87.7,19,0.27007
2025-09-13T01:54:00,0,87.8,19,0.26787
2025-09-13T01:57:00,0,87.9,19,0.26567
2025-09-13T02:00:00,0,88,19,0.26348
2025-09-13T02:03:00,0,88,19,0.26348
2025-09-13T02:06:00,0,88.4,19,0.2547
2025-09-13T02:09:00,0,88.5,19,0.2525
2025-09-13T02:12:00,0,88.6,19,0.2503
2025-09-13T02:15:00,0,88.8,19,0.24591
2025-09-13T02:18:00,0,88.9,19,0.24372
2025-09-13T02:21:00,0,88.9,19,0.24372
2025-09-13T02:24:00,0,89,19,0.24152
2025-09-13T02:27:00,0,89.1,19,0.23933
2025-09-13T02:30:00,0,89.1,19,0.23933
2025-09-13T02:33:00,0,89.1,19,0.23933
2025-09-13T02:36:00,0,89.1,19,0.23933
2025-09-13T02:39:00,0,89.1,19,0.23933
2025-09-13T02:42:00,0,89.1,19,0.23933
2025-09-13T02:45:00,0,89.1,19,0.23933
2025-09-13T02:48:00,0,89.1,19,0.23933
2025-09-13T02:51:00,0,89.2,19,0.23713
2025-09-13T02:54:00,0,89.1,19,0.23933
2025-09-13T02:57:00,0,89.1,19,0.23933
2025-09-13T03:00:00,0,89.2,19,0.23713
2025-09-13T03:03:00,0,89.2,19,0.23713
2025-09-13T03:06:00,0,89.2,19,0.23713
2025-09-13T03:09:00,0,89.3,19,0.23494
2025-09-13T03:12:00,0,89.3,19,0.23494
2025-09-13T03:15:00,0,89.3,19,0.23494
2025-09-13T03:18:00,0,89.4,19,0.23274
2025-09-13T03:21:00,0,89.4,19,0.23274
2025-09-13T03:24:00,0,89.4,19,0.23274
2025-09-13T03:27:00,0,89.4,19,0.23274
2025-09-13T03:30:00,0,89.4,19,0.23274
2025-09-13T03:33:00,0,89.3,19,0.23494
2025-09-13T03:36:00,0,89.3,19,0.23494
2025-09-13T03:39:00,0,89.3,19,0.23494
2025-09-13T03:42:00,0,89.2,19,0.23713
2025-09-13T03:45:00,0,89.3,19,0.23494
2025-09-13T03:48:00,0,89.1,19,0.23933
2025-09-13T03:51:00,0,89.1,19,0.23933
2025-09-13T03:54:00,0,89.1,19,0.23933
2025-09-13T03:57:00,0,89.1,19,0.23933
2025-09-13T04:00:00,0,88.9,19,0.24372
2025-09-13T04:03:00,345,88.8,19,0.24591
2025-09-13T04:06:00,343,88.4,19,0.2547
2025-09-13T04:09:00,341,87.7,19,0.27007
2025-09-13T04:12:00,338,87.1,19,0.28324
2025-09-13T04:15:00,336,86.5,19,0.29641
2025-09-13T04:18:00,334,86.1,20,0.32477
2025-09-13T04:21:00,333,85.6,20,0.33645
2025-09-13T04:24:00,332,84,20,0.37384
2025-09-13T04:27:00,331,81.9,20,0.4229
2025-09-13T04:30:00,331,80.7,20,0.45094
2025-09-13T04:33:00,329,79.3,20,0.48365
2025-09-13T04:36:00,328,78.8,20,0.49533
2025-09-13T04:39:00,330,77.9,20,0.51636
2025-09-13T04:42:00,328,77.5,20,0.52571
2025-09-13T04:45:00,326,76.8,20,0.54206
2025-09-13T04:48:00,327,76,20,0.56076
2025-09-13T04:51:00,326,75.8,20,0.56543
2025-09-13T04:54:00,327,74.9,20,0.58646
2025-09-13T04:57:00,328,74.7,20,0.59113
2025-09-13T05:00:00,326,74.2,20,0.60281
2025-09-13T05:03:00,326,73.6,20,0.61683
2025-09-13T05:06:00,326,72.6,20,0.6402
2025-09-13T05:09:00,327,71.6,20,0.66356
2025-09-13T05:12:00,327,72.2,20,0.64954
2025-09-13T05:15:00,326,72.1,20,0.65188
2025-09-13T05:18:00,326,73.9,20,0.60982
2025-09-13T05:21:00,326,73.6,20,0.61683
2025-09-13T05:24:00,326,72.2,20,0.64954
2025-09-13T05:27:00,326,71.4,20,0.66823
2025-09-13T05:30:00,326,71.2,20,0.67291
2025-09-13T05:33:00,328,72.2,20,0.64954
2025-09-13T05:36:00,326,72.3,20,0.6472
2025-09-13T05:39:00,326,72.4,20,0.64487
2025-09-13T05:42:00,327,72.4,19,0.606
2025-09-13T05:45:00,326,72.5,19,0.60381
2025-09-13T05:48:00,325,72.2,19,0.61039
2025-09-13T05:51:00,327,72.3,20,0.6472
2025-09-13T05:54:00,325,72,20,0.65421
2025-09-13T05:57:00,326,71.1,20,0.67524
2025-09-13T06:00:00,327,72.3,19,0.6082
2025-09-13T06:03:00,326,71.5,20,0.6659
2025-09-13T06:06:00,326,72.7,19,0.59941
2025-09-13T06:09:00,326,71.7,20,0.66122
2025-09-13T06:12:00,325,70.9,20,0.67992
2025-09-13T06:15:00,325,70.7,19,0.64333
2025-09-13T06:18:00,326,70,19,0.6587
2025-09-13T06:21:00,326,71.5,19,0.62576
2025-09-13T06:24:00,325,70.8,20,0.68225
2025-09-13T06:27:00,326,70.4,19,0.64991
2025-09-13T06:30:00,326,70,19,0.6587
2025-09-13T06:33:00,327,70.2,19,0.65431
2025-09-13T06:36:00,327,70,19,0.6587
2025-09-13T06:39:00,325,70.2,20,0.69627
2025-09-13T06:42:00,326,70.5,19,0.64772
2025-09-13T06:45:00,328,70.1,20,0.69861
2025-09-13T06:48:00,327,69.9,19,0.66089
2025-09-13T06:51:00,326,70.4,19,0.64991
2025-09-13T06:54:00,328,70,19,0.6587
2025-09-13T06:57:00,328,70.3,19,0.65211
2025-09-13T07:00:00,327,70.2,20,0.69627
2025-09-13T07:03:00,329,69.4,19,0.67187
2025-09-13T07:06:00,330,70,19,0.6587
2025-09-13T07:09:00,329,69.9,19,0.66089
2025-09-13T07:12:00,330,70.5,19,0.64772
2025-09-13T07:15:00,330,70,20,0.70094
2025-09-13T07:18:00,330,70.6,19,0.64552
2025-09-13T07:21:00,331,70.4,20,0.6916
2025-09-13T07:24:00,331,70.5,20,0.68926
2025-09-13T07:27:00,332,70.4,20,0.6916
2025-09-13T07:30:00,334,70.4,20,0.6916
2025-09-13T07:33:00,335,70,20,0.70094
2025-09-13T07:36:00,336,70.2,20,0.69627
2025-09-13T07:39:00,336,70.3,19,0.65211
2025-09-13T07:42:00,337,70.9,20,0.67992
2025-09-13T07:45:00,337,71,19,0.63674
2025-09-13T07:48:00,339,70.6,20,0.68692
2025-09-13T07:51:00,340,71.1,19,0.63455
2025-09-13T07:54:00,341,71,20,0.67758
2025-09-13T07:57:00,342,71,20,0.67758
2025-09-13T08:00:00,342,71,20,0.67758
2025-09-13T08:03:00,342,70.8,20,0.68225
2025-09-13T08:06:00,343,71,20,0.67758
2025-09-13T08:09:00,342,71,20,0.67758
2025-09-13T08:12:00,343,71.5,19,0.62576
2025-09-13T08:15:00,341,72,20,0.65421
2025-09-13T08:18:00,341,71.7,20,0.66122
2025-09-13T08:21:00,341,71.3,20,0.67057
2025-09-13T08:24:00,341,72.3,20,0.6472
2025-09-13T08:27:00,345,71.9,20,0.65655
2025-09-13T08:30:00,347,71.8,20,0.65889
2025-09-13T08:33:00,350,71.2,20,0.67291
2025-09-13T08:36:00,350,71.3,20,0.67057
2025-09-13T08:39:00,350,71.1,20,0.67524
2025-09-13T08:42:00,352,71,20,0.67758
2025-09-13T08:45:00,353,71.7,20,0.66122
2025-09-13T08:48:00,354,71.1,20,0.67524
2025-09-13T08:51:00,353,71.6,20,0.66356
2025-09-13T08:54:00,353,71.7,20,0.66122
2025-09-13T08:57:00,355,71.6,20,0.66356
2025-09-13T09:00:00,356,71.4,20,0.66823
2025-09-13T09:03:00,357,71.8,20,0.65889
2025-09-13T09:06:00,361,72.2,20,0.64954
2025-09-13T09:09:00,361,72.2,20,0.64954
2025-09-13T09:12:00,363,72.5,20,0.64253
2025-09-13T09:15:00,364,72.8,20,0.63552
2025-09-13T09:18:00,365.5,72.7,20,0.63786
2025-09-13T09:21:00,367,72.6,20,0.6402
2025-09-13T09:24:00,371,72.4,20,0.64487
2025-09-13T09:27:00,374,72.9,20,0.63319
2025-09-13T09:30:00,380,72.7,20,0.63786
2025-09-13T09:33:00,403,72.9,20,0.63319
2025-09-13T09:36:00,416,73.1,20,0.62851
2025-09-13T09:39:00,458,72.5,21,0.68342
2025-09-13T09:42:00,407,71.8,21,0.70081
2025-09-13T09:45:00,466,71.2,21,0.71572
2025-09-13T09:48:00,426,72.1,21,0.69336
2025-09-13T09:51:00,468,71.7,21,0.7033
2025-09-13T09:54:00,454,71.6,22,0.75034
2025-09-13T09:57:00,443,77.7,20,0.52103
2025-09-13T10:00:00,372,81.5,19,0.4062
2025-09-13T10:03:00,360,82.2,19,0.39083
2025-09-13T10:06:00,350,79.3,20,0.48365
2025-09-13T10:09:00,350,84.7,18,0.31554
2025-09-13T10:12:00,368,83.9,19,0.3535
2025-09-13T10:15:00,362,81.5,20,0.43225
2025-09-13T10:18:00,358,84.4,19,0.34252
2025-09-13T10:21:00,354,84.9,19,0.33154
2025-09-13T10:24:00,352,82.4,20,0.41122
2025-09-13T10:27:00,350,83.6,19,0.36009
2025-09-13T10:30:00,347,86.4,18,0.28048
2025-09-13T10:33:00,349,83.7,19,0.35789
2025-09-13T10:36:00,350,83,19,0.37326
2025-09-13T10:39:00,352,86.2,18,0.2846
2025-09-13T10:42:00,356,84.3,19,0.34472
2025-09-13T10:45:00,359,82.8,20,0.40187
2025-09-13T10:48:00,358,85.6,19,0.31617
2025-09-13T10:51:00,358,85,19,0.32935
2025-09-13T10:54:00,361,83.3,20,0.39019
2025-09-13T10:57:00,363,84.9,19,0.33154
2025-09-13T11:00:00,364,87,18,0.2681
2025-09-13T11:03:00,366,86.4,19,0.29861
2025-09-13T11:06:00,367,84.2,19,0.34691
2025-09-13T11:09:00,366,86.7,18,0.27429
2025-09-13T11:12:00,367,88,18,0.24748
2025-09-13T11:15:00,365,86.3,19,0.30081
2025-09-13T11:18:00,364,87.1,19,0.28324
2025-09-13T11:21:00,363,87.6,19,0.27226
2025-09-13T11:24:00,363,87.6,19,0.27226
2025-09-13T11:27:00,360,86.8,19,0.28983
2025-09-13T11:30:00,358,87.6,18,0.25573
2025-09-13T11:33:00,353,87.3,19,0.27885
2025-09-13T11:36:00,358,85.5,19,0.31837
2025-09-13T11:39:00,360,87.4,19,0.27665
2025-09-13T11:42:00,359,87.6,19,0.27226
2025-09-13T11:45:00,356,87.7,19,0.27007
2025-09-13T11:48:00,347,87.6,19,0.27226
2025-09-13T11:51:00,348,88.2,19,0.25909
2025-09-13T11:54:00,353,88.1,19,0.26128
2025-09-13T11:57:00,350,86.9,19,0.28763
2025-09-13T12:00:00,348,88.2,18,0.24336
2025-09-13T12:03:00,349,88.2,18,0.24336
2025-09-13T12:06:00,349,86.7,19,0.29202
2025-09-13T12:09:00,347,87.3,19,0.27885
2025-09-13T12:12:00,347,88.2,18,0.24336
2025-09-13T12:15:00,346,87.2,19,0.28104
2025-09-13T12:18:00,345,87.8,18,0.2516
2025-09-13T12:21:00,345,88.2,18,0.24336
2025-09-13T12:24:00,347,88,19,0.26348
2025-09-13T12:27:00,346,87.4,19,0.27665
2025-09-13T12:30:00,342,88.3,18,0.24129
2025-09-13T12:33:00,342,88.5,18,0.23717
2025-09-13T12:36:00,345,86.9,19,0.28763
2025-09-13T12:39:00,345,88,18,0.24748
2025-09-13T12:42:00,342,88.6,18,0.23511
2025-09-13T12:45:00,337,86.9,19,0.28763
2025-09-13T12:48:00,339,87.7,19,0.27007
2025-09-13T12:51:00,339,88.4,18,0.23923
2025-09-13T12:54:00,346,86.9,19,0.28763
2025-09-13T12:57:00,347,86.9,18,0.27017
2025-09-13T13:00:00,340,88,18,0.24748
2025-09-13T13:03:00,343,87.8,19,0.26787
2025-09-13T13:06:00,342,86.1,19,0.3052
2025-09-13T13:09:00,339,87.7,18,0.25367
2025-09-13T13:12:00,344,87.9,18,0.24954
2025-09-13T13:15:00,350,85.3,19,0.32276
2025-09-13T13:18:00,347,86.9,18,0.27017
2025-09-13T13:21:00,348,87.7,18,0.25367
2025-09-13T13:24:00,347,86.2,19,0.303
2025-09-13T13:27:00,346,86.4,19,0.29861
2025-09-13T13:30:00,345,87.4,18,0.25985
2025-09-13T13:33:00,339,86.9,19,0.28763
2025-09-13T13:36:00,339,86.1,19,0.3052
2025-09-13T13:39:00,337,86.85,18.5,0.27984
2025-09-13T13:42:00,335,87.6,18,0.25573
2025-09-13T13:45:00,340,86.4,19,0.29861
2025-09-13T13:48:00,335,86.5,18,0.27841
2025-09-13T13:51:00,333,87.9,18,0.24954
2025-09-13T13:54:00,331,86.1,19,0.3052
2025-09-13T13:57:00,334,85,19,0.32935
2025-09-13T14:00:00,332,87,19,0.28544
2025-09-13T14:03:00,334,86.3,19,0.30081
2025-09-13T14:06:00,336,85,19,0.32935
2025-09-13T14:09:00,337,86.9,18,0.27017
2025-09-13T14:12:00,339,86.8,19,0.28983
2025-09-13T14:15:00,347,85.1,19,0.32715
2025-09-13T14:18:00,346,86.3,19,0.30081
2025-09-13T14:21:00,343,88,19,0.26348
2025-09-13T14:24:00,341,86.3,19,0.30081
2025-09-13T14:27:00,342,85.4,19,0.32057
2025-09-13T14:30:00,342,87.8,19,0.26787
2025-09-13T14:33:00,342,86.4,19,0.29861
2025-09-13T14:36:00,344,85.1,19,0.32715
2025-09-13T14:39:00,339,88,19,0.26348
2025-09-13T14:42:00,347,87.5,19,0.27446
2025-09-13T14:45:00,350,85.8,20,0.33178
2025-09-13T14:48:00,347,87.3,19,0.27885
2025-09-13T14:51:00,340,88.3,19,0.25689
2025-09-13T14:54:00,338,86.6,19,0.29422
2025-09-13T14:57:00,336,86.9,19,0.28763
2025-09-13T15:00:00,336,88.8,19,0.24591
2025-09-13T15:03:00,337,87.6,19,0.27226
2025-09-13T15:06:00,341,86.2,20,0.32243
2025-09-13T15:09:00,339,89.1,19,0.23933
2025-09-13T15:12:00,336,88.1,19,0.26128
2025-09-13T15:15:00,342,86.6,19,0.29422
2025-09-13T15:18:00,343,88.1,19,0.26128
2025-09-13T15:21:00,346,89.4,19,0.23274
2025-09-13T15:24:00,351,88,19,0.26348
2025-09-13T15:27:00,351,87.7,19,0.27007
2025-09-13T15:30:00,348,89.6,19,0.22835
2025-09-13T15:33:00,347,89.4,19,0.23274
2025-09-13T15:36:00,347,87.5,19,0.27446
2025-09-13T15:39:00,345,89.3,19,0.23494
2025-09-13T15:42:00,343,90.2,19,0.21517
2025-09-13T15:45:00,343,88.7,19,0.24811
2025-09-13T15:48:00,344,88.8,19,0.24591
2025-09-13T15:51:00,344,89.8,19,0.22396
2025-09-13T15:54:00,347,89.1,19,0.23933
2025-09-13T15:57:00,347,88,19,0.26348
2025-09-13T16:00:00,347,89.4,19,0.23274
2025-09-13T16:03:00,348,89.6,19,0.22835
2025-09-13T16:06:00,352,87.7,19,0.27007
2025-09-13T16:09:00,356,89.4,19,0.23274
2025-09-13T16:12:00,357,90.4,19,0.21078
2025-09-13T16:15:00,355,88.7,19,0.24811
2025-09-13T16:18:00,353,89.4,19,0.23274
2025-09-13T16:21:00,349,89.5,19,0.23054
2025-09-13T16:24:00,343,89.8,19,0.22396
2025-09-13T16:27:00,338,88.6,19,0.2503
2025-09-13T16:30:00,337,89.8,19,0.22396
2025-09-13T16:33:00,336,90.4,18,0.19798
2025-09-13T16:36:00,333,89,19,0.24152
2025-09-13T16:39:00,331,90.2,19,0.21517
2025-09-13T16:42:00,328,90.7,19,0.2042
2025-09-13T16:45:00,331,90.2,19,0.21517
2025-09-13T16:48:00,330,90,19,0.21957
2025-09-13T16:51:00,327,90.8,19,0.202
2025-09-13T16:54:00,327,90.9,19,0.1998
2025-09-13T16:57:00,330,90,19,0.21957
2025-09-13T17:00:00,328,90.3,18,0.20005
2025-09-13T17:03:00,326,91,18,0.18561
2025-09-13T17:06:00,326,89.2,19,0.23713
2025-09-13T17:09:00,324,90.5,18,0.19592
2025-09-13T17:12:00,326,91.1,18,0.18355
2025-09-13T17:15:00,328,89.6,19,0.22835
2025-09-13T17:18:00,328,89.9,18,0.2083
2025-09-13T17:21:00,328,90.9,18,0.18767
2025-09-13T17:24:00,331,89.7,19,0.22615
2025-09-13T17:27:00,333,89,19,0.24152
2025-09-13T17:30:00,331,90.4,18,0.19798
2025-09-13T17:33:00,331,89.9,19,0.22176
2025-09-13T17:36:00,333,88.4,19,0.2547
2025-09-13T17:39:00,329,90.2,18,0.20211
2025-09-13T17:42:00,333,89.8,19,0.22396
2025-09-13T17:45:00,336,88,19,0.26348
2025-09-13T17:48:00,338,89.4,19,0.23274
2025-09-13T17:51:00,335,90.4,18,0.19798
2025-09-13T17:54:00,337,88.4,19,0.2547
2025-09-13T17:57:00,334,89,19,0.24152
2025-09-13T18:00:00,332,90.3,18,0.20005
2025-09-13T18:03:00,332,89.4,19,0.23274
2025-09-13T18:06:00,331,87.6,19,0.27226
2025-09-13T18:09:00,329,89.9,18,0.2083
2025-09-13T18:12:00,327,89.8,19,0.22396
2025-09-13T18:15:00,326,88,19,0.26348
2025-09-13T18:18:00,323,89.9,18,0.2083
2025-09-13T18:21:00,323,90.2,19,0.21517
2025-09-13T18:24:00,325,88.6,19,0.2503
2025-09-13T18:27:00,323,88.7,19,0.24811
2025-09-13T18:30:00,322,90.2,18,0.20211
2025-09-13T18:33:00,323,89.4,19,0.23274
2025-09-13T18:36:00,324,88.2,19,0.25909
2025-09-13T18:39:00,322,90.2,18,0.20211
2025-09-13T18:42:00,323,89.3,19,0.23494
2025-09-13T18:45:00,323.5,88.95,19,0.24262
2025-09-13T18:48:00,324,88.6,19,0.2503
2025-09-13T18:51:00,322,90.8,18,0.18973
2025-09-13T18:54:00,323,89.2,19,0.23713
2025-09-13T18:57:00,324,87.8,19,0.26787
2025-09-13T19:00:00,323,90.1,18,0.20417
2025-09-13T19:03:00,323,89.6,19,0.22835
2025-09-13T19:06:00,323,88.2,19,0.25909
2025-09-13T19:09:00,321,89.7,19,0.22615
2025-09-13T19:12:00,322,90.1,19,0.21737
2025-09-13T19:15:00,323,88.4,19,0.2547
2025-09-13T19:18:00,322,89.2,19,0.23713
2025-09-13T19:21:00,320,90.5,19,0.20859
2025-09-13T19:24:00,321,88.9,19,0.24372
2025-09-13T19:27:00,323,87.3,19,0.27885
2025-09-13T19:30:00,321,90,19,0.21957
2025-09-13T19:33:00,321,88.7,19,0.24811
2025-09-13T19:36:00,323,87.9,19,0.26567
2025-09-13T19:39:00,320,90,18,0.20623
2025-09-13T19:42:00,322,88.8,19,0.24591
2025-09-13T19:45:00,323,87.8,19,0.26787
2025-09-13T19:48:00,322,88.8,19,0.24591
2025-09-13T19:51:00,321,87.9,19,0.26567
2025-09-13T19:54:00,322,86.9,19,0.28763
2025-09-13T19:57:00,321,87.5,19,0.27446
2025-09-13T20:00:00,321,87.9,19,0.26567
2025-09-13T20:03:00,0,87.1,19,0.28324
2025-09-13T20:06:00,0,86.9,19,0.28763
2025-09-13T20:09:00,0,87.2,19,0.28104
2025-09-13T20:12:00,0,87.3,19,0.27885
2025-09-13T20:15:00,0,87.8,19,0.26787
2025-09-13T20:18:00,0,88.1,18,0.24542
2025-09-13T20:21:00,0,88.2,18,0.24336
2025-09-13T20:24:00,0,88.4,18,0.23923
2025-09-13T20:27:00,0,88.8,18,0.23098
2025-09-13T20:30:00,0,89,18,0.22686
2025-09-13T20:33:00,0,88.7,18,0.23304
2025-09-13T20:36:00,0,88.3,18,0.24129
2025-09-13T20:39:00,0,88.3,18,0.24129
2025-09-13T20:42:00,0,87.9,18,0.24954
2025-09-13T20:45:00,0,87.8,19,0.26787
2025-09-13T20:48:00,0,87.8,19,0.26787
2025-09-13T20:51:00,0,87.3,19,0.27885
2025-09-13T20:54:00,0,86.7,19,0.29202
2025-09-13T20:57:00,0,86.5,19,0.29641
2025-09-13T21:00:00,0,86.2,19,0.303
2025-09-13T21:03:00,0,86.2,19,0.303
2025-09-13T21:06:00,0,86,19,0.30739
2025-09-13T21:09:00,0,85.8,19,0.31178
2025-09-13T21:12:00,0,85.8,19,0.31178
2025-09-13T21:15:00,0,85.7,19,0.31398
2025-09-13T21:18:00,0,85.6,19,0.31617
2025-09-13T21:21:00,0,85.6,19,0.31617
2025-09-13T21:24:00,0,85.8,19,0.31178
2025-09-13T21:27:00,0,85.9,19,0.30959
2025-09-13T21:30:00,0,85.9,19,0.30959
2025-09-13T21:33:00,0,86.1,19,0.3052
2025-09-13T21:36:00,0,86.2,19,0.303
2025-09-13T21:39:00,0,86.2,19,0.303
2025-09-13T21:42:00,0,86.2,19,0.303
2025-09-13T21:45:00,0,86.1,19,0.3052
2025-09-13T21:48:00,0,86.1,19,0.3052
2025-09-13T21:51:00,0,86,19,0.30739
2025-09-13T21:54:00,0,86.1,19,0.3052
2025-09-13T21:57:00,0,85.9,19,0.30959
2025-09-13T22:00:00,0,86,19,0.30739
2025-09-13T22:03:00,0,86,19,0.30739
2025-09-13T22:06:00,0,86.2,19,0.303
2025-09-13T22:09:00,0,86.1,19,0.3052
2025-09-13T22:12:00,0,86.15,19,0.3041
2025-09-13T22:15:00,0,86.2,19,0.303
2025-09-13T22:18:00,0,86.2,19,0.303
2025-09-13T22:21:00,0,86.1,19,0.3052
2025-09-13T22:24:00,0,86.1,19,0.3052
2025-09-13T22:27:00,0,86.2,19,0.303
2025-09-13T22:30:00,0,86.2,19,0.303
2025-09-13T22:33:00,0,86.2,19,0.303
2025-09-13T22:36:00,0,86.1,19,0.3052
2025-09-13T22:39:00,0,86.2,19,0.303
2025-09-13T22:42:00,0,86.2,19,0.303
2025-09-13T22:45:00,0,86.4,19,0.29861
2025-09-13T22:48:00,0,86.4,19,0.29861
2025-09-13T22:51:00,0,86.4,19,0.29861
2025-09-13T22:54:00,0,86.5,19,0.29641
2025-09-13T22:57:00,0,86.8,19,0.28983
2025-09-13T23:00:00,0,86.6,19,0.29422
2025-09-13T23:03:00,0,86.6,19,0.29422
2025-09-13T23:06:00,0,87.3,19,0.27885
2025-09-13T23:09:00,0,88,19,0.26348
2025-09-13T23:12:00,0,88.2,19,0.25909
2025-09-13T23:15:00,0,88.4,19,0.2547
2025-09-13T23:18:00,0,88.8,19,0.24591
2025-09-13T23:21:00,0,89.2,19,0.23713
2025-09-13T23:24:00,0,89.1,19,0.23933
2025-09-13T23:27:00,0,89.1,19,0.23933
2025-09-13T23:30:00,0,89.6,19,0.22835
2025-09-13T23:33:00,0,89.6,19,0.22835
2025-09-13T23:36:00,0,89.6,19,0.22835
2025-09-13T23:39:00,0,89.7,19,0.22615
2025-09-13T23:42:00,0,90,19,0.21957
2025-09-13T23:45:00,0,90,19,0.21957
2025-09-13T23:48:00,0,90.1,19,0.21737
2025-09-13T23:51:00,0,90.2,19,0.21517
2025-09-13T23:54:00,0,90.3,19,0.21298
2025-09-13T23:57:00,0,90.4,19,0.21078
2025-09-14T00:00:00,0,90.5,19,0.20859
2025-09-14T00:03:00,0,90.7,19,0.2042
2025-09-14T00:06:00,0,90.8,19,0.202
2025-09-14T00:09:00,0,90.8,19,0.202
2025-09-14T00:12:00,0,90.9,19,0.1998
2025-09-14T00:15:00,0,90.9,19,0.1998
2025-09-14T00:18:00,0,90.9,19,0.1998
2025-09-14T00:21:00,0,90.9,19,0.1998
2025-09-14T00:24:00,0,90.9,19,0.1998
2025-09-14T00:27:00,0,90.9,19,0.1998
2025-09-14T00:30:00,0,90.8,19,0.202
2025-09-14T00:33:00,0,90.5,19,0.20859
2025-09-14T00:36:00,0,90.1,19,0.21737
2025-09-14T00:39:00,0,89.6,19,0.22835
2025-09-14T00:42:00,0,89.6,19,0.22835
2025-09-14T00:45:00,0,89.8,19,0.22396
2025-09-14T00:48:00,0,90,19,0.21957
2025-09-14T00:51:00,0,90.2,19,0.21517
2025-09-14T00:54:00,0,90.3,19,0.21298
2025-09-14T00:57:00,0,90.5,19,0.20859
2025-09-14T01:00:00,0,90.6,19,0.20639
2025-09-14T01:03:00,0,90.8,19,0.202
2025-09-14T01:06:00,0,90.9,19,0.1998
2025-09-14T01:09:00,0,91,19,0.19761
2025-09-14T01:12:00,0,91,19,0.19761
2025-09-14T01:15:00,0,91.1,19,0.19541
2025-09-14T01:18:00,0,91.2,19,0.19322
2025-09-14T01:21:00,0,91.3,19,0.19102
2025-09-14T01:24:00,0,91.3,19,0.19102
2025-09-14T01:27:00,0,91.4,19,0.18883
2025-09-14T01:30:00,0,91.4,19,0.18883
2025-09-14T01:33:00,0,91.4,19,0.18883
2025-09-14T01:36:00,0,91.5,19,0.18663
2025-09-14T01:39:00,0,91.5,19,0.18663
2025-09-14T01:42:00,0,91.5,19,0.18663
2025-09-14T01:45:00,0,91.5,19,0.18663
2025-09-14T01:48:00,0,91.5,19,0.18663
2025-09-14T01:51:00,0,91.5,19,0.18663
2025-09-14T01:54:00,0,91.6,19,0.18444
2025-09-14T01:57:00,0,91.6,19,0.18444
2025-09-14T02:00:00,0,91.6,19,0.18444
2025-09-14T02:03:00,0,91.6,19,0.18444
2025-09-14T02:06:00,0,91.45,19,0.18773
2025-09-14T02:09:00,0,91.3,19,0.19102
2025-09-14T02:12:00,0,90.6,19,0.20639
2025-09-14T02:15:00,0,90.1,19,0.21737
2025-09-14T02:18:00,0,90.4,19,0.21078
2025-09-14T02:21:00,0,90.7,19,0.2042
2025-09-14T02:24:00,0,90.8,19,0.202
2025-09-14T02:27:00,0,91,19,0.19761
2025-09-14T02:30:00,0,91.1,19,0.19541
2025-09-14T02:33:00,0,91.3,19,0.19102
2025-09-14T02:36:00,0,91.3,19,0.19102
2025-09-14T02:39:00,0,91.4,19,0.18883
2025-09-14T02:42:00,0,91.5,19,0.18663
2025-09-14T02:45:00,0,91.6,19,0.18444
2025-09-14T02:48:00,0,91.6,19,0.18444
2025-09-14T02:51:00,0,91.4,19,0.18883
2025-09-14T02:54:00,0,90.8,19,0.202
2025-09-14T02:57:00,0,90.2,19,0.21517
2025-09-14T03:00:00,0,89.8,19,0.22396
2025-09-14T03:03:00,0,89.9,19,0.22176
2025-09-14T03:06:00,0,90.1,19,0.21737
2025-09-14T03:09:00,0,90.4,19,0.21078
2025-09-14T03:12:00,0,90.5,19,0.20859
2025-09-14T03:15:00,0,90.7,19,0.2042
2025-09-14T03:18:00,0,90.8,19,0.202
2025-09-14T03:21:00,0,90.9,19,0.1998
2025-09-14T03:24:00,0,91.1,19,0.19541
2025-09-14T03:27:00,0,91.2,19,0.19322
2025-09-14T03:30:00,0,91.2,19,0.19322
2025-09-14T03:33:00,0,91.2,19,0.19322
2025-09-14T03:36:00,0,91.3,19,0.19102
2025-09-14T03:39:00,0,91.3,19,0.19102
2025-09-14T03:42:00,0,91.4,19,0.18883
2025-09-14T03:45:00,0,91.4,19,0.18883
2025-09-14T03:48:00,0,91.4,19,0.18883
2025-09-14T03:51:00,0,91.4,19,0.18883
2025-09-14T03:54:00,0,91.5,19,0.18663
2025-09-14T03:57:00,0,91.5,19,0.18663
2025-09-14T04:00:00,0,91.6,19,0.18444
2025-09-14T04:03:00,346,91.4,19,0.18883
2025-09-14T04:06:00,342,90.5,19,0.20859
2025-09-14T04:09:00,339,89.1,20,0.25468
2025-09-14T04:12:00,337,87.6,20,0.28972
2025-09-14T04:15:00,336,86.5,20,0.31542
2025-09-14T04:18:00,335,86,20,0.32711
2025-09-14T04:21:00,333,84.8,20,0.35514
2025-09-14T04:24:00,331,84.4,20,0.36449
2025-09-14T04:27:00,330,83.9,20,0.37617
2025-09-14T04:30:00,329,83.5,20,0.38552
2025-09-14T04:33:00,329,83,20,0.3972
2025-09-14T04:36:00,328,82.7,20,0.40421
2025-09-14T04:39:00,328,81.9,20,0.4229
2025-09-14T04:42:00,328,81.6,20,0.42991
2025-09-14T04:45:00,327,82.1,20,0.41823
2025-09-14T04:48:00,327,81.5,20,0.43225
2025-09-14T04:51:00,327,81.1,20,0.44159
2025-09-14T04:54:00,326,80.8,20,0.4486
2025-09-14T04:57:00,326,81.3,20,0.43692
2025-09-14T05:00:00,326,80.8,20,0.4486
2025-09-14T05:03:00,326,81.1,20,0.44159
2025-09-14T05:06:00,327,80.7,20,0.45094
2025-09-14T05:09:00,326,79.5,20,0.47898
2025-09-14T05:12:00,325,80.1,20,0.46496
2025-09-14T05:15:00,326,80.6,20,0.45328
2025-09-14T05:18:00,325,80.8,20,0.4486
2025-09-14T05:21:00,325,80.2,20,0.46262
2025-09-14T05:24:00,326,80.4,20,0.45795
2025-09-14T05:27:00,325,80.3,19,0.43254
2025-09-14T05:30:00,326,80.5,20,0.45561
2025-09-14T05:33:00,326,79.9,20,0.46963
2025-09-14T05:36:00,326,79.7,20,0.47431
2025-09-14T05:39:00,326,78.9,20,0.493
2025-09-14T05:42:00,326,79.3,20,0.48365
2025-09-14T05:45:00,325,79.9,20,0.46963
2025-09-14T05:48:00,326,79.8,20,0.47197
2025-09-14T05:51:00,325,80.1,19,0.43694
2025-09-14T05:54:00,325,79.9,19,0.44133
2025-09-14T05:57:00,325,79.6,20,0.47664
2025-09-14T06:00:00,324,79.6,20,0.47664
2025-09-14T06:03:00,326,79.1,20,0.48832
2025-09-14T06:06:00,325,79.3,19,0.4545
2025-09-14T06:09:00,324,79.3,20,0.48365
2025-09-14T06:12:00,324,79.8,19,0.44352
2025-09-14T06:15:00,324,79.6,19,0.44791
2025-09-14T06:18:00,324,78.7,20,0.49767
2025-09-14T06:21:00,326,78.4,20,0.50468
2025-09-14T06:24:00,326,78.7,19,0.46768
2025-09-14T06:27:00,324,78.5,20,0.50234
2025-09-14T06:30:00,324,78.2,20,0.50935
2025-09-14T06:33:00,326,77.7,19,0.48963
2025-09-14T06:36:00,325,77.8,20,0.5187
2025-09-14T06:39:00,325,77.6,19,0.49183
2025-09-14T06:42:00,325,77.1,20,0.53505
2025-09-14T06:45:00,326,77.1,20,0.53505
2025-09-14T06:48:00,326,77,19,0.505
2025-09-14T06:51:00,326,77.4,20,0.52804
2025-09-14T06:54:00,326,76.4,20,0.55141
2025-09-14T06:57:00,328,76,20,0.56076
2025-09-14T07:00:00,326,76.1,19,0.52476
2025-09-14T07:03:00,329,76.5,20,0.54907
2025-09-14T07:06:00,329,76.4,20,0.55141
2025-09-14T07:09:00,329,76,19,0.52696
2025-09-14T07:12:00,331,75.9,20,0.56309
2025-09-14T07:15:00,330,76,20,0.56076
2025-09-14T07:18:00,330,75.7,20,0.56776
2025-09-14T07:21:00,332,75.8,19,0.53135
2025-09-14T07:24:00,332,75.5,20,0.57244
2025-09-14T07:27:00,332,75.8,20,0.56543
2025-09-14T07:30:00,333,75.2,20,0.57945
2025-09-14T07:33:00,335,75.7,19,0.53354
2025-09-14T07:36:00,334,75.6,20,0.5701
2025-09-14T07:39:00,334,75,19,0.54891
2025-09-14T07:42:00,336,74.6,20,0.59347
2025-09-14T07:45:00,335,75,19,0.54891
2025-09-14T07:48:00,334,75.3,20,0.57711
2025-09-14T07:51:00,334,75.1,19,0.54672
2025-09-14T07:54:00,336,74.8,20,0.58879
2025-09-14T07:57:00,336.5,75.4,19.5,0.55722
2025-09-14T08:00:00,337,76,19,0.52696
2025-09-14T08:03:00,336,75.5,20,0.57244
2025-09-14T08:06:00,334,75.6,20,0.5701
2025-09-14T08:09:00,337,75.2,20,0.57945
2025-09-14T08:12:00,337,75.8,19,0.53135
2025-09-14T08:15:00,336,76.3,19,0.52037
2025-09-14T08:18:00,336,75.8,19,0.53135
2025-09-14T08:21:00,336,75.6,20,0.5701
2025-09-14T08:24:00,336,76,20,0.56076
2025-09-14T08:27:00,339,75.8,19,0.53135
2025-09-14T08:30:00,341,75.2,19,0.54452
2025-09-14T08:33:00,345,76,20,0.56076
2025-09-14T08:36:00,341,75,20,0.58412
2025-09-14T08:39:00,339,75.1,20,0.58178
2025-09-14T08:42:00,346,75.6,19,0.53574
2025-09-14T08:45:00,346,75.3,20,0.57711
2025-09-14T08:48:00,350,75.5,20,0.57244
2025-09-14T08:51:00,351,74.9,20,0.58646
2025-09-14T08:54:00,350,74.9,20,0.58646
2025-09-14T08:57:00,348,75.7,20,0.56776
2025-09-14T09:00:00,351,74.8,20,0.58879
2025-09-14T09:03:00,349,75.1,20,0.58178
2025-09-14T09:06:00,350,74.6,20,0.59347
2025-09-14T09:09:00,350,74.3,20,0.60048
2025-09-14T09:12:00,352,75,20,0.58412
2025-09-14T09:15:00,353,74.9,20,0.58646
2025-09-14T09:18:00,351,74.5,20,0.5958
2025-09-14T09:21:00,350,74.1,20,0.60515
2025-09-14T09:24:00,350,74.2,20,0.60281
2025-09-14T09:27:00,353,74.4,20,0.59814
2025-09-14T09:30:00,355,74.7,20,0.59113
2025-09-14T09:33:00,356,74.4,20,0.59814
2025-09-14T09:36:00,351,74.7,20,0.59113
2025-09-14T09:39:00,356,74.7,20,0.59113
2025-09-14T09:42:00,358,74.4,20,0.59814
2025-09-14T09:45:00,357,74.4,20,0.59814
2025-09-14T09:48:00,357,74.1,20,0.60515
2025-09-14T09:51:00,358,74.6,20,0.59347
2025-09-14T09:54:00,354,74.4,20,0.59814
2025-09-14T09:57:00,354,73.6,20,0.61683
2025-09-14T10:00:00,354,74.1,20,0.60515
2025-09-14T10:03:00,356,73.8,20,0.61216
2025-09-14T10:06:00,361,73.8,20,0.61216
2025-09-14T10:09:00,360,73.8,20,0.61216
2025-09-14T10:12:00,358,74.4,20,0.59814
2025-09-14T10:15:00,364,75,20,0.58412
2025-09-14T10:18:00,364,74.4,20,0.59814
2025-09-14T10:21:00,369,74,20,0.60748
2025-09-14T10:24:00,368,73.9,20,0.60982
2025-09-14T10:27:00,373,73.6,20,0.61683
2025-09-14T10:30:00,379,73.6,20,0.61683
2025-09-14T10:33:00,378,74.2,20,0.60281
2025-09-14T10:36:00,384,73.8,20,0.61216
2025-09-14T10:39:00,400,73.1,21,0.66851
2025-09-14T10:42:00,403,73.3,20,0.62384
2025-09-14T10:45:00,505,75.6,20,0.5701
2025-09-14T10:48:00,429,75.2,20,0.57945
2025-09-14T10:51:00,499,74.9,20,0.58646
2025-09-14T10:54:00,476,74.5,20,0.5958
2025-09-14T10:57:00,451,76.8,19,0.50939
2025-09-14T11:00:00,440,79.7,19,0.44572
2025-09-14T11:03:00,468,83.6,18,0.33822
2025-09-14T11:06:00,440,84.4,18,0.32172
2025-09-14T11:09:00,455,85.1,18,0.30729
2025-09-14T11:12:00,470,85,18,0.30935
2025-09-14T11:15:00,465,85.5,18,0.29904
2025-09-14T11:18:00,457,85.1,19,0.32715
2025-09-14T11:21:00,454,84.9,19,0.33154
2025-09-14T11:24:00,438,84.5,19,0.34033
2025-09-14T11:27:00,435,84.7,19,0.33594
2025-09-14T11:30:00,443,84.9,19,0.33154
2025-09-14T11:33:00,435,84.9,19,0.33154
2025-09-14T11:36:00,432,84.6,19,0.33813
2025-09-14T11:39:00,427,84.6,19,0.33813
2025-09-14T11:42:00,421,84.5,19,0.34033
2025-09-14T11:45:00,416,83.6,20,0.38318
2025-09-14T11:48:00,416,84,19,0.35131
2025-09-14T11:51:00,416,84,20,0.37384
2025-09-14T11:54:00,415,83.3,20,0.39019
2025-09-14T11:57:00,410,83.3,20,0.39019
2025-09-14T12:00:00,408,82.9,20,0.39954
2025-09-14T12:03:00,407,82.5,20,0.40888
2025-09-14T12:06:00,406,82.2,20,0.41589
2025-09-14T12:09:00,403,82.5,20,0.40888
2025-09-14T12:12:00,402,82.2,20,0.41589
2025-09-14T12:15:00,400,81.8,20,0.42524
2025-09-14T12:18:00,399,81.8,20,0.42524
2025-09-14T12:21:00,398,81.5,20,0.43225
2025-09-14T12:24:00,399,81.3,20,0.43692
2025-09-14T12:27:00,398,81.8,20,0.42524
2025-09-14T12:30:00,396,81.7,20,0.42758
2025-09-14T12:33:00,394,81.3,20,0.43692
2025-09-14T12:36:00,396,80.8,20,0.4486
2025-09-14T12:39:00,394,80.8,20,0.4486
2025-09-14T12:42:00,394,80.6,20,0.45328
2025-09-14T12:45:00,393,81.4,21,0.46224
2025-09-14T12:48:00,394,80.1,20,0.46496
2025-09-14T12:51:00,391,79.8,21,0.502
2025-09-14T12:54:00,392,79.9,20,0.46963
2025-09-14T12:57:00,391,79.8,21,0.502
2025-09-14T13:00:00,393,79.6,21,0.50697
2025-09-14T13:03:00,394,78.4,21,0.53679
2025-09-14T13:06:00,393,78.5,21,0.53431
2025-09-14T13:09:00,392,78.5,21,0.53431
2025-09-14T13:12:00,392,78.6,21,0.53182
2025-09-14T13:15:00,391,77.8,21,0.5517
2025-09-14T13:18:00,391,77.8,21,0.5517
2025-09-14T13:21:00,391,77.3,21,0.56413
2025-09-14T13:24:00,392,77.3,21,0.56413
2025-09-14T13:27:00,392,77.7,21,0.55419
2025-09-14T13:30:00,393,77.3,21,0.56413
2025-09-14T13:33:00,391,78.1,21,0.54425
2025-09-14T13:36:00,391,77.7,21,0.55419
2025-09-14T13:39:00,391,77.5,21,0.55916
2025-09-14T13:42:00,390,76.6,21,0.58153
2025-09-14T13:45:00,391,77.3,21,0.56413
2025-09-14T13:48:00,391,77,21,0.57159
2025-09-14T13:51:00,392,76.7,21,0.57904
2025-09-14T13:54:00,392,76,21,0.59644
2025-09-14T13:57:00,391,76.4,21,0.5865
2025-09-14T14:00:00,391,76.2,21,0.59147
2025-09-14T14:03:00,394,76,21,0.59644
2025-09-14T14:06:00,392,75.4,21,0.61135
2025-09-14T14:09:00,392,75.3,21,0.61383
2025-09-14T14:12:00,394,76,21,0.59644
2025-09-14T14:15:00,391,76.7,21,0.57904
2025-09-14T14:18:00,394,75.8,21,0.60141
2025-09-14T14:21:00,397,74.9,21,0.62377
2025-09-14T14:24:00,397,75.2,21,0.61632
2025-09-14T14:27:00,403,75.9,22,0.63673
2025-09-14T14:30:00,405,76.3,22,0.62617
2025-09-14T14:33:00,412,75.9,22,0.63673
2025-09-14T14:36:00,419,74.6,22,0.67108
2025-09-14T14:39:00,428,74.7,22,0.66844
2025-09-14T14:42:00,335,74.2,22,0.68165
2025-09-14T14:45:00,332,74.1,21,0.64365
2025-09-14T14:48:00,381,76.4,21,0.5865
2025-09-14T14:51:00,389,74.7,22,0.66844
2025-09-14T14:54:00,463,75.9,22,0.63673
2025-09-14T14:57:00,518,75.3,22,0.65259
2025-09-14T15:00:00,489,73.3,22,0.70543
2025-09-14T15:03:00,449,73.9,22,0.68957
2025-09-14T15:06:00,505,73.8,22,0.69222
2025-09-14T15:09:00,363,73.5,22,0.70014
2025-09-14T15:12:00,347,74.6,22,0.67108
2025-09-14T15:15:00,347,75.1,22,0.65787
2025-09-14T15:18:00,345,75.9,22,0.63673
2025-09-14T15:21:00,339,78.4,22,0.57068
2025-09-14T15:24:00,332,78.7,22,0.56276
2025-09-14T15:27:00,331,78.4,22,0.57068
2025-09-14T15:30:00,338,79.4,22,0.54426
2025-09-14T15:33:00,380,79.4,22,0.54426
2025-09-14T15:36:00,353,79.4,22,0.54426
2025-09-14T15:39:00,350,80.1,22,0.52577
2025-09-14T15:42:00,344,80.4,22,0.51784
2025-09-14T15:45:00,340,81.5,22,0.48878
2025-09-14T15:48:00,336,82.6,22,0.45972
2025-09-14T15:51:00,333,83.3,22,0.44122
2025-09-14T15:54:00,334,83.3,22,0.44122
2025-09-14T15:57:00,338,82.7,21,0.42993
2025-09-14T16:00:00,343,83.3,21,0.41502
2025-09-14T16:03:00,349,83.4,21,0.41254
2025-09-14T16:06:00,353,83.5,21,0.41005
2025-09-14T16:09:00,351,83.7,21,0.40508
2025-09-14T16:12:00,348,83.6,21,0.40757
2025-09-14T16:15:00,347,83.5,21,0.41005
2025-09-14T16:18:00,400,83,21,0.42248
2025-09-14T16:21:00,366,82,21,0.44733
2025-09-14T16:24:00,482,81,21,0.47218
2025-09-14T16:27:00,466,79.7,21,0.50449
2025-09-14T16:30:00,504,80.3,21,0.48958
2025-09-14T16:33:00,504,80.1,21,0.49455
2025-09-14T16:36:00,445,80.2,21,0.49206
2025-09-14T16:39:00,417,80.2,22,0.52313
2025-09-14T16:42:00,402,79.9,22,0.53105
2025-09-14T16:45:00,400,80.6,22,0.51256
2025-09-14T16:48:00,398,80.3,22,0.52048
2025-09-14T16:51:00,394,81.3,22,0.49406
2025-09-14T16:54:00,385,81.7,22,0.48349
2025-09-14T16:57:00,386,81.8,22,0.48085
2025-09-14T17:00:00,386,82.1,22,0.47293
2025-09-14T17:03:00,382,81.4,22,0.49142
2025-09-14T17:06:00,378,80.9,22,0.50463
2025-09-14T17:09:00,356,80.9,22,0.50463
2025-09-14T17:12:00,358,81.1,22,0.49935
2025-09-14T17:15:00,353,81.6,22,0.48614
2025-09-14T17:18:00,352,81.7,22,0.48349
2025-09-14T17:21:00,349,81.9,22,0.47821
2025-09-14T17:24:00,347,81.6,22,0.48614
2025-09-14T17:27:00,345,82.2,21,0.44236
2025-09-14T17:30:00,353,82.1,21,0.44484
2025-09-14T17:33:00,396,82.4,21,0.43739
2025-09-14T17:36:00,370,82.3,21,0.43987
2025-09-14T17:39:00,347,82.4,21,0.43739
2025-09-14T17:42:00,391,82.9,21,0.42496
2025-09-14T17:45:00,370,82.6,21,0.43242
2025-09-14T17:48:00,342,83,21,0.42248
2025-09-14T17:51:00,336,83.2,21,0.41751
2025-09-14T17:54:00,328,82.8,21,0.42745
2025-09-14T17:57:00,328,83.6,21,0.40757
2025-09-14T18:00:00,328,84,21,0.39762
2025-09-14T18:03:00,327,83.1,21,0.41999
2025-09-14T18:06:00,330,83,20,0.3972
2025-09-14T18:09:00,334,82.8,20,0.40187
2025-09-14T18:12:00,335,82.4,20,0.41122
2025-09-14T18:15:00,334,81.8,20,0.42524
2025-09-14T18:18:00,332,82.3,20,0.41356
2025-09-14T18:21:00,331,81.8,20,0.42524
2025-09-14T18:24:00,327,81.5,20,0.43225
2025-09-14T18:27:00,326,81,19,0.41717
2025-09-14T18:30:00,325,81.3,19,0.41059
2025-09-14T18:33:00,322,81.2,19,0.41278
2025-09-14T18:36:00,322,81.3,19,0.41059
2025-09-14T18:39:00,321,81.5,19,0.4062
2025-09-14T18:42:00,320,81.7,19,0.40181
2025-09-14T18:45:00,319.5,81.75,19,0.40071
2025-09-14T18:48:00,319,81.8,19,0.39961
2025-09-14T18:51:00,320,82.2,19,0.39083
2025-09-14T18:54:00,319,82.7,19,0.37985
2025-09-14T18:57:00,318,83,19,0.37326
2025-09-14T19:00:00,317,83.4,19,0.36448
2025-09-14T19:03:00,319,83.2,19,0.36887
2025-09-14T19:06:00,317,83.9,19,0.3535
2025-09-14T19:09:00,317,84.1,19,0.34911
2025-09-14T19:12:00,317,84.9,19,0.33154
2025-09-14T19:15:00,316,85.2,19,0.32496
2025-09-14T19:18:00,317,85.2,19,0.32496
2025-09-14T19:21:00,317,85.4,19,0.32057
2025-09-14T19:24:00,316,85.5,19,0.31837
2025-09-14T19:27:00,317,85.6,19,0.31617
2025-09-14T19:30:00,315,85.8,19,0.31178
2025-09-14T19:33:00,316,86.2,19,0.303
2025-09-14T19:36:00,316,86.2,19,0.303
2025-09-14T19:39:00,317,86.2,19,0.303
2025-09-14T19:42:00,317,85.5,19,0.31837
2025-09-14T19:45:00,317,85.3,19,0.32276
2025-09-14T19:48:00,315,84.8,19,0.33374
2025-09-14T19:51:00,315,84.5,19,0.34033
2025-09-14T19:54:00,317,84.8,19,0.33374
2025-09-14T19:57:00,317,84.7,19,0.33594
2025-09-14T20:00:00,315,84.3,18,0.32379
2025-09-14T20:03:00,0,84.5,18,0.31966
2025-09-14T20:06:00,0,84.8,18,0.31347
2025-09-14T20:09:00,0,85,18,0.30935
2025-09-14T20:12:00,0,85.1,18,0.30729
2025-09-14T20:15:00,0,85.7,18,0.29491
2025-09-14T20:18:00,0,85.6,18,0.29698
2025-09-14T20:21:00,0,85.1,17,0.28849
2025-09-14T20:24:00,0,85.5,17,0.28074
2025-09-14T20:27:00,0,85.1,17,0.28849
2025-09-14T20:30:00,0,84.9,17,0.29236
2025-09-14T20:33:00,0,84.8,17,0.2943
2025-09-14T20:36:00,0,84.9,17,0.29236
2025-09-14T20:39:00,0,83.9,17,0.31172
2025-09-14T20:42:00,0,84.9,17,0.29236
2025-09-14T20:45:00,0,84.6,17,0.29817
2025-09-14T20:48:00,0,83.9,17,0.31172
2025-09-14T20:51:00,0,83.1,17,0.32721
2025-09-14T20:54:00,0,82.4,18,0.36297
2025-09-14T20:57:00,0,81.4,18,0.38359
2025-09-14T21:00:00,0,81,18,0.39184
2025-09-14T21:03:00,0,80.2,18,0.40834
2025-09-14T21:06:00,0,80.2,18,0.40834
2025-09-14T21:09:00,0,80.5,18,0.40215
2025-09-14T21:12:00,0,80.5,18,0.40215
2025-09-14T21:15:00,0,82.3,17,0.3427
2025-09-14T21:18:00,0,80.6,18,0.40009
2025-09-14T21:21:00,0,80.2,18,0.40834
2025-09-14T21:24:00,0,80.7,18,0.39803
2025-09-14T21:27:00,0,82,18,0.37122
2025-09-14T21:30:00,0,80.3,18,0.40628
2025-09-14T21:33:00,0,79.5,18,0.42278
2025-09-14T21:36:00,0,80,18,0.41247
2025-09-14T21:39:00,0,76.8,18,0.47846
2025-09-14T21:42:00,0,78.3,18,0.44753
2025-09-14T21:45:00,0,76.5,19,0.51598
2025-09-14T21:48:00,0,75.9,19,0.52915
2025-09-14T21:51:00,0,75.7,19,0.53354
2025-09-14T21:54:00,0,76.5,19,0.51598
2025-09-14T21:57:00,0,75.3,19,0.54233
2025-09-14T22:00:00,0,74.4,19,0.56209
2025-09-14T22:03:00,0,73.9,19,0.57307
2025-09-14T22:06:00,0,73.4,19,0.58404
2025-09-14T22:09:00,0,72.9,19,0.59502
2025-09-14T22:12:00,0,72.6,19,0.60161
2025-09-14T22:15:00,0,72.3,19,0.6082
2025-09-14T22:18:00,0,72.1,19,0.61259
2025-09-14T22:21:00,0,71.8,19,0.61918
2025-09-14T22:24:00,0,71.7,19,0.62137
2025-09-14T22:27:00,0,71.6,19,0.62357
2025-09-14T22:30:00,0,71.4,19,0.62796
2025-09-14T22:33:00,0,71.3,19,0.63015
2025-09-14T22:36:00,0,71.1,19,0.63455
2025-09-14T22:39:00,0,71,19,0.63674
2025-09-14T22:42:00,0,70.9,19,0.63894
2025-09-14T22:45:00,0,70.8,19,0.64113
2025-09-14T22:48:00,0,70.7,19,0.64333
2025-09-14T22:51:00,0,70.9,19,0.63894
2025-09-14T22:54:00,0,70.8,19,0.64113
2025-09-14T22:57:00,0,70.7,19,0.64333
2025-09-14T23:00:00,0,70.7,19,0.64333
2025-09-14T23:03:00,0,70.8,19,0.64113
2025-09-14T23:06:00,0,72.4,19,0.606
2025-09-14T23:09:00,0,74.2,19,0.56648
2025-09-14T23:12:00,0,75.3,19,0.54233
2025-09-14T23:15:00,0,75.8,19,0.53135
2025-09-14T23:18:00,0,77,19,0.505
2025-09-14T23:21:00,0,78.9,19,0.46328
2025-09-14T23:24:00,0,79.3,19,0.4545
2025-09-14T23:27:00,0,79.9,19,0.44133
2025-09-14T23:30:00,0,80.7,19,0.42376
2025-09-14T23:33:00,0,82,19,0.39522
2025-09-14T23:36:00,0,82.6,19,0.38204
2025-09-14T23:39:00,0,83.4,19,0.36448
2025-09-14T23:42:00,0,84,19,0.35131
2025-09-14T23:45:00,0,84.4,19,0.34252
2025-09-14T23:48:00,0,84.8,19,0.33374
2025-09-14T23:51:00,0,85.1,19,0.32715
2025-09-14T23:54:00,0,85.3,19,0.32276
2025-09-14T23:57:00,0,85.5,19,0.31837
2025-09-15T00:00:00,0,85.6,19,0.31617
2025-09-15T00:03:00,0,85.8,19,0.31178
2025-09-15T00:06:00,0,86,19,0.30739
2025-09-15T00:09:00,0,86,19,0.30739
2025-09-15T00:12:00,0,86.1,19,0.3052
2025-09-15T00:15:00,0,86.2,19,0.303
2025-09-15T00:18:00,0,86.2,19,0.303
2025-09-15T00:21:00,0,86.3,19,0.30081
2025-09-15T00:24:00,0,86.3,19,0.30081
2025-09-15T00:27:00,0,86.3,19,0.30081
2025-09-15T00:30:00,0,86.3,19,0.30081
2025-09-15T00:33:00,0,86.5,19,0.29641
2025-09-15T00:36:00,0,86.8,19,0.28983
2025-09-15T00:39:00,0,87.1,19,0.28324
2025-09-15T00:42:00,0,87.3,19,0.27885
2025-09-15T00:45:00,0,87.4,19,0.27665
2025-09-15T00:48:00,0,87.6,19,0.27226
2025-09-15T00:51:00,0,87.7,19,0.27007
2025-09-15T00:54:00,0,87.8,19,0.26787
2025-09-15T00:57:00,0,87.8,19,0.26787
2025-09-15T01:00:00,0,87.8,19,0.26787
2025-09-15T01:03:00,0,88,19,0.26348
2025-09-15T01:06:00,0,87.9,19,0.26567
2025-09-15T01:09:00,0,88,19,0.26348
2025-09-15T01:12:00,0,88,19,0.26348
2025-09-15T01:15:00,0,88,19,0.26348
2025-09-15T01:18:00,0,88.1,19,0.26128
2025-09-15T01:21:00,0,88.1,19,0.26128
2025-09-15T01:24:00,0,88.1,19,0.26128
2025-09-15T01:27:00,0,88.1,19,0.26128
2025-09-15T01:30:00,0,88.1,19,0.26128
2025-09-15T01:33:00,0,88.1,19,0.26128
2025-09-15T01:36:00,0,88.1,19,0.26128
2025-09-15T01:39:00,0,88,19,0.26348
2025-09-15T01:42:00,0,88,19,0.26348
2025-09-15T01:45:00,0,88,19,0.26348
2025-09-15T01:48:00,0,88,19,0.26348
2025-09-15T01:51:00,0,87.9,19,0.26567
2025-09-15T01:54:00,0,88,19,0.26348
2025-09-15T01:57:00,0,88,19,0.26348
2025-09-15T02:00:00,0,87.9,19,0.26567
2025-09-15T02:03:00,0,87.9,19,0.26567
2025-09-15T02:06:00,0,88,19,0.26348
2025-09-15T02:09:00,0,88.1,19,0.26128
2025-09-15T02:12:00,0,88.2,19,0.25909
2025-09-15T02:15:00,0,88.3,19,0.25689
2025-09-15T02:18:00,0,88.4,19,0.2547
2025-09-15T02:21:00,0,88.4,19,0.2547
2025-09-15T02:24:00,0,88.4,19,0.2547
2025-09-15T02:27:00,0,88.4,19,0.2547
2025-09-15T02:30:00,0,88.4,19,0.2547
2025-09-15T02:33:00,0,88.4,19,0.2547
2025-09-15T02:36:00,0,88.4,19,0.2547
2025-09-15T02:39:00,0,88.4,19,0.2547
2025-09-15T02:42:00,0,88.5,19,0.2525
2025-09-15T02:45:00,0,88.6,19,0.2503
2025-09-15T02:48:00,0,88.5,19,0.2525
2025-09-15T02:51:00,0,88.4,19,0.2547
2025-09-15T02:54:00,0,88.5,19,0.2525
2025-09-15T02:57:00,0,88.4,19,0.2547
2025-09-15T03:00:00,0,88.4,19,0.2547
2025-09-15T03:03:00,0,88.4,19,0.2547
2025-09-15T03:06:00,0,88.4,19,0.2547
2025-09-15T03:09:00,0,88.4,19,0.2547
2025-09-15T03:12:00,0,88.4,19,0.2547
2025-09-15T03:15:00,0,88.4,19,0.2547
2025-09-15T03:18:00,0,88.3,19,0.25689
2025-09-15T03:21:00,0,88.4,19,0.2547
2025-09-15T03:24:00,0,88.4,19,0.2547
2025-09-15T03:27:00,0,88.2,19,0.25909
2025-09-15T03:30:00,0,88.3,19,0.25689
2025-09-15T03:33:00,0,88.3,19,0.25689
2025-09-15T03:36:00,0,88.3,19,0.25689
2025-09-15T03:39:00,0,88.2,19,0.25909
2025-09-15T03:42:00,0,88.2,19,0.25909
2025-09-15T03:45:00,0,88.2,19,0.25909
2025-09-15T03:48:00,0,88.2,18,0.24336
2025-09-15T03:51:00,0,88.2,18,0.24336
2025-09-15T03:54:00,0,88.1,18,0.24542
2025-09-15T03:57:00,0,88.1,18,0.24542
2025-09-15T04:00:00,0,88.1,18,0.24542
2025-09-15T04:03:00,344,87.9,19,0.26567
2025-09-15T04:06:00,342,87.3,19,0.27885
2025-09-15T04:09:00,340,86.8,19,0.28983
2025-09-15T04:12:00,338,86.2,19,0.303
2025-09-15T04:15:00,336,85.7,19,0.31398
2025-09-15T04:18:00,335,85.3,19,0.32276
2025-09-15T04:21:00,334,84.9,20,0.35281
2025-09-15T04:24:00,332,84.3,20,0.36683
2025-09-15T04:27:00,331,83.4,20,0.38786
2025-09-15T04:30:00,331,82.9,20,0.39954
2025-09-15T04:33:00,329,81,20,0.44393
2025-09-15T04:36:00,328,79.3,20,0.48365
2025-09-15T04:39:00,327,79.1,20,0.48832
2025-09-15T04:42:00,327,77.8,20,0.5187
2025-09-15T04:45:00,326,77.1,20,0.53505
2025-09-15T04:48:00,327,76.4,20,0.55141
2025-09-15T04:51:00,326,75.8,20,0.56543
2025-09-15T04:54:00,326,75.3,20,0.57711
2025-09-15T04:57:00,324,75,20,0.58412
2025-09-15T05:00:00,326,74.6,20,0.59347
2025-09-15T05:03:00,326,74.6,20,0.59347
2025-09-15T05:06:00,326,74.4,20,0.59814
2025-09-15T05:09:00,326,74.3,20,0.60048
2025-09-15T05:12:00,326,75,20,0.58412
2025-09-15T05:15:00,325,75.6,20,0.5701
2025-09-15T05:18:00,326,73.6,20,0.61683
2025-09-15T05:21:00,328,72.4,20,0.64487
2025-09-15T05:24:00,326,73,20,0.63085
2025-09-15T05:27:00,325,73.7,20,0.61449
2025-09-15T05:30:00,326,73.5,20,0.61917
2025-09-15T05:33:00,326,74.7,20,0.59113
2025-09-15T05:36:00,324,75.3,20,0.57711
2025-09-15T05:39:00,326,75.9,20,0.56309
2025-09-15T05:42:00,324,74.7,20,0.59113
2025-09-15T05:45:00,326,73.7,20,0.61449
2025-09-15T05:48:00,325,73.9,19,0.57307
2025-09-15T05:51:00,326,73.1,20,0.62851
2025-09-15T05:54:00,325,74.2,20,0.60281
2025-09-15T05:57:00,324,74.6,20,0.59347
2025-09-15T06:00:00,325,73.9,20,0.60982
2025-09-15T06:03:00,326,73.1,20,0.62851
2025-09-15T06:06:00,325,73.3,20,0.62384
2025-09-15T06:09:00,324,72.8,20,0.63552
2025-09-15T06:12:00,325,72.1,20,0.65188
2025-09-15T06:15:00,326,71.9,20,0.65655
2025-09-15T06:18:00,325,72.2,20,0.64954
2025-09-15T06:21:00,325,72.3,19,0.6082
2025-09-15T06:24:00,326,72.3,19,0.6082
2025-09-15T06:27:00,325,71.5,20,0.6659
2025-09-15T06:30:00,326,71.4,19,0.62796
2025-09-15T06:33:00,326,71.4,19,0.62796
2025-09-15T06:36:00,325,71.1,20,0.67524
2025-09-15T06:39:00,327,72.1,19,0.61259
2025-09-15T06:42:00,325,71.7,20,0.66122
2025-09-15T06:45:00,327,72.4,19,0.606
2025-09-15T06:48:00,326,71.5,20,0.6659
2025-09-15T06:51:00,326,72,20,0.65421
2025-09-15T06:54:00,327,72.3,20,0.6472
2025-09-15T06:57:00,327,71.6,20,0.66356
2025-09-15T07:00:00,328,71.8,19,0.61918
2025-09-15T07:03:00,328,71.5,20,0.6659
2025-09-15T07:06:00,329,71.6,20,0.66356
2025-09-15T07:09:00,329,71.4,20,0.66823
2025-09-15T07:12:00,329,71.5,19,0.62576
2025-09-15T07:15:00,331,71.7,20,0.66122
2025-09-15T07:18:00,329,71.2,20,0.67291
2025-09-15T07:21:00,331,70.9,20,0.67992
2025-09-15T07:24:00,332,71.2,20,0.67291
2025-09-15T07:27:00,332,71.3,19,0.63015
2025-09-15T07:30:00,334,71.5,19,0.62576
2025-09-15T07:33:00,334,71.1,20,0.67524
2025-09-15T07:36:00,335,71,20,0.67758
2025-09-15T07:39:00,336,71.5,19,0.62576
2025-09-15T07:42:00,337,71.2,20,0.67291
2025-09-15T07:45:00,336,71.3,19,0.63015
2025-09-15T07:48:00,337,71.6,20,0.66356
2025-09-15T07:51:00,338,71.6,20,0.66356
2025-09-15T07:54:00,339,71.7,20,0.66122
2025-09-15T07:57:00,340,70.6,20,0.68692
2025-09-15T08:00:00,341,70.6,20,0.68692
2025-09-15T08:03:00,340,72,19,0.61478
2025-09-15T08:06:00,340,72.1,19,0.61259
2025-09-15T08:09:00,341,71.2,19,0.63235
2025-09-15T08:12:00,342,71.3,20,0.67057
2025-09-15T08:15:00,343,70.8,20,0.68225
2025-09-15T08:18:00,342,70.2,20,0.69627
2025-09-15T08:21:00,343,71.4,19,0.62796
2025-09-15T08:24:00,343,71,19,0.63674
2025-09-15T08:27:00,345,70.9,20,0.67992
2025-09-15T08:30:00,345,71.2,19,0.63235
2025-09-15T08:33:00,345,71.5,20,0.6659
2025-09-15T08:36:00,345,71.4,20,0.66823
2025-09-15T08:39:00,345,70.6,20,0.68692
2025-09-15T08:42:00,347,71.1,20,0.67524
2025-09-15T08:45:00,349,71.2,20,0.67291
2025-09-15T08:48:00,348,70.9,20,0.67992
2025-09-15T08:51:00,349,72.2,20,0.64954
2025-09-15T08:54:00,350,71.6,20,0.66356
2025-09-15T08:57:00,350,71,20,0.67758
2025-09-15T09:00:00,351,71.6,20,0.66356
2025-09-15T09:03:00,353,70.6,20,0.68692
2025-09-15T09:06:00,351,71.1,20,0.67524
2025-09-15T09:09:00,353,71.2,20,0.67291
2025-09-15T09:12:00,354,71.3,20,0.67057
2025-09-15T09:15:00,354,71.9,20,0.65655
2025-09-15T09:18:00,356,71.9,20,0.65655
2025-09-15T09:21:00,359,72.7,20,0.63786
2025-09-15T09:24:00,366,72,20,0.65421
2025-09-15T09:27:00,375,72.1,20,0.65188
2025-09-15T09:30:00,383,72,20,0.65421
2025-09-15T09:33:00,451,71.7,20,0.66122
2025-09-15T09:36:00,484,71.2,20,0.67291
2025-09-15T09:39:00,493,70.5,21,0.73312
2025-09-15T09:42:00,506,70,21,0.74555
2025-09-15T09:45:00,515,68.5,21,0.78282
2025-09-15T09:48:00,523,67.4,22,0.86131
2025-09-15T09:51:00,515,67.7,22,0.85338
2025-09-15T09:54:00,517,66.4,22,0.88773
2025-09-15T09:57:00,514,67.4,23,0.91526
2025-09-15T10:00:00,502,78.2,19,0.47865
2025-09-15T10:03:00,472,82.3,18,0.36503
2025-09-15T10:06:00,479,83.3,18,0.34441
2025-09-15T10:09:00,475,82.9,18,0.35266
2025-09-15T10:12:00,455,83.7,18,0.33616
2025-09-15T10:15:00,429,84.4,18,0.32172
2025-09-15T10:18:00,408,84.9,18,0.31141
2025-09-15T10:21:00,405,84.5,18,0.31966
2025-09-15T10:24:00,390,84.2,18,0.32585
2025-09-15T10:27:00,393,84.8,18,0.31347
2025-09-15T10:30:00,389,85,18,0.30935
2025-09-15T10:33:00,377,84.5,18,0.31966
2025-09-15T10:36:00,364,84.7,18,0.31554
2025-09-15T10:39:00,395,85.6,18,0.29698
2025-09-15T10:42:00,416,84.9,18,0.31141
2025-09-15T10:45:00,418,84.2,18,0.32585
2025-09-15T10:48:00,408,84.2,18,0.32585
2025-09-15T10:51:00,403,84.5,18,0.31966
2025-09-15T10:54:00,397,85,18,0.30935
2025-09-15T10:57:00,393,85.1,18,0.30729
2025-09-15T11:00:00,382,84.6,19,0.33813
2025-09-15T11:03:00,370,84.4,19,0.34252
2025-09-15T11:06:00,372,84.8,18,0.31347
2025-09-15T11:09:00,371,85.1,19,0.32715
2025-09-15T11:12:00,386,85.1,19,0.32715
2025-09-15T11:15:00,402,84.7,19,0.33594
2025-09-15T11:18:00,409,84.9,19,0.33154
2025-09-15T11:21:00,411,84.7,19,0.33594
2025-09-15T11:24:00,412,84.3,19,0.34472
2025-09-15T11:27:00,424,84.1,19,0.34911
2025-09-15T11:30:00,407,83.7,19,0.35789
2025-09-15T11:33:00,415,84,19,0.35131
2025-09-15T11:36:00,421,83.9,19,0.3535
2025-09-15T11:39:00,423,84.4,19,0.34252
2025-09-15T11:42:00,423,83.6,20,0.38318
2025-09-15T11:45:00,422,84,19,0.35131
2025-09-15T11:48:00,421,83.3,20,0.39019
2025-09-15T11:51:00,421,83.9,20,0.37617
2025-09-15T11:54:00,416,82.4,20,0.41122
2025-09-15T11:57:00,393,82.9,20,0.39954
2025-09-15T12:00:00,391,82.4,20,0.41122
2025-09-15T12:03:00,394,83.4,20,0.38786
2025-09-15T12:06:00,381,82.6,20,0.40655
2025-09-15T12:09:00,382,83.1,20,0.39487
2025-09-15T12:12:00,391,83.6,20,0.38318
2025-09-15T12:15:00,407,83.1,20,0.39487
2025-09-15T12:18:00,402,82.7,20,0.40421
2025-09-15T12:21:00,402,83.3,20,0.39019
2025-09-15T12:24:00,390,83,20,0.3972
2025-09-15T12:27:00,405,82.4,20,0.41122
2025-09-15T12:30:00,407,82.7,20,0.40421
2025-09-15T12:33:00,403,82.2,20,0.41589
2025-09-15T12:36:00,406,82.8,20,0.40187
2025-09-15T12:39:00,403,82.6,20,0.40655
2025-09-15T12:42:00,389,82.2,20,0.41589
2025-09-15T12:45:00,403,82.2,21,0.44236
2025-09-15T12:48:00,402,82.3,21,0.43987
2025-09-15T12:51:00,401,80.6,21,0.48212
2025-09-15T12:54:00,402.5,81.35,21,0.46348
2025-09-15T12:57:00,404,82.1,21,0.44484
2025-09-15T13:00:00,405,82.4,21,0.43739
2025-09-15T13:03:00,402,82.7,21,0.42993
2025-09-15T13:06:00,402,82.8,21,0.42745
2025-09-15T13:09:00,408,81.5,21,0.45975
2025-09-15T13:12:00,409,82.5,21,0.4349
2025-09-15T13:15:00,408,81.3,21,0.46472
2025-09-15T13:18:00,406,81.1,21,0.46969
2025-09-15T13:21:00,405,79.8,21,0.502
2025-09-15T13:24:00,407,80.1,21,0.49455
2025-09-15T13:27:00,406,80.3,21,0.48958
2025-09-15T13:30:00,407,80.9,21,0.47466
2025-09-15T13:33:00,407,79.5,21,0.50946
2025-09-15T13:36:00,408,79.9,21,0.49952
2025-09-15T13:39:00,405,80.4,21,0.48709
2025-09-15T13:42:00,407,78.5,21,0.53431
2025-09-15T13:45:00,407,79.5,21,0.50946
2025-09-15T13:48:00,408,78.8,22,0.56011
2025-09-15T13:51:00,405,78.6,22,0.5654
2025-09-15T13:54:00,406,79.1,22,0.55219
2025-09-15T13:57:00,402,78.2,22,0.57597
2025-09-15T14:00:00,397,79.3,22,0.5469
2025-09-15T14:03:00,393,78,22,0.58125
2025-09-15T14:06:00,391,78.2,22,0.57597
2025-09-15T14:09:00,390,77.1,22,0.60503
2025-09-15T14:12:00,397,78.4,22,0.57068
2025-09-15T14:15:00,394,78.8,22,0.56011
2025-09-15T14:18:00,395,79.7,22,0.53634
2025-09-15T14:21:00,395,79.4,22,0.54426
2025-09-15T14:24:00,403,78.2,22,0.57597
2025-09-15T14:27:00,408,77.1,22,0.60503
2025-09-15T14:30:00,409,77.8,22,0.58653
2025-09-15T14:33:00,416,77,22,0.60767
2025-09-15T14:36:00,419,77.9,22,0.58389
2025-09-15T14:39:00,409,77.6,22,0.59182
2025-09-15T14:42:00,413,76.8,22,0.61296
2025-09-15T14:45:00,417,76.6,22,0.61824
2025-09-15T14:48:00,418,77.1,22,0.60503
2025-09-15T14:51:00,421,77.1,22,0.60503
2025-09-15T14:54:00,419,76.3,22,0.62617
2025-09-15T14:57:00,419,76.6,22,0.61824
2025-09-15T15:00:00,417,76.7,22,0.6156
2025-09-15T15:03:00,418,75.7,23,0.68223
2025-09-15T15:06:00,413,75.3,22,0.65259
2025-09-15T15:09:00,423,76.1,22,0.63145
2025-09-15T15:12:00,424,75.6,22,0.64466
2025-09-15T15:15:00,407,75.3,22,0.65259
2025-09-15T15:18:00,365,76.4,22,0.62352
2025-09-15T15:21:00,361,75.9,22,0.63673
2025-09-15T15:24:00,402,77.1,22,0.60503
2025-09-15T15:27:00,368,76.6,22,0.61824
2025-09-15T15:30:00,373,76.6,22,0.61824
2025-09-15T15:33:00,355,78.2,22,0.57597
2025-09-15T15:36:00,389,78.5,22,0.56804
2025-09-15T15:39:00,389,78.3,22,0.57332
2025-09-15T15:42:00,383,78.1,22,0.57861
2025-09-15T15:45:00,384,78.2,22,0.57597
2025-09-15T15:48:00,385,78.2,22,0.57597
2025-09-15T15:51:00,381,78.5,22,0.56804
2025-09-15T15:54:00,380,79.6,22,0.53898
2025-09-15T15:57:00,378,79.1,22,0.55219
2025-09-15T16:00:00,383,78.9,22,0.55747
2025-09-15T16:03:00,381,78.5,22,0.56804
2025-09-15T16:06:00,386,79.1,22,0.55219
2025-09-15T16:09:00,388,78.8,22,0.56011
2025-09-15T16:12:00,386,79.2,22,0.54955
2025-09-15T16:15:00,389,78.2,22,0.57597
2025-09-15T16:18:00,389,78.5,22,0.56804
2025-09-15T16:21:00,402,77.9,22,0.58389
2025-09-15T16:24:00,428,78.8,22,0.56011
2025-09-15T16:27:00,408,79,22,0.55483
2025-09-15T16:30:00,424,79,22,0.55483
2025-09-15T16:33:00,421,79.3,22,0.5469
2025-09-15T16:36:00,383,78.8,22,0.56011
2025-09-15T16:39:00,375,78.9,22,0.55747
2025-09-15T16:42:00,367,80.5,22,0.5152
2025-09-15T16:45:00,367,80.2,22,0.52313
2025-09-15T16:48:00,367,80,22,0.52841
2025-09-15T16:51:00,364,80.6,21,0.48212
2025-09-15T16:54:00,359,79.5,21,0.50946
2025-09-15T16:57:00,357,80.5,21,0.4846
2025-09-15T17:00:00,351,80.4,21,0.48709
2025-09-15T17:03:00,344,80.2,21,0.49206
2025-09-15T17:06:00,343,79.8,21,0.502
2025-09-15T17:09:00,340,80.9,21,0.47466
2025-09-15T17:12:00,338,80.9,21,0.47466
2025-09-15T17:15:00,337,80.9,21,0.47466
2025-09-15T17:18:00,336,81,21,0.47218
2025-09-15T17:21:00,336,81.3,20,0.43692
2025-09-15T17:24:00,344,81.2,20,0.43926
2025-09-15T17:27:00,355,81.4,20,0.43459
2025-09-15T17:30:00,348,81,20,0.44393
2025-09-15T17:33:00,341,81.1,20,0.44159
2025-09-15T17:36:00,341,81,20,0.44393
2025-09-15T17:39:00,338,80.7,20,0.45094
2025-09-15T17:42:00,336,80.8,20,0.4486
2025-09-15T17:45:00,334,81.1,20,0.44159
2025-09-15T17:48:00,331,81,20,0.44393
2025-09-15T17:51:00,330,81.1,20,0.44159
2025-09-15T17:54:00,328,80.7,20,0.45094
2025-09-15T17:57:00,328,81.1,20,0.44159
2025-09-15T18:00:00,327,80.4,20,0.45795
2025-09-15T18:03:00,327,80.6,20,0.45328
2025-09-15T18:06:00,327,80.4,20,0.45795
2025-09-15T18:09:00,326,80.3,20,0.46029
2025-09-15T18:12:00,327,80.4,20,0.45795
2025-09-15T18:15:00,327,80.2,19,0.43474
2025-09-15T18:18:00,323,80,19,0.43913
2025-09-15T18:21:00,326,80,19,0.43913
2025-09-15T18:24:00,325,79.6,19,0.44791
2025-09-15T18:27:00,323,79.7,19,0.44572
2025-09-15T18:30:00,324,79.8,19,0.44352
2025-09-15T18:33:00,323,80.4,19,0.43035
2025-09-15T18:36:00,322,80.4,19,0.43035
2025-09-15T18:39:00,323,80,19,0.43913
2025-09-15T18:42:00,321,80.2,19,0.43474
2025-09-15T18:45:00,322,79.8,19,0.44352
2025-09-15T18:48:00,321,79.9,19,0.44133
2025-09-15T18:51:00,322,80.5,19,0.42815
2025-09-15T18:54:00,320,80.6,19,0.42596
2025-09-15T18:57:00,320,80.3,19,0.43254
2025-09-15T19:00:00,319,80.6,19,0.42596
2025-09-15T19:03:00,319,81,18,0.39184
2025-09-15T19:06:00,319,81.1,19,0.41498
2025-09-15T19:09:00,318,80.9,18,0.39391
2025-09-15T19:12:00,317,81.7,18,0.37741
2025-09-15T19:15:00,317,81.1,18,0.38978
2025-09-15T19:18:00,315,81,18,0.39184
2025-09-15T19:21:00,315,81.2,18,0.38772
2025-09-15T19:24:00,317,81.5,18,0.38153
2025-09-15T19:27:00,316,81.6,18,0.37947
2025-09-15T19:30:00,316,81.9,18,0.37328
2025-09-15T19:33:00,316,82.2,18,0.3671
2025-09-15T19:36:00,315,81.6,18,0.37947
2025-09-15T19:39:00,315,81.8,18,0.37534
2025-09-15T19:42:00,315,82.2,18,0.3671
2025-09-15T19:45:00,315,82.2,18,0.3671
2025-09-15T19:48:00,316,82.6,18,0.35885
2025-09-15T19:51:00,316,82.6,18,0.35885
2025-09-15T19:54:00,315,82.6,17,0.33689
2025-09-15T19:57:00,317,82.4,18,0.36297
2025-09-15T20:00:00,314,82.5,18,0.36091
2025-09-15T20:03:00,0,83.3,18,0.34441
2025-09-15T20:06:00,0,83.2,17,0.32528
2025-09-15T20:09:00,0,83.3,17,0.32334
2025-09-15T20:12:00,0,83.8,17,0.31366
2025-09-15T20:15:00,0,83.9,17,0.31172
2025-09-15T20:18:00,0,84.4,17,0.30204
2025-09-15T20:21:00,0,84.1,17,0.30785
2025-09-15T20:24:00,0,84.9,17,0.29236
2025-09-15T20:27:00,0,84.2,18,0.32585
2025-09-15T20:30:00,0,84.3,17,0.30398
2025-09-15T20:33:00,0,84.5,17,0.30011
2025-09-15T20:36:00,0,84.5,18,0.31966
2025-09-15T20:39:00,0,84.4,18,0.32172
2025-09-15T20:42:00,0,83.7,18,0.33616
2025-09-15T20:45:00,0,83.7,18,0.33616
2025-09-15T20:48:00,0,83.3,18,0.34441
2025-09-15T20:51:00,0,82.6,18,0.35885
2025-09-15T20:54:00,0,80.4,18,0.40422
2025-09-15T20:57:00,0,79.7,18,0.41865
2025-09-15T21:00:00,0,78.7,18,0.43928
2025-09-15T21:03:00,0,80.6,18,0.40009
2025-09-15T21:06:00,0,82.4,18,0.36297
2025-09-15T21:09:00,0,83.2,18,0.34647
2025-09-15T21:12:00,0,84.1,18,0.32791
2025-09-15T21:15:00,0,83.3,18,0.34441
2025-09-15T21:18:00,0,84.5,18,0.31966
2025-09-15T21:21:00,0,84.1,18,0.32791
2025-09-15T21:24:00,0,84.2,18,0.32585
2025-09-15T21:27:00,0,83,18,0.3506
2025-09-15T21:30:00,0,82.7,18,0.35678
2025-09-15T21:33:00,0,83,18,0.3506
2025-09-15T21:36:00,0,83.8,18,0.3341
2025-09-15T21:39:00,0,82,18,0.37122
2025-09-15T21:42:00,0,81.2,18,0.38772
2025-09-15T21:45:00,0,80.2,19,0.43474
2025-09-15T21:48:00,0,79.3,19,0.4545
2025-09-15T21:51:00,0,78.2,19,0.47865
2025-09-15T21:54:00,0,78.7,19,0.46768
2025-09-15T21:57:00,0,77.3,19,0.49841
2025-09-15T22:00:00,0,76.8,19,0.50939
2025-09-15T22:03:00,0,76.4,19,0.51818
2025-09-15T22:06:00,0,76.1,19,0.52476
2025-09-15T22:09:00,0,75.8,19,0.53135
2025-09-15T22:12:00,0,75.4,19,0.54013
2025-09-15T22:15:00,0,75.2,19,0.54452
2025-09-15T22:18:00,0,75,19,0.54891
2025-09-15T22:21:00,0,75,19,0.54891
2025-09-15T22:24:00,0,74.9,19,0.55111
2025-09-15T22:27:00,0,74.9,19,0.55111
2025-09-15T22:30:00,0,74.8,19,0.55331
2025-09-15T22:33:00,0,74.6,19,0.5577
2025-09-15T22:36:00,0,74.5,19,0.55989
2025-09-15T22:39:00,0,74.3,19,0.56428
2025-09-15T22:42:00,0,74.3,19,0.56428
2025-09-15T22:45:00,0,74.2,19,0.56648
2025-09-15T22:48:00,0,74.4,19,0.56209
2025-09-15T22:51:00,0,74.3,19,0.56428
2025-09-15T22:54:00,0,74.2,19,0.56648
2025-09-15T22:57:00,0,74.3,19,0.56428
2025-09-15T23:00:00,0,74.3,19,0.56428
2025-09-15T23:03:00,0,74.7,19,0.5555
2025-09-15T23:06:00,0,76.8,19,0.50939
2025-09-15T23:09:00,0,78.1,19,0.48085
2025-09-15T23:12:00,0,79,19,0.46109
2025-09-15T23:15:00,0,80.1,19,0.43694
2025-09-15T23:18:00,0,81.5,19,0.4062
2025-09-15T23:21:00,0,82,19,0.39522
2025-09-15T23:24:00,0,82.2,19,0.39083
2025-09-15T23:27:00,0,83.4,19,0.36448
2025-09-15T23:30:00,0,84,19,0.35131
2025-09-15T23:33:00,0,84.3,19,0.34472
2025-09-15T23:36:00,0,84.9,19,0.33154
2025-09-15T23:39:00,0,85.4,19,0.32057
2025-09-15T23:42:00,0,85.6,19,0.31617
2025-09-15T23:45:00,0,85.8,19,0.31178
2025-09-15T23:48:00,0,86.1,19,0.3052
2025-09-15T23:51:00,0,86.2,19,0.303
2025-09-15T23:54:00,0,86.3,19,0.30081
2025-09-15T23:57:00,0,86.4,19,0.29861
2025-09-16T00:00:00,0,86.5,19,0.29641
2025-09-16T00:03:00,0,86.5,19,0.29641
2025-09-16T00:06:00,0,86.6,19,0.29422
2025-09-16T00:09:00,0,86.6,19,0.29422
2025-09-16T00:12:00,0,86.6,19,0.29422
2025-09-16T00:15:00,0,86.6,19,0.29422
2025-09-16T00:18:00,0,86.6,19,0.29422
2025-09-16T00:21:00,0,86.5,19,0.29641
2025-09-16T00:24:00,0,86.6,19,0.29422
2025-09-16T00:27:00,0,86.6,19,0.29422
2025-09-16T00:30:00,0,86.5,19,0.29641
2025-09-16T00:33:00,0,86.6,19,0.29422
2025-09-16T00:36:00,0,86.9,19,0.28763
2025-09-16T00:39:00,0,87.2,19,0.28104
2025-09-16T00:42:00,0,87.3,19,0.27885
2025-09-16T00:45:00,0,87.5,19,0.27446
2025-09-16T00:48:00,0,87.6,19,0.27226
2025-09-16T00:51:00,0,87.7,19,0.27007
2025-09-16T00:54:00,0,87.7,19,0.27007
2025-09-16T00:57:00,0,87.8,19,0.26787
2025-09-16T01:00:00,0,87.8,19,0.26787
2025-09-16T01:03:00,0,87.9,19,0.26567
2025-09-16T01:06:00,0,87.9,19,0.26567
2025-09-16T01:09:00,0,87.9,19,0.26567
2025-09-16T01:12:00,0,88,19,0.26348
2025-09-16T01:15:00,0,88,19,0.26348
2025-09-16T01:18:00,0,88,19,0.26348
2025-09-16T01:21:00,0,88,19,0.26348
2025-09-16T01:24:00,0,88.1,19,0.26128
2025-09-16T01:27:00,0,88.1,19,0.26128
2025-09-16T01:30:00,0,88.1,19,0.26128
2025-09-16T01:33:00,0,88,19,0.26348
2025-09-16T01:36:00,0,88,19,0.26348
2025-09-16T01:39:00,0,88,19,0.26348
2025-09-16T01:42:00,0,88,19,0.26348
2025-09-16T01:45:00,0,88,19,0.26348
2025-09-16T01:48:00,0,87.9,19,0.26567
2025-09-16T01:51:00,0,88,19,0.26348
2025-09-16T01:54:00,0,88,19,0.26348
2025-09-16T01:57:00,0,88,19,0.26348
2025-09-16T02:00:00,0,88,19,0.26348
2025-09-16T02:03:00,0,88,19,0.26348
2025-09-16T02:06:00,0,88.1,19,0.26128
2025-09-16T02:09:00,0,88.2,19,0.25909
2025-09-16T02:12:00,0,88.4,19,0.2547
2025-09-16T02:15:00,0,88.4,19,0.2547
2025-09-16T02:18:00,0,88.6,19,0.2503
2025-09-16T02:21:00,0,88.6,19,0.2503
2025-09-16T02:24:00,0,88.8,19,0.24591
2025-09-16T02:27:00,0,88.7,19,0.24811
2025-09-16T02:30:00,0,88.8,19,0.24591
2025-09-16T02:33:00,0,88.9,19,0.24372
2025-09-16T02:36:00,0,89,19,0.24152
2025-09-16T02:39:00,0,88.9,19,0.24372
2025-09-16T02:42:00,0,89,19,0.24152
2025-09-16T02:45:00,0,89,19,0.24152
2025-09-16T02:48:00,0,89,19,0.24152
2025-09-16T02:51:00,0,89,19,0.24152
2025-09-16T02:54:00,0,88.9,19,0.24372
2025-09-16T02:57:00,0,88.9,19,0.24372
2025-09-16T03:00:00,0,88.9,19,0.24372
2025-09-16T03:03:00,0,88.9,19,0.24372
2025-09-16T03:06:00,0,89,19,0.24152
2025-09-16T03:09:00,0,88.9,19,0.24372
2025-09-16T03:12:00,0,88.9,19,0.24372
2025-09-16T03:15:00,0,88.8,19,0.24591
2025-09-16T03:18:00,0,88.8,19,0.24591
2025-09-16T03:21:00,0,88.7,19,0.24811
2025-09-16T03:24:00,0,88.7,19,0.24811
2025-09-16T03:27:00,0,88.6,19,0.2503
2025-09-16T03:30:00,0,88.6,19,0.2503
2025-09-16T03:33:00,0,88.5,19,0.2525
2025-09-16T03:36:00,0,88.5,19,0.2525
2025-09-16T03:39:00,0,88.4,19,0.2547
2025-09-16T03:42:00,0,88.4,19,0.2547
2025-09-16T03:45:00,0,88.4,19,0.2547
2025-09-16T03:48:00,0,88.4,19,0.2547
2025-09-16T03:51:00,0,88.3,19,0.25689
2025-09-16T03:54:00,0,88.3,19,0.25689
2025-09-16T03:57:00,0,88.3,19,0.25689
2025-09-16T04:00:00,0,88.2,19,0.25909
2025-09-16T04:03:00,345,88,19,0.26348
2025-09-16T04:06:00,342,87.4,19,0.27665
2025-09-16T04:09:00,340,86.9,19,0.28763
2025-09-16T04:12:00,336,86.4,19,0.29861
2025-09-16T04:15:00,336,85.8,19,0.31178
2025-09-16T04:18:00,335,85.1,20,0.34814
2025-09-16T04:21:00,333,84.6,20,0.35982
2025-09-16T04:24:00,333,83.3,20,0.39019
2025-09-16T04:27:00,331,82.5,20,0.40888
2025-09-16T04:30:00,330,81.3,20,0.43692
2025-09-16T04:33:00,329,78.9,20,0.493
2025-09-16T04:36:00,329,77.7,20,0.52103
2025-09-16T04:39:00,327,77.1,20,0.53505
2025-09-16T04:42:00,328,75.8,20,0.56543
2025-09-16T04:45:00,327,75.3,20,0.57711
2025-09-16T04:48:00,327,74.6,20,0.59347
2025-09-16T04:51:00,325,74.5,20,0.5958
2025-09-16T04:54:00,326,73.7,20,0.61449
2025-09-16T04:57:00,326,73.2,20,0.62618
2025-09-16T05:00:00,326,72.6,20,0.6402
2025-09-16T05:03:00,325,72.4,20,0.64487
2025-09-16T05:06:00,326,72.1,20,0.65188
2025-09-16T05:09:00,325,71.5,20,0.6659
2025-09-16T05:12:00,326,71.2,20,0.67291
2025-09-16T05:15:00,326,70.8,20,0.68225
2025-09-16T05:18:00,326,70.3,20,0.69393
2025-09-16T05:21:00,326,70.2,20,0.69627
2025-09-16T05:24:00,326,70.1,20,0.69861
2025-09-16T05:27:00,327,71.6,20,0.66356
2025-09-16T05:30:00,326,71.7,20,0.66122
2025-09-16T05:33:00,326,70.8,20,0.68225
2025-09-16T05:36:00,325,70.1,20,0.69861
2025-09-16T05:39:00,325,69.9,20,0.70328
2025-09-16T05:42:00,326,71.3,20,0.67057
2025-09-16T05:45:00,326,70.9,20,0.67992
2025-09-16T05:48:00,325,69.7,20,0.70795
2025-09-16T05:51:00,326,69.3,20,0.7173
2025-09-16T05:54:00,326,70,19,0.6587
2025-09-16T05:57:00,326,69.8,20,0.70562
2025-09-16T06:00:00,326,70.4,19,0.64991
2025-09-16T06:03:00,326,70.2,20,0.69627
2025-09-16T06:06:00,326,69.5,20,0.71263
2025-09-16T06:09:00,326,69.2,19,0.67626
2025-09-16T06:12:00,325,69.9,19,0.66089
2025-09-16T06:15:00,325,69.8,19,0.66309
2025-09-16T06:18:00,326,69.8,19,0.66309
2025-09-16T06:21:00,326,70.2,19,0.65431
2025-09-16T06:24:00,325,69.7,19,0.66528
2025-09-16T06:27:00,326,69.4,20,0.71496
2025-09-16T06:30:00,327,69.5,19,0.66968
2025-09-16T06:33:00,325,69.1,19,0.67846
2025-09-16T06:36:00,325,69.4,19,0.67187
2025-09-16T06:39:00,326,69.5,19,0.66968
2025-09-16T06:42:00,326,69.3,19,0.67407
2025-09-16T06:45:00,326,68.8,20,0.72898
2025-09-16T06:48:00,326,69.4,19,0.67187
2025-09-16T06:51:00,326,69.3,19,0.67407
2025-09-16T06:54:00,328,69.2,20,0.71964
2025-09-16T06:57:00,326,69.6,19,0.66748
2025-09-16T07:00:00,327,69.4,20,0.71496
2025-09-16T07:03:00,328,69.9,19,0.66089
2025-09-16T07:06:00,328,69.3,19,0.67407
2025-09-16T07:09:00,328,69.3,20,0.7173
2025-09-16T07:12:00,326,69.4,20,0.71496
2025-09-16T07:15:00,327,69.2,19,0.67626
2025-09-16T07:18:00,328,69,19,0.68065
2025-09-16T07:21:00,328,69.3,19,0.67407
2025-09-16T07:24:00,328,69,20,0.72431
2025-09-16T07:27:00,330,69.4,19,0.67187
2025-09-16T07:30:00,330,68.5,20,0.73599
2025-09-16T07:33:00,331,69.1,19,0.67846
2025-09-16T07:36:00,332,69.4,19,0.67187
2025-09-16T07:39:00,334,68.5,19,0.69163
2025-09-16T07:42:00,335,69.2,20,0.71964
2025-09-16T07:45:00,336,68.6,20,0.73365
2025-09-16T07:48:00,338,68.2,19,0.69822
2025-09-16T07:51:00,338,69.2,19,0.67626
2025-09-16T07:54:00,339,68.6,19,0.68944
2025-09-16T07:57:00,342,68.4,20,0.73833
2025-09-16T08:00:00,342,68.5,20,0.73599
2025-09-16T08:03:00,345,68.5,19,0.69163
2025-09-16T08:06:00,345,69.4,19,0.67187
2025-09-16T08:09:00,346,69.3,19,0.67407
2025-09-16T08:12:00,347,69.2,19,0.67626
2025-09-16T08:15:00,347,69.1,19,0.67846
2025-09-16T08:18:00,348,69,20,0.72431
2025-09-16T08:21:00,350,68.8,20,0.72898
2025-09-16T08:24:00,354,69.2,20,0.71964
2025-09-16T08:27:00,353,69.3,19,0.67407
2025-09-16T08:30:00,350,68.4,20,0.73833
2025-09-16T08:33:00,355,68.7,20,0.73132
2025-09-16T08:36:00,353,68.2,20,0.743
2025-09-16T08:39:00,342,68.1,20,0.74534
2025-09-16T08:42:00,349,68,20,0.74767
2025-09-16T08:45:00,353,68.8,19,0.68505
2025-09-16T08:48:00,359,68.4,20,0.73833
2025-09-16T08:51:00,361,68.7,20,0.73132
2025-09-16T08:54:00,363,68.7,20,0.73132
2025-09-16T08:57:00,369,67.7,20,0.75468
2025-09-16T09:00:00,357,68.6,20,0.73365
2025-09-16T09:03:00,356,68,20,0.74767
2025-09-16T09:06:00,363,68.6,20,0.73365
2025-09-16T09:09:00,372,69.2,20,0.71964
2025-09-16T09:12:00,368,67.7,20,0.75468
2025-09-16T09:15:00,369,68.4,20,0.73833
2025-09-16T09:18:00,374,68.7,20,0.73132
2025-09-16T09:21:00,361,66.9,20,0.77337
2025-09-16T09:24:00,364,67.7,20,0.75468
2025-09-16T09:27:00,353,69,20,0.72431
2025-09-16T09:30:00,349,69.2,20,0.71964
2025-09-16T09:33:00,423,68.5,20,0.73599
2025-09-16T09:36:00,399,68.15,20,0.74417
2025-09-16T09:39:00,375,67.8,20,0.75235
2025-09-16T09:42:00,409,67.2,20,0.76637
2025-09-16T09:45:00,469,66.6,21,0.83004
2025-09-16T09:48:00,481,65.1,21,0.86732
2025-09-16T09:51:00,485,64.5,21,0.88223
2025-09-16T09:54:00,498,64.1,21,0.89217
2025-09-16T09:57:00,500,64.3,21,0.8872
2025-09-16T10:00:00,497,66.3,20,0.78739
2025-09-16T10:03:00,498,66.3,20,0.78739
2025-09-16T10:06:00,488,71.8,19,0.61918
2025-09-16T10:09:00,446,75.1,19,0.54672
2025-09-16T10:12:00,479,73.3,20,0.62384
2025-09-16T10:15:00,469,77,18,0.47434
2025-09-16T10:18:00,462,78.4,19,0.47426
2025-09-16T10:21:00,459,74.4,20,0.59814
2025-09-16T10:24:00,452,77.1,18,0.47227
2025-09-16T10:27:00,448,77.8,18,0.45784
2025-09-16T10:30:00,446,78.9,18,0.43515
2025-09-16T10:33:00,446,76.3,18,0.48877
2025-09-16T10:36:00,446,77.7,18,0.4599
2025-09-16T10:39:00,442,77.4,18,0.46609
2025-09-16T10:42:00,441,79.4,17,0.39885
2025-09-16T10:45:00,439,79.3,17,0.40079
2025-09-16T10:48:00,436,78.5,18,0.4434
2025-09-16T10:51:00,432,77.7,18,0.4599
2025-09-16T10:54:00,432,78.3,18,0.44753
2025-09-16T10:57:00,430,77.7,18,0.4599
2025-09-16T11:00:00,429,77.5,18,0.46402
2025-09-16T11:03:00,428,77.2,18,0.47021
2025-09-16T11:06:00,427,77.8,18,0.45784
2025-09-16T11:09:00,428,76.8,18,0.47846
2025-09-16T11:12:00,427,75.5,18,0.50527
2025-09-16T11:15:00,427,75,18,0.51558
2025-09-16T11:18:00,428,74.7,18,0.52177
2025-09-16T11:21:00,424,75.8,18,0.49908
2025-09-16T11:24:00,424,75.2,18,0.51146
2025-09-16T11:27:00,421,75.1,18,0.51352
2025-09-16T11:30:00,419,75.7,18,0.50115
2025-09-16T11:33:00,419,74.8,18,0.51971
2025-09-16T11:36:00,416,75.5,18,0.50527
2025-09-16T11:39:00,413,76.4,18,0.48671
2025-09-16T11:42:00,410,75.7,18,0.50115
2025-09-16T11:45:00,408,75.7,18,0.50115
2025-09-16T11:48:00,407,74.6,18,0.52383
2025-09-16T11:51:00,407,74.2,18,0.53208
2025-09-16T11:54:00,404,74.8,18,0.51971
2025-09-16T11:57:00,402,74.2,18,0.53208
2025-09-16T12:00:00,400,76.1,18,0.4929
2025-09-16T12:03:00,399,75.5,18,0.50527
2025-09-16T12:06:00,399,75.1,18,0.51352
2025-09-16T12:09:00,396,74.6,19,0.5577
2025-09-16T12:12:00,395,73.7,19,0.57746
2025-09-16T12:15:00,394,73.9,19,0.57307
2025-09-16T12:18:00,395,72.9,19,0.59502
2025-09-16T12:21:00,393,73.9,18,0.53827
2025-09-16T12:24:00,390,73.5,18,0.54652
2025-09-16T12:27:00,390,73.9,18,0.53827
2025-09-16T12:30:00,388,72.7,18,0.56302
2025-09-16T12:33:00,389,72.9,18,0.55889
2025-09-16T12:36:00,386,73.3,18,0.55064
2025-09-16T12:39:00,386,72.9,18,0.55889
2025-09-16T12:42:00,389,72.5,18,0.56714
2025-09-16T12:45:00,386,73.1,18,0.55477
2025-09-16T12:48:00,386,73.6,18,0.54446
2025-09-16T12:51:00,386,72.3,18,0.57127
2025-09-16T12:54:00,385,73,18,0.55683
2025-09-16T12:57:00,385,72.7,19,0.59941
2025-09-16T13:00:00,386,72.4,19,0.606
2025-09-16T13:03:00,386,72.3,18,0.57127
2025-09-16T13:06:00,385,73.1,18,0.55477
2025-09-16T13:09:00,385,71.6,19,0.62357
2025-09-16T13:12:00,386,71.9,19,0.61698
2025-09-16T13:15:00,387,71.9,19,0.61698
2025-09-16T13:18:00,387,71.1,19,0.63455
2025-09-16T13:21:00,386,71.5,19,0.62576
2025-09-16T13:24:00,386,70.6,19,0.64552
2025-09-16T13:27:00,386,71.3,18,0.59189
2025-09-16T13:30:00,385,71,18,0.59808
2025-09-16T13:33:00,386,71.5,19,0.62576
2025-09-16T13:36:00,386,71.5,19,0.62576
2025-09-16T13:39:00,384,72.2,19,0.61039
2025-09-16T13:42:00,387,72.1,19,0.61259
2025-09-16T13:45:00,387,72.6,19,0.60161
2025-09-16T13:48:00,386,72.3,19,0.6082
2025-09-16T13:51:00,388,71.9,19,0.61698
2025-09-16T13:54:00,387,71.8,19,0.61918
2025-09-16T13:57:00,389,71.2,19,0.63235
2025-09-16T14:00:00,391,71.8,19,0.61918
2025-09-16T14:03:00,396,71.7,19,0.62137
2025-09-16T14:06:00,394,72.1,19,0.61259
2025-09-16T14:09:00,393,72.4,19,0.606
2025-09-16T14:12:00,338,72.5,19,0.60381
2025-09-16T14:15:00,394,71.6,19,0.62357
2025-09-16T14:18:00,394,73,19,0.59283
2025-09-16T14:21:00,353,72.1,19,0.61259
2025-09-16T14:24:00,360,71.4,19,0.62796
2025-09-16T14:27:00,392,70.5,19,0.64772
2025-09-16T14:30:00,394,71,19,0.63674
2025-09-16T14:33:00,397,71.2,19,0.63235
2025-09-16T14:36:00,397,71.5,19,0.62576
2025-09-16T14:39:00,399,71.5,19,0.62576
2025-09-16T14:42:00,400,71.3,19,0.63015
2025-09-16T14:45:00,403,71.2,19,0.63235
2025-09-16T14:48:00,405,69.9,19,0.66089
2025-09-16T14:51:00,406,70.8,19,0.64113
2025-09-16T14:54:00,408,71.2,19,0.63235
2025-09-16T14:57:00,406,70.6,19,0.64552
2025-09-16T15:00:00,403,71.7,19,0.62137
2025-09-16T15:03:00,405,72,19,0.61478
2025-09-16T15:06:00,404,71.3,19,0.63015
2025-09-16T15:09:00,405,70.4,19,0.64991
2025-09-16T15:12:00,404,70.4,19,0.64991
2025-09-16T15:15:00,403,71,19,0.63674
2025-09-16T15:18:00,400,71.5,19,0.62576
2025-09-16T15:21:00,399,71.7,19,0.62137
2025-09-16T15:24:00,398,72.8,19,0.59722
2025-09-16T15:27:00,402,71.4,19,0.62796
2025-09-16T15:30:00,395,71.4,19,0.62796
2025-09-16T15:33:00,396,71.8,19,0.61918
2025-09-16T15:36:00,398,72.5,19,0.60381
2025-09-16T15:39:00,361,71.9,19,0.61698
2025-09-16T15:42:00,334,72.5,19,0.60381
2025-09-16T15:45:00,386,72.8,19,0.59722
2025-09-16T15:48:00,386,72.4,19,0.606
2025-09-16T15:51:00,383,72.5,19,0.60381
2025-09-16T15:54:00,385,72.1,19,0.61259
2025-09-16T15:57:00,386,71.5,19,0.62576
2025-09-16T16:00:00,387,71.7,19,0.62137
2025-09-16T16:03:00,390,72.1,19,0.61259
2025-09-16T16:06:00,390,73.1,19,0.59063
2025-09-16T16:09:00,382,73.1,19,0.59063
2025-09-16T16:12:00,389,71.6,19,0.62357
2025-09-16T16:15:00,342,71.6,19,0.62357
2025-09-16T16:18:00,398,71,19,0.63674
2025-09-16T16:21:00,393,71.7,19,0.62137
2025-09-16T16:24:00,343,73.8,19,0.57526
2025-09-16T16:27:00,334,74.5,19,0.55989
2025-09-16T16:30:00,409,74.6,19,0.5577
2025-09-16T16:33:00,390,74.9,19,0.55111
2025-09-16T16:36:00,410,73.9,19,0.57307
2025-09-16T16:39:00,373,74.2,19,0.56648
2025-09-16T16:42:00,370,74.1,18,0.53414
2025-09-16T16:45:00,368,74.1,18,0.53414
2025-09-16T16:48:00,364,73.5,18,0.54652
2025-09-16T16:51:00,361,74.5,18,0.52589
2025-09-16T16:54:00,358,75.3,18,0.5094
2025-09-16T16:57:00,356,74.6,18,0.52383
2025-09-16T17:00:00,356,74.6,18,0.52383
2025-09-16T17:03:00,353,74.9,18,0.51765
2025-09-16T17:06:00,353,75.2,18,0.51146
2025-09-16T17:09:00,352,74.8,18,0.51971
2025-09-16T17:12:00,350,75.5,18,0.50527
2025-09-16T17:15:00,349,74.7,18,0.52177
2025-09-16T17:18:00,352,75.3,18,0.5094
2025-09-16T17:21:00,350,75.4,17,0.4763
2025-09-16T17:24:00,393,75.2,17,0.48017
2025-09-16T17:27:00,398,75.7,17,0.47049
2025-09-16T17:30:00,372,75.3,17,0.47823
2025-09-16T17:33:00,367,75.8,17,0.46855
2025-09-16T17:36:00,381,75.5,17,0.47436
2025-09-16T17:39:00,367,75.3,17,0.47823
2025-09-16T17:42:00,355,75.2,17,0.48017
2025-09-16T17:45:00,343,76,17,0.46468
2025-09-16T17:48:00,336,75.8,17,0.46855
2025-09-16T17:51:00,334,74.5,17,0.49372
2025-09-16T17:54:00,332,74.2,17,0.49953
2025-09-16T17:57:00,334,72.9,18,0.55889
2025-09-16T18:00:00,334,73.6,17,0.51115
2025-09-16T18:03:00,332,73.1,18,0.55477
2025-09-16T18:06:00,334,71.5,18,0.58776
2025-09-16T18:09:00,333,72.8,17,0.52664
2025-09-16T18:12:00,333,72.8,18,0.56095
2025-09-16T18:15:00,333,70.7,19,0.64333
2025-09-16T18:18:00,332,70.2,18,0.61458
2025-09-16T18:21:00,331,70.5,18,0.60839
2025-09-16T18:24:00,330,70.8,18,0.6022
2025-09-16T18:27:00,330,69.3,19,0.67407
2025-09-16T18:30:00,330,67.3,19,0.71798
2025-09-16T18:33:00,329,69.4,19,0.67187
2025-09-16T18:36:00,331,68.6,19,0.68944
2025-09-16T18:39:00,329,67.6,19,0.71139
2025-09-16T18:42:00,328,67.8,19,0.707
2025-09-16T18:45:00,329,68,19,0.70261
2025-09-16T18:48:00,329,66.6,19,0.73335
2025-09-16T18:51:00,328,65,20,0.81777
2025-09-16T18:54:00,328,66.7,20,0.77805
2025-09-16T18:57:00,328,67.7,20,0.75468
2025-09-16T19:00:00,328,67.8,20,0.75235
2025-09-16T19:03:00,328,67.6,19,0.71139
2025-09-16T19:06:00,326,65.5,20,0.80609
2025-09-16T19:09:00,327,63.9,20,0.84347
2025-09-16T19:12:00,328,63,20,0.8645
2025-09-16T19:15:00,326,65.1,20,0.81543
2025-09-16T19:18:00,327,66.8,19,0.72896
2025-09-16T19:21:00,326,67.7,19,0.7092
2025-09-16T19:24:00,324,65.7,19,0.75311
2025-09-16T19:27:00,326,64.9,19,0.77068
2025-09-16T19:30:00,325,63.7,20,0.84814
2025-09-16T19:33:00,326,64.7,20,0.82478
2025-09-16T19:36:00,326,66.2,19,0.74213
2025-09-16T19:39:00,325,66.9,19,0.72676
2025-09-16T19:42:00,326,64.8,19,0.77287
2025-09-16T19:45:00,326,63.3,20,0.85749
2025-09-16T19:48:00,326,63.2,20,0.85982
2025-09-16T19:51:00,325,64.9,20,0.8201
2025-09-16T19:54:00,326,65.2,19,0.76409
2025-09-16T19:57:00,326,62.9,20,0.86683
2025-09-16T20:00:00,325,64.8,19,0.77287
2025-09-16T20:03:00,0,66.1,19,0.74433
2025-09-16T20:06:00,0,66.7,19,0.73115
2025-09-16T20:09:00,0,67.3,19,0.71798
2025-09-16T20:12:00,0,66.3,19,0.73994
2025-09-16T20:15:00,0,66.1,19,0.74433
2025-09-16T20:18:00,0,66.3,19,0.73994
2025-09-16T20:21:00,0,65.4,19,0.7597
2025-09-16T20:24:00,0,65.4,19,0.7597
2025-09-16T20:27:00,0,65.5,19,0.7575
2025-09-16T20:30:00,0,65.3,19,0.76189
2025-09-16T20:33:00,0,65.6,19,0.75531
2025-09-16T20:36:00,0,65.8,19,0.75091
2025-09-16T20:39:00,0,66,19,0.74652
2025-09-16T20:42:00,0,66,19,0.74652
2025-09-16T20:45:00,0,66.3,18,0.69501
2025-09-16T20:48:00,0,66.2,18,0.69707
2025-09-16T20:51:00,0,66.2,18,0.69707
2025-09-16T20:54:00,0,66.9,18,0.68263
2025-09-16T20:57:00,0,66.8,18,0.68469
2025-09-16T21:00:00,0,67.2,18,0.67645
2025-09-16T21:03:00,0,68.3,18,0.65376
2025-09-16T21:06:00,0,69.9,18,0.62076
2025-09-16T21:09:00,0,70.5,18,0.60839
2025-09-16T21:12:00,0,71,18,0.59808
2025-09-16T21:15:00,0,72.5,18,0.56714
2025-09-16T21:18:00,0,72.9,18,0.55889
2025-09-16T21:21:00,0,73.9,19,0.57307
2025-09-16T21:24:00,0,73.9,19,0.57307
2025-09-16T21:27:00,0,74.5,18,0.52589
2025-09-16T21:30:00,0,74.7,19,0.5555
2025-09-16T21:33:00,0,75,19,0.54891
2025-09-16T21:36:00,0,75.3,19,0.54233
2025-09-16T21:39:00,0,75.5,19,0.53794
2025-09-16T21:42:00,0,75.7,18,0.50115
2025-09-16T21:45:00,0,75.8,19,0.53135
2025-09-16T21:48:00,0,75.9,18,0.49702
2025-09-16T21:51:00,0,76.1,18,0.4929
2025-09-16T21:54:00,0,76.3,18,0.48877
2025-09-16T21:57:00,0,76.1,18,0.4929
2025-09-16T22:00:00,0,76.3,18,0.48877
2025-09-16T22:03:00,0,76.4,18,0.48671
2025-09-16T22:06:00,0,76.4,18,0.48671
2025-09-16T22:09:00,0,76.5,18,0.48465
2025-09-16T22:12:00,0,76.7,18,0.48052
2025-09-16T22:15:00,0,76.7,18,0.48052
2025-09-16T22:18:00,0,76.7,18,0.48052
2025-09-16T22:21:00,0,76.9,18,0.4764
2025-09-16T22:24:00,0,76.8,18,0.47846
2025-09-16T22:27:00,0,76.8,18,0.47846
2025-09-16T22:30:00,0,76.9,18,0.4764
2025-09-16T22:33:00,0,77,18,0.47434
2025-09-16T22:36:00,0,77,18,0.47434
2025-09-16T22:39:00,0,77,18,0.47434
2025-09-16T22:42:00,0,77.1,18,0.47227
2025-09-16T22:45:00,0,77.1,18,0.47227
2025-09-16T22:48:00,0,77.1,18,0.47227
2025-09-16T22:51:00,0,77.1,18,0.47227
2025-09-16T22:54:00,0,77,18,0.47434
2025-09-16T22:57:00,0,77,18,0.47434
2025-09-16T23:00:00,0,77,18,0.47434
2025-09-16T23:03:00,0,76.9,18,0.4764
2025-09-16T23:06:00,0,78.1,18,0.45165
2025-09-16T23:09:00,0,79.6,18,0.42072
2025-09-16T23:12:00,0,80.5,18,0.40215
2025-09-16T23:15:00,0,81.1,18,0.38978
2025-09-16T23:18:00,0,81.8,18,0.37534
2025-09-16T23:21:00,0,82.2,18,0.3671
2025-09-16T23:24:00,0,82.5,18,0.36091
2025-09-16T23:27:00,0,82.7,18,0.35678
2025-09-16T23:30:00,0,82.8,18,0.35472
2025-09-16T23:33:00,0,82.9,18,0.35266
2025-09-16T23:36:00,0,83.1,18,0.34853
2025-09-16T23:39:00,0,83,18,0.3506
2025-09-16T23:42:00,0,83.2,18,0.34647
2025-09-16T23:45:00,0,83,18,0.3506
2025-09-16T23:48:00,0,83.1,18,0.34853
2025-09-16T23:51:00,0,83.3,18,0.34441
2025-09-16T23:54:00,0,83.1,18,0.34853
2025-09-16T23:57:00,0,83.1,18,0.34853
2025-09-17T00:00:00,0,82.9,18,0.35266
2025-09-17T00:03:00,0,82.9,18,0.35266
2025-09-17T00:06:00,0,82.9,18,0.35266
2025-09-17T00:09:00,0,82.9,18,0.35266
2025-09-17T00:12:00,0,82.9,18,0.35266
2025-09-17T00:15:00,0,82.8,18,0.35472
2025-09-17T00:18:00,0,82.8,18,0.35472
2025-09-17T00:21:00,0,83.1,18,0.34853
2025-09-17T00:24:00,0,83,18,0.3506
2025-09-17T00:27:00,0,82.9,18,0.35266
2025-09-17T00:30:00,0,83,18,0.3506
2025-09-17T00:33:00,0,82.9,18,0.35266
2025-09-17T00:36:00,0,83.3,18,0.34441
2025-09-17T00:39:00,0,83.6,18,0.33822
2025-09-17T00:42:00,0,83.9,18,0.33204
2025-09-17T00:45:00,0,84.1,18,0.32791
2025-09-17T00:48:00,0,84.2,18,0.32585
2025-09-17T00:51:00,0,84.2,18,0.32585
2025-09-17T00:54:00,0,84.3,18,0.32379
2025-09-17T00:57:00,0,84.3,18,0.32379
2025-09-17T01:00:00,0,84.3,18,0.32379
2025-09-17T01:03:00,0,84.2,18,0.32585
2025-09-17T01:06:00,0,84.3,18,0.32379
2025-09-17T01:09:00,0,84.2,18,0.32585
2025-09-17T01:12:00,0,84.2,18,0.32585
2025-09-17T01:15:00,0,84.2,18,0.32585
2025-09-17T01:18:00,0,84.1,18,0.32791
2025-09-17T01:21:00,0,84,18,0.32997
2025-09-17T01:24:00,0,83.9,18,0.33204
2025-09-17T01:27:00,0,83.9,18,0.33204
2025-09-17T01:30:00,0,84,18,0.32997
2025-09-17T01:33:00,0,83.9,18,0.33204
2025-09-17T01:36:00,0,83.8,18,0.3341
2025-09-17T01:39:00,0,83.8,18,0.3341
2025-09-17T01:42:00,0,83.8,18,0.3341
2025-09-17T01:45:00,0,83.6,18,0.33822
2025-09-17T01:48:00,0,83.7,18,0.33616
2025-09-17T01:51:00,0,83.6,18,0.33822
2025-09-17T01:54:00,0,83.5,18,0.34028
2025-09-17T01:57:00,0,83.5,18,0.34028
2025-09-17T02:00:00,0,83.5,18,0.34028
2025-09-17T02:03:00,0,83.5,18,0.34028
2025-09-17T02:06:00,0,83.8,18,0.3341
2025-09-17T02:09:00,0,84.1,18,0.32791
2025-09-17T02:12:00,0,84.4,18,0.32172
2025-09-17T02:15:00,0,84.5,18,0.31966
2025-09-17T02:18:00,0,84.6,18,0.3176
2025-09-17T02:21:00,0,84.6,18,0.3176
2025-09-17T02:24:00,0,84.5,18,0.31966
2025-09-17T02:27:00,0,84.6,18,0.3176
2025-09-17T02:30:00,0,84.7,17,0.29623
2025-09-17T02:33:00,0,84.6,18,0.3176
2025-09-17T02:36:00,0,84.5,17,0.30011
2025-09-17T02:39:00,0,84.6,17,0.29817
2025-09-17T02:42:00,0,84.4,17,0.30204
2025-09-17T02:45:00,0,84.5,17,0.30011
2025-09-17T02:48:00,0,84.4,17,0.30204
2025-09-17T02:51:00,0,84.4,17,0.30204
2025-09-17T02:54:00,0,84.3,17,0.30398
2025-09-17T02:57:00,0,84.4,17,0.30204
2025-09-17T03:00:00,0,84.3,17,0.30398
2025-09-17T03:03:00,0,84.1,17,0.30785
2025-09-17T03:06:00,0,84.1,17,0.30785
2025-09-17T03:09:00,0,84.1,17,0.30785
2025-09-17T03:12:00,0,84,17,0.30979
2025-09-17T03:15:00,0,84,17,0.30979
2025-09-17T03:18:00,0,84,17,0.30979
2025-09-17T03:21:00,0,83.9,17,0.31172
2025-09-17T03:24:00,0,83.9,17,0.31172
2025-09-17T03:27:00,0,83.8,17,0.31366
2025-09-17T03:30:00,0,83.8,17,0.31366
2025-09-17T03:33:00,0,83.6,17,0.31753
2025-09-17T03:36:00,0,83.6,17,0.31753
2025-09-17T03:39:00,0,83.4,17,0.3214
2025-09-17T03:42:00,0,83.3,17,0.32334
2025-09-17T03:45:00,0,83.3,17,0.32334
2025-09-17T03:48:00,0,83.3,17,0.32334
2025-09-17T03:51:00,0,83.2,17,0.32528
2025-09-17T03:54:00,0,83.2,17,0.32528
2025-09-17T03:57:00,0,83.1,17,0.32721
2025-09-17T04:00:00,0,82.9,17,0.33108
2025-09-17T04:03:00,343,82.7,17,0.33496
2025-09-17T04:06:00,339,82.1,17,0.34657
2025-09-17T04:09:00,337,81.5,18,0.38153
2025-09-17T04:12:00,334,80.7,18,0.39803
2025-09-17T04:15:00,334,80.1,18,0.4104
2025-09-17T04:18:00,332,79.5,18,0.42278
2025-09-17T04:21:00,331,79.1,18,0.43103
2025-09-17T04:24:00,330,78.6,18,0.44134
2025-09-17T04:27:00,328,78.2,18,0.44959
2025-09-17T04:30:00,327,77.6,19,0.49183
2025-09-17T04:33:00,328,77.4,19,0.49622
2025-09-17T04:36:00,328,77.1,19,0.50281
2025-09-17T04:39:00,327,76.8,19,0.50939
2025-09-17T04:42:00,328,76.5,19,0.51598
2025-09-17T04:45:00,326,76.1,19,0.52476
2025-09-17T04:48:00,327,75.9,19,0.52915
2025-09-17T04:51:00,326,75.5,19,0.53794
2025-09-17T04:54:00,326,75.3,20,0.57711
2025-09-17T04:57:00,327,75.3,19,0.54233
2025-09-17T05:00:00,328,73.9,20,0.60982
2025-09-17T05:03:00,326,73,20,0.63085
2025-09-17T05:06:00,325,72.4,19,0.606
2025-09-17T05:09:00,326,71.5,20,0.6659
2025-09-17T05:12:00,326,71.5,20,0.6659
2025-09-17T05:15:00,326,70.7,20,0.68459
2025-09-17T05:18:00,325,70,20,0.70094
2025-09-17T05:21:00,326,69.6,19,0.66748
2025-09-17T05:24:00,326,68.8,19,0.68505
2025-09-17T05:27:00,326,68.4,19,0.69383
2025-09-17T05:30:00,325,68.3,19,0.69602
2025-09-17T05:33:00,326,67.8,19,0.707
2025-09-17T05:36:00,325,67.8,20,0.75235
2025-09-17T05:39:00,326,67.7,20,0.75468
2025-09-17T05:42:00,324,67.7,20,0.75468
2025-09-17T05:45:00,325,67,20,0.77104
2025-09-17T05:48:00,326,66.3,19,0.73994
2025-09-17T05:51:00,326,66.3,19,0.73994
2025-09-17T05:54:00,325,66.6,19,0.73335
2025-09-17T05:57:00,325,66.3,19,0.73994
2025-09-17T06:00:00,326,66.2,20,0.78973
2025-09-17T06:03:00,326,65.6,20,0.80375
2025-09-17T06:06:00,324,65.2,20,0.81309
2025-09-17T06:09:00,325,64.8,19,0.77287
2025-09-17T06:12:00,326,65.1,19,0.76628
2025-09-17T06:15:00,325,65.1,19,0.76628
2025-09-17T06:18:00,326,64.9,19,0.77068
2025-09-17T06:21:00,326,64.8,20,0.82244
2025-09-17T06:24:00,325,64.1,20,0.8388
2025-09-17T06:27:00,326,64.2,19,0.78605
2025-09-17T06:30:00,326,64,19,0.79044
2025-09-17T06:33:00,326,64.2,20,0.83646
2025-09-17T06:36:00,326,64.1,20,0.8388
2025-09-17T06:39:00,326,64.2,20,0.83646
2025-09-17T06:42:00,326,63.8,20,0.84581
2025-09-17T06:45:00,326,63.5,20,0.85281
2025-09-17T06:48:00,326,63.4,20,0.85515
2025-09-17T06:51:00,326,63.4,20,0.85515
2025-09-17T06:54:00,327,63.5,20,0.85281
2025-09-17T06:57:00,327,63.4,20,0.85515
2025-09-17T07:00:00,328,63.4,20,0.85515
2025-09-17T07:03:00,328,62.6,20,0.87384
2025-09-17T07:06:00,329,62.6,20,0.87384
2025-09-17T07:09:00,329,62.5,20,0.87618
2025-09-17T07:12:00,330,62.5,20,0.87618
2025-09-17T07:15:00,331,62.7,20,0.87151
2025-09-17T07:18:00,331,62.5,20,0.87618
2025-09-17T07:21:00,331,62.6,20,0.87384
2025-09-17T07:24:00,331,62.6,20,0.87384
2025-09-17T07:27:00,332,62.4,20,0.87852
2025-09-17T07:30:00,334,62.6,20,0.87384
2025-09-17T07:33:00,333,63,20,0.8645
2025-09-17T07:36:00,334,63,20,0.8645
2025-09-17T07:39:00,334,62.6,20,0.87384
2025-09-17T07:42:00,333,62.6,20,0.87384
2025-09-17T07:45:00,335,63,20,0.8645
2025-09-17T07:48:00,337,63,19,0.81239
2025-09-17T07:51:00,338,62.7,20,0.87151
2025-09-17T07:54:00,339,62.7,20,0.87151
2025-09-17T07:57:00,339,62.8,20,0.86917
2025-09-17T08:00:00,339,62.1,19,0.83215
2025-09-17T08:03:00,337,61.9,19,0.83655
2025-09-17T08:06:00,339,62.1,19,0.83215
2025-09-17T08:09:00,340,61.9,19,0.83655
2025-09-17T08:12:00,341,62,19,0.83435
2025-09-17T08:15:00,343,61.7,20,0.89487
2025-09-17T08:18:00,345,62.2,20,0.88319
2025-09-17T08:21:00,343,62.4,20,0.87852
2025-09-17T08:24:00,342,62.4,20,0.87852
2025-09-17T08:27:00,345,62.2,20,0.88319
2025-09-17T08:30:00,344,62.4,20,0.87852
2025-09-17T08:33:00,348,62.3,20,0.88085
2025-09-17T08:36:00,345,62.6,20,0.87384
2025-09-17T08:39:00,344,62.5,20,0.87618
2025-09-17T08:42:00,352,62.6,20,0.87384
2025-09-17T08:45:00,351,61.3,20,0.90422
2025-09-17T08:48:00,358,62.4,20,0.87852
2025-09-17T08:51:00,356,61.2,20,0.90655
2025-09-17T08:54:00,361,61.7,20,0.89487
2025-09-17T08:57:00,358,61.4,20,0.90188
2025-09-17T09:00:00,358,61.5,20,0.89954
2025-09-17T09:03:00,361,60.9,20,0.91356
2025-09-17T09:06:00,353,60.7,20,0.91824
2025-09-17T09:09:00,355,61.5,20,0.89954
2025-09-17T09:12:00,360,61.2,20,0.90655
2025-09-17T09:15:00,367,60.8,20,0.9159
2025-09-17T09:18:00,374,60.2,19,0.87387
2025-09-17T09:21:00,369,61,20,0.91123
2025-09-17T09:24:00,369,60.3,20,0.92758
2025-09-17T09:27:00,370,59.5,20,0.94627
2025-09-17T09:30:00,375,59.7,20,0.9416
2025-09-17T09:33:00,383,60.7,20,0.91824
2025-09-17T09:36:00,372,60.1,20,0.93226
2025-09-17T09:39:00,386,60.2,20,0.92992
2025-09-17T09:42:00,391,59.9,20,0.93693
2025-09-17T09:45:00,383,60.3,20,0.92758
2025-09-17T09:48:00,432,61,20,0.91123
2025-09-17T09:51:00,515,59.7,20,0.9416
2025-09-17T09:54:00,410,59.9,20,0.93693
2025-09-17T09:57:00,400,60.5,20,0.92291
2025-09-17T10:00:00,473,61.1,20,0.90889
2025-09-17T10:03:00,424,60.3,20,0.92758
2025-09-17T10:06:00,507,60.4,20,0.92525
2025-09-17T10:09:00,490,60.8,20,0.9159
2025-09-17T10:12:00,489,61.2,20,0.90655
2025-09-17T10:15:00,487,60.7,20,0.91824
2025-09-17T10:18:00,482,60,21,0.99406
2025-09-17T10:21:00,464,58.9,21,1.0214
2025-09-17T10:24:00,475,61.2,20,0.90655
2025-09-17T10:27:00,449,61.5,20,0.89954
2025-09-17T10:30:00,390,62.2,20,0.88319
2025-09-17T10:33:00,416,59.9,21,0.99655
2025-09-17T10:36:00,426,60.7,20,0.91824
2025-09-17T10:39:00,420,62.4,20,0.87852
2025-09-17T10:42:00,437,65.7,19,0.75311
2025-09-17T10:45:00,455,62,20,0.88786
2025-09-17T10:48:00,449,65.2,19,0.76409
2025-09-17T10:51:00,450,63.4,19,0.80361
2025-09-17T10:54:00,451,66.2,19,0.74213
2025-09-17T10:57:00,440,66.5,19,0.73555
2025-09-17T11:00:00,390,64.1,20,0.8388
2025-09-17T11:03:00,436,65.2,19,0.76409
2025-09-17T11:06:00,459,65.9,19,0.74872
2025-09-17T11:09:00,391,67.2,19,0.72018
2025-09-17T11:12:00,390,63.6,20,0.85048
2025-09-17T11:15:00,410,64.9,20,0.8201
2025-09-17T11:18:00,446,67.7,19,0.7092
2025-09-17T11:21:00,442,75,18,0.51558
2025-09-17T11:24:00,361,73.5,19,0.58185
2025-09-17T11:27:00,400,74.5,19,0.55989
2025-09-17T11:30:00,436,74.3,19,0.56428
2025-09-17T11:33:00,375,76.6,18,0.48259
2025-09-17T11:36:00,378,75.9,18,0.49702
2025-09-17T11:39:00,365,76.2,19,0.52257
2025-09-17T11:42:00,364,73,20,0.63085
2025-09-17T11:45:00,369,71.9,20,0.65655
2025-09-17T11:48:00,412,69.6,20,0.71029
2025-09-17T11:51:00,369,74.4,18,0.52796
2025-09-17T11:54:00,399,73.7,19,0.57746
2025-09-17T11:57:00,420,74.1,19,0.56868
2025-09-17T12:00:00,418,73.1,19,0.59063
2025-09-17T12:03:00,362,70.4,20,0.6916
2025-09-17T12:06:00,356,74.3,18,0.53002
2025-09-17T12:09:00,361,71.7,20,0.66122
2025-09-17T12:12:00,428,74,19,0.57087
2025-09-17T12:15:00,443,72.2,20,0.64954
2025-09-17T12:18:00,399,70.4,21,0.73561
2025-09-17T12:21:00,447,69.4,21,0.76046
2025-09-17T12:24:00,408,76.9,18,0.4764
2025-09-17T12:27:00,444,78.8,18,0.43721
2025-09-17T12:30:00,419,74,19,0.57087
2025-09-17T12:33:00,410,75.9,19,0.52915
2025-09-17T12:36:00,402,78.7,18,0.43928
2025-09-17T12:39:00,398,78.4,18,0.44546
2025-09-17T12:42:00,406,72.6,20,0.6402
2025-09-17T12:45:00,421,77.5,18,0.46402
2025-09-17T12:48:00,373,76.5,19,0.51598
2025-09-17T12:51:00,370,78,18,0.45371
2025-09-17T12:54:00,364,73.6,20,0.61683
2025-09-17T12:57:00,364,72,20,0.65421
2025-09-17T13:00:00,361,72,19,0.61478
2025-09-17T13:03:00,361,73.5,19,0.58185
2025-09-17T13:06:00,362,72.8,19,0.59722
2025-09-17T13:09:00,358,72.5,20,0.64253
2025-09-17T13:12:00,355,73.1,19,0.59063
2025-09-17T13:15:00,356,72.6,19,0.60161
2025-09-17T13:18:00,356,72.8,19,0.59722
2025-09-17T13:21:00,357,72.8,20,0.63552
2025-09-17T13:24:00,361,72.3,20,0.6472
2025-09-17T13:27:00,364,71.8,20,0.65889
2025-09-17T13:30:00,363,71,20,0.67758
2025-09-17T13:33:00,363,71.6,20,0.66356
2025-09-17T13:36:00,361,71.3,20,0.67057
2025-09-17T13:39:00,365,73.1,19,0.59063
2025-09-17T13:42:00,369,72.7,19,0.59941
2025-09-17T13:45:00,375,72.4,20,0.64487
2025-09-17T13:48:00,383,72.9,19,0.59502
2025-09-17T13:51:00,385,72.5,20,0.64253
2025-09-17T13:54:00,383,72.3,20,0.6472
2025-09-17T13:57:00,377,73.8,19,0.57526
2025-09-17T14:00:00,380,73.3,19,0.58624
2025-09-17T14:03:00,403,76.5,18,0.48465
2025-09-17T14:06:00,361,76.8,19,0.50939
2025-09-17T14:09:00,361,74.5,19,0.55989
2025-09-17T14:12:00,364,73,20,0.63085
2025-09-17T14:15:00,364,72.8,20,0.63552
2025-09-17T14:18:00,372,72.1,20,0.65188
2025-09-17T14:21:00,378,72.6,20,0.6402
2025-09-17T14:24:00,372,74,19,0.57087
2025-09-17T14:27:00,363,72.5,20,0.64253
2025-09-17T14:30:00,353,72.2,20,0.64954
2025-09-17T14:33:00,353,72,20,0.65421
2025-09-17T14:36:00,356,71.7,20,0.66122
2025-09-17T14:39:00,362,72.2,19,0.61039
2025-09-17T14:42:00,369,72.6,19,0.60161
2025-09-17T14:45:00,363,71.7,20,0.66122
2025-09-17T14:48:00,358,71.3,20,0.67057
2025-09-17T14:51:00,360,71.1,20,0.67524
2025-09-17T14:54:00,369,71.2,20,0.67291
2025-09-17T14:57:00,431,70.7,19,0.64333
2025-09-17T15:00:00,449,74.2,19,0.56648
2025-09-17T15:03:00,378,72.8,19,0.59722
2025-09-17T15:06:00,372,70.4,20,0.6916
2025-09-17T15:09:00,367,68.8,20,0.72898
2025-09-17T15:12:00,357,68.7,20,0.73132
2025-09-17T15:15:00,350,68.3,20,0.74066
2025-09-17T15:18:00,348,68.2,20,0.743
2025-09-17T15:21:00,352,68,20,0.74767
2025-09-17T15:24:00,350,67.3,20,0.76403
2025-09-17T15:27:00,352,66.7,20,0.77805
2025-09-17T15:30:00,395,65.3,21,0.86235
2025-09-17T15:33:00,408,67.8,19,0.707
2025-09-17T15:36:00,405,74.5,19,0.55989
2025-09-17T15:39:00,398,76.1,18,0.4929
2025-09-17T15:42:00,400,76.5,18,0.48465
2025-09-17T15:45:00,401,76.2,18,0.49084
2025-09-17T15:48:00,409,76.3,18,0.48877
2025-09-17T15:51:00,413,76.4,18,0.48671
2025-09-17T15:54:00,405,76.1,18,0.4929
2025-09-17T15:57:00,391,77,18,0.47434
2025-09-17T16:00:00,402,77.3,18,0.46815
2025-09-17T16:03:00,394,77,18,0.47434
2025-09-17T16:06:00,394,76.9,18,0.4764
2025-09-17T16:09:00,345,76.2,19,0.52257
2025-09-17T16:12:00,345,76.5,18,0.48465
2025-09-17T16:15:00,457,77.4,18,0.46609
2025-09-17T16:18:00,413,77.4,18,0.46609
2025-09-17T16:21:00,395,77.7,18,0.4599
2025-09-17T16:24:00,396,77.7,18,0.4599
2025-09-17T16:27:00,413,76.5,18,0.48465
2025-09-17T16:30:00,448,76.4,18,0.48671
2025-09-17T16:33:00,367,76.5,18,0.48465
2025-09-17T16:36:00,336,77.4,18,0.46609
2025-09-17T16:39:00,369,77.9,18,0.45578
2025-09-17T16:42:00,332,77.7,18,0.4599
2025-09-17T16:45:00,331,78.4,18,0.44546
2025-09-17T16:48:00,336,78.7,18,0.43928
2025-09-17T16:51:00,340,79.3,18,0.4269
2025-09-17T16:54:00,342,79.3,18,0.4269
2025-09-17T16:57:00,341,80,17,0.38723
2025-09-17T17:00:00,336,80.9,17,0.36981
2025-09-17T17:03:00,334,81.1,18,0.38978
2025-09-17T17:06:00,330,80.8,18,0.39597
2025-09-17T17:09:00,329,80.8,17,0.37174
2025-09-17T17:12:00,331,80.6,18,0.40009
2025-09-17T17:15:00,327,81.2,17,0.364
2025-09-17T17:18:00,326,81.6,17,0.35625
2025-09-17T17:21:00,332,79.7,18,0.41865
2025-09-17T17:24:00,336,80.4,18,0.40422
2025-09-17T17:27:00,345,81,17,0.36787
2025-09-17T17:30:00,341,80.9,18,0.39391
2025-09-17T17:33:00,353,80.5,18,0.40215
2025-09-17T17:36:00,341,80.9,18,0.39391
2025-09-17T17:39:00,336,81.4,17,0.36013
2025-09-17T17:42:00,336,79.2,18,0.42897
2025-09-17T17:45:00,334,78.2,19,0.47865
2025-09-17T17:48:00,334,80.7,18,0.39803
2025-09-17T17:51:00,333,79.4,19,0.45231
2025-09-17T17:54:00,333,78,19,0.48304
2025-09-17T17:57:00,330,79.4,18,0.42484
2025-09-17T18:00:00,331,78.5,19,0.47207
2025-09-17T18:03:00,332,77.5,18,0.46402
2025-09-17T18:06:00,330,78.6,18,0.44134
2025-09-17T18:09:00,331,77.5,19,0.49402
2025-09-17T18:12:00,333,77,19,0.505
2025-09-17T18:15:00,333,76.6,19,0.51378
2025-09-17T18:18:00,331,77.6,19,0.49183
2025-09-17T18:21:00,330,77.9,18,0.45578
2025-09-17T18:24:00,328,78,18,0.45371
2025-09-17T18:27:00,329,77.4,19,0.49622
2025-09-17T18:30:00,328,77.4,19,0.49622
2025-09-17T18:33:00,328,77.5,19,0.49402
2025-09-17T18:36:00,328,77.4,19,0.49622
2025-09-17T18:39:00,325,77.6,19,0.49183
2025-09-17T18:42:00,326,76.6,19,0.51378
2025-09-17T18:45:00,326,76.9,19,0.5072
2025-09-17T18:48:00,325,76.6,19,0.51378
2025-09-17T18:51:00,326,75.5,19,0.53794
2025-09-17T18:54:00,326,75.8,19,0.53135
2025-09-17T18:57:00,325,75.8,19,0.53135
2025-09-17T19:00:00,326,74.9,19,0.55111
2025-09-17T19:03:00,326,75,19,0.54891
2025-09-17T19:06:00,323,74.9,19,0.55111
2025-09-17T19:09:00,325,74.8,19,0.55331
2025-09-17T19:12:00,324,74.3,19,0.56428
2025-09-17T19:15:00,325,74.7,19,0.5555
2025-09-17T19:18:00,324,74.5,19,0.55989
2025-09-17T19:21:00,323,74.3,19,0.56428
2025-09-17T19:24:00,325,73.8,19,0.57526
2025-09-17T19:27:00,323,73.5,20,0.61917
2025-09-17T19:30:00,323,73.2,20,0.62618
2025-09-17T19:33:00,325,72.9,20,0.63319
2025-09-17T19:36:00,323,74.3,19,0.56428
2025-09-17T19:39:00,324,73.4,20,0.6215
2025-09-17T19:42:00,323,73.5,20,0.61917
2025-09-17T19:45:00,324,73.2,19,0.58844
2025-09-17T19:48:00,324,73,20,0.63085
2025-09-17T19:51:00,323,72.1,20,0.65188
2025-09-17T19:54:00,324,72.5,20,0.64253
2025-09-17T19:57:00,323,71.8,20,0.65889
2025-09-17T20:00:00,325,71.3,20,0.67057
2025-09-17T20:03:00,0,71.5,20,0.6659
2025-09-17T20:06:00,0,72.4,19,0.606
2025-09-17T20:09:00,0,73.5,19,0.58185
2025-09-17T20:12:00,0,74,19,0.57087
2025-09-17T20:15:00,0,72.7,19,0.59941
2025-09-17T20:18:00,0,72.4,19,0.606
2025-09-17T20:21:00,0,71.9,19,0.61698
2025-09-17T20:24:00,0,71.4,19,0.62796
2025-09-17T20:27:00,0,71.6,19,0.62357
2025-09-17T20:30:00,0,71.8,19,0.61918
2025-09-17T20:33:00,0,72.1,19,0.61259
2025-09-17T20:36:00,0,72,19,0.61478
2025-09-17T20:39:00,0,72,19,0.61478
2025-09-17T20:42:00,0,72,19,0.61478
2025-09-17T20:45:00,0,72.1,19,0.61259
2025-09-17T20:48:00,0,72.2,19,0.61039
2025-09-17T20:51:00,0,72.2,19,0.61039
2025-09-17T20:54:00,0,72.1,19,0.61259
2025-09-17T20:57:00,0,72.2,19,0.61039
2025-09-17T21:00:00,0,72.2,19,0.61039
2025-09-17T21:03:00,0,72.1,19,0.61259
2025-09-17T21:06:00,0,72.2,19,0.61039
2025-09-17T21:09:00,0,72.2,19,0.61039
2025-09-17T21:12:00,0,72.2,19,0.61039
2025-09-17T21:15:00,0,72.3,19,0.6082
2025-09-17T21:18:00,0,72.3,18,0.57127
2025-09-17T21:21:00,0,72.8,18,0.56095
2025-09-17T21:24:00,0,73.4,18,0.54858
2025-09-17T21:27:00,0,74.2,18,0.53208
2025-09-17T21:30:00,0,74.6,18,0.52383
2025-09-17T21:33:00,0,74.9,18,0.51765
2025-09-17T21:36:00,0,75.8,19,0.53135
2025-09-17T21:39:00,0,76.3,19,0.52037
2025-09-17T21:42:00,0,76.8,19,0.50939
2025-09-17T21:45:00,0,77.1,19,0.50281
2025-09-17T21:48:00,0,77.3,19,0.49841
2025-09-17T21:51:00,0,77.8,19,0.48744
2025-09-17T21:54:00,0,77.9,19,0.48524
2025-09-17T21:57:00,0,78.1,19,0.48085
2025-09-17T22:00:00,0,78.3,19,0.47646
2025-09-17T22:03:00,0,78.4,19,0.47426
2025-09-17T22:06:00,0,78.5,19,0.47207
2025-09-17T22:09:00,0,78.9,19,0.46328
2025-09-17T22:12:00,0,79.1,19,0.45889
2025-09-17T22:15:00,0,78.9,19,0.46328
2025-09-17T22:18:00,0,79.2,19,0.4567
2025-09-17T22:21:00,0,79.2,19,0.4567
2025-09-17T22:24:00,0,79.5,19,0.45011
2025-09-17T22:27:00,0,79.4,19,0.45231
2025-09-17T22:30:00,0,79.6,19,0.44791
2025-09-17T22:33:00,0,79.5,19,0.45011
2025-09-17T22:36:00,0,79.7,19,0.44572
2025-09-17T22:39:00,0,79.7,19,0.44572
2025-09-17T22:42:00,0,79.8,18,0.41659
2025-09-17T22:45:00,0,79.7,18,0.41865
2025-09-17T22:48:00,0,79.8,19,0.44352
2025-09-17T22:51:00,0,79.7,18,0.41865
2025-09-17T22:54:00,0,79.7,18,0.41865
2025-09-17T22:57:00,0,79.8,18,0.41659
2025-09-17T23:00:00,0,79.9,18,0.41453
2025-09-17T23:03:00,0,79.8,18,0.41659
2025-09-17T23:06:00,0,80.4,18,0.40422
2025-09-17T23:09:00,0,81.1,18,0.38978
2025-09-17T23:12:00,0,81.4,18,0.38359
2025-09-17T23:15:00,0,81.8,18,0.37534
2025-09-17T23:18:00,0,81.9,18,0.37328
2025-09-17T23:21:00,0,82.1,18,0.36916
2025-09-17T23:24:00,0,82.3,18,0.36503
2025-09-17T23:27:00,0,82.4,18,0.36297
2025-09-17T23:30:00,0,82.5,18,0.36091
2025-09-17T23:33:00,0,82.6,18,0.35885
2025-09-17T23:36:00,0,82.6,18,0.35885
2025-09-17T23:39:00,0,82.6,18,0.35885
2025-09-17T23:42:00,0,82.7,18,0.35678
2025-09-17T23:45:00,0,82.6,18,0.35885
2025-09-17T23:48:00,0,82.6,18,0.35885
2025-09-17T23:51:00,0,82.6,18,0.35885
2025-09-17T23:54:00,0,82.6,18,0.35885
2025-09-17T23:57:00,0,82.5,18,0.36091
2025-09-18T00:00:00,0,82.6,18,0.35885
2025-09-18T00:03:00,0,82.5,18,0.36091
2025-09-18T00:06:00,0,82.4,18,0.36297
2025-09-18T00:09:00,0,82.4,18,0.36297
2025-09-18T00:12:00,0,82.2,18,0.3671
2025-09-18T00:15:00,0,82,18,0.37122
2025-09-18T00:18:00,0,82.1,18,0.36916
2025-09-18T00:21:00,0,82.1,18,0.36916
2025-09-18T00:24:00,0,82,18,0.37122
2025-09-18T00:27:00,0,81.8,18,0.37534
2025-09-18T00:30:00,0,81.8,18,0.37534
2025-09-18T00:33:00,0,81.9,18,0.37328
2025-09-18T00:36:00,0,82.1,18,0.36916
2025-09-18T00:39:00,0,82.2,18,0.3671
2025-09-18T00:42:00,0,82.4,18,0.36297
2025-09-18T00:45:00,0,82.6,18,0.35885
2025-09-18T00:48:00,0,82.5,18,0.36091
2025-09-18T00:51:00,0,82.6,18,0.35885
2025-09-18T00:54:00,0,82.6,18,0.35885
2025-09-18T00:57:00,0,82.7,18,0.35678
2025-09-18T01:00:00,0,82.6,18,0.35885
2025-09-18T01:03:00,0,82.6,18,0.35885
2025-09-18T01:06:00,0,82.6,18,0.35885
2025-09-18T01:09:00,0,82.6,18,0.35885
2025-09-18T01:12:00,0,82.6,18,0.35885
2025-09-18T01:15:00,0,82.8,18,0.35472
2025-09-18T01:18:00,0,82.7,18,0.35678
2025-09-18T01:21:00,0,82.8,18,0.35472
2025-09-18T01:24:00,0,82.9,18,0.35266
2025-09-18T01:27:00,0,83.1,18,0.34853
2025-09-18T01:30:00,0,83.1,18,0.34853
2025-09-18T01:33:00,0,83.1,18,0.34853
2025-09-18T01:36:00,0,83,18,0.3506
2025-09-18T01:39:00,0,83.2,18,0.34647
2025-09-18T01:42:00,0,83.2,18,0.34647
2025-09-18T01:45:00,0,83.1,18,0.34853
2025-09-18T01:48:00,0,83,18,0.3506
2025-09-18T01:51:00,0,83,18,0.3506
2025-09-18T01:54:00,0,83,17,0.32915
2025-09-18T01:57:00,0,83,17,0.32915
2025-09-18T02:00:00,0,82.9,17,0.33108
2025-09-18T02:03:00,0,82.9,17,0.33108
2025-09-18T02:06:00,0,83.1,17,0.32721
2025-09-18T02:09:00,0,83.2,17,0.32528
2025-09-18T02:12:00,0,83.3,17,0.32334
2025-09-18T02:15:00,0,83.3,17,0.32334
2025-09-18T02:18:00,0,83.3,17,0.32334
2025-09-18T02:21:00,0,83.4,17,0.3214
2025-09-18T02:24:00,0,83.3,17,0.32334
2025-09-18T02:27:00,0,83.2,17,0.32528
2025-09-18T02:30:00,0,83.2,17,0.32528
2025-09-18T02:33:00,0,83.2,17,0.32528
2025-09-18T02:36:00,0,83.2,17,0.32528
2025-09-18T02:39:00,0,83,17,0.32915
2025-09-18T02:42:00,0,83,17,0.32915
2025-09-18T02:45:00,0,83,17,0.32915
2025-09-18T02:48:00,0,82.9,17,0.33108
2025-09-18T02:51:00,0,82.9,17,0.33108
2025-09-18T02:54:00,0,82.8,17,0.33302
2025-09-18T02:57:00,0,82.8,17,0.33302
2025-09-18T03:00:00,0,82.8,17,0.33302
2025-09-18T03:03:00,0,82.7,17,0.33496
2025-09-18T03:06:00,0,82.6,17,0.33689
2025-09-18T03:09:00,0,82.6,17,0.33689
2025-09-18T03:12:00,0,82.5,17,0.33883
2025-09-18T03:15:00,0,82.5,17,0.33883
2025-09-18T03:18:00,0,82.4,17,0.34076
2025-09-18T03:21:00,0,82.5,17,0.33883
2025-09-18T03:24:00,0,82.2,17,0.34464
2025-09-18T03:27:00,0,82.1,17,0.34657
2025-09-18T03:30:00,0,82.2,17,0.34464
2025-09-18T03:33:00,0,82,17,0.34851
2025-09-18T03:36:00,0,81.9,17,0.35045
2025-09-18T03:39:00,0,81.9,17,0.35045
2025-09-18T03:42:00,0,81.8,17,0.35238
2025-09-18T03:45:00,0,81.8,17,0.35238
2025-09-18T03:48:00,0,81.7,17,0.35432
2025-09-18T03:51:00,0,81.8,17,0.35238
2025-09-18T03:54:00,0,81.6,17,0.35625
2025-09-18T03:57:00,0,81.5,17,0.35819
2025-09-18T04:00:00,0,81.5,17,0.35819
2025-09-18T04:03:00,342,81.3,17,0.36206
2025-09-18T04:06:00,339,80.6,17,0.37562
2025-09-18T04:09:00,337,79.7,17,0.39304
2025-09-18T04:12:00,336,79.1,17,0.40466
2025-09-18T04:15:00,334,78.6,18,0.44134
2025-09-18T04:18:00,332,78,18,0.45371
2025-09-18T04:21:00,331,77.7,18,0.4599
2025-09-18T04:24:00,330,77.4,18,0.46609
2025-09-18T04:27:00,329,76.9,18,0.4764
2025-09-18T04:30:00,326,76.7,18,0.48052
2025-09-18T04:33:00,326,76.3,18,0.48877
2025-09-18T04:36:00,327,76.2,19,0.52257
2025-09-18T04:39:00,327,75.9,19,0.52915
2025-09-18T04:42:00,326,75.7,19,0.53354
2025-09-18T04:45:00,325,75.5,19,0.53794
2025-09-18T04:48:00,326,75.4,19,0.54013
2025-09-18T04:51:00,326,75.1,19,0.54672
2025-09-18T04:54:00,326,74.8,19,0.55331
2025-09-18T04:57:00,326,74.8,19,0.55331
2025-09-18T05:00:00,326,73.5,19,0.58185
2025-09-18T05:03:00,327,72.3,19,0.6082
2025-09-18T05:06:00,325,72.3,19,0.6082
2025-09-18T05:09:00,326,71,19,0.63674
2025-09-18T05:12:00,326,70.1,19,0.6565
2025-09-18T05:15:00,326,69.9,19,0.66089
2025-09-18T05:18:00,325,69.7,19,0.66528
2025-09-18T05:21:00,326,69.7,19,0.66528
2025-09-18T05:24:00,325,69.4,19,0.67187
2025-09-18T05:27:00,325,68.9,20,0.72665
2025-09-18T05:30:00,325,68.3,19,0.69602
2025-09-18T05:33:00,325,67.8,19,0.707
2025-09-18T05:36:00,324,67.7,19,0.7092
2025-09-18T05:39:00,326,67.1,19,0.72237
2025-09-18T05:42:00,326,67,19,0.72457
2025-09-18T05:45:00,325,66.6,19,0.73335
2025-09-18T05:48:00,326,66.6,19,0.73335
2025-09-18T05:51:00,326,66.6,20,0.78038
2025-09-18T05:54:00,326,66,20,0.7944
2025-09-18T05:57:00,326,66.2,19,0.74213
2025-09-18T06:00:00,326,65.9,20,0.79674
2025-09-18T06:03:00,326,66.3,20,0.78739
2025-09-18T06:06:00,326,65.9,20,0.79674
2025-09-18T06:09:00,326,65.3,20,0.81076
2025-09-18T06:12:00,326,65.2,20,0.81309
2025-09-18T06:15:00,326,64.8,20,0.82244
2025-09-18T06:18:00,326,64.7,20,0.82478
2025-09-18T06:21:00,326,64.8,20,0.82244
2025-09-18T06:24:00,326,65.2,20,0.81309
2025-09-18T06:27:00,328,64.6,20,0.82711
2025-09-18T06:30:00,326,64.1,20,0.8388
2025-09-18T06:33:00,326,64.4,20,0.83179
2025-09-18T06:36:00,326,64.7,20,0.82478
2025-09-18T06:39:00,326,64.6,20,0.82711
2025-09-18T06:42:00,327,64.6,20,0.82711
2025-09-18T06:45:00,326,64.2,20,0.83646
2025-09-18T06:48:00,327,64,20,0.84113
2025-09-18T06:51:00,327,64.4,20,0.83179
2025-09-18T06:54:00,327,64.2,20,0.83646
2025-09-18T06:57:00,328,63.5,20,0.85281
2025-09-18T07:00:00,327,63.9,20,0.84347
2025-09-18T07:03:00,327.5,63.9,20,0.84347
2025-09-18T07:06:00,328,63.9,20,0.84347
2025-09-18T07:09:00,328,63.7,20,0.84814
2025-09-18T07:12:00,328,63.7,20,0.84814
2025-09-18T07:15:00,328,63.4,20,0.85515
2025-09-18T07:18:00,328,63.3,20,0.85749
2025-09-18T07:21:00,328,63,20,0.8645
2025-09-18T07:24:00,328,63.6,20,0.85048
2025-09-18T07:27:00,330,63.5,20,0.85281
2025-09-18T07:30:00,330,62.8,20,0.86917
2025-09-18T07:33:00,331,63.3,20,0.85749
2025-09-18T07:36:00,334,63.1,20,0.86216
2025-09-18T07:39:00,332,63,20,0.8645
2025-09-18T07:42:00,331,63.2,20,0.85982
2025-09-18T07:45:00,331,63.2,20,0.85982
2025-09-18T07:48:00,330,63.6,20,0.85048
2025-09-18T07:51:00,331,63.4,20,0.85515
2025-09-18T07:54:00,330,63.6,20,0.85048
2025-09-18T07:57:00,331,63.7,20,0.84814
2025-09-18T08:00:00,331,63.7,20,0.84814
2025-09-18T08:03:00,332,64.1,20,0.8388
2025-09-18T08:06:00,333,64.1,20,0.8388
2025-09-18T08:09:00,336,64.2,20,0.83646
2025-09-18T08:12:00,339,64.1,20,0.8388
2025-09-18T08:15:00,336,64.2,20,0.83646
2025-09-18T08:18:00,336,64.1,20,0.8388
2025-09-18T08:21:00,336,64.1,20,0.8388
2025-09-18T08:24:00,335,64,20,0.84113
2025-09-18T08:27:00,333,64.3,20,0.83412
2025-09-18T08:30:00,331,64.1,20,0.8388
2025-09-18T08:33:00,332,64.1,20,0.8388
2025-09-18T08:36:00,331,64.1,20,0.8388
2025-09-18T08:39:00,333,64.1,20,0.8388
2025-09-18T08:42:00,331,64.2,20,0.83646
2025-09-18T08:45:00,335,62.1,20,0.88553
2025-09-18T08:48:00,336,64.1,20,0.8388
2025-09-18T08:51:00,336,64,20,0.84113
2025-09-18T08:54:00,336,64.1,20,0.8388
2025-09-18T08:57:00,337,64.3,20,0.83412
2025-09-18T09:00:00,339,63.3,20,0.85749
2025-09-18T09:03:00,338,64.3,20,0.83412
2025-09-18T09:06:00,338,63,20,0.8645
2025-09-18T09:09:00,339,63.7,20,0.84814
2025-09-18T09:12:00,340,64.1,19,0.78824
2025-09-18T09:15:00,344,63.9,20,0.84347
2025-09-18T09:18:00,344,64.4,19,0.78165
2025-09-18T09:21:00,345,63.4,20,0.85515
2025-09-18T09:24:00,345,64,20,0.84113
2025-09-18T09:27:00,340,63.4,20,0.85515
2025-09-18T09:30:00,342,63.4,20,0.85515
2025-09-18T09:33:00,342,64.7,19,0.77507
2025-09-18T09:36:00,341,64.8,20,0.82244
2025-09-18T09:39:00,342,64.2,20,0.83646
2025-09-18T09:42:00,339,64,20,0.84113
2025-09-18T09:45:00,335,65,19,0.76848
2025-09-18T09:48:00,339,64,20,0.84113
2025-09-18T09:51:00,343,64.4,20,0.83179
2025-09-18T09:54:00,339,65,20,0.81777
2025-09-18T09:57:00,336,65,20,0.81777
2025-09-18T10:00:00,339,65.5,20,0.80609
2025-09-18T10:03:00,340,65.2,20,0.81309
2025-09-18T10:06:00,340,66,19,0.74652
2025-09-18T10:09:00,342,65.5,20,0.80609
2025-09-18T10:12:00,344,65.3,20,0.81076
2025-09-18T10:15:00,343,64.8,20,0.82244
2025-09-18T10:18:00,345,65.2,19,0.76409
2025-09-18T10:21:00,350,65.6,20,0.80375
2025-09-18T10:24:00,351,64.9,20,0.8201
2025-09-18T10:27:00,347,65.5,19,0.7575
2025-09-18T10:30:00,347,65.6,20,0.80375
2025-09-18T10:33:00,347,64.1,20,0.8388
2025-09-18T10:36:00,347,64.4,20,0.83179
2025-09-18T10:39:00,350,64.9,20,0.8201
2025-09-18T10:42:00,350,65.9,19,0.74872
2025-09-18T10:45:00,350,65.1,20,0.81543
2025-09-18T10:48:00,346,64.7,20,0.82478
2025-09-18T10:51:00,347,64.8,20,0.82244
2025-09-18T10:54:00,350,66,19,0.74652
2025-09-18T10:57:00,351,66.4,20,0.78506
2025-09-18T11:00:00,356,66.3,19,0.73994
2025-09-18T11:03:00,362,66.1,20,0.79207
2025-09-18T11:06:00,366.5,66.3,20,0.78739
2025-09-18T11:09:00,371,66.5,20,0.78272
2025-09-18T11:12:00,374,66.7,19,0.73115
2025-09-18T11:15:00,358,66.5,20,0.78272
2025-09-18T11:18:00,353,66.5,19,0.73555
2025-09-18T11:21:00,352,66.2,20,0.78973
2025-09-18T11:24:00,347,67.2,19,0.72018
2025-09-18T11:27:00,355,66.4,20,0.78506
2025-09-18T11:30:00,358,65.4,20,0.80842
2025-09-18T11:33:00,358,65.2,20,0.81309
2025-09-18T11:36:00,350,65.6,20,0.80375
2025-09-18T11:39:00,345,66.4,20,0.78506
2025-09-18T11:42:00,348,65.5,20,0.80609
2025-09-18T11:45:00,350,66.3,20,0.78739
2025-09-18T11:48:00,354,65.7,20,0.80141
2025-09-18T11:51:00,348,65.4,20,0.80842
2025-09-18T11:54:00,345,66.6,20,0.78038
2025-09-18T11:57:00,347,66.3,20,0.78739
2025-09-18T12:00:00,349,66.7,20,0.77805
2025-09-18T12:03:00,350,65.7,20,0.80141
2025-09-18T12:06:00,347,66.2,20,0.78973
2025-09-18T12:09:00,353,66.5,20,0.78272
2025-09-18T12:12:00,348,66.6,20,0.78038
2025-09-18T12:15:00,349,67.7,20,0.75468
2025-09-18T12:18:00,350,67,20,0.77104
2025-09-18T12:21:00,347,67.4,20,0.76169
2025-09-18T12:24:00,345,66.3,20,0.78739
2025-09-18T12:27:00,349,66.1,20,0.79207
2025-09-18T12:30:00,350,67.1,20,0.7687
2025-09-18T12:33:00,350,68,20,0.74767
2025-09-18T12:36:00,344,68.1,20,0.74534
2025-09-18T12:39:00,350,66.6,20,0.78038
2025-09-18T12:42:00,348,66.2,20,0.78973
2025-09-18T12:45:00,347,66.6,20,0.78038
2025-09-18T12:48:00,349,67.2,20,0.76637
2025-09-18T12:51:00,358,67.3,20,0.76403
2025-09-18T12:54:00,361,67.1,20,0.7687
2025-09-18T12:57:00,353,66.4,20,0.78506
2025-09-18T13:00:00,361,66.5,20,0.78272
2025-09-18T13:03:00,366,66.6,20,0.78038
2025-09-18T13:06:00,377,66.6,20,0.78038
2025-09-18T13:09:00,386,67,20,0.77104
2025-09-18T13:12:00,426,69.5,19,0.66968
2025-09-18T13:15:00,369,67.4,20,0.76169
2025-09-18T13:18:00,364,66.5,21,0.83253
2025-09-18T13:21:00,360,65.1,21,0.86732
2025-09-18T13:24:00,359,64.8,21,0.87477
2025-09-18T13:27:00,358,64.4,21,0.88471
2025-09-18T13:30:00,364,66.3,21,0.8375
2025-09-18T13:33:00,355,73.4,19,0.58404
2025-09-18T13:36:00,349,72.7,20,0.63786
2025-09-18T13:39:00,354,73,20,0.63085
2025-09-18T13:42:00,348,71.9,20,0.65655
2025-09-18T13:45:00,346,71.3,20,0.67057
2025-09-18T13:48:00,345,70.5,20,0.68926
2025-09-18T13:51:00,345,71.1,20,0.67524
2025-09-18T13:54:00,345,72.2,20,0.64954
2025-09-18T13:57:00,352,72,20,0.65421
2025-09-18T14:00:00,370,72.6,20,0.6402
2025-09-18T14:03:00,373,72.6,19,0.60161
2025-09-18T14:06:00,375,73.1,19,0.59063
2025-09-18T14:09:00,376,72.8,19,0.59722
2025-09-18T14:12:00,386,72.7,20,0.63786
2025-09-18T14:15:00,400,73.8,19,0.57526
2025-09-18T14:18:00,410,76,18,0.49496
2025-09-18T14:21:00,396,75.2,19,0.54452
2025-09-18T14:24:00,410,77.8,19,0.48744
2025-09-18T14:27:00,431,75.9,19,0.52915
2025-09-18T14:30:00,430,77,19,0.505
2025-09-18T14:33:00,409,74.4,20,0.59814
2025-09-18T14:36:00,394,72.6,20,0.6402
2025-09-18T14:39:00,364,72.9,20,0.63319
2025-09-18T14:42:00,356,71.8,20,0.65889
2025-09-18T14:45:00,353,71.7,20,0.66122
2025-09-18T14:48:00,350,70.9,21,0.72318
2025-09-18T14:51:00,353,71,20,0.67758
2025-09-18T14:54:00,346,70.7,20,0.68459
2025-09-18T14:57:00,348,71.1,20,0.67524
2025-09-18T15:00:00,347,70.8,20,0.68225
2025-09-18T15:03:00,349,70.3,20,0.69393
2025-09-18T15:06:00,340,70.2,20,0.69627
2025-09-18T15:09:00,349,69.9,20,0.70328
2025-09-18T15:12:00,351,71.4,20,0.66823
2025-09-18T15:15:00,343,69.9,20,0.70328
2025-09-18T15:18:00,345,68.7,21,0.77785
2025-09-18T15:21:00,352,68.8,20,0.72898
2025-09-18T15:24:00,350,69.9,20,0.70328
2025-09-18T15:27:00,353,69.95,20.5,0.72415
2025-09-18T15:30:00,356,70,21,0.74555
2025-09-18T15:33:00,353,76,19,0.52696
2025-09-18T15:36:00,356,75.7,19,0.53354
2025-09-18T15:39:00,363,74.1,20,0.60515
2025-09-18T15:42:00,355,75.2,19,0.54452
2025-09-18T15:45:00,350,76.1,19,0.52476
2025-09-18T15:48:00,352,75.3,19,0.54233
2025-09-18T15:51:00,357,73.9,19,0.57307
2025-09-18T15:54:00,360,75.2,19,0.54452
2025-09-18T15:57:00,396,75,19,0.54891
2025-09-18T16:00:00,380,76,19,0.52696
2025-09-18T16:03:00,351,78.3,19,0.47646
2025-09-18T16:06:00,383,75.7,20,0.56776
2025-09-18T16:09:00,399,77,19,0.505
2025-09-18T16:12:00,416,80.1,18,0.4104
2025-09-18T16:15:00,428,81.2,18,0.38772
2025-09-18T16:18:00,364,78.4,19,0.47426
2025-09-18T16:21:00,369,78.5,19,0.47207
2025-09-18T16:24:00,354,78.9,19,0.46328
2025-09-18T16:27:00,358,76.2,19,0.52257
2025-09-18T16:30:00,394,78.8,18,0.43721
2025-09-18T16:33:00,405,78.4,19,0.47426
2025-09-18T16:36:00,358,77.8,19,0.48744
2025-09-18T16:39:00,369,77.2,19,0.50061
2025-09-18T16:42:00,341,77.6,19,0.49183
2025-09-18T16:45:00,346,75.8,20,0.56543
2025-09-18T16:48:00,358,75.2,20,0.57945
2025-09-18T16:51:00,348,77.1,19,0.50281
2025-09-18T16:54:00,340,76.2,19,0.52257
2025-09-18T16:57:00,340,75.4,19,0.54013
2025-09-18T17:00:00,338,75.3,19,0.54233
2025-09-18T17:03:00,339,74.7,19,0.5555
2025-09-18T17:06:00,343,74.5,19,0.55989
2025-09-18T17:09:00,353,74.6,19,0.5577
2025-09-18T17:12:00,367,74.4,19,0.56209
2025-09-18T17:15:00,349,74,20,0.60748
2025-09-18T17:18:00,356,73.7,20,0.61449
2025-09-18T17:21:00,358,74.5,19,0.55989
2025-09-18T17:24:00,345,74.5,20,0.5958
2025-09-18T17:27:00,347,74.6,20,0.59347
2025-09-18T17:30:00,351,74.5,20,0.5958
2025-09-18T17:33:00,347,73.7,20,0.61449
2025-09-18T17:36:00,349,73.6,20,0.61683
2025-09-18T17:39:00,347,74.2,19,0.56648
2025-09-18T17:42:00,343,74.2,20,0.60281
2025-09-18T17:45:00,345,74.1,20,0.60515
2025-09-18T17:48:00,338,74.1,19,0.56868
2025-09-18T17:51:00,341,74,20,0.60748
2025-09-18T17:54:00,336,73.1,20,0.62851
2025-09-18T17:57:00,336,72.4,20,0.64487
2025-09-18T18:00:00,336,73.3,20,0.62384
2025-09-18T18:03:00,336,73.3,20,0.62384
2025-09-18T18:06:00,338,72.7,20,0.63786
2025-09-18T18:09:00,338,71.3,20,0.67057
2025-09-18T18:12:00,336,71.3,20,0.67057
2025-09-18T18:15:00,334,71.1,20,0.67524
2025-09-18T18:18:00,333,71.3,20,0.67057
2025-09-18T18:21:00,333,70.4,20,0.6916
2025-09-18T18:24:00,331,69.4,20,0.71496
2025-09-18T18:27:00,331,69.5,20,0.71263
2025-09-18T18:30:00,330,69,20,0.72431
2025-09-18T18:33:00,331,68.3,20,0.74066
2025-09-18T18:36:00,330,67.7,20,0.75468
2025-09-18T18:39:00,331,67.4,20,0.76169
2025-09-18T18:42:00,331,66.6,20,0.78038
2025-09-18T18:45:00,329,66.8,20,0.77571
2025-09-18T18:48:00,330,66.2,21,0.83998
2025-09-18T18:51:00,330,65.5,21,0.85738
2025-09-18T18:54:00,331,65.1,21,0.86732
2025-09-18T18:57:00,328,64.7,21,0.87726
2025-09-18T19:00:00,329,64.8,21,0.87477
2025-09-18T19:03:00,328,65.5,20,0.80609
2025-09-18T19:06:00,327,65.3,21,0.86235
2025-09-18T19:09:00,327,65.4,21,0.85986
2025-09-18T19:12:00,326,65.5,21,0.85738
2025-09-18T19:15:00,327,65,21,0.8698
2025-09-18T19:18:00,327,64.3,20,0.83412
2025-09-18T19:21:00,327,64.8,20,0.82244
2025-09-18T19:24:00,327,65.5,20,0.80609
2025-09-18T19:27:00,327,65.1,20,0.81543
2025-09-18T19:30:00,327,65.3,20,0.81076
2025-09-18T19:33:00,326,68.6,20,0.73365
2025-09-18T19:36:00,326,72,19,0.61478
2025-09-18T19:39:00,324,72.2,20,0.64954
2025-09-18T19:42:00,326,71.8,20,0.65889
2025-09-18T19:45:00,326,71.5,20,0.6659
2025-09-18T19:48:00,326,70.55,20,0.68809
2025-09-18T19:51:00,326,69.6,20,0.71029
2025-09-18T19:54:00,326,67.5,20,0.75936
2025-09-18T19:57:00,325,67.7,20,0.75468
2025-09-18T20:00:00,326,68.2,20,0.743
2025-09-18T20:03:00,0,71,19,0.63674
2025-09-18T20:06:00,0,71.1,19,0.63455
2025-09-18T20:09:00,0,72.6,19,0.60161
2025-09-18T20:12:00,0,72.6,19,0.60161
2025-09-18T20:15:00,0,70,19,0.6587
2025-09-18T20:18:00,0,69.5,19,0.66968
2025-09-18T20:21:00,0,71.2,19,0.63235
2025-09-18T20:24:00,0,74.1,18,0.53414
2025-09-18T20:27:00,0,76.4,18,0.48671
2025-09-18T20:30:00,0,76.5,18,0.48465
2025-09-18T20:33:00,0,78,18,0.45371
2025-09-18T20:36:00,0,76.2,18,0.49084
2025-09-18T20:39:00,0,76.5,18,0.48465
2025-09-18T20:42:00,0,75.1,18,0.51352
2025-09-18T20:45:00,0,74,18,0.53621
2025-09-18T20:48:00,0,73.5,18,0.54652
2025-09-18T20:51:00,0,72.9,18,0.55889
2025-09-18T20:54:00,0,72.7,18,0.56302
2025-09-18T20:57:00,0,72.4,18,0.5692
2025-09-18T21:00:00,0,72.3,18,0.57127
2025-09-18T21:03:00,0,72,18,0.57745
2025-09-18T21:06:00,0,71.9,18,0.57952
2025-09-18T21:09:00,0,71.8,18,0.58158
2025-09-18T21:12:00,0,71.9,18,0.57952
2025-09-18T21:15:00,0,72,18,0.57745
2025-09-18T21:18:00,0,72.5,18,0.56714
2025-09-18T21:21:00,0,74.1,18,0.53414
2025-09-18T21:24:00,0,74.1,18,0.53414
2025-09-18T21:27:00,0,74.7,18,0.52177
2025-09-18T21:30:00,0,75.7,18,0.50115
2025-09-18T21:33:00,0,76.4,18,0.48671
2025-09-18T21:36:00,0,76.8,18,0.47846
2025-09-18T21:39:00,0,77.4,18,0.46609
2025-09-18T21:42:00,0,77.8,18,0.45784
2025-09-18T21:45:00,0,78.1,18,0.45165
2025-09-18T21:48:00,0,78.3,18,0.44753
2025-09-18T21:51:00,0,78.6,18,0.44134
2025-09-18T21:54:00,0,78.9,18,0.43515
2025-09-18T21:57:00,0,79.1,18,0.43103
2025-09-18T22:00:00,0,79.3,18,0.4269
2025-09-18T22:03:00,0,79.4,18,0.42484
2025-09-18T22:06:00,0,79.7,18,0.41865
2025-09-18T22:09:00,0,79.7,18,0.41865
2025-09-18T22:12:00,0,79.9,18,0.41453
2025-09-18T22:15:00,0,79.9,18,0.41453
2025-09-18T22:18:00,0,80.1,18,0.4104
2025-09-18T22:21:00,0,80,18,0.41247
2025-09-18T22:24:00,0,80.3,18,0.40628
2025-09-18T22:27:00,0,80.2,18,0.40834
2025-09-18T22:30:00,0,80.4,18,0.40422
2025-09-18T22:33:00,0,80.5,18,0.40215
2025-09-18T22:36:00,0,80.4,18,0.40422
2025-09-18T22:39:00,0,80.6,18,0.40009
2025-09-18T22:42:00,0,80.6,18,0.40009
2025-09-18T22:45:00,0,80.7,18,0.39803
2025-09-18T22:48:00,0,80.7,18,0.39803
2025-09-18T22:51:00,0,80.7,18,0.39803
2025-09-18T22:54:00,0,80.6,18,0.40009
2025-09-18T22:57:00,0,80.7,18,0.39803
2025-09-18T23:00:00,0,80.9,18,0.39391
2025-09-18T23:03:00,0,81.1,18,0.38978
2025-09-18T23:06:00,0,81.4,18,0.38359
2025-09-18T23:09:00,0,82.1,18,0.36916
2025-09-18T23:12:00,0,82.4,18,0.36297
2025-09-18T23:15:00,0,82.6,18,0.35885
2025-09-18T23:18:00,0,82.9,18,0.35266
2025-09-18T23:21:00,0,83.1,18,0.34853
2025-09-18T23:24:00,0,83.2,18,0.34647
2025-09-18T23:27:00,0,83.4,18,0.34235
2025-09-18T23:30:00,0,83.4,18,0.34235
2025-09-18T23:33:00,0,83.5,18,0.34028
2025-09-18T23:36:00,0,83.6,18,0.33822
2025-09-18T23:39:00,0,83.6,18,0.33822
2025-09-18T23:42:00,0,83.6,18,0.33822
2025-09-18T23:45:00,0,83.7,18,0.33616
2025-09-18T23:48:00,0,83.6,18,0.33822
2025-09-18T23:51:00,0,83.6,18,0.33822
2025-09-18T23:54:00,0,83.6,18,0.33822
2025-09-18T23:57:00,0,83.6,18,0.33822
2025-09-19T00:00:00,0,83.6,18,0.33822
2025-09-19T00:03:00,0,83.6,18,0.33822
2025-09-19T00:06:00,0,83.5,18,0.34028
2025-09-19T00:09:00,0,83.4,18,0.34235
2025-09-19T00:12:00,0,83.4,18,0.34235
2025-09-19T00:15:00,0,83.3,18,0.34441
2025-09-19T00:18:00,0,83.3,18,0.34441
2025-09-19T00:21:00,0,83.3,18,0.34441
2025-09-19T00:24:00,0,83.2,18,0.34647
2025-09-19T00:27:00,0,83.2,18,0.34647
2025-09-19T00:30:00,0,83.2,18,0.34647
2025-09-19T00:33:00,0,83.2,18,0.34647
2025-09-19T00:36:00,0,83.3,18,0.34441
2025-09-19T00:39:00,0,83.6,18,0.33822
2025-09-19T00:42:00,0,83.7,18,0.33616
2025-09-19T00:45:00,0,83.7,18,0.33616
2025-09-19T00:48:00,0,84,18,0.32997
2025-09-19T00:51:00,0,83.8,18,0.3341
2025-09-19T00:54:00,0,84.1,18,0.32791
2025-09-19T00:57:00,0,84.1,18,0.32791
2025-09-19T01:00:00,0,84.1,18,0.32791
2025-09-19T01:03:00,0,84,18,0.32997
2025-09-19T01:06:00,0,84,18,0.32997
2025-09-19T01:09:00,0,84.2,18,0.32585
2025-09-19T01:12:00,0,84.4,18,0.32172
2025-09-19T01:15:00,0,84.3,17,0.30398
2025-09-19T01:18:00,0,84.4,17,0.30204
2025-09-19T01:21:00,0,84.6,17,0.29817
2025-09-19T01:24:00,0,84.8,17,0.2943
2025-09-19T01:27:00,0,84.9,17,0.29236
2025-09-19T01:30:00,0,84.9,17,0.29236
2025-09-19T01:33:00,0,85,17,0.29042
2025-09-19T01:36:00,0,85.1,17,0.28849
2025-09-19T01:39:00,0,85.1,17,0.28849
2025-09-19T01:42:00,0,85.2,17,0.28655
2025-09-19T01:45:00,0,85.1,17,0.28849
2025-09-19T01:48:00,0,85.1,17,0.28849
2025-09-19T01:51:00,0,85,17,0.29042
2025-09-19T01:54:00,0,85.1,17,0.28849
2025-09-19T01:57:00,0,85.1,17,0.28849
2025-09-19T02:00:00,0,85.1,17,0.28849
2025-09-19T02:03:00,0,85.1,17,0.28849
2025-09-19T02:06:00,0,85.2,17,0.28655
2025-09-19T02:09:00,0,85.3,17,0.28462
2025-09-19T02:12:00,0,85.4,17,0.28268
2025-09-19T02:15:00,0,85.5,17,0.28074
2025-09-19T02:18:00,0,85.5,17,0.28074
2025-09-19T02:21:00,0,85.5,17,0.28074
2025-09-19T02:24:00,0,85.5,17,0.28074
2025-09-19T02:27:00,0,85.4,17,0.28268
2025-09-19T02:30:00,0,85.5,17,0.28074
2025-09-19T02:33:00,0,85.5,17,0.28074
2025-09-19T02:36:00,0,85.5,17,0.28074
2025-09-19T02:39:00,0,85.5,17,0.28074
2025-09-19T02:42:00,0,85.4,17,0.28268
2025-09-19T02:45:00,0,85.5,17,0.28074
2025-09-19T02:48:00,0,85.4,17,0.28268
2025-09-19T02:51:00,0,85.4,17,0.28268
2025-09-19T02:54:00,0,85.4,17,0.28268
2025-09-19T02:57:00,0,85.4,17,0.28268
2025-09-19T03:00:00,0,85.4,17,0.28268
2025-09-19T03:03:00,0,85.3,17,0.28462
2025-09-19T03:06:00,0,85.2,17,0.28655
2025-09-19T03:09:00,0,85.2,17,0.28655
2025-09-19T03:12:00,0,85.3,17,0.28462
2025-09-19T03:15:00,0,85.3,17,0.28462
2025-09-19T03:18:00,0,85.2,17,0.28655
2025-09-19T03:21:00,0,85.3,17,0.28462
2025-09-19T03:24:00,0,85.4,17,0.28268
2025-09-19T03:27:00,0,85.4,17,0.28268
2025-09-19T03:30:00,0,85.5,17,0.28074
2025-09-19T03:33:00,0,85.6,17,0.27881
2025-09-19T03:36:00,0,85.6,17,0.27881
2025-09-19T03:39:00,0,85.7,17,0.27687
2025-09-19T03:42:00,0,85.7,17,0.27687
2025-09-19T03:45:00,0,85.8,17,0.27494
2025-09-19T03:48:00,0,85.8,17,0.27494
2025-09-19T03:51:00,0,85.8,17,0.27494
2025-09-19T03:54:00,0,85.8,17,0.27494
2025-09-19T03:57:00,0,85.8,17,0.27494
2025-09-19T04:00:00,0,85.6,17,0.27881
2025-09-19T04:03:00,342,85.7,17,0.27687
2025-09-19T04:06:00,340,85,17,0.29042
2025-09-19T04:09:00,337,84.4,17,0.30204
2025-09-19T04:12:00,335,83.8,18,0.3341
2025-09-19T04:15:00,334,83.3,18,0.34441
2025-09-19T04:18:00,331,82.6,18,0.35885
2025-09-19T04:21:00,331,82.1,18,0.36916
2025-09-19T04:24:00,330,81.7,18,0.37741
2025-09-19T04:27:00,329,81.3,18,0.38566
2025-09-19T04:30:00,328,80.9,19,0.41937
2025-09-19T04:33:00,327,80.5,19,0.42815
2025-09-19T04:36:00,328,80.3,19,0.43254
2025-09-19T04:39:00,328,79.8,19,0.44352
2025-09-19T04:42:00,327,79.7,19,0.44572
2025-09-19T04:45:00,326,79.3,19,0.4545
2025-09-19T04:48:00,326,79.2,19,0.4567
2025-09-19T04:51:00,326,79,19,0.46109
2025-09-19T04:54:00,326,78.8,19,0.46548
2025-09-19T04:57:00,328,78.7,19,0.46768
2025-09-19T05:00:00,326,78.5,20,0.50234
2025-09-19T05:03:00,326,78.3,20,0.50702
2025-09-19T05:06:00,326,78.2,20,0.50935
2025-09-19T05:09:00,327,76,20,0.56076
2025-09-19T05:12:00,326,75.7,20,0.56776
2025-09-19T05:15:00,326,74.8,20,0.58879
2025-09-19T05:18:00,326,74,20,0.60748
2025-09-19T05:21:00,326,74.2,20,0.60281
2025-09-19T05:24:00,326,72.9,20,0.63319
2025-09-19T05:27:00,326,72.2,20,0.64954
2025-09-19T05:30:00,326,72.9,20,0.63319
2025-09-19T05:33:00,325,71.4,20,0.66823
2025-09-19T05:36:00,324,71.6,20,0.66356
2025-09-19T05:39:00,326,71.4,20,0.66823
2025-09-19T05:42:00,325,70.7,20,0.68459
2025-09-19T05:45:00,324,71.3,20,0.67057
2025-09-19T05:48:00,326,69.9,20,0.70328
2025-09-19T05:51:00,326,69.1,20,0.72197
2025-09-19T05:54:00,326,70.5,20,0.68926
2025-09-19T05:57:00,326,69.2,20,0.71964
2025-09-19T06:00:00,325,69.1,20,0.72197
2025-09-19T06:03:00,326,69.4,20,0.71496
2025-09-19T06:06:00,325,68.7,20,0.73132
2025-09-19T06:09:00,326,68.5,20,0.73599
2025-09-19T06:12:00,326,68.4,20,0.73833
2025-09-19T06:15:00,326,67.5,20,0.75936
2025-09-19T06:18:00,325,68.7,20,0.73132
2025-09-19T06:21:00,325,68.3,20,0.74066
2025-09-19T06:24:00,326,67.3,20,0.76403
2025-09-19T06:27:00,325,66.9,20,0.77337
2025-09-19T06:30:00,326,68.2,20,0.743
2025-09-19T06:33:00,325,67.5,20,0.75936
2025-09-19T06:36:00,326,67,20,0.77104
2025-09-19T06:39:00,326,67,20,0.77104
2025-09-19T06:42:00,326,67.1,20,0.7687
2025-09-19T06:45:00,325,67.3,20,0.76403
2025-09-19T06:48:00,326,66.6,20,0.78038
2025-09-19T06:51:00,326,66.2,20,0.78973
2025-09-19T06:54:00,326,66.5,20,0.78272
2025-09-19T06:57:00,326,66.8,20,0.77571
2025-09-19T07:00:00,328,65.7,20,0.80141
2025-09-19T07:03:00,326,65.8,20,0.79908
2025-09-19T07:06:00,328,66.2,20,0.78973
2025-09-19T07:09:00,329,65.9,20,0.79674
2025-09-19T07:12:00,329,65.4,19,0.7597
2025-09-19T07:15:00,330,65.1,20,0.81543
2025-09-19T07:18:00,331,65,20,0.81777
2025-09-19T07:21:00,333,64.9,20,0.8201
2025-09-19T07:24:00,333,64.6,19,0.77726
2025-09-19T07:27:00,333,64.2,20,0.83646
2025-09-19T07:30:00,335,64.4,19,0.78165
2025-09-19T07:33:00,335,64.8,19,0.77287
2025-09-19T07:36:00,335,64.2,19,0.78605
2025-09-19T07:39:00,336,64.1,19,0.78824
2025-09-19T07:42:00,337,64,19,0.79044
2025-09-19T07:45:00,338,63.9,19,0.79263
2025-09-19T07:48:00,338,63.8,19,0.79483
2025-09-19T07:51:00,338,63.8,19,0.79483
2025-09-19T07:54:00,341,64.2,19,0.78605
2025-09-19T07:57:00,340,63.9,19,0.79263
2025-09-19T08:00:00,340,63.9,19,0.79263
2025-09-19T08:03:00,339,63.6,19,0.79922
2025-09-19T08:06:00,338.5,63.5,19.5,0.82676
2025-09-19T08:09:00,338,63.4,20,0.85515
2025-09-19T08:12:00,339,63.4,20,0.85515
2025-09-19T08:15:00,340,63.7,20,0.84814
2025-09-19T08:18:00,341,63.7,20,0.84814
2025-09-19T08:21:00,343,63.6,20,0.85048
2025-09-19T08:24:00,346,63.4,20,0.85515
2025-09-19T08:27:00,346,63.4,20,0.85515
2025-09-19T08:30:00,346,63.4,20,0.85515
2025-09-19T08:33:00,346,63.6,20,0.85048
2025-09-19T08:36:00,347,64.3,20,0.83412
2025-09-19T08:39:00,348,64.5,20,0.82945
2025-09-19T08:42:00,347,63.5,20,0.85281
2025-09-19T08:45:00,347,64.7,20,0.82478
2025-09-19T08:48:00,346,63.7,20,0.84814
2025-09-19T08:51:00,347,64,20,0.84113
2025-09-19T08:54:00,347,63.2,20,0.85982
2025-09-19T08:57:00,348,64.3,19,0.78385
2025-09-19T09:00:00,351,64.2,20,0.83646
2025-09-19T09:03:00,351,64.4,20,0.83179
2025-09-19T09:06:00,351,63.6,20,0.85048
2025-09-19T09:09:00,353,64.1,20,0.8388
2025-09-19T09:12:00,353,63.8,20,0.84581
2025-09-19T09:15:00,354,64,20,0.84113
2025-09-19T09:18:00,353,63.4,19,0.80361
2025-09-19T09:21:00,356,64.1,20,0.8388
2025-09-19T09:24:00,358,63.8,19,0.79483
2025-09-19T09:27:00,362,62.8,20,0.86917
2025-09-19T09:30:00,372,64,20,0.84113
2025-09-19T09:33:00,380,62.9,20,0.86683
2025-09-19T09:36:00,446,62.4,20,0.87852
2025-09-19T09:39:00,491,62.8,20,0.86917
2025-09-19T09:42:00,497,61.6,20,0.89721
2025-09-19T09:45:00,495,61.3,21,0.96175
2025-09-19T09:48:00,498,61.2,21,0.96424
2025-09-19T09:51:00,494,60.7,21,0.97667
2025-09-19T09:54:00,495,61.7,21,0.95181
2025-09-19T09:57:00,511,62.2,20,0.88319
2025-09-19T10:00:00,487,62,21,0.94436
2025-09-19T10:03:00,476,61.2,21,0.96424
2025-09-19T10:06:00,498,62,20,0.88786
2025-09-19T10:09:00,495,65.1,20,0.81543
2025-09-19T10:12:00,487,63.2,20,0.85982
2025-09-19T10:15:00,451,61.4,21,0.95927
2025-09-19T10:18:00,446,66.8,19,0.72896
2025-09-19T10:21:00,438,63.9,21,0.89714
2025-09-19T10:24:00,438,67.5,21,0.80767
2025-09-19T10:27:00,389,72.3,20,0.6472
2025-09-19T10:30:00,403,72.6,20,0.6402
2025-09-19T10:33:00,394,73.9,19,0.57307
2025-09-19T10:36:00,449,76.9,18,0.4764
2025-09-19T10:39:00,482,74,19,0.57087
2025-09-19T10:42:00,495,72,20,0.65421
2025-09-19T10:45:00,460,78.1,17,0.42402
2025-09-19T10:48:00,461,79.4,17,0.39885
2025-09-19T10:51:00,466,79.9,17,0.38917
2025-09-19T10:54:00,473,76.1,19,0.52476
2025-09-19T10:57:00,475,77.8,18,0.45784
2025-09-19T11:00:00,429,78.1,18,0.45165
2025-09-19T11:03:00,413,76.7,19,0.51159
2025-09-19T11:06:00,441,76.1,18,0.4929
2025-09-19T11:09:00,429,79.5,18,0.42278
2025-09-19T11:12:00,446,80,17,0.38723
2025-09-19T11:15:00,432,75.4,19,0.54013
2025-09-19T11:18:00,421,79.2,18,0.42897
2025-09-19T11:21:00,413,79.5,18,0.42278
2025-09-19T11:24:00,429,75.4,19,0.54013
2025-09-19T11:27:00,432,79.5,17,0.39691
2025-09-19T11:30:00,430,80.9,17,0.36981
2025-09-19T11:33:00,410,81.3,17,0.36206
2025-09-19T11:36:00,413,81.3,17,0.36206
2025-09-19T11:39:00,422,80.9,17,0.36981
2025-09-19T11:42:00,413,80.8,17,0.37174
2025-09-19T11:45:00,427,80.2,18,0.40834
2025-09-19T11:48:00,416,80.8,18,0.39597
2025-09-19T11:51:00,411,80.2,18,0.40834
2025-09-19T11:54:00,411,79.7,18,0.41865
2025-09-19T11:57:00,404,80.9,18,0.39391
2025-09-19T12:00:00,382.5,79.8,18,0.41659
2025-09-19T12:03:00,361,78.7,18,0.43928
2025-09-19T12:06:00,350,79,18,0.43309
2025-09-19T12:09:00,353,74.3,20,0.60048
2025-09-19T12:12:00,374,72.8,19,0.59722
2025-09-19T12:15:00,399,79.5,18,0.42278
2025-09-19T12:18:00,405,79.9,18,0.41453
2025-09-19T12:21:00,375,80.3,18,0.40628
2025-09-19T12:24:00,374,80.6,18,0.40009
2025-09-19T12:27:00,390,80.5,18,0.40215
2025-09-19T12:30:00,389,79.8,18,0.41659
2025-09-19T12:33:00,394,80,18,0.41247
2025-09-19T12:36:00,397,79.4,18,0.42484
2025-09-19T12:39:00,391,79.5,18,0.42278
2025-09-19T12:42:00,386,79.1,18,0.43103
2025-09-19T12:45:00,387,78.7,18,0.43928
2025-09-19T12:48:00,387,79.3,18,0.4269
2025-09-19T12:51:00,389,78.7,19,0.46768
2025-09-19T12:54:00,389,78.7,19,0.46768
2025-09-19T12:57:00,386,78.5,19,0.47207
2025-09-19T13:00:00,387,78.3,19,0.47646
2025-09-19T13:03:00,386,78.5,19,0.47207
2025-09-19T13:06:00,385,77.7,19,0.48963
2025-09-19T13:09:00,391,77.8,19,0.48744
2025-09-19T13:12:00,388,78.4,19,0.47426
2025-09-19T13:15:00,389,78.2,19,0.47865
2025-09-19T13:18:00,380,77.8,19,0.48744
2025-09-19T13:21:00,381,78.3,19,0.47646
2025-09-19T13:24:00,384,78.4,19,0.47426
2025-09-19T13:27:00,379,77.8,19,0.48744
2025-09-19T13:30:00,392,78.3,19,0.47646
2025-09-19T13:33:00,391,78.4,19,0.47426
2025-09-19T13:36:00,395,77.8,19,0.48744
2025-09-19T13:39:00,391,77.3,19,0.49841
2025-09-19T13:42:00,390,77.5,19,0.49402
2025-09-19T13:45:00,374,77.8,19,0.48744
2025-09-19T13:48:00,381,77.9,19,0.48524
2025-09-19T13:51:00,385,77.8,19,0.48744
2025-09-19T13:54:00,388,78,19,0.48304
2025-09-19T13:57:00,387,77.6,19,0.49183
2025-09-19T14:00:00,386,77.4,19,0.49622
2025-09-19T14:03:00,391,76.9,19,0.5072
2025-09-19T14:06:00,391,77.5,19,0.49402
2025-09-19T14:09:00,391,76.6,19,0.51378
2025-09-19T14:12:00,389,77,19,0.505
2025-09-19T14:15:00,394,76.5,19,0.51598
2025-09-19T14:18:00,377,76.8,19,0.50939
2025-09-19T14:21:00,368,77,19,0.505
2025-09-19T14:24:00,411,76.1,19,0.52476
2025-09-19T14:27:00,402,75.7,19,0.53354
2025-09-19T14:30:00,404,76.1,19,0.52476
2025-09-19T14:33:00,408,76.5,19,0.51598
2025-09-19T14:36:00,421,76.1,19,0.52476
2025-09-19T14:39:00,405,76,19,0.52696
2025-09-19T14:42:00,401,75.7,19,0.53354
2025-09-19T14:45:00,419,76,19,0.52696
2025-09-19T14:48:00,437,75.7,19,0.53354
2025-09-19T14:51:00,444,75.7,19,0.53354
2025-09-19T14:54:00,423,75.5,19,0.53794
2025-09-19T14:57:00,375,74.9,19,0.55111
2025-09-19T15:00:00,379,75.5,19,0.53794
2025-09-19T15:03:00,405,75.2,19,0.54452
2025-09-19T15:06:00,407,75,19,0.54891
2025-09-19T15:09:00,390,75.7,19,0.53354
2025-09-19T15:12:00,427,75.7,19,0.53354
2025-09-19T15:15:00,432,75.3,19,0.54233
2025-09-19T15:18:00,408,75,20,0.58412
2025-09-19T15:21:00,390,75.4,19,0.54013
2025-09-19T15:24:00,402,75.2,20,0.57945
2025-09-19T15:27:00,390,75.1,20,0.58178
2025-09-19T15:30:00,367,75.2,19,0.54452
2025-09-19T15:33:00,346,75,19,0.54891
2025-09-19T15:36:00,350,75.5,19,0.53794
2025-09-19T15:39:00,352,75.1,19,0.54672
2025-09-19T15:42:00,352,75.1,19,0.54672
2025-09-19T15:45:00,346,75.4,19,0.54013
2025-09-19T15:48:00,339,75.2,19,0.54452
2025-09-19T15:51:00,339,75.9,19,0.52915
2025-09-19T15:54:00,336,75,19,0.54891
2025-09-19T15:57:00,336,74.8,19,0.55331
2025-09-19T16:00:00,337,75.2,19,0.54452
2025-09-19T16:03:00,339,75.5,19,0.53794
2025-09-19T16:06:00,338,76,19,0.52696
2025-09-19T16:09:00,338,75.1,19,0.54672
2025-09-19T16:12:00,337,75.5,19,0.53794
2025-09-19T16:15:00,336,75.2,19,0.54452
2025-09-19T16:18:00,335,74.9,19,0.55111
2025-09-19T16:21:00,336,75.4,19,0.54013
2025-09-19T16:24:00,337,75.9,19,0.52915
2025-09-19T16:27:00,338,76.1,19,0.52476
2025-09-19T16:30:00,338,76.2,19,0.52257
2025-09-19T16:33:00,339,76.9,19,0.5072
2025-09-19T16:36:00,340,75.5,19,0.53794
2025-09-19T16:39:00,340,75.5,19,0.53794
2025-09-19T16:42:00,342,75.4,18,0.50733
2025-09-19T16:45:00,343,75.8,19,0.53135
2025-09-19T16:48:00,346,76.1,19,0.52476
2025-09-19T16:51:00,345,75.7,19,0.53354
2025-09-19T16:54:00,347,75.6,19,0.53574
2025-09-19T16:57:00,345,76.1,19,0.52476
2025-09-19T17:00:00,346,76,19,0.52696
2025-09-19T17:03:00,347,75.4,19,0.54013
2025-09-19T17:06:00,352,75.4,19,0.54013
2025-09-19T17:09:00,361,76.8,19,0.50939
2025-09-19T17:12:00,363,75.7,19,0.53354
2025-09-19T17:15:00,367,75.4,19,0.54013
2025-09-19T17:18:00,368,74.8,19,0.55331
2025-09-19T17:21:00,369,74.3,19,0.56428
2025-09-19T17:24:00,366,74.8,19,0.55331
2025-09-19T17:27:00,364,74.2,19,0.56648
2025-09-19T17:30:00,396,75.3,19,0.54233
2025-09-19T17:33:00,382,74.5,19,0.55989
2025-09-19T17:36:00,380,74.2,19,0.56648
2025-09-19T17:39:00,350,74.8,19,0.55331
2025-09-19T17:42:00,345,74.3,19,0.56428
2025-09-19T17:45:00,344,75.7,19,0.53354
2025-09-19T17:48:00,342,74.6,19,0.5577
2025-09-19T17:51:00,338,74.3,19,0.56428
2025-09-19T17:54:00,338,74.8,19,0.55331
2025-09-19T17:57:00,337,75.8,19,0.53135
2025-09-19T18:00:00,336,74.7,19,0.5555
2025-09-19T18:03:00,335,75.6,19,0.53574
2025-09-19T18:06:00,334,75.4,19,0.54013
2025-09-19T18:09:00,332,76.1,19,0.52476
2025-09-19T18:12:00,331,75.3,19,0.54233
2025-09-19T18:15:00,330,76.3,19,0.52037
2025-09-19T18:18:00,329,76,19,0.52696
2025-09-19T18:21:00,328,75.2,19,0.54452
2025-09-19T18:24:00,325,76.2,18,0.49084
2025-09-19T18:27:00,326,75.7,18,0.50115
2025-09-19T18:30:00,324,76.2,19,0.52257
2025-09-19T18:33:00,323,77.2,18,0.47021
2025-09-19T18:36:00,323,76.6,18,0.48259
2025-09-19T18:39:00,321,77.5,18,0.46402
2025-09-19T18:42:00,320,77,18,0.47434
2025-09-19T18:45:00,320,76.8,18,0.47846
2025-09-19T18:48:00,318,77.3,18,0.46815
2025-09-19T18:51:00,317,77.5,18,0.46402
2025-09-19T18:54:00,317,77.7,18,0.4599
2025-09-19T18:57:00,317,77.9,18,0.45578
2025-09-19T19:00:00,316,77.9,18,0.45578
2025-09-19T19:03:00,314,78.1,18,0.45165
2025-09-19T19:06:00,315,78.1,18,0.45165
2025-09-19T19:09:00,314,78.3,18,0.44753
2025-09-19T19:12:00,313,80.3,18,0.40628
2025-09-19T19:15:00,313,78.9,18,0.43515
2025-09-19T19:18:00,313,79.2,17,0.40272
2025-09-19T19:21:00,313,78.6,17,0.41434
2025-09-19T19:24:00,312,79,17,0.40659
2025-09-19T19:27:00,312,79.5,17,0.39691
2025-09-19T19:30:00,312,79.7,17,0.39304
2025-09-19T19:33:00,313,79.7,17,0.39304
2025-09-19T19:36:00,313,80,17,0.38723
2025-09-19T19:39:00,312,80.2,17,0.38336
2025-09-19T19:42:00,313,80.3,17,0.38142
2025-09-19T19:45:00,313,80.5,17,0.37755
2025-09-19T19:48:00,313,80.5,17,0.37755
2025-09-19T19:51:00,312,80.6,17,0.37562
2025-09-19T19:54:00,314,80.9,17,0.36981
2025-09-19T19:57:00,312,81.2,17,0.364
2025-09-19T20:00:00,313,80.8,17,0.37174
2025-09-19T20:03:00,0,81,17,0.36787
2025-09-19T20:06:00,0,79.7,17,0.39304
2025-09-19T20:09:00,0,81.2,17,0.364
2025-09-19T20:12:00,0,80.9,17,0.36981
2025-09-19T20:15:00,0,80.6,18,0.40009
2025-09-19T20:18:00,0,80.5,18,0.40215
2025-09-19T20:21:00,0,80.4,18,0.40422
2025-09-19T20:24:00,0,79.4,18,0.42484
2025-09-19T20:27:00,0,78.2,18,0.44959
2025-09-19T20:30:00,0,76.5,18,0.48465
2025-09-19T20:33:00,0,76.1,18,0.4929
2025-09-19T20:36:00,0,75.1,18,0.51352
2025-09-19T20:39:00,0,76.9,18,0.4764
2025-09-19T20:42:00,0,78.1,18,0.45165
2025-09-19T20:45:00,0,79.1,18,0.43103
2025-09-19T20:48:00,0,79.4,18,0.42484
2025-09-19T20:51:00,0,79.6,18,0.42072
2025-09-19T20:54:00,0,79.3,18,0.4269
2025-09-19T20:57:00,0,78.6,18,0.44134
2025-09-19T21:00:00,0,79.9,18,0.41453
2025-09-19T21:03:00,0,79.8,18,0.41659
2025-09-19T21:06:00,0,77.7,18,0.4599
2025-09-19T21:09:00,0,78.1,18,0.45165
2025-09-19T21:12:00,0,76.4,18,0.48671
2025-09-19T21:15:00,0,75.4,19,0.54013
2025-09-19T21:18:00,0,74.5,19,0.55989
2025-09-19T21:21:00,0,73.9,19,0.57307
2025-09-19T21:24:00,0,73.4,19,0.58404
2025-09-19T21:27:00,0,72.8,19,0.59722
2025-09-19T21:30:00,0,72.3,19,0.6082
2025-09-19T21:33:00,0,71.8,19,0.61918
2025-09-19T21:36:00,0,71.6,19,0.62357
2025-09-19T21:39:00,0,71.3,19,0.63015
2025-09-19T21:42:00,0,71.1,19,0.63455
2025-09-19T21:45:00,0,70.7,19,0.64333
2025-09-19T21:48:00,0,70.6,19,0.64552
2025-09-19T21:51:00,0,70.4,19,0.64991
2025-09-19T21:54:00,0,70.3,19,0.65211
2025-09-19T21:57:00,0,70.2,19,0.65431
2025-09-19T22:00:00,0,70,19,0.6587
2025-09-19T22:03:00,0,69.8,19,0.66309
2025-09-19T22:06:00,0,69.7,19,0.66528
2025-09-19T22:09:00,0,69.8,19,0.66309
2025-09-19T22:12:00,0,69.7,19,0.66528
2025-09-19T22:15:00,0,69.6,19,0.66748
2025-09-19T22:18:00,0,69.9,19,0.66089
2025-09-19T22:21:00,0,69.8,19,0.66309
2025-09-19T22:24:00,0,70.5,19,0.64772
2025-09-19T22:27:00,0,71.7,19,0.62137
2025-09-19T22:30:00,0,73,19,0.59283
2025-09-19T22:33:00,0,73.9,19,0.57307
2025-09-19T22:36:00,0,74.6,19,0.5577
2025-09-19T22:39:00,0,76.1,19,0.52476
2025-09-19T22:42:00,0,77.1,19,0.50281
2025-09-19T22:45:00,0,77.7,19,0.48963
2025-09-19T22:48:00,0,78.4,19,0.47426
2025-09-19T22:51:00,0,78.9,19,0.46328
2025-09-19T22:54:00,0,79.2,19,0.4567
2025-09-19T22:57:00,0,79.7,19,0.44572
2025-09-19T23:00:00,0,80,19,0.43913
2025-09-19T23:03:00,0,80.1,19,0.43694
2025-09-19T23:06:00,0,80.8,19,0.42157
2025-09-19T23:09:00,0,81.5,19,0.4062
2025-09-19T23:12:00,0,81.9,19,0.39741
2025-09-19T23:15:00,0,82.3,19,0.38863
2025-09-19T23:18:00,0,82.5,19,0.38424
2025-09-19T23:21:00,0,82.8,19,0.37765
2025-09-19T23:24:00,0,83,19,0.37326
2025-09-19T23:27:00,0,83.2,19,0.36887
2025-09-19T23:30:00,0,83.4,19,0.36448
2025-09-19T23:33:00,0,83.4,19,0.36448
2025-09-19T23:36:00,0,83.5,19,0.36228
2025-09-19T23:39:00,0,83.6,19,0.36009
2025-09-19T23:42:00,0,83.7,19,0.35789
2025-09-19T23:45:00,0,83.7,19,0.35789
2025-09-19T23:48:00,0,83.7,19,0.35789
2025-09-19T23:51:00,0,83.7,19,0.35789
2025-09-19T23:54:00,0,83.8,19,0.3557
2025-09-19T23:57:00,0,83.8,19,0.3557
2025-09-20T00:00:00,0,83.8,19,0.3557
2025-09-20T00:03:00,0,83.8,19,0.3557
2025-09-20T00:06:00,0,83.9,19,0.3535
2025-09-20T00:09:00,0,83.9,18,0.33204
2025-09-20T00:12:00,0,83.8,18,0.3341
2025-09-20T00:15:00,0,83.8,18,0.3341
2025-09-20T00:18:00,0,83.9,18,0.33204
2025-09-20T00:21:00,0,83.8,18,0.3341
2025-09-20T00:24:00,0,83.9,18,0.33204
2025-09-20T00:27:00,0,83.9,18,0.33204
2025-09-20T00:30:00,0,84,18,0.32997
2025-09-20T00:33:00,0,84,18,0.32997
2025-09-20T00:36:00,0,84.1,18,0.32791
2025-09-20T00:39:00,0,84.3,18,0.32379
2025-09-20T00:42:00,0,84.5,18,0.31966
2025-09-20T00:45:00,0,84.5,18,0.31966
2025-09-20T00:48:00,0,84.5,18,0.31966
2025-09-20T00:51:00,0,84.6,18,0.3176
2025-09-20T00:54:00,0,84.7,18,0.31554
2025-09-20T00:57:00,0,84.7,18,0.31554
2025-09-20T01:00:00,0,84.6,18,0.3176
2025-09-20T01:03:00,0,84.7,18,0.31554
2025-09-20T01:06:00,0,84.6,18,0.3176
2025-09-20T01:09:00,0,84.5,18,0.31966
2025-09-20T01:12:00,0,84.7,18,0.31554
2025-09-20T01:15:00,0,84.7,18,0.31554
2025-09-20T01:18:00,0,84.7,18,0.31554
2025-09-20T01:21:00,0,85,18,0.30935
2025-09-20T01:24:00,0,85.1,18,0.30729
2025-09-20T01:27:00,0,85.1,18,0.30729
2025-09-20T01:30:00,0,85.2,18,0.30523
2025-09-20T01:33:00,0,85.2,18,0.30523
2025-09-20T01:36:00,0,85.3,18,0.30316
2025-09-20T01:39:00,0,85.3,18,0.30316
2025-09-20T01:42:00,0,85.3,18,0.30316
2025-09-20T01:45:00,0,85.2,18,0.30523
2025-09-20T01:48:00,0,85.2,18,0.30523
2025-09-20T01:51:00,0,85.2,18,0.30523
2025-09-20T01:54:00,0,85.2,18,0.30523
2025-09-20T01:57:00,0,85.1,18,0.30729
2025-09-20T02:00:00,0,85.2,18,0.30523
2025-09-20T02:03:00,0,85.2,18,0.30523
2025-09-20T02:06:00,0,85.4,18,0.3011
2025-09-20T02:09:00,0,85.5,18,0.29904
2025-09-20T02:12:00,0,85.4,18,0.3011
2025-09-20T02:15:00,0,85.4,18,0.3011
2025-09-20T02:18:00,0,85.5,18,0.29904
2025-09-20T02:21:00,0,85.5,18,0.29904
2025-09-20T02:24:00,0,85.5,18,0.29904
2025-09-20T02:27:00,0,85.5,18,0.29904
2025-09-20T02:30:00,0,85.5,18,0.29904
2025-09-20T02:33:00,0,85.5,18,0.29904
2025-09-20T02:36:00,0,85.6,18,0.29698
2025-09-20T02:39:00,0,85.4,18,0.3011
2025-09-20T02:42:00,0,85.5,18,0.29904
2025-09-20T02:45:00,0,85.4,18,0.3011
2025-09-20T02:48:00,0,85.4,18,0.3011
2025-09-20T02:51:00,0,85.4,18,0.3011
2025-09-20T02:54:00,0,85.4,17,0.28268
2025-09-20T02:57:00,0,85.4,17,0.28268
2025-09-20T03:00:00,0,85.4,18,0.3011
2025-09-20T03:03:00,0,85.2,17,0.28655
2025-09-20T03:06:00,0,85.2,17,0.28655
2025-09-20T03:09:00,0,85.2,17,0.28655
2025-09-20T03:12:00,0,85.2,17,0.28655
2025-09-20T03:15:00,0,85.4,17,0.28268
2025-09-20T03:18:00,0,85.4,17,0.28268
2025-09-20T03:21:00,0,85.2,17,0.28655
2025-09-20T03:24:00,0,85.1,17,0.28849
2025-09-20T03:27:00,0,85.1,17,0.28849
2025-09-20T03:30:00,0,85,17,0.29042
2025-09-20T03:33:00,0,85.2,17,0.28655
2025-09-20T03:36:00,0,85.1,17,0.28849
2025-09-20T03:39:00,0,85,17,0.29042
2025-09-20T03:42:00,0,85,17,0.29042
2025-09-20T03:45:00,0,85,17,0.29042
2025-09-20T03:48:00,0,84.8,17,0.2943
2025-09-20T03:51:00,0,84.8,17,0.2943
2025-09-20T03:54:00,0,84.7,17,0.29623
2025-09-20T03:57:00,0,84.8,17,0.2943
2025-09-20T04:00:00,0,84.9,17,0.29236
2025-09-20T04:03:00,342,84.6,17,0.29817
2025-09-20T04:06:00,339,83.8,17,0.31366
2025-09-20T04:09:00,337,83.2,18,0.34647
2025-09-20T04:12:00,336,82.6,18,0.35885
2025-09-20T04:15:00,334,82,18,0.37122
2025-09-20T04:18:00,332,81.7,18,0.37741
2025-09-20T04:21:00,331,81.1,18,0.38978
2025-09-20T04:24:00,331,80.6,18,0.40009
2025-09-20T04:27:00,328,80.3,19,0.43254
2025-09-20T04:30:00,329,79.9,19,0.44133
2025-09-20T04:33:00,328,79.8,19,0.44352
2025-09-20T04:36:00,328,79.4,19,0.45231
2025-09-20T04:39:00,328,79.3,19,0.4545
2025-09-20T04:42:00,327,79,19,0.46109
2025-09-20T04:45:00,328,78.8,19,0.46548
2025-09-20T04:48:00,326,78.7,19,0.46768
2025-09-20T04:51:00,326,78.5,19,0.47207
2025-09-20T04:54:00,326,78.6,20,0.50001
2025-09-20T04:57:00,327,78.2,20,0.50935
2025-09-20T05:00:00,326,75.5,20,0.57244
2025-09-20T05:03:00,326,75.9,20,0.56309
2025-09-20T05:06:00,326,75.3,20,0.57711
2025-09-20T05:09:00,325,73.6,20,0.61683
2025-09-20T05:12:00,325,73.7,20,0.61449
2025-09-20T05:15:00,326,72.9,20,0.63319
2025-09-20T05:18:00,326,72,20,0.65421
2025-09-20T05:21:00,326,71,20,0.67758
2025-09-20T05:24:00,326,72.1,20,0.65188
2025-09-20T05:27:00,326,70.3,20,0.69393
2025-09-20T05:30:00,324,70.4,20,0.6916
2025-09-20T05:33:00,324,70.3,20,0.69393
2025-09-20T05:36:00,326,68.9,20,0.72665
2025-09-20T05:39:00,326,69.4,20,0.71496
2025-09-20T05:42:00,326,69.2,20,0.71964
2025-09-20T05:45:00,326,68.2,20,0.743
2025-09-20T05:48:00,326,68.7,20,0.73132
2025-09-20T05:51:00,326,68.5,20,0.73599
2025-09-20T05:54:00,324,67.5,20,0.75936
2025-09-20T05:57:00,326,67.3,20,0.76403
2025-09-20T06:00:00,326,68.5,20,0.73599
2025-09-20T06:03:00,326,67,20,0.77104
2025-09-20T06:06:00,324,67.4,20,0.76169
2025-09-20T06:09:00,326,66.6,20,0.78038
2025-09-20T06:12:00,326,66.2,20,0.78973
2025-09-20T06:15:00,324,66.5,20,0.78272
2025-09-20T06:18:00,325,66.2,20,0.78973
2025-09-20T06:21:00,325,65,20,0.81777
2025-09-20T06:24:00,326,66.8,20,0.77571
2025-09-20T06:27:00,324,66.2,20,0.78973
2025-09-20T06:30:00,325,65.2,20,0.81309
2025-09-20T06:33:00,326,64.9,20,0.8201
2025-09-20T06:36:00,325,66.1,20,0.79207
2025-09-20T06:39:00,326,64.8,20,0.82244
2025-09-20T06:42:00,326,65.1,20,0.81543
2025-09-20T06:45:00,325,64.8,20,0.82244
2025-09-20T06:48:00,326,64.5,20,0.82945
2025-09-20T06:51:00,326,64.1,20,0.8388
2025-09-20T06:54:00,326,63.6,20,0.85048
2025-09-20T06:57:00,327,63.3,20,0.85749
2025-09-20T07:00:00,328,64.9,20,0.8201
2025-09-20T07:03:00,327,64.1,20,0.8388
2025-09-20T07:06:00,326,63.6,20,0.85048
2025-09-20T07:09:00,328,62.8,20,0.86917
2025-09-20T07:12:00,329,62.3,20,0.88085
2025-09-20T07:15:00,329,63.5,20,0.85281
2025-09-20T07:18:00,331,63.6,20,0.85048
2025-09-20T07:21:00,330,62.5,20,0.87618
2025-09-20T07:24:00,331,62.2,20,0.88319
2025-09-20T07:27:00,332,62.3,20,0.88085
2025-09-20T07:30:00,333,62.1,20,0.88553
2025-09-20T07:33:00,331,61.9,20,0.8902
2025-09-20T07:36:00,333,61.6,20,0.89721
2025-09-20T07:39:00,334.5,61.35,20,0.90305
2025-09-20T07:42:00,336,61.1,20,0.90889
2025-09-20T07:45:00,334,61.2,20,0.90655
2025-09-20T07:48:00,334,61.3,20,0.90422
2025-09-20T07:51:00,335,61.3,20,0.90422
2025-09-20T07:54:00,336,61.1,20,0.90889
2025-09-20T07:57:00,334,61.3,20,0.90422
2025-09-20T08:00:00,336,61.3,20,0.90422
2025-09-20T08:03:00,336,61.3,19,0.84972
2025-09-20T08:06:00,336,61.4,20,0.90188
2025-09-20T08:09:00,337,61.2,20,0.90655
2025-09-20T08:12:00,339,61.5,20,0.89954
2025-09-20T08:15:00,339,61.5,20,0.89954
2025-09-20T08:18:00,340,61.4,20,0.90188
2025-09-20T08:21:00,341,61.5,20,0.89954
2025-09-20T08:24:00,339,60.7,20,0.91824
2025-09-20T08:27:00,339,61.1,20,0.90889
2025-09-20T08:30:00,339,61.2,20,0.90655
2025-09-20T08:33:00,340,61.4,20,0.90188
2025-09-20T08:36:00,340,61.3,20,0.90422
2025-09-20T08:39:00,340,61.3,20,0.90422
2025-09-20T08:42:00,342,61.1,20,0.90889
2025-09-20T08:45:00,341,61.1,20,0.90889
2025-09-20T08:48:00,341,61,20,0.91123
2025-09-20T08:51:00,341,61.3,20,0.90422
2025-09-20T08:54:00,342,61.3,20,0.90422
2025-09-20T08:57:00,342,63.3,20,0.85749
2025-09-20T09:00:00,343,62.8,20,0.86917
2025-09-20T09:03:00,343,62.2,20,0.88319
2025-09-20T09:06:00,342,62,20,0.88786
2025-09-20T09:09:00,344,62.1,20,0.88553
2025-09-20T09:12:00,342,62.5,20,0.87618
2025-09-20T09:15:00,344,63.3,19,0.80581
2025-09-20T09:18:00,345,63,20,0.8645
2025-09-20T09:21:00,346,62.2,20,0.88319
2025-09-20T09:24:00,349,62.6,20,0.87384
2025-09-20T09:27:00,355,62.8,20,0.86917
2025-09-20T09:30:00,364,61.9,20,0.8902
2025-09-20T09:33:00,375,62,20,0.88786
2025-09-20T09:36:00,420,60.4,20,0.92525
2025-09-20T09:39:00,501,60.4,20,0.92525
2025-09-20T09:42:00,512,60.2,20,0.92992
2025-09-20T09:45:00,515,58.7,21,1.02637
2025-09-20T09:48:00,515,58.2,21,1.03879
2025-09-20T09:51:00,517,57.6,21,1.05371
2025-09-20T09:54:00,519,57,21,1.06862
2025-09-20T09:57:00,523,57.9,21,1.04625
2025-09-20T10:00:00,520,58.1,20,0.97898
2025-09-20T10:03:00,515,58.3,20,0.97431
2025-09-20T10:06:00,515,56.7,21,1.07607
2025-09-20T10:09:00,514,59.1,20,0.95562
2025-09-20T10:12:00,506,56.8,21,1.07359
2025-09-20T10:15:00,494,56.2,21,1.0885
2025-09-20T10:18:00,479,62.9,20,0.86683
2025-09-20T10:21:00,460,73.4,17,0.51502
2025-09-20T10:24:00,457,72.5,19,0.60381
2025-09-20T10:27:00,454,70.1,20,0.69861
2025-09-20T10:30:00,448,74.8,18,0.51971
2025-09-20T10:33:00,449,71,20,0.67758
2025-09-20T10:36:00,463,68.6,20,0.73365
2025-09-20T10:39:00,476,71.2,18,0.59395
2025-09-20T10:42:00,487,76.6,17,0.45306
2025-09-20T10:45:00,468,73.4,19,0.58404
2025-09-20T10:48:00,479,71.7,18,0.58364
2025-09-20T10:51:00,473,76.8,17,0.44919
2025-09-20T10:54:00,470,73.9,19,0.57307
2025-09-20T10:57:00,469,70.1,20,0.69861
2025-09-20T11:00:00,445,77.2,17,0.44145
2025-09-20T11:03:00,429,78.7,17,0.4124
2025-09-20T11:06:00,449,77.8,17,0.42983
2025-09-20T11:09:00,430,75.7,19,0.53354
2025-09-20T11:12:00,429,76.3,18,0.48877
2025-09-20T11:15:00,426,78.8,17,0.41047
2025-09-20T11:18:00,433,77.7,18,0.4599
2025-09-20T11:21:00,436,77.8,18,0.45784
2025-09-20T11:24:00,426,77.6,18,0.46196
2025-09-20T11:27:00,419,78.6,17,0.41434
2025-09-20T11:30:00,416,80.6,17,0.37562
2025-09-20T11:33:00,430,80.4,17,0.37949
2025-09-20T11:36:00,463,80.3,17,0.38142
2025-09-20T11:39:00,427,80.4,17,0.37949
2025-09-20T11:42:00,442,79.9,18,0.41453
2025-09-20T11:45:00,443,80,18,0.41247
2025-09-20T11:48:00,405,80.5,18,0.40215
2025-09-20T11:51:00,410,79,18,0.43309
2025-09-20T11:54:00,410,79.1,18,0.43103
2025-09-20T11:57:00,409,79.1,18,0.43103
2025-09-20T12:00:00,402,79.1,18,0.43103
2025-09-20T12:03:00,396,78.2,18,0.44959
2025-09-20T12:06:00,394,78.6,18,0.44134
2025-09-20T12:09:00,393,78.1,18,0.45165
2025-09-20T12:12:00,391,77.4,18,0.46609
2025-09-20T12:15:00,391,78.8,18,0.43721
2025-09-20T12:18:00,389,77.8,19,0.48744
2025-09-20T12:21:00,391,77.6,19,0.49183
2025-09-20T12:24:00,390,77.6,19,0.49183
2025-09-20T12:27:00,389,77.6,19,0.49183
2025-09-20T12:30:00,389,76.5,19,0.51598
2025-09-20T12:33:00,387,77.1,19,0.50281
2025-09-20T12:36:00,386,76,19,0.52696
2025-09-20T12:39:00,385,77,19,0.505
2025-09-20T12:42:00,386,76.6,19,0.51378
2025-09-20T12:45:00,384,76.2,19,0.52257
2025-09-20T12:48:00,383,75.6,19,0.53574
2025-09-20T12:51:00,384,74.8,19,0.55331
2025-09-20T12:54:00,383,74.3,19,0.56428
2025-09-20T12:57:00,383,75.7,19,0.53354
2025-09-20T13:00:00,384,73.8,19,0.57526
2025-09-20T13:03:00,384,73.5,19,0.58185
2025-09-20T13:06:00,384,72.9,19,0.59502
2025-09-20T13:09:00,383,72.8,19,0.59722
2025-09-20T13:12:00,383,72.3,20,0.6472
2025-09-20T13:15:00,383,71.9,19,0.61698
2025-09-20T13:18:00,383,73.4,19,0.58404
2025-09-20T13:21:00,383,72.5,19,0.60381
2025-09-20T13:24:00,383,73.5,19,0.58185
2025-09-20T13:27:00,382,74.5,19,0.55989
2025-09-20T13:30:00,382,72.2,20,0.64954
2025-09-20T13:33:00,383,72.1,20,0.65188
2025-09-20T13:36:00,382,72.8,20,0.63552
2025-09-20T13:39:00,383,73.1,20,0.62851
2025-09-20T13:42:00,384,72,20,0.65421
2025-09-20T13:45:00,383,72.7,20,0.63786
2025-09-20T13:48:00,383,73.1,20,0.62851
2025-09-20T13:51:00,383,71.7,19,0.62137
2025-09-20T13:54:00,383,72.9,20,0.63319
2025-09-20T13:57:00,383,72.5,20,0.64253
2025-09-20T14:00:00,384,71.3,20,0.67057
2025-09-20T14:03:00,384,70.2,20,0.69627
2025-09-20T14:06:00,385,70.1,20,0.69861
2025-09-20T14:09:00,383,71.5,20,0.6659
2025-09-20T14:12:00,385,73.4,20,0.6215
2025-09-20T14:15:00,384,71.4,20,0.66823
2025-09-20T14:18:00,387,70.5,20,0.68926
2025-09-20T14:21:00,388,73.2,20,0.62618
2025-09-20T14:24:00,389,71.2,20,0.67291
2025-09-20T14:27:00,391,70.6,20,0.68692
2025-09-20T14:30:00,391,71,20,0.67758
2025-09-20T14:33:00,391,71.5,20,0.6659
2025-09-20T14:36:00,394,70,20,0.70094
2025-09-20T14:39:00,402,70.3,20,0.69393
2025-09-20T14:42:00,408,71.2,20,0.67291
2025-09-20T14:45:00,399,70.8,20,0.68225
2025-09-20T14:48:00,413,70.1,20,0.69861
2025-09-20T14:51:00,416,69.9,20,0.70328
2025-09-20T14:54:00,402,71,20,0.67758
2025-09-20T14:57:00,434,69.7,20,0.70795
2025-09-20T15:00:00,428,70,20,0.70094
2025-09-20T15:03:00,430,69.8,20,0.70562
2025-09-20T15:06:00,430,69.8,20,0.70562
2025-09-20T15:09:00,400,70.1,20,0.69861
2025-09-20T15:12:00,416,70.2,20,0.69627
2025-09-20T15:15:00,417,69.7,20,0.70795
2025-09-20T15:18:00,409,69.9,20,0.70328
2025-09-20T15:21:00,417,69.5,20,0.71263
2025-09-20T15:24:00,416,69.2,20,0.71964
2025-09-20T15:27:00,391,70.7,20,0.68459
2025-09-20T15:30:00,383,69.5,20,0.71263
2025-09-20T15:33:00,382,70.9,20,0.67992
2025-09-20T15:36:00,381,69.7,20,0.70795
2025-09-20T15:39:00,380,70.8,20,0.68225
2025-09-20T15:42:00,380,70.9,20,0.67992
2025-09-20T15:45:00,380,70.6,21,0.73064
2025-09-20T15:48:00,379,69.2,21,0.76543
2025-09-20T15:51:00,376,68.9,20,0.72665
2025-09-20T15:54:00,376,67.7,20,0.75468
2025-09-20T15:57:00,380,69.2,20,0.71964
2025-09-20T16:00:00,374,67.9,20,0.75001
2025-09-20T16:03:00,375,69.2,20,0.71964
2025-09-20T16:06:00,384,69,20,0.72431
2025-09-20T16:09:00,392,69.7,20,0.70795
2025-09-20T16:12:00,440,70.3,20,0.69393
2025-09-20T16:15:00,450,67.6,20,0.75702
2025-09-20T16:18:00,438,71.1,20,0.67524
2025-09-20T16:21:00,389,69.5,20,0.71263
2025-09-20T16:24:00,407,69.2,20,0.71964
2025-09-20T16:27:00,402,69.9,20,0.70328
2025-09-20T16:30:00,369,70.6,20,0.68692
2025-09-20T16:33:00,367,71.6,20,0.66356
2025-09-20T16:36:00,364,71.9,20,0.65655
2025-09-20T16:39:00,377,69.9,20,0.70328
2025-09-20T16:42:00,357,70.7,20,0.68459
2025-09-20T16:45:00,356,69.8,20,0.70562
2025-09-20T16:48:00,352,69.8,20,0.70562
2025-09-20T16:51:00,350,71,20,0.67758
2025-09-20T16:54:00,350,70.8,20,0.68225
2025-09-20T16:57:00,350,69.3,20,0.7173
2025-09-20T17:00:00,347,71.4,20,0.66823
2025-09-20T17:03:00,347,73,20,0.63085
2025-09-20T17:06:00,347,71.5,20,0.6659
2025-09-20T17:09:00,347,73,20,0.63085
2025-09-20T17:12:00,347,70.6,20,0.68692
2025-09-20T17:15:00,348,71.5,20,0.6659
2025-09-20T17:18:00,351,70.8,20,0.68225
2025-09-20T17:21:00,347,71.8,20,0.65889
2025-09-20T17:24:00,343,70.8,20,0.68225
2025-09-20T17:27:00,340,73.4,20,0.6215
2025-09-20T17:30:00,337,72,20,0.65421
2025-09-20T17:33:00,336,71.5,20,0.6659
2025-09-20T17:36:00,334,72.4,20,0.64487
2025-09-20T17:39:00,332,72.7,20,0.63786
2025-09-20T17:42:00,333,72.2,20,0.64954
2025-09-20T17:45:00,331,71.7,20,0.66122
2025-09-20T17:48:00,330,72.6,20,0.6402
2025-09-20T17:51:00,330,72,20,0.65421
2025-09-20T17:54:00,330,72.9,20,0.63319
2025-09-20T17:57:00,328,73.2,20,0.62618
2025-09-20T18:00:00,328,75,20,0.58412
2025-09-20T18:03:00,328,72.6,19,0.60161
2025-09-20T18:06:00,328,71.4,19,0.62796
2025-09-20T18:09:00,326,73.8,19,0.57526
2025-09-20T18:12:00,325,72.5,19,0.60381
2025-09-20T18:15:00,325,72.8,20,0.63552
2025-09-20T18:18:00,324,72.7,19,0.59941
2025-09-20T18:21:00,321,72.9,19,0.59502
2025-09-20T18:24:00,321,73.1,19,0.59063
2025-09-20T18:27:00,320,73.5,19,0.58185
2025-09-20T18:30:00,320,74.4,19,0.56209
2025-09-20T18:33:00,320,74.7,19,0.5555
2025-09-20T18:36:00,317,75.1,19,0.54672
2025-09-20T18:39:00,318,74.7,19,0.5555
2025-09-20T18:42:00,317,75,19,0.54891
2025-09-20T18:45:00,317,75.5,19,0.53794
2025-09-20T18:48:00,317,75.5,19,0.53794
2025-09-20T18:51:00,315,76,19,0.52696
2025-09-20T18:54:00,316,76.4,19,0.51818
2025-09-20T18:57:00,316,76.2,19,0.52257
2025-09-20T19:00:00,315,75.8,19,0.53135
2025-09-20T19:03:00,315,75.7,18,0.50115
2025-09-20T19:06:00,313,76.5,18,0.48465
2025-09-20T19:09:00,312,76.6,18,0.48259
2025-09-20T19:12:00,314,78.5,18,0.4434
2025-09-20T19:15:00,314,77.5,18,0.46402
2025-09-20T19:18:00,315,77.6,18,0.46196
2025-09-20T19:21:00,313,77.6,18,0.46196
2025-09-20T19:24:00,312,76.6,18,0.48259
2025-09-20T19:27:00,312,77.2,18,0.47021
2025-09-20T19:30:00,313,77.8,18,0.45784
2025-09-20T19:33:00,313,78.5,18,0.4434
2025-09-20T19:36:00,314,79.4,18,0.42484
2025-09-20T19:39:00,312,77.9,18,0.45578
2025-09-20T19:42:00,312,77.8,17,0.42983
2025-09-20T19:45:00,314,77.7,17,0.43176
2025-09-20T19:48:00,312,77.9,18,0.45578
2025-09-20T19:51:00,315,78.9,17,0.40853
2025-09-20T19:54:00,314,79.1,17,0.40466
2025-09-20T19:57:00,315,78.4,17,0.41821
2025-09-20T20:00:00,312,78.7,17,0.4124
2025-09-20T20:03:00,0,78.7,17,0.4124
2025-09-20T20:06:00,0,78.9,17,0.40853
2025-09-20T20:09:00,0,79.3,17,0.40079
2025-09-20T20:12:00,0,79.7,17,0.39304
2025-09-20T20:15:00,0,79.5,17,0.39691
2025-09-20T20:18:00,0,80.1,17,0.3853
2025-09-20T20:21:00,0,78.8,17,0.41047
2025-09-20T20:24:00,0,79.9,17,0.38917
2025-09-20T20:27:00,0,79.8,17,0.3911
2025-09-20T20:30:00,0,78.3,17,0.42015
2025-09-20T20:33:00,0,79.3,18,0.4269
2025-09-20T20:36:00,0,78.4,18,0.44546
2025-09-20T20:39:00,0,77.8,18,0.45784
2025-09-20T20:42:00,0,76.3,18,0.48877
2025-09-20T20:45:00,0,75.2,18,0.51146
2025-09-20T20:48:00,0,75,18,0.51558
2025-09-20T20:51:00,0,74.7,18,0.52177
2025-09-20T20:54:00,0,78.2,18,0.44959
2025-09-20T20:57:00,0,78.5,18,0.4434
2025-09-20T21:00:00,0,77.2,18,0.47021
2025-09-20T21:03:00,0,78.2,18,0.44959
2025-09-20T21:06:00,0,76.9,18,0.4764
2025-09-20T21:09:00,0,76.4,18,0.48671
2025-09-20T21:12:00,0,77.4,18,0.46609
2025-09-20T21:15:00,0,78.7,18,0.43928
2025-09-20T21:18:00,0,77.55,18,0.46299
2025-09-20T21:21:00,0,76.4,18,0.48671
2025-09-20T21:24:00,0,74.1,19,0.56868
2025-09-20T21:27:00,0,73.1,19,0.59063
2025-09-20T21:30:00,0,75.6,19,0.53574
2025-09-20T21:33:00,0,72.3,19,0.6082
2025-09-20T21:36:00,0,72.2,19,0.61039
2025-09-20T21:39:00,0,72.1,19,0.61259
2025-09-20T21:42:00,0,70.5,19,0.64772
2025-09-20T21:45:00,0,69.8,19,0.66309
2025-09-20T21:48:00,0,68.4,19,0.69383
2025-09-20T21:51:00,0,69.4,19,0.67187
2025-09-20T21:54:00,0,68.3,19,0.69602
2025-09-20T21:57:00,0,67.3,19,0.71798
2025-09-20T22:00:00,0,66.7,19,0.73115
2025-09-20T22:03:00,0,66,19,0.74652
2025-09-20T22:06:00,0,65.8,19,0.75091
2025-09-20T22:09:00,0,65.6,19,0.75531
2025-09-20T22:12:00,0,65.2,19,0.76409
2025-09-20T22:15:00,0,65.1,19,0.76628
2025-09-20T22:18:00,0,64.1,19,0.78824
2025-09-20T22:21:00,0,64.1,19,0.78824
2025-09-20T22:24:00,0,63.9,19,0.79263
2025-09-20T22:27:00,0,63.9,19,0.79263
2025-09-20T22:30:00,0,63.6,19,0.79922
2025-09-20T22:33:00,0,63.5,19,0.80142
2025-09-20T22:36:00,0,63.4,19,0.80361
2025-09-20T22:39:00,0,63.3,19,0.80581
2025-09-20T22:42:00,0,63.5,19,0.80142
2025-09-20T22:45:00,0,63.2,19,0.808
2025-09-20T22:48:00,0,63.4,19,0.80361
2025-09-20T22:51:00,0,63.3,19,0.80581
2025-09-20T22:54:00,0,63.4,19,0.80361
2025-09-20T22:57:00,0,63.4,19,0.80361
2025-09-20T23:00:00,0,63.4,19,0.80361
2025-09-20T23:03:00,0,63.4,19,0.80361
2025-09-20T23:06:00,0,63.9,19,0.79263
2025-09-20T23:09:00,0,64.8,19,0.77287
2025-09-20T23:12:00,0,65.7,19,0.75311
2025-09-20T23:15:00,0,66,19,0.74652
2025-09-20T23:18:00,0,66.3,19,0.73994
2025-09-20T23:21:00,0,66.6,19,0.73335
2025-09-20T23:24:00,0,66.7,19,0.73115
2025-09-20T23:27:00,0,66.8,19,0.72896
2025-09-20T23:30:00,0,66.9,19,0.72676
2025-09-20T23:33:00,0,67.1,19,0.72237
2025-09-20T23:36:00,0,67.2,19,0.72018
2025-09-20T23:39:00,0,67,19,0.72457
2025-09-20T23:42:00,0,67,19,0.72457
2025-09-20T23:45:00,0,67,19,0.72457
2025-09-20T23:48:00,0,67.1,19,0.72237
2025-09-20T23:51:00,0,67.3,19,0.71798
2025-09-20T23:54:00,0,67.8,19,0.707
2025-09-20T23:57:00,0,68.1,19,0.70041
2025-09-21T00:00:00,0,69.2,19,0.67626
2025-09-21T00:03:00,0,71.1,19,0.63455
2025-09-21T00:06:00,0,71.9,19,0.61698
2025-09-21T00:09:00,0,73.1,19,0.59063
2025-09-21T00:12:00,0,74.4,19,0.56209
2025-09-21T00:15:00,0,75.6,19,0.53574
2025-09-21T00:18:00,0,76.5,19,0.51598
2025-09-21T00:21:00,0,77.2,19,0.50061
2025-09-21T00:24:00,0,77.8,19,0.48744
2025-09-21T00:27:00,0,78.2,19,0.47865
2025-09-21T00:30:00,0,78.8,19,0.46548
2025-09-21T00:33:00,0,79.2,19,0.4567
2025-09-21T00:36:00,0,80,19,0.43913
2025-09-21T00:39:00,0,80.5,19,0.42815
2025-09-21T00:42:00,0,80.9,19,0.41937
2025-09-21T00:45:00,0,81.3,19,0.41059
2025-09-21T00:48:00,0,81.7,19,0.40181
2025-09-21T00:51:00,0,81.9,19,0.39741
2025-09-21T00:54:00,0,82.2,19,0.39083
2025-09-21T00:57:00,0,82.4,19,0.38644
2025-09-21T01:00:00,0,82.6,19,0.38204
2025-09-21T01:03:00,0,82.8,19,0.37765
2025-09-21T01:06:00,0,83.1,19,0.37107
2025-09-21T01:09:00,0,83.2,19,0.36887
2025-09-21T01:12:00,0,83.5,19,0.36228
2025-09-21T01:15:00,0,83.5,19,0.36228
2025-09-21T01:18:00,0,83.6,19,0.36009
2025-09-21T01:21:00,0,84,19,0.35131
2025-09-21T01:24:00,0,84.1,19,0.34911
2025-09-21T01:27:00,0,84.4,19,0.34252
2025-09-21T01:30:00,0,84.4,19,0.34252
2025-09-21T01:33:00,0,84.6,19,0.33813
2025-09-21T01:36:00,0,84.7,19,0.33594
2025-09-21T01:39:00,0,84.6,19,0.33813
2025-09-21T01:42:00,0,84.7,19,0.33594
2025-09-21T01:45:00,0,84.7,19,0.33594
2025-09-21T01:48:00,0,84.8,19,0.33374
2025-09-21T01:51:00,0,84.7,19,0.33594
2025-09-21T01:54:00,0,84.7,18,0.31554
2025-09-21T01:57:00,0,84.8,18,0.31347
2025-09-21T02:00:00,0,84.8,18,0.31347
2025-09-21T02:03:00,0,84.8,18,0.31347
2025-09-21T02:06:00,0,85,18,0.30935
2025-09-21T02:09:00,0,85,18,0.30935
2025-09-21T02:12:00,0,85.2,18,0.30523
2025-09-21T02:15:00,0,85.3,18,0.30316
2025-09-21T02:18:00,0,85.3,18,0.30316
2025-09-21T02:21:00,0,85.3,18,0.30316
2025-09-21T02:24:00,0,85.4,18,0.3011
2025-09-21T02:27:00,0,85.4,18,0.3011
2025-09-21T02:30:00,0,85.5,18,0.29904
2025-09-21T02:33:00,0,85.4,18,0.3011
2025-09-21T02:36:00,0,85.5,18,0.29904
2025-09-21T02:39:00,0,85.4,18,0.3011
2025-09-21T02:42:00,0,85.5,18,0.29904
2025-09-21T02:45:00,0,85.4,18,0.3011
2025-09-21T02:48:00,0,85.4,18,0.3011
2025-09-21T02:51:00,0,85.3,18,0.30316
2025-09-21T02:54:00,0,85.3,18,0.30316
2025-09-21T02:57:00,0,85.3,18,0.30316
2025-09-21T03:00:00,0,85.2,18,0.30523
2025-09-21T03:03:00,0,85.2,18,0.30523
2025-09-21T03:06:00,0,85.1,18,0.30729
2025-09-21T03:09:00,0,85.1,18,0.30729
2025-09-21T03:12:00,0,85.1,18,0.30729
2025-09-21T03:15:00,0,85.1,18,0.30729
2025-09-21T03:18:00,0,85.1,18,0.30729
2025-09-21T03:21:00,0,85,18,0.30935
2025-09-21T03:24:00,0,84.9,18,0.31141
2025-09-21T03:27:00,0,85,18,0.30935
2025-09-21T03:30:00,0,84.8,18,0.31347
2025-09-21T03:33:00,0,84.9,18,0.31141
2025-09-21T03:36:00,0,84.8,18,0.31347
2025-09-21T03:39:00,0,84.8,18,0.31347
2025-09-21T03:42:00,0,84.7,18,0.31554
2025-09-21T03:45:00,0,84.6,18,0.3176
2025-09-21T03:48:00,0,84.6,18,0.3176
2025-09-21T03:51:00,0,84.6,18,0.3176
2025-09-21T03:54:00,0,84.5,18,0.31966
2025-09-21T03:57:00,0,84.6,18,0.3176
2025-09-21T04:00:00,0,84.6,18,0.3176
2025-09-21T04:03:00,343,84.3,18,0.32379
2025-09-21T04:06:00,341,83.6,18,0.33822
2025-09-21T04:09:00,338,83,18,0.3506
2025-09-21T04:12:00,336,82.3,19,0.38863
2025-09-21T04:15:00,334,81.7,19,0.40181
2025-09-21T04:18:00,333,81.2,19,0.41278
2025-09-21T04:21:00,332,80.7,19,0.42376
2025-09-21T04:24:00,331,80.4,19,0.43035
2025-09-21T04:27:00,329,80,19,0.43913
2025-09-21T04:30:00,330,79.8,19,0.44352
2025-09-21T04:33:00,329,79.5,20,0.47898
2025-09-21T04:36:00,328,79.2,20,0.48599
2025-09-21T04:39:00,328,79,20,0.49066
2025-09-21T04:42:00,328,78,20,0.51403
2025-09-21T04:45:00,327,76.4,20,0.55141
2025-09-21T04:48:00,326,75.3,20,0.57711
2025-09-21T04:51:00,326,74.2,20,0.60281
2025-09-21T04:54:00,327,73.5,20,0.61917
2025-09-21T04:57:00,326,71.4,20,0.66823
2025-09-21T05:00:00,326,70.5,20,0.68926
2025-09-21T05:03:00,326,70.5,20,0.68926
2025-09-21T05:06:00,325,69.9,20,0.70328
2025-09-21T05:09:00,325,68.8,20,0.72898
2025-09-21T05:12:00,324,67.7,20,0.75468
2025-09-21T05:15:00,325,67.9,20,0.75001
2025-09-21T05:18:00,326,66.8,20,0.77571
2025-09-21T05:21:00,326,66,19,0.74652
2025-09-21T05:24:00,324,66.3,20,0.78739
2025-09-21T05:27:00,325,65.5,20,0.80609
2025-09-21T05:30:00,324,65.5,20,0.80609
2025-09-21T05:33:00,324,65.1,20,0.81543
2025-09-21T05:36:00,324,64.7,19,0.77507
2025-09-21T05:39:00,324,64.7,20,0.82478
2025-09-21T05:42:00,324,64.3,20,0.83412
2025-09-21T05:45:00,324,64.2,20,0.83646
2025-09-21T05:48:00,325,63.8,20,0.84581
2025-09-21T05:51:00,324,63.8,19,0.79483
2025-09-21T05:54:00,324,63.7,19,0.79702
2025-09-21T05:57:00,326,63.1,19,0.8102
2025-09-21T06:00:00,324,63.2,20,0.85982
2025-09-21T06:03:00,324,63,20,0.8645
2025-09-21T06:06:00,324,63,19,0.81239
2025-09-21T06:09:00,323,62.8,19,0.81678
2025-09-21T06:12:00,325,62.9,20,0.86683
2025-09-21T06:15:00,323,62.3,19,0.82776
2025-09-21T06:18:00,325,62.2,19,0.82996
2025-09-21T06:21:00,324,62.2,19,0.82996
2025-09-21T06:24:00,323,62,19,0.83435
2025-09-21T06:27:00,324,61.7,19,0.84094
2025-09-21T06:30:00,323,61.4,19,0.84752
2025-09-21T06:33:00,323,61.4,19,0.84752
2025-09-21T06:36:00,323,61.4,19,0.84752
2025-09-21T06:39:00,323,61.2,19,0.85192
2025-09-21T06:42:00,323,60.9,19,0.8585
2025-09-21T06:45:00,324,61,19,0.85631
2025-09-21T06:48:00,325,60.6,19,0.86509
2025-09-21T06:51:00,325,60.7,19,0.86289
2025-09-21T06:54:00,325,60.4,19,0.86948
2025-09-21T06:57:00,324,60.5,19,0.86728
2025-09-21T07:00:00,326,60.5,19,0.86728
2025-09-21T07:03:00,326,60.8,19,0.8607
2025-09-21T07:06:00,327,60.2,19,0.87387
2025-09-21T07:09:00,326,60.1,19,0.87607
2025-09-21T07:12:00,328,60.1,19,0.87607
2025-09-21T07:15:00,328,59.7,19,0.88485
2025-09-21T07:18:00,328,60.1,19,0.87607
2025-09-21T07:21:00,329,59.9,19,0.88046
2025-09-21T07:24:00,329,59.7,19,0.88485
2025-09-21T07:27:00,330,59.6,19,0.88705
2025-09-21T07:30:00,330,59.7,19,0.88485
2025-09-21T07:33:00,330,59.5,19,0.88924
2025-09-21T07:36:00,331,58.9,19,0.90242
2025-09-21T07:39:00,329,59.2,19,0.89583
2025-09-21T07:42:00,332,59.3,19,0.89363
2025-09-21T07:45:00,332,59.1,19,0.89802
2025-09-21T07:48:00,331,59,19,0.90022
2025-09-21T07:51:00,333,58.8,19,0.90461
2025-09-21T07:54:00,334,58.9,19,0.90242
2025-09-21T07:57:00,333,58.5,19,0.9112
2025-09-21T08:00:00,334,58.4,19,0.91339
2025-09-21T08:03:00,334,58.1,19,0.91998
2025-09-21T08:06:00,335,58.1,20,0.97898
2025-09-21T08:09:00,335,57.9,20,0.98366
2025-09-21T08:12:00,335,58.9,20,0.96029
2025-09-21T08:15:00,335,59,20,0.95796
2025-09-21T08:18:00,336,57.6,20,0.99067
2025-09-21T08:21:00,335,58,19,0.92218
2025-09-21T08:24:00,336,57.9,19,0.92437
2025-09-21T08:27:00,336,58.1,19,0.91998
2025-09-21T08:30:00,336,58,20,0.98132
2025-09-21T08:33:00,338,59.1,19,0.89802
2025-09-21T08:36:00,337,57.6,19,0.93096
2025-09-21T08:39:00,337,58.8,19,0.90461
2025-09-21T08:42:00,337,58.1,20,0.97898
2025-09-21T08:45:00,337,57.7,19,0.92876
2025-09-21T08:48:00,338,58.6,20,0.9673
2025-09-21T08:51:00,337,58.8,20,0.96263
2025-09-21T08:54:00,338,56.7,19,0.95072
2025-09-21T08:57:00,338,57.4,20,0.99534
2025-09-21T09:00:00,339,57.1,20,1.00235
2025-09-21T09:03:00,340,56.8,20,1.00936
2025-09-21T09:06:00,340,56.1,19,0.96389
2025-09-21T09:09:00,341,56.5,20,1.01637
2025-09-21T09:12:00,340,55.9,19,0.96828
2025-09-21T09:15:00,342,55.5,20,1.03973
2025-09-21T09:18:00,342,56.1,19,0.96389
2025-09-21T09:21:00,344,54.7,19,0.99463
2025-09-21T09:24:00,347,55,20,1.05142
2025-09-21T09:27:00,350,53.9,19,1.0122
2025-09-21T09:30:00,361,53,20,1.09815
2025-09-21T09:33:00,374,52.6,20,1.10749
2025-09-21T09:36:00,428,52,20,1.12151
2025-09-21T09:39:00,488,51.2,20,1.1402
2025-09-21T09:42:00,502,50.4,20,1.15889
2025-09-21T09:45:00,510,49.1,21,1.26494
2025-09-21T09:48:00,507,48.5,21,1.27985
2025-09-21T09:51:00,511,46.9,21,1.31962
2025-09-21T09:54:00,518,46.4,22,1.41614
2025-09-21T09:57:00,515,46.3,22,1.41878
2025-09-21T10:00:00,512,47.8,21,1.29725
2025-09-21T10:03:00,506,46.7,20,1.24534
2025-09-21T10:06:00,499,58,19,0.92218
2025-09-21T10:09:00,496,66.2,17,0.65442
2025-09-21T10:12:00,488,67.6,17,0.62732
2025-09-21T10:15:00,478,66.3,19,0.73994
2025-09-21T10:18:00,469,61.5,20,0.89954
2025-09-21T10:21:00,454,68.5,17,0.60989
2025-09-21T10:24:00,445,67,19,0.72457
2025-09-21T10:27:00,445,65,20,0.81777
2025-09-21T10:30:00,441,67.9,18,0.66201
2025-09-21T10:33:00,439,69.4,18,0.63107
2025-09-21T10:36:00,446,65.2,20,0.81309
2025-09-21T10:39:00,465,64.8,19,0.77287
2025-09-21T10:42:00,465,69.8,17,0.58472
2025-09-21T10:45:00,465,70.3,18,0.61251
2025-09-21T10:48:00,460,64.8,19,0.77287
2025-09-21T10:51:00,460,68.5,17,0.60989
2025-09-21T10:54:00,460,69.7,17,0.58666
2025-09-21T10:57:00,463,66.9,19,0.72676
2025-09-21T11:00:00,454,67.8,18,0.66407
2025-09-21T11:03:00,423,69.7,17,0.58666
2025-09-21T11:06:00,444,69.5,17,0.59053
2025-09-21T11:09:00,420,69.3,18,0.63314
2025-09-21T11:12:00,418,69.8,18,0.62282
2025-09-21T11:15:00,433,70.8,17,0.56536
2025-09-21T11:18:00,431,71.5,17,0.55181
2025-09-21T11:21:00,420,70.1,17,0.57891
2025-09-21T11:24:00,415,70.7,17,0.5673
2025-09-21T11:27:00,415,70.2,17,0.57698
2025-09-21T11:30:00,443,68.9,17,0.60215
2025-09-21T11:33:00,464,69,17,0.60021
2025-09-21T11:36:00,439,69.7,18,0.62489
2025-09-21T11:39:00,411,69.9,18,0.62076
2025-09-21T11:42:00,449,68.1,18,0.65788
2025-09-21T11:45:00,427,69.7,18,0.62489
2025-09-21T11:48:00,402,68.2,18,0.65582
2025-09-21T11:51:00,409,68.1,18,0.65788
2025-09-21T11:54:00,402,68.1,18,0.65788
2025-09-21T11:57:00,407,69.1,18,0.63726
2025-09-21T12:00:00,402,68.6,18,0.64757
2025-09-21T12:03:00,394,68.1,18,0.65788
2025-09-21T12:06:00,391,67.9,18,0.66201
2025-09-21T12:09:00,389,67.6,18,0.6682
2025-09-21T12:12:00,389,68,18,0.65995
2025-09-21T12:15:00,389,66.9,19,0.72676
2025-09-21T12:18:00,387,67.2,19,0.72018
2025-09-21T12:21:00,388,67.3,19,0.71798
2025-09-21T12:24:00,386,67.3,19,0.71798
2025-09-21T12:27:00,388,68.4,19,0.69383
2025-09-21T12:30:00,385,67.1,19,0.72237
2025-09-21T12:33:00,385,68.1,19,0.70041
2025-09-21T12:36:00,383,66.9,19,0.72676
2025-09-21T12:39:00,384,67.3,19,0.71798
2025-09-21T12:42:00,383,66.7,19,0.73115
2025-09-21T12:45:00,383,68.1,19,0.70041
2025-09-21T12:48:00,383,67.9,19,0.70481
2025-09-21T12:51:00,382,68.5,19,0.69163
2025-09-21T12:54:00,382,67.1,19,0.72237
2025-09-21T12:57:00,383,66.5,19,0.73555
2025-09-21T13:00:00,381,66.2,20,0.78973
2025-09-21T13:03:00,383,66.1,20,0.79207
2025-09-21T13:06:00,384,66.4,20,0.78506
2025-09-21T13:09:00,383,66.3,20,0.78739
2025-09-21T13:12:00,383,66.3,20,0.78739
2025-09-21T13:15:00,383,65.4,20,0.80842
2025-09-21T13:18:00,382,65.5,20,0.80609
2025-09-21T13:21:00,381,64.8,20,0.82244
2025-09-21T13:24:00,383,66.2,20,0.78973
2025-09-21T13:27:00,383,65.8,20,0.79908
2025-09-21T13:30:00,383,66.8,20,0.77571
2025-09-21T13:33:00,382,65.8,20,0.79908
2025-09-21T13:36:00,381,64.6,20,0.82711
2025-09-21T13:39:00,382,63.6,20,0.85048
2025-09-21T13:42:00,383,64.5,20,0.82945
2025-09-21T13:45:00,383,64.9,20,0.8201
2025-09-21T13:48:00,383,65.1,20,0.81543
2025-09-21T13:51:00,383,66.2,20,0.78973
2025-09-21T13:54:00,382,65.4,20,0.80842
2025-09-21T13:57:00,383,64.1,20,0.8388
2025-09-21T14:00:00,383,65.4,20,0.80842
2025-09-21T14:03:00,383,64.8,20,0.82244
2025-09-21T14:06:00,384,64.6,20,0.82711
2025-09-21T14:09:00,383,65.1,20,0.81543
2025-09-21T14:12:00,384,66.4,20,0.78506
2025-09-21T14:15:00,383,65,20,0.81777
2025-09-21T14:18:00,387,64.3,20,0.83412
2025-09-21T14:21:00,385,65.3,20,0.81076
2025-09-21T14:24:00,386,65,21,0.8698
2025-09-21T14:27:00,397,64.8,20,0.82244
2025-09-21T14:30:00,402,66.2,21,0.83998
2025-09-21T14:33:00,396,65.5,21,0.85738
2025-09-21T14:36:00,389,64.1,21,0.89217
2025-09-21T14:39:00,391,64.3,20,0.83412
2025-09-21T14:42:00,403,65.4,20,0.80842
2025-09-21T14:45:00,409,66.1,21,0.84247
2025-09-21T14:48:00,400,67.2,21,0.81513
2025-09-21T14:51:00,394,66.3,21,0.8375
2025-09-21T14:54:00,400,65.1,21,0.86732
2025-09-21T14:57:00,435,63.6,21,0.9046
2025-09-21T15:00:00,429,63.7,21,0.90211
2025-09-21T15:03:00,430,64,21,0.89466
2025-09-21T15:06:00,424,64.4,21,0.88471
2025-09-21T15:09:00,405,64.4,21,0.88471
2025-09-21T15:12:00,413,65.8,21,0.84992
2025-09-21T15:15:00,409,64.1,21,0.89217
2025-09-21T15:18:00,401,64.3,21,0.8872
2025-09-21T15:21:00,413,63.5,21,0.90708
2025-09-21T15:24:00,405,64.8,21,0.87477
2025-09-21T15:27:00,386,66,21,0.84495
2025-09-21T15:30:00,381,65.7,21,0.85241
2025-09-21T15:33:00,381,67.1,21,0.81762
2025-09-21T15:36:00,379,65.2,21,0.86483
2025-09-21T15:39:00,377,64.4,21,0.88471
2025-09-21T15:42:00,378,64,21,0.89466
2025-09-21T15:45:00,376,64.4,21,0.88471
2025-09-21T15:48:00,375,64.5,21,0.88223
2025-09-21T15:51:00,376,65.9,21,0.84744
2025-09-21T15:54:00,374,63.3,21,0.91205
2025-09-21T15:57:00,379,64.7,21,0.87726
2025-09-21T16:00:00,372,63.7,21,0.90211
2025-09-21T16:03:00,375,63.2,21,0.91454
2025-09-21T16:06:00,410,65.1,21,0.86732
2025-09-21T16:09:00,413,64.4,21,0.88471
2025-09-21T16:12:00,389,64.4,21,0.88471
2025-09-21T16:15:00,421,66.1,21,0.84247
2025-09-21T16:18:00,444,63.1,21,0.91702
2025-09-21T16:21:00,373,63.6,21,0.9046
2025-09-21T16:24:00,369,64.4,21,0.88471
2025-09-21T16:27:00,380,64.1,21,0.89217
2025-09-21T16:30:00,365,64.4,21,0.88471
2025-09-21T16:33:00,366,64.6,21,0.87974
2025-09-21T16:36:00,369,64.6,21,0.87974
2025-09-21T16:39:00,359,64.5,21,0.88223
2025-09-21T16:42:00,356,64.8,21,0.87477
2025-09-21T16:45:00,353,66.5,21,0.83253
2025-09-21T16:48:00,353,65.1,20,0.81543
2025-09-21T16:51:00,350,65.8,20,0.79908
2025-09-21T16:54:00,349,66.8,20,0.77571
2025-09-21T16:57:00,347,65.5,21,0.85738
2025-09-21T17:00:00,346,64.4,21,0.88471
2025-09-21T17:03:00,347,64.9,21,0.87229
2025-09-21T17:06:00,347,65,21,0.8698
2025-09-21T17:09:00,347,65.1,21,0.86732
2025-09-21T17:12:00,347,65.9,21,0.84744
2025-09-21T17:15:00,350,65.7,20,0.80141
2025-09-21T17:18:00,347,65,20,0.81777
2025-09-21T17:21:00,342,64.5,20,0.82945
2025-09-21T17:24:00,341,65.8,20,0.79908
2025-09-21T17:27:00,338,66.5,20,0.78272
2025-09-21T17:30:00,336,64.4,20,0.83179
2025-09-21T17:33:00,333,65.6,20,0.80375
2025-09-21T17:36:00,332,65.2,20,0.81309
2025-09-21T17:39:00,333,65.5,20,0.80609
2025-09-21T17:42:00,331,65.6,20,0.80375
2025-09-21T17:45:00,331,66.4,20,0.78506
2025-09-21T17:48:00,330,68.2,20,0.743
2025-09-21T17:51:00,328,66.9,20,0.77337
2025-09-21T17:54:00,326,66.6,20,0.78038
2025-09-21T17:57:00,327,67.7,20,0.75468
2025-09-21T18:00:00,328,66.4,20,0.78506
2025-09-21T18:03:00,328,67.5,20,0.75936
2025-09-21T18:06:00,327,68,20,0.74767
2025-09-21T18:09:00,324,66.7,20,0.77805
2025-09-21T18:12:00,324,66.8,20,0.77571
2025-09-21T18:15:00,322,67.9,20,0.75001
2025-09-21T18:18:00,322,68.9,20,0.72665
2025-09-21T18:21:00,320,69.7,20,0.70795
2025-09-21T18:24:00,320,69.7,19,0.66528
2025-09-21T18:27:00,321,69.8,19,0.66309
2025-09-21T18:30:00,320,68,19,0.70261
2025-09-21T18:33:00,320,68.1,19,0.70041
2025-09-21T18:36:00,318,68.2,19,0.69822
2025-09-21T18:39:00,319,69.5,19,0.66968
2025-09-21T18:42:00,318,69.8,19,0.66309
2025-09-21T18:45:00,317,69.7,19,0.66528
2025-09-21T18:48:00,316,70,19,0.6587
2025-09-21T18:51:00,315,69.8,19,0.66309
2025-09-21T18:54:00,316,70.5,19,0.64772
2025-09-21T18:57:00,315,70,19,0.6587
2025-09-21T19:00:00,315,71.7,19,0.62137
2025-09-21T19:03:00,314,70.6,19,0.64552
2025-09-21T19:06:00,314,71.7,18,0.58364
2025-09-21T19:09:00,314,69.7,18,0.62489
2025-09-21T19:12:00,313,70.3,18,0.61251
2025-09-21T19:15:00,314,70.3,18,0.61251
2025-09-21T19:18:00,314,70.5,18,0.60839
2025-09-21T19:21:00,315,70.3,18,0.61251
2025-09-21T19:24:00,312,71.2,18,0.59395
2025-09-21T19:27:00,313,72.2,18,0.57333
2025-09-21T19:30:00,313,70.2,18,0.61458
2025-09-21T19:33:00,312,70.3,18,0.61251
2025-09-21T19:36:00,312,71.4,18,0.58983
2025-09-21T19:39:00,312,71.7,18,0.58364
2025-09-21T19:42:00,312,71.5,18,0.58776
2025-09-21T19:45:00,313,72,18,0.57745
2025-09-21T19:48:00,313,71.9,18,0.57952
2025-09-21T19:51:00,312,71.3,18,0.59189
2025-09-21T19:54:00,312,71.7,18,0.58364
2025-09-21T19:57:00,313,71.6,17,0.54987
2025-09-21T20:00:00,313,71.8,17,0.546
2025-09-21T20:03:00,0,72.2,17,0.53825
2025-09-21T20:06:00,0,72.1,17,0.54019
2025-09-21T20:09:00,0,73.2,17,0.51889
2025-09-21T20:12:00,0,73.1,17,0.52083
2025-09-21T20:15:00,0,74.2,17,0.49953
2025-09-21T20:18:00,0,73.1,17,0.52083
2025-09-21T20:21:00,0,71.5,17,0.55181
2025-09-21T20:24:00,0,71.9,17,0.54406
2025-09-21T20:27:00,0,73.3,17,0.51696
2025-09-21T20:30:00,0,71.2,17,0.55762
2025-09-21T20:33:00,0,73.5,17,0.51308
2025-09-21T20:36:00,0,73.2,17,0.51889
2025-09-21T20:39:00,0,71,18,0.59808
2025-09-21T20:42:00,0,70.7,18,0.60426
2025-09-21T20:45:00,0,70.6,18,0.60633
2025-09-21T20:48:00,0,71.8,18,0.58158
2025-09-21T20:51:00,0,70.7,18,0.60426
2025-09-21T20:54:00,0,65.9,18,0.70326
2025-09-21T20:57:00,0,61.7,19,0.84094
2025-09-21T21:00:00,0,64,19,0.79044
2025-09-21T21:03:00,0,66.4,19,0.73774
2025-09-21T21:06:00,0,68.9,18,0.64139
2025-09-21T21:09:00,0,69.9,18,0.62076
2025-09-21T21:12:00,0,69.4,18,0.63107
2025-09-21T21:15:00,0,71.6,18,0.5857
2025-09-21T21:18:00,0,71,18,0.59808
2025-09-21T21:21:00,0,69.5,18,0.62901
2025-09-21T21:24:00,0,70.1,18,0.61664
2025-09-21T21:27:00,0,70.6,18,0.60633
2025-09-21T21:30:00,0,68.5,18,0.64963
2025-09-21T21:33:00,0,67.7,19,0.7092
2025-09-21T21:36:00,0,67.8,19,0.707
2025-09-21T21:39:00,0,66.3,19,0.73994
2025-09-21T21:42:00,0,69.2,19,0.67626
2025-09-21T21:45:00,0,68.2,19,0.69822
2025-09-21T21:48:00,0,67.9,19,0.70481
2025-09-21T21:51:00,0,67.8,19,0.707
2025-09-21T21:54:00,0,67.2,19,0.72018
2025-09-21T21:57:00,0,65.9,19,0.74872
2025-09-21T22:00:00,0,68.4,19,0.69383
2025-09-21T22:03:00,0,68.1,19,0.70041
2025-09-21T22:06:00,0,68.6,19,0.68944
2025-09-21T22:09:00,0,67.9,19,0.70481
2025-09-21T22:12:00,0,68.5,19,0.69163
2025-09-21T22:15:00,0,65.5,19,0.7575
2025-09-21T22:18:00,0,63.6,19,0.79922
2025-09-21T22:21:00,0,61.1,19,0.85411
2025-09-21T22:24:00,0,60.1,19,0.87607
2025-09-21T22:27:00,0,59.4,19,0.89144
2025-09-21T22:30:00,0,58.9,19,0.90242
2025-09-21T22:33:00,0,58.2,19,0.91778
2025-09-21T22:36:00,0,57.2,19,0.93974
2025-09-21T22:39:00,0,56.7,19,0.95072
2025-09-21T22:42:00,0,57,19,0.94413
2025-09-21T22:45:00,0,66.2,19,0.74213
2025-09-21T22:48:00,0,61.8,19,0.83874
2025-09-21T22:51:00,0,59.7,19,0.88485
2025-09-21T22:54:00,0,58.7,19,0.90681
2025-09-21T22:57:00,0,56.9,19,0.94633
2025-09-21T23:00:00,0,56.5,19,0.95511
2025-09-21T23:03:00,0,56.3,19,0.9595
2025-09-21T23:06:00,0,56.2,19,0.9617
2025-09-21T23:09:00,0,57.2,19,0.93974
2025-09-21T23:12:00,0,57.2,19,0.93974
2025-09-21T23:15:00,0,57.2,19,0.93974
2025-09-21T23:18:00,0,56.8,19,0.94852
2025-09-21T23:21:00,0,56.8,19,0.94852
2025-09-21T23:24:00,0,56.5,19,0.95511
2025-09-21T23:27:00,0,55.9,19,0.96828
2025-09-21T23:30:00,0,55.6,19,0.97487
2025-09-21T23:33:00,0,55.2,19,0.98365
2025-09-21T23:36:00,0,55,19,0.98805
2025-09-21T23:39:00,0,54.8,19,0.99244
2025-09-21T23:42:00,0,54.5,19,0.99902
2025-09-21T23:45:00,0,54.1,19,1.00781
2025-09-21T23:48:00,0,54.1,19,1.00781
2025-09-21T23:51:00,0,53.9,19,1.0122
2025-09-21T23:54:00,0,53.6,19,1.01879
2025-09-21T23:57:00,0,53.2,19,1.02757
2025-09-22T00:00:00,0,52.8,19,1.03635
2025-09-22T00:03:00,0,52.5,19,1.04294
2025-09-22T00:06:00,0,52.4,19,1.04513
2025-09-22T00:09:00,0,52.1,19,1.05172
2025-09-22T00:12:00,0,51.7,19,1.0605
2025-09-22T00:15:00,0,51.5,19,1.06489
2025-09-22T00:18:00,0,51.5,19,1.06489
2025-09-22T00:21:00,0,51.3,19,1.06929
2025-09-22T00:24:00,0,51,19,1.07587
2025-09-22T00:27:00,0,50.9,19,1.07807
2025-09-22T00:30:00,0,50.5,19,1.08685
2025-09-22T00:33:00,0,50.7,19,1.08246
2025-09-22T00:36:00,0,51.8,19,1.05831
2025-09-22T00:39:00,0,52.3,19,1.04733
2025-09-22T00:42:00,0,52.7,19,1.03855
2025-09-22T00:45:00,0,53,19,1.03196
2025-09-22T00:48:00,0,53.3,19,1.02537
2025-09-22T00:51:00,0,54.3,19,1.00342
2025-09-22T00:54:00,0,54.3,19,1.00342
2025-09-22T00:57:00,0,55.7,19,0.97268
2025-09-22T01:00:00,0,58.5,19,0.9112
2025-09-22T01:03:00,0,60.7,19,0.86289
2025-09-22T01:06:00,0,61.9,19,0.83655
2025-09-22T01:09:00,0,64.7,19,0.77507
2025-09-22T01:12:00,0,66.8,19,0.72896
2025-09-22T01:15:00,0,68.3,19,0.69602
2025-09-22T01:18:00,0,69.9,19,0.66089
2025-09-22T01:21:00,0,71.3,19,0.63015
2025-09-22T01:24:00,0,72.3,19,0.6082
2025-09-22T01:27:00,0,73.5,19,0.58185
2025-09-22T01:30:00,0,74.5,19,0.55989
2025-09-22T01:33:00,0,75.2,19,0.54452
2025-09-22T01:36:00,0,75.9,19,0.52915
2025-09-22T01:39:00,0,76.5,19,0.51598
2025-09-22T01:42:00,0,77,19,0.505
2025-09-22T01:45:00,0,77.4,19,0.49622
2025-09-22T01:48:00,0,78,19,0.48304
2025-09-22T01:51:00,0,78.4,19,0.47426
2025-09-22T01:54:00,0,78.4,19,0.47426
2025-09-22T01:57:00,0,78.7,19,0.46768
2025-09-22T02:00:00,0,78.9,19,0.46328
2025-09-22T02:03:00,0,79.1,19,0.45889
2025-09-22T02:06:00,0,79.7,19,0.44572
2025-09-22T02:09:00,0,80.2,19,0.43474
2025-09-22T02:12:00,0,80.6,19,0.42596
2025-09-22T02:15:00,0,80.9,19,0.41937
2025-09-22T02:18:00,0,81.1,19,0.41498
2025-09-22T02:21:00,0,81.3,19,0.41059
2025-09-22T02:24:00,0,81.6,19,0.404
2025-09-22T02:27:00,0,81.8,19,0.39961
2025-09-22T02:30:00,0,81.8,19,0.39961
2025-09-22T02:33:00,0,81.9,19,0.39741
2025-09-22T02:36:00,0,81.9,19,0.39741
2025-09-22T02:39:00,0,82.1,19,0.39302
2025-09-22T02:42:00,0,82,19,0.39522
2025-09-22T02:45:00,0,82.2,19,0.39083
2025-09-22T02:48:00,0,82.2,19,0.39083
2025-09-22T02:51:00,0,82.2,19,0.39083
2025-09-22T02:54:00,0,82.3,19,0.38863
2025-09-22T02:57:00,0,82.3,19,0.38863
2025-09-22T03:00:00,0,82.3,19,0.38863
2025-09-22T03:03:00,0,82.3,19,0.38863
2025-09-22T03:06:00,0,82.3,19,0.38863
2025-09-22T03:09:00,0,82.4,19,0.38644
2025-09-22T03:12:00,0,82.5,19,0.38424
2025-09-22T03:15:00,0,82.3,19,0.38863
2025-09-22T03:18:00,0,82.4,19,0.38644
2025-09-22T03:21:00,0,82.4,19,0.38644
2025-09-22T03:24:00,0,82.4,19,0.38644
2025-09-22T03:27:00,0,82.5,19,0.38424
2025-09-22T03:30:00,0,82.5,19,0.38424
2025-09-22T03:33:00,0,82.5,18,0.36091
2025-09-22T03:36:00,0,82.3,18,0.36503
2025-09-22T03:39:00,0,82.4,18,0.36297
2025-09-22T03:42:00,0,82.3,18,0.36503
2025-09-22T03:45:00,0,82.4,18,0.36297
2025-09-22T03:48:00,0,82.3,18,0.36503
2025-09-22T03:51:00,0,82.3,18,0.36503
2025-09-22T03:54:00,0,82.2,18,0.3671
2025-09-22T03:57:00,0,82.2,18,0.3671
2025-09-22T04:00:00,0,82.2,18,0.3671
2025-09-22T04:03:00,344,81.8,19,0.39961
2025-09-22T04:06:00,341,81.2,19,0.41278
2025-09-22T04:09:00,339,80.4,19,0.43035
2025-09-22T04:12:00,338,79.8,19,0.44352
2025-09-22T04:15:00,335,79.3,19,0.4545
2025-09-22T04:18:00,334,78.8,19,0.46548
2025-09-22T04:21:00,332,78.4,20,0.50468
2025-09-22T04:24:00,331,77.8,20,0.5187
2025-09-22T04:27:00,331,77.1,20,0.53505
2025-09-22T04:30:00,329,74.8,20,0.58879
2025-09-22T04:33:00,328,70.2,20,0.69627
2025-09-22T04:36:00,328,68.3,20,0.74066
2025-09-22T04:39:00,327,67.6,20,0.75702
2025-09-22T04:42:00,326,65.5,20,0.80609
2025-09-22T04:45:00,327,64.1,20,0.8388
2025-09-22T04:48:00,325,63.4,20,0.85515
2025-09-22T04:51:00,326,62.4,20,0.87852
2025-09-22T04:54:00,326,61.4,20,0.90188
2025-09-22T04:57:00,326,60.5,20,0.92291
2025-09-22T05:00:00,324,60.3,20,0.92758
2025-09-22T05:03:00,326,59.7,20,0.9416
2025-09-22T05:06:00,325,59.1,20,0.95562
2025-09-22T05:09:00,325,59.2,20,0.95328
2025-09-22T05:12:00,324,58.8,20,0.96263
2025-09-22T05:15:00,326,58.4,20,0.97198
2025-09-22T05:18:00,326,58,20,0.98132
2025-09-22T05:21:00,325,57.9,20,0.98366
2025-09-22T05:24:00,325,57.6,20,0.99067
2025-09-22T05:27:00,325,57.4,20,0.99534
2025-09-22T05:30:00,326,57.5,20,0.993
2025-09-22T05:33:00,326,57.6,20,0.99067
2025-09-22T05:36:00,323,57.6,20,0.99067
2025-09-22T05:39:00,325,56.7,20,1.0117
2025-09-22T05:42:00,325,56.6,20,1.01403
2025-09-22T05:45:00,325,56.5,20,1.01637
2025-09-22T05:48:00,323,57.4,20,0.99534
2025-09-22T05:51:00,325,57.6,19,0.93096
2025-09-22T05:54:00,324,57.3,19,0.93755
2025-09-22T05:57:00,325,57.2,20,1.00001
2025-09-22T06:00:00,323,56.8,19,0.94852
2025-09-22T06:03:00,323,56.8,19,0.94852
2025-09-22T06:06:00,323,56.1,20,1.02571
2025-09-22T06:09:00,324,56,19,0.96609
2025-09-22T06:12:00,324,55.6,19,0.97487
2025-09-22T06:15:00,324,55,19,0.98805
2025-09-22T06:18:00,325,54.7,19,0.99463
2025-09-22T06:21:00,324,54.6,19,0.99683
2025-09-22T06:24:00,325,54.5,19,0.99902
2025-09-22T06:27:00,324,54.7,19,0.99463
2025-09-22T06:30:00,326,53.1,20,1.09581
2025-09-22T06:33:00,326,52.5,19,1.04294
2025-09-22T06:36:00,324,53.1,19,1.02976
2025-09-22T06:39:00,325,52.3,19,1.04733
2025-09-22T06:42:00,324,53.1,19,1.02976
2025-09-22T06:45:00,325,52.8,20,1.10282
2025-09-22T06:48:00,325,53.2,19,1.02757
2025-09-22T06:51:00,325,53.2,19,1.02757
2025-09-22T06:54:00,325,53.3,19,1.02537
2025-09-22T06:57:00,326,52.8,20,1.10282
2025-09-22T07:00:00,325,53.2,19,1.02757
2025-09-22T07:03:00,326,53,20,1.09815
2025-09-22T07:06:00,327,52.9,20,1.10048
2025-09-22T07:09:00,328,52.7,20,1.10515
2025-09-22T07:12:00,329,52.5,19,1.04294
2025-09-22T07:15:00,329,53.4,19,1.02318
2025-09-22T07:18:00,329,53.9,19,1.0122
2025-09-22T07:21:00,331,53.3,20,1.09114
2025-09-22T07:24:00,331,53.7,19,1.01659
2025-09-22T07:27:00,331,54,19,1.01
2025-09-22T07:30:00,331,53.6,20,1.08413
2025-09-22T07:33:00,330,54.3,19,1.00342
2025-09-22T07:36:00,331,53.9,19,1.0122
2025-09-22T07:39:00,331,53.9,20,1.07712
2025-09-22T07:42:00,331,54.2,19,1.00561
2025-09-22T07:45:00,331,54.3,19,1.00342
2025-09-22T07:48:00,331,54.4,20,1.06543
2025-09-22T07:51:00,331,54.5,19,0.99902
2025-09-22T07:54:00,331,54.8,19,0.99244
2025-09-22T07:57:00,332,54.7,19,0.99463
2025-09-22T08:00:00,334,55.8,19,0.97048
2025-09-22T08:03:00,335,54.8,20,1.05609
2025-09-22T08:06:00,336,54.9,20,1.05375
2025-09-22T08:09:00,336,55.6,19,0.97487
2025-09-22T08:12:00,338,55.6,20,1.0374
2025-09-22T08:15:00,339,55.1,20,1.04908
2025-09-22T08:18:00,339,56.1,20,1.02571
2025-09-22T08:21:00,342,55.9,20,1.03039
2025-09-22T08:24:00,345,55.7,20,1.03506
2025-09-22T08:27:00,345,56.6,20,1.01403
2025-09-22T08:30:00,345,56.1,20,1.02571
2025-09-22T08:33:00,347,55.9,20,1.03039
2025-09-22T08:36:00,347,56.5,20,1.01637
2025-09-22T08:39:00,350,56.8,20,1.00936
2025-09-22T08:42:00,350,56.6,19,0.95292
2025-09-22T08:45:00,353,56.2,20,1.02338
2025-09-22T08:48:00,352,56.4,19,0.95731
2025-09-22T08:51:00,350,56,20,1.02805
2025-09-22T08:54:00,349,56.7,19,0.95072
2025-09-22T08:57:00,349,56,20,1.02805
2025-09-22T09:00:00,347,55.9,20,1.03039
2025-09-22T09:03:00,348,55.4,20,1.04207
2025-09-22T09:06:00,353,55.7,20,1.03506
2025-09-22T09:09:00,356,55.5,20,1.03973
2025-09-22T09:12:00,355,55.8,20,1.03272
2025-09-22T09:15:00,354,55.7,20,1.03506
2025-09-22T09:18:00,353,55.8,20,1.03272
2025-09-22T09:21:00,356,56.1,20,1.02571
2025-09-22T09:24:00,363,56.8,20,1.00936
2025-09-22T09:27:00,371,58.6,19,0.909
2025-09-22T09:30:00,381,57.3,20,0.99768
2025-09-22T09:33:00,386,56.8,20,1.00936
2025-09-22T09:36:00,403,56.5,20,1.01637
2025-09-22T09:39:00,389,55.9,20,1.03039
2025-09-22T09:42:00,364,56.6,20,1.01403
2025-09-22T09:45:00,357,56.8,20,1.00936
2025-09-22T09:48:00,356,56.9,20,1.00702
2025-09-22T09:51:00,362,56.7,20,1.0117
2025-09-22T09:54:00,369,56.1,20,1.02571
2025-09-22T09:57:00,379,56.3,20,1.02104
2025-09-22T10:00:00,381,55.7,20,1.03506
2025-09-22T10:03:00,380,55.7,20,1.03506
2025-09-22T10:06:00,370,55.6,20,1.0374
2025-09-22T10:09:00,367,55.9,20,1.03039
2025-09-22T10:12:00,383,55.9,20,1.03039
2025-09-22T10:15:00,392,55.1,20,1.04908
2025-09-22T10:18:00,376,54.7,21,1.12577
2025-09-22T10:21:00,381,54.9,20,1.05375
2025-09-22T10:24:00,392,55.3,21,1.11086
2025-09-22T10:27:00,393,55.8,20,1.03272
2025-09-22T10:30:00,372,55.6,21,1.10341
2025-09-22T10:33:00,380,55,21,1.11832
2025-09-22T10:36:00,395,54.6,21,1.12826
2025-09-22T10:39:00,412,54.2,21,1.1382
2025-09-22T10:42:00,443,55.7,20,1.03506
2025-09-22T10:45:00,459,55.6,20,1.0374
2025-09-22T10:48:00,451,57,21,1.06862
2025-09-22T10:51:00,443,66.6,19,0.73335
2025-09-22T10:54:00,418,69.7,19,0.66528
2025-09-22T10:57:00,414,67.4,19,0.71578
2025-09-22T11:00:00,394,70.7,18,0.60426
2025-09-22T11:03:00,365,68.7,19,0.68724
2025-09-22T11:06:00,370,65.5,20,0.80609
2025-09-22T11:09:00,376,65,20,0.81777
2025-09-22T11:12:00,387,63.6,20,0.85048
2025-09-22T11:15:00,392,65.6,20,0.80375
2025-09-22T11:18:00,404,65,20,0.81777
2025-09-22T11:21:00,414,67.6,19,0.71139
2025-09-22T11:24:00,413,67.6,19,0.71139
2025-09-22T11:27:00,410,66.4,19,0.73774
2025-09-22T11:30:00,417,65.9,20,0.79674
2025-09-22T11:33:00,391,65.2,20,0.81309
2025-09-22T11:36:00,389,64.3,20,0.83412
2025-09-22T11:39:00,401,67.2,19,0.72018
2025-09-22T11:42:00,426,65.9,19,0.74872
2025-09-22T11:45:00,438,66.2,19,0.74213
2025-09-22T11:48:00,421,66.3,19,0.73994
2025-09-22T11:51:00,406,66.7,19,0.73115
2025-09-22T11:54:00,391,66.2,19,0.74213
2025-09-22T11:57:00,364,64.1,20,0.8388
2025-09-22T12:00:00,378,61.1,21,0.96672
2025-09-22T12:03:00,375,68.1,18,0.65788
2025-09-22T12:06:00,367,65.1,20,0.81543
2025-09-22T12:09:00,369,60.8,21,0.97418
2025-09-22T12:12:00,360,64.1,20,0.8388
2025-09-22T12:15:00,416,62.5,20,0.87618
2025-09-22T12:18:00,421,66.2,19,0.74213
2025-09-22T12:21:00,421,63,20,0.8645
2025-09-22T12:24:00,419,63.4,21,0.90957
2025-09-22T12:27:00,409,68.9,18,0.64139
2025-09-22T12:30:00,400,70.9,18,0.60014
2025-09-22T12:33:00,365,67.2,19,0.72018
2025-09-22T12:36:00,383,68.8,19,0.68505
2025-09-22T12:39:00,390,69.9,18,0.62076
2025-09-22T12:42:00,400,70.6,18,0.60633
2025-09-22T12:45:00,402,67.8,20,0.75235
2025-09-22T12:48:00,395,66.2,20,0.78973
2025-09-22T12:51:00,391,70.5,18,0.60839
2025-09-22T12:54:00,397,67.1,19,0.72237
2025-09-22T12:57:00,393,66.3,20,0.78739
2025-09-22T13:00:00,391,69.3,18,0.63314
2025-09-22T13:03:00,391,71,18,0.59808
2025-09-22T13:06:00,394,67.4,19,0.71578
2025-09-22T13:09:00,393,65.5,19,0.7575
2025-09-22T13:12:00,389,70.2,17,0.57698
2025-09-22T13:15:00,391,67.5,19,0.71359
2025-09-22T13:18:00,391,64.6,20,0.82711
2025-09-22T13:21:00,388,70.1,17,0.57891
2025-09-22T13:24:00,387,68.8,19,0.68505
2025-09-22T13:27:00,391,65.5,20,0.80609
2025-09-22T13:30:00,389,67,18,0.68057
2025-09-22T13:33:00,382,69.7,18,0.62489
2025-09-22T13:36:00,387,65.3,19,0.76189
2025-09-22T13:39:00,391,64.8,18,0.72594
2025-09-22T13:42:00,385,68.1,18,0.65788
2025-09-22T13:45:00,389,63.6,20,0.85048
2025-09-22T13:48:00,389,62.3,20,0.88085
2025-09-22T13:51:00,381,66.7,17,0.64474
2025-09-22T13:54:00,387,65.6,18,0.70944
2025-09-22T13:57:00,385,62.6,19,0.82118
2025-09-22T14:00:00,383,65.9,18,0.70326
2025-09-22T14:03:00,375,66.7,18,0.68676
2025-09-22T14:06:00,386,66.4,18,0.69294
2025-09-22T14:09:00,389,64.2,19,0.78605
2025-09-22T14:12:00,402,66.2,19,0.74213
2025-09-22T14:15:00,394,64.8,19,0.77287
2025-09-22T14:18:00,397,62.3,20,0.88085
2025-09-22T14:21:00,394,61,20,0.91123
2025-09-22T14:24:00,397,61.7,19,0.84094
2025-09-22T14:27:00,394,66.7,18,0.68676
2025-09-22T14:30:00,403,63,19,0.81239
2025-09-22T14:33:00,418,60.5,20,0.92291
2025-09-22T14:36:00,405,67.2,18,0.67645
2025-09-22T14:39:00,406,63.7,20,0.84814
2025-09-22T14:42:00,406,61.9,20,0.8902
2025-09-22T14:45:00,418,64.7,18,0.728
2025-09-22T14:48:00,417,65.8,19,0.75091
2025-09-22T14:51:00,403,62.7,19,0.81898
2025-09-22T14:54:00,411,63.6,19,0.79922
2025-09-22T14:57:00,446,67.1,18,0.67851
2025-09-22T15:00:00,442,63.6,20,0.85048
2025-09-22T15:03:00,454,60.7,20,0.91824
2025-09-22T15:06:00,410,65,17,0.67766
2025-09-22T15:09:00,355,64.4,19,0.78165
2025-09-22T15:12:00,383,63.9,19,0.79263
2025-09-22T15:15:00,385,61,19,0.85631
2025-09-22T15:18:00,435,61.3,19,0.84972
2025-09-22T15:21:00,426,60,19,0.87826
2025-09-22T15:24:00,412,61.2,18,0.80019
2025-09-22T15:27:00,396,62.7,18,0.76925
2025-09-22T15:30:00,394,61.5,18,0.794
2025-09-22T15:33:00,390,62.7,19,0.81898
2025-09-22T15:36:00,390,60.4,20,0.92525
2025-09-22T15:39:00,389,58.9,20,0.96029
2025-09-22T15:42:00,392,57.2,20,1.00001
2025-09-22T15:45:00,388,60.8,19,0.8607
2025-09-22T15:48:00,388,57.6,20,0.99067
2025-09-22T15:51:00,387,57.7,19,0.92876
2025-09-22T15:54:00,396,56.3,20,1.02104
2025-09-22T15:57:00,388,55.1,20,1.04908
2025-09-22T16:00:00,385,54.9,19,0.99024
2025-09-22T16:03:00,395,51.3,21,1.21027
2025-09-22T16:06:00,449,51.7,21,1.20033
2025-09-22T16:09:00,470,52.2,21,1.1879
2025-09-22T16:12:00,430,60.4,18,0.81668
2025-09-22T16:15:00,400,60.5,19,0.86728
2025-09-22T16:18:00,443,59,19,0.90022
2025-09-22T16:21:00,380,61.7,18,0.78987
2025-09-22T16:24:00,378,59.2,20,0.95328
2025-09-22T16:27:00,379,57.8,20,0.98599
2025-09-22T16:30:00,378,58.6,19,0.909
2025-09-22T16:33:00,376,58.8,19,0.90461
2025-09-22T16:36:00,383,58,19,0.92218
2025-09-22T16:39:00,367,56.8,19,0.94852
2025-09-22T16:42:00,365,56.5,19,0.95511
2025-09-22T16:45:00,364,55.8,19,0.97048
2025-09-22T16:48:00,364,54.7,20,1.05843
2025-09-22T16:51:00,362,53.6,20,1.08413
2025-09-22T16:54:00,361,53,20,1.09815
2025-09-22T16:57:00,361,52.4,19,1.04513
2025-09-22T17:00:00,360,50.5,19,1.08685
2025-09-22T17:03:00,361,50.1,19,1.09563
2025-09-22T17:06:00,361,47.3,20,1.23132
2025-09-22T17:09:00,364,44.8,20,1.28974
2025-09-22T17:12:00,367,42.7,21,1.42399
2025-09-22T17:15:00,365,38.7,21,1.5234
2025-09-22T17:18:00,364,36.6,21,1.57559
2025-09-22T17:21:00,359,36.2,21,1.58553
2025-09-22T17:24:00,358,34.8,22,1.72262
2025-09-22T17:27:00,356,48.5,19,1.13076
2025-09-22T17:30:00,351,51.7,20,1.12852
2025-09-22T17:33:00,351,53,20,1.09815
2025-09-22T17:36:00,348,53.6,20,1.08413
2025-09-22T17:39:00,349,51.5,20,1.13319
2025-09-22T17:42:00,347,51.9,20,1.12385
2025-09-22T17:45:00,346,52.6,20,1.10749
2025-09-22T17:48:00,345,52.3,20,1.1145
2025-09-22T17:51:00,342,52,20,1.12151
2025-09-22T17:54:00,340,51.7,20,1.12852
2025-09-22T17:57:00,339,51.6,19,1.0627
2025-09-22T18:00:00,337,46.2,20,1.25703
2025-09-22T18:03:00,336,50.6,19,1.08465
2025-09-22T18:06:00,335,51.1,20,1.14254
2025-09-22T18:09:00,334,50.7,20,1.15188
2025-09-22T18:12:00,333,50.8,19,1.08026
2025-09-22T18:15:00,333,46.4,20,1.25235
2025-09-22T18:18:00,333,44,20,1.30843
2025-09-22T18:21:00,331,44.2,20,1.30376
2025-09-22T18:24:00,331,43.1,21,1.41405
2025-09-22T18:27:00,330,44.5,20,1.29675
2025-09-22T18:30:00,329,45.2,20,1.28039
2025-09-22T18:33:00,330,45.5,20,1.27338
2025-09-22T18:36:00,330,45.2,20,1.28039
2025-09-22T18:39:00,329,44.9,20,1.2874
2025-09-22T18:42:00,328,43.7,20,1.31544
2025-09-22T18:45:00,328,44.5,20,1.29675
2025-09-22T18:48:00,329,44.2,20,1.30376
2025-09-22T18:51:00,327,43,20,1.33179
2025-09-22T18:54:00,328,41.6,20,1.3645
2025-09-22T18:57:00,328,41.5,20,1.36684
2025-09-22T19:00:00,329,39.6,20,1.41123
2025-09-22T19:03:00,327,41.7,20,1.36217
2025-09-22T19:06:00,327,39.6,20,1.41123
2025-09-22T19:09:00,327,41.3,20,1.37151
2025-09-22T19:12:00,327,40.3,20,1.39488
2025-09-22T19:15:00,326,39.9,20,1.40422
2025-09-22T19:18:00,327,38.7,20,1.43226
2025-09-22T19:21:00,327,40.4,20,1.39254
2025-09-22T19:24:00,326,41.3,20,1.37151
2025-09-22T19:27:00,325,40.2,20,1.39721
2025-09-22T19:30:00,326,39.6,20,1.41123
2025-09-22T19:33:00,326,41.1,20,1.37619
2025-09-22T19:36:00,326,39.3,20,1.41824
2025-09-22T19:39:00,325,39.5,20,1.41357
2025-09-22T19:42:00,324,38.6,19,1.34813
2025-09-22T19:45:00,324,40.6,19,1.30422
2025-09-22T19:48:00,323,40.9,20,1.38086
2025-09-22T19:51:00,326,40.9,20,1.38086
2025-09-22T19:54:00,326,40,20,1.40189
2025-09-22T19:57:00,324,38.5,19,1.35033
2025-09-22T20:00:00,325,39.8,19,1.32179
2025-09-22T20:03:00,0,40.3,19,1.31081
2025-09-22T20:06:00,0,41.9,19,1.27568
2025-09-22T20:09:00,0,43.2,19,1.24713
2025-09-22T20:12:00,0,44,19,1.22957
2025-09-22T20:15:00,0,41.9,19,1.27568
2025-09-22T20:18:00,0,42,19,1.27348
2025-09-22T20:21:00,0,44.1,19,1.22737
2025-09-22T20:24:00,0,45.5,19,1.19663
2025-09-22T20:27:00,0,47,19,1.1637
2025-09-22T20:30:00,0,47.4,18,1.08479
2025-09-22T20:33:00,0,47.3,18,1.08685
2025-09-22T20:36:00,0,45.8,18,1.11778
2025-09-22T20:39:00,0,45.4,18,1.12603
2025-09-22T20:42:00,0,45.2,18,1.13016
2025-09-22T20:45:00,0,46,18,1.11366
2025-09-22T20:48:00,0,46.1,18,1.1116
2025-09-22T20:51:00,0,44.7,18,1.14047
2025-09-22T20:54:00,0,43.7,18,1.16109
2025-09-22T20:57:00,0,43.3,18,1.16934
2025-09-22T21:00:00,0,42.7,18,1.18172
2025-09-22T21:03:00,0,43.8,18,1.15903
2025-09-22T21:06:00,0,44.5,18,1.14459
2025-09-22T21:09:00,0,45.1,18,1.13222
2025-09-22T21:12:00,0,45.9,18,1.11572
2025-09-22T21:15:00,0,46.6,19,1.17248
2025-09-22T21:18:00,0,47.4,18,1.08479
2025-09-22T21:21:00,0,48.4,18,1.06416
2025-09-22T21:24:00,0,49.2,18,1.04767
2025-09-22T21:27:00,0,49.5,18,1.04148
2025-09-22T21:30:00,0,50.3,18,1.02498
2025-09-22T21:33:00,0,51.2,18,1.00642
2025-09-22T21:36:00,0,51.7,18,0.99611
2025-09-22T21:39:00,0,52.5,19,1.04294
2025-09-22T21:42:00,0,53,19,1.03196
2025-09-22T21:45:00,0,53.5,18,0.95898
2025-09-22T21:48:00,0,54,18,0.94867
2025-09-22T21:51:00,0,54.6,18,0.9363
2025-09-22T21:54:00,0,55.1,18,0.92599
2025-09-22T21:57:00,0,55.6,18,0.91568
2025-09-22T22:00:00,0,56.1,18,0.90536
2025-09-22T22:03:00,0,56.6,18,0.89505
2025-09-22T22:06:00,0,57,18,0.8868
2025-09-22T22:09:00,0,57.6,18,0.87443
2025-09-22T22:12:00,0,57.9,18,0.86824
2025-09-22T22:15:00,0,58.3,18,0.85999
2025-09-22T22:18:00,0,58.7,18,0.85174
2025-09-22T22:21:00,0,59,18,0.84556
2025-09-22T22:24:00,0,59.3,18,0.83937
2025-09-22T22:27:00,0,59.7,18,0.83112
2025-09-22T22:30:00,0,60,18,0.82493
2025-09-22T22:33:00,0,60.2,18,0.82081
2025-09-22T22:36:00,0,60.5,18,0.81462
2025-09-22T22:39:00,0,60.5,18,0.81462
2025-09-22T22:42:00,0,60.8,18,0.80843
2025-09-22T22:45:00,0,61.1,18,0.80225
2025-09-22T22:48:00,0,61.2,18,0.80019
2025-09-22T22:51:00,0,61.5,18,0.794
2025-09-22T22:54:00,0,61.7,18,0.78987
2025-09-22T22:57:00,0,61.8,18,0.78781
2025-09-22T23:00:00,0,61.9,18,0.78575
2025-09-22T23:03:00,0,62.2,18,0.77956
2025-09-22T23:06:00,0,63,18,0.76306
2025-09-22T23:09:00,0,64.3,18,0.73625
2025-09-22T23:12:00,0,65.1,18,0.71975
2025-09-22T23:15:00,0,65.9,18,0.70326
2025-09-22T23:18:00,0,66.6,18,0.68882
2025-09-22T23:21:00,0,67,18,0.68057
2025-09-22T23:24:00,0,67.3,18,0.67438
2025-09-22T23:27:00,0,67.7,18,0.66613
2025-09-22T23:30:00,0,68,18,0.65995
2025-09-22T23:33:00,0,68.2,18,0.65582
2025-09-22T23:36:00,0,68.3,18,0.65376
2025-09-22T23:39:00,0,68.4,18,0.6517
2025-09-22T23:42:00,0,68.5,17,0.60989
2025-09-22T23:45:00,0,68.5,18,0.64963
2025-09-22T23:48:00,0,68.6,17,0.60796
2025-09-22T23:51:00,0,68.8,17,0.60408
2025-09-22T23:54:00,0,68.7,17,0.60602
2025-09-22T23:57:00,0,68.7,17,0.60602
2025-09-23T00:00:00,0,68.8,17,0.60408
2025-09-23T00:03:00,0,68.8,17,0.60408
2025-09-23T00:06:00,0,68.7,17,0.60602
2025-09-23T00:09:00,0,68.8,17,0.60408
2025-09-23T00:12:00,0,68.6,17,0.60796
2025-09-23T00:15:00,0,68.8,17,0.60408
2025-09-23T00:18:00,0,68.7,17,0.60602
2025-09-23T00:21:00,0,68.7,17,0.60602
2025-09-23T00:24:00,0,68.6,17,0.60796
2025-09-23T00:27:00,0,68.6,17,0.60796
2025-09-23T00:30:00,0,68.6,17,0.60796
2025-09-23T00:33:00,0,68.9,17,0.60215
2025-09-23T00:36:00,0,69.4,17,0.59247
2025-09-23T00:39:00,0,69.9,17,0.58279
2025-09-23T00:42:00,0,70.4,17,0.5731
2025-09-23T00:45:00,0,70.6,17,0.56923
2025-09-23T00:48:00,0,70.6,17,0.56923
2025-09-23T00:51:00,0,70.7,17,0.5673
2025-09-23T00:54:00,0,70.8,17,0.56536
2025-09-23T00:57:00,0,70.9,17,0.56342
2025-09-23T01:00:00,0,71.1,17,0.55955
2025-09-23T01:03:00,0,71.1,17,0.55955
2025-09-23T01:06:00,0,71.2,17,0.55762
2025-09-23T01:09:00,0,71.4,17,0.55374
2025-09-23T01:12:00,0,71.4,17,0.55374
2025-09-23T01:15:00,0,71.4,17,0.55374
2025-09-23T01:18:00,0,71.4,17,0.55374
2025-09-23T01:21:00,0,71.8,17,0.546
2025-09-23T01:24:00,0,71.9,17,0.54406
2025-09-23T01:27:00,0,72,17,0.54213
2025-09-23T01:30:00,0,72.2,17,0.53825
2025-09-23T01:33:00,0,72.2,17,0.53825
2025-09-23T01:36:00,0,72,17,0.54213
2025-09-23T01:39:00,0,72.1,17,0.54019
2025-09-23T01:42:00,0,72.1,17,0.54019
2025-09-23T01:45:00,0,72.1,17,0.54019
2025-09-23T01:48:00,0,71.9,17,0.54406
2025-09-23T01:51:00,0,71.9,17,0.54406
2025-09-23T01:54:00,0,71.7,17,0.54793
2025-09-23T01:57:00,0,71.7,17,0.54793
2025-09-23T02:00:00,0,71.6,17,0.54987
2025-09-23T02:03:00,0,71.6,17,0.54987
2025-09-23T02:06:00,0,72.1,17,0.54019
2025-09-23T02:09:00,0,72.4,17,0.53438
2025-09-23T02:12:00,0,72.6,17,0.53051
2025-09-23T02:15:00,0,72.8,17,0.52664
2025-09-23T02:18:00,0,72.8,16,0.49417
2025-09-23T02:21:00,0,72.8,16,0.49417
2025-09-23T02:24:00,0,72.8,16,0.49417
2025-09-23T02:27:00,0,72.8,16,0.49417
2025-09-23T02:30:00,0,72.7,16,0.49599
2025-09-23T02:33:00,0,72.8,16,0.49417
2025-09-23T02:36:00,0,72.6,16,0.49781
2025-09-23T02:39:00,0,72.6,16,0.49781
2025-09-23T02:42:00,0,72.4,16,0.50144
2025-09-23T02:45:00,0,72.2,16,0.50508
2025-09-23T02:48:00,0,72.1,16,0.50689
2025-09-23T02:51:00,0,71.9,16,0.51053
2025-09-23T02:54:00,0,71.9,16,0.51053
2025-09-23T02:57:00,0,71.8,16,0.51234
2025-09-23T03:00:00,0,71.7,16,0.51416
2025-09-23T03:03:00,0,71.6,16,0.51598
2025-09-23T03:06:00,0,71.4,16,0.51961
2025-09-23T03:09:00,0,71.4,16,0.51961
2025-09-23T03:12:00,0,71.2,16,0.52324
2025-09-23T03:15:00,0,71.1,16,0.52506
2025-09-23T03:18:00,0,71,16,0.52688
2025-09-23T03:21:00,0,70.9,16,0.52869
2025-09-23T03:24:00,0,70.8,16,0.53051
2025-09-23T03:27:00,0,70.7,16,0.53233
2025-09-23T03:30:00,0,70.7,16,0.53233
2025-09-23T03:33:00,0,70.5,16,0.53596
2025-09-23T03:36:00,0,70.5,16,0.53596
2025-09-23T03:39:00,0,70.4,16,0.53778
2025-09-23T03:42:00,0,70.2,16,0.54141
2025-09-23T03:45:00,0,70,16,0.54505
2025-09-23T03:48:00,0,69.9,16,0.54686
2025-09-23T03:51:00,0,69.7,16,0.5505
2025-09-23T03:54:00,0,69.8,16,0.54868
2025-09-23T03:57:00,0,69.7,16,0.5505
2025-09-23T04:00:00,0,69.6,16,0.55231
2025-09-23T04:03:00,340,69.2,16,0.55958
2025-09-23T04:06:00,336,68.4,16,0.57412
2025-09-23T04:09:00,334,67.8,16,0.58502
2025-09-23T04:12:00,333,67.2,16,0.59592
2025-09-23T04:15:00,331,66.6,16,0.60682
2025-09-23T04:18:00,328,66,17,0.6583
2025-09-23T04:21:00,328,65.5,17,0.66798
2025-09-23T04:24:00,328,65.1,17,0.67572
2025-09-23T04:27:00,328,64.6,17,0.6854
2025-09-23T04:30:00,325,64.2,17,0.69315
2025-09-23T04:33:00,326,63.8,17,0.70089
2025-09-23T04:36:00,325,63.5,17,0.7067
2025-09-23T04:39:00,325,63,17,0.71638
2025-09-23T04:42:00,325,62.8,17,0.72025
2025-09-23T04:45:00,323,62.5,17,0.72606
2025-09-23T04:48:00,325,62.3,18,0.7775
2025-09-23T04:51:00,323,62.1,18,0.78162
2025-09-23T04:54:00,324,61.7,18,0.78987
2025-09-23T04:57:00,325,61.5,18,0.794
2025-09-23T05:00:00,323,61.2,18,0.80019
2025-09-23T05:03:00,323,61,18,0.80431
2025-09-23T05:06:00,323,60.8,18,0.80843
2025-09-23T05:09:00,323,60.7,18,0.8105
2025-09-23T05:12:00,324,60.5,18,0.81462
2025-09-23T05:15:00,325,60.3,18,0.81875
2025-09-23T05:18:00,323,60.2,18,0.82081
2025-09-23T05:21:00,323,60.1,18,0.82287
2025-09-23T05:24:00,324,60,18,0.82493
2025-09-23T05:27:00,323,59.8,18,0.82906
2025-09-23T05:30:00,325,59.7,18,0.83112
2025-09-23T05:33:00,324,59.9,19,0.88046
2025-09-23T05:36:00,325,59.7,19,0.88485
2025-09-23T05:39:00,324,59.8,19,0.88265
2025-09-23T05:42:00,325,59.6,19,0.88705
2025-09-23T05:45:00,326,59.4,19,0.89144
2025-09-23T05:48:00,326,59.6,19,0.88705
2025-09-23T05:51:00,325,59.4,19,0.89144
2025-09-23T05:54:00,323,59.2,19,0.89583
2025-09-23T05:57:00,325,59.3,19,0.89363
2025-09-23T06:00:00,323,59,19,0.90022
2025-09-23T06:03:00,326,58.8,19,0.90461
2025-09-23T06:06:00,325,56.5,19,0.95511
2025-09-23T06:09:00,325,55.7,19,0.97268
2025-09-23T06:12:00,324,55.5,19,0.97707
2025-09-23T06:15:00,326,54.7,19,0.99463
2025-09-23T06:18:00,324,54.6,19,0.99683
2025-09-23T06:21:00,323,54.8,19,0.99244
2025-09-23T06:24:00,324,54.5,19,0.99902
2025-09-23T06:27:00,325,53.6,19,1.01879
2025-09-23T06:30:00,324,53.8,19,1.01439
2025-09-23T06:33:00,325,54.2,19,1.00561
2025-09-23T06:36:00,325,54.2,19,1.00561
2025-09-23T06:39:00,325,53.5,19,1.02098
2025-09-23T06:42:00,326,52.8,19,1.03635
2025-09-23T06:45:00,326,52.3,19,1.04733
2025-09-23T06:48:00,326,52.8,19,1.03635
2025-09-23T06:51:00,326,53.2,19,1.02757
2025-09-23T06:54:00,326,53.2,19,1.02757
2025-09-23T06:57:00,327,52.4,19,1.04513
2025-09-23T07:00:00,327,52.1,19,1.05172
2025-09-23T07:03:00,326,51.7,19,1.0605
2025-09-23T07:06:00,328,52,19,1.05392
2025-09-23T07:09:00,328,52.5,19,1.04294
2025-09-23T07:12:00,330,52.2,19,1.04952
2025-09-23T07:15:00,330,51.7,19,1.0605
2025-09-23T07:18:00,329,51.2,19,1.07148
2025-09-23T07:21:00,332,50.7,19,1.08246
2025-09-23T07:24:00,332,50.7,19,1.08246
2025-09-23T07:27:00,334,50.2,19,1.09344
2025-09-23T07:30:00,334,50.7,19,1.08246
2025-09-23T07:33:00,335,50.1,19,1.09563
2025-09-23T07:36:00,336,49.7,19,1.10442
2025-09-23T07:39:00,336,49.4,19,1.111
2025-09-23T07:42:00,336,49.9,19,1.10002
2025-09-23T07:45:00,337,49.7,19,1.10442
2025-09-23T07:48:00,337,49.7,19,1.10442
2025-09-23T07:51:00,337,49.5,19,1.10881
2025-09-23T07:54:00,338,49.2,19,1.11539
2025-09-23T07:57:00,339,48.5,19,1.13076
2025-09-23T08:00:00,339,48.4,19,1.13296
2025-09-23T08:03:00,339,48.2,19,1.13735
2025-09-23T08:06:00,339,48.1,19,1.13955
2025-09-23T08:09:00,337,48.1,19,1.13955
2025-09-23T08:12:00,338,47.8,19,1.14613
2025-09-23T08:15:00,336,47.7,19,1.14833
2025-09-23T08:18:00,337,47.5,19,1.15272
2025-09-23T08:21:00,337,47.5,19,1.15272
2025-09-23T08:24:00,337,47.3,19,1.15711
2025-09-23T08:27:00,335,47.2,19,1.15931
2025-09-23T08:30:00,336,47.3,20,1.23132
2025-09-23T08:33:00,336,47.1,20,1.236
2025-09-23T08:36:00,337,46.9,20,1.24067
2025-09-23T08:39:00,337,46.7,20,1.24534
2025-09-23T08:42:00,337,46.4,20,1.25235
2025-09-23T08:45:00,337,46.9,20,1.24067
2025-09-23T08:48:00,337,47.1,20,1.236
2025-09-23T08:51:00,337,46.8,20,1.24301
2025-09-23T08:54:00,336,46.4,20,1.25235
2025-09-23T08:57:00,337,46.2,20,1.25703
2025-09-23T09:00:00,336,46.3,20,1.25469
2025-09-23T09:03:00,337,46.4,20,1.25235
2025-09-23T09:06:00,338,46.6,20,1.24768
2025-09-23T09:09:00,337,46.5,20,1.25002
2025-09-23T09:12:00,339,46.6,20,1.24768
2025-09-23T09:15:00,338,45.1,20,1.28273
2025-09-23T09:18:00,338,44.5,20,1.29675
2025-09-23T09:21:00,339,44.1,20,1.30609
2025-09-23T09:24:00,339,43.8,20,1.3131
2025-09-23T09:27:00,345,43.2,20,1.32712
2025-09-23T09:30:00,354,42.9,20,1.33413
2025-09-23T09:33:00,368,42,20,1.35516
2025-09-23T09:36:00,403,40.4,21,1.48115
2025-09-23T09:39:00,515,39.6,20,1.41123
2025-09-23T09:42:00,539,37.9,21,1.54328
2025-09-23T09:45:00,545,37.6,21,1.55074
2025-09-23T09:48:00,549,36.7,21,1.5731
2025-09-23T09:51:00,547,36,21,1.5905
2025-09-23T09:54:00,548,35.5,21,1.60292
2025-09-23T09:57:00,544,34.8,21,1.62032
2025-09-23T10:00:00,539,34.7,21,1.62281
2025-09-23T10:03:00,538,35,21,1.61535
2025-09-23T10:06:00,545,35,21,1.61535
2025-09-23T10:09:00,542,35.5,21,1.60292
2025-09-23T10:12:00,534,35.3,21,1.60789
2025-09-23T10:15:00,528,39.3,22,1.60372
2025-09-23T10:18:00,512,52.3,18,0.98373
2025-09-23T10:21:00,489,56.1,19,0.96389
2025-09-23T10:24:00,473,55.3,19,0.98146
2025-09-23T10:27:00,460,56.1,19,0.96389
2025-09-23T10:30:00,458.5,55.25,18.5,0.95232
2025-09-23T10:33:00,457,54.4,18,0.94042
2025-09-23T10:36:00,454,55,19,0.98805
2025-09-23T10:39:00,464,54,19,1.01
2025-09-23T10:42:00,501,52.3,19,1.04733
2025-09-23T10:45:00,504,54.5,19,0.99902
2025-09-23T10:48:00,481,57,18,0.8868
2025-09-23T10:51:00,493,54.3,19,1.00342
2025-09-23T10:54:00,487,54.4,19,1.00122
2025-09-23T10:57:00,482,52.1,20,1.11917
2025-09-23T11:00:00,451,57.6,17,0.82093
2025-09-23T11:03:00,433,52.9,19,1.03415
2025-09-23T11:06:00,432,49.3,20,1.1846
2025-09-23T11:09:00,432,55.4,18,0.9198
2025-09-23T11:12:00,422,59.9,17,0.7764
2025-09-23T11:15:00,423,59.7,19,0.88485
2025-09-23T11:18:00,431,57.7,19,0.92876
2025-09-23T11:21:00,463,61.3,17,0.7493
2025-09-23T11:24:00,461,62.1,18,0.78162
2025-09-23T11:27:00,455,58.5,19,0.9112
2025-09-23T11:30:00,458,63.9,17,0.69895
2025-09-23T11:33:00,438,60.3,19,0.87168
2025-09-23T11:36:00,438,58.2,20,0.97665
2025-09-23T11:39:00,449,63.2,17,0.71251
2025-09-23T11:42:00,442,63,17,0.71638
2025-09-23T11:45:00,430,65.1,17,0.67572
2025-09-23T11:48:00,417,62.1,19,0.83215
2025-09-23T11:51:00,414,62.5,17,0.72606
2025-09-23T11:54:00,407,63.1,17,0.71444
2025-09-23T11:57:00,408,62.6,19,0.82118
2025-09-23T12:00:00,396,60.7,18,0.8105
2025-09-23T12:03:00,397,62.4,18,0.77544
2025-09-23T12:06:00,397,62.6,18,0.77131
2025-09-23T12:09:00,398,61.3,18,0.79812
2025-09-23T12:12:00,394,62.4,18,0.77544
2025-09-23T12:15:00,392,63.4,18,0.75481
2025-09-23T12:18:00,394,62.6,19,0.82118
2025-09-23T12:21:00,391,63.1,18,0.761
2025-09-23T12:24:00,389,63.7,18,0.74863
2025-09-23T12:27:00,389,64,18,0.74244
2025-09-23T12:30:00,388,63,18,0.76306
2025-09-23T12:33:00,386,62.6,18,0.77131
2025-09-23T12:36:00,386,64.4,18,0.73419
2025-09-23T12:39:00,384,65,17,0.67766
2025-09-23T12:42:00,383,66.1,18,0.69913
2025-09-23T12:45:00,381,65,18,0.72182
2025-09-23T12:48:00,381,65.1,18,0.71975
2025-09-23T12:51:00,380,64.5,18,0.73213
2025-09-23T12:54:00,378,65.5,18,0.7115
2025-09-23T12:57:00,380,64.1,18,0.74038
2025-09-23T13:00:00,380,63.5,18,0.75275
2025-09-23T13:03:00,379,63.4,18,0.75481
2025-09-23T13:06:00,378,64,18,0.74244
2025-09-23T13:09:00,378,63.9,18,0.7445
2025-09-23T13:12:00,380,63,18,0.76306
2025-09-23T13:15:00,378,64.4,18,0.73419
2025-09-23T13:18:00,378,63.6,18,0.75069
2025-09-23T13:21:00,378,62.1,18,0.78162
2025-09-23T13:24:00,378,63.1,18,0.761
2025-09-23T13:27:00,379,62.5,18,0.77337
2025-09-23T13:30:00,380,62.3,18,0.7775
2025-09-23T13:33:00,379,62.3,18,0.7775
2025-09-23T13:36:00,381,62.6,18,0.77131
2025-09-23T13:39:00,380,62.1,18,0.78162
2025-09-23T13:42:00,380,62.3,18,0.7775
2025-09-23T13:45:00,380,62,18,0.78369
2025-09-23T13:48:00,379,62.9,18,0.76513
2025-09-23T13:51:00,379,62.3,18,0.7775
2025-09-23T13:54:00,379,62,18,0.78369
2025-09-23T13:57:00,361,61.3,18,0.79812
2025-09-23T14:00:00,379,62.5,18,0.77337
2025-09-23T14:03:00,380,62.2,19,0.82996
2025-09-23T14:06:00,381,62,19,0.83435
2025-09-23T14:09:00,381,61.9,18,0.78575
2025-09-23T14:12:00,380,62.8,18,0.76719
2025-09-23T14:15:00,381,61.2,19,0.85192
2025-09-23T14:18:00,379,61.2,18,0.80019
2025-09-23T14:21:00,380,61.9,19,0.83655
2025-09-23T14:24:00,389,62,19,0.83435
2025-09-23T14:27:00,385,60.8,18,0.80843
2025-09-23T14:30:00,402,62.2,19,0.82996
2025-09-23T14:33:00,397,62.2,19,0.82996
2025-09-23T14:36:00,425,61.3,19,0.84972
2025-09-23T14:39:00,414,61.9,19,0.83655
2025-09-23T14:42:00,391,61.9,19,0.83655
2025-09-23T14:45:00,390,61.8,19,0.83874
2025-09-23T14:48:00,388,62.2,19,0.82996
2025-09-23T14:51:00,400.5,62.4,18.5,0.80016
2025-09-23T14:54:00,413,62.6,18,0.77131
2025-09-23T14:57:00,393,61.4,19,0.84752
2025-09-23T15:00:00,402,61.6,19,0.84313
2025-09-23T15:03:00,410,61.9,19,0.83655
2025-09-23T15:06:00,389,61.3,19,0.84972
2025-09-23T15:09:00,413,62.2,19,0.82996
2025-09-23T15:12:00,410,62,19,0.83435
2025-09-23T15:15:00,398,61,19,0.85631
2025-09-23T15:18:00,412,60.9,19,0.8585
2025-09-23T15:21:00,405,60.9,19,0.8585
2025-09-23T15:24:00,389,61.4,19,0.84752
2025-09-23T15:27:00,385,61.8,19,0.83874
2025-09-23T15:30:00,382,61.3,19,0.84972
2025-09-23T15:33:00,377,61.9,19,0.83655
2025-09-23T15:36:00,378,62.8,19,0.81678
2025-09-23T15:39:00,376,61.5,19,0.84533
2025-09-23T15:42:00,375,61.4,19,0.84752
2025-09-23T15:45:00,373,62.1,19,0.83215
2025-09-23T15:48:00,372,62.9,19,0.81459
2025-09-23T15:51:00,374,62,19,0.83435
2025-09-23T15:54:00,380,61.9,19,0.83655
2025-09-23T15:57:00,372,60.6,19,0.86509
2025-09-23T16:00:00,374,61.6,19,0.84313
2025-09-23T16:03:00,377,62,19,0.83435
2025-09-23T16:06:00,441,61.3,19,0.84972
2025-09-23T16:09:00,458,61.6,19,0.84313
2025-09-23T16:12:00,460,60.8,19,0.8607
2025-09-23T16:15:00,438,60.9,19,0.8585
2025-09-23T16:18:00,372,60.1,19,0.87607
2025-09-23T16:21:00,367,60.3,19,0.87168
2025-09-23T16:24:00,364,61.4,19,0.84752
2025-09-23T16:27:00,364,61.8,19,0.83874
2025-09-23T16:30:00,361,62.6,19,0.82118
2025-09-23T16:33:00,374,61.8,19,0.83874
2025-09-23T16:36:00,356,61.9,19,0.83655
2025-09-23T16:39:00,353,62.1,19,0.83215
2025-09-23T16:42:00,352,62.3,19,0.82776
2025-09-23T16:45:00,350,60.9,19,0.8585
2025-09-23T16:48:00,348,61.4,19,0.84752
2025-09-23T16:51:00,348,61.5,19,0.84533
2025-09-23T16:54:00,345,62.7,19,0.81898
2025-09-23T16:57:00,347,62.7,19,0.81898
2025-09-23T17:00:00,346,60.7,18,0.8105
2025-09-23T17:03:00,345,60.6,18,0.81256
2025-09-23T17:06:00,345,61.8,18,0.78781
2025-09-23T17:09:00,347,62.6,19,0.82118
2025-09-23T17:12:00,347,62.8,18,0.76719
2025-09-23T17:15:00,342,61.8,18,0.78781
2025-09-23T17:18:00,337,62.2,18,0.77956
2025-09-23T17:21:00,336,63.4,18,0.75481
2025-09-23T17:24:00,334,62.8,18,0.76719
2025-09-23T17:27:00,331,62.1,18,0.78162
2025-09-23T17:30:00,331,64.6,18,0.73007
2025-09-23T17:33:00,328,61.7,18,0.78987
2025-09-23T17:36:00,326,63.5,18,0.75275
2025-09-23T17:39:00,326,62.6,18,0.77131
2025-09-23T17:42:00,325,62.8,18,0.76719
2025-09-23T17:45:00,326,63.4,18,0.75481
2025-09-23T17:48:00,325,63.4,18,0.75481
2025-09-23T17:51:00,323,64.1,18,0.74038
2025-09-23T17:54:00,323,64.2,18,0.73832
2025-09-23T17:57:00,321,63.1,18,0.761
2025-09-23T18:00:00,321,64.5,18,0.73213
2025-09-23T18:03:00,320,63.4,18,0.75481
2025-09-23T18:06:00,320,63.2,18,0.75894
2025-09-23T18:09:00,319,63.6,18,0.75069
2025-09-23T18:12:00,317,63,18,0.76306
2025-09-23T18:15:00,316,64.4,18,0.73419
2025-09-23T18:18:00,316,65.7,18,0.70738
2025-09-23T18:21:00,315,65.7,18,0.70738
2025-09-23T18:24:00,314,65.3,17,0.67185
2025-09-23T18:27:00,315,63.5,17,0.7067
2025-09-23T18:30:00,313,64.4,17,0.68927
2025-09-23T18:33:00,314,65.4,17,0.66991
2025-09-23T18:36:00,314,65.7,17,0.6641
2025-09-23T18:39:00,313,65.9,17,0.66023
2025-09-23T18:42:00,313,67.2,17,0.63506
2025-09-23T18:45:00,312,66.4,17,0.65055
2025-09-23T18:48:00,312,66,17,0.6583
2025-09-23T18:51:00,312,66.7,17,0.64474
2025-09-23T18:54:00,312,66.8,17,0.64281
2025-09-23T18:57:00,311,67,17,0.63893
2025-09-23T19:00:00,313,65.5,17,0.66798
2025-09-23T19:03:00,314,65.8,17.5,0.68344
2025-09-23T19:06:00,315,66.1,18,0.69913
2025-09-23T19:09:00,315,64.7,17,0.68347
2025-09-23T19:12:00,317,65.6,17,0.66604
2025-09-23T19:15:00,317,65.5,18,0.7115
2025-09-23T19:18:00,317,65.6,18,0.70944
2025-09-23T19:21:00,318,65,18,0.72182
2025-09-23T19:24:00,319,63.4,18,0.75481
2025-09-23T19:27:00,319,63.7,18,0.74863
2025-09-23T19:30:00,321,63.4,18,0.75481
2025-09-23T19:33:00,320,64.2,18,0.73832
2025-09-23T19:36:00,321,63,18,0.76306
2025-09-23T19:39:00,322,60,19,0.87826
2025-09-23T19:42:00,323,60.6,19,0.86509
2025-09-23T19:45:00,323,60.5,19,0.86728
2025-09-23T19:48:00,323,61.2,19,0.85192
2025-09-23T19:51:00,323,58.7,19,0.90681
2025-09-23T19:54:00,323,55.6,20,1.0374
2025-09-23T19:57:00,325,56.1,20,1.02571
2025-09-23T20:00:00,324,54.7,20,1.05843
2025-09-23T20:03:00,0,57.7,19,0.92876
2025-09-23T20:06:00,0,59.5,19,0.88924
2025-09-23T20:09:00,0,59.8,19,0.88265
2025-09-23T20:12:00,0,56.1,19,0.96389
2025-09-23T20:15:00,0,53.4,19,1.02318
2025-09-23T20:18:00,0,52.3,19,1.04733
2025-09-23T20:21:00,0,54.9,19,0.99024
2025-09-23T20:24:00,0,57.2,19,0.93974
2025-09-23T20:27:00,0,58.2,19,0.91778
2025-09-23T20:30:00,0,55.5,19,0.97707
2025-09-23T20:33:00,0,54.3,19,1.00342
2025-09-23T20:36:00,0,51.2,19,1.07148
2025-09-23T20:39:00,0,51,19,1.07587
2025-09-23T20:42:00,0,51.9,19,1.05611
2025-09-23T20:45:00,0,51.5,19,1.06489
2025-09-23T20:48:00,0,49.5,19,1.10881
2025-09-23T20:51:00,0,52.8,19,1.03635
2025-09-23T20:54:00,0,51.7,19,1.0605
2025-09-23T20:57:00,0,51,19,1.07587
2025-09-23T21:00:00,0,49.7,19,1.10442
2025-09-23T21:03:00,0,49.6,19,1.10661
2025-09-23T21:06:00,0,49.2,19,1.11539
2025-09-23T21:09:00,0,49.3,19,1.1132
2025-09-23T21:12:00,0,49,19,1.11979
2025-09-23T21:15:00,0,49.3,19,1.1132
2025-09-23T21:18:00,0,49,19,1.11979
2025-09-23T21:21:00,0,49.1,19,1.11759
2025-09-23T21:24:00,0,48.9,19,1.12198
2025-09-23T21:27:00,0,49,19,1.11979
2025-09-23T21:30:00,0,49.2,19,1.11539
2025-09-23T21:33:00,0,48.7,19,1.12637
2025-09-23T21:36:00,0,48.8,19,1.12418
2025-09-23T21:39:00,0,48.7,19,1.12637
2025-09-23T21:42:00,0,48.1,19,1.13955
2025-09-23T21:45:00,0,48.2,19,1.13735
2025-09-23T21:48:00,0,48.3,19,1.13515
2025-09-23T21:51:00,0,47.5,19,1.15272
2025-09-23T21:54:00,0,47.1,19,1.1615
2025-09-23T21:57:00,0,47.4,19,1.15492
2025-09-23T22:00:00,0,47.1,19,1.1615
2025-09-23T22:03:00,0,46.6,19,1.17248
2025-09-23T22:06:00,0,46.5,19,1.17468
2025-09-23T22:09:00,0,46.5,19,1.17468
2025-09-23T22:12:00,0,46.7,19,1.17029
2025-09-23T22:15:00,0,47.5,19,1.15272
2025-09-23T22:18:00,0,48.5,19,1.13076
2025-09-23T22:21:00,0,49.4,19,1.111
2025-09-23T22:24:00,0,51.4,19,1.06709
2025-09-23T22:27:00,0,53.9,19,1.0122
2025-09-23T22:30:00,0,55.6,19,0.97487
2025-09-23T22:33:00,0,57.3,19,0.93755
2025-09-23T22:36:00,0,58.3,18,0.85999
2025-09-23T22:39:00,0,59.9,18,0.827
2025-09-23T22:42:00,0,60.6,18,0.81256
2025-09-23T22:45:00,0,61.6,19,0.84313
2025-09-23T22:48:00,0,62.3,18,0.7775
2025-09-23T22:51:00,0,63,18,0.76306
2025-09-23T22:54:00,0,63.7,18,0.74863
2025-09-23T22:57:00,0,64.1,19,0.78824
2025-09-23T23:00:00,0,64.6,18,0.73007
2025-09-23T23:03:00,0,65.2,19,0.76409
2025-09-23T23:06:00,0,66.3,19,0.73994
2025-09-23T23:09:00,0,67.5,19,0.71359
2025-09-23T23:12:00,0,68.5,19,0.69163
2025-09-23T23:15:00,0,69.5,19,0.66968
2025-09-23T23:18:00,0,70.4,19,0.64991
2025-09-23T23:21:00,0,71.1,19,0.63455
2025-09-23T23:24:00,0,71.7,19,0.62137
2025-09-23T23:27:00,0,72.3,19,0.6082
2025-09-23T23:30:00,0,72.7,19,0.59941
2025-09-23T23:33:00,0,73.1,19,0.59063
2025-09-23T23:36:00,0,73.4,19,0.58404
2025-09-23T23:39:00,0,73.8,19,0.57526
2025-09-23T23:42:00,0,74,19,0.57087
2025-09-23T23:45:00,0,74.3,19,0.56428
2025-09-23T23:48:00,0,74.4,19,0.56209
2025-09-23T23:51:00,0,74.4,19,0.56209
2025-09-23T23:54:00,0,74.7,19,0.5555
2025-09-23T23:57:00,0,74.9,19,0.55111
2025-09-24T00:00:00,0,74.95,19,0.55001
2025-09-24T00:03:00,0,75,19,0.54891
2025-09-24T00:06:00,0,75.2,19,0.54452
2025-09-24T00:09:00,0,75.3,19,0.54233
2025-09-24T00:12:00,0,75.3,19,0.54233
2025-09-24T00:15:00,0,75.3,19,0.54233
2025-09-24T00:18:00,0,75.3,18,0.5094
2025-09-24T00:21:00,0,75.3,19,0.54233
2025-09-24T00:24:00,0,75.3,18,0.5094
2025-09-24T00:27:00,0,75.3,18,0.5094
2025-09-24T00:30:00,0,75.3,18,0.5094
2025-09-24T00:33:00,0,75.6,19,0.53574
2025-09-24T00:36:00,0,76,18,0.49496
2025-09-24T00:39:00,0,76.4,19,0.51818
2025-09-24T00:42:00,0,76.6,19,0.51378
2025-09-24T00:45:00,0,76.8,18,0.47846
2025-09-24T00:48:00,0,77,18,0.47434
2025-09-24T00:51:00,0,76.9,18,0.4764
2025-09-24T00:54:00,0,77.1,18,0.47227
2025-09-24T00:57:00,0,77.1,18,0.47227
2025-09-24T01:00:00,0,77.1,18,0.47227
2025-09-24T01:03:00,0,77.1,18,0.47227
2025-09-24T01:06:00,0,77.2,18,0.47021
2025-09-24T01:09:00,0,77.4,18,0.46609
2025-09-24T01:12:00,0,77.6,18,0.46196
2025-09-24T01:15:00,0,77.8,18,0.45784
2025-09-24T01:18:00,0,78,18,0.45371
2025-09-24T01:21:00,0,78.1,18,0.45165
2025-09-24T01:24:00,0,78.3,18,0.44753
2025-09-24T01:27:00,0,78.5,18,0.4434
2025-09-24T01:30:00,0,78.5,18,0.4434
2025-09-24T01:33:00,0,78.6,18,0.44134
2025-09-24T01:36:00,0,78.7,18,0.43928
2025-09-24T01:39:00,0,78.8,18,0.43721
2025-09-24T01:42:00,0,78.9,18,0.43515
2025-09-24T01:45:00,0,78.8,18,0.43721
2025-09-24T01:48:00,0,78.8,18,0.43721
2025-09-24T01:51:00,0,78.7,18,0.43928
2025-09-24T01:54:00,0,78.7,18,0.43928
2025-09-24T01:57:00,0,78.8,18,0.43721
2025-09-24T02:00:00,0,78.7,18,0.43928
2025-09-24T02:03:00,0,78.7,18,0.43928
2025-09-24T02:06:00,0,78.9,18,0.43515
2025-09-24T02:09:00,0,79.1,18,0.43103
2025-09-24T02:12:00,0,79.3,18,0.4269
2025-09-24T02:15:00,0,79.3,18,0.4269
2025-09-24T02:18:00,0,79.4,18,0.42484
2025-09-24T02:21:00,0,79.3,18,0.4269
2025-09-24T02:24:00,0,79.5,18,0.42278
2025-09-24T02:27:00,0,79.3,18,0.4269
2025-09-24T02:30:00,0,79.3,18,0.4269
2025-09-24T02:33:00,0,79.3,18,0.4269
2025-09-24T02:36:00,0,79.3,18,0.4269
2025-09-24T02:39:00,0,79.2,18,0.42897
2025-09-24T02:42:00,0,79.2,18,0.42897
2025-09-24T02:45:00,0,79.3,18,0.4269
2025-09-24T02:48:00,0,79.1,18,0.43103
2025-09-24T02:51:00,0,79.1,18,0.43103
2025-09-24T02:54:00,0,79,18,0.43309
2025-09-24T02:57:00,0,78.9,18,0.43515
2025-09-24T03:00:00,0,79,18,0.43309
2025-09-24T03:03:00,0,79,18,0.43309
2025-09-24T03:06:00,0,79,18,0.43309
2025-09-24T03:09:00,0,79,18,0.43309
2025-09-24T03:12:00,0,78.9,18,0.43515
2025-09-24T03:15:00,0,78.9,18,0.43515
2025-09-24T03:18:00,0,78.8,18,0.43721
2025-09-24T03:21:00,0,78.8,18,0.43721
2025-09-24T03:24:00,0,78.8,18,0.43721
2025-09-24T03:27:00,0,78.8,18,0.43721
2025-09-24T03:30:00,0,78.6,18,0.44134
2025-09-24T03:33:00,0,78.5,18,0.4434
2025-09-24T03:36:00,0,78.5,18,0.4434
2025-09-24T03:39:00,0,78.4,18,0.44546
2025-09-24T03:42:00,0,78.5,18,0.4434
2025-09-24T03:45:00,0,78.4,18,0.44546
2025-09-24T03:48:00,0,78.4,18,0.44546
2025-09-24T03:51:00,0,78.4,18,0.44546
2025-09-24T03:54:00,0,78.3,18,0.44753
2025-09-24T03:57:00,0,78.4,18,0.44546
2025-09-24T04:00:00,344,78.2,18,0.44959
2025-09-24T04:03:00,341.5,77.8,18,0.45784
2025-09-24T04:06:00,339,77.4,18,0.46609
2025-09-24T04:09:00,338,76.6,18,0.48259
2025-09-24T04:12:00,336,75.9,18,0.49702
2025-09-24T04:15:00,335,75.4,18,0.50733
2025-09-24T04:18:00,333,75,19,0.54891
2025-09-24T04:21:00,331,74.6,19,0.5577
2025-09-24T04:24:00,331,74.3,19,0.56428
2025-09-24T04:27:00,330,73.9,19,0.57307
2025-09-24T04:30:00,328,73.6,19,0.57965
2025-09-24T04:33:00,328,73.3,19,0.58624
2025-09-24T04:36:00,328,73,19,0.59283
2025-09-24T04:39:00,327,72.9,20,0.63319
2025-09-24T04:42:00,328,72.7,20,0.63786
2025-09-24T04:45:00,326,72.3,20,0.6472
2025-09-24T04:48:00,327,70.1,20,0.69861
2025-09-24T04:51:00,326,67.1,20,0.7687
2025-09-24T04:54:00,327,66.5,20,0.78272
2025-09-24T04:57:00,326,65.4,20,0.80842
2025-09-24T05:00:00,326,63.5,20,0.85281
2025-09-24T05:03:00,326,61.8,20,0.89254
2025-09-24T05:06:00,326,59.8,20,0.93926
2025-09-24T05:09:00,327,58.3,20,0.97431
2025-09-24T05:12:00,325,57.8,20,0.98599
2025-09-24T05:15:00,326,56.9,20,1.00702
2025-09-24T05:18:00,325,55.6,20,1.0374
2025-09-24T05:21:00,325,55.5,20,1.03973
2025-09-24T05:24:00,326,55.6,20,1.0374
2025-09-24T05:27:00,324,54.5,20,1.0631
2025-09-24T05:30:00,324,53.2,20,1.09347
2025-09-24T05:33:00,324,53.1,20,1.09581
2025-09-24T05:36:00,323,53.4,20,1.0888
2025-09-24T05:39:00,324,52.8,20,1.10282
2025-09-24T05:42:00,324,52.6,20,1.10749
2025-09-24T05:45:00,325,52.1,20,1.11917
2025-09-24T05:48:00,326,52.1,20,1.11917
2025-09-24T05:51:00,325,51.6,20,1.13086
2025-09-24T05:54:00,325,51.2,19,1.07148
2025-09-24T05:57:00,326,51.2,20,1.1402
2025-09-24T06:00:00,326,51.7,20,1.12852
2025-09-24T06:03:00,326,51.4,20,1.13553
2025-09-24T06:06:00,326,50.6,20,1.15422
2025-09-24T06:09:00,324,50.5,20,1.15656
2025-09-24T06:12:00,325,50.7,20,1.15188
2025-09-24T06:15:00,326,50.7,20,1.15188
2025-09-24T06:18:00,324,50.2,20,1.16357
2025-09-24T06:21:00,325,50.1,20,1.1659
2025-09-24T06:24:00,325,50.5,20,1.15656
2025-09-24T06:27:00,325,50,20,1.16824
2025-09-24T06:30:00,324,49.7,20,1.17525
2025-09-24T06:33:00,325,49.8,20,1.17291
2025-09-24T06:36:00,324,50,20,1.16824
2025-09-24T06:39:00,325,50.4,20,1.15889
2025-09-24T06:42:00,324,50.1,20,1.1659
2025-09-24T06:45:00,326,49.8,20,1.17291
2025-09-24T06:48:00,325,50.1,20,1.1659
2025-09-24T06:51:00,325,49.8,20,1.17291
2025-09-24T06:54:00,326,49.6,20,1.17759
2025-09-24T06:57:00,326,49.5,20,1.17992
2025-09-24T07:00:00,324,50,20,1.16824
2025-09-24T07:03:00,326,49.7,19,1.10442
2025-09-24T07:06:00,326,49.3,19,1.1132
2025-09-24T07:09:00,326,49.3,19,1.1132
2025-09-24T07:12:00,328,49.3,20,1.1846
2025-09-24T07:15:00,328,49.5,20,1.17992
2025-09-24T07:18:00,328,49.4,20,1.18226
2025-09-24T07:21:00,328,49.2,20,1.18693
2025-09-24T07:24:00,330,49.2,20,1.18693
2025-09-24T07:27:00,328,49.2,19,1.11539
2025-09-24T07:30:00,329,49.4,19,1.111
2025-09-24T07:33:00,329,49.2,20,1.18693
2025-09-24T07:36:00,329,49.3,19,1.1132
2025-09-24T07:39:00,330,49.3,19,1.1132
2025-09-24T07:42:00,330,49.2,19,1.11539
2025-09-24T07:45:00,329,49.1,19,1.11759
2025-09-24T07:48:00,331,49.2,19,1.11539
2025-09-24T07:51:00,332,49.2,19,1.11539
2025-09-24T07:54:00,331,49.3,19,1.1132
2025-09-24T07:57:00,331,49.15,19.5,1.15181
2025-09-24T08:00:00,331,49,20,1.1916
2025-09-24T08:03:00,332,49.1,20,1.18927
2025-09-24T08:06:00,332,48.9,20,1.19394
2025-09-24T08:09:00,333,48.9,20,1.19394
2025-09-24T08:12:00,333,48.9,20,1.19394
2025-09-24T08:15:00,332,48.9,20,1.19394
2025-09-24T08:18:00,334,48.9,20,1.19394
2025-09-24T08:21:00,334,48.8,20,1.19628
2025-09-24T08:24:00,334,48.5,20,1.20329
2025-09-24T08:27:00,334,48.1,19,1.13955
2025-09-24T08:30:00,334,48.1,20,1.21263
2025-09-24T08:33:00,332,48.1,20,1.21263
2025-09-24T08:36:00,334,48.3,20,1.20796
2025-09-24T08:39:00,334,47.3,20,1.23132
2025-09-24T08:42:00,334,47.8,19,1.14613
2025-09-24T08:45:00,334,47,20,1.23833
2025-09-24T08:48:00,335,47.1,20,1.236
2025-09-24T08:51:00,335,46.6,20,1.24768
2025-09-24T08:54:00,335,46.8,19,1.16809
2025-09-24T08:57:00,336,47.4,19,1.15492
2025-09-24T09:00:00,336,46.8,19,1.16809
2025-09-24T09:03:00,335,46.8,20,1.24301
2025-09-24T09:06:00,336,47,19,1.1637
2025-09-24T09:09:00,336,45.9,20,1.26404
2025-09-24T09:12:00,336,46.5,20,1.25002
2025-09-24T09:15:00,337,45.4,20,1.27572
2025-09-24T09:18:00,337,46.2,20,1.25703
2025-09-24T09:21:00,339,45.2,20,1.28039
2025-09-24T09:24:00,339,45.2,20,1.28039
2025-09-24T09:27:00,343,44.7,20,1.29207
2025-09-24T09:30:00,351,44.6,20,1.29441
2025-09-24T09:33:00,361,44.4,20,1.29908
2025-09-24T09:36:00,378,43.8,20,1.3131
2025-09-24T09:39:00,473,43.6,20,1.31777
2025-09-24T09:42:00,524,42.2,21,1.43642
2025-09-24T09:45:00,527,41.1,21,1.46376
2025-09-24T09:48:00,529,39.7,22,1.59315
2025-09-24T09:51:00,539,39.6,22,1.5958
2025-09-24T09:54:00,536,38.2,22,1.63279
2025-09-24T09:57:00,529,47.8,22,1.37915
2025-09-24T10:00:00,517,61.4,18,0.79606
2025-09-24T10:03:00,511,63.5,17,0.7067
2025-09-24T10:06:00,517,64.3,18,0.73625
2025-09-24T10:09:00,520,60.6,20,0.92057
2025-09-24T10:12:00,520,64,17,0.69702
2025-09-24T10:15:00,509,64.8,18,0.72594
2025-09-24T10:18:00,501,61,19,0.85631
2025-09-24T10:21:00,488,62,18,0.78369
2025-09-24T10:24:00,467,65.4,18,0.71357
2025-09-24T10:27:00,459,61.8,19,0.83874
2025-09-24T10:30:00,456,57.7,20,0.98833
2025-09-24T10:33:00,449,65.3,17,0.67185
2025-09-24T10:36:00,443,65.7,17,0.6641
2025-09-24T10:39:00,454,62.8,19,0.81678
2025-09-24T10:42:00,485,65.3,17,0.67185
2025-09-24T10:45:00,494,66.1,17,0.65636
2025-09-24T10:48:00,465,66,19,0.74652
2025-09-24T10:51:00,483,63.3,18,0.75688
2025-09-24T10:54:00,460,67.7,17,0.62538
2025-09-24T10:57:00,435,66.6,18,0.68882
2025-09-24T11:00:00,432,66.5,18,0.69088
2025-09-24T11:03:00,422,69.3,17,0.5944
2025-09-24T11:06:00,417,67.6,17,0.62732
2025-09-24T11:09:00,417,68.2,18,0.65582
2025-09-24T11:12:00,416,67.5,17,0.62925
2025-09-24T11:15:00,453,67.5,18,0.67026
2025-09-24T11:18:00,520,66.9,18,0.68263
2025-09-24T11:21:00,528,68.3,18,0.65376
2025-09-24T11:24:00,513,68.2,18,0.65582
2025-09-24T11:27:00,454,67.3,18,0.67438
2025-09-24T11:30:00,443,66.6,18,0.68882
2025-09-24T11:33:00,420,65.6,18,0.70944
2025-09-24T11:36:00,463,65,18,0.72182
2025-09-24T11:39:00,428,64.8,18,0.72594
2025-09-24T11:42:00,441,64.6,18,0.73007
2025-09-24T11:45:00,431,64.4,18,0.73419
2025-09-24T11:48:00,402,64.8,18,0.72594
2025-09-24T11:51:00,404,65,18,0.72182
2025-09-24T11:54:00,395,64.6,18,0.73007
2025-09-24T11:57:00,397,65.5,18,0.7115
2025-09-24T12:00:00,400,65.3,18,0.71563
2025-09-24T12:03:00,396,65.5,18,0.7115
2025-09-24T12:06:00,391,65,18,0.72182
2025-09-24T12:09:00,388,66.1,18,0.69913
2025-09-24T12:12:00,386,64.4,18,0.73419
2025-09-24T12:15:00,385,64.2,18,0.73832
2025-09-24T12:18:00,383,65.1,18,0.71975
2025-09-24T12:21:00,381,66.2,18,0.69707
2025-09-24T12:24:00,381,65.4,18,0.71357
2025-09-24T12:27:00,380,65.4,18,0.71357
2025-09-24T12:30:00,379,65.4,18,0.71357
2025-09-24T12:33:00,380,64.5,19,0.77946
2025-09-24T12:36:00,380,64,19,0.79044
2025-09-24T12:39:00,379,64.1,19,0.78824
2025-09-24T12:42:00,378,64.2,19,0.78605
2025-09-24T12:45:00,376,64.6,19,0.77726
2025-09-24T12:48:00,378,65,19,0.76848
2025-09-24T12:51:00,378,64.7,19,0.77507
2025-09-24T12:54:00,378,63.6,19,0.79922
2025-09-24T12:57:00,378,64.1,19,0.78824
2025-09-24T13:00:00,377,64.7,19,0.77507
2025-09-24T13:03:00,379,64.9,19,0.77068
2025-09-24T13:06:00,378,64.6,19,0.77726
2025-09-24T13:09:00,378,64.7,19,0.77507
2025-09-24T13:12:00,378,63.3,19,0.80581
2025-09-24T13:15:00,378,64,19,0.79044
2025-09-24T13:18:00,378,63.1,19,0.8102
2025-09-24T13:21:00,378,63.3,19,0.80581
2025-09-24T13:24:00,378,64.2,19,0.78605
2025-09-24T13:27:00,378,64.2,19,0.78605
2025-09-24T13:30:00,377,65.1,19,0.76628
2025-09-24T13:33:00,376,64.6,19,0.77726
2025-09-24T13:36:00,378,63.6,19,0.79922
2025-09-24T13:39:00,376,65.1,18,0.71975
2025-09-24T13:42:00,377,65,19,0.76848
2025-09-24T13:45:00,378,65.5,19,0.7575
2025-09-24T13:48:00,378,66.1,19,0.74433
2025-09-24T13:51:00,378,64.8,19,0.77287
2025-09-24T13:54:00,377,63.4,19,0.80361
2025-09-24T13:57:00,379,63.7,19,0.79702
2025-09-24T14:00:00,379,63,19,0.81239
2025-09-24T14:03:00,381,63.5,19,0.80142
2025-09-24T14:06:00,378,64,19,0.79044
2025-09-24T14:09:00,380,63.3,19,0.80581
2025-09-24T14:12:00,380,64.6,19,0.77726
2025-09-24T14:15:00,380,62.8,19,0.81678
2025-09-24T14:18:00,381,64,19,0.79044
2025-09-24T14:21:00,380,63,19,0.81239
2025-09-24T14:24:00,386,62.9,19,0.81459
2025-09-24T14:27:00,389,63.9,18,0.7445
2025-09-24T14:30:00,391,64.7,18,0.728
2025-09-24T14:33:00,397,64.2,19,0.78605
2025-09-24T14:36:00,417,63.2,19,0.808
2025-09-24T14:39:00,422,63.2,18,0.75894
2025-09-24T14:42:00,428,63.7,18,0.74863
2025-09-24T14:45:00,399,63.7,18,0.74863
2025-09-24T14:48:00,389,63.4,18,0.75481
2025-09-24T14:51:00,387,63,18,0.76306
2025-09-24T14:54:00,405,63.1,18,0.761
2025-09-24T14:57:00,410,63.9,18,0.7445
2025-09-24T15:00:00,394,63.8,18,0.74656
2025-09-24T15:03:00,391,64.8,18,0.72594
2025-09-24T15:06:00,402,64.8,18,0.72594
2025-09-24T15:09:00,416,64.4,18,0.73419
2025-09-24T15:12:00,413,65.2,18,0.71769
2025-09-24T15:15:00,408,64.5,18,0.73213
2025-09-24T15:18:00,403,65,18,0.72182
2025-09-24T15:21:00,392,65.2,18,0.71769
2025-09-24T15:24:00,380,66.4,18,0.69294
2025-09-24T15:27:00,378,66.7,18,0.68676
2025-09-24T15:30:00,379,67.3,19,0.71798
2025-09-24T15:33:00,377,66.9,19,0.72676
2025-09-24T15:36:00,375,66.5,19,0.73555
2025-09-24T15:39:00,373,67.3,19,0.71798
2025-09-24T15:42:00,374,66.7,19,0.73115
2025-09-24T15:45:00,374,67.8,19,0.707
2025-09-24T15:48:00,372,67.8,19,0.707
2025-09-24T15:51:00,374,67.1,19,0.72237
2025-09-24T15:54:00,372,66.2,19,0.74213
2025-09-24T15:57:00,372,65.8,19,0.75091
2025-09-24T16:00:00,392,66.2,18,0.69707
2025-09-24T16:03:00,372,67,18,0.68057
2025-09-24T16:06:00,386,66.5,18,0.69088
2025-09-24T16:09:00,425,66.3,18,0.69501
2025-09-24T16:12:00,448,65.7,18,0.70738
2025-09-24T16:15:00,391,66.2,18,0.69707
2025-09-24T16:18:00,366,66.8,18,0.68469
2025-09-24T16:21:00,361,66.3,18,0.69501
2025-09-24T16:24:00,360,66.7,18,0.68676
2025-09-24T16:27:00,360,67.7,18,0.66613
2025-09-24T16:30:00,358,65.9,18,0.70326
2025-09-24T16:33:00,359,66,17,0.6583
2025-09-24T16:36:00,351,66.2,17,0.65442
2025-09-24T16:39:00,350,66.1,17,0.65636
2025-09-24T16:42:00,350,66.7,17,0.64474
2025-09-24T16:45:00,347,67.2,17,0.63506
2025-09-24T16:48:00,345,67.1,17,0.637
2025-09-24T16:51:00,346,65.8,17,0.66217
2025-09-24T16:54:00,343,66.8,17,0.64281
2025-09-24T16:57:00,345,66.7,17,0.64474
2025-09-24T17:00:00,345,67.1,17,0.637
2025-09-24T17:03:00,342,66.4,17,0.65055
2025-09-24T17:06:00,345,65.8,17,0.66217
2025-09-24T17:09:00,344,67,17,0.63893
2025-09-24T17:12:00,341,67.1,17,0.637
2025-09-24T17:15:00,337,68,17,0.61957
2025-09-24T17:18:00,337,67.4,17,0.63119
2025-09-24T17:21:00,335,66.9,17,0.64087
2025-09-24T17:24:00,333,66.5,17,0.64861
2025-09-24T17:27:00,331,65.5,17,0.66798
2025-09-24T17:30:00,333,65.9,17,0.66023
2025-09-24T17:33:00,334,65,18,0.72182
2025-09-24T17:36:00,332,65,17,0.67766
2025-09-24T17:39:00,334,66.3,17,0.65249
2025-09-24T17:42:00,333,64.4,18,0.73419
2025-09-24T17:45:00,334,64.2,17,0.69315
2025-09-24T17:48:00,331,65.7,18,0.70738
2025-09-24T17:51:00,331,64.1,18,0.74038
2025-09-24T17:54:00,331,64.6,18,0.73007
2025-09-24T17:57:00,331,64.3,18,0.73625
2025-09-24T18:00:00,331,61.6,19,0.84313
2025-09-24T18:03:00,331,61.6,19,0.84313
2025-09-24T18:06:00,330,61.9,19,0.83655
2025-09-24T18:09:00,330,61.3,19,0.84972
2025-09-24T18:12:00,330,61.2,19,0.85192
2025-09-24T18:15:00,329,59.8,19,0.88265
2025-09-24T18:18:00,330,59.1,19,0.89802
2025-09-24T18:21:00,329,60.8,19,0.8607
2025-09-24T18:24:00,327,60.1,19,0.87607
2025-09-24T18:27:00,326,61.2,19,0.85192
2025-09-24T18:30:00,328,59.2,20,0.95328
2025-09-24T18:33:00,327,59.2,19,0.89583
2025-09-24T18:36:00,327,59.8,19,0.88265
2025-09-24T18:39:00,326,58.4,19,0.91339
2025-09-24T18:42:00,326,55.4,20,1.04207
2025-09-24T18:45:00,326,55.4,20,1.04207
2025-09-24T18:48:00,326,54.2,20,1.07011
2025-09-24T18:51:00,326,56.2,20,1.02338
2025-09-24T18:54:00,326,56.6,20,1.01403
2025-09-24T18:57:00,326,55.2,20,1.04674
2025-09-24T19:00:00,325,53.9,20,1.07712
2025-09-24T19:03:00,326,53.2,20,1.09347
2025-09-24T19:06:00,324,53.8,20,1.07945
2025-09-24T19:09:00,323,55.1,20,1.04908
2025-09-24T19:12:00,325,55.3,20,1.04441
2025-09-24T19:15:00,326,55.1,20,1.04908
2025-09-24T19:18:00,325,52.6,20,1.10749
2025-09-24T19:21:00,325,49.5,20,1.17992
2025-09-24T19:24:00,326,49.5,20,1.17992
2025-09-24T19:27:00,326,52.2,20,1.11684
2025-09-24T19:30:00,326,53.2,20,1.09347
2025-09-24T19:33:00,326,52.4,20,1.11216
2025-09-24T19:36:00,326,52,20,1.12151
2025-09-24T19:39:00,326,48.9,20,1.19394
2025-09-24T19:42:00,326,47.9,20,1.21731
2025-09-24T19:45:00,326,49.4,20,1.18226
2025-09-24T19:48:00,326,50.3,20,1.16123
2025-09-24T19:51:00,326,50.1,20,1.1659
2025-09-24T19:54:00,325,49.3,20,1.1846
2025-09-24T19:57:00,325,49.1,20,1.18927
2025-09-24T20:00:00,326,49,20,1.1916
2025-09-24T20:03:00,0,48.5,20,1.20329
2025-09-24T20:06:00,0,50,19,1.09783
2025-09-24T20:09:00,0,52.6,19,1.04074
2025-09-24T20:12:00,0,53.7,19,1.01659
2025-09-24T20:15:00,0,53.3,19,1.02537
2025-09-24T20:18:00,0,51.5,19,1.06489
2025-09-24T20:21:00,0,52.3,19,1.04733
2025-09-24T20:24:00,0,52.3,18,0.98373
2025-09-24T20:27:00,0,54.5,18,0.93836
2025-09-24T20:30:00,0,54.2,19,1.00561
2025-09-24T20:33:00,0,56.4,19,0.95731
2025-09-24T20:36:00,0,55.1,19,0.98585
2025-09-24T20:39:00,0,53.9,19,1.0122
2025-09-24T20:42:00,0,53.2,19,1.02757
2025-09-24T20:45:00,0,53.1,18,0.96723
2025-09-24T20:48:00,0,52.5,18,0.97961
2025-09-24T20:51:00,0,52.4,18,0.98167
2025-09-24T20:54:00,0,52.1,18,0.98786
2025-09-24T20:57:00,0,52.1,18,0.98786
2025-09-24T21:00:00,0,51.8,18,0.99404
2025-09-24T21:03:00,0,52,18,0.98992
2025-09-24T21:06:00,0,52.3,18,0.98373
2025-09-24T21:09:00,0,52.5,18,0.97961
2025-09-24T21:12:00,0,53,18,0.9693
2025-09-24T21:15:00,0,54.7,18,0.93424
2025-09-24T21:18:00,0,55.4,18,0.9198
2025-09-24T21:21:00,0,55.7,18,0.91361
2025-09-24T21:24:00,0,57.2,18,0.88268
2025-09-24T21:27:00,0,58,18,0.86618
2025-09-24T21:30:00,0,59.1,18,0.84349
2025-09-24T21:33:00,0,59.7,18,0.83112
2025-09-24T21:36:00,0,60.4,18,0.81668
2025-09-24T21:39:00,0,61,18,0.80431
2025-09-24T21:42:00,0,61.8,18,0.78781
2025-09-24T21:45:00,0,62.4,18,0.77544
2025-09-24T21:48:00,0,62.9,18,0.76513
2025-09-24T21:51:00,0,63.4,18,0.75481
2025-09-24T21:54:00,0,63.8,18,0.74656
2025-09-24T21:57:00,0,64.1,18,0.74038
2025-09-24T22:00:00,0,64.3,18,0.73625
2025-09-24T22:03:00,0,64.8,18,0.72594
2025-09-24T22:06:00,0,64.9,18,0.72388
2025-09-24T22:09:00,0,65.2,18,0.71769
2025-09-24T22:12:00,0,65.5,18,0.7115
2025-09-24T22:15:00,0,65.6,18,0.70944
2025-09-24T22:18:00,0,65.9,18,0.70326
2025-09-24T22:21:00,0,66.1,18,0.69913
2025-09-24T22:24:00,0,66.2,18,0.69707
2025-09-24T22:27:00,0,66.4,18,0.69294
2025-09-24T22:30:00,0,66.6,18,0.68882
2025-09-24T22:33:00,0,66.6,18,0.68882
2025-09-24T22:36:00,0,66.8,18,0.68469
2025-09-24T22:39:00,0,66.9,18,0.68263
2025-09-24T22:42:00,0,67,18,0.68057
2025-09-24T22:45:00,0,67.1,18,0.67851
2025-09-24T22:48:00,0,67,18,0.68057
2025-09-24T22:51:00,0,67.1,18,0.67851
2025-09-24T22:54:00,0,67.1,18,0.67851
2025-09-24T22:57:00,0,67.2,18,0.67645
2025-09-24T23:00:00,0,67.2,18,0.67645
2025-09-24T23:03:00,0,67.2,18,0.67645
2025-09-24T23:06:00,0,68.1,18,0.65788
2025-09-24T23:09:00,0,69,18,0.63932
2025-09-24T23:12:00,0,69.9,18,0.62076
2025-09-24T23:15:00,0,70.2,18,0.61458
2025-09-24T23:18:00,0,70.5,18,0.60839
2025-09-24T23:21:00,0,70.9,18,0.60014
2025-09-24T23:24:00,0,71.2,18,0.59395
2025-09-24T23:27:00,0,71.2,18,0.59395
2025-09-24T23:30:00,0,71.2,18,0.59395
2025-09-24T23:33:00,0,71.3,18,0.59189
2025-09-24T23:36:00,0,71.5,18,0.58776
2025-09-24T23:39:00,0,71.4,18,0.58983
2025-09-24T23:42:00,0,71.45,17.5,0.57054
2025-09-24T23:45:00,0,71.5,17,0.55181
2025-09-24T23:48:00,0,71.3,17,0.55568
2025-09-24T23:51:00,0,71.2,17,0.55762
2025-09-24T23:54:00,0,71.1,17,0.55955
2025-09-24T23:57:00,0,71,17,0.56149
2025-09-25T00:00:00,0,71,17,0.56149
2025-09-25T00:03:00,0,70.9,17,0.56342
2025-09-25T00:06:00,0,70.7,17,0.5673
2025-09-25T00:09:00,0,70.6,17,0.56923
2025-09-25T00:12:00,0,70.5,17,0.57117
2025-09-25T00:15:00,0,70.3,17,0.57504
2025-09-25T00:18:00,0,70.3,17,0.57504
2025-09-25T00:21:00,0,70.1,17,0.57891
2025-09-25T00:24:00,0,70,17,0.58085
2025-09-25T00:27:00,0,69.8,17,0.58472
2025-09-25T00:30:00,0,69.7,17,0.58666
2025-09-25T00:33:00,0,69.9,17,0.58279
2025-09-25T00:36:00,0,70.6,17,0.56923
2025-09-25T00:39:00,0,71,17,0.56149
2025-09-25T00:42:00,0,71.2,17,0.55762
2025-09-25T00:45:00,0,71.3,17,0.55568
2025-09-25T00:48:00,0,71.5,17,0.55181
2025-09-25T00:51:00,0,71.6,17,0.54987
2025-09-25T00:54:00,0,71.7,17,0.54793
2025-09-25T00:57:00,0,71.6,17,0.54987
2025-09-25T01:00:00,0,71.7,17,0.54793
2025-09-25T01:03:00,0,71.6,17,0.54987
2025-09-25T01:06:00,0,72,17,0.54213
2025-09-25T01:09:00,0,72,17,0.54213
2025-09-25T01:12:00,0,72.2,17,0.53825
2025-09-25T01:15:00,0,72.2,17,0.53825
2025-09-25T01:18:00,0,72.4,17,0.53438
2025-09-25T01:21:00,0,72.8,17,0.52664
2025-09-25T01:24:00,0,73,17,0.52276
2025-09-25T01:27:00,0,72.9,17,0.5247
2025-09-25T01:30:00,0,73.1,17,0.52083
2025-09-25T01:33:00,0,72.9,16,0.49236
2025-09-25T01:36:00,0,73,16,0.49054
2025-09-25T01:39:00,0,73.1,16,0.48872
2025-09-25T01:42:00,0,73,16,0.49054
2025-09-25T01:45:00,0,72.8,16,0.49417
2025-09-25T01:48:00,0,72.9,16,0.49236
2025-09-25T01:51:00,0,72.8,16,0.49417
2025-09-25T01:54:00,0,72.8,16,0.49417
2025-09-25T01:57:00,0,72.7,16,0.49599
2025-09-25T02:00:00,0,72.5,16,0.49963
2025-09-25T02:03:00,0,72.7,16,0.49599
2025-09-25T02:06:00,0,73,16,0.49054
2025-09-25T02:09:00,0,73.4,16,0.48327
2025-09-25T02:12:00,0,73.5,16,0.48146
2025-09-25T02:15:00,0,73.6,16,0.47964
2025-09-25T02:18:00,0,73.6,16,0.47964
2025-09-25T02:21:00,0,73.7,16,0.47782
2025-09-25T02:24:00,0,73.7,16,0.47782
2025-09-25T02:27:00,0,73.6,16,0.47964
2025-09-25T02:30:00,0,73.7,16,0.47782
2025-09-25T02:33:00,0,73.5,16,0.48146
2025-09-25T02:36:00,0,73.5,16,0.48146
2025-09-25T02:39:00,0,73.2,16,0.48691
2025-09-25T02:42:00,0,73.2,16,0.48691
2025-09-25T02:45:00,0,73.2,16,0.48691
2025-09-25T02:48:00,0,73.2,16,0.48691
2025-09-25T02:51:00,0,73.1,16,0.48872
2025-09-25T02:54:00,0,72.8,16,0.49417
2025-09-25T02:57:00,0,72.7,16,0.49599
2025-09-25T03:00:00,0,72.8,16,0.49417
2025-09-25T03:03:00,0,72.7,16,0.49599
2025-09-25T03:06:00,0,72.6,16,0.49781
2025-09-25T03:09:00,0,72.5,16,0.49963
2025-09-25T03:12:00,0,72.4,16,0.50144
2025-09-25T03:15:00,0,72.3,16,0.50326
2025-09-25T03:18:00,0,72.2,16,0.50508
2025-09-25T03:21:00,0,72.2,16,0.50508
2025-09-25T03:24:00,0,72.1,16,0.50689
2025-09-25T03:27:00,0,72.1,16,0.50689
2025-09-25T03:30:00,0,71.8,16,0.51234
2025-09-25T03:33:00,0,71.7,16,0.51416
2025-09-25T03:36:00,0,71.6,16,0.51598
2025-09-25T03:39:00,0,71.5,15,0.48564
2025-09-25T03:42:00,0,71.5,15,0.48564
2025-09-25T03:45:00,0,71.3,15,0.48904
2025-09-25T03:48:00,0,71.2,15,0.49075
2025-09-25T03:51:00,0,71.2,15,0.49075
2025-09-25T03:54:00,0,71.2,15,0.49075
2025-09-25T03:57:00,0,71,15,0.49416
2025-09-25T04:00:00,0,70.9,15,0.49586
2025-09-25T04:03:00,339,70.5,16,0.53596
2025-09-25T04:06:00,337,69.8,16,0.54868
2025-09-25T04:09:00,334,69,16,0.56321
2025-09-25T04:12:00,333,68.5,16,0.5723
2025-09-25T04:15:00,331,68,16,0.58138
2025-09-25T04:18:00,329,67.5,16,0.59047
2025-09-25T04:21:00,328,67,17,0.63893
2025-09-25T04:24:00,328,66.7,17,0.64474
2025-09-25T04:27:00,326,66.3,17,0.65249
2025-09-25T04:30:00,325,66,17,0.6583
2025-09-25T04:33:00,325,65.6,17,0.66604
2025-09-25T04:36:00,326,65.2,17,0.67378
2025-09-25T04:39:00,324,64.8,17,0.68153
2025-09-25T04:42:00,324,64.7,17,0.68347
2025-09-25T04:45:00,324,64.3,18,0.73625
2025-09-25T04:48:00,324,64.1,18,0.74038
2025-09-25T04:51:00,325,64,18,0.74244
2025-09-25T04:54:00,324,63.8,18,0.74656
2025-09-25T04:57:00,324,63.4,18,0.75481
2025-09-25T05:00:00,324,63.2,18,0.75894
2025-09-25T05:03:00,323,63.1,18,0.761
2025-09-25T05:06:00,323,63,18,0.76306
2025-09-25T05:09:00,323,62.6,18,0.77131
2025-09-25T05:12:00,324,62.6,18,0.77131
2025-09-25T05:15:00,324,62.3,18,0.7775
2025-09-25T05:18:00,324,62.3,18,0.7775
2025-09-25T05:21:00,324,62,18,0.78369
2025-09-25T05:24:00,325,61.8,18,0.78781
2025-09-25T05:27:00,325,61.8,19,0.83874
2025-09-25T05:30:00,324,61.7,19,0.84094
2025-09-25T05:33:00,325,61.5,19,0.84533
2025-09-25T05:36:00,324,61.4,19,0.84752
2025-09-25T05:39:00,324,61.3,19,0.84972
2025-09-25T05:42:00,323,61.2,19,0.85192
2025-09-25T05:45:00,324,61,19,0.85631
2025-09-25T05:48:00,325,61,19,0.85631
2025-09-25T05:51:00,324,60.2,19,0.87387
2025-09-25T05:54:00,324,59,19,0.90022
2025-09-25T05:57:00,324,58.4,19,0.91339
2025-09-25T06:00:00,325,57.5,19,0.93315
2025-09-25T06:03:00,325,57.8,19,0.92657
2025-09-25T06:06:00,323,57.3,19,0.93755
2025-09-25T06:09:00,324,56.7,19,0.95072
2025-09-25T06:12:00,325,57.2,19,0.93974
2025-09-25T06:15:00,325,56.6,19,0.95292
2025-09-25T06:18:00,324,56,19,0.96609
2025-09-25T06:21:00,324,55.5,19,0.97707
2025-09-25T06:24:00,323,55.6,19,0.97487
2025-09-25T06:27:00,324,55.9,19,0.96828
2025-09-25T06:30:00,324,55.9,19,0.96828
2025-09-25T06:33:00,324,55.7,19,0.97268
2025-09-25T06:36:00,325,55,19,0.98805
2025-09-25T06:39:00,324,54.9,19,0.99024
2025-09-25T06:42:00,326,55,19,0.98805
2025-09-25T06:45:00,325,55.5,19,0.97707
2025-09-25T06:48:00,325,54.9,19,0.99024
2025-09-25T06:51:00,324,54.4,19,1.00122
2025-09-25T06:54:00,325,55,19,0.98805
2025-09-25T06:57:00,325,55.3,19,0.98146
2025-09-25T07:00:00,326,54.9,19,0.99024
2025-09-25T07:03:00,326,54.3,19,1.00342
2025-09-25T07:06:00,325,54,19,1.01
2025-09-25T07:09:00,326,54.3,19,1.00342
2025-09-25T07:12:00,326,54.6,19,0.99683
2025-09-25T07:15:00,328,54.8,19,0.99244
2025-09-25T07:18:00,328,54.6,19,0.99683
2025-09-25T07:21:00,328,53.7,19,1.01659
2025-09-25T07:24:00,328,53.3,19,1.02537
2025-09-25T07:27:00,329,53.6,19,1.01879
2025-09-25T07:30:00,330,54.1,19,1.00781
2025-09-25T07:33:00,329,54,19,1.01
2025-09-25T07:36:00,329,53.4,19,1.02318
2025-09-25T07:39:00,329,53.2,19,1.02757
2025-09-25T07:42:00,331,52.8,19,1.03635
2025-09-25T07:45:00,331,52.7,19,1.03855
2025-09-25T07:48:00,331,53.1,19,1.02976
2025-09-25T07:51:00,331,52.6,19,1.04074
2025-09-25T07:54:00,333,52.3,19,1.04733
2025-09-25T07:57:00,331,52.5,19,1.04294
2025-09-25T08:00:00,332,53,19,1.03196
2025-09-25T08:03:00,333,52.5,19,1.04294
2025-09-25T08:06:00,334,52.1,19,1.05172
2025-09-25T08:09:00,332,52.3,19,1.04733
2025-09-25T08:12:00,333,52.2,19,1.04952
2025-09-25T08:15:00,332,51.8,19,1.05831
2025-09-25T08:18:00,334,51.7,19,1.0605
2025-09-25T08:21:00,334,51.8,19,1.05831
2025-09-25T08:24:00,332,51.9,19,1.05611
2025-09-25T08:27:00,335,52.4,19,1.04513
2025-09-25T08:30:00,334,52.3,19,1.04733
2025-09-25T08:33:00,335,51.9,19,1.05611
2025-09-25T08:36:00,334,52.2,19,1.04952
2025-09-25T08:39:00,335,51.7,19,1.0605
2025-09-25T08:42:00,336,51.5,19,1.06489
2025-09-25T08:45:00,336,51.6,19,1.0627
2025-09-25T08:48:00,336,51.3,19,1.06929
2025-09-25T08:51:00,336,51.5,19,1.06489
2025-09-25T08:54:00,336,51.4,19,1.06709
2025-09-25T08:57:00,336,51.1,19,1.07368
2025-09-25T09:00:00,336,51.4,19,1.06709
2025-09-25T09:03:00,336,51.1,19,1.07368
2025-09-25T09:06:00,338,51.2,19,1.07148
2025-09-25T09:09:00,336,51.5,20,1.13319
2025-09-25T09:12:00,336,51.6,20,1.13086
2025-09-25T09:15:00,339,51.8,20,1.12618
2025-09-25T09:18:00,339,51.6,20,1.13086
2025-09-25T09:21:00,339,51.4,20,1.13553
2025-09-25T09:24:00,341,51,20,1.14487
2025-09-25T09:27:00,343,50.7,20,1.15188
2025-09-25T09:30:00,350,50.7,20,1.15188
2025-09-25T09:33:00,361,49.6,20,1.17759
2025-09-25T09:36:00,377,49,20,1.1916
2025-09-25T09:39:00,439,48.5,20,1.20329
2025-09-25T09:42:00,512,47.2,21,1.31216
2025-09-25T09:45:00,520,46.6,21,1.32707
2025-09-25T09:48:00,517,44.5,21,1.37926
2025-09-25T09:51:00,527,41.6,21,1.45133
2025-09-25T09:54:00,527,42.3,21,1.43393
2025-09-25T09:57:00,517,41.6,21,1.45133
2025-09-25T10:00:00,512,41,21,1.46624
2025-09-25T10:03:00,521,42.1,21,1.4389
2025-09-25T10:06:00,528,41.2,21,1.46127
2025-09-25T10:09:00,526,42.1,21,1.4389
2025-09-25T10:12:00,526,41.8,21,1.44636
2025-09-25T10:15:00,523,42,20,1.35516
2025-09-25T10:18:00,510,43.3,20,1.32478
2025-09-25T10:21:00,497,41.5,20,1.36684
2025-09-25T10:24:00,481,42.6,20,1.34114
2025-09-25T10:27:00,469,41.4,21,1.4563
2025-09-25T10:30:00,463,41.3,21,1.45879
2025-09-25T10:33:00,459,41.5,21,1.45381
2025-09-25T10:36:00,457,40.4,21,1.48115
2025-09-25T10:39:00,457,42.3,20,1.34815
2025-09-25T10:42:00,465,42.4,20,1.34581
2025-09-25T10:45:00,466,42.3,20,1.34815
2025-09-25T10:48:00,458,41,20,1.37852
2025-09-25T10:51:00,462,40.7,21,1.4737
2025-09-25T10:54:00,452,40.2,21,1.48612
2025-09-25T10:57:00,445,43,19,1.25152
2025-09-25T11:00:00,443,41.2,20,1.37385
2025-09-25T11:03:00,435,41.8,20,1.35983
2025-09-25T11:06:00,430,41.1,20,1.37619
2025-09-25T11:09:00,427,41.1,20,1.37619
2025-09-25T11:12:00,429,43.2,18,1.17141
2025-09-25T11:15:00,504,42,20,1.35516
2025-09-25T11:18:00,518,40.5,20,1.39021
2025-09-25T11:21:00,525,46.6,20,1.24768
2025-09-25T11:24:00,485,61.4,17,0.74736
2025-09-25T11:27:00,471,58.9,19,0.90242
2025-09-25T11:30:00,426,59.7,18,0.83112
2025-09-25T11:33:00,451,58.2,19,0.91778
2025-09-25T11:36:00,479,54.1,20,1.07244
2025-09-25T11:39:00,449,55.2,19,0.98365
2025-09-25T11:42:00,441,55.9,18,0.90949
2025-09-25T11:45:00,434,56.2,18,0.9033
2025-09-25T11:48:00,411,54.4,19,1.00122
2025-09-25T11:51:00,406,54.5,19,0.99902
2025-09-25T11:54:00,413,54.4,19,1.00122
2025-09-25T11:57:00,408,54.1,19,1.00781
2025-09-25T12:00:00,413,52.5,20,1.10983
2025-09-25T12:03:00,408,52.7,19,1.03855
2025-09-25T12:06:00,402,53.5,19,1.02098
2025-09-25T12:09:00,402,53.5,19,1.02098
2025-09-25T12:12:00,400,53.8,19,1.01439
2025-09-25T12:15:00,397,52.1,19,1.05172
2025-09-25T12:18:00,398,50.3,20,1.16123
2025-09-25T12:21:00,394,52.3,19,1.04733
2025-09-25T12:24:00,396,51,20,1.14487
2025-09-25T12:27:00,396,49.2,20,1.18693
2025-09-25T12:30:00,395,48.4,20,1.20562
2025-09-25T12:33:00,391,50.4,18,1.02292
2025-09-25T12:36:00,391,46.3,20,1.25469
2025-09-25T12:39:00,391,44.5,19,1.21859
2025-09-25T12:42:00,391,42,20,1.35516
2025-09-25T12:45:00,393,45.5,21,1.35441
2025-09-25T12:48:00,390,52,18,0.98992
2025-09-25T12:51:00,387,57.3,18,0.88062
2025-09-25T12:54:00,388,54.6,19,0.99683
2025-09-25T12:57:00,389,52.2,19,1.04952
2025-09-25T13:00:00,386,56.8,18,0.89093
2025-09-25T13:03:00,386,54.2,19,1.00561
2025-09-25T13:06:00,386,52.6,19,1.04074
2025-09-25T13:09:00,388,53.3,19,1.02537
2025-09-25T13:12:00,389,52.5,19,1.04294
2025-09-25T13:15:00,390,52.4,20,1.11216
2025-09-25T13:18:00,389,51,20,1.14487
2025-09-25T13:21:00,386,55.3,18,0.92186
2025-09-25T13:24:00,386,53.3,19,1.02537
2025-09-25T13:27:00,388,52.3,19,1.04733
2025-09-25T13:30:00,389,50.7,20,1.15188
2025-09-25T13:33:00,387,52.3,18,0.98373
2025-09-25T13:36:00,388,50.8,19,1.08026
2025-09-25T13:39:00,391,48,20,1.21497
2025-09-25T13:42:00,391,46.8,20,1.24301
2025-09-25T13:45:00,393,45,21,1.36683
2025-09-25T13:48:00,394,43,21,1.41654
2025-09-25T13:51:00,392,47.2,19,1.15931
2025-09-25T13:54:00,389,52.9,18,0.97136
2025-09-25T13:57:00,387,53.6,19,1.01879
2025-09-25T14:00:00,389,51.9,19,1.05611
2025-09-25T14:03:00,389,52.5,19,1.04294
2025-09-25T14:06:00,390,51.5,19,1.06489
2025-09-25T14:09:00,391,49.3,20,1.1846
2025-09-25T14:12:00,393,50.7,20,1.15188
2025-09-25T14:15:00,389,56.8,18,0.89093
2025-09-25T14:18:00,387,56.2,18,0.9033
2025-09-25T14:21:00,389,55.1,18,0.92599
2025-09-25T14:24:00,401,55.6,18,0.91568
2025-09-25T14:27:00,398,52.9,19,1.03415
2025-09-25T14:30:00,402,51.7,19,1.0605
2025-09-25T14:33:00,419,50.5,20,1.15656
2025-09-25T14:36:00,428,53.6,19,1.01879
2025-09-25T14:39:00,429,52.4,19,1.04513
2025-09-25T14:42:00,438,52,19,1.05392
2025-09-25T14:45:00,431,51.3,20,1.13787
2025-09-25T14:48:00,400,53.8,18,0.9528
2025-09-25T14:51:00,400,52.1,19,1.05172
2025-09-25T14:54:00,401,50.6,20,1.15422
2025-09-25T14:57:00,414,49.7,20,1.17525
2025-09-25T15:00:00,413,47.4,18,1.08479
2025-09-25T15:03:00,401,49.6,19,1.10661
2025-09-25T15:06:00,405,47.1,20,1.236
2025-09-25T15:09:00,410,44.4,20,1.29908
2025-09-25T15:12:00,413,41.5,20,1.36684
2025-09-25T15:15:00,420,39.1,19,1.33716
2025-09-25T15:18:00,405,50.1,19,1.09563
2025-09-25T15:21:00,392,50.7,20,1.15188
2025-09-25T15:24:00,391,52.4,19,1.04513
2025-09-25T15:27:00,393,51.6,20,1.13086
2025-09-25T15:30:00,386,54.6,19,0.99683
2025-09-25T15:33:00,389,53.5,19,1.02098
2025-09-25T15:36:00,385,55,18,0.92805
2025-09-25T15:39:00,384,52.6,19,1.04074
2025-09-25T15:42:00,383,52.3,19,1.04733
2025-09-25T15:45:00,383,52.1,19,1.05172
2025-09-25T15:48:00,383,51.2,20,1.1402
2025-09-25T15:51:00,385,50.5,20,1.15656
2025-09-25T15:54:00,381,49.2,20,1.18693
2025-09-25T15:57:00,383,48.7,20,1.19861
2025-09-25T16:00:00,383,48.1,20,1.21263
2025-09-25T16:03:00,379,46.9,20,1.24067
2025-09-25T16:06:00,383,45.8,20,1.26637
2025-09-25T16:09:00,398,44.7,20,1.29207
2025-09-25T16:12:00,387.5,43.7,20.5,1.35672
2025-09-25T16:15:00,377,42.7,21,1.42399
2025-09-25T16:18:00,375,41.6,21,1.45133
2025-09-25T16:21:00,371,41.1,20,1.37619
2025-09-25T16:24:00,369,38.6,21,1.52588
2025-09-25T16:27:00,368,35.3,21,1.60789
2025-09-25T16:30:00,368,38.6,22,1.62222
2025-09-25T16:33:00,370,45.4,20,1.27572
2025-09-25T16:36:00,367,49.9,19,1.10002
2025-09-25T16:39:00,363,51.7,19,1.0605
2025-09-25T16:42:00,359,50.1,20,1.1659
2025-09-25T16:45:00,360,49.6,20,1.17759
2025-09-25T16:48:00,356,48.8,19,1.12418
2025-09-25T16:51:00,356,50.9,19,1.07807
2025-09-25T16:54:00,357,50,20,1.16824
2025-09-25T16:57:00,355,49.1,20,1.18927
2025-09-25T17:00:00,356,44.5,21,1.37926
2025-09-25T17:03:00,359,44.5,21,1.37926
2025-09-25T17:06:00,359,47.2,20,1.23366
2025-09-25T17:09:00,359,46.8,19,1.16809
2025-09-25T17:12:00,355,49.1,19,1.11759
2025-09-25T17:15:00,350,49.2,20,1.18693
2025-09-25T17:18:00,347,48.1,20,1.21263
2025-09-25T17:21:00,349,42.8,21,1.42151
2025-09-25T17:24:00,347,46.5,20,1.25002
2025-09-25T17:27:00,347,46.9,20,1.24067
2025-09-25T17:30:00,347,47,20,1.23833
2025-09-25T17:33:00,345,46.7,20,1.24534
2025-09-25T17:36:00,345,43.5,20,1.32011
2025-09-25T17:39:00,343,45.2,19,1.20322
2025-09-25T17:42:00,342,45.4,20,1.27572
2025-09-25T17:45:00,340,44.2,20,1.30376
2025-09-25T17:48:00,339,43,20,1.33179
2025-09-25T17:51:00,338,42.3,20,1.34815
2025-09-25T17:54:00,336,39.3,20,1.41824
2025-09-25T17:57:00,336,39,20,1.42525
2025-09-25T18:00:00,336,37.4,20,1.46264
2025-09-25T18:03:00,336,38.2,21,1.53582
2025-09-25T18:06:00,334,36.4,20,1.486
2025-09-25T18:09:00,334,37.1,20,1.46965
2025-09-25T18:12:00,331,35.4,20,1.50937
2025-09-25T18:15:00,331,35.9,20,1.49768
2025-09-25T18:18:00,331,35.9,20,1.49768
2025-09-25T18:21:00,329,35.5,20,1.50703
2025-09-25T18:24:00,328,43.1,19,1.24933
2025-09-25T18:27:00,328,43.8,20,1.3131
2025-09-25T18:30:00,326,49.7,20,1.17525
2025-09-25T18:33:00,328,51.7,20,1.12852
2025-09-25T18:36:00,326,50.9,19,1.07807
2025-09-25T18:39:00,325,52.7,19,1.03855
2025-09-25T18:42:00,324,46.9,19,1.16589
2025-09-25T18:45:00,326,42,20,1.35516
2025-09-25T18:48:00,326,38.7,20,1.43226
2025-09-25T18:51:00,326,43.1,20,1.32946
2025-09-25T18:54:00,326,41.4,20,1.36918
2025-09-25T18:57:00,326,46.9,20,1.24067
2025-09-25T19:00:00,325,49.2,19,1.11539
2025-09-25T19:03:00,323,50.4,19,1.08905
2025-09-25T19:06:00,323,49.7,19,1.10442
2025-09-25T19:09:00,324,42.9,19,1.25372
2025-09-25T19:12:00,323,42.1,19,1.27129
2025-09-25T19:15:00,324,43.4,19,1.24274
2025-09-25T19:18:00,323,46.8,19,1.16809
2025-09-25T19:21:00,323,46.2,19,1.18126
2025-09-25T19:24:00,323,40.8,19,1.29983
2025-09-25T19:27:00,325,43.1,19,1.24933
2025-09-25T19:30:00,325,45.4,19,1.19883
2025-09-25T19:33:00,324,46.6,19,1.17248
2025-09-25T19:36:00,324,48.6,19,1.12857
2025-09-25T19:39:00,323,44.3,19,1.22298
2025-09-25T19:42:00,323,40.5,19,1.30642
2025-09-25T19:45:00,323,39.3,19,1.33276
2025-09-25T19:48:00,324,41.6,19,1.28226
2025-09-25T19:51:00,323,43.8,19,1.23396
2025-09-25T19:54:00,324,44.9,19,1.20981
2025-09-25T19:57:00,323,45.1,19,1.20542
2025-09-25T20:00:00,325,44.7,19,1.2142
2025-09-25T20:03:00,0,41.9,19,1.27568
2025-09-25T20:06:00,0,41.7,19,1.28007
2025-09-25T20:09:00,0,41.3,19,1.28885
2025-09-25T20:12:00,0,41.3,19,1.28885
2025-09-25T20:15:00,0,41.5,19,1.28446
2025-09-25T20:18:00,0,42.3,19,1.26689
2025-09-25T20:21:00,0,43,19,1.25152
2025-09-25T20:24:00,0,43.2,19,1.24713
2025-09-25T20:27:00,0,43.1,19,1.24933
2025-09-25T20:30:00,0,43.3,18,1.16934
2025-09-25T20:33:00,0,43.2,18,1.17141
2025-09-25T20:36:00,0,43.2,18,1.17141
2025-09-25T20:39:00,0,45.2,18,1.13016
2025-09-25T20:42:00,0,46.3,18,1.10747
2025-09-25T20:45:00,0,49.4,18,1.04354
2025-09-25T20:48:00,0,50,18,1.03117
2025-09-25T20:51:00,0,51.3,18,1.00436
2025-09-25T20:54:00,0,52.8,18,0.97342
2025-09-25T20:57:00,0,53.9,18,0.95074
2025-09-25T21:00:00,0,55.4,18,0.9198
2025-09-25T21:03:00,0,56.4,18,0.89918
2025-09-25T21:06:00,0,57.7,18,0.87237
2025-09-25T21:09:00,0,58.9,18,0.84762
2025-09-25T21:12:00,0,60,18,0.82493
2025-09-25T21:15:00,0,60.7,18,0.8105
2025-09-25T21:18:00,0,61.5,18,0.794
2025-09-25T21:21:00,0,62.2,18,0.77956
2025-09-25T21:24:00,0,63,18,0.76306
2025-09-25T21:27:00,0,63.6,18,0.75069
2025-09-25T21:30:00,0,64.2,18,0.73832
2025-09-25T21:33:00,0,65,18,0.72182
2025-09-25T21:36:00,0,65.4,18,0.71357
2025-09-25T21:39:00,0,65.9,18,0.70326
2025-09-25T21:42:00,0,66.5,18,0.69088
2025-09-25T21:45:00,0,66.9,18,0.68263
2025-09-25T21:48:00,0,67.4,18,0.67232
2025-09-25T21:51:00,0,67.8,18,0.66407
2025-09-25T21:54:00,0,68.4,18,0.6517
2025-09-25T21:57:00,0,68.8,18,0.64345
2025-09-25T22:00:00,0,69,18,0.63932
2025-09-25T22:03:00,0,69.3,18,0.63314
2025-09-25T22:06:00,0,69.5,18,0.62901
2025-09-25T22:09:00,0,70,18,0.6187
2025-09-25T22:12:00,0,70.2,18,0.61458
2025-09-25T22:15:00,0,70.4,18,0.61045
2025-09-25T22:18:00,0,70.6,18,0.60633
2025-09-25T22:21:00,0,70.6,18,0.60633
2025-09-25T22:24:00,0,70.9,18,0.60014
2025-09-25T22:27:00,0,71.1,18,0.59601
2025-09-25T22:30:00,0,71.2,18,0.59395
2025-09-25T22:33:00,0,71.3,18,0.59189
2025-09-25T22:36:00,0,71.5,18,0.58776
2025-09-25T22:39:00,0,71.4,18,0.58983
2025-09-25T22:42:00,0,71.7,18,0.58364
2025-09-25T22:45:00,0,71.7,18,0.58364
2025-09-25T22:48:00,0,71.8,18,0.58158
2025-09-25T22:51:00,0,71.9,18,0.57952
2025-09-25T22:54:00,0,71.8,18,0.58158
2025-09-25T22:57:00,0,71.9,18,0.57952
2025-09-25T23:00:00,0,72,18,0.57745
2025-09-25T23:03:00,0,71.9,18,0.57952
2025-09-25T23:06:00,0,72.4,18,0.5692
2025-09-25T23:09:00,0,73.1,18,0.55477
2025-09-25T23:12:00,0,73.6,18,0.54446
2025-09-25T23:15:00,0,74.2,18,0.53208
2025-09-25T23:18:00,0,74.5,18,0.52589
2025-09-25T23:21:00,0,74.9,18,0.51765
2025-09-25T23:24:00,0,75.1,18,0.51352
2025-09-25T23:27:00,0,75.2,18,0.51146
2025-09-25T23:30:00,0,75.3,18,0.5094
2025-09-25T23:33:00,0,75.4,18,0.50733
2025-09-25T23:36:00,0,75.7,18,0.50115
2025-09-25T23:39:00,0,75.6,18,0.50321
2025-09-25T23:42:00,0,75.7,18,0.50115
2025-09-25T23:45:00,0,75.7,18,0.50115
2025-09-25T23:48:00,0,75.8,18,0.49908
2025-09-25T23:51:00,0,75.7,18,0.50115
2025-09-25T23:54:00,0,75.8,18,0.49908
2025-09-25T23:57:00,0,75.9,18,0.49702
2025-09-26T00:00:00,0,75.8,17,0.46855
2025-09-26T00:03:00,0,75.8,18,0.49908
2025-09-26T00:06:00,0,75.7,17,0.47049
2025-09-26T00:09:00,0,75.7,17,0.47049
2025-09-26T00:12:00,0,75.7,17,0.47049
2025-09-26T00:15:00,0,75.7,17,0.47049
2025-09-26T00:18:00,0,75.6,17,0.47242
2025-09-26T00:21:00,0,75.6,17,0.47242
2025-09-26T00:24:00,0,75.6,17,0.47242
2025-09-26T00:27:00,0,75.5,17,0.47436
2025-09-26T00:30:00,0,75.6,17,0.47242
2025-09-26T00:33:00,0,75.7,17,0.47049
2025-09-26T00:36:00,0,76.2,17,0.46081
2025-09-26T00:39:00,0,76.4,17,0.45693
2025-09-26T00:42:00,0,76.6,17,0.45306
2025-09-26T00:45:00,0,76.8,17,0.44919
2025-09-26T00:48:00,0,76.9,17,0.44725
2025-09-26T00:51:00,0,77,17,0.44532
2025-09-26T00:54:00,0,76.8,17,0.44919
2025-09-26T00:57:00,0,77,17,0.44532
2025-09-26T01:00:00,0,77,17,0.44532
2025-09-26T01:03:00,0,76.9,17,0.44725
2025-09-26T01:06:00,0,77.3,17,0.43951
2025-09-26T01:09:00,0,77.6,17,0.4337
2025-09-26T01:12:00,0,77.7,17,0.43176
2025-09-26T01:15:00,0,77.8,17,0.42983
2025-09-26T01:18:00,0,77.9,17,0.42789
2025-09-26T01:21:00,0,78.2,17,0.42208
2025-09-26T01:24:00,0,78.4,17,0.41821
2025-09-26T01:27:00,0,78.4,17,0.41821
2025-09-26T01:30:00,0,78.5,17,0.41628
2025-09-26T01:33:00,0,78.4,17,0.41821
2025-09-26T01:36:00,0,78.6,17,0.41434
2025-09-26T01:39:00,0,78.6,17,0.41434
2025-09-26T01:42:00,0,78.6,17,0.41434
2025-09-26T01:45:00,0,78.4,17,0.41821
2025-09-26T01:48:00,0,78.4,17,0.41821
2025-09-26T01:51:00,0,78.3,17,0.42015
2025-09-26T01:54:00,0,78.4,17,0.41821
2025-09-26T01:57:00,0,78.3,17,0.42015
2025-09-26T02:00:00,0,78.4,17,0.41821
2025-09-26T02:03:00,0,78.4,17,0.41821
2025-09-26T02:06:00,0,78.7,17,0.4124
2025-09-26T02:09:00,0,78.9,17,0.40853
2025-09-26T02:12:00,0,79.1,17,0.40466
2025-09-26T02:15:00,0,79.2,17,0.40272
2025-09-26T02:18:00,0,79.1,17,0.40466
2025-09-26T02:21:00,0,79.2,17,0.40272
2025-09-26T02:24:00,0,79.3,17,0.40079
2025-09-26T02:27:00,0,79.3,17,0.40079
2025-09-26T02:30:00,0,79.2,17,0.40272
2025-09-26T02:33:00,0,79.1,17,0.40466
2025-09-26T02:36:00,0,79.1,17,0.40466
2025-09-26T02:39:00,0,79.1,17,0.40466
2025-09-26T02:42:00,0,79.1,17,0.40466
2025-09-26T02:45:00,0,79.1,17,0.40466
2025-09-26T02:48:00,0,79,17,0.40659
2025-09-26T02:51:00,0,79,17,0.40659
2025-09-26T02:54:00,0,79,17,0.40659
2025-09-26T02:57:00,0,78.7,17,0.4124
2025-09-26T03:00:00,0,78.9,17,0.40853
2025-09-26T03:03:00,0,78.8,17,0.41047
2025-09-26T03:06:00,0,78.8,17,0.41047
2025-09-26T03:09:00,0,78.8,17,0.41047
2025-09-26T03:12:00,0,78.6,17,0.41434
2025-09-26T03:15:00,0,78.6,17,0.41434
2025-09-26T03:18:00,0,78.8,17,0.41047
2025-09-26T03:21:00,0,78.6,17,0.41434
2025-09-26T03:24:00,0,78.6,17,0.41434
2025-09-26T03:27:00,0,78.5,16,0.39062
2025-09-26T03:30:00,0,78.4,17,0.41821
2025-09-26T03:33:00,0,78.5,16,0.39062
2025-09-26T03:36:00,0,78.5,16,0.39062
2025-09-26T03:39:00,0,78.3,16,0.39425
2025-09-26T03:42:00,0,78.3,16,0.39425
2025-09-26T03:45:00,0,78.2,16,0.39607
2025-09-26T03:48:00,0,78.2,16,0.39607
2025-09-26T03:51:00,0,78.1,16,0.39788
2025-09-26T03:54:00,0,78,16,0.3997
2025-09-26T03:57:00,0,78,16,0.3997
2025-09-26T04:00:00,279,78,16,0.3997
2025-09-26T04:03:00,339,77.5,17,0.43564
2025-09-26T04:06:00,337,76.6,17,0.45306
2025-09-26T04:09:00,334,76,17,0.46468
2025-09-26T04:12:00,333,75.4,17,0.4763
2025-09-26T04:15:00,331,74.7,17,0.48985
2025-09-26T04:18:00,329,74.3,18,0.53002
2025-09-26T04:21:00,329,73.9,18,0.53827
2025-09-26T04:24:00,327,73.4,18,0.54858
2025-09-26T04:27:00,326,73.1,18,0.55477
2025-09-26T04:30:00,326,72.6,18,0.56508
2025-09-26T04:33:00,326,72.4,18,0.5692
2025-09-26T04:36:00,326,72.1,18,0.57539
2025-09-26T04:39:00,326,71.8,18,0.58158
2025-09-26T04:42:00,324,71.6,18,0.5857
2025-09-26T04:45:00,324,71.3,19,0.63015
2025-09-26T04:48:00,325,70.8,19,0.64113
2025-09-26T04:51:00,325,70.7,19,0.64333
2025-09-26T04:54:00,325,70.5,19,0.64772
2025-09-26T04:57:00,324,70.1,19,0.6565
2025-09-26T05:00:00,324,69.9,19,0.66089
2025-09-26T05:03:00,324,69.6,19,0.66748
2025-09-26T05:06:00,325,69.5,19,0.66968
2025-09-26T05:09:00,325,69.3,19,0.67407
2025-09-26T05:12:00,324,69.1,19,0.67846
2025-09-26T05:15:00,325,69.1,19,0.67846
2025-09-26T05:18:00,325,68.1,19,0.70041
2025-09-26T05:21:00,324,65.4,19,0.7597
2025-09-26T05:24:00,324,65.5,19,0.7575
2025-09-26T05:27:00,324,64.4,19,0.78165
2025-09-26T05:30:00,325,63.4,19,0.80361
2025-09-26T05:33:00,323,63,19,0.81239
2025-09-26T05:36:00,324,63.2,19,0.808
2025-09-26T05:39:00,325,61.6,19,0.84313
2025-09-26T05:42:00,325,61.9,19,0.83655
2025-09-26T05:45:00,324,61.2,19,0.85192
2025-09-26T05:48:00,324,61.4,19,0.84752
2025-09-26T05:51:00,324,61.2,19,0.85192
2025-09-26T05:54:00,324,60.4,19,0.86948
2025-09-26T05:57:00,324,59.9,19,0.88046
2025-09-26T06:00:00,324,59.4,19,0.89144
2025-09-26T06:03:00,324,59.6,19,0.88705
2025-09-26T06:06:00,325,58.9,19,0.90242
2025-09-26T06:09:00,325,58.1,19,0.91998
2025-09-26T06:12:00,325,57.8,19,0.92657
2025-09-26T06:15:00,326,57.6,19,0.93096
2025-09-26T06:18:00,325,57.8,19,0.92657
2025-09-26T06:21:00,326,58.3,19,0.91559
2025-09-26T06:24:00,325,57.3,19,0.93755
2025-09-26T06:27:00,323,57,19,0.94413
2025-09-26T06:30:00,325,56.9,19,0.94633
2025-09-26T06:33:00,326,56.6,19,0.95292
2025-09-26T06:36:00,325,56.9,19,0.94633
2025-09-26T06:39:00,324,56.9,20,1.00702
2025-09-26T06:42:00,323,56.5,19,0.95511
2025-09-26T06:45:00,326,55.9,19,0.96828
2025-09-26T06:48:00,325,55.3,20,1.04441
2025-09-26T06:51:00,325,55.8,20,1.03272
2025-09-26T06:54:00,326,55.8,20,1.03272
2025-09-26T06:57:00,326,54.6,20,1.06076
2025-09-26T07:00:00,326,54.7,19,0.99463
2025-09-26T07:03:00,326,54.3,20,1.06777
2025-09-26T07:06:00,327,54.5,20,1.0631
2025-09-26T07:09:00,326,54.8,20,1.05609
2025-09-26T07:12:00,328,54.4,20,1.06543
2025-09-26T07:15:00,328,54.1,20,1.07244
2025-09-26T07:18:00,328,53.6,20,1.08413
2025-09-26T07:21:00,330,53.3,19,1.02537
2025-09-26T07:24:00,331,54,20,1.07478
2025-09-26T07:27:00,334,52.8,20,1.10282
2025-09-26T07:30:00,335,52.8,20,1.10282
2025-09-26T07:33:00,336,52.8,20,1.10282
2025-09-26T07:36:00,336,52.9,20,1.10048
2025-09-26T07:39:00,336,52.5,20,1.10983
2025-09-26T07:42:00,336,52.4,20,1.11216
2025-09-26T07:45:00,336,52.3,20,1.1145
2025-09-26T07:48:00,338,52.7,20,1.10515
2025-09-26T07:51:00,337,52.6,20,1.10749
2025-09-26T07:54:00,338,52.7,20,1.10515
2025-09-26T07:57:00,339,52.5,20,1.10983
2025-09-26T08:00:00,339,52.5,20,1.10983
2025-09-26T08:03:00,339,52.4,20,1.11216
2025-09-26T08:06:00,338,51.3,20,1.13787
2025-09-26T08:09:00,336,51,20,1.14487
2025-09-26T08:12:00,338,51.2,20,1.1402
2025-09-26T08:15:00,336,50.8,20,1.14955
2025-09-26T08:18:00,334,50.3,20,1.16123
2025-09-26T08:21:00,333,50,20,1.16824
2025-09-26T08:24:00,331,50,20,1.16824
2025-09-26T08:27:00,332,49.9,19,1.10002
2025-09-26T08:30:00,330,49.7,19,1.10442
2025-09-26T08:33:00,331,49.7,19,1.10442
2025-09-26T08:36:00,330,49.7,19,1.10442
2025-09-26T08:39:00,329,50.1,19,1.09563
2025-09-26T08:42:00,331,50.2,19,1.09344
2025-09-26T08:45:00,330,50.2,19,1.09344
2025-09-26T08:48:00,328,49.8,19,1.10222
2025-09-26T08:51:00,329,49.6,19,1.10661
2025-09-26T08:54:00,330,49.7,20,1.17525
2025-09-26T08:57:00,329,50.1,19,1.09563
2025-09-26T09:00:00,329,50.3,19,1.09124
2025-09-26T09:03:00,329,51,19,1.07587
2025-09-26T09:06:00,331,51.4,19,1.06709
2025-09-26T09:09:00,333,52.6,19,1.04074
2025-09-26T09:12:00,334,52.8,19,1.03635
2025-09-26T09:15:00,336,53.4,19,1.02318
2025-09-26T09:18:00,334,54.2,19,1.00561
2025-09-26T09:21:00,332,54.2,19,1.00561
2025-09-26T09:24:00,333,54.7,19,0.99463
2025-09-26T09:27:00,333,55.1,19,0.98585
2025-09-26T09:30:00,332,55.3,19,0.98146
2025-09-26T09:33:00,331,55.3,19,0.98146
2025-09-26T09:36:00,331,55.7,19,0.97268
2025-09-26T09:39:00,332,55.9,19,0.96828
2025-09-26T09:42:00,339,55.9,19,0.96828
2025-09-26T09:45:00,335,56.2,19,0.9617
2025-09-26T09:48:00,337,56.5,19,0.95511
2025-09-26T09:51:00,336,56.6,20,1.01403
2025-09-26T09:54:00,334,56.7,20,1.0117
2025-09-26T09:57:00,334,56.4,20,1.01871
2025-09-26T10:00:00,335,55.8,20,1.03272
2025-09-26T10:03:00,336,56.5,20,1.01637
2025-09-26T10:06:00,336,56.8,20,1.00936
2025-09-26T10:09:00,339,56.7,20,1.0117
2025-09-26T10:12:00,339,56.7,20,1.0117
2025-09-26T10:15:00,342,57,20,1.00469
2025-09-26T10:18:00,336,58.7,20,0.96497
2025-09-26T10:21:00,339,58.5,20,0.96964
2025-09-26T10:24:00,347,57.1,20,1.00235
2025-09-26T10:27:00,348,57.7,19,0.92876
2025-09-26T10:30:00,348,57.4,20,0.99534
2025-09-26T10:33:00,356,59.1,20,0.95562
2025-09-26T10:36:00,347,58.4,20,0.97198
2025-09-26T10:39:00,346,58.5,19,0.9112
2025-09-26T10:42:00,354,57.6,20,0.99067
2025-09-26T10:45:00,355,57.1,20,1.00235
2025-09-26T10:48:00,360,57.3,20,0.99768
2025-09-26T10:51:00,361,57,20,1.00469
2025-09-26T10:54:00,348,57.3,20,0.99768
2025-09-26T10:57:00,345,56.3,20,1.02104
2025-09-26T11:00:00,346,56.3,19,0.9595
2025-09-26T11:03:00,346,56.4,20,1.01871
2025-09-26T11:06:00,346,55.9,20,1.03039
2025-09-26T11:09:00,346,56.1,19,0.96389
2025-09-26T11:12:00,351,55.9,19,0.96828
2025-09-26T11:15:00,349,55,20,1.05142
2025-09-26T11:18:00,350,54.3,20,1.06777
2025-09-26T11:21:00,357,53.9,19,1.0122
2025-09-26T11:24:00,354,54,19,1.01
2025-09-26T11:27:00,361,53.4,20,1.0888
2025-09-26T11:30:00,365,52.9,19,1.03415
2025-09-26T11:33:00,369,53.3,20,1.09114
2025-09-26T11:36:00,378,51.1,20,1.14254
2025-09-26T11:39:00,391,51.8,19,1.05831
2025-09-26T11:42:00,390,50.8,19,1.08026
2025-09-26T11:45:00,395,50.5,20,1.15656
2025-09-26T11:48:00,446,50,20,1.16824
2025-09-26T11:51:00,399,48.3,20,1.20796
2025-09-26T11:54:00,402,48,20,1.21497
2025-09-26T11:57:00,413,47.4,20,1.22899
2025-09-26T12:00:00,419,46.9,20,1.24067
2025-09-26T12:03:00,423,46.7,20,1.24534
2025-09-26T12:06:00,417,45.8,20,1.26637
2025-09-26T12:09:00,379,45.6,20,1.27104
2025-09-26T12:12:00,373,45.3,20,1.27805
2025-09-26T12:15:00,380,45.4,20,1.27572
2025-09-26T12:18:00,376,44.7,20,1.29207
2025-09-26T12:21:00,382,45,20,1.28506
2025-09-26T12:24:00,402,44.2,20,1.30376
2025-09-26T12:27:00,392,44.2,20,1.30376
2025-09-26T12:30:00,401,43.8,20,1.3131
2025-09-26T12:33:00,408,43.6,19,1.23835
2025-09-26T12:36:00,401,42.7,20,1.3388
2025-09-26T12:39:00,408,42.5,20,1.34348
2025-09-26T12:42:00,409,42,20,1.35516
2025-09-26T12:45:00,368,41.6,21,1.45133
2025-09-26T12:48:00,371,41.6,20,1.3645
2025-09-26T12:51:00,375,41.4,20,1.36918
2025-09-26T12:54:00,383,42.3,20,1.34815
2025-09-26T12:57:00,413,41.7,20,1.36217
2025-09-26T13:00:00,414,41.6,20,1.3645
2025-09-26T13:03:00,423,40.4,21,1.48115
2025-09-26T13:06:00,418,40.9,20,1.38086
2025-09-26T13:09:00,359,40.9,20,1.38086
2025-09-26T13:12:00,409,43.9,19,1.23176
2025-09-26T13:15:00,413,40.9,20,1.38086
2025-09-26T13:18:00,396,41.2,19,1.29105
2025-09-26T13:21:00,392,40.6,19,1.30422
2025-09-26T13:24:00,341,41.3,19,1.28885
2025-09-26T13:27:00,349,42.6,19,1.26031
2025-09-26T13:30:00,394,41.4,19,1.28666
2025-09-26T13:33:00,391,40.9,19,1.29763
2025-09-26T13:36:00,392,40.1,19,1.3152
2025-09-26T13:39:00,397,54.3,18,0.94249
2025-09-26T13:42:00,393,57.5,17,0.82287
2025-09-26T13:45:00,398,51.2,20,1.1402
2025-09-26T13:48:00,391,50.3,21,1.23512
2025-09-26T13:51:00,403,44,22,1.47955
2025-09-26T13:54:00,402,45.1,22,1.45048
2025-09-26T13:57:00,398,45.8,22,1.43199
2025-09-26T14:00:00,352,45.2,22,1.44784
2025-09-26T14:03:00,367,45.6,22,1.43727
2025-09-26T14:06:00,397,42.1,22,1.52975
2025-09-26T14:09:00,399,44.7,22,1.46105
2025-09-26T14:12:00,400,45.6,22,1.43727
2025-09-26T14:15:00,401,45.6,22,1.43727
2025-09-26T14:18:00,403,46.2,22,1.42142
2025-09-26T14:21:00,403,45.1,22,1.45048
2025-09-26T14:24:00,420,43.8,22,1.48483
2025-09-26T14:27:00,418,42.4,22,1.52182
2025-09-26T14:30:00,405,38.1,22,1.63543
2025-09-26T14:33:00,428,46.8,20,1.24301
2025-09-26T14:36:00,438,41.9,21,1.44387
2025-09-26T14:39:00,444,37.7,22,1.646
2025-09-26T14:42:00,452,42.1,21,1.4389
2025-09-26T14:45:00,434,40.6,22,1.56938
2025-09-26T14:48:00,420,38.3,22,1.63014
2025-09-26T14:51:00,435,36.8,22,1.66977
2025-09-26T14:54:00,408,34.9,22,1.71997
2025-09-26T14:57:00,411,34.1,22,1.74111
2025-09-26T15:00:00,417,32.3,23,1.90071
2025-09-26T15:03:00,427,33.5,21,1.65263
2025-09-26T15:06:00,416,32.3,22,1.78867
2025-09-26T15:09:00,412,30.3,23,1.95686
2025-09-26T15:12:00,414,30.7,21,1.72221
2025-09-26T15:15:00,425,41.7,21,1.44884
2025-09-26T15:18:00,416,45.4,21,1.35689
2025-09-26T15:21:00,401,45.6,21,1.35192
2025-09-26T15:24:00,400,45.4,21,1.35689
2025-09-26T15:27:00,400,42.9,21,1.41902
2025-09-26T15:30:00,398,45.3,21,1.35938
2025-09-26T15:33:00,396,46.3,21,1.33453
2025-09-26T15:36:00,396,46.8,21,1.3221
2025-09-26T15:39:00,392,46.4,21,1.33204
2025-09-26T15:42:00,394,44.5,22,1.46634
2025-09-26T15:45:00,392,44.2,22,1.47426
2025-09-26T15:48:00,393,42.3,22,1.52446
2025-09-26T15:51:00,392,39.1,22,1.60901
2025-09-26T15:54:00,391,40.1,22,1.58259
2025-09-26T15:57:00,402,41,22,1.55881
2025-09-26T16:00:00,391,40.5,22,1.57202
2025-09-26T16:03:00,392,39.1,22,1.60901
2025-09-26T16:06:00,416,37.3,22,1.65656
2025-09-26T16:09:00,394,38.6,22,1.62222
2025-09-26T16:12:00,392,37.5,23,1.75472
2025-09-26T16:15:00,389,36.3,22,1.68298
2025-09-26T16:18:00,386,35.8,23,1.80244
2025-09-26T16:21:00,386,35.8,22,1.69619
2025-09-26T16:24:00,383,34.3,23,1.84456
2025-09-26T16:27:00,385,34.1,23,1.85017
2025-09-26T16:30:00,378,33.7,22,1.75168
2025-09-26T16:33:00,377,32.4,23,1.8979
2025-09-26T16:36:00,374,29.4,22,1.86529
2025-09-26T16:39:00,372,31.6,22,1.80716
2025-09-26T16:42:00,370,29.5,22,1.86264
2025-09-26T16:45:00,367,29.6,22,1.86
2025-09-26T16:48:00,367,29.3,22,1.86793
2025-09-26T16:51:00,368,27.8,23,2.02705
2025-09-26T16:54:00,366,27.5,22,1.91548
2025-09-26T16:57:00,367,27.8,23,2.02705
2025-09-26T17:00:00,369,26.8,23,2.05512
2025-09-26T17:03:00,369,28.5,23,2.00739
2025-09-26T17:06:00,367,28.6,23,2.00459
2025-09-26T17:09:00,366,28.7,23,2.00178
2025-09-26T17:12:00,360,28.2,23,2.01582
2025-09-26T17:15:00,360,26.9,23,2.05232
2025-09-26T17:18:00,357,26.1,23,2.07478
2025-09-26T17:21:00,354,28.4,23,2.0102
2025-09-26T17:24:00,353,29.7,23,1.9737
2025-09-26T17:27:00,352,28.6,23,2.00459
2025-09-26T17:30:00,349,27.3,23,2.04109
2025-09-26T17:33:00,345,25.5,22,1.96833
2025-09-26T17:36:00,349,24.6,22,1.9921
2025-09-26T17:39:00,347,25,22,1.98154
2025-09-26T17:42:00,346,26.5,22,1.94191
2025-09-26T17:45:00,342,26.3,22,1.94719
2025-09-26T17:48:00,342,26.6,22,1.93926
2025-09-26T17:51:00,339,26.6,22,1.93926
2025-09-26T17:54:00,340,26.8,22,1.93398
2025-09-26T17:57:00,336,26.5,22,1.94191
2025-09-26T18:00:00,337,28.6,22,1.88642
2025-09-26T18:03:00,336,27.1,22,1.92605
2025-09-26T18:06:00,334,25.6,22,1.96568
2025-09-26T18:09:00,335,25.3,22,1.97361
2025-09-26T18:12:00,334,25.1,22,1.97889
2025-09-26T18:15:00,333,24.6,22,1.9921
2025-09-26T18:18:00,331,25.6,22,1.96568
2025-09-26T18:21:00,332,25.2,21,1.85889
2025-09-26T18:24:00,331,26.4,22,1.94455
2025-09-26T18:27:00,331,27.3,22,1.92077
2025-09-26T18:30:00,330,27.4,22,1.91813
2025-09-26T18:33:00,329,27.1,22,1.92605
2025-09-26T18:36:00,329,26.4,21,1.82907
2025-09-26T18:39:00,327,28,21,1.78931
2025-09-26T18:42:00,329,29.4,21,1.75452
2025-09-26T18:45:00,327,30.4,21,1.72967
2025-09-26T18:48:00,328,30.8,22,1.8283
2025-09-26T18:51:00,327,30.9,21,1.71724
2025-09-26T18:54:00,327,29.6,21,1.74955
2025-09-26T18:57:00,326,29.8,21,1.74458
2025-09-26T19:00:00,327,28.2,21,1.78434
2025-09-26T19:03:00,327,31.2,21,1.70979
2025-09-26T19:06:00,327,31.7,21,1.69736
2025-09-26T19:09:00,326,31.8,21,1.69487
2025-09-26T19:12:00,326,29.9,21,1.74209
2025-09-26T19:15:00,327,28.9,21,1.76694
2025-09-26T19:18:00,327,27.8,21,1.79428
2025-09-26T19:21:00,327,29.4,21,1.75452
2025-09-26T19:24:00,327,31.7,21,1.69736
2025-09-26T19:27:00,327,32.2,21,1.68493
2025-09-26T19:30:00,326,32.2,21,1.68493
2025-09-26T19:33:00,326,29.9,21,1.74209
2025-09-26T19:36:00,326,28.9,21,1.76694
2025-09-26T19:39:00,326,28.5,21,1.77688
2025-09-26T19:42:00,326,28.7,21,1.77191
2025-09-26T19:45:00,326,30.4,21,1.72967
2025-09-26T19:48:00,327,30.9,21,1.71724
2025-09-26T19:51:00,327,29.4,21,1.75452
2025-09-26T19:54:00,327,30.2,21,1.73464
2025-09-26T19:57:00,326,30.5,21,1.72718
2025-09-26T20:00:00,326,29,21,1.76446
2025-09-26T20:03:00,0,29.7,21,1.74706
2025-09-26T20:06:00,0,30,21,1.73961
2025-09-26T20:09:00,0,30.3,21,1.73215
2025-09-26T20:12:00,0,30.7,21,1.72221
2025-09-26T20:15:00,0,31.1,21,1.71227
2025-09-26T20:18:00,0,31.1,20,1.60983
2025-09-26T20:21:00,0,31.1,20,1.60983
2025-09-26T20:24:00,0,31.4,20,1.60282
2025-09-26T20:27:00,0,31.7,20,1.59582
2025-09-26T20:30:00,0,32.2,20,1.58413
2025-09-26T20:33:00,0,32.9,20,1.56778
2025-09-26T20:36:00,0,33.6,20,1.55142
2025-09-26T20:39:00,0,34.3,20,1.53507
2025-09-26T20:42:00,0,35.1,20,1.51638
2025-09-26T20:45:00,0,35.8,20,1.50002
2025-09-26T20:48:00,0,36.5,20,1.48366
2025-09-26T20:51:00,0,37.1,20,1.46965
2025-09-26T20:54:00,0,37.9,20,1.45095
2025-09-26T20:57:00,0,38.5,19,1.35033
2025-09-26T21:00:00,0,39.2,19,1.33496
2025-09-26T21:03:00,0,39.9,19,1.31959
2025-09-26T21:06:00,0,40.5,19,1.30642
2025-09-26T21:09:00,0,41.1,19,1.29324
2025-09-26T21:12:00,0,41.7,19,1.28007
2025-09-26T21:15:00,0,42.3,19,1.26689
2025-09-26T21:18:00,0,43,19,1.25152
2025-09-26T21:21:00,0,43.6,19,1.23835
2025-09-26T21:24:00,0,44.2,19,1.22518
2025-09-26T21:27:00,0,44.6,19,1.21639
2025-09-26T21:30:00,0,45.2,19,1.20322
2025-09-26T21:33:00,0,45.5,19,1.19663
2025-09-26T21:36:00,0,46.1,19,1.18346
2025-09-26T21:39:00,0,46.7,19,1.17029
2025-09-26T21:42:00,0,47.1,19,1.1615
2025-09-26T21:45:00,0,47.6,19,1.15052
2025-09-26T21:48:00,0,48.1,19,1.13955
2025-09-26T21:51:00,0,48.5,19,1.13076
2025-09-26T21:54:00,0,49.1,19,1.11759
2025-09-26T21:57:00,0,49.5,18,1.04148
2025-09-26T22:00:00,0,49.9,18,1.03323
2025-09-26T22:03:00,0,50.4,18,1.02292
2025-09-26T22:06:00,0,50.8,18,1.01467
2025-09-26T22:09:00,0,51.2,18,1.00642
2025-09-26T22:12:00,0,51.7,18,0.99611
2025-09-26T22:15:00,0,52,18,0.98992
2025-09-26T22:18:00,0,52.3,18,0.98373
2025-09-26T22:21:00,0,52.7,18,0.97548
2025-09-26T22:24:00,0,53,18,0.9693
2025-09-26T22:27:00,0,53.4,18,0.96105
2025-09-26T22:30:00,0,53.7,18,0.95486
2025-09-26T22:33:00,0,54,18,0.94867
2025-09-26T22:36:00,0,54.2,18,0.94455
2025-09-26T22:39:00,0,54.5,18,0.93836
2025-09-26T22:42:00,0,54.7,18,0.93424
2025-09-26T22:45:00,0,55.1,18,0.92599
2025-09-26T22:48:00,0,55.3,18,0.92186
2025-09-26T22:51:00,0,55.5,18,0.91774
2025-09-26T22:54:00,0,55.8,18,0.91155
2025-09-26T22:57:00,0,56,18,0.90743
2025-09-26T23:00:00,0,56.2,18,0.9033
2025-09-26T23:03:00,0,56.4,18,0.89918
2025-09-26T23:06:00,0,57.5,18,0.87649
2025-09-26T23:09:00,0,58.9,17,0.79576
2025-09-26T23:12:00,0,59.7,17,0.78027
2025-09-26T23:15:00,0,60.6,17,0.76285
2025-09-26T23:18:00,0,61.1,17,0.75317
2025-09-26T23:21:00,0,61.7,17,0.74155
2025-09-26T23:24:00,0,62.2,17,0.73187
2025-09-26T23:27:00,0,62.5,17,0.72606
2025-09-26T23:30:00,0,62.8,17,0.72025
2025-09-26T23:33:00,0,63.1,17,0.71444
2025-09-26T23:36:00,0,63.1,17,0.71444
2025-09-26T23:39:00,0,63.5,17,0.7067
2025-09-26T23:42:00,0,63.4,17,0.70864
2025-09-26T23:45:00,0,63.6,17,0.70476
2025-09-26T23:48:00,0,63.6,17,0.70476
2025-09-26T23:51:00,0,63.7,17,0.70283
2025-09-26T23:54:00,0,63.6,17,0.70476
2025-09-26T23:57:00,0,63.7,17,0.70283
2025-09-27T00:00:00,0,63.8,17,0.70089
2025-09-27T00:03:00,0,63.8,17,0.70089
2025-09-27T00:06:00,0,63.8,17,0.70089
2025-09-27T00:09:00,0,64,17,0.69702
2025-09-27T00:12:00,0,63.9,17,0.69895
2025-09-27T00:15:00,0,63.9,17,0.69895
2025-09-27T00:18:00,0,64,17,0.69702
2025-09-27T00:21:00,0,63.9,17,0.69895
2025-09-27T00:24:00,0,63.9,17,0.69895
2025-09-27T00:27:00,0,64,17,0.69702
2025-09-27T00:30:00,0,63.8,17,0.70089
2025-09-27T00:33:00,0,64.4,17,0.68927
2025-09-27T00:36:00,0,65.1,17,0.67572
2025-09-27T00:39:00,0,65.7,17,0.6641
2025-09-27T00:42:00,0,65.9,17,0.66023
2025-09-27T00:45:00,0,66.5,17,0.64861
2025-09-27T00:48:00,0,66.7,17,0.64474
2025-09-27T00:51:00,0,66.6,17,0.64668
2025-09-27T00:54:00,0,66.6,17,0.64668
2025-09-27T00:57:00,0,66.5,17,0.64861
2025-09-27T01:00:00,0,66.6,17,0.64668
2025-09-27T01:03:00,0,66.6,17,0.64668
2025-09-27T01:06:00,0,67.3,17,0.63313
2025-09-27T01:09:00,0,67.6,17,0.62732
2025-09-27T01:12:00,0,68,17,0.61957
2025-09-27T01:15:00,0,68.1,16,0.57957
2025-09-27T01:18:00,0,68.4,17,0.61183
2025-09-27T01:21:00,0,69.1,16,0.5614
2025-09-27T01:24:00,0,69.2,16,0.55958
2025-09-27T01:27:00,0,69.1,16,0.5614
2025-09-27T01:30:00,0,69.4,16,0.55595
2025-09-27T01:33:00,0,69.4,16,0.55595
2025-09-27T01:36:00,0,69.6,16,0.55231
2025-09-27T01:39:00,0,69.7,16,0.5505
2025-09-27T01:42:00,0,69.6,16,0.55231
2025-09-27T01:45:00,0,69.6,16,0.55231
2025-09-27T01:48:00,0,69.5,16,0.55413
2025-09-27T01:51:00,0,69.6,16,0.55231
2025-09-27T01:54:00,0,69.2,16,0.55958
2025-09-27T01:57:00,0,68.8,16,0.56685
2025-09-27T02:00:00,0,68.6,16,0.57048
2025-09-27T02:03:00,0,68.8,16,0.56685
2025-09-27T02:06:00,0,69.2,16,0.55958
2025-09-27T02:09:00,0,69.5,16,0.55413
2025-09-27T02:12:00,0,69.8,16,0.54868
2025-09-27T02:15:00,0,70,16,0.54505
2025-09-27T02:18:00,0,70.2,16,0.54141
2025-09-27T02:21:00,0,70,16,0.54505
2025-09-27T02:24:00,0,70,16,0.54505
2025-09-27T02:27:00,0,70,16,0.54505
2025-09-27T02:30:00,0,69.9,16,0.54686
2025-09-27T02:33:00,0,69.8,16,0.54868
2025-09-27T02:36:00,0,69.9,16,0.54686
2025-09-27T02:39:00,0,69.8,16,0.54868
2025-09-27T02:42:00,0,69.4,16,0.55595
2025-09-27T02:45:00,0,69.2,16,0.55958
2025-09-27T02:48:00,0,68.8,16,0.56685
2025-09-27T02:51:00,0,68.6,16,0.57048
2025-09-27T02:54:00,0,68.6,16,0.57048
2025-09-27T02:57:00,0,69.5,16,0.55413
2025-09-27T03:00:00,0,69,16,0.56321
2025-09-27T03:03:00,0,67.8,16,0.58502
2025-09-27T03:06:00,0,67,17,0.63893
2025-09-27T03:09:00,0,66.7,17,0.64474
2025-09-27T03:12:00,0,66.5,17,0.64861
2025-09-27T03:15:00,0,66.5,16,0.60863
2025-09-27T03:18:00,0,66.6,16,0.60682
2025-09-27T03:21:00,0,66.5,16,0.60863
2025-09-27T03:24:00,0,66.6,16,0.60682
2025-09-27T03:27:00,0,66.8,16,0.60318
2025-09-27T03:30:00,0,66.6,16,0.60682
2025-09-27T03:33:00,0,66.3,16,0.61227
2025-09-27T03:36:00,0,66,16,0.61772
2025-09-27T03:39:00,0,65.9,16,0.61954
2025-09-27T03:42:00,0,65.9,16,0.61954
2025-09-27T03:45:00,0,66.1,16,0.6159
2025-09-27T03:48:00,0,65.9,16,0.61954
2025-09-27T03:51:00,0,65.8,16,0.62135
2025-09-27T03:54:00,0,65.7,16,0.62317
2025-09-27T03:57:00,0,65.7,16,0.62317
2025-09-27T04:00:00,0,66.5,16,0.60863
2025-09-27T04:03:00,339,65.4,16,0.62862
2025-09-27T04:06:00,337,64,17,0.69702
2025-09-27T04:09:00,335,62.7,17,0.72219
2025-09-27T04:12:00,333,62,17,0.73574
2025-09-27T04:15:00,331,61.7,17,0.74155
2025-09-27T04:18:00,331,61.2,18,0.80019
2025-09-27T04:21:00,329,60.8,18,0.80843
2025-09-27T04:24:00,328,60.5,18,0.81462
2025-09-27T04:27:00,326,60.3,18,0.81875
2025-09-27T04:30:00,327,60.5,18,0.81462
2025-09-27T04:33:00,326,60,18,0.82493
2025-09-27T04:36:00,326,60,18,0.82493
2025-09-27T04:39:00,325,59.9,18,0.827
2025-09-27T04:42:00,324,59.6,18,0.83318
2025-09-27T04:45:00,326,59.6,18,0.83318
2025-09-27T04:48:00,324,59.4,18,0.83731
2025-09-27T04:51:00,323,59.4,18,0.83731
2025-09-27T04:54:00,323,59.2,18,0.84143
2025-09-27T04:57:00,325,59.2,18,0.84143
2025-09-27T05:00:00,323,59.4,18,0.83731
2025-09-27T05:03:00,325,59,18,0.84556
2025-09-27T05:06:00,323,59,19,0.90022
2025-09-27T05:09:00,325,59,19,0.90022
2025-09-27T05:12:00,323,58.9,19,0.90242
2025-09-27T05:15:00,324,58.6,19,0.909
2025-09-27T05:18:00,323,58.5,19,0.9112
2025-09-27T05:21:00,324,58.3,19,0.91559
2025-09-27T05:24:00,324,58.2,19,0.91778
2025-09-27T05:27:00,323,58.4,19,0.91339
2025-09-27T05:30:00,324,58.3,19,0.91559
2025-09-27T05:33:00,324,58.3,19,0.91559
2025-09-27T05:36:00,325,58.2,19,0.91778
2025-09-27T05:39:00,323,58,19,0.92218
2025-09-27T05:42:00,325,58.2,19,0.91778
2025-09-27T05:45:00,323,58.1,19,0.91998
2025-09-27T05:48:00,323,58.2,19,0.91778
2025-09-27T05:51:00,325,58.1,19,0.91998
2025-09-27T05:54:00,325,58.1,19,0.91998
2025-09-27T05:57:00,324,58.1,19,0.91998
2025-09-27T06:00:00,326,58,19,0.92218
2025-09-27T06:03:00,325,57.8,19,0.92657
2025-09-27T06:06:00,325,57.7,19,0.92876
2025-09-27T06:09:00,326,57.7,19,0.92876
2025-09-27T06:12:00,324,57.6,19,0.93096
2025-09-27T06:15:00,325,57.8,19,0.92657
2025-09-27T06:18:00,326,57.8,19,0.92657
2025-09-27T06:21:00,325,57.7,19,0.92876
2025-09-27T06:24:00,325,57.8,19,0.92657
2025-09-27T06:27:00,326,57.5,19,0.93315
2025-09-27T06:30:00,325,57.6,19,0.93096
2025-09-27T06:33:00,325,57.5,19,0.93315
2025-09-27T06:36:00,324,57.7,19,0.92876
2025-09-27T06:39:00,325,57.8,19,0.92657
2025-09-27T06:42:00,325,57.6,19,0.93096
2025-09-27T06:45:00,326,57.5,19,0.93315
2025-09-27T06:48:00,325,57.6,19,0.93096
2025-09-27T06:51:00,324,57.6,19,0.93096
2025-09-27T06:54:00,325,57.7,19,0.92876
2025-09-27T06:57:00,326,57.6,19,0.93096
2025-09-27T07:00:00,324,57.4,19,0.93535
2025-09-27T07:03:00,326,57.2,19,0.93974
2025-09-27T07:06:00,326,57.3,19,0.93755
2025-09-27T07:09:00,326,57.4,19,0.93535
2025-09-27T07:12:00,327,57.2,19,0.93974
2025-09-27T07:15:00,327,57.3,19,0.93755
2025-09-27T07:18:00,327,57.3,19,0.93755
2025-09-27T07:21:00,328,57.4,19,0.93535
2025-09-27T07:24:00,329,57.4,20,0.99534
2025-09-27T07:27:00,328,57.2,20,1.00001
2025-09-27T07:30:00,329,57.3,20,0.99768
2025-09-27T07:33:00,329,57.2,20,1.00001
2025-09-27T07:36:00,331,57.1,20,1.00235
2025-09-27T07:39:00,329,57.2,20,1.00001
2025-09-27T07:42:00,330,57.3,20,0.99768
2025-09-27T07:45:00,331,57.1,20,1.00235
2025-09-27T07:48:00,332,57.1,20,1.00235
2025-09-27T07:51:00,332,57.2,20,1.00001
2025-09-27T07:54:00,332,57,20,1.00469
2025-09-27T07:57:00,332,57,20,1.00469
2025-09-27T08:00:00,331,57,20,1.00469
2025-09-27T08:03:00,332,57.2,20,1.00001
2025-09-27T08:06:00,331,57.2,20,1.00001
2025-09-27T08:09:00,333,57.2,20,1.00001
2025-09-27T08:12:00,333,57.2,20,1.00001
2025-09-27T08:15:00,334,57.4,20,0.99534
2025-09-27T08:18:00,334,57.3,20,0.99768
2025-09-27T08:21:00,334,57.3,20,0.99768
2025-09-27T08:24:00,334,57.4,20,0.99534
2025-09-27T08:27:00,334,57.2,20,1.00001
2025-09-27T08:30:00,334,57.4,20,0.99534
2025-09-27T08:33:00,334,57.6,20,0.99067
2025-09-27T08:36:00,335,57.6,20,0.99067
2025-09-27T08:39:00,335,57.5,20,0.993
2025-09-27T08:42:00,334,57.6,20,0.99067
2025-09-27T08:45:00,334,57.6,20,0.99067
2025-09-27T08:48:00,336,57.8,20,0.98599
2025-09-27T08:51:00,336,57.9,21,1.04625
2025-09-27T08:54:00,335,57.6,21,1.05371
2025-09-27T08:57:00,336,56,21,1.09347
2025-09-27T09:00:00,336,54.1,20,1.07244
2025-09-27T09:03:00,336,54.4,20,1.06543
2025-09-27T09:06:00,337,53.8,20,1.07945
2025-09-27T09:09:00,336,53.2,20,1.09347
2025-09-27T09:12:00,336,52.5,20,1.10983
2025-09-27T09:15:00,336,52,20,1.12151
2025-09-27T09:18:00,336,51.2,20,1.1402
2025-09-27T09:21:00,337,50.3,20,1.16123
2025-09-27T09:24:00,340,49.6,20,1.17759
2025-09-27T09:27:00,344,50.3,21,1.23512
2025-09-27T09:30:00,350,50.4,21,1.23264
2025-09-27T09:33:00,367,50.2,21,1.23761
2025-09-27T09:36:00,386,50.1,21,1.24009
2025-09-27T09:39:00,454,49.1,22,1.3448
2025-09-27T09:42:00,498,47,22,1.40029
2025-09-27T09:45:00,512,45,22,1.45313
2025-09-27T09:48:00,524,44.3,23,1.5638
2025-09-27T09:51:00,523,43.2,23,1.59469
2025-09-27T09:54:00,515,42.5,23,1.61434
2025-09-27T09:57:00,512,41.7,23,1.6368
2025-09-27T10:00:00,515,39.1,23,1.70979
2025-09-27T10:03:00,513,38.4,23,1.72945
2025-09-27T10:06:00,515,37.9,23,1.74349
2025-09-27T10:09:00,514,36.4,23,1.7856
2025-09-27T10:12:00,520,36.5,23,1.78279
2025-09-27T10:15:00,516,34.7,23,1.83333
2025-09-27T10:18:00,509,34.4,23,1.84175
2025-09-27T10:21:00,502,34,23,1.85298
2025-09-27T10:24:00,487,33.1,22,1.76753
2025-09-27T10:27:00,479,33,23,1.88106
2025-09-27T10:30:00,471,32,23,1.90913
2025-09-27T10:33:00,469,32,22,1.79659
2025-09-27T10:36:00,454,31.9,22,1.79923
2025-09-27T10:39:00,452,30.4,23,1.95405
2025-09-27T10:42:00,465,30.4,23,1.95405
2025-09-27T10:45:00,475,30.2,23,1.95967
2025-09-27T10:48:00,495,29.4,23,1.98213
2025-09-27T10:51:00,454,29.7,22,1.85736
2025-09-27T10:54:00,456,29.7,22,1.85736
2025-09-27T10:57:00,453,29.6,23,1.97651
2025-09-27T11:00:00,460,29.1,22,1.87321
2025-09-27T11:03:00,491,28.3,22,1.89435
2025-09-27T11:06:00,441,28,23,2.02143
2025-09-27T11:09:00,417,39.6,22,1.5958
2025-09-27T11:12:00,432,46.1,22,1.42406
2025-09-27T11:15:00,476,45.9,22,1.42935
2025-09-27T11:18:00,466,47.5,21,1.30471
2025-09-27T11:21:00,506,47.8,22,1.37915
2025-09-27T11:24:00,487,45.7,21,1.34944
2025-09-27T11:27:00,445,45.1,21,1.36435
2025-09-27T11:30:00,481,46.1,20,1.25936
2025-09-27T11:33:00,490,48.4,20,1.20562
2025-09-27T11:36:00,432,45.8,22,1.43199
2025-09-27T11:39:00,424,45.1,22,1.45048
2025-09-27T11:42:00,424,44,22,1.47955
2025-09-27T11:45:00,437,43.7,21,1.39914
2025-09-27T11:48:00,421,43.9,21,1.39417
2025-09-27T11:51:00,400,46.2,21,1.33701
2025-09-27T11:54:00,413,44.8,21,1.3718
2025-09-27T11:57:00,416,42.6,22,1.51654
2025-09-27T12:00:00,416,42.3,21,1.43393
2025-09-27T12:03:00,408,42.6,21,1.42648
2025-09-27T12:06:00,408,41.3,21,1.45879
2025-09-27T12:09:00,398,40,21,1.49109
2025-09-27T12:12:00,399,36.9,21,1.56813
2025-09-27T12:15:00,393,36.5,22,1.6777
2025-09-27T12:18:00,391,34.7,21,1.62281
2025-09-27T12:21:00,402,33.3,22,1.76225
2025-09-27T12:24:00,394,30.8,23,1.94282
2025-09-27T12:27:00,393,44.3,20,1.30142
2025-09-27T12:30:00,378,47.5,20,1.22665
2025-09-27T12:33:00,384,45.2,22,1.44784
2025-09-27T12:36:00,397,50,20,1.16824
2025-09-27T12:39:00,381,47.7,21,1.29974
2025-09-27T12:42:00,383,49,21,1.26743
2025-09-27T12:45:00,397,49.2,21,1.26246
2025-09-27T12:48:00,381,49,21,1.26743
2025-09-27T12:51:00,386,49.3,21,1.25997
2025-09-27T12:54:00,390,49,21,1.26743
2025-09-27T12:57:00,374,50.2,21,1.23761
2025-09-27T13:00:00,382,49.8,21,1.24755
2025-09-27T13:03:00,389,49,22,1.34744
2025-09-27T13:06:00,392,49.4,21,1.25749
2025-09-27T13:09:00,397,48.9,21,1.26991
2025-09-27T13:12:00,388,46.9,22,1.40293
2025-09-27T13:15:00,388,46.2,22,1.42142
2025-09-27T13:18:00,392,47.5,21,1.30471
2025-09-27T13:21:00,397,44.6,22,1.46369
2025-09-27T13:24:00,406,43.4,22,1.4954
2025-09-27T13:27:00,399,41.8,22,1.53767
2025-09-27T13:30:00,397,39.1,22,1.60901
2025-09-27T13:33:00,392,37.8,22,1.64335
2025-09-27T13:36:00,389,36.1,22,1.68827
2025-09-27T13:39:00,387,32.6,22,1.78074
2025-09-27T13:42:00,386,30.2,22,1.84415
2025-09-27T13:45:00,391,30.3,23,1.95686
2025-09-27T13:48:00,387,35.5,23,1.81087
2025-09-27T13:51:00,392,43.7,20,1.31544
2025-09-27T13:54:00,389,47.3,21,1.30968
2025-09-27T13:57:00,383,47.4,21,1.30719
2025-09-27T14:00:00,387,48.3,21,1.28482
2025-09-27T14:03:00,382,47.4,21,1.30719
2025-09-27T14:06:00,379,47.4,21,1.30719
2025-09-27T14:09:00,376,47.8,21,1.29725
2025-09-27T14:12:00,369,47.7,21,1.29974
2025-09-27T14:15:00,377,46.7,21,1.32459
2025-09-27T14:18:00,389,45,22,1.45313
2025-09-27T14:21:00,389,46.7,21,1.32459
2025-09-27T14:24:00,391,46,22,1.42671
2025-09-27T14:27:00,394,46.5,21,1.32956
2025-09-27T14:30:00,395,45.6,21,1.35192
2025-09-27T14:33:00,392,45.1,22,1.45048
2025-09-27T14:36:00,394,44.9,21,1.36932
2025-09-27T14:39:00,389,43.4,22,1.4954
2025-09-27T14:42:00,383,43.4,22,1.4954
2025-09-27T14:45:00,376,40.9,22,1.56145
2025-09-27T14:48:00,369,39.3,22,1.60372
2025-09-27T14:51:00,366,39.8,22,1.59051
2025-09-27T14:54:00,364,36,22,1.69091
2025-09-27T14:57:00,364,34.1,22,1.74111
2025-09-27T15:00:00,367,31.2,23,1.93159
2025-09-27T15:03:00,372,29.4,23,1.98213
2025-09-27T15:06:00,368,28.9,22,1.8785
2025-09-27T15:09:00,369,27.5,22,1.91548
2025-09-27T15:12:00,371,26.9,23,2.05232
2025-09-27T15:15:00,377,24.4,23,2.1225
2025-09-27T15:18:00,379,19.9,23,2.24884
2025-09-27T15:21:00,383,22.8,23,2.16742
2025-09-27T15:24:00,374,24.2,23,2.12812
2025-09-27T15:27:00,380,21.6,23,2.20112
2025-09-27T15:30:00,375,20.3,22,2.10571
2025-09-27T15:33:00,363,39.8,21,1.49606
2025-09-27T15:36:00,363,42.8,21,1.42151
2025-09-27T15:39:00,366,43.1,21,1.41405
2025-09-27T15:42:00,367,45.8,21,1.34695
2025-09-27T15:45:00,359,43.6,21,1.40163
2025-09-27T15:48:00,354,43.3,21,1.40908
2025-09-27T15:51:00,352,44.8,20,1.28974
2025-09-27T15:54:00,352,43.4,21,1.4066
2025-09-27T15:57:00,351,41.9,22,1.53503
2025-09-27T16:00:00,353,42,21,1.44139
2025-09-27T16:03:00,366,41.9,22,1.53503
2025-09-27T16:06:00,371,41.1,22,1.55617
2025-09-27T16:09:00,366,40.7,21,1.4737
2025-09-27T16:12:00,386,40.5,22,1.57202
2025-09-27T16:15:00,364,41.1,21,1.46376
2025-09-27T16:18:00,371,39.9,22,1.58787
2025-09-27T16:21:00,363,39.3,22,1.60372
2025-09-27T16:24:00,362,39.9,22,1.58787
2025-09-27T16:27:00,367,38.8,22,1.61693
2025-09-27T16:30:00,358,39.2,22,1.60637
2025-09-27T16:33:00,358,37.9,22,1.64071
2025-09-27T16:36:00,361,38.3,22,1.63014
2025-09-27T16:39:00,372,36.7,22,1.67242
2025-09-27T16:42:00,355,36.7,22,1.67242
2025-09-27T16:45:00,353,37.1,22,1.66185
2025-09-27T16:48:00,349,34.8,22,1.72262
2025-09-27T16:51:00,347,34.9,22,1.71997
2025-09-27T16:54:00,347,31,22,1.82301
2025-09-27T16:57:00,347,30.6,22,1.83358
2025-09-27T17:00:00,348,29.4,22,1.86529
2025-09-27T17:03:00,349,31.5,22,1.8098
2025-09-27T17:06:00,349,28.8,22,1.88114
2025-09-27T17:09:00,347,29.7,22,1.85736
2025-09-27T17:12:00,349,27.8,22,1.90756
2025-09-27T17:15:00,350,28.2,22,1.89699
2025-09-27T17:18:00,349,27.8,22,1.90756
2025-09-27T17:21:00,349,27.2,22,1.92341
2025-09-27T17:24:00,351,27.5,22,1.91548
2025-09-27T17:27:00,350,26.7,22,1.93662
2025-09-27T17:30:00,350,26.4,22,1.94455
2025-09-27T17:33:00,359,26.5,22,1.94191
2025-09-27T17:36:00,356,26.2,22,1.94983
2025-09-27T17:39:00,355,25.1,22,1.97889
2025-09-27T17:42:00,350,24.6,22,1.9921
2025-09-27T17:45:00,346,24.5,22,1.99475
2025-09-27T17:48:00,345,24.6,22,1.9921
2025-09-27T17:51:00,342,24.3,22,2.00003
2025-09-27T17:54:00,340,24.1,22,2.00531
2025-09-27T17:57:00,336,24.5,22,1.99475
2025-09-27T18:00:00,335,24.7,22,1.98946
2025-09-27T18:03:00,334,25.1,22,1.97889
2025-09-27T18:06:00,334,25,22,1.98154
2025-09-27T18:09:00,333,25.3,22,1.97361
2025-09-27T18:12:00,332,25.7,22,1.96304
2025-09-27T18:15:00,329,25.9,22,1.95776
2025-09-27T18:18:00,329,26.1,21,1.83653
2025-09-27T18:21:00,329,26.5,21,1.82659
2025-09-27T18:24:00,326,27.3,21,1.80671
2025-09-27T18:27:00,327,27.1,21,1.81168
2025-09-27T18:30:00,327,27.8,21,1.79428
2025-09-27T18:33:00,327,27.7,21,1.79677
2025-09-27T18:36:00,326,28,21,1.78931
2025-09-27T18:39:00,326,28.8,21,1.76943
2025-09-27T18:42:00,326,29.8,21,1.74458
2025-09-27T18:45:00,326,29.2,21,1.75949
2025-09-27T18:48:00,325,29.4,21,1.75452
2025-09-27T18:51:00,324,29.4,21,1.75452
2025-09-27T18:54:00,326,30,21,1.73961
2025-09-27T18:57:00,326,29.9,21,1.74209
2025-09-27T19:00:00,326,29.9,21,1.74209
2025-09-27T19:03:00,324,30.8,21,1.71973
2025-09-27T19:06:00,326,30.5,21,1.72718
2025-09-27T19:09:00,324,30.8,21,1.71973
2025-09-27T19:12:00,326,31.5,21,1.70233
2025-09-27T19:15:00,326,31.6,21,1.69984
2025-09-27T19:18:00,326,31.3,21,1.7073
2025-09-27T19:21:00,326,31.8,21,1.69487
2025-09-27T19:24:00,326,31.9,21,1.69239
2025-09-27T19:27:00,326,32.1,21,1.68742
2025-09-27T19:30:00,327,32.2,22,1.79131
2025-09-27T19:33:00,327,32.6,22,1.78074
2025-09-27T19:36:00,326,32.5,22,1.78338
2025-09-27T19:39:00,327,32.4,22,1.78602
2025-09-27T19:42:00,328,32.6,21,1.67499
2025-09-27T19:45:00,327,32.6,21,1.67499
2025-09-27T19:48:00,326,32.4,22,1.78602
2025-09-27T19:51:00,327,32.2,22,1.79131
2025-09-27T19:54:00,328,31.9,22,1.79923
2025-09-27T19:57:00,326,32.4,21,1.67996
2025-09-27T20:00:00,326,32.4,21,1.67996
2025-09-27T20:03:00,0,32.8,21,1.67002
2025-09-27T20:06:00,0,32.6,21,1.67499
2025-09-27T20:09:00,0,32.6,21,1.67499
2025-09-27T20:12:00,0,32.7,21,1.67251
2025-09-27T20:15:00,0,33.1,21,1.66257
2025-09-27T20:18:00,0,33.2,21,1.66008
2025-09-27T20:21:00,0,33.4,21,1.65511
2025-09-27T20:24:00,0,33.9,21,1.64269
2025-09-27T20:27:00,0,34.4,21,1.63026
2025-09-27T20:30:00,0,34.9,21,1.61783
2025-09-27T20:33:00,0,35.5,21,1.60292
2025-09-27T20:36:00,0,36,21,1.5905
2025-09-27T20:39:00,0,36.5,21,1.57807
2025-09-27T20:42:00,0,37.1,21,1.56316
2025-09-27T20:45:00,0,37.7,20,1.45563
2025-09-27T20:48:00,0,38.3,20,1.44161
2025-09-27T20:51:00,0,38.9,20,1.42759
2025-09-27T20:54:00,0,39.4,20,1.41591
2025-09-27T20:57:00,0,40.2,20,1.39721
2025-09-27T21:00:00,0,40.6,20,1.38787
2025-09-27T21:03:00,0,41.3,20,1.37151
2025-09-27T21:06:00,0,41.8,20,1.35983
2025-09-27T21:09:00,0,42.3,20,1.34815
2025-09-27T21:12:00,0,43,20,1.33179
2025-09-27T21:15:00,0,43.6,20,1.31777
2025-09-27T21:18:00,0,44.1,20,1.30609
2025-09-27T21:21:00,0,44.6,20,1.29441
2025-09-27T21:24:00,0,45.1,20,1.28273
2025-09-27T21:27:00,0,45.6,20,1.27104
2025-09-27T21:30:00,0,46.1,20,1.25936
2025-09-27T21:33:00,0,46.6,20,1.24768
2025-09-27T21:36:00,0,47.1,19,1.1615
2025-09-27T21:39:00,0,47.5,19,1.15272
2025-09-27T21:42:00,0,48.1,19,1.13955
2025-09-27T21:45:00,0,48.6,19,1.12857
2025-09-27T21:48:00,0,49,19,1.11979
2025-09-27T21:51:00,0,49.3,19,1.1132
2025-09-27T21:54:00,0,49.4,19,1.111
2025-09-27T21:57:00,0,49.7,19,1.10442
2025-09-27T22:00:00,0,50.2,19,1.09344
2025-09-27T22:03:00,0,50.7,19,1.08246
2025-09-27T22:06:00,0,51,19,1.07587
2025-09-27T22:09:00,0,51.7,19,1.0605
2025-09-27T22:12:00,0,51.9,19,1.05611
2025-09-27T22:15:00,0,52.4,19,1.04513
2025-09-27T22:18:00,0,52.8,19,1.03635
2025-09-27T22:21:00,0,53.2,19,1.02757
2025-09-27T22:24:00,0,53.7,19,1.01659
2025-09-27T22:27:00,0,53.9,19,1.0122
2025-09-27T22:30:00,0,54.3,19,1.00342
2025-09-27T22:33:00,0,54.7,19,0.99463
2025-09-27T22:36:00,0,55.1,19,0.98585
2025-09-27T22:39:00,0,55.5,19,0.97707
2025-09-27T22:42:00,0,55.7,19,0.97268
2025-09-27T22:45:00,0,56.1,19,0.96389
2025-09-27T22:48:00,0,56.4,19,0.95731
2025-09-27T22:51:00,0,56.7,19,0.95072
2025-09-27T22:54:00,0,57,19,0.94413
2025-09-27T22:57:00,0,57.3,19,0.93755
2025-09-27T23:00:00,0,57.5,19,0.93315
2025-09-27T23:03:00,0,57.8,19,0.92657
2025-09-27T23:06:00,0,58.7,19,0.90681
2025-09-27T23:09:00,0,60,18,0.82493
2025-09-27T23:12:00,0,60.8,18,0.80843
2025-09-27T23:15:00,0,61.6,18,0.79194
2025-09-27T23:18:00,0,62.3,18,0.7775
2025-09-27T23:21:00,0,62.8,18,0.76719
2025-09-27T23:24:00,0,63.4,18,0.75481
2025-09-27T23:27:00,0,63.7,18,0.74863
2025-09-27T23:30:00,0,64.1,18,0.74038
2025-09-27T23:33:00,0,64.4,18,0.73419
2025-09-27T23:36:00,0,64.5,18,0.73213
2025-09-27T23:39:00,0,64.9,18,0.72388
2025-09-27T23:42:00,0,65.1,18,0.71975
2025-09-27T23:45:00,0,65.2,18,0.71769
2025-09-27T23:48:00,0,65.4,18,0.71357
2025-09-27T23:51:00,0,65.5,18,0.7115
2025-09-27T23:54:00,0,65.7,18,0.70738
2025-09-27T23:57:00,0,65.8,18,0.70532
2025-09-28T00:00:00,0,65.9,18,0.70326
2025-09-28T00:03:00,0,66,18,0.70119
2025-09-28T00:06:00,0,66.1,18,0.69913
2025-09-28T00:09:00,0,66.1,18,0.69913
2025-09-28T00:12:00,0,66.2,18,0.69707
2025-09-28T00:15:00,0,66.1,18,0.69913
2025-09-28T00:18:00,0,66.2,18,0.69707
2025-09-28T00:21:00,0,66.3,18,0.69501
2025-09-28T00:24:00,0,66.3,18,0.69501
2025-09-28T00:27:00,0,66.5,18,0.69088
2025-09-28T00:30:00,0,66.5,18,0.69088
2025-09-28T00:33:00,0,67,18,0.68057
2025-09-28T00:36:00,0,67.8,18,0.66407
2025-09-28T00:39:00,0,68.3,18,0.65376
2025-09-28T00:42:00,0,68.8,18,0.64345
2025-09-28T00:45:00,0,69.1,18,0.63726
2025-09-28T00:48:00,0,69.4,18,0.63107
2025-09-28T00:51:00,0,69.6,18,0.62695
2025-09-28T00:54:00,0,69.8,18,0.62282
2025-09-28T00:57:00,0,70.1,18,0.61664
2025-09-28T01:00:00,0,70.2,18,0.61458
2025-09-28T01:03:00,0,70.2,18,0.61458
2025-09-28T01:06:00,0,70.9,18,0.60014
2025-09-28T01:09:00,0,71.3,18,0.59189
2025-09-28T01:12:00,0,71.7,18,0.58364
2025-09-28T01:15:00,0,72,18,0.57745
2025-09-28T01:18:00,0,72.3,18,0.57127
2025-09-28T01:21:00,0,72.9,18,0.55889
2025-09-28T01:24:00,0,73.1,18,0.55477
2025-09-28T01:27:00,0,73.4,17,0.51502
2025-09-28T01:30:00,0,73.6,17,0.51115
2025-09-28T01:33:00,0,73.6,17,0.51115
2025-09-28T01:36:00,0,73.7,17,0.50921
2025-09-28T01:39:00,0,73.7,17,0.50921
2025-09-28T01:42:00,0,73.9,17,0.50534
2025-09-28T01:45:00,0,74,17,0.5034
2025-09-28T01:48:00,0,73.9,17,0.50534
2025-09-28T01:51:00,0,74.1,17,0.50147
2025-09-28T01:54:00,0,74,17,0.5034
2025-09-28T01:57:00,0,74,17,0.5034
2025-09-28T02:00:00,0,74.2,17,0.49953
2025-09-28T02:03:00,0,74.4,17,0.49566
2025-09-28T02:06:00,0,74.7,17,0.48985
2025-09-28T02:09:00,0,75,17,0.48404
2025-09-28T02:12:00,0,75,17,0.48404
2025-09-28T02:15:00,0,75.2,17,0.48017
2025-09-28T02:18:00,0,75.3,17,0.47823
2025-09-28T02:21:00,0,75.3,17,0.47823
2025-09-28T02:24:00,0,75.3,17,0.47823
2025-09-28T02:27:00,0,75.3,17,0.47823
2025-09-28T02:30:00,0,75.4,17,0.4763
2025-09-28T02:33:00,0,75.4,17,0.4763
2025-09-28T02:36:00,0,75.3,17,0.47823
2025-09-28T02:39:00,0,75.3,17,0.47823
2025-09-28T02:42:00,0,75.4,17,0.4763
2025-09-28T02:45:00,0,75.3,17,0.47823
2025-09-28T02:48:00,0,75.2,17,0.48017
2025-09-28T02:51:00,0,75.2,17,0.48017
2025-09-28T02:54:00,0,75.2,17,0.48017
2025-09-28T02:57:00,0,75.2,17,0.48017
2025-09-28T03:00:00,0,75.1,17,0.4821
2025-09-28T03:03:00,0,75.1,17,0.4821
2025-09-28T03:06:00,0,75,17,0.48404
2025-09-28T03:09:00,0,75,17,0.48404
2025-09-28T03:12:00,0,75,17,0.48404
2025-09-28T03:15:00,0,74.8,17,0.48791
2025-09-28T03:18:00,0,74.8,17,0.48791
2025-09-28T03:21:00,0,74.9,17,0.48598
2025-09-28T03:24:00,0,74.6,17,0.49179
2025-09-28T03:27:00,0,74.6,17,0.49179
2025-09-28T03:30:00,0,74.5,17,0.49372
2025-09-28T03:33:00,0,74.4,17,0.49566
2025-09-28T03:36:00,0,74.4,17,0.49566
2025-09-28T03:39:00,0,74.3,17,0.49759
2025-09-28T03:42:00,0,74.2,17,0.49953
2025-09-28T03:45:00,0,74.1,17,0.50147
2025-09-28T03:48:00,0,74.2,17,0.49953
2025-09-28T03:51:00,0,74.1,17,0.50147
2025-09-28T03:54:00,0,74.1,17,0.50147
2025-09-28T03:57:00,0,73.9,17,0.50534
2025-09-28T04:00:00,10,73.9,17,0.50534
2025-09-28T04:03:00,340,73.3,17,0.51696
2025-09-28T04:06:00,338,72.6,17,0.53051
2025-09-28T04:09:00,335,71.9,17,0.54406
2025-09-28T04:12:00,334,71.3,17,0.55568
2025-09-28T04:15:00,331,70.6,18,0.60633
2025-09-28T04:18:00,330,70.2,18,0.61458
2025-09-28T04:21:00,328,69.9,18,0.62076
2025-09-28T04:24:00,328,69.4,18,0.63107
2025-09-28T04:27:00,328,69,18,0.63932
2025-09-28T04:30:00,328,68.6,18,0.64757
2025-09-28T04:33:00,326,68.3,18,0.65376
2025-09-28T04:36:00,326,68,19,0.70261
2025-09-28T04:39:00,326,67.6,19,0.71139
2025-09-28T04:42:00,327,67.4,19,0.71578
2025-09-28T04:45:00,326,67.1,19,0.72237
2025-09-28T04:48:00,324,67,19,0.72457
2025-09-28T04:51:00,326,66.7,19,0.73115
2025-09-28T04:54:00,325,66.5,19,0.73555
2025-09-28T04:57:00,324,66.1,19,0.74433
2025-09-28T05:00:00,324,66.2,19,0.74213
2025-09-28T05:03:00,326,66,19,0.74652
2025-09-28T05:06:00,324,65.6,19,0.75531
2025-09-28T05:09:00,325,65.5,19,0.7575
2025-09-28T05:12:00,325,65.5,20,0.80609
2025-09-28T05:15:00,326,63.6,20,0.85048
2025-09-28T05:18:00,325,61.9,19,0.83655
2025-09-28T05:21:00,325,60.7,19,0.86289
2025-09-28T05:24:00,325,59.9,19,0.88046
2025-09-28T05:27:00,325,58.7,19,0.90681
2025-09-28T05:30:00,325,57.4,19,0.93535
2025-09-28T05:33:00,325,56.4,19,0.95731
2025-09-28T05:36:00,325,55.7,19,0.97268
2025-09-28T05:39:00,325,55.2,19,0.98365
2025-09-28T05:42:00,326,54.6,19,0.99683
2025-09-28T05:45:00,325,53.9,19,1.0122
2025-09-28T05:48:00,324,53.7,19,1.01659
2025-09-28T05:51:00,325,53.2,19,1.02757
2025-09-28T05:54:00,323,52.7,19,1.03855
2025-09-28T05:57:00,324,52.6,19,1.04074
2025-09-28T06:00:00,324,52.5,19,1.04294
2025-09-28T06:03:00,325,52.7,19,1.03855
2025-09-28T06:06:00,326,53.2,19,1.02757
2025-09-28T06:09:00,325,53.3,19,1.02537
2025-09-28T06:12:00,325,52.8,19,1.03635
2025-09-28T06:15:00,325,52.4,19,1.04513
2025-09-28T06:18:00,325,51.7,19,1.0605
2025-09-28T06:21:00,325,52.2,19,1.04952
2025-09-28T06:24:00,325,52.6,20,1.10749
2025-09-28T06:27:00,325,53.1,20,1.09581
2025-09-28T06:30:00,324,52.8,20,1.10282
2025-09-28T06:33:00,326,52.4,20,1.11216
2025-09-28T06:36:00,326,51.5,20,1.13319
2025-09-28T06:39:00,324,51,20,1.14487
2025-09-28T06:42:00,325,51.3,19,1.06929
2025-09-28T06:45:00,325,51.8,20,1.12618
2025-09-28T06:48:00,326,51.9,20,1.12385
2025-09-28T06:51:00,326,52.2,20,1.11684
2025-09-28T06:54:00,326,52.6,20,1.10749
2025-09-28T06:57:00,326,53.1,20,1.09581
2025-09-28T07:00:00,327,53.7,20,1.08179
2025-09-28T07:03:00,326,53.9,20,1.07712
2025-09-28T07:06:00,326,54.4,20,1.06543
2025-09-28T07:09:00,326,53.2,20,1.09347
2025-09-28T07:12:00,326,52.1,20,1.11917
2025-09-28T07:15:00,328,52.1,20,1.11917
2025-09-28T07:18:00,328,52.5,20,1.10983
2025-09-28T07:21:00,328,52.8,20,1.10282
2025-09-28T07:24:00,328,53.1,20,1.09581
2025-09-28T07:27:00,330,53.2,20,1.09347
2025-09-28T07:30:00,330,53.6,20,1.08413
2025-09-28T07:33:00,329,53.8,20,1.07945
2025-09-28T07:36:00,330,54.1,20,1.07244
2025-09-28T07:39:00,331,54.3,20,1.06777
2025-09-28T07:42:00,331,54.4,20,1.06543
2025-09-28T07:45:00,333,54.1,20,1.07244
2025-09-28T07:48:00,332,52.4,20,1.11216
2025-09-28T07:51:00,331,52.6,20,1.10749
2025-09-28T07:54:00,332,53,20,1.09815
2025-09-28T07:57:00,334,53.2,20,1.09347
2025-09-28T08:00:00,334,53.8,20,1.07945
2025-09-28T08:03:00,334,53.9,20,1.07712
2025-09-28T08:06:00,334,54.4,20,1.06543
2025-09-28T08:09:00,334,54.2,20,1.07011
2025-09-28T08:12:00,336,53,20,1.09815
2025-09-28T08:15:00,336,51.9,20,1.12385
2025-09-28T08:18:00,336,52.1,20,1.11917
2025-09-28T08:21:00,336,52.6,21,1.17796
2025-09-28T08:24:00,336,52.9,21,1.17051
2025-09-28T08:27:00,336,52.3,21,1.18542
2025-09-28T08:30:00,337,51.8,21,1.19784
2025-09-28T08:33:00,337,51.7,21,1.20033
2025-09-28T08:36:00,338,51,21,1.21773
2025-09-28T08:39:00,337,50.9,21,1.22021
2025-09-28T08:42:00,338,50.6,21,1.22767
2025-09-28T08:45:00,338,50.6,21,1.22767
2025-09-28T08:48:00,338,50.5,21,1.23015
2025-09-28T08:51:00,338,50,21,1.24258
2025-09-28T08:54:00,339,49.6,21,1.25252
2025-09-28T08:57:00,338,49.5,21,1.255
2025-09-28T09:00:00,339,49.4,21,1.25749
2025-09-28T09:03:00,339,48.7,21,1.27488
2025-09-28T09:06:00,339,48.9,21,1.26991
2025-09-28T09:09:00,337,48.7,21,1.27488
2025-09-28T09:12:00,339,48.7,21,1.27488
2025-09-28T09:15:00,339,48.7,21,1.27488
2025-09-28T09:18:00,342,48.9,21,1.26991
2025-09-28T09:21:00,342,49,21,1.26743
2025-09-28T09:24:00,346,48.5,22,1.36065
2025-09-28T09:27:00,345,48.4,22,1.3633
2025-09-28T09:30:00,354,48,22,1.37386
2025-09-28T09:33:00,369,47,22,1.40029
2025-09-28T09:36:00,402,45,22,1.45313
2025-09-28T09:39:00,443,43.3,23,1.59188
2025-09-28T09:42:00,472,41.3,23,1.64803
2025-09-28T09:45:00,490,40.2,23,1.67891
2025-09-28T09:48:00,502,37.3,23,1.76033
2025-09-28T09:51:00,501,36.1,23,1.79402
2025-09-28T09:54:00,489,35.3,22,1.7094
2025-09-28T09:57:00,491,34.6,23,1.83613
2025-09-28T10:00:00,501,32.8,23,1.88667
2025-09-28T10:03:00,493,31.5,23,1.92317
2025-09-28T10:06:00,490,31.3,23,1.92878
2025-09-28T10:09:00,493,31.8,22,1.80188
2025-09-28T10:12:00,494,29.9,23,1.96809
2025-09-28T10:15:00,496,30.7,22,1.83094
2025-09-28T10:18:00,491,29.7,22,1.85736
2025-09-28T10:21:00,487,28.9,22,1.8785
2025-09-28T10:24:00,480,29.9,22,1.85208
2025-09-28T10:27:00,470,29.7,22,1.85736
2025-09-28T10:30:00,464,30.2,22,1.84415
2025-09-28T10:33:00,461,29.2,22,1.87057
2025-09-28T10:36:00,460,28.2,23,2.01582
2025-09-28T10:39:00,460,28.1,23,2.01862
2025-09-28T10:42:00,460,27.8,23,2.02705
2025-09-28T10:45:00,471,28.3,22,1.89435
2025-09-28T10:48:00,460,29.6,22,1.86
2025-09-28T10:51:00,450,28.6,22,1.88642
2025-09-28T10:54:00,446,29.2,22,1.87057
2025-09-28T10:57:00,464,28.5,23,2.00739
2025-09-28T11:00:00,501,28.2,23,2.01582
2025-09-28T11:03:00,498,34.1,21,1.63772
2025-09-28T11:06:00,430,48.4,20,1.20562
2025-09-28T11:09:00,430,49.9,21,1.24506
2025-09-28T11:12:00,431,49,21,1.26743
2025-09-28T11:15:00,454,48.4,21,1.28234
2025-09-28T11:18:00,475,46.2,22,1.42142
2025-09-28T11:21:00,503,45.8,22,1.43199
2025-09-28T11:24:00,444,46.2,22,1.42142
2025-09-28T11:27:00,454,44.6,22,1.46369
2025-09-28T11:30:00,469,51,19,1.07587
2025-09-28T11:33:00,449,47.7,21,1.29974
2025-09-28T11:36:00,426,47.8,20,1.21964
2025-09-28T11:39:00,452,46.8,20,1.24301
2025-09-28T11:42:00,442,45.2,22,1.44784
2025-09-28T11:45:00,428,46,22,1.42671
2025-09-28T11:48:00,419,45.6,22,1.43727
2025-09-28T11:51:00,412,45.2,22,1.44784
2025-09-28T11:54:00,419,43.3,22,1.49804
2025-09-28T11:57:00,408,43.1,21,1.41405
2025-09-28T12:00:00,408,42.4,21,1.43145
2025-09-28T12:03:00,407,41.1,22,1.55617
2025-09-28T12:06:00,405,39.1,22,1.60901
2025-09-28T12:09:00,401,36.4,23,1.7856
2025-09-28T12:12:00,401,36.8,22,1.66977
2025-09-28T12:15:00,400,35.1,23,1.8221
2025-09-28T12:18:00,400,37.3,23,1.76033
2025-09-28T12:21:00,394,49.3,19,1.1132
2025-09-28T12:24:00,393,48.6,21,1.27737
2025-09-28T12:27:00,391,48,21,1.29228
2025-09-28T12:30:00,391,50.1,21,1.24009
2025-09-28T12:33:00,390,48.6,21,1.27737
2025-09-28T12:36:00,391,45.5,22,1.43992
2025-09-28T12:39:00,389,51.4,20,1.13553
2025-09-28T12:42:00,389,48.9,21,1.26991
2025-09-28T12:45:00,387,49.7,20,1.17525
2025-09-28T12:48:00,386,48.9,21,1.26991
2025-09-28T12:51:00,388,49.6,21,1.25252
2025-09-28T12:54:00,389,49.9,21,1.24506
2025-09-28T12:57:00,390,48.5,22,1.36065
2025-09-28T13:00:00,389,48.5,21,1.27985
2025-09-28T13:03:00,390,47.9,22,1.37651
2025-09-28T13:06:00,390,46.1,22,1.42406
2025-09-28T13:09:00,391,46,22,1.42671
2025-09-28T13:12:00,393,44.7,22,1.46105
2025-09-28T13:15:00,391,43.6,22,1.49012
2025-09-28T13:18:00,391,42.4,22,1.52182
2025-09-28T13:21:00,391,40.4,22,1.57466
2025-09-28T13:24:00,392,39.3,22,1.60372
2025-09-28T13:27:00,393,37.1,23,1.76595
2025-09-28T13:30:00,394,32.6,23,1.89229
2025-09-28T13:33:00,394,34.4,23,1.84175
2025-09-28T13:36:00,396,32.4,24,2.01586
2025-09-28T13:39:00,394,40.2,24,1.78326
2025-09-28T13:42:00,389,50.9,19,1.07807
2025-09-28T13:45:00,389,49.9,21,1.24506
2025-09-28T13:48:00,389,50.2,21,1.23761
2025-09-28T13:51:00,388,49.7,21,1.25003
2025-09-28T13:54:00,391,48.4,21,1.28234
2025-09-28T13:57:00,391,49,21,1.26743
2025-09-28T14:00:00,392,47.7,22,1.38179
2025-09-28T14:03:00,391,47.8,22,1.37915
2025-09-28T14:06:00,393,49.1,21,1.26494
2025-09-28T14:09:00,389,50.9,20,1.14721
2025-09-28T14:12:00,390,50.6,20,1.15422
2025-09-28T14:15:00,392,50.2,21,1.23761
2025-09-28T14:18:00,394,48.9,21,1.26991
2025-09-28T14:21:00,395,47.8,21,1.29725
2025-09-28T14:24:00,400,46.5,21,1.32956
2025-09-28T14:27:00,404,45.8,21,1.34695
2025-09-28T14:30:00,409,44.1,21,1.3892
2025-09-28T14:33:00,409,43.3,22,1.49804
2025-09-28T14:36:00,444,42.6,22,1.51654
2025-09-28T14:39:00,439,39.9,22,1.58787
2025-09-28T14:42:00,422,37.3,22,1.65656
2025-09-28T14:45:00,404,35.3,22,1.7094
2025-09-28T14:48:00,434,33.1,23,1.87825
2025-09-28T14:51:00,441,32.8,22,1.77546
2025-09-28T14:54:00,432,31.4,23,1.92598
2025-09-28T14:57:00,402,37.6,23,1.75191
2025-09-28T15:00:00,403,48.4,20,1.20562
2025-09-28T15:03:00,394,50.9,20,1.14721
2025-09-28T15:06:00,396,52.1,20,1.11917
2025-09-28T15:09:00,405,50.9,21,1.22021
2025-09-28T15:12:00,397,50,21,1.24258
2025-09-28T15:15:00,392,50.4,20,1.15889
2025-09-28T15:18:00,391,49.2,21,1.26246
2025-09-28T15:21:00,392,49.1,21,1.26494
2025-09-28T15:24:00,390,48.9,21,1.26991
2025-09-28T15:27:00,390,48.1,22,1.37122
2025-09-28T15:30:00,389,47.9,21,1.29476
2025-09-28T15:33:00,389,47.1,22,1.39764
2025-09-28T15:36:00,388,47.1,22,1.39764
2025-09-28T15:39:00,387,47.6,21,1.30222
2025-09-28T15:42:00,387,46.6,22,1.41085
2025-09-28T15:45:00,388,45.5,22,1.43992
2025-09-28T15:48:00,386,46.3,21,1.33453
2025-09-28T15:51:00,385,44.5,22,1.46634
2025-09-28T15:54:00,386,43.8,22,1.48483
2025-09-28T15:57:00,389,42,22,1.53239
2025-09-28T16:00:00,395,41.1,22,1.55617
2025-09-28T16:03:00,403,38.9,23,1.71541
2025-09-28T16:06:00,412,37.3,23,1.76033
2025-09-28T16:09:00,388,36,23,1.79683
2025-09-28T16:12:00,381,33.3,23,1.87263
2025-09-28T16:15:00,381,32.9,22,1.77281
2025-09-28T16:18:00,379,33,23,1.88106
2025-09-28T16:21:00,376,32.4,23,1.8979
2025-09-28T16:24:00,375,31,23,1.93721
2025-09-28T16:27:00,371,31.6,23,1.92036
2025-09-28T16:30:00,370,31.25,23,1.93019
2025-09-28T16:33:00,369,30.9,23,1.94001
2025-09-28T16:36:00,368,29.8,23,1.9709
2025-09-28T16:39:00,367,30.7,23,1.94563
2025-09-28T16:42:00,363,30.7,22,1.83094
2025-09-28T16:45:00,358,42.4,21,1.43145
2025-09-28T16:48:00,357,50.1,20,1.1659
2025-09-28T16:51:00,358,48.8,21,1.2724
2025-09-28T16:54:00,361,50.2,21,1.23761
2025-09-28T16:57:00,361,48.9,21,1.26991
2025-09-28T17:00:00,359,48.2,21,1.28731
2025-09-28T17:03:00,358,49.5,21,1.255
2025-09-28T17:06:00,356,48,22,1.37386
2025-09-28T17:09:00,353,46.8,22,1.40557
2025-09-28T17:12:00,350,49.3,21,1.25997
2025-09-28T17:15:00,350,48.4,22,1.3633
2025-09-28T17:18:00,348,46.2,22,1.42142
2025-09-28T17:21:00,348,47.5,21,1.30471
2025-09-28T17:24:00,347,45.6,22,1.43727
2025-09-28T17:27:00,345,46.7,22,1.40821
2025-09-28T17:30:00,347,47.1,22,1.39764
2025-09-28T17:33:00,345,45.8,22,1.43199
2025-09-28T17:36:00,344,47.4,22,1.38972
2025-09-28T17:39:00,342,44.9,22,1.45577
2025-09-28T17:42:00,341,45.3,22,1.4452
2025-09-28T17:45:00,339,44.5,22,1.46634
2025-09-28T17:48:00,339,44.5,22,1.46634
2025-09-28T17:51:00,338,44.6,22,1.46369
2025-09-28T17:54:00,337,42,22,1.53239
2025-09-28T17:57:00,336,43.9,22,1.48219
2025-09-28T18:00:00,336,41.7,22,1.54031
2025-09-28T18:03:00,336,39.4,22,1.60108
2025-09-28T18:06:00,334,38.9,22,1.61429
2025-09-28T18:09:00,334,38.9,22,1.61429
2025-09-28T18:12:00,333,40.4,22,1.57466
2025-09-28T18:15:00,332,41.8,22,1.53767
2025-09-28T18:18:00,331,40.7,22,1.56673
2025-09-28T18:21:00,331,42.7,22,1.51389
2025-09-28T18:24:00,330,41.1,22,1.55617
2025-09-28T18:27:00,330,42,22,1.53239
2025-09-28T18:30:00,328,40.7,22,1.56673
2025-09-28T18:33:00,329,42.3,22,1.52446
2025-09-28T18:36:00,329,41.2,22,1.55352
2025-09-28T18:39:00,328,40.5,22,1.57202
2025-09-28T18:42:00,327,40.2,21,1.48612
2025-09-28T18:45:00,328,39.2,22,1.60637
2025-09-28T18:48:00,327,41,22,1.55881
2025-09-28T18:51:00,328,40.5,22,1.57202
2025-09-28T18:54:00,326,39.5,22,1.59844
2025-09-28T18:57:00,326,40.2,21,1.48612
2025-09-28T19:00:00,326,39.3,21,1.50849
2025-09-28T19:03:00,324,38.7,21,1.5234
2025-09-28T19:06:00,325,38.3,21,1.53334
2025-09-28T19:09:00,327,37.6,21,1.55074
2025-09-28T19:12:00,326,37.6,21,1.55074
2025-09-28T19:15:00,325,39.3,21,1.50849
2025-09-28T19:18:00,327,38.7,21,1.5234
2025-09-28T19:21:00,326,38,21,1.5408
2025-09-28T19:24:00,326,37.6,21,1.55074
2025-09-28T19:27:00,326,37.6,21,1.55074
2025-09-28T19:30:00,326,37.2,21,1.56068
2025-09-28T19:33:00,326,37.3,21,1.55819
2025-09-28T19:36:00,326,37.1,21,1.56316
2025-09-28T19:39:00,326,37.2,21,1.56068
2025-09-28T19:42:00,327,36.7,21,1.5731
2025-09-28T19:45:00,327,37.6,21,1.55074
2025-09-28T19:48:00,326,37.2,21,1.56068
2025-09-28T19:51:00,327,37.8,22,1.64335
2025-09-28T19:54:00,327,37.5,22,1.65128
2025-09-28T19:57:00,328,37.7,22,1.646
2025-09-28T20:00:00,328,38.3,22,1.63014
2025-09-28T20:03:00,0,38.2,22,1.63279
2025-09-28T20:06:00,0,39.4,21,1.506
2025-09-28T20:09:00,0,40.6,21,1.47618
2025-09-28T20:12:00,0,41.3,21,1.45879
2025-09-28T20:15:00,0,42.4,21,1.43145
2025-09-28T20:18:00,0,43.2,21,1.41157
2025-09-28T20:21:00,0,44.2,21,1.38672
2025-09-28T20:24:00,0,44.8,21,1.3718
2025-09-28T20:27:00,0,45.6,21,1.35192
2025-09-28T20:30:00,0,46.3,20,1.25469
2025-09-28T20:33:00,0,47.1,20,1.236
2025-09-28T20:36:00,0,47.7,20,1.22198
2025-09-28T20:39:00,0,48.4,20,1.20562
2025-09-28T20:42:00,0,49,20,1.1916
2025-09-28T20:45:00,0,49.8,20,1.17291
2025-09-28T20:48:00,0,50.3,20,1.16123
2025-09-28T20:51:00,0,50.9,20,1.14721
2025-09-28T20:54:00,0,51.7,20,1.12852
2025-09-28T20:57:00,0,52.2,20,1.11684
2025-09-28T21:00:00,0,52.7,20,1.10515
2025-09-28T21:03:00,0,53.3,20,1.09114
2025-09-28T21:06:00,0,53.9,20,1.07712
2025-09-28T21:09:00,0,54.3,20,1.06777
2025-09-28T21:12:00,0,54.8,19,0.99244
2025-09-28T21:15:00,0,55.2,19,0.98365
2025-09-28T21:18:00,0,55.5,19,0.97707
2025-09-28T21:21:00,0,56,19,0.96609
2025-09-28T21:24:00,0,56.4,19,0.95731
2025-09-28T21:27:00,0,56.8,19,0.94852
2025-09-28T21:30:00,0,57.2,19,0.93974
2025-09-28T21:33:00,0,57.5,19,0.93315
2025-09-28T21:36:00,0,57.8,19,0.92657
2025-09-28T21:39:00,0,58,19,0.92218
2025-09-28T21:42:00,0,58.5,19,0.9112
2025-09-28T21:45:00,0,58.9,19,0.90242
2025-09-28T21:48:00,0,59,19,0.90022
2025-09-28T21:51:00,0,59.3,19,0.89363
2025-09-28T21:54:00,0,59.4,19,0.89144
2025-09-28T21:57:00,0,59.5,19,0.88924
2025-09-28T22:00:00,0,59.8,19,0.88265
2025-09-28T22:03:00,0,60,19,0.87826
2025-09-28T22:06:00,0,60.1,19,0.87607
2025-09-28T22:09:00,0,60.2,19,0.87387
2025-09-28T22:12:00,0,60.3,19,0.87168
2025-09-28T22:15:00,0,60.5,19,0.86728
2025-09-28T22:18:00,0,60.5,18,0.81462
2025-09-28T22:21:00,0,60.5,18,0.81462
2025-09-28T22:24:00,0,60.6,18,0.81256
2025-09-28T22:27:00,0,60.7,18,0.8105
2025-09-28T22:30:00,0,60.75,18,0.80947
2025-09-28T22:33:00,0,60.8,18,0.80843
2025-09-28T22:36:00,0,60.8,18,0.80843
2025-09-28T22:39:00,0,60.9,18,0.80637
2025-09-28T22:42:00,0,61,18,0.80431
2025-09-28T22:45:00,0,61.2,18,0.80019
2025-09-28T22:48:00,0,61.2,18,0.80019
2025-09-28T22:51:00,0,61.2,18,0.80019
2025-09-28T22:54:00,0,61.3,18,0.79812
2025-09-28T22:57:00,0,61.5,18,0.794
2025-09-28T23:00:00,0,61.5,18,0.794
2025-09-28T23:03:00,0,61.5,18,0.794
2025-09-28T23:06:00,0,61.8,18,0.78781
2025-09-28T23:09:00,0,63,18,0.76306
2025-09-28T23:12:00,0,63.8,18,0.74656
2025-09-28T23:15:00,0,64.5,18,0.73213
2025-09-28T23:18:00,0,65.2,18,0.71769
2025-09-28T23:21:00,0,65.6,18,0.70944
2025-09-28T23:24:00,0,65.9,18,0.70326
2025-09-28T23:27:00,0,66.2,18,0.69707
2025-09-28T23:30:00,0,66.5,18,0.69088
2025-09-28T23:33:00,0,66.6,18,0.68882
2025-09-28T23:36:00,0,66.9,18,0.68263
2025-09-28T23:39:00,0,67.1,18,0.67851
2025-09-28T23:42:00,0,67.2,18,0.67645
2025-09-28T23:45:00,0,67.3,18,0.67438
2025-09-28T23:48:00,0,67.5,18,0.67026
2025-09-28T23:51:00,0,67.5,18,0.67026
2025-09-28T23:54:00,0,67.5,18,0.67026
2025-09-28T23:57:00,0,67.6,17,0.62732
2025-09-29T00:00:00,0,67.6,18,0.6682
2025-09-29T00:03:00,0,67.7,18,0.66613
2025-09-29T00:06:00,0,67.7,18,0.66613
2025-09-29T00:09:00,0,67.8,17,0.62344
2025-09-29T00:12:00,0,67.6,17,0.62732
2025-09-29T00:15:00,0,67.6,17,0.62732
2025-09-29T00:18:00,0,67.6,17,0.62732
2025-09-29T00:21:00,0,67.5,17,0.62925
2025-09-29T00:24:00,0,67.5,17,0.62925
2025-09-29T00:27:00,0,67.6,17,0.62732
2025-09-29T00:30:00,0,67.5,17,0.62925
2025-09-29T00:33:00,0,67.8,17,0.62344
2025-09-29T00:36:00,0,68.5,17,0.60989
2025-09-29T00:39:00,0,69,17,0.60021
2025-09-29T00:42:00,0,69.4,17,0.59247
2025-09-29T00:45:00,0,69.7,17,0.58666
2025-09-29T00:48:00,0,69.8,17,0.58472
2025-09-29T00:51:00,0,70.1,17,0.57891
2025-09-29T00:54:00,0,70.2,17,0.57698
2025-09-29T00:57:00,0,70.4,17,0.5731
2025-09-29T01:00:00,0,70.3,17,0.57504
2025-09-29T01:03:00,0,70.4,17,0.5731
2025-09-29T01:06:00,0,70.7,17,0.5673
2025-09-29T01:09:00,0,71.2,17,0.55762
2025-09-29T01:12:00,0,71.5,17,0.55181
2025-09-29T01:15:00,0,71.8,17,0.546
2025-09-29T01:18:00,0,72,17,0.54213
2025-09-29T01:21:00,0,72.4,17,0.53438
2025-09-29T01:24:00,0,72.6,17,0.53051
2025-09-29T01:27:00,0,72.7,17,0.52857
2025-09-29T01:30:00,0,72.8,17,0.52664
2025-09-29T01:33:00,0,73,17,0.52276
2025-09-29T01:36:00,0,72.9,17,0.5247
2025-09-29T01:39:00,0,72.9,17,0.5247
2025-09-29T01:42:00,0,72.9,17,0.5247
2025-09-29T01:45:00,0,72.6,17,0.53051
2025-09-29T01:48:00,0,72.7,17,0.52857
2025-09-29T01:51:00,0,72.8,17,0.52664
2025-09-29T01:54:00,0,72.8,17,0.52664
2025-09-29T01:57:00,0,72.5,17,0.53244
2025-09-29T02:00:00,0,72.8,17,0.52664
2025-09-29T02:03:00,0,72.8,17,0.52664
2025-09-29T02:06:00,0,73.1,17,0.52083
2025-09-29T02:09:00,0,73.6,17,0.51115
2025-09-29T02:12:00,0,73.7,17,0.50921
2025-09-29T02:15:00,0,73.8,17,0.50727
2025-09-29T02:18:00,0,74,17,0.5034
2025-09-29T02:21:00,0,73.9,17,0.50534
2025-09-29T02:24:00,0,74,17,0.5034
2025-09-29T02:27:00,0,73.9,17,0.50534
2025-09-29T02:30:00,0,74.1,17,0.50147
2025-09-29T02:33:00,0,74,17,0.5034
2025-09-29T02:36:00,0,73.9,17,0.50534
2025-09-29T02:39:00,0,74,17,0.5034
2025-09-29T02:42:00,0,74,17,0.5034
2025-09-29T02:45:00,0,74,17,0.5034
2025-09-29T02:48:00,0,73.9,16,0.47419
2025-09-29T02:51:00,0,73.6,16,0.47964
2025-09-29T02:54:00,0,73.6,16,0.47964
2025-09-29T02:57:00,0,73.6,16,0.47964
2025-09-29T03:00:00,0,73.5,16,0.48146
2025-09-29T03:03:00,0,73.4,16,0.48327
2025-09-29T03:06:00,0,73.4,16,0.48327
2025-09-29T03:09:00,0,73.3,16,0.48509
2025-09-29T03:12:00,0,73.3,16,0.48509
2025-09-29T03:15:00,0,73.3,16,0.48509
2025-09-29T03:18:00,0,73.2,16,0.48691
2025-09-29T03:21:00,0,73,16,0.49054
2025-09-29T03:24:00,0,73,16,0.49054
2025-09-29T03:27:00,0,73,16,0.49054
2025-09-29T03:30:00,0,73,16,0.49054
2025-09-29T03:33:00,0,72.7,16,0.49599
2025-09-29T03:36:00,0,72.8,16,0.49417
2025-09-29T03:39:00,0,72.9,16,0.49236
2025-09-29T03:42:00,0,72.7,16,0.49599
2025-09-29T03:45:00,0,72.5,16,0.49963
2025-09-29T03:48:00,0,72.2,16,0.50508
2025-09-29T03:51:00,0,72,16,0.50871
2025-09-29T03:54:00,0,72,16,0.50871
2025-09-29T03:57:00,0,71.9,16,0.51053
2025-09-29T04:00:00,0,71.6,16,0.51598
2025-09-29T04:03:00,342,71.6,16,0.51598
2025-09-29T04:06:00,338,70.7,17,0.5673
2025-09-29T04:09:00,334,70,17,0.58085
2025-09-29T04:12:00,333,69.5,17,0.59053
2025-09-29T04:15:00,332,69,17,0.60021
2025-09-29T04:18:00,330,68.7,17,0.60602
2025-09-29T04:21:00,329,68.2,17,0.6157
2025-09-29T04:24:00,328,67.9,18,0.66201
2025-09-29T04:27:00,326,67.7,18,0.66613
2025-09-29T04:30:00,326,67.4,18,0.67232
2025-09-29T04:33:00,325,67,18,0.68057
2025-09-29T04:36:00,326,66.8,18,0.68469
2025-09-29T04:39:00,324,66.3,18,0.69501
2025-09-29T04:42:00,324,66.2,18,0.69707
2025-09-29T04:45:00,324,65.9,18,0.70326
2025-09-29T04:48:00,326,65.8,18,0.70532
2025-09-29T04:51:00,325,65.5,18,0.7115
2025-09-29T04:54:00,324,65.2,19,0.76409
2025-09-29T04:57:00,323,65.1,19,0.76628
2025-09-29T05:00:00,325,64.9,19,0.77068
2025-09-29T05:03:00,324,64.6,19,0.77726
2025-09-29T05:06:00,325,64.5,19,0.77946
2025-09-29T05:09:00,323,64.1,19,0.78824
2025-09-29T05:12:00,324,64,19,0.79044
2025-09-29T05:15:00,325,63.8,19,0.79483
2025-09-29T05:18:00,324,63.5,19,0.80142
2025-09-29T05:21:00,324,63.4,19,0.80361
2025-09-29T05:24:00,324,63.2,19,0.808
2025-09-29T05:27:00,326,63,19,0.81239
2025-09-29T05:30:00,325,62,19,0.83435
2025-09-29T05:33:00,324,60.7,19,0.86289
2025-09-29T05:36:00,325,59.3,19,0.89363
2025-09-29T05:39:00,324,58.2,19,0.91778
2025-09-29T05:42:00,325,56.9,19,0.94633
2025-09-29T05:45:00,324,56.1,19,0.96389
2025-09-29T05:48:00,324,56.3,19,0.9595
2025-09-29T05:51:00,325,56.7,19,0.95072
2025-09-29T05:54:00,323,56.3,19,0.9595
2025-09-29T05:57:00,324,55.5,19,0.97707
2025-09-29T06:00:00,325,55,19,0.98805
2025-09-29T06:03:00,324,54.3,19,1.00342
2025-09-29T06:06:00,324,53.4,19,1.02318
2025-09-29T06:09:00,325,52.6,19,1.04074
2025-09-29T06:12:00,326,52.7,19,1.03855
2025-09-29T06:15:00,325,53.3,19,1.02537
2025-09-29T06:18:00,325,53.7,19,1.01659
2025-09-29T06:21:00,325,54.2,19,1.00561
2025-09-29T06:24:00,324,54.5,19,0.99902
2025-09-29T06:27:00,324,53.7,19,1.01659
2025-09-29T06:30:00,324,53.4,19,1.02318
2025-09-29T06:33:00,324,53.2,19,1.02757
2025-09-29T06:36:00,326,53.4,19,1.02318
2025-09-29T06:39:00,325,53.8,19,1.01439
2025-09-29T06:42:00,326,54.3,19,1.00342
2025-09-29T06:45:00,326,54.7,19,0.99463
2025-09-29T06:48:00,325,54.8,19,0.99244
2025-09-29T06:51:00,326,55.3,19,0.98146
2025-09-29T06:54:00,326,55.4,20,1.04207
2025-09-29T06:57:00,326,54.7,19,0.99463
2025-09-29T07:00:00,326,54.1,19,1.00781
2025-09-29T07:03:00,326,54.2,19,1.00561
2025-09-29T07:06:00,326,54.5,19,0.99902
2025-09-29T07:09:00,326,54.9,20,1.05375
2025-09-29T07:12:00,328,55.1,20,1.04908
2025-09-29T07:15:00,327,55.4,20,1.04207
2025-09-29T07:18:00,328,55.7,20,1.03506
2025-09-29T07:21:00,328,55.9,20,1.03039
2025-09-29T07:24:00,328,55.9,20,1.03039
2025-09-29T07:27:00,329,56.2,20,1.02338
2025-09-29T07:30:00,330,56.5,20,1.01637
2025-09-29T07:33:00,330,55.6,20,1.0374
2025-09-29T07:36:00,331,54.6,20,1.06076
2025-09-29T07:39:00,331,54.8,20,1.05609
2025-09-29T07:42:00,331,55.1,20,1.04908
2025-09-29T07:45:00,332,55.5,20,1.03973
2025-09-29T07:48:00,334,55.4,20,1.04207
2025-09-29T07:51:00,334,55.7,20,1.03506
2025-09-29T07:54:00,334,56.1,20,1.02571
2025-09-29T07:57:00,334,56.2,20,1.02338
2025-09-29T08:00:00,335,55.8,20,1.03272
2025-09-29T08:03:00,334,54.6,20,1.06076
2025-09-29T08:06:00,336,54.3,20,1.06777
2025-09-29T08:09:00,335,54.7,20,1.05843
2025-09-29T08:12:00,336,54.9,20,1.05375
2025-09-29T08:15:00,338,55.4,20,1.04207
2025-09-29T08:18:00,338,54.5,20,1.0631
2025-09-29T08:21:00,339,53.9,20,1.07712
2025-09-29T08:24:00,339,53.35,20,1.08997
2025-09-29T08:27:00,339,52.8,20,1.10282
2025-09-29T08:30:00,339,52.8,20,1.10282
2025-09-29T08:33:00,339,52.6,20,1.10749
2025-09-29T08:36:00,339,53.2,21,1.16305
2025-09-29T08:39:00,339,52.9,21,1.17051
2025-09-29T08:42:00,338,52,20,1.12151
2025-09-29T08:45:00,337,52.1,20,1.11917
2025-09-29T08:48:00,339,51.6,20,1.13086
2025-09-29T08:51:00,339,51.6,20,1.13086
2025-09-29T08:54:00,339,51.1,20,1.14254
2025-09-29T08:57:00,340,50.7,21,1.22518
2025-09-29T09:00:00,341,50.1,20,1.1659
2025-09-29T09:03:00,342,50.1,21,1.24009
2025-09-29T09:06:00,343,49.9,21,1.24506
2025-09-29T09:09:00,343,49.8,21,1.24755
2025-09-29T09:12:00,344,49.9,21,1.24506
2025-09-29T09:15:00,345,50,21,1.24258
2025-09-29T09:18:00,344,49.9,21,1.24506
2025-09-29T09:21:00,345,50,21,1.24258
2025-09-29T09:24:00,347,50,21,1.24258
2025-09-29T09:27:00,350,49.8,21,1.24755
2025-09-29T09:30:00,354,49.7,21,1.25003
2025-09-29T09:33:00,368,49.3,22,1.33952
2025-09-29T09:36:00,414,48.3,22,1.36594
2025-09-29T09:39:00,445,47.1,22,1.39764
2025-09-29T09:42:00,460,45,22,1.45313
2025-09-29T09:45:00,473,43.7,23,1.58065
2025-09-29T09:48:00,483,42.7,23,1.60872
2025-09-29T09:51:00,482,42,23,1.62838
2025-09-29T09:54:00,480,40.6,23,1.66768
2025-09-29T09:57:00,476,38.2,23,1.73506
2025-09-29T10:00:00,482,37.1,23,1.76595
2025-09-29T10:03:00,482,37.1,23,1.76595
2025-09-29T10:06:00,476,36.2,22,1.68563
2025-09-29T10:09:00,476,36.5,23,1.78279
2025-09-29T10:12:00,479,35.5,23,1.81087
2025-09-29T10:15:00,474,34.7,23,1.83333
2025-09-29T10:18:00,476,35.7,22,1.69884
2025-09-29T10:21:00,471,34.5,23,1.83894
2025-09-29T10:24:00,463,34.8,22,1.72262
2025-09-29T10:27:00,454,34.3,22,1.73583
2025-09-29T10:30:00,445,33.8,23,1.85859
2025-09-29T10:33:00,449,35.1,22,1.71469
2025-09-29T10:36:00,446,34.3,22,1.73583
2025-09-29T10:39:00,446,33.8,22,1.74904
2025-09-29T10:42:00,451,34.1,22,1.74111
2025-09-29T10:45:00,447,33.5,22,1.75696
2025-09-29T10:48:00,440,34.8,22,1.72262
2025-09-29T10:51:00,443,33.4,23,1.86982
2025-09-29T10:54:00,451,33.3,22,1.76225
2025-09-29T10:57:00,468,33.5,22,1.75696
2025-09-29T11:00:00,452,33.6,22,1.75432
2025-09-29T11:03:00,452,33.9,22,1.74639
2025-09-29T11:06:00,431,34.2,21,1.63523
2025-09-29T11:09:00,427,34.2,22,1.73847
2025-09-29T11:12:00,441,33.7,22,1.75168
2025-09-29T11:15:00,427,33,22,1.77017
2025-09-29T11:18:00,446,33.1,22,1.76753
2025-09-29T11:21:00,459,32.8,22,1.77546
2025-09-29T11:24:00,414,33,22,1.77017
2025-09-29T11:27:00,400,33.2,22,1.76489
2025-09-29T11:30:00,380,32.9,22,1.77281
2025-09-29T11:33:00,375,32.4,22,1.78602
2025-09-29T11:36:00,379,33.1,23,1.87825
2025-09-29T11:39:00,389,31.7,23,1.91755
2025-09-29T11:42:00,392,31.5,23,1.92317
2025-09-29T11:45:00,402,32.1,22,1.79395
2025-09-29T11:48:00,391,32.6,22,1.78074
2025-09-29T11:51:00,392,31.9,22,1.79923
2025-09-29T11:54:00,418,32,22,1.79659
2025-09-29T11:57:00,413,36.9,23,1.77156
2025-09-29T12:00:00,405,45.1,21,1.36435
2025-09-29T12:03:00,400,49.2,20,1.18693
2025-09-29T12:06:00,397,49.8,20,1.17291
2025-09-29T12:09:00,394,53.5,20,1.08646
2025-09-29T12:12:00,394,52.5,21,1.18045
2025-09-29T12:15:00,395,50.5,22,1.30781
2025-09-29T12:18:00,399,49.1,22,1.3448
2025-09-29T12:21:00,398,48.8,20,1.19628
2025-09-29T12:24:00,397,50.9,21,1.22021
2025-09-29T12:27:00,394,50.8,21,1.2227
2025-09-29T12:30:00,393,50.9,21,1.22021
2025-09-29T12:33:00,394,49.6,21,1.25252
2025-09-29T12:36:00,392,47.1,22,1.39764
2025-09-29T12:39:00,394,47.4,22,1.38972
2025-09-29T12:42:00,393,48.9,21,1.26991
2025-09-29T12:45:00,393.5,49.65,21,1.25127
2025-09-29T12:48:00,394,50.4,21,1.23264
2025-09-29T12:51:00,394,49.7,21,1.25003
2025-09-29T12:54:00,394,48.8,21,1.2724
2025-09-29T12:57:00,386,50.1,21,1.24009
2025-09-29T13:00:00,390,47.7,22,1.38179
2025-09-29T13:03:00,391,47.1,22,1.39764
2025-09-29T13:06:00,391,45.3,22,1.4452
2025-09-29T13:09:00,391,43.6,22,1.49012
2025-09-29T13:12:00,389,42,22,1.53239
2025-09-29T13:15:00,390,39,22,1.61165
2025-09-29T13:18:00,391,38.2,23,1.73506
2025-09-29T13:21:00,390,35.8,22,1.69619
2025-09-29T13:24:00,390,44.7,22,1.46105
2025-09-29T13:27:00,390,49.3,22,1.33952
2025-09-29T13:30:00,389,52.5,21,1.18045
2025-09-29T13:33:00,389,52.5,21,1.18045
2025-09-29T13:36:00,387,54.2,21,1.1382
2025-09-29T13:39:00,386,54.1,21,1.14069
2025-09-29T13:42:00,386,53.6,21,1.15311
2025-09-29T13:45:00,389,53.6,21,1.15311
2025-09-29T13:48:00,390,53.1,22,1.23912
2025-09-29T13:51:00,391,51.8,22,1.27347
2025-09-29T13:54:00,387,52.6,21,1.17796
2025-09-29T13:57:00,389,52.8,21,1.17299
2025-09-29T14:00:00,389,52,21,1.19287
2025-09-29T14:03:00,391,52,22,1.26818
2025-09-29T14:06:00,390,51.3,22,1.28668
2025-09-29T14:09:00,391,50.6,22,1.30517
2025-09-29T14:12:00,391,49.4,22,1.33688
2025-09-29T14:15:00,391,48.1,22,1.37122
2025-09-29T14:18:00,395,46.3,22,1.41878
2025-09-29T14:21:00,397,42.7,22,1.51389
2025-09-29T14:24:00,394,40,22,1.58523
2025-09-29T14:27:00,391,54.6,20,1.06076
2025-09-29T14:30:00,405,58,20,0.98132
2025-09-29T14:33:00,391,56,21,1.09347
2025-09-29T14:36:00,412,56.6,21,1.07856
2025-09-29T14:39:00,417,56.7,21,1.07607
2025-09-29T14:42:00,398,55.2,21,1.11335
2025-09-29T14:45:00,400,55,22,1.18892
2025-09-29T14:48:00,416,54.9,22,1.19156
2025-09-29T14:51:00,412,54.1,22,1.2127
2025-09-29T14:54:00,422,55.5,21,1.10589
2025-09-29T14:57:00,394,55.5,21,1.10589
2025-09-29T15:00:00,398,55.4,21,1.10838
2025-09-29T15:03:00,391,54.5,22,1.20213
2025-09-29T15:06:00,391,54.1,22,1.2127
2025-09-29T15:09:00,392,52.5,22,1.25497
2025-09-29T15:12:00,392,51.5,22,1.28139
2025-09-29T15:15:00,391,50,22,1.32102
2025-09-29T15:18:00,388,47.9,22,1.37651
2025-09-29T15:21:00,389,46.8,22,1.40557
2025-09-29T15:24:00,388,44.3,23,1.5638
2025-09-29T15:27:00,383,56.8,20,1.00936
2025-09-29T15:30:00,376,60,19,0.87826
2025-09-29T15:33:00,376,58.1,21,1.04128
2025-09-29T15:36:00,378,57.4,21,1.05868
2025-09-29T15:39:00,378,56.7,22,1.14401
2025-09-29T15:42:00,373,58.3,21,1.03631
2025-09-29T15:45:00,376,56.8,21,1.07359
2025-09-29T15:48:00,376,56.2,21,1.0885
2025-09-29T15:51:00,376,56.8,21,1.07359
2025-09-29T15:54:00,377,56.4,22,1.15193
2025-09-29T15:57:00,378,56.1,22,1.15986
2025-09-29T16:00:00,379,55.5,22,1.17571
2025-09-29T16:03:00,380,54.4,22,1.20477
2025-09-29T16:06:00,378,55.1,21,1.11583
2025-09-29T16:09:00,375,54.8,21,1.12329
2025-09-29T16:12:00,372,53.3,22,1.23384
2025-09-29T16:15:00,371,52.7,22,1.24969
2025-09-29T16:18:00,371,51.1,22,1.29196
2025-09-29T16:21:00,378,50,22,1.32102
2025-09-29T16:24:00,366,46.5,22,1.4135
2025-09-29T16:27:00,365,44.1,23,1.56942
2025-09-29T16:30:00,365,41.6,23,1.63961
2025-09-29T16:33:00,365,45.1,23,1.54134
2025-09-29T16:36:00,361,51.5,22,1.28139
2025-09-29T16:39:00,358,56.8,21,1.07359
2025-09-29T16:42:00,359,57,22,1.13608
2025-09-29T16:45:00,358,57.1,22,1.13344
2025-09-29T16:48:00,359,56.6,22,1.14665
2025-09-29T16:51:00,360,56.3,21,1.08601
2025-09-29T16:54:00,357,56.7,21,1.07607
2025-09-29T16:57:00,356,56.4,21,1.08353
2025-09-29T17:00:00,351,56.1,21,1.09098
2025-09-29T17:03:00,351,55.5,22,1.17571
2025-09-29T17:06:00,349,56.1,22,1.15986
2025-09-29T17:09:00,338,56.9,22,1.13872
2025-09-29T17:12:00,339,56.1,21,1.09098
2025-09-29T17:15:00,342,55.4,22,1.17835
2025-09-29T17:18:00,345,55,22,1.18892
2025-09-29T17:21:00,345,55.2,22,1.18364
2025-09-29T17:24:00,344,54.7,22,1.19685
2025-09-29T17:27:00,345,55.2,22,1.18364
2025-09-29T17:30:00,345,55.2,22,1.18364
2025-09-29T17:33:00,344,54.45,22,1.20345
2025-09-29T17:36:00,343,53.7,22,1.22327
2025-09-29T17:39:00,343,53.7,22,1.22327
2025-09-29T17:42:00,342,53.2,22,1.23648
2025-09-29T17:45:00,339,52.2,22,1.2629
2025-09-29T17:48:00,339,49.5,22,1.33423
2025-09-29T17:51:00,338,48.6,22,1.35801
2025-09-29T17:54:00,335,46.6,22,1.41085
2025-09-29T17:57:00,334,45,22,1.45313
2025-09-29T18:00:00,334,43.3,22,1.49804
2025-09-29T18:03:00,331,41,22,1.55881
2025-09-29T18:06:00,332,40,22,1.58523
2025-09-29T18:09:00,331,39.6,22,1.5958
2025-09-29T18:12:00,329,39.5,22,1.59844
2025-09-29T18:15:00,331,39.1,22,1.60901
2025-09-29T18:18:00,331,38.7,22,1.61958
2025-09-29T18:21:00,328,38.3,22,1.63014
2025-09-29T18:24:00,328,38.6,22,1.62222
2025-09-29T18:27:00,328,38,22,1.63807
2025-09-29T18:30:00,327,39.2,22,1.60637
2025-09-29T18:33:00,328,38.5,22,1.62486
2025-09-29T18:36:00,328,38.3,22,1.63014
2025-09-29T18:39:00,326,38.1,22,1.63543
2025-09-29T18:42:00,327,37.5,22,1.65128
2025-09-29T18:45:00,326,38,22,1.63807
2025-09-29T18:48:00,326,37.5,22,1.65128
2025-09-29T18:51:00,325,38.3,22,1.63014
2025-09-29T18:54:00,326,37.8,22,1.64335
2025-09-29T18:57:00,326,37.6,22,1.64864
2025-09-29T19:00:00,325,37.7,22,1.646
2025-09-29T19:03:00,325,37.8,22,1.64335
2025-09-29T19:06:00,324,37.6,22,1.64864
2025-09-29T19:09:00,324,37.5,21,1.55322
2025-09-29T19:12:00,323,37.7,21,1.54825
2025-09-29T19:15:00,323,37.6,22,1.64864
2025-09-29T19:18:00,324,37.2,22,1.65921
2025-09-29T19:21:00,324,37.9,21,1.54328
2025-09-29T19:24:00,325,38,21,1.5408
2025-09-29T19:27:00,323,38.7,21,1.5234
2025-09-29T19:30:00,323,39.3,21,1.50849
2025-09-29T19:33:00,323,40.8,21,1.47121
2025-09-29T19:36:00,323,39,21,1.51594
2025-09-29T19:39:00,324,39.7,21,1.49855
2025-09-29T19:42:00,326,40,21,1.49109
2025-09-29T19:45:00,324,39.9,21,1.49358
2025-09-29T19:48:00,324,39.4,21,1.506
2025-09-29T19:51:00,323,41.3,21,1.45879
2025-09-29T19:54:00,323,40.8,21,1.47121
2025-09-29T19:57:00,323,41.5,21,1.45381
2025-09-29T20:00:00,323,40.9,21,1.46873
2025-09-29T20:03:00,0,41.7,21,1.44884
2025-09-29T20:06:00,0,42.5,20,1.34348
2025-09-29T20:09:00,0,42.8,20,1.33647
2025-09-29T20:12:00,0,43.2,20,1.32712
2025-09-29T20:15:00,0,43.8,20,1.3131
2025-09-29T20:18:00,0,43.6,20,1.31777
2025-09-29T20:21:00,0,43.9,20,1.31076
2025-09-29T20:24:00,0,43.8,20,1.3131
2025-09-29T20:27:00,0,43.2,20,1.32712
2025-09-29T20:30:00,0,43.5,20,1.32011
2025-09-29T20:33:00,0,43.1,20,1.32946
2025-09-29T20:36:00,0,43.1,20,1.32946
2025-09-29T20:39:00,0,43,20,1.33179
2025-09-29T20:42:00,0,42.5,20,1.34348
2025-09-29T20:45:00,0,42.8,20,1.33647
2025-09-29T20:48:00,0,42.3,20,1.34815
2025-09-29T20:51:00,0,42.7,20,1.3388
2025-09-29T20:54:00,0,42.3,20,1.34815
2025-09-29T20:57:00,0,42.2,20,1.35049
2025-09-29T21:00:00,0,42,20,1.35516
2025-09-29T21:03:00,0,42,20,1.35516
2025-09-29T21:06:00,0,41.9,20,1.35749
2025-09-29T21:09:00,0,42,20,1.35516
2025-09-29T21:12:00,0,41.8,20,1.35983
2025-09-29T21:15:00,0,41.9,20,1.35749
2025-09-29T21:18:00,0,41.9,20,1.35749
2025-09-29T21:21:00,0,41.8,20,1.35983
2025-09-29T21:24:00,0,41.9,20,1.35749
2025-09-29T21:27:00,0,41.9,20,1.35749
2025-09-29T21:30:00,0,42,20,1.35516
2025-09-29T21:33:00,0,42.1,19,1.27129
2025-09-29T21:36:00,0,42.2,19,1.26909
2025-09-29T21:39:00,0,42.3,19,1.26689
2025-09-29T21:42:00,0,42.3,19,1.26689
2025-09-29T21:45:00,0,42.35,19,1.2658
2025-09-29T21:48:00,0,42.4,19,1.2647
2025-09-29T21:51:00,0,42.4,19,1.2647
2025-09-29T21:54:00,0,42.3,19,1.26689
2025-09-29T21:57:00,0,42.5,19,1.2625
2025-09-29T22:00:00,0,42.6,19,1.26031
2025-09-29T22:03:00,0,42.6,19,1.26031
2025-09-29T22:06:00,0,42.7,19,1.25811
2025-09-29T22:09:00,0,42.7,19,1.25811
2025-09-29T22:12:00,0,42.6,19,1.26031
2025-09-29T22:15:00,0,42.7,19,1.25811
2025-09-29T22:18:00,0,42.7,19,1.25811
2025-09-29T22:21:00,0,42.7,19,1.25811
2025-09-29T22:24:00,0,42.7,19,1.25811
2025-09-29T22:27:00,0,42.6,19,1.26031
2025-09-29T22:30:00,0,42.9,19,1.25372
2025-09-29T22:33:00,0,42.8,19,1.25592
2025-09-29T22:36:00,0,42.7,19,1.25811
2025-09-29T22:39:00,0,42.7,19,1.25811
2025-09-29T22:42:00,0,42.7,19,1.25811
2025-09-29T22:45:00,0,42.7,19,1.25811
2025-09-29T22:48:00,0,42.9,18,1.17759
2025-09-29T22:51:00,0,43.1,18,1.17347
2025-09-29T22:54:00,0,43.1,19,1.24933
2025-09-29T22:57:00,0,44,19,1.22957
2025-09-29T23:00:00,0,43.8,19,1.23396
2025-09-29T23:03:00,0,45.6,19,1.19444
2025-09-29T23:06:00,0,46.8,19,1.16809
2025-09-29T23:09:00,0,48.7,19,1.12637
2025-09-29T23:12:00,0,50.6,19,1.08465
2025-09-29T23:15:00,0,52.1,19,1.05172
2025-09-29T23:18:00,0,53.6,19,1.01879
2025-09-29T23:21:00,0,55.1,19,0.98585
2025-09-29T23:24:00,0,56.1,19,0.96389
2025-09-29T23:27:00,0,57.2,19,0.93974
2025-09-29T23:30:00,0,58.3,19,0.91559
2025-09-29T23:33:00,0,59.2,19,0.89583
2025-09-29T23:36:00,0,60.1,19,0.87607
2025-09-29T23:39:00,0,60.8,19,0.8607
2025-09-29T23:42:00,0,61.5,19,0.84533
2025-09-29T23:45:00,0,62.2,19,0.82996
2025-09-29T23:48:00,0,62.7,19,0.81898
2025-09-29T23:51:00,0,63.4,19,0.80361
2025-09-29T23:54:00,0,63.9,19,0.79263
2025-09-29T23:57:00,0,64.3,19,0.78385
2025-09-30T00:00:00,0,64.8,19,0.77287
2025-09-30T00:03:00,0,65.2,19,0.76409
2025-09-30T00:06:00,0,65.7,19,0.75311
2025-09-30T00:09:00,0,66.2,19,0.74213
2025-09-30T00:12:00,0,66.5,19,0.73555
2025-09-30T00:15:00,0,66.9,19,0.72676
2025-09-30T00:18:00,0,67,19,0.72457
2025-09-30T00:21:00,0,67.4,19,0.71578
2025-09-30T00:24:00,0,67.7,19,0.7092
2025-09-30T00:27:00,0,68.1,19,0.70041
2025-09-30T00:30:00,0,68.3,19,0.69602
2025-09-30T00:33:00,0,68.8,19,0.68505
2025-09-30T00:36:00,0,69.6,19,0.66748
2025-09-30T00:39:00,0,70.3,19,0.65211
2025-09-30T00:42:00,0,70.9,19,0.63894
2025-09-30T00:45:00,0,71.5,19,0.62576
2025-09-30T00:48:00,0,71.7,19,0.62137
2025-09-30T00:51:00,0,72,19,0.61478
2025-09-30T00:54:00,0,72.3,19,0.6082
2025-09-30T00:57:00,0,72.3,19,0.6082
2025-09-30T01:00:00,0,72.6,19,0.60161
2025-09-30T01:03:00,0,72.8,19,0.59722
2025-09-30T01:06:00,0,73.3,19,0.58624
2025-09-30T01:09:00,0,73.7,19,0.57746
2025-09-30T01:12:00,0,74,19,0.57087
2025-09-30T01:15:00,0,74.3,19,0.56428
2025-09-30T01:18:00,0,74.7,19,0.5555
2025-09-30T01:21:00,0,75,19,0.54891
2025-09-30T01:24:00,0,75.3,19,0.54233
2025-09-30T01:27:00,0,75.5,19,0.53794
2025-09-30T01:30:00,0,75.7,19,0.53354
2025-09-30T01:33:00,0,75.9,19,0.52915
2025-09-30T01:36:00,0,76,18,0.49496
2025-09-30T01:39:00,0,76.1,19,0.52476
2025-09-30T01:42:00,0,76.1,18,0.4929
2025-09-30T01:45:00,0,76.4,18,0.48671
2025-09-30T01:48:00,0,76.35,18,0.48774
2025-09-30T01:51:00,0,76.3,18,0.48877
2025-09-30T01:54:00,0,76.2,18,0.49084
2025-09-30T01:57:00,0,76.2,18,0.49084
2025-09-30T02:00:00,0,76.2,18,0.49084
2025-09-30T02:03:00,0,76.4,18,0.48671
2025-09-30T02:06:00,0,76.8,18,0.47846
2025-09-30T02:09:00,0,77.1,18,0.47227
2025-09-30T02:12:00,0,77.3,18,0.46815
2025-09-30T02:15:00,0,77.4,18,0.46609
2025-09-30T02:18:00,0,77.5,18,0.46402
2025-09-30T02:21:00,0,77.6,18,0.46196
2025-09-30T02:24:00,0,77.7,18,0.4599
2025-09-30T02:27:00,0,77.6,18,0.46196
2025-09-30T02:30:00,0,77.6,18,0.46196
2025-09-30T02:33:00,0,77.6,18,0.46196
2025-09-30T02:36:00,0,77.7,18,0.4599
2025-09-30T02:39:00,0,77.5,18,0.46402
2025-09-30T02:42:00,0,77.5,18,0.46402
2025-09-30T02:45:00,0,77.5,18,0.46402
2025-09-30T02:48:00,0,77.5,18,0.46402
2025-09-30T02:51:00,0,77.4,18,0.46609
2025-09-30T02:54:00,0,77.5,18,0.46402
2025-09-30T02:57:00,0,77.4,18,0.46609
2025-09-30T03:00:00,0,77.5,18,0.46402
2025-09-30T03:03:00,0,77.4,18,0.46609
2025-09-30T03:06:00,0,77.3,18,0.46815
2025-09-30T03:09:00,0,77.5,18,0.46402
2025-09-30T03:12:00,0,77.5,18,0.46402
2025-09-30T03:15:00,0,77.3,18,0.46815
2025-09-30T03:18:00,0,77.4,18,0.46609
2025-09-30T03:21:00,0,77.3,18,0.46815
2025-09-30T03:24:00,0,77.3,18,0.46815
2025-09-30T03:27:00,0,77.2,18,0.47021
2025-09-30T03:30:00,0,77.1,18,0.47227
2025-09-30T03:33:00,0,77.2,18,0.47021
2025-09-30T03:36:00,0,77.1,18,0.47227
2025-09-30T03:39:00,0,77,18,0.47434
2025-09-30T03:42:00,0,77.1,18,0.47227
2025-09-30T03:45:00,0,76.9,18,0.4764
2025-09-30T03:48:00,0,76.9,18,0.4764
2025-09-30T03:51:00,0,76.7,18,0.48052
2025-09-30T03:54:00,0,76.6,18,0.48259
2025-09-30T03:57:00,0,76.8,18,0.47846
2025-09-30T04:00:00,0,76.6,18,0.48259
2025-09-30T04:03:00,342,76.3,18,0.48877
2025-09-30T04:06:00,339,75.5,18,0.50527
2025-09-30T04:09:00,336,74.8,18,0.51971
2025-09-30T04:12:00,334,74.2,18,0.53208
2025-09-30T04:15:00,333,73.8,18,0.54033
2025-09-30T04:18:00,331,73.2,19,0.58844
2025-09-30T04:21:00,331,72.6,19,0.60161
2025-09-30T04:24:00,328,72.3,19,0.6082
2025-09-30T04:27:00,328,71.8,19,0.61918
2025-09-30T04:30:00,326,71.5,19,0.62576
2025-09-30T04:33:00,327,71,19,0.63674
2025-09-30T04:36:00,326,70.8,19,0.64113
2025-09-30T04:39:00,327,70.5,19,0.64772
2025-09-30T04:42:00,326,70.2,20,0.69627
2025-09-30T04:45:00,326,70.1,20,0.69861
2025-09-30T04:48:00,326,69.8,20,0.70562
2025-09-30T04:51:00,327,69.3,20,0.7173
2025-09-30T04:54:00,326,68.9,20,0.72665
2025-09-30T04:57:00,326,67,20,0.77104
2025-09-30T05:00:00,326,63.7,20,0.84814
2025-09-30T05:03:00,326,62.8,20,0.86917
2025-09-30T05:06:00,324,61.8,20,0.89254
2025-09-30T05:09:00,324,60.7,20,0.91824
2025-09-30T05:12:00,325,59.6,20,0.94394
2025-09-30T05:15:00,324,60.2,20,0.92992
2025-09-30T05:18:00,324,60.5,20,0.92291
2025-09-30T05:21:00,324,59.8,20,0.93926
2025-09-30T05:24:00,324,58.8,20,0.96263
2025-09-30T05:27:00,325,58.2,20,0.97665
2025-09-30T05:30:00,324,58.1,20,0.97898
2025-09-30T05:33:00,324,57.7,20,0.98833
2025-09-30T05:36:00,324,57.4,20,0.99534
2025-09-30T05:39:00,326,55.5,20,1.03973
2025-09-30T05:42:00,324,55.5,20,1.03973
2025-09-30T05:45:00,325,55.2,20,1.04674
2025-09-30T05:48:00,323,55.1,20,1.04908
2025-09-30T05:51:00,325,55.3,20,1.04441
2025-09-30T05:54:00,326,55.3,20,1.04441
2025-09-30T05:57:00,325,55.3,20,1.04441
2025-09-30T06:00:00,326,54.7,20,1.05843
2025-09-30T06:03:00,325,54.3,20,1.06777
2025-09-30T06:06:00,325,54.3,20,1.06777
2025-09-30T06:09:00,325,54.3,20,1.06777
2025-09-30T06:12:00,326,54.3,20,1.06777
2025-09-30T06:15:00,326,54.1,20,1.07244
2025-09-30T06:18:00,326,54.1,20,1.07244
2025-09-30T06:21:00,326,53.7,20,1.08179
2025-09-30T06:24:00,325,53.6,20,1.08413
2025-09-30T06:27:00,325.5,53.5,20,1.08646
2025-09-30T06:30:00,326,53.4,20,1.0888
2025-09-30T06:33:00,325,53.4,20,1.0888
2025-09-30T06:36:00,324,53.3,20,1.09114
2025-09-30T06:39:00,326,53.5,20,1.08646
2025-09-30T06:42:00,325,53.4,20,1.0888
2025-09-30T06:45:00,326,53.6,20,1.08413
2025-09-30T06:48:00,326,53.5,20,1.08646
2025-09-30T06:51:00,325,53.4,20,1.0888
2025-09-30T06:54:00,326,53.7,20,1.08179
2025-09-30T06:57:00,326,53.9,20,1.07712
2025-09-30T07:00:00,325,53.9,20,1.07712
2025-09-30T07:03:00,326,54.3,20,1.06777
2025-09-30T07:06:00,328,54.8,20,1.05609
2025-09-30T07:09:00,326,55.1,20,1.04908
2025-09-30T07:12:00,328,55.1,20,1.04908
2025-09-30T07:15:00,327,55,20,1.05142
2025-09-30T07:18:00,328,54.5,20,1.0631
2025-09-30T07:21:00,328,54.2,20,1.07011
2025-09-30T07:24:00,329,54.7,21,1.12577
2025-09-30T07:27:00,330,55.1,21,1.11583
2025-09-30T07:30:00,330,55.1,21,1.11583
2025-09-30T07:33:00,331,54.7,21,1.12577
2025-09-30T07:36:00,331,54.5,21,1.13074
2025-09-30T07:39:00,331,54.1,21,1.14069
2025-09-30T07:42:00,331,53.9,21,1.14566
2025-09-30T07:45:00,332,54.7,21,1.12577
2025-09-30T07:48:00,334,54,21,1.14317
2025-09-30T07:51:00,332,54.4,21,1.13323
2025-09-30T07:54:00,331,54.8,21,1.12329
2025-09-30T07:57:00,332,55.2,21,1.11335
2025-09-30T08:00:00,334,54.7,21,1.12577
2025-09-30T08:03:00,335,54.7,21,1.12577
2025-09-30T08:06:00,334,54.1,21,1.14069
2025-09-30T08:09:00,335,53.4,21,1.15808
2025-09-30T08:12:00,335,53.5,21,1.1556
2025-09-30T08:15:00,335,54.3,21,1.13572
2025-09-30T08:18:00,336,54,21,1.14317
2025-09-30T08:21:00,336,53.6,21,1.15311
2025-09-30T08:24:00,336,53.7,21,1.15063
2025-09-30T08:27:00,336,53.3,21,1.16057
2025-09-30T08:30:00,336,52.9,21,1.17051
2025-09-30T08:33:00,337,52.6,21,1.17796
2025-09-30T08:36:00,337,52.4,21,1.18293
2025-09-30T08:39:00,337,52.5,21,1.18045
2025-09-30T08:42:00,337,52.7,21,1.17548
2025-09-30T08:45:00,338,52.6,21,1.17796
2025-09-30T08:48:00,339,52.5,21,1.18045
2025-09-30T08:51:00,337,52.3,21,1.18542
2025-09-30T08:54:00,339,52.4,21,1.18293
2025-09-30T08:57:00,339,52.6,21,1.17796
2025-09-30T09:00:00,339,52.6,22,1.25233
2025-09-30T09:03:00,339,53,22,1.24176
2025-09-30T09:06:00,340,53.5,22,1.22855
2025-09-30T09:09:00,341,53.1,23,1.31674
2025-09-30T09:12:00,341,49.2,23,1.42623
2025-09-30T09:15:00,342,47.1,23,1.48519
2025-09-30T09:18:00,344,43.9,24,1.67292
2025-09-30T09:21:00,344,45.2,23,1.53853
2025-09-30T09:24:00,346,43.1,23,1.59749
2025-09-30T09:27:00,349,43.4,23,1.58907
2025-09-30T09:30:00,358,43.4,23,1.58907
2025-09-30T09:33:00,380,42.5,23,1.61434
2025-09-30T09:36:00,432,44.1,23,1.56942
2025-09-30T09:39:00,452,43,23,1.6003
2025-09-30T09:42:00,463,43.9,23,1.57503
2025-09-30T09:45:00,464,44.9,22,1.45577
2025-09-30T09:48:00,466,44,23,1.57223
2025-09-30T09:51:00,470,43.8,23,1.57784
2025-09-30T09:54:00,469,44.5,23,1.55819
2025-09-30T09:57:00,471,44.8,23,1.54976
2025-09-30T10:00:00,468,46.7,22,1.40821
2025-09-30T10:03:00,467,44.2,23,1.56661
2025-09-30T10:06:00,468,44.5,23,1.55819
2025-09-30T10:09:00,465,44.6,23,1.55538
2025-09-30T10:12:00,463,44.6,23,1.55538
2025-09-30T10:15:00,463,46.3,22,1.41878
2025-09-30T10:18:00,459,46.8,22,1.40557
2025-09-30T10:21:00,460,46.8,22,1.40557
2025-09-30T10:24:00,459,45.8,23,1.52169
2025-09-30T10:27:00,459,45.7,23,1.5245
2025-09-30T10:30:00,457,45.6,23,1.5273
2025-09-30T10:33:00,454,47.3,22,1.39236
2025-09-30T10:36:00,452,46.8,22,1.40557
2025-09-30T10:39:00,446,45.9,23,1.51888
2025-09-30T10:42:00,448,45.2,23,1.53853
2025-09-30T10:45:00,443,60.4,19,0.86948
2025-09-30T10:48:00,437,61.4,21,0.95927
2025-09-30T10:51:00,432,60,21,0.99406
2025-09-30T10:54:00,434,61.4,21,0.95927
2025-09-30T10:57:00,436,59.4,22,1.07267
2025-09-30T11:00:00,432,58.8,22,1.08852
2025-09-30T11:03:00,427,65.3,19,0.76189
2025-09-30T11:06:00,424,62,21,0.94436
2025-09-30T11:09:00,424,60.7,21,0.97667
2025-09-30T11:12:00,423,60.3,22,1.04889
2025-09-30T11:15:00,422,59.4,22,1.07267
2025-09-30T11:18:00,429,60.2,21,0.98909
2025-09-30T11:21:00,423,61,21,0.96921
2025-09-30T11:24:00,417,60.5,21,0.98164
2025-09-30T11:27:00,414,60.5,21,0.98164
2025-09-30T11:30:00,413,60.6,21,0.97915
2025-09-30T11:33:00,426,60.7,21,0.97667
2025-09-30T11:36:00,427,62.6,21,0.92945
2025-09-30T11:39:00,421,62.2,21,0.93939
2025-09-30T11:42:00,410,64.1,20,0.8388
2025-09-30T11:45:00,412,62.3,21,0.9369
2025-09-30T11:48:00,416,60.4,22,1.04625
2025-09-30T11:51:00,402,58.2,22,1.10438
2025-09-30T11:54:00,405,58.7,23,1.15952
2025-09-30T11:57:00,398,67.9,19,0.70481
2025-09-30T12:00:00,393,67.5,20,0.75936
2025-09-30T12:03:00,395,66,21,0.84495
2025-09-30T12:06:00,390,69.7,19,0.66528
2025-09-30T12:09:00,389,68.2,21,0.79028
2025-09-30T12:12:00,390,65.5,22,0.91151
2025-09-30T12:15:00,390,66.2,21,0.83998
2025-09-30T12:18:00,385,72.1,19,0.61259
2025-09-30T12:21:00,386,68.4,21,0.78531
2025-09-30T12:24:00,387,66.3,21,0.8375
2025-09-30T12:27:00,384,71.3,20,0.67057
2025-09-30T12:30:00,386,68.2,21,0.79028
2025-09-30T12:33:00,386,66.7,22,0.8798
2025-09-30T12:36:00,386,70.2,20,0.69627
2025-09-30T12:39:00,381,71.5,20,0.6659
2025-09-30T12:42:00,383,68.7,21,0.77785
2025-09-30T12:45:00,383,69.2,21,0.76543
2025-09-30T12:48:00,382,71.2,20,0.67291
2025-09-30T12:51:00,382,69.6,21,0.75549
2025-09-30T12:54:00,385,67.2,22,0.86659
2025-09-30T12:57:00,381,71.7,20,0.66122
2025-09-30T13:00:00,380,72,20,0.65421
2025-09-30T13:03:00,382,69.5,21,0.75797
2025-09-30T13:06:00,380,71.5,20,0.6659
2025-09-30T13:09:00,380,73.7,20,0.61449
2025-09-30T13:12:00,383,69.9,22,0.79526
2025-09-30T13:15:00,383,68.4,21,0.78531
2025-09-30T13:18:00,381,72.8,20,0.63552
2025-09-30T13:21:00,379,73.2,20,0.62618
2025-09-30T13:24:00,380,70.5,21,0.73312
2025-09-30T13:27:00,380,72.4,20,0.64487
2025-09-30T13:30:00,379,73.5,20,0.61917
2025-09-30T13:33:00,379,73.1,21,0.66851
2025-09-30T13:36:00,380,72.8,21,0.67596
2025-09-30T13:39:00,379,75.7,20,0.56776
2025-09-30T13:42:00,380,75.7,20,0.56776
2025-09-30T13:45:00,378,76,20,0.56076
2025-09-30T13:48:00,378,75.3,20,0.57711
2025-09-30T13:51:00,378,75,20,0.58412
2025-09-30T13:54:00,377,75.7,20,0.56776
2025-09-30T13:57:00,376,75.9,20,0.56309
2025-09-30T14:00:00,378,74.6,21,0.63123
2025-09-30T14:03:00,378,75.2,20,0.57945
2025-09-30T14:06:00,379,75.1,21,0.6188
2025-09-30T14:09:00,379,75.3,21,0.61383
2025-09-30T14:12:00,379,74.8,21,0.62626
2025-09-30T14:15:00,378,74.8,21,0.62626
2025-09-30T14:18:00,380,75,21,0.62129
2025-09-30T14:21:00,381,74.3,21,0.63868
2025-09-30T14:24:00,381,74.2,21,0.64117
2025-09-30T14:27:00,380,74.5,21,0.63371
2025-09-30T14:30:00,383,75.5,21,0.60886
2025-09-30T14:33:00,381,73.7,21,0.6536
2025-09-30T14:36:00,388,73.7,21,0.6536
2025-09-30T14:39:00,384,74.1,21,0.64365
2025-09-30T14:42:00,383,73.8,21,0.65111
2025-09-30T14:45:00,389,72.9,21,0.67348
2025-09-30T14:48:00,386,74.2,21,0.64117
2025-09-30T14:51:00,386,73.1,21,0.66851
2025-09-30T14:54:00,385,72.7,21,0.67845
2025-09-30T14:57:00,381,72.4,22,0.72921
2025-09-30T15:00:00,381,72.3,22,0.73185
2025-09-30T15:03:00,380,73.5,22,0.70014
2025-09-30T15:06:00,380,72.6,22,0.72392
2025-09-30T15:09:00,380,72.2,22,0.73449
2025-09-30T15:12:00,378,71.7,22,0.7477
2025-09-30T15:15:00,378,71.6,22,0.75034
2025-09-30T15:18:00,377,71.6,22,0.75034
2025-09-30T15:21:00,378,71.1,22,0.76355
2025-09-30T15:24:00,377,71.5,21,0.70827
2025-09-30T15:27:00,375,71.3,22,0.75827
2025-09-30T15:30:00,373,71.4,22,0.75563
2025-09-30T15:33:00,372,72.1,22,0.73713
2025-09-30T15:36:00,371,71,22,0.76619
2025-09-30T15:39:00,371,71.5,22,0.75298
2025-09-30T15:42:00,370,71,22,0.76619
2025-09-30T15:45:00,371,71.6,22,0.75034
2025-09-30T15:48:00,369,72.2,22,0.73449
2025-09-30T15:51:00,369,71.8,22,0.74506
2025-09-30T15:54:00,369,70.1,22,0.78997
2025-09-30T15:57:00,369,71.1,22,0.76355
2025-09-30T16:00:00,385,71.2,22,0.76091
2025-09-30T16:03:00,367,71.8,22,0.74506
2025-09-30T16:06:00,368,71.4,22,0.75563
2025-09-30T16:09:00,380,70.3,22,0.78469
2025-09-30T16:12:00,363,72.1,22,0.73713
2025-09-30T16:15:00,361,70.6,22,0.77676
2025-09-30T16:18:00,359,70.2,22,0.78733
2025-09-30T16:21:00,357,70.2,22,0.78733
2025-09-30T16:24:00,342,70.6,22,0.77676
2025-09-30T16:27:00,353,70.8,22,0.77148
2025-09-30T16:30:00,350,70.9,22,0.76884
2025-09-30T16:33:00,348,71.3,22,0.75827
2025-09-30T16:36:00,348,71.5,22,0.75298
2025-09-30T16:39:00,346,70.2,22,0.78733
2025-09-30T16:42:00,347,71.8,22,0.74506
2025-09-30T16:45:00,347,70.3,22,0.78469
2025-09-30T16:48:00,345,70.8,22,0.77148
2025-09-30T16:51:00,340,70.7,22,0.77412
2025-09-30T16:54:00,339,70.7,22,0.77412
2025-09-30T16:57:00,343,70.6,21,0.73064
2025-09-30T17:00:00,339,71.4,21,0.71075
2025-09-30T17:03:00,337,71,22,0.76619
2025-09-30T17:06:00,326,71.3,22,0.75827
2025-09-30T17:09:00,325,71,22,0.76619
2025-09-30T17:12:00,327,71.6,21,0.70578
2025-09-30T17:15:00,326,71.3,21,0.71324
2025-09-30T17:18:00,329,72.1,21,0.69336
2025-09-30T17:21:00,333,71.7,21,0.7033
2025-09-30T17:24:00,330,72.5,21,0.68342
2025-09-30T17:27:00,327,72.8,21,0.67596
2025-09-30T17:30:00,325,72.2,21,0.69087
2025-09-30T17:33:00,325,74.6,21,0.63123
2025-09-30T17:36:00,326,73.2,21,0.66602
2025-09-30T17:39:00,323,72.8,21,0.67596
2025-09-30T17:42:00,322,73.4,21,0.66105
2025-09-30T17:45:00,319,74.1,21,0.64365
2025-09-30T17:48:00,321,74,21,0.64614
2025-09-30T17:51:00,319,74.2,21,0.64117
2025-09-30T17:54:00,319,75.8,20,0.56543
2025-09-30T17:57:00,317,74.3,21,0.63868
2025-09-30T18:00:00,317,74.95,20.5,0.60366
2025-09-30T18:03:00,317,75.6,20,0.5701
2025-09-30T18:06:00,317,74.9,20,0.58646
2025-09-30T18:09:00,319,75,20,0.58412
2025-09-30T18:12:00,317,75.5,20,0.57244
2025-09-30T18:15:00,316,75.3,20,0.57711
2025-09-30T18:18:00,317,75,20,0.58412
2025-09-30T18:21:00,317,75.4,20,0.57477
2025-09-30T18:24:00,315,76.2,20,0.55608
2025-09-30T18:27:00,316,76.6,20,0.54674
2025-09-30T18:30:00,315,76.4,20,0.55141
2025-09-30T18:33:00,315,76.8,20,0.54206
2025-09-30T18:36:00,314,77.2,20,0.53272
2025-09-30T18:39:00,316,76.5,20,0.54907
2025-09-30T18:42:00,315,75.9,20,0.56309
2025-09-30T18:45:00,315,76.5,20,0.54907
2025-09-30T18:48:00,314,76.6,20,0.54674
2025-09-30T18:51:00,315,77.1,20,0.53505
2025-09-30T18:54:00,312,77,20,0.53739
2025-09-30T18:57:00,313,76.6,20,0.54674
2025-09-30T19:00:00,315,76,20,0.56076
2025-09-30T19:03:00,314,76.8,20,0.54206
2025-09-30T19:06:00,315,77.4,20,0.52804
2025-09-30T19:09:00,315,77.2,20,0.53272
2025-09-30T19:12:00,313,77.1,19,0.50281
2025-09-30T19:15:00,313,77,19,0.505
2025-09-30T19:18:00,314,77.2,19,0.50061
2025-09-30T19:21:00,314,78.1,19,0.48085
2025-09-30T19:24:00,314,78.2,19,0.47865
2025-09-30T19:27:00,315,77.5,19,0.49402
2025-09-30T19:30:00,314,78,19,0.48304
2025-09-30T19:33:00,314,78.3,19,0.47646
2025-09-30T19:36:00,312,77.5,19,0.49402
2025-09-30T19:39:00,315,77.6,19,0.49183
2025-09-30T19:42:00,314,75.7,20,0.56776
2025-09-30T19:45:00,317,76.1,20,0.55842
2025-09-30T19:48:00,318,73.9,20,0.60982
2025-09-30T19:51:00,318,75.6,20,0.5701
2025-09-30T19:54:00,319,75,20,0.58412
2025-09-30T19:57:00,319,74.3,20,0.60048
2025-09-30T20:00:00,320,74.6,20,0.59347
2025-09-30T20:03:00,0,75.7,20,0.56776
2025-09-30T20:06:00,0,75.6,20,0.5701
2025-09-30T20:09:00,0,75.7,20,0.56776
2025-09-30T20:12:00,0,75.9,20,0.56309
2025-09-30T20:15:00,0,76.1,19,0.52476
2025-09-30T20:18:00,0,76.1,19,0.52476
2025-09-30T20:21:00,0,76.4,19,0.51818
2025-09-30T20:24:00,0,76.2,20,0.55608
2025-09-30T20:27:00,0,76.1,20,0.55842
2025-09-30T20:30:00,0,76.2,19,0.52257
2025-09-30T20:33:00,0,76.2,20,0.55608
2025-09-30T20:36:00,0,76.2,20,0.55608
2025-09-30T20:39:00,0,76,19,0.52696
2025-09-30T20:42:00,0,76,20,0.56076
2025-09-30T20:45:00,0,76.2,20,0.55608
2025-09-30T20:48:00,0,75.8,20,0.56543
2025-09-30T20:51:00,0,75.3,20,0.57711
2025-09-30T20:54:00,0,75.7,20,0.56776
2025-09-30T20:57:00,0,75.7,20,0.56776
2025-09-30T21:00:00,0,75.9,20,0.56309
2025-09-30T21:03:00,0,75.9,20,0.56309
2025-09-30T21:06:00,0,76.3,20,0.55375
2025-09-30T21:09:00,0,76,20,0.56076
2025-09-30T21:12:00,0,76.4,20,0.55141
2025-09-30T21:15:00,0,76.3,20,0.55375
2025-09-30T21:18:00,0,76.4,20,0.55141
2025-09-30T21:21:00,0,76.3,20,0.55375
2025-09-30T21:24:00,0,76.1,20,0.55842
2025-09-30T21:27:00,0,76.1,20,0.55842
2025-09-30T21:30:00,0,76.1,20,0.55842
2025-09-30T21:33:00,0,76.1,20,0.55842
2025-09-30T21:36:00,0,76.3,20,0.55375
2025-09-30T21:39:00,0,76.4,20,0.55141
2025-09-30T21:42:00,0,75.5,19,0.53794
2025-09-30T21:45:00,0,76,20,0.56076
2025-09-30T21:48:00,0,75.9,19,0.52915
2025-09-30T21:51:00,0,76.4,19,0.51818
2025-09-30T21:54:00,0,75,19,0.54891
2025-09-30T21:57:00,0,75.7,19,0.53354
2025-09-30T22:00:00,0,75.7,19,0.53354
2025-09-30T22:03:00,0,76.1,19,0.52476
2025-09-30T22:06:00,0,75.4,19,0.54013
2025-09-30T22:09:00,0,75.9,19,0.52915
2025-09-30T22:12:00,0,75.1,19,0.54672
2025-09-30T22:15:00,0,76.1,19,0.52476
2025-09-30T22:18:00,0,74.8,19,0.55331
2025-09-30T22:21:00,0,75.5,19,0.53794
2025-09-30T22:24:00,0,75.4,19,0.54013
2025-09-30T22:27:00,0,75.7,19,0.53354
2025-09-30T22:30:00,0,74.3,19,0.56428
2025-09-30T22:33:00,0,76,19,0.52696
2025-09-30T22:36:00,0,73.7,19,0.57746
2025-09-30T22:39:00,0,75.4,19,0.54013
2025-09-30T22:42:00,0,73.1,19,0.59063
2025-09-30T22:45:00,0,75.8,19,0.53135
2025-09-30T22:48:00,0,73.4,19,0.58404
2025-09-30T22:51:00,0,76.1,19,0.52476
2025-09-30T22:54:00,0,74.4,19,0.56209
2025-09-30T22:57:00,0,75,19,0.54891
2025-09-30T23:00:00,0,74.2,19,0.56648
2025-09-30T23:03:00,0,72.5,19,0.60381
2025-09-30T23:06:00,0,75.3,19,0.54233
2025-09-30T23:09:00,0,74,19,0.57087
2025-09-30T23:12:00,0,74.7,19,0.5555
2025-09-30T23:15:00,0,74.6,19,0.5577
2025-09-30T23:18:00,0,73.3,19,0.58624
2025-09-30T23:21:00,0,72.5,19,0.60381
2025-09-30T23:24:00,0,74.6,19,0.5577
2025-09-30T23:27:00,0,73.8,19,0.57526
2025-09-30T23:30:00,0,72.8,19,0.59722
2025-09-30T23:33:00,0,74,19,0.57087
2025-09-30T23:36:00,0,73.2,19,0.58844
2025-09-30T23:39:00,0,72.1,19,0.61259
2025-09-30T23:42:00,0,72.9,19,0.59502
2025-09-30T23:45:00,0,72.9,19,0.59502
2025-09-30T23:48:00,0,71.6,19,0.62357
2025-09-30T23:51:00,0,72.4,19,0.606
2025-09-30T23:54:00,0,71.7,19,0.62137
2025-09-30T23:57:00,0,70.7,19,0.64333
2025-10-01T00:00:00,0,72.7,19,0.59941
2025-10-01T00:03:00,0,71.6,19,0.62357
2025-10-01T00:06:00,0,70.5,19,0.64772
2025-10-01T00:09:00,0,71.4,19,0.62796
2025-10-01T00:12:00,0,70.2,19,0.65431
2025-10-01T00:15:00,0,69.6,19,0.66748
2025-10-01T00:18:00,0,69.8,19,0.66309
2025-10-01T00:21:00,0,69.8,19,0.66309
2025-10-01T00:24:00,0,69,19,0.68065
2025-10-01T00:27:00,0,68.4,19,0.69383
2025-10-01T00:30:00,0,67.9,19,0.70481
2025-10-01T00:33:00,0,67.8,19,0.707
2025-10-01T00:36:00,0,69.8,19,0.66309
2025-10-01T00:39:00,0,69.9,19,0.66089
2025-10-01T00:42:00,0,69.3,19,0.67407
2025-10-01T00:45:00,0,68.8,19,0.68505
2025-10-01T00:48:00,0,68.6,19,0.68944
2025-10-01T00:51:00,0,69.3,19,0.67407
2025-10-01T00:54:00,0,68.4,19,0.69383
2025-10-01T00:57:00,0,67.7,19,0.7092
2025-10-01T01:00:00,0,67.6,19,0.71139
2025-10-01T01:03:00,0,67.3,19,0.71798
2025-10-01T01:06:00,0,67.5,19,0.71359
2025-10-01T01:09:00,0,67.7,19,0.7092
2025-10-01T01:12:00,0,67.8,19,0.707
2025-10-01T01:15:00,0,67.7,19,0.7092
2025-10-01T01:18:00,0,67.7,19,0.7092
2025-10-01T01:21:00,0,67.7,19,0.7092
2025-10-01T01:24:00,0,67.7,19,0.7092
2025-10-01T01:27:00,0,67.5,19,0.71359
2025-10-01T01:30:00,0,67.3,19,0.71798
2025-10-01T01:33:00,0,67.1,19,0.72237
2025-10-01T01:36:00,0,67,19,0.72457
2025-10-01T01:39:00,0,66.8,19,0.72896
2025-10-01T01:42:00,0,66.6,19,0.73335
2025-10-01T01:45:00,0,66.4,19,0.73774
2025-10-01T01:48:00,0,66.2,19,0.74213
2025-10-01T01:51:00,0,65.8,19,0.75091
2025-10-01T01:54:00,0,65.5,19,0.7575
2025-10-01T01:57:00,0,65.1,19,0.76628
2025-10-01T02:00:00,0,64.5,19,0.77946
2025-10-01T02:03:00,0,64.6,19,0.77726
2025-10-01T02:06:00,0,65.2,19,0.76409
2025-10-01T02:09:00,0,65.2,19,0.76409
2025-10-01T02:12:00,0,65,19,0.76848
2025-10-01T02:15:00,0,63.1,19,0.8102
2025-10-01T02:18:00,0,61.7,19,0.84094
2025-10-01T02:21:00,0,61.4,19,0.84752
2025-10-01T02:24:00,0,61.7,19,0.84094
2025-10-01T02:27:00,0,62.1,19,0.83215
2025-10-01T02:30:00,0,62.2,19,0.82996
2025-10-01T02:33:00,0,62.2,19,0.82996
2025-10-01T02:36:00,0,62.2,19,0.82996
2025-10-01T02:39:00,0,62.2,19,0.82996
2025-10-01T02:42:00,0,62.1,19,0.83215
2025-10-01T02:45:00,0,62,19,0.83435
2025-10-01T02:48:00,0,61.9,19,0.83655
2025-10-01T02:51:00,0,61.8,19,0.83874
2025-10-01T02:54:00,0,61.6,19,0.84313
2025-10-01T02:57:00,0,61.5,19,0.84533
2025-10-01T03:00:00,0,61.2,19,0.85192
2025-10-01T03:03:00,0,60.9,19,0.8585
2025-10-01T03:06:00,0,60.8,19,0.8607
2025-10-01T03:09:00,0,60.5,19,0.86728
2025-10-01T03:12:00,0,60.4,19,0.86948
2025-10-01T03:15:00,0,60,19,0.87826
2025-10-01T03:18:00,0,59.7,19,0.88485
2025-10-01T03:21:00,0,59.5,19,0.88924
2025-10-01T03:24:00,0,59.3,19,0.89363
2025-10-01T03:27:00,0,59.2,19,0.89583
2025-10-01T03:30:00,0,58.7,19,0.90681
2025-10-01T03:33:00,0,58.8,19,0.90461
2025-10-01T03:36:00,0,58.6,19,0.909
2025-10-01T03:39:00,0,58.7,19,0.90681
2025-10-01T03:42:00,0,58.5,19,0.9112
2025-10-01T03:45:00,0,58.7,19,0.90681
2025-10-01T03:48:00,0,58.8,19,0.90461
2025-10-01T03:51:00,0,59,19,0.90022
2025-10-01T03:54:00,0,59.2,19,0.89583
2025-10-01T03:57:00,0,59.3,19,0.89363
2025-10-01T04:00:00,0,59.4,19,0.89144
2025-10-01T04:03:00,344,59,19,0.90022
2025-10-01T04:06:00,341,58.3,19,0.91559
2025-10-01T04:09:00,338,57.6,19,0.93096
2025-10-01T04:12:00,335,56.5,19,0.95511
2025-10-01T04:15:00,333,56,19,0.96609
2025-10-01T04:18:00,331,55.3,19,0.98146
2025-10-01T04:21:00,330,54.9,19,0.99024
2025-10-01T04:24:00,330,54.3,20,1.06777
2025-10-01T04:27:00,327,53.7,20,1.08179
2025-10-01T04:30:00,327,53.4,20,1.0888
2025-10-01T04:33:00,326,52.7,20,1.10515
2025-10-01T04:36:00,328,52.4,20,1.11216
2025-10-01T04:39:00,326,51.8,20,1.12618
2025-10-01T04:42:00,326,48.2,20,1.2103
2025-10-01T04:45:00,326,49.2,20,1.18693
2025-10-01T04:48:00,326,47.3,20,1.23132
2025-10-01T04:51:00,324,47.7,20,1.22198
2025-10-01T04:54:00,324,46.4,19,1.17687
2025-10-01T04:57:00,324,47.1,20,1.236
2025-10-01T05:00:00,323,45.5,20,1.27338
2025-10-01T05:03:00,323,45.9,20,1.26404
2025-10-01T05:06:00,323,44.6,20,1.29441
2025-10-01T05:09:00,324,45.5,20,1.27338
2025-10-01T05:12:00,324,44.8,20,1.28974
2025-10-01T05:15:00,323,44.8,20,1.28974
2025-10-01T05:18:00,323,43.3,19,1.24494
2025-10-01T05:21:00,323,44.8,19,1.212
2025-10-01T05:24:00,323,43.8,20,1.3131
2025-10-01T05:27:00,321,43.9,20,1.31076
2025-10-01T05:30:00,323,44,20,1.30843
2025-10-01T05:33:00,323,43.1,19,1.24933
2025-10-01T05:36:00,323,44,19,1.22957
2025-10-01T05:39:00,323,43.8,19,1.23396
2025-10-01T05:42:00,323,43.8,19,1.23396
2025-10-01T05:45:00,322,43.9,20,1.31076
2025-10-01T05:48:00,324,43.8,19,1.23396
2025-10-01T05:51:00,323,43.5,19,1.24055
2025-10-01T05:54:00,322,44,19,1.22957
2025-10-01T05:57:00,323,42.3,19,1.26689
2025-10-01T06:00:00,323,43.3,19,1.24494
2025-10-01T06:03:00,322,43,20,1.33179
2025-10-01T06:06:00,323,42.8,19,1.25592
2025-10-01T06:09:00,323,43.1,20,1.32946
2025-10-01T06:12:00,323,43.6,20,1.31777
2025-10-01T06:15:00,322,42.7,20,1.3388
2025-10-01T06:18:00,323,43,20,1.33179
2025-10-01T06:21:00,322,43.1,20,1.32946
2025-10-01T06:24:00,323,43.3,20,1.32478
2025-10-01T06:27:00,324,43,20,1.33179
2025-10-01T06:30:00,324,42.7,20,1.3388
2025-10-01T06:33:00,323,42.9,20,1.33413
2025-10-01T06:36:00,323,42.7,20,1.3388
2025-10-01T06:39:00,324,42.7,20,1.3388
2025-10-01T06:42:00,323,42.4,20,1.34581
2025-10-01T06:45:00,324,42.5,20,1.34348
2025-10-01T06:48:00,323,42.2,20,1.35049
2025-10-01T06:51:00,324,42.6,20,1.34114
2025-10-01T06:54:00,323,42.7,20,1.3388
2025-10-01T06:57:00,325,42.9,20,1.33413
2025-10-01T07:00:00,325,42.8,20,1.33647
2025-10-01T07:03:00,326,43.2,20,1.32712
2025-10-01T07:06:00,326,43.4,20,1.32245
2025-10-01T07:09:00,326,43.3,20,1.32478
2025-10-01T07:12:00,326,43.4,20,1.32245
2025-10-01T07:15:00,327,43.8,21,1.39666
2025-10-01T07:18:00,327,43.7,21,1.39914
2025-10-01T07:21:00,326,43.7,21,1.39914
2025-10-01T07:24:00,327,43.6,21,1.40163
2025-10-01T07:27:00,328,43.4,21,1.4066
2025-10-01T07:30:00,328,43.4,21,1.4066
2025-10-01T07:33:00,328,43.7,21,1.39914
2025-10-01T07:36:00,328,43.5,21,1.40411
2025-10-01T07:39:00,328,43.5,21,1.40411
2025-10-01T07:42:00,331,43.5,21,1.40411
2025-10-01T07:45:00,330,43.4,21,1.4066
2025-10-01T07:48:00,331,43.3,21,1.40908
2025-10-01T07:51:00,331,43.4,21,1.4066
2025-10-01T07:54:00,332,43.1,21,1.41405
2025-10-01T07:57:00,331,43.2,21,1.41157
2025-10-01T08:00:00,333,43.1,21,1.41405
2025-10-01T08:03:00,333,43.2,21,1.41157
2025-10-01T08:06:00,332,43,21,1.41654
2025-10-01T08:09:00,333,42.8,21,1.42151
2025-10-01T08:12:00,334,42.8,21,1.42151
2025-10-01T08:15:00,333,42.9,21,1.41902
2025-10-01T08:18:00,334,43,21,1.41654
2025-10-01T08:21:00,334,43,21,1.41654
2025-10-01T08:24:00,334,43.2,21,1.41157
2025-10-01T08:27:00,334,42.7,21,1.42399
2025-10-01T08:30:00,335,42.6,21,1.42648
2025-10-01T08:33:00,334,42.5,21,1.42896
2025-10-01T08:36:00,334,43.1,21,1.41405
2025-10-01T08:39:00,336,43.2,21,1.41157
2025-10-01T08:42:00,335,43.6,21,1.40163
2025-10-01T08:45:00,335,43.9,22,1.48219
2025-10-01T08:48:00,336,43.7,22,1.48747
2025-10-01T08:51:00,336,43.4,22,1.4954
2025-10-01T08:54:00,336,43.8,22,1.48483
2025-10-01T08:57:00,336,44.2,22,1.47426
2025-10-01T09:00:00,336,44.5,22,1.46634
2025-10-01T09:03:00,338,44.5,22,1.46634
2025-10-01T09:06:00,338,44.4,22,1.46898
2025-10-01T09:09:00,339,44.6,22,1.46369
2025-10-01T09:12:00,339,44.3,22,1.47162
2025-10-01T09:15:00,339,44.8,22,1.45841
2025-10-01T09:18:00,339,43.4,22,1.4954
2025-10-01T09:21:00,342,42.6,22,1.51654
2025-10-01T09:24:00,345,42.6,22,1.51654
2025-10-01T09:27:00,351,41.6,22,1.54296
2025-10-01T09:30:00,364,41,22,1.55881
2025-10-01T09:33:00,415,40.4,22,1.57466
2025-10-01T09:36:00,451,37.6,23,1.75191
2025-10-01T09:39:00,468,37.7,23,1.7491
2025-10-01T09:42:00,475,36.3,23,1.78841
2025-10-01T09:45:00,461,36.5,23,1.78279
2025-10-01T09:48:00,471,35.9,23,1.79964
2025-10-01T09:51:00,470,35.7,23,1.80525
2025-10-01T09:54:00,471,35.1,23,1.8221
2025-10-01T09:57:00,472,34.6,23,1.83613
2025-10-01T10:00:00,468,35.2,23,1.81929
2025-10-01T10:03:00,463,34.2,23,1.84736
2025-10-01T10:06:00,461,33.9,23,1.85579
2025-10-01T10:09:00,457,34.3,23,1.84456
2025-10-01T10:12:00,463,34.4,23,1.84175
2025-10-01T10:15:00,458,35.3,22,1.7094
2025-10-01T10:18:00,457,35.6,22,1.70148
2025-10-01T10:21:00,456,36.1,22,1.68827
2025-10-01T10:24:00,456,35.3,23,1.81648
2025-10-01T10:27:00,458,35,23,1.8249
2025-10-01T10:30:00,457,35.2,23,1.81929
2025-10-01T10:33:00,457,35.6,23,1.80806
2025-10-01T10:36:00,457,36.5,22,1.6777
2025-10-01T10:39:00,449,37.7,22,1.646
2025-10-01T10:42:00,454,37.3,23,1.76033
2025-10-01T10:45:00,452,37.4,22,1.65392
2025-10-01T10:48:00,447.5,36.8,22.5,1.72138
2025-10-01T10:51:00,443,36.2,23,1.79121
2025-10-01T10:54:00,446,36.2,23,1.79121
2025-10-01T10:57:00,435,40.8,20,1.3832
2025-10-01T11:00:00,432,39.6,22,1.5958
2025-10-01T11:03:00,427,38.6,22,1.62222
2025-10-01T11:06:00,420,41.1,20,1.37619
2025-10-01T11:09:00,416,40.4,21,1.48115
2025-10-01T11:12:00,419,39.3,22,1.60372
2025-10-01T11:15:00,422,39,22,1.61165
2025-10-01T11:18:00,419,43.4,19,1.24274
2025-10-01T11:21:00,416,49.2,21,1.26246
2025-10-01T11:24:00,413,52.6,21,1.17796
2025-10-01T11:27:00,408,59.6,19,0.88705
2025-10-01T11:30:00,408,57.9,20,0.98366
2025-10-01T11:33:00,409,56.6,21,1.07856
2025-10-01T11:36:00,408,57.2,21,1.06365
2025-10-01T11:39:00,408,55.9,20,1.03039
2025-10-01T11:42:00,404,55.9,20,1.03039
2025-10-01T11:45:00,402,55.6,20,1.0374
2025-10-01T11:48:00,400,55.6,21,1.10341
2025-10-01T11:51:00,398,55.7,21,1.10092
2025-10-01T11:54:00,396,53.8,22,1.22063
2025-10-01T11:57:00,401,54.2,21,1.1382
2025-10-01T12:00:00,399,53.9,22,1.21798
2025-10-01T12:03:00,400,55,21,1.11832
2025-10-01T12:06:00,402,55.2,22,1.18364
2025-10-01T12:09:00,399,58,21,1.04376
2025-10-01T12:12:00,396,57.9,21,1.04625
2025-10-01T12:15:00,393,57.8,21,1.04873
2025-10-01T12:18:00,391,56.5,21,1.08104
2025-10-01T12:21:00,380,54,23,1.29147
2025-10-01T12:24:00,381,55.6,22,1.17307
2025-10-01T12:27:00,386,54,22,1.21534
2025-10-01T12:30:00,384,54.4,22,1.20477
2025-10-01T12:33:00,391,53.9,22,1.21798
2025-10-01T12:36:00,391,54.3,22,1.20742
2025-10-01T12:39:00,380,52.7,22,1.24969
2025-10-01T12:42:00,388,51.7,21,1.20033
2025-10-01T12:45:00,368,54.3,21,1.13572
2025-10-01T12:48:00,381,50.6,21,1.22767
2025-10-01T12:51:00,366,50.1,21,1.24009
2025-10-01T12:54:00,380,47.8,22,1.37915
2025-10-01T12:57:00,376,50.6,21,1.22767
2025-10-01T13:00:00,373,48.9,22,1.35009
2025-10-01T13:03:00,383,44.8,23,1.54976
2025-10-01T13:06:00,374,58.9,20,0.96029
2025-10-01T13:09:00,376,57.6,21,1.05371
2025-10-01T13:12:00,378,64.6,19,0.77726
2025-10-01T13:15:00,391,65.9,19,0.74872
2025-10-01T13:18:00,394,62.7,20,0.87151
2025-10-01T13:21:00,390,63.9,19,0.79263
2025-10-01T13:24:00,380,62.6,20,0.87384
2025-10-01T13:27:00,366,55.9,22,1.16514
2025-10-01T13:30:00,367,57.8,22,1.11494
2025-10-01T13:33:00,378,58.8,21,1.02388
2025-10-01T13:36:00,381,59.1,21,1.01643
2025-10-01T13:39:00,403,63.8,20,0.84581
2025-10-01T13:42:00,400,61.1,21,0.96672
2025-10-01T13:45:00,388,59.8,21,0.99903
2025-10-01T13:48:00,391,59.5,21,1.00649
2025-10-01T13:51:00,411,59.8,21,0.99903
2025-10-01T13:54:00,408,60.3,21,0.98661
2025-10-01T13:57:00,405,59.9,22,1.05946
2025-10-01T14:00:00,373,59,22,1.08324
2025-10-01T14:03:00,363,52.9,23,1.32235
2025-10-01T14:06:00,372,54,23,1.29147
2025-10-01T14:09:00,413,60.5,21,0.98164
2025-10-01T14:12:00,405,60.4,21,0.98412
2025-10-01T14:15:00,397,59.8,22,1.0621
2025-10-01T14:18:00,393,59.1,22,1.0806
2025-10-01T14:21:00,389,60.6,21,0.97915
2025-10-01T14:24:00,391,59.4,22,1.07267
2025-10-01T14:27:00,391,58.5,22,1.09645
2025-10-01T14:30:00,390,57.4,22,1.12551
2025-10-01T14:33:00,390,61.1,20,0.90889
2025-10-01T14:36:00,389,57.6,21,1.05371
2025-10-01T14:39:00,389,55.4,22,1.17835
2025-10-01T14:42:00,390,53.6,21,1.15311
2025-10-01T14:45:00,391,53.6,22,1.22591
2025-10-01T14:48:00,395,51,23,1.3757
2025-10-01T14:51:00,393,55.6,23,1.24655
2025-10-01T14:54:00,389,66.8,19,0.72896
2025-10-01T14:57:00,388,64.1,21,0.89217
2025-10-01T15:00:00,385,66,20,0.7944
2025-10-01T15:03:00,384,65.8,20,0.79908
2025-10-01T15:06:00,384,63.7,21,0.90211
2025-10-01T15:09:00,384,63.1,21,0.91702
2025-10-01T15:12:00,383,62.6,22,0.98813
2025-10-01T15:15:00,383,62,22,1.00398
2025-10-01T15:18:00,384,62.4,21,0.93442
2025-10-01T15:21:00,384,63.4,21,0.90957
2025-10-01T15:24:00,383,62.3,22,0.99605
2025-10-01T15:27:00,382,62.3,22,0.99605
2025-10-01T15:30:00,381,62.2,22,0.99869
2025-10-01T15:33:00,380,62,22,1.00398
2025-10-01T15:36:00,381,61.2,22,1.02511
2025-10-01T15:39:00,378,62.2,21,0.93939
2025-10-01T15:42:00,374,63.2,21,0.91454
2025-10-01T15:45:00,369,60.4,22,1.04625
2025-10-01T15:48:00,378,61,22,1.0304
2025-10-01T15:51:00,380,60.7,22,1.03832
2025-10-01T15:54:00,382,60.3,22,1.04889
2025-10-01T15:57:00,381,59.3,22,1.07531
2025-10-01T16:00:00,381,58.3,22,1.10173
2025-10-01T16:03:00,379,59,22,1.08324
2025-10-01T16:06:00,378,58.2,22,1.10438
2025-10-01T16:09:00,375,57.2,22,1.1308
2025-10-01T16:12:00,372,56,22,1.1625
2025-10-01T16:15:00,369,54.7,23,1.27182
2025-10-01T16:18:00,375,53.5,23,1.30551
2025-10-01T16:21:00,370,52.5,23,1.33358
2025-10-01T16:24:00,356,52.1,23,1.34481
2025-10-01T16:27:00,361,52.1,23,1.34481
2025-10-01T16:30:00,363,50.5,23,1.38973
2025-10-01T16:33:00,359,52.4,22,1.25761
2025-10-01T16:36:00,358,51.2,22,1.28932
2025-10-01T16:39:00,357,51.9,22,1.27083
2025-10-01T16:42:00,358,51.4,23,1.36447
2025-10-01T16:45:00,358,51.3,23,1.36727
2025-10-01T16:48:00,354,52.9,22,1.2444
2025-10-01T16:51:00,354,51.2,22,1.28932
2025-10-01T16:54:00,353,50.6,23,1.38693
2025-10-01T16:57:00,353,51.9,22,1.27083
2025-10-01T17:00:00,348,51.6,22,1.27875
2025-10-01T17:03:00,346,51.3,22,1.28668
2025-10-01T17:06:00,342,51,22,1.2946
2025-10-01T17:09:00,342,51.8,22,1.27347
2025-10-01T17:12:00,336,51.4,22,1.28404
2025-10-01T17:15:00,342,51.3,22,1.28668
2025-10-01T17:18:00,339,53.2,21,1.16305
2025-10-01T17:21:00,336,52.4,22,1.25761
2025-10-01T17:24:00,336,54.6,22,1.19949
2025-10-01T17:27:00,334,63,21,0.91951
2025-10-01T17:30:00,334,64.2,21,0.88968
2025-10-01T17:33:00,336,65,21,0.8698
2025-10-01T17:36:00,336,65.9,21,0.84744
2025-10-01T17:39:00,336,64.7,20,0.82478
2025-10-01T17:42:00,336,64,21,0.89466
2025-10-01T17:45:00,334,64,21,0.89466
2025-10-01T17:48:00,333,62.5,21,0.93193
2025-10-01T17:51:00,332,62.5,21,0.93193
2025-10-01T17:54:00,331,62.4,21,0.93442
2025-10-01T17:57:00,332,63.2,21,0.91454
2025-10-01T18:00:00,331,62.1,21,0.94187
2025-10-01T18:03:00,330,61.2,21,0.96424
2025-10-01T18:06:00,329,61.8,21,0.94933
2025-10-01T18:09:00,328,61.9,21,0.94684
2025-10-01T18:12:00,328,62.4,22,0.99341
2025-10-01T18:15:00,330,61.5,21,0.95678
2025-10-01T18:18:00,328,61.8,21,0.94933
2025-10-01T18:21:00,328,60.8,21,0.97418
2025-10-01T18:24:00,326,60.5,22,1.04361
2025-10-01T18:27:00,328,60.5,22,1.04361
2025-10-01T18:30:00,326,60.6,21,0.97915
2025-10-01T18:33:00,326,59.3,22,1.07531
2025-10-01T18:36:00,326,60.8,21,0.97418
2025-10-01T18:39:00,327,61,22,1.0304
2025-10-01T18:42:00,326,60.7,21,0.97667
2025-10-01T18:45:00,326,60,22,1.05682
2025-10-01T18:48:00,324,59.7,22,1.06475
2025-10-01T18:51:00,325,60.8,21,0.97418
2025-10-01T18:54:00,326,59.6,22,1.06739
2025-10-01T18:57:00,325,59.9,22,1.05946
2025-10-01T19:00:00,325,58.8,22,1.08852
2025-10-01T19:03:00,325,60,21,0.99406
2025-10-01T19:06:00,326,58.4,22,1.09909
2025-10-01T19:09:00,325,60.1,22,1.05418
2025-10-01T19:12:00,326,58.6,22,1.09381
2025-10-01T19:15:00,325,58.9,21,1.0214
2025-10-01T19:18:00,326,57.8,22,1.11494
2025-10-01T19:21:00,325,58.1,22,1.10702
2025-10-01T19:24:00,326,57.8,22,1.11494
2025-10-01T19:27:00,326,57.6,22,1.12023
2025-10-01T19:30:00,325,57.2,21,1.06365
2025-10-01T19:33:00,326,57.3,22,1.12815
2025-10-01T19:36:00,325,57.6,22,1.12023
2025-10-01T19:39:00,326,56.5,22,1.14929
2025-10-01T19:42:00,325,56.1,22,1.15986
2025-10-01T19:45:00,325,55.4,22,1.17835
2025-10-01T19:48:00,327,55.9,22,1.16514
2025-10-01T19:51:00,326,55.8,22,1.16779
2025-10-01T19:54:00,327,55.8,22,1.16779
2025-10-01T19:57:00,325,56.1,22,1.15986
2025-10-01T20:00:00,328,55.3,22,1.181
2025-10-01T20:03:00,0,55.4,21,1.10838
2025-10-01T20:06:00,0,56.1,21,1.09098
2025-10-01T20:09:00,0,55.5,21,1.10589
2025-10-01T20:12:00,0,55.5,21,1.10589
2025-10-01T20:15:00,0,55.6,21,1.10341
2025-10-01T20:18:00,0,55.7,21,1.10092
2025-10-01T20:21:00,0,56.3,21,1.08601
2025-10-01T20:24:00,0,56.8,20,1.00936
2025-10-01T20:27:00,0,57.3,20,0.99768
2025-10-01T20:30:00,0,57.6,20,0.99067
2025-10-01T20:33:00,0,57.9,20,0.98366
2025-10-01T20:36:00,0,58.3,20,0.97431
2025-10-01T20:39:00,0,58.5,20,0.96964
2025-10-01T20:42:00,0,59,20,0.95796
2025-10-01T20:45:00,0,59.2,20,0.95328
2025-10-01T20:48:00,0,59.5,20,0.94627
2025-10-01T20:51:00,0,59.9,20,0.93693
2025-10-01T20:54:00,0,60.3,19,0.87168
2025-10-01T20:57:00,0,60.6,19,0.86509
2025-10-01T21:00:00,0,61.2,19,0.85192
2025-10-01T21:03:00,0,61.5,19,0.84533
2025-10-01T21:06:00,0,61.7,19,0.84094
2025-10-01T21:09:00,0,62,19,0.83435
2025-10-01T21:12:00,0,62.9,19,0.81459
2025-10-01T21:15:00,0,63,19,0.81239
2025-10-01T21:18:00,0,63.3,19,0.80581
2025-10-01T21:21:00,0,64,19,0.79044
2025-10-01T21:24:00,0,64,19,0.79044
2025-10-01T21:27:00,0,64.4,19,0.78165
2025-10-01T21:30:00,0,64.4,19,0.78165
2025-10-01T21:33:00,0,65.1,19,0.76628
2025-10-01T21:36:00,0,65.5,19,0.7575
2025-10-01T21:39:00,0,65.6,19,0.75531
2025-10-01T21:42:00,0,65.9,19,0.74872
2025-10-01T21:45:00,0,66.2,19,0.74213
2025-10-01T21:48:00,0,66.5,19,0.73555
2025-10-01T21:51:00,0,66.6,19,0.73335
2025-10-01T21:54:00,0,66.7,19,0.73115
2025-10-01T21:57:00,0,67,19,0.72457
2025-10-01T22:00:00,0,66.9,19,0.72676
2025-10-01T22:03:00,0,67.1,19,0.72237
2025-10-01T22:06:00,0,67.1,19,0.72237
2025-10-01T22:09:00,0,67.4,19,0.71578
2025-10-01T22:12:00,0,67.4,19,0.71578
2025-10-01T22:15:00,0,67.6,19,0.71139
2025-10-01T22:18:00,0,67.5,19,0.71359
2025-10-01T22:21:00,0,67.7,19,0.7092
2025-10-01T22:24:00,0,67.7,19,0.7092
2025-10-01T22:27:00,0,67.9,19,0.70481
2025-10-01T22:30:00,0,67.9,19,0.70481
2025-10-01T22:33:00,0,67.8,19,0.707
2025-10-01T22:36:00,0,68.1,19,0.70041
2025-10-01T22:39:00,0,68.1,19,0.70041
2025-10-01T22:42:00,0,68.2,19,0.69822
2025-10-01T22:45:00,0,68.4,19,0.69383
2025-10-01T22:48:00,0,68.4,19,0.69383
2025-10-01T22:51:00,0,68.4,19,0.69383
2025-10-01T22:54:00,0,68.4,19,0.69383
2025-10-01T22:57:00,0,68.5,19,0.69163
2025-10-01T23:00:00,0,68.6,19,0.68944
2025-10-01T23:03:00,0,68.7,19,0.68724
2025-10-01T23:06:00,0,69,19,0.68065
2025-10-01T23:09:00,0,69.7,19,0.66528
2025-10-01T23:12:00,0,70.2,19,0.65431
2025-10-01T23:15:00,0,70.5,19,0.64772
2025-10-01T23:18:00,0,71,19,0.63674
2025-10-01T23:21:00,0,71.3,19,0.63015
2025-10-01T23:24:00,0,71.5,19,0.62576
2025-10-01T23:27:00,0,71.7,19,0.62137
2025-10-01T23:30:00,0,71.9,19,0.61698
2025-10-01T23:33:00,0,71.8,19,0.61918
2025-10-01T23:36:00,0,72.1,19,0.61259
2025-10-01T23:39:00,0,72.1,19,0.61259
2025-10-01T23:42:00,0,72.2,19,0.61039
2025-10-01T23:45:00,0,72.2,19,0.61039
2025-10-01T23:48:00,0,72.3,19,0.6082
2025-10-01T23:51:00,0,72.3,19,0.6082
2025-10-01T23:54:00,0,72.4,19,0.606
2025-10-01T23:57:00,0,72.5,19,0.60381
2025-10-02T00:00:00,0,72.4,19,0.606
2025-10-02T00:03:00,0,72.5,19,0.60381
2025-10-02T00:06:00,0,72.5,19,0.60381
2025-10-02T00:09:00,0,72.5,19,0.60381
2025-10-02T00:12:00,0,72.5,18,0.56714
2025-10-02T00:15:00,0,72.5,18,0.56714
2025-10-02T00:18:00,0,72.4,18,0.5692
2025-10-02T00:21:00,0,72.4,18,0.5692
2025-10-02T00:24:00,0,72.4,18,0.5692
2025-10-02T00:27:00,0,72.3,18,0.57127
2025-10-02T00:30:00,0,72.2,18,0.57333
2025-10-02T00:33:00,0,72.5,18,0.56714
2025-10-02T00:36:00,0,73.1,18,0.55477
2025-10-02T00:39:00,0,73.6,18,0.54446
2025-10-02T00:42:00,0,73.8,18,0.54033
2025-10-02T00:45:00,0,73.9,18,0.53827
2025-10-02T00:48:00,0,74,18,0.53621
2025-10-02T00:51:00,0,74.1,18,0.53414
2025-10-02T00:54:00,0,74.1,18,0.53414
2025-10-02T00:57:00,0,74.1,18,0.53414
2025-10-02T01:00:00,0,74.3,18,0.53002
2025-10-02T01:03:00,0,74.1,18,0.53414
2025-10-02T01:06:00,0,74.3,18,0.53002
2025-10-02T01:09:00,0,74.6,18,0.52383
2025-10-02T01:12:00,0,75,18,0.51558
2025-10-02T01:15:00,0,75.1,18,0.51352
2025-10-02T01:18:00,0,75.2,18,0.51146
2025-10-02T01:21:00,0,75.4,18,0.50733
2025-10-02T01:24:00,0,75.6,18,0.50321
2025-10-02T01:27:00,0,75.8,18,0.49908
2025-10-02T01:30:00,0,75.9,18,0.49702
2025-10-02T01:33:00,0,76,18,0.49496
2025-10-02T01:36:00,0,75.9,18,0.49702
2025-10-02T01:39:00,0,75.9,18,0.49702
2025-10-02T01:42:00,0,75.7,18,0.50115
2025-10-02T01:45:00,0,75.8,18,0.49908
2025-10-02T01:48:00,0,75.8,18,0.49908
2025-10-02T01:51:00,0,75.7,18,0.50115
2025-10-02T01:54:00,0,75.6,18,0.50321
2025-10-02T01:57:00,0,75.7,18,0.50115
2025-10-02T02:00:00,0,75.5,18,0.50527
2025-10-02T02:03:00,0,75.5,18,0.50527
2025-10-02T02:06:00,0,75.7,18,0.50115
2025-10-02T02:09:00,0,76.2,18,0.49084
2025-10-02T02:12:00,0,76.4,18,0.48671
2025-10-02T02:15:00,0,76.5,18,0.48465
2025-10-02T02:18:00,0,76.6,18,0.48259
2025-10-02T02:21:00,0,76.6,17,0.45306
2025-10-02T02:24:00,0,76.6,17,0.45306
2025-10-02T02:27:00,0,76.6,17,0.45306
2025-10-02T02:30:00,0,76.5,17,0.455
2025-10-02T02:33:00,0,76.6,17,0.45306
2025-10-02T02:36:00,0,76.4,17,0.45693
2025-10-02T02:39:00,0,76.5,17,0.455
2025-10-02T02:42:00,0,76.4,17,0.45693
2025-10-02T02:45:00,0,76.3,17,0.45887
2025-10-02T02:48:00,0,76.1,17,0.46274
2025-10-02T02:51:00,0,76.2,17,0.46081
2025-10-02T02:54:00,0,76,17,0.46468
2025-10-02T02:57:00,0,76,17,0.46468
2025-10-02T03:00:00,0,75.8,17,0.46855
2025-10-02T03:03:00,0,75.8,17,0.46855
2025-10-02T03:06:00,0,75.7,17,0.47049
2025-10-02T03:09:00,0,75.5,17,0.47436
2025-10-02T03:12:00,0,75.4,17,0.4763
2025-10-02T03:15:00,0,75.5,17,0.47436
2025-10-02T03:18:00,0,75.4,17,0.4763
2025-10-02T03:21:00,0,75.3,17,0.47823
2025-10-02T03:24:00,0,75.1,17,0.4821
2025-10-02T03:27:00,0,75.1,17,0.4821
2025-10-02T03:30:00,0,75.1,17,0.4821
2025-10-02T03:33:00,0,75,17,0.48404
2025-10-02T03:36:00,0,74.9,17,0.48598
2025-10-02T03:39:00,0,74.7,17,0.48985
2025-10-02T03:42:00,0,74.7,17,0.48985
2025-10-02T03:45:00,0,74.6,17,0.49179
2025-10-02T03:48:00,0,74.6,17,0.49179
2025-10-02T03:51:00,0,74.6,17,0.49179
2025-10-02T03:54:00,0,74.6,17,0.49179
2025-10-02T03:57:00,0,74.6,17,0.49179
2025-10-02T04:00:00,0,74.5,17,0.49372
2025-10-02T04:03:00,341,74.1,17,0.50147
2025-10-02T04:06:00,339,73.6,17,0.51115
2025-10-02T04:09:00,336,72.8,17,0.52664
2025-10-02T04:12:00,334,72.3,18,0.57127
2025-10-02T04:15:00,331,71.7,18,0.58364
2025-10-02T04:18:00,330,71.2,18,0.59395
2025-10-02T04:21:00,328,70.8,18,0.6022
2025-10-02T04:24:00,328,70.3,18,0.61251
2025-10-02T04:27:00,326,69.9,18,0.62076
2025-10-02T04:30:00,326,69.5,18,0.62901
2025-10-02T04:33:00,326,69.4,19,0.67187
2025-10-02T04:36:00,326,69.1,19,0.67846
2025-10-02T04:39:00,324,68.7,19,0.68724
2025-10-02T04:42:00,326,68.5,19,0.69163
2025-10-02T04:45:00,325,68.2,19,0.69822
2025-10-02T04:48:00,324,67.9,19,0.70481
2025-10-02T04:51:00,323,67.7,19,0.7092
2025-10-02T04:54:00,324,67.6,19,0.71139
2025-10-02T04:57:00,324,67.5,19,0.71359
2025-10-02T05:00:00,325,67.2,19,0.72018
2025-10-02T05:03:00,324,67.1,19,0.72237
2025-10-02T05:06:00,324,66.8,19,0.72896
2025-10-02T05:09:00,324,66.6,20,0.78038
2025-10-02T05:12:00,325,66.3,20,0.78739
2025-10-02T05:15:00,323,65.3,20,0.81076
2025-10-02T05:18:00,323,64.6,20,0.82711
2025-10-02T05:21:00,323,64,20,0.84113
2025-10-02T05:24:00,323,63,20,0.8645
2025-10-02T05:27:00,325,62.4,20,0.87852
2025-10-02T05:30:00,324,61.6,20,0.89721
2025-10-02T05:33:00,325,61.5,20,0.89954
2025-10-02T05:36:00,323,60.9,20,0.91356
2025-10-02T05:39:00,325,60.6,20,0.92057
2025-10-02T05:42:00,324,60.5,20,0.92291
2025-10-02T05:45:00,325,60.3,20,0.92758
2025-10-02T05:48:00,323,59.7,20,0.9416
2025-10-02T05:51:00,324,59.4,20,0.94861
2025-10-02T05:54:00,325,59.3,20,0.95095
2025-10-02T05:57:00,324,59,20,0.95796
2025-10-02T06:00:00,324,59,20,0.95796
2025-10-02T06:03:00,325,58.9,20,0.96029
2025-10-02T06:06:00,324,58.4,20,0.97198
2025-10-02T06:09:00,324,58.8,20,0.96263
2025-10-02T06:12:00,325,59.1,20,0.95562
2025-10-02T06:15:00,325,59.1,20,0.95562
2025-10-02T06:18:00,323,59,20,0.95796
2025-10-02T06:21:00,325,58.6,20,0.9673
2025-10-02T06:24:00,324,58.4,20,0.97198
2025-10-02T06:27:00,324,58.2,20,0.97665
2025-10-02T06:30:00,325,58.2,20,0.97665
2025-10-02T06:33:00,324,58.3,20,0.97431
2025-10-02T06:36:00,324,58.5,20,0.96964
2025-10-02T06:39:00,324,58.6,20,0.9673
2025-10-02T06:42:00,326,58.8,20,0.96263
2025-10-02T06:45:00,326,58.9,20,0.96029
2025-10-02T06:48:00,324,58.4,20,0.97198
2025-10-02T06:51:00,325,57.8,20,0.98599
2025-10-02T06:54:00,326,58.1,20,0.97898
2025-10-02T06:57:00,326,58.6,20,0.9673
2025-10-02T07:00:00,326,58.6,20,0.9673
2025-10-02T07:03:00,325,58.9,20,0.96029
2025-10-02T07:06:00,325,58.6,20,0.9673
2025-10-02T07:09:00,326,58,20,0.98132
2025-10-02T07:12:00,326,57.7,20,0.98833
2025-10-02T07:15:00,328,57.9,20,0.98366
2025-10-02T07:18:00,327,58,20,0.98132
2025-10-02T07:21:00,326,58,20,0.98132
2025-10-02T07:24:00,327,58.4,20,0.97198
2025-10-02T07:27:00,328,58.4,20,0.97198
2025-10-02T07:30:00,329,58.7,20,0.96497
2025-10-02T07:33:00,328,57.9,20,0.98366
2025-10-02T07:36:00,328,57.8,20,0.98599
2025-10-02T07:39:00,331,58,20,0.98132
2025-10-02T07:42:00,332,58.1,20,0.97898
2025-10-02T07:45:00,331,58,20,0.98132
2025-10-02T07:48:00,331,58.4,20,0.97198
2025-10-02T07:51:00,332,58.4,21,1.03382
2025-10-02T07:54:00,333,57.9,21,1.04625
2025-10-02T07:57:00,334,57.2,21,1.06365
2025-10-02T08:00:00,334,57,21,1.06862
2025-10-02T08:03:00,334,57.4,21,1.05868
2025-10-02T08:06:00,335,57.6,21,1.05371
2025-10-02T08:09:00,335,58,21,1.04376
2025-10-02T08:12:00,334,57.2,21,1.06365
2025-10-02T08:15:00,336,56.4,21,1.08353
2025-10-02T08:18:00,336,57.1,21,1.06613
2025-10-02T08:21:00,336,57,21,1.06862
2025-10-02T08:24:00,337,57.3,21,1.06116
2025-10-02T08:27:00,337,56.9,21,1.0711
2025-10-02T08:30:00,337,56.3,21,1.08601
2025-10-02T08:33:00,339,56,21,1.09347
2025-10-02T08:36:00,339,55.5,21,1.10589
2025-10-02T08:39:00,338,55.5,21,1.10589
2025-10-02T08:42:00,339,55.8,21,1.09844
2025-10-02T08:45:00,339,55.4,21,1.10838
2025-10-02T08:48:00,339,55.2,21,1.11335
2025-10-02T08:51:00,337,55.3,21,1.11086
2025-10-02T08:54:00,339,55,21,1.11832
2025-10-02T08:57:00,339,54.4,21,1.13323
2025-10-02T09:00:00,339,54.6,21,1.12826
2025-10-02T09:03:00,339,54.6,21,1.12826
2025-10-02T09:06:00,341,54.5,21,1.13074
2025-10-02T09:09:00,339,54.6,21,1.12826
2025-10-02T09:12:00,340,54.6,21,1.12826
2025-10-02T09:15:00,342,54.7,21,1.12577
2025-10-02T09:18:00,342,54.4,21,1.13323
2025-10-02T09:21:00,346,54.9,21,1.1208
2025-10-02T09:24:00,348,54.8,21,1.12329
2025-10-02T09:27:00,353,54.7,22,1.19685
2025-10-02T09:30:00,367,54.5,22,1.20213
2025-10-02T09:33:00,415,53.8,22,1.22063
2025-10-02T09:36:00,443,52.6,22,1.25233
2025-10-02T09:39:00,457,52.1,22,1.26554
2025-10-02T09:42:00,463,50.9,23,1.3785
2025-10-02T09:45:00,461,50.6,23,1.38693
2025-10-02T09:48:00,457,49.7,23,1.4122
2025-10-02T09:51:00,457,49.7,23,1.4122
2025-10-02T09:54:00,459,47.1,23,1.48519
2025-10-02T09:57:00,460,47.7,23,1.46835
2025-10-02T10:00:00,457,46.5,23,1.50204
2025-10-02T10:03:00,454,46.3,23,1.50765
2025-10-02T10:06:00,455,46,23,1.51607
2025-10-02T10:09:00,457,44.5,23,1.55819
2025-10-02T10:12:00,454,45.9,23,1.51888
2025-10-02T10:15:00,448,44.7,23,1.55257
2025-10-02T10:18:00,448,44.8,23,1.54976
2025-10-02T10:21:00,449,44.5,23,1.55819
2025-10-02T10:24:00,448,45.9,22,1.42935
2025-10-02T10:27:00,447,45.6,23,1.5273
2025-10-02T10:30:00,449,44.5,23,1.55819
2025-10-02T10:33:00,452,45,22,1.45313
2025-10-02T10:36:00,451,45.2,22,1.44784
2025-10-02T10:39:00,452,45.1,22,1.45048
2025-10-02T10:42:00,450,44.2,23,1.56661
2025-10-02T10:45:00,451,43.9,23,1.57503
2025-10-02T10:48:00,448,43.8,23,1.57784
2025-10-02T10:51:00,444,44.1,22,1.4769
2025-10-02T10:54:00,442,45.1,22,1.45048
2025-10-02T10:57:00,438,45.6,22,1.43727
2025-10-02T11:00:00,432,43.8,23,1.57784
2025-10-02T11:03:00,430,43.8,23,1.57784
2025-10-02T11:06:00,429,44,23,1.57223
2025-10-02T11:09:00,427,44.9,22,1.45577
2025-10-02T11:12:00,421,45.5,22,1.43992
2025-10-02T11:15:00,421,44.5,22,1.46634
2025-10-02T11:18:00,421,44.1,22,1.4769
2025-10-02T11:21:00,420,44.8,22,1.45841
2025-10-02T11:24:00,419,44.7,22,1.46105
2025-10-02T11:27:00,418,43.9,23,1.57503
2025-10-02T11:30:00,413,45.4,22,1.44256
2025-10-02T11:33:00,410,45.7,21,1.34944
2025-10-02T11:36:00,410,45.3,22,1.4452
2025-10-02T11:39:00,410,44.3,22,1.47162
2025-10-02T11:42:00,408,44,22,1.47955
2025-10-02T11:45:00,407,44.4,22,1.46898
2025-10-02T11:48:00,405,44.5,22,1.46634
2025-10-02T11:51:00,405,44.9,22,1.45577
2025-10-02T11:54:00,403,44.5,22,1.46634
2025-10-02T11:57:00,403,44.7,23,1.55257
2025-10-02T12:00:00,397,47.6,21,1.30222
2025-10-02T12:03:00,395,46.5,21,1.32956
2025-10-02T12:06:00,395,46.6,21,1.32707
2025-10-02T12:09:00,392,47.4,21,1.30719
2025-10-02T12:12:00,391,45.6,22,1.43727
2025-10-02T12:15:00,389,45.7,22,1.43463
2025-10-02T12:18:00,394,44.6,22,1.46369
2025-10-02T12:21:00,395,44.7,22,1.46105
2025-10-02T12:24:00,394,45.4,22,1.44256
2025-10-02T12:27:00,392,46.3,22,1.41878
2025-10-02T12:30:00,391,44.5,23,1.55819
2025-10-02T12:33:00,378,48,21,1.29228
2025-10-02T12:36:00,385,47.6,21,1.30222
2025-10-02T12:39:00,386,46.7,22,1.40821
2025-10-02T12:42:00,389,47.5,20,1.22665
2025-10-02T12:45:00,387,45.3,21,1.35938
2025-10-02T12:48:00,387,48.5,21,1.27985
2025-10-02T12:51:00,386,48.5,21,1.27985
2025-10-02T12:54:00,385,48.8,20,1.19628
2025-10-02T12:57:00,384,46.5,21,1.32956
2025-10-02T13:00:00,385,45.1,22,1.45048
2025-10-02T13:03:00,383,48.8,21,1.2724
2025-10-02T13:06:00,383,48.1,20,1.21263
2025-10-02T13:09:00,383,45.5,21,1.35441
2025-10-02T13:12:00,382,47,21,1.31713
2025-10-02T13:15:00,382,47.2,21,1.31216
2025-10-02T13:18:00,385,44.4,22,1.46898
2025-10-02T13:21:00,386,49.1,22,1.3448
2025-10-02T13:24:00,383,59.7,19,0.88485
2025-10-02T13:27:00,382,57.6,20,0.99067
2025-10-02T13:30:00,384,61.9,20,0.8902
2025-10-02T13:33:00,386,59.2,21,1.01394
2025-10-02T13:36:00,376,57.5,21,1.05619
2025-10-02T13:39:00,380,55.9,21,1.09595
2025-10-02T13:42:00,387,57,21,1.06862
2025-10-02T13:45:00,386,56.2,22,1.15722
2025-10-02T13:48:00,385,62.1,19,0.83215
2025-10-02T13:51:00,384,58.9,21,1.0214
2025-10-02T13:54:00,387,54,22,1.21534
2025-10-02T13:57:00,385,57.6,21,1.05371
2025-10-02T14:00:00,380,57.8,21,1.04873
2025-10-02T14:03:00,384,58,21,1.04376
2025-10-02T14:06:00,386,57.4,21,1.05868
2025-10-02T14:09:00,387,57.8,21,1.04873
2025-10-02T14:12:00,382,59.3,20,0.95095
2025-10-02T14:15:00,385,55.9,21,1.09595
2025-10-02T14:18:00,386,55.9,22,1.16514
2025-10-02T14:21:00,390,56.6,21,1.07856
2025-10-02T14:24:00,390,56.5,21,1.08104
2025-10-02T14:27:00,390,56.1,22,1.15986
2025-10-02T14:30:00,393,57.6,21,1.05371
2025-10-02T14:33:00,380,55.9,21,1.09595
2025-10-02T14:36:00,356,55.5,22,1.17571
2025-10-02T14:39:00,360,53.6,23,1.3027
2025-10-02T14:42:00,394,52.8,22,1.24705
2025-10-02T14:45:00,394,53.2,22,1.23648
2025-10-02T14:48:00,385,52.3,22,1.26026
2025-10-02T14:51:00,395,51.6,22,1.27875
2025-10-02T14:54:00,394,50,22,1.32102
2025-10-02T14:57:00,400,50,22,1.32102
2025-10-02T15:00:00,388,50.6,22,1.30517
2025-10-02T15:03:00,394,48.8,22,1.35273
2025-10-02T15:06:00,397,46.6,22,1.41085
2025-10-02T15:09:00,373,49.2,22,1.34216
2025-10-02T15:12:00,357,46.5,23,1.50204
2025-10-02T15:15:00,356,45.6,23,1.5273
2025-10-02T15:18:00,362,45.6,23,1.5273
2025-10-02T15:21:00,367,47.8,23,1.46554
2025-10-02T15:24:00,372,45.5,22,1.43992
2025-10-02T15:27:00,375,46.5,22,1.4135
2025-10-02T15:30:00,364,46.2,22,1.42142
2025-10-02T15:33:00,361,44.5,23,1.55819
2025-10-02T15:36:00,356,46.7,22,1.40821
2025-10-02T15:39:00,358,46.7,22,1.40821
2025-10-02T15:42:00,361,45.3,22,1.4452
2025-10-02T15:45:00,364,45.7,22,1.43463
2025-10-02T15:48:00,363,44.7,22,1.46105
2025-10-02T15:51:00,363,45.6,22,1.43727
2025-10-02T15:54:00,362,47.4,21,1.30719
2025-10-02T15:57:00,361,46.1,22,1.42406
2025-10-02T16:00:00,358,45,22,1.45313
2025-10-02T16:03:00,356,46.9,22,1.40293
2025-10-02T16:06:00,357,45,22,1.45313
2025-10-02T16:09:00,354,47.1,21,1.31465
2025-10-02T16:12:00,354,47.6,22,1.38443
2025-10-02T16:15:00,354,45.8,22,1.43199
2025-10-02T16:18:00,351,53.8,21,1.14814
2025-10-02T16:21:00,350,55.4,22,1.17835
2025-10-02T16:24:00,350,56.1,22,1.15986
2025-10-02T16:27:00,350,55.7,22,1.17043
2025-10-02T16:30:00,350,53.6,22,1.22591
2025-10-02T16:33:00,349,54.8,22,1.19421
2025-10-02T16:36:00,347,55.2,22,1.18364
2025-10-02T16:39:00,347,55.3,22,1.181
2025-10-02T16:42:00,345,56.8,22,1.14136
2025-10-02T16:45:00,345,55.4,22,1.17835
2025-10-02T16:48:00,345,54.2,22,1.21006
2025-10-02T16:51:00,346,53,22,1.24176
2025-10-02T16:54:00,345,51.4,22,1.28404
2025-10-02T16:57:00,344,53.5,21,1.1556
2025-10-02T17:00:00,341,55.1,21,1.11583
2025-10-02T17:03:00,342,56,21,1.09347
2025-10-02T17:06:00,341,55.7,21,1.10092
2025-10-02T17:09:00,340,56,22,1.1625
2025-10-02T17:12:00,339,52.2,22,1.2629
2025-10-02T17:15:00,342,50.8,22,1.29989
2025-10-02T17:18:00,339,51.6,22,1.27875
2025-10-02T17:21:00,339,55.7,22,1.17043
2025-10-02T17:24:00,338,55.8,22,1.16779
2025-10-02T17:27:00,339,56.4,21,1.08353
2025-10-02T17:30:00,336,54.5,21,1.13074
2025-10-02T17:33:00,338,51.5,21,1.2053
2025-10-02T17:36:00,338,49.8,22,1.32631
2025-10-02T17:39:00,337,52,21,1.19287
2025-10-02T17:42:00,336,56.6,21,1.07856
2025-10-02T17:45:00,336,56.1,21,1.09098
2025-10-02T17:48:00,334,54.4,21,1.13323
2025-10-02T17:51:00,334,51.7,21,1.20033
2025-10-02T17:54:00,334,49.8,21,1.24755
2025-10-02T17:57:00,334,49.1,21,1.26494
2025-10-02T18:00:00,334,52.7,21,1.17548
2025-10-02T18:03:00,332,54.4,21,1.13323
2025-10-02T18:06:00,331,55.4,21,1.10838
2025-10-02T18:09:00,332,52.7,21,1.17548
2025-10-02T18:12:00,331,50.3,21,1.23512
2025-10-02T18:15:00,331,51,21,1.21773
2025-10-02T18:18:00,329,52.8,21,1.17299
2025-10-02T18:21:00,328,52.8,21,1.17299
2025-10-02T18:24:00,326,51.3,21,1.21027
2025-10-02T18:27:00,327,51.7,21,1.20033
2025-10-02T18:30:00,326,52.1,21,1.19039
2025-10-02T18:33:00,328,51.9,21,1.19536
2025-10-02T18:36:00,326,51.6,21,1.20281
2025-10-02T18:39:00,326,52.8,21,1.17299
2025-10-02T18:42:00,326,52,21,1.19287
2025-10-02T18:45:00,326,51.4,21,1.20778
2025-10-02T18:48:00,326,51,21,1.21773
2025-10-02T18:51:00,326,50.8,21,1.2227
2025-10-02T18:54:00,326,50.5,21,1.23015
2025-10-02T18:57:00,326,50.5,21,1.23015
2025-10-02T19:00:00,326,50.3,21,1.23512
2025-10-02T19:03:00,326,50,21,1.24258
2025-10-02T19:06:00,326,49.6,21,1.25252
2025-10-02T19:09:00,326,49.5,21,1.255
2025-10-02T19:12:00,326,49.4,21,1.25749
2025-10-02T19:15:00,327,50,21,1.24258
2025-10-02T19:18:00,326,49.3,22,1.33952
2025-10-02T19:21:00,326,49.4,22,1.33688
2025-10-02T19:24:00,326,49.5,22,1.33423
2025-10-02T19:27:00,327,49.9,21,1.24506
2025-10-02T19:30:00,326,49.7,22,1.32895
2025-10-02T19:33:00,326,49.9,22,1.32367
2025-10-02T19:36:00,327,51.9,22,1.27083
2025-10-02T19:39:00,327,51.8,22,1.27347
2025-10-02T19:42:00,326,51,22,1.2946
2025-10-02T19:45:00,327,51.4,22,1.28404
2025-10-02T19:48:00,326,50.9,22,1.29725
2025-10-02T19:51:00,326,51.8,22,1.27347
2025-10-02T19:54:00,326,52.2,22,1.2629
2025-10-02T19:57:00,325,51.9,22,1.27083
2025-10-02T20:00:00,327,50.6,21,1.22767
2025-10-02T20:03:00,0,51.4,21,1.20778
2025-10-02T20:06:00,0,51.4,21,1.20778
2025-10-02T20:09:00,0,51.4,21,1.20778
2025-10-02T20:12:00,0,51.6,21,1.20281
2025-10-02T20:15:00,0,51.7,21,1.20033
2025-10-02T20:18:00,0,52.1,21,1.19039
2025-10-02T20:21:00,0,52.2,21,1.1879
2025-10-02T20:24:00,0,52.2,20,1.11684
2025-10-02T20:27:00,0,52.3,20,1.1145
2025-10-02T20:30:00,0,52.5,20,1.10983
2025-10-02T20:33:00,0,52.9,20,1.10048
2025-10-02T20:36:00,0,53.8,20,1.07945
2025-10-02T20:39:00,0,54.9,20,1.05375
2025-10-02T20:42:00,0,55.6,20,1.0374
2025-10-02T20:45:00,0,56.4,20,1.01871
2025-10-02T20:48:00,0,57.2,20,1.00001
2025-10-02T20:51:00,0,57.8,20,0.98599
2025-10-02T20:54:00,0,58.4,20,0.97198
2025-10-02T20:57:00,0,59.1,20,0.95562
2025-10-02T21:00:00,0,59.6,20,0.94394
2025-10-02T21:03:00,0,60.1,19,0.87607
2025-10-02T21:06:00,0,60.7,19,0.86289
2025-10-02T21:09:00,0,60.9,19,0.8585
2025-10-02T21:12:00,0,61.3,19,0.84972
2025-10-02T21:15:00,0,61.5,19,0.84533
2025-10-02T21:18:00,0,62,19,0.83435
2025-10-02T21:21:00,0,62.2,19,0.82996
2025-10-02T21:24:00,0,62.6,19,0.82118
2025-10-02T21:27:00,0,62.7,19,0.81898
2025-10-02T21:30:00,0,63,19,0.81239
2025-10-02T21:33:00,0,63.2,19,0.808
2025-10-02T21:36:00,0,63.4,19,0.80361
2025-10-02T21:39:00,0,63.5,19,0.80142
2025-10-02T21:42:00,0,63.7,19,0.79702
2025-10-02T21:45:00,0,63.9,19,0.79263
2025-10-02T21:48:00,0,64,19,0.79044
2025-10-02T21:51:00,0,64,19,0.79044
2025-10-02T21:54:00,0,64.2,19,0.78605
2025-10-02T21:57:00,0,64.4,19,0.78165
2025-10-02T22:00:00,0,64.4,19,0.78165
2025-10-02T22:03:00,0,64.5,19,0.77946
2025-10-02T22:06:00,0,64.6,19,0.77726
2025-10-02T22:09:00,0,64.7,19,0.77507
2025-10-02T22:12:00,0,64.7,19,0.77507
2025-10-02T22:15:00,0,64.8,19,0.77287
2025-10-02T22:18:00,0,64.8,19,0.77287
2025-10-02T22:21:00,0,64.9,18,0.72388
2025-10-02T22:24:00,0,65,18,0.72182
2025-10-02T22:27:00,0,65.1,18,0.71975
2025-10-02T22:30:00,0,65.2,18,0.71769
2025-10-02T22:33:00,0,65,18,0.72182
2025-10-02T22:36:00,0,65,18,0.72182
2025-10-02T22:39:00,0,65.1,18,0.71975
2025-10-02T22:42:00,0,65,18,0.72182
2025-10-02T22:45:00,0,65,18,0.72182
2025-10-02T22:48:00,0,65.1,18,0.71975
2025-10-02T22:51:00,0,65,18,0.72182
2025-10-02T22:54:00,0,65,18,0.72182
2025-10-02T22:57:00,0,65,18,0.72182
2025-10-02T23:00:00,0,64.9,18,0.72388
2025-10-02T23:03:00,0,64.9,18,0.72388
2025-10-02T23:06:00,0,65.2,18,0.71769
2025-10-02T23:09:00,0,65.9,18,0.70326
2025-10-02T23:12:00,0,66.6,18,0.68882
2025-10-02T23:15:00,0,67.1,18,0.67851
2025-10-02T23:18:00,0,67.4,18,0.67232
2025-10-02T23:21:00,0,67.7,18,0.66613
2025-10-02T23:24:00,0,68,18,0.65995
2025-10-02T23:27:00,0,68.2,18,0.65582
2025-10-02T23:30:00,0,68.2,18,0.65582
2025-10-02T23:33:00,0,68.3,18,0.65376
2025-10-02T23:36:00,0,68.4,18,0.6517
2025-10-02T23:39:00,0,68.5,18,0.64963
2025-10-02T23:42:00,0,68.4,18,0.6517
2025-10-02T23:45:00,0,68.4,17,0.61183
2025-10-02T23:48:00,0,68.4,18,0.6517
2025-10-02T23:51:00,0,68.4,17,0.61183
2025-10-02T23:54:00,0,68.4,17,0.61183
2025-10-02T23:57:00,0,68.4,17,0.61183
2025-10-03T00:00:00,0,68.4,17,0.61183
2025-10-03T00:03:00,0,68.3,17,0.61376
2025-10-03T00:06:00,0,68.3,17,0.61376
2025-10-03T00:09:00,0,68.4,17,0.61183
2025-10-03T00:12:00,0,68.6,17,0.60796
2025-10-03T00:15:00,0,68.7,17,0.60602
2025-10-03T00:18:00,0,68.7,17,0.60602
2025-10-03T00:21:00,0,68.7,17,0.60602
2025-10-03T00:24:00,0,68.8,17,0.60408
2025-10-03T00:27:00,0,68.8,17,0.60408
2025-10-03T00:30:00,0,68.9,17,0.60215
2025-10-03T00:33:00,0,69.2,17,0.59634
2025-10-03T00:36:00,0,69.8,17,0.58472
2025-10-03T00:39:00,0,70.6,17,0.56923
2025-10-03T00:42:00,0,71,17,0.56149
2025-10-03T00:45:00,0,71.1,17,0.55955
2025-10-03T00:48:00,0,71.6,17,0.54987
2025-10-03T00:51:00,0,71.7,17,0.54793
2025-10-03T00:54:00,0,72,17,0.54213
2025-10-03T00:57:00,0,72.2,17,0.53825
2025-10-03T01:00:00,0,72.1,17,0.54019
2025-10-03T01:03:00,0,72.4,17,0.53438
2025-10-03T01:06:00,0,72.8,17,0.52664
2025-10-03T01:09:00,0,73.4,17,0.51502
2025-10-03T01:12:00,0,73.7,17,0.50921
2025-10-03T01:15:00,0,73.9,17,0.50534
2025-10-03T01:18:00,0,74.1,17,0.50147
2025-10-03T01:21:00,0,74.7,17,0.48985
2025-10-03T01:24:00,0,74.9,17,0.48598
2025-10-03T01:27:00,0,75.1,17,0.4821
2025-10-03T01:30:00,0,75.2,17,0.48017
2025-10-03T01:33:00,0,75.4,17,0.4763
2025-10-03T01:36:00,0,75.4,17,0.4763
2025-10-03T01:39:00,0,75.6,17,0.47242
2025-10-03T01:42:00,0,75.5,17,0.47436
2025-10-03T01:45:00,0,75.7,17,0.47049
2025-10-03T01:48:00,0,75.7,17,0.47049
2025-10-03T01:51:00,0,75.5,17,0.47436
2025-10-03T01:54:00,0,75.5,17,0.47436
2025-10-03T01:57:00,0,75.6,17,0.47242
2025-10-03T02:00:00,0,75.5,17,0.47436
2025-10-03T02:03:00,0,75.7,17,0.47049
2025-10-03T02:06:00,0,75.9,17,0.46662
2025-10-03T02:09:00,0,76.2,17,0.46081
2025-10-03T02:12:00,0,76.2,17,0.46081
2025-10-03T02:15:00,0,76.5,17,0.455
2025-10-03T02:18:00,0,76.7,17,0.45113
2025-10-03T02:21:00,0,76.6,17,0.45306
2025-10-03T02:24:00,0,76.6,17,0.45306
2025-10-03T02:27:00,0,76.6,17,0.45306
2025-10-03T02:30:00,0,76.5,17,0.455
2025-10-03T02:33:00,0,76.6,17,0.45306
2025-10-03T02:36:00,0,76.6,17,0.45306
2025-10-03T02:39:00,0,76.7,17,0.45113
2025-10-03T02:42:00,0,76.5,17,0.455
2025-10-03T02:45:00,0,76.5,17,0.455
2025-10-03T02:48:00,0,76.6,17,0.45306
2025-10-03T02:51:00,0,76.5,17,0.455
2025-10-03T02:54:00,0,76.6,17,0.45306
2025-10-03T02:57:00,0,76.6,17,0.45306
2025-10-03T03:00:00,0,76.7,17,0.45113
2025-10-03T03:03:00,0,76.4,17,0.45693
2025-10-03T03:06:00,0,76.4,17,0.45693
2025-10-03T03:09:00,0,76.3,17,0.45887
2025-10-03T03:12:00,0,76.3,17,0.45887
2025-10-03T03:15:00,0,76.4,17,0.45693
2025-10-03T03:18:00,0,76.4,17,0.45693
2025-10-03T03:21:00,0,76.2,17,0.46081
2025-10-03T03:24:00,0,76.2,17,0.46081
2025-10-03T03:27:00,0,76.3,17,0.45887
2025-10-03T03:30:00,0,75.9,17,0.46662
2025-10-03T03:33:00,0,76,17,0.46468
2025-10-03T03:36:00,0,75.9,17,0.46662
2025-10-03T03:39:00,0,75.9,17,0.46662
2025-10-03T03:42:00,0,75.8,17,0.46855
2025-10-03T03:45:00,0,75.8,17,0.46855
2025-10-03T03:48:00,0,75.7,17,0.47049
2025-10-03T03:51:00,0,75.8,17,0.46855
2025-10-03T03:54:00,0,75.7,17,0.47049
2025-10-03T03:57:00,0,75.8,17,0.46855
2025-10-03T04:00:00,0,75.7,17,0.47049
2025-10-03T04:03:00,339,75.4,17,0.4763
2025-10-03T04:06:00,336,74.6,17,0.49179
2025-10-03T04:09:00,334,74,17,0.5034
2025-10-03T04:12:00,333,73.4,17,0.51502
2025-10-03T04:15:00,330,73,17,0.52276
2025-10-03T04:18:00,329,72.6,18,0.56508
2025-10-03T04:21:00,327,72.1,18,0.57539
2025-10-03T04:24:00,327,71.9,18,0.57952
2025-10-03T04:27:00,327,71.4,18,0.58983
2025-10-03T04:30:00,326,71.2,18,0.59395
2025-10-03T04:33:00,326,71,18,0.59808
2025-10-03T04:36:00,325,70.9,19,0.63894
2025-10-03T04:39:00,325,70.6,19,0.64552
2025-10-03T04:42:00,324,70.3,19,0.65211
2025-10-03T04:45:00,325,70,19,0.6587
2025-10-03T04:48:00,325,69.9,19,0.66089
2025-10-03T04:51:00,325,69.8,19,0.66309
2025-10-03T04:54:00,323,69.8,19,0.66309
2025-10-03T04:57:00,324,69.4,19,0.67187
2025-10-03T05:00:00,324,69.4,19,0.67187
2025-10-03T05:03:00,324,69.4,19,0.67187
2025-10-03T05:06:00,326,69.1,19,0.67846
2025-10-03T05:09:00,324,68.9,20,0.72665
2025-10-03T05:12:00,324,69,20,0.72431
2025-10-03T05:15:00,324,68.4,20,0.73833
2025-10-03T05:18:00,324,67.3,20,0.76403
2025-10-03T05:21:00,323,66.2,20,0.78973
2025-10-03T05:24:00,323,65.4,20,0.80842
2025-10-03T05:27:00,324,64.5,20,0.82945
2025-10-03T05:30:00,323,64.6,20,0.82711
2025-10-03T05:33:00,323,64.1,20,0.8388
2025-10-03T05:36:00,325,63.4,20,0.85515
2025-10-03T05:39:00,324,62.8,20,0.86917
2025-10-03T05:42:00,323,62.5,20,0.87618
2025-10-03T05:45:00,326,61.5,20,0.89954
2025-10-03T05:48:00,324,61.2,20,0.90655
2025-10-03T05:51:00,323,61,20,0.91123
2025-10-03T05:54:00,324,61.1,20,0.90889
2025-10-03T05:57:00,324,61,20,0.91123
2025-10-03T06:00:00,323,60.6,20,0.92057
2025-10-03T06:03:00,324,60.2,20,0.92992
2025-10-03T06:06:00,325,59.9,20,0.93693
2025-10-03T06:09:00,323,60.3,20,0.92758
2025-10-03T06:12:00,323,60.2,20,0.92992
2025-10-03T06:15:00,323,59.9,20,0.93693
2025-10-03T06:18:00,324,59.3,20,0.95095
2025-10-03T06:21:00,323,59.5,20,0.94627
2025-10-03T06:24:00,324,59.6,20,0.94394
2025-10-03T06:27:00,325,59.6,20,0.94394
2025-10-03T06:30:00,324,59.1,20,0.95562
2025-10-03T06:33:00,324,59.5,20,0.94627
2025-10-03T06:36:00,324,59.6,20,0.94394
2025-10-03T06:39:00,325,60,20,0.93459
2025-10-03T06:42:00,324,59.5,20,0.94627
2025-10-03T06:45:00,325,59.2,20,0.95328
2025-10-03T06:48:00,324,59.4,20,0.94861
2025-10-03T06:51:00,325,59.9,20,0.93693
2025-10-03T06:54:00,325,59.8,20,0.93926
2025-10-03T06:57:00,324,59.5,20,0.94627
2025-10-03T07:00:00,326,59.6,20,0.94394
2025-10-03T07:03:00,326,59.8,20,0.93926
2025-10-03T07:06:00,324,60,20,0.93459
2025-10-03T07:09:00,325,59.4,20,0.94861
2025-10-03T07:12:00,326,59.4,20,0.94861
2025-10-03T07:15:00,326,59.8,20,0.93926
2025-10-03T07:18:00,325,60,20,0.93459
2025-10-03T07:21:00,326,60.1,20,0.93226
2025-10-03T07:24:00,326,59.5,20,0.94627
2025-10-03T07:27:00,326,59.7,20,0.9416
2025-10-03T07:30:00,328,60,20,0.93459
2025-10-03T07:33:00,328,60.1,20,0.93226
2025-10-03T07:36:00,328,59.7,21,1.00152
2025-10-03T07:39:00,329,59.2,20,0.95328
2025-10-03T07:42:00,328,59.4,20,0.94861
2025-10-03T07:45:00,329,59.8,21,0.99903
2025-10-03T07:48:00,331,60,21,0.99406
2025-10-03T07:51:00,334,59.9,21,0.99655
2025-10-03T07:54:00,334,59.3,21,1.01146
2025-10-03T07:57:00,336,59.7,21,1.00152
2025-10-03T08:00:00,336,59.6,21,1.004
2025-10-03T08:03:00,338,59.2,21,1.01394
2025-10-03T08:06:00,336,58.8,21,1.02388
2025-10-03T08:09:00,337,59,21,1.01891
2025-10-03T08:12:00,339,58.9,21,1.0214
2025-10-03T08:15:00,340,58.1,21,1.04128
2025-10-03T08:18:00,340,57.6,21,1.05371
2025-10-03T08:21:00,337,57.9,21,1.04625
2025-10-03T08:24:00,336,57.6,21,1.05371
2025-10-03T08:27:00,336,56.9,21,1.0711
2025-10-03T08:30:00,337,57.2,21,1.06365
2025-10-03T08:33:00,338,56.6,21,1.07856
2025-10-03T08:36:00,338,56.6,21,1.07856
2025-10-03T08:39:00,336,56.9,21,1.0711
2025-10-03T08:42:00,336,56.9,21,1.0711
2025-10-03T08:45:00,336,56.7,21,1.07607
2025-10-03T08:48:00,335,57.3,21,1.06116
2025-10-03T08:51:00,336,56.9,21,1.0711
2025-10-03T08:54:00,337,56.4,21,1.08353
2025-10-03T08:57:00,336,56.2,21,1.0885
2025-10-03T09:00:00,337,56.1,21,1.09098
2025-10-03T09:03:00,337,56.2,22,1.15722
2025-10-03T09:06:00,337,55.7,21,1.10092
2025-10-03T09:09:00,337,55.8,22,1.16779
2025-10-03T09:12:00,338,56,22,1.1625
2025-10-03T09:15:00,339,55.8,22,1.16779
2025-10-03T09:18:00,339,55.6,22,1.17307
2025-10-03T09:21:00,337,55.4,22,1.17835
2025-10-03T09:24:00,337,55.3,22,1.181
2025-10-03T09:27:00,337,55.4,22,1.17835
2025-10-03T09:30:00,338,55,22,1.18892
2025-10-03T09:33:00,339,55.2,22,1.18364
2025-10-03T09:36:00,339,55.3,22,1.181
2025-10-03T09:39:00,338,55.3,22,1.181
2025-10-03T09:42:00,338,55.4,22,1.17835
2025-10-03T09:45:00,338,55.2,22,1.18364
2025-10-03T09:48:00,338,54.5,22,1.20213
2025-10-03T09:51:00,336,54.7,22,1.19685
2025-10-03T09:54:00,339,54.6,22,1.19949
2025-10-03T09:57:00,337,54.6,22,1.19949
2025-10-03T10:00:00,339,54.2,22,1.21006
2025-10-03T10:03:00,339,54.3,22,1.20742
2025-10-03T10:06:00,338,54.7,22,1.19685
2025-10-03T10:09:00,336,54.1,22,1.2127
2025-10-03T10:12:00,336,53.9,22,1.21798
2025-10-03T10:15:00,337,53.9,22,1.21798
2025-10-03T10:18:00,336,53.5,22,1.22855
2025-10-03T10:21:00,337,53,22,1.24176
2025-10-03T10:24:00,337,53.6,22,1.22591
2025-10-03T10:27:00,336,53.7,22,1.22327
2025-10-03T10:30:00,337,53.5,22,1.22855
2025-10-03T10:33:00,337,53.8,22,1.22063
2025-10-03T10:36:00,336,52.8,22,1.24705
2025-10-03T10:39:00,336,52.4,22,1.25761
2025-10-03T10:42:00,337,51.9,22,1.27083
2025-10-03T10:45:00,336,52.1,22,1.26554
2025-10-03T10:48:00,336,52.1,22,1.26554
2025-10-03T10:51:00,337,52.2,22,1.2629
2025-10-03T10:54:00,338,51.8,22,1.27347
2025-10-03T10:57:00,338,51.5,22,1.28139
2025-10-03T11:00:00,337,51.2,22,1.28932
2025-10-03T11:03:00,339,52,22,1.26818
2025-10-03T11:06:00,339,51.4,22,1.28404
2025-10-03T11:09:00,337,51.5,22,1.28139
2025-10-03T11:12:00,339,51.1,22,1.29196
2025-10-03T11:15:00,340,50.8,22,1.29989
2025-10-03T11:18:00,340,50.3,22,1.3131
2025-10-03T11:21:00,341,50.1,22,1.31838
2025-10-03T11:24:00,342,50.5,22,1.30781
2025-10-03T11:27:00,342,49.9,22,1.32367
2025-10-03T11:30:00,343,49.7,22,1.32895
2025-10-03T11:33:00,344,49.9,22,1.32367
2025-10-03T11:36:00,345,50.4,22,1.31046
2025-10-03T11:39:00,344,50,22,1.32102
2025-10-03T11:42:00,345,50.7,22,1.30253
2025-10-03T11:45:00,347,49.5,22,1.33423
2025-10-03T11:48:00,347,48.9,22,1.35009
2025-10-03T11:51:00,348,48.7,22,1.35537
2025-10-03T11:54:00,350,48,22,1.37386
2025-10-03T11:57:00,349,49.4,22,1.33688
2025-10-03T12:00:00,349,49.5,22,1.33423
2025-10-03T12:03:00,352,47,22,1.40029
2025-10-03T12:06:00,355,48.1,22,1.37122
2025-10-03T12:09:00,358,48.2,22,1.36858
2025-10-03T12:12:00,358,48.9,22,1.35009
2025-10-03T12:15:00,361,49.1,22,1.3448
2025-10-03T12:18:00,361,49.5,22,1.33423
2025-10-03T12:21:00,356,47.6,22,1.38443
2025-10-03T12:24:00,356,48.7,22,1.35537
2025-10-03T12:27:00,356,47.8,22,1.37915
2025-10-03T12:30:00,353,46.3,22,1.41878
2025-10-03T12:33:00,357,47.1,22,1.39764
2025-10-03T12:36:00,357,46.6,22,1.41085
2025-10-03T12:39:00,358,45.7,22,1.43463
2025-10-03T12:42:00,358,45.4,22,1.44256
2025-10-03T12:45:00,359,45.5,22,1.43992
2025-10-03T12:48:00,370,45.1,21,1.36435
2025-10-03T12:51:00,375,45.3,21,1.35938
2025-10-03T12:54:00,368,46.8,22,1.40557
2025-10-03T12:57:00,365,45.3,22,1.4452
2025-10-03T13:00:00,364,45.3,22,1.4452
2025-10-03T13:03:00,364,44.7,21,1.37429
2025-10-03T13:06:00,366,43.9,22,1.48219
2025-10-03T13:09:00,364,42.7,22,1.51389
2025-10-03T13:12:00,362,41.5,21,1.45381
2025-10-03T13:15:00,362,41.3,22,1.55088
2025-10-03T13:18:00,361,40.6,22,1.56938
2025-10-03T13:21:00,361,40.3,22,1.5773
2025-10-03T13:24:00,362,39.4,22,1.60108
2025-10-03T13:27:00,359,39.5,22,1.59844
2025-10-03T13:30:00,358,39.6,22,1.5958
2025-10-03T13:33:00,356,39.3,22,1.60372
2025-10-03T13:36:00,358,39.1,22,1.60901
2025-10-03T13:39:00,360,39.4,21,1.506
2025-10-03T13:42:00,362,39.9,22,1.58787
2025-10-03T13:45:00,358,39.4,22,1.60108
2025-10-03T13:48:00,357,39.8,22,1.59051
2025-10-03T13:51:00,358,40,22,1.58523
2025-10-03T13:54:00,360,40.1,21,1.48861
2025-10-03T13:57:00,359,40.6,22,1.56938
2025-10-03T14:00:00,361,40.4,22,1.57466
2025-10-03T14:03:00,364,39.7,22,1.59315
2025-10-03T14:06:00,363,40.4,22,1.57466
2025-10-03T14:09:00,363,41.1,21,1.46376
2025-10-03T14:12:00,368,41.1,22,1.55617
2025-10-03T14:15:00,369,41.2,22,1.55352
2025-10-03T14:18:00,367,40.9,22,1.56145
2025-10-03T14:21:00,362,41.3,22,1.55088
2025-10-03T14:24:00,360,41.1,22,1.55617
2025-10-03T14:27:00,359,41.5,22,1.5456
2025-10-03T14:30:00,358,42.1,22,1.52975
2025-10-03T14:33:00,356,41.8,22,1.53767
2025-10-03T14:36:00,351,41.6,22,1.54296
2025-10-03T14:39:00,353,41.9,22,1.53503
2025-10-03T14:42:00,352,42.8,22,1.51125
2025-10-03T14:45:00,350,43.1,22,1.50333
2025-10-03T14:48:00,350,43,22,1.50597
2025-10-03T14:51:00,348,43.3,22,1.49804
2025-10-03T14:54:00,347,44.2,21,1.38672
2025-10-03T14:57:00,347,44.6,21,1.37677
2025-10-03T15:00:00,347,43.5,22,1.49276
2025-10-03T15:03:00,349,43.7,22,1.48747
2025-10-03T15:06:00,351,43.8,22,1.48483
2025-10-03T15:09:00,351,44.5,22,1.46634
2025-10-03T15:12:00,352,44.5,22,1.46634
2025-10-03T15:15:00,353,43.9,22,1.48219
2025-10-03T15:18:00,352,44.1,22,1.4769
2025-10-03T15:21:00,355,44.5,22,1.46634
2025-10-03T15:24:00,356,44.7,21,1.37429
2025-10-03T15:27:00,356,43.9,21,1.39417
2025-10-03T15:30:00,357,44.3,22,1.47162
2025-10-03T15:33:00,355,43.2,22,1.50068
2025-10-03T15:36:00,353,42.6,22,1.51654
2025-10-03T15:39:00,357,43.1,22,1.50333
2025-10-03T15:42:00,356,42.5,22,1.51918
2025-10-03T15:45:00,357,43.5,22,1.49276
2025-10-03T15:48:00,358,43.3,22,1.49804
2025-10-03T15:51:00,380,42.8,22,1.51125
2025-10-03T15:54:00,368,43.3,22,1.49804
2025-10-03T15:57:00,397,43.5,22,1.49276
2025-10-03T16:00:00,386,43.4,22,1.4954
2025-10-03T16:03:00,394,42.9,22,1.50861
2025-10-03T16:06:00,401,43.2,22,1.50068
2025-10-03T16:09:00,387,42.9,22,1.50861
2025-10-03T16:12:00,386,43.5,21,1.40411
2025-10-03T16:15:00,380,43.1,22,1.50333
2025-10-03T16:18:00,375,42.8,22,1.51125
2025-10-03T16:21:00,374,42.7,22,1.51389
2025-10-03T16:24:00,372,43.7,22,1.48747
2025-10-03T16:27:00,369,43.1,22,1.50333
2025-10-03T16:30:00,369,42.6,22,1.51654
2025-10-03T16:33:00,367,42.8,22,1.51125
2025-10-03T16:36:00,366,43.1,22,1.50333
2025-10-03T16:39:00,365,44.1,22,1.4769
2025-10-03T16:42:00,363,43.5,23,1.58626
2025-10-03T16:45:00,359,44.4,23,1.561
2025-10-03T16:48:00,361,43.5,23,1.58626
2025-10-03T16:51:00,353,45.1,23,1.54134
2025-10-03T16:54:00,344,45.6,23,1.5273
2025-10-03T16:57:00,342,46,23,1.51607
2025-10-03T17:00:00,339,44.4,23,1.561
2025-10-03T17:03:00,339,44.5,23,1.55819
2025-10-03T17:06:00,339,44.4,23,1.561
2025-10-03T17:09:00,339,44.4,23,1.561
2025-10-03T17:12:00,342,45.5,22,1.43992
2025-10-03T17:15:00,344,46.4,22,1.41614
2025-10-03T17:18:00,346,46.2,22,1.42142
2025-10-03T17:21:00,349,45,22,1.45313
2025-10-03T17:24:00,344,44.5,22,1.46634
2025-10-03T17:27:00,344,45.2,22,1.44784
2025-10-03T17:30:00,342,45.4,22,1.44256
2025-10-03T17:33:00,342,46,22,1.42671
2025-10-03T17:36:00,336,46.3,22,1.41878
2025-10-03T17:39:00,336,46.9,22,1.40293
2025-10-03T17:42:00,335,46,22,1.42671
2025-10-03T17:45:00,335,45.9,22,1.42935
2025-10-03T17:48:00,335,46.8,22,1.40557
2025-10-03T17:51:00,333,46,22,1.42671
2025-10-03T17:54:00,332,46.7,21,1.32459
2025-10-03T17:57:00,334,47.5,21,1.30471
2025-10-03T18:00:00,332,46.8,21,1.3221
2025-10-03T18:03:00,332,47,21,1.31713
2025-10-03T18:06:00,331,48.1,21,1.28979
2025-10-03T18:09:00,331,48.2,21,1.28731
2025-10-03T18:12:00,332,47.5,21,1.30471
2025-10-03T18:15:00,330,48,21,1.29228
2025-10-03T18:18:00,328,48.7,21,1.27488
2025-10-03T18:21:00,328,49.6,21,1.25252
2025-10-03T18:24:00,327,50.3,21,1.23512
2025-10-03T18:27:00,327,51,21,1.21773
2025-10-03T18:30:00,327,50.1,21,1.24009
2025-10-03T18:33:00,326,49.2,21,1.26246
2025-10-03T18:36:00,328,49.6,21,1.25252
2025-10-03T18:39:00,326,51,21,1.21773
2025-10-03T18:42:00,325,50.8,21,1.2227
2025-10-03T18:45:00,326,50.4,21,1.23264
2025-10-03T18:48:00,325,50.5,21,1.23015
2025-10-03T18:51:00,324,50,21,1.24258
2025-10-03T18:54:00,325,49.9,21,1.24506
2025-10-03T18:57:00,325,50.1,21,1.24009
2025-10-03T19:00:00,326,50.1,21,1.24009
2025-10-03T19:03:00,324,50.4,21,1.23264
2025-10-03T19:06:00,326,50.4,21,1.23264
2025-10-03T19:09:00,325,50.4,21,1.23264
2025-10-03T19:12:00,324,50.7,21,1.22518
2025-10-03T19:15:00,324,50.6,21,1.22767
2025-10-03T19:18:00,325,50.5,21,1.23015
2025-10-03T19:21:00,325,51,21,1.21773
2025-10-03T19:24:00,326,50.6,21,1.22767
2025-10-03T19:27:00,326,50.3,21,1.23512
2025-10-03T19:30:00,325,50.8,21,1.2227
2025-10-03T19:33:00,326,50.7,21,1.22518
2025-10-03T19:36:00,326,51.3,21,1.21027
2025-10-03T19:39:00,326,50.8,21,1.2227
2025-10-03T19:42:00,326,51.2,21,1.21275
2025-10-03T19:45:00,326,51,21,1.21773
2025-10-03T19:48:00,326,51.4,21,1.20778
2025-10-03T19:51:00,326,51.2,22,1.28932
2025-10-03T19:54:00,326,51.3,21,1.21027
2025-10-03T19:57:00,326,52.1,21,1.19039
2025-10-03T20:00:00,315,52.5,22,1.25497
2025-10-03T20:03:00,0,52.7,22,1.24969
2025-10-03T20:06:00,0,53.4,21,1.15808
2025-10-03T20:09:00,0,54.2,21,1.1382
2025-10-03T20:12:00,0,54.8,21,1.12329
2025-10-03T20:15:00,0,55.5,21,1.10589
2025-10-03T20:18:00,0,56.1,21,1.09098
2025-10-03T20:21:00,0,56.7,21,1.07607
2025-10-03T20:24:00,0,57.2,21,1.06365
2025-10-03T20:27:00,0,57.9,21,1.04625
2025-10-03T20:30:00,0,58.4,20,0.97198
2025-10-03T20:33:00,0,58.8,20,0.96263
2025-10-03T20:36:00,0,59.3,20,0.95095
2025-10-03T20:39:00,0,59.6,20,0.94394
2025-10-03T20:42:00,0,60,20,0.93459
2025-10-03T20:45:00,0,60.2,20,0.92992
2025-10-03T20:48:00,0,60.6,20,0.92057
2025-10-03T20:51:00,0,60.8,20,0.9159
2025-10-03T20:54:00,0,61.2,20,0.90655
2025-10-03T20:57:00,0,61.4,20,0.90188
2025-10-03T21:00:00,0,61.6,20,0.89721
2025-10-03T21:03:00,0,61.9,20,0.8902
2025-10-03T21:06:00,0,62,19,0.83435
2025-10-03T21:09:00,0,62.3,19,0.82776
2025-10-03T21:12:00,0,62.6,19,0.82118
2025-10-03T21:15:00,0,62.5,19,0.82337
2025-10-03T21:18:00,0,62.8,19,0.81678
2025-10-03T21:21:00,0,63,19,0.81239
2025-10-03T21:24:00,0,63,19,0.81239
2025-10-03T21:27:00,0,63.2,19,0.808
2025-10-03T21:30:00,0,63.4,19,0.80361
2025-10-03T21:33:00,0,63.5,19,0.80142
2025-10-03T21:36:00,0,63.7,19,0.79702
2025-10-03T21:39:00,0,63.7,19,0.79702
2025-10-03T21:42:00,0,63.9,19,0.79263
2025-10-03T21:45:00,0,64,19,0.79044
2025-10-03T21:48:00,0,64.1,19,0.78824
2025-10-03T21:51:00,0,64.3,19,0.78385
2025-10-03T21:54:00,0,64.2,19,0.78605
2025-10-03T21:57:00,0,64.3,19,0.78385
2025-10-03T22:00:00,0,64.4,19,0.78165
2025-10-03T22:03:00,0,64.4,18,0.73419
2025-10-03T22:06:00,0,64.4,18,0.73419
2025-10-03T22:09:00,0,64.5,18,0.73213
2025-10-03T22:12:00,0,64.6,18,0.73007
2025-10-03T22:15:00,0,64.7,18,0.728
2025-10-03T22:18:00,0,64.8,18,0.72594
2025-10-03T22:21:00,0,64.8,18,0.72594
2025-10-03T22:24:00,0,64.8,18,0.72594
2025-10-03T22:27:00,0,64.8,18,0.72594
2025-10-03T22:30:00,0,64.9,18,0.72388
2025-10-03T22:33:00,0,65,18,0.72182
2025-10-03T22:36:00,0,65,18,0.72182
2025-10-03T22:39:00,0,65.1,18,0.71975
2025-10-03T22:42:00,0,65.2,18,0.71769
2025-10-03T22:45:00,0,65.1,18,0.71975
2025-10-03T22:48:00,0,65.2,18,0.71769
2025-10-03T22:51:00,0,65.2,18,0.71769
2025-10-03T22:54:00,0,65.2,18,0.71769
2025-10-03T22:57:00,0,65.3,18,0.71563
2025-10-03T23:00:00,0,65.3,18,0.71563
2025-10-03T23:03:00,0,65.3,18,0.71563
2025-10-03T23:06:00,0,65.6,18,0.70944
2025-10-03T23:09:00,0,66.4,18,0.69294
2025-10-03T23:12:00,0,67,18,0.68057
2025-10-03T23:15:00,0,67.6,18,0.6682
2025-10-03T23:18:00,0,67.9,18,0.66201
2025-10-03T23:21:00,0,68.1,18,0.65788
2025-10-03T23:24:00,0,68.3,18,0.65376
2025-10-03T23:27:00,0,68.4,18,0.6517
2025-10-03T23:30:00,0,68.5,17,0.60989
2025-10-03T23:33:00,0,68.5,17,0.60989
2025-10-03T23:36:00,0,68.6,17,0.60796
2025-10-03T23:39:00,0,68.7,17,0.60602
2025-10-03T23:42:00,0,68.7,17,0.60602
2025-10-03T23:45:00,0,68.7,17,0.60602
2025-10-03T23:48:00,0,68.7,17,0.60602
2025-10-03T23:51:00,0,68.7,17,0.60602
2025-10-03T23:54:00,0,68.6,17,0.60796
2025-10-03T23:57:00,0,68.6,17,0.60796
2025-10-04T00:00:00,0,68.5,17,0.60989
2025-10-04T00:03:00,0,68.6,17,0.60796
2025-10-04T00:06:00,0,69.2,17,0.59634
2025-10-04T00:09:00,0,69.4,17,0.59247
2025-10-04T00:12:00,0,69.6,17,0.58859
2025-10-04T00:15:00,0,69.8,17,0.58472
2025-10-04T00:18:00,0,69.9,17,0.58279
2025-10-04T00:21:00,0,70,17,0.58085
2025-10-04T00:24:00,0,69.9,17,0.58279
2025-10-04T00:27:00,0,69.9,17,0.58279
2025-10-04T00:30:00,0,70,17,0.58085
2025-10-04T00:33:00,0,70.2,17,0.57698
2025-10-04T00:36:00,0,70.6,17,0.56923
2025-10-04T00:39:00,0,71,17,0.56149
2025-10-04T00:42:00,0,71.1,17,0.55955
2025-10-04T00:45:00,0,71.2,17,0.55762
2025-10-04T00:48:00,0,71.3,17,0.55568
2025-10-04T00:51:00,0,71.4,17,0.55374
2025-10-04T00:54:00,0,71.4,17,0.55374
2025-10-04T00:57:00,0,71.4,17,0.55374
2025-10-04T01:00:00,0,71.3,17,0.55568
2025-10-04T01:03:00,0,71.3,17,0.55568
2025-10-04T01:06:00,0,71.8,17,0.546
2025-10-04T01:09:00,0,72.2,17,0.53825
2025-10-04T01:12:00,0,72.3,17,0.53632
2025-10-04T01:15:00,0,72.5,17,0.53244
2025-10-04T01:18:00,0,72.7,17,0.52857
2025-10-04T01:21:00,0,73.1,17,0.52083
2025-10-04T01:24:00,0,73.3,17,0.51696
2025-10-04T01:27:00,0,73.3,17,0.51696
2025-10-04T01:30:00,0,73.2,17,0.51889
2025-10-04T01:33:00,0,73.2,17,0.51889
2025-10-04T01:36:00,0,73.1,17,0.52083
2025-10-04T01:39:00,0,72.9,17,0.5247
2025-10-04T01:42:00,0,73,17,0.52276
2025-10-04T01:45:00,0,72.8,17,0.52664
2025-10-04T01:48:00,0,72.8,16,0.49417
2025-10-04T01:51:00,0,72.5,16,0.49963
2025-10-04T01:54:00,0,72.6,16,0.49781
2025-10-04T01:57:00,0,72.7,16,0.49599
2025-10-04T02:00:00,0,72.5,16,0.49963
2025-10-04T02:03:00,0,72.6,16,0.49781
2025-10-04T02:06:00,0,73.1,16,0.48872
2025-10-04T02:09:00,0,73.4,16,0.48327
2025-10-04T02:12:00,0,73.5,16,0.48146
2025-10-04T02:15:00,0,73.6,16,0.47964
2025-10-04T02:18:00,0,73.8,16,0.47601
2025-10-04T02:21:00,0,73.9,16,0.47419
2025-10-04T02:24:00,0,73.9,16,0.47419
2025-10-04T02:27:00,0,73.8,16,0.47601
2025-10-04T02:30:00,0,73.5,16,0.48146
2025-10-04T02:33:00,0,73.2,16,0.48691
2025-10-04T02:36:00,0,73.2,16,0.48691
2025-10-04T02:39:00,0,73,16,0.49054
2025-10-04T02:42:00,0,73,16,0.49054
2025-10-04T02:45:00,0,72.8,16,0.49417
2025-10-04T02:48:00,0,72.8,16,0.49417
2025-10-04T02:51:00,0,72.8,16,0.49417
2025-10-04T02:54:00,0,72.7,16,0.49599
2025-10-04T02:57:00,0,72.7,16,0.49599
2025-10-04T03:00:00,0,72.6,16,0.49781
2025-10-04T03:03:00,0,72.5,16,0.49963
2025-10-04T03:06:00,0,72.6,16,0.49781
2025-10-04T03:09:00,0,72.7,16,0.49599
2025-10-04T03:12:00,0,72.5,16,0.49963
2025-10-04T03:15:00,0,72.6,16,0.49781
2025-10-04T03:18:00,0,72.8,16,0.49417
2025-10-04T03:21:00,0,72.2,16,0.50508
2025-10-04T03:24:00,0,71.9,16,0.51053
2025-10-04T03:27:00,0,71.9,16,0.51053
2025-10-04T03:30:00,0,71.6,16,0.51598
2025-10-04T03:33:00,0,71.5,16,0.51779
2025-10-04T03:36:00,0,71.4,16,0.51961
2025-10-04T03:39:00,0,71.4,16,0.51961
2025-10-04T03:42:00,0,71.3,16,0.52143
2025-10-04T03:45:00,0,71.3,16,0.52143
2025-10-04T03:48:00,0,71.3,16,0.52143
2025-10-04T03:51:00,0,71,16,0.52688
2025-10-04T03:54:00,0,71,16,0.52688
2025-10-04T03:57:00,0,71,16,0.52688
2025-10-04T04:00:00,262,72.1,16,0.50689
2025-10-04T04:03:00,339,71.2,16,0.52324
2025-10-04T04:06:00,336,69.8,17,0.58472
2025-10-04T04:09:00,334,68.5,17,0.60989
2025-10-04T04:12:00,332,67.9,17,0.62151
2025-10-04T04:15:00,331,67.3,18,0.67438
2025-10-04T04:18:00,329,66.9,18,0.68263
2025-10-04T04:21:00,328,66.8,18,0.68469
2025-10-04T04:24:00,326,66.5,18,0.69088
2025-10-04T04:27:00,325,66.1,18,0.69913
2025-10-04T04:30:00,325,65.9,18,0.70326
2025-10-04T04:33:00,324,65.8,18,0.70532
2025-10-04T04:36:00,324,65.5,18,0.7115
2025-10-04T04:39:00,324,65.3,18,0.71563
2025-10-04T04:42:00,324,65.2,18,0.71769
2025-10-04T04:45:00,323,64.8,18,0.72594
2025-10-04T04:48:00,323,64.6,19,0.77726
2025-10-04T04:51:00,323,64.7,19,0.77507
2025-10-04T04:54:00,323,64.2,19,0.78605
2025-10-04T04:57:00,324,64.1,19,0.78824
2025-10-04T05:00:00,323,64.1,19,0.78824
2025-10-04T05:03:00,323,64,19,0.79044
2025-10-04T05:06:00,323,64.1,19,0.78824
2025-10-04T05:09:00,324,63.8,19,0.79483
2025-10-04T05:12:00,324,63.6,19,0.79922
2025-10-04T05:15:00,323,63.6,19,0.79922
2025-10-04T05:18:00,323,63.8,19,0.79483
2025-10-04T05:21:00,323,63.8,19,0.79483
2025-10-04T05:24:00,324,63.9,19,0.79263
2025-10-04T05:27:00,323,63.9,19,0.79263
2025-10-04T05:30:00,323,63.9,19,0.79263
2025-10-04T05:33:00,323,64.1,19,0.78824
2025-10-04T05:36:00,324,64.2,19,0.78605
2025-10-04T05:39:00,325,64.5,19,0.77946
2025-10-04T05:42:00,323,64.4,20,0.83179
2025-10-04T05:45:00,323,64.5,20,0.82945
2025-10-04T05:48:00,324,64.6,20,0.82711
2025-10-04T05:51:00,324,62.6,20,0.87384
2025-10-04T05:54:00,323,61.7,20,0.89487
2025-10-04T05:57:00,325,61.2,20,0.90655
2025-10-04T06:00:00,324,61.2,20,0.90655
2025-10-04T06:03:00,325,61,20,0.91123
2025-10-04T06:06:00,324,60.3,20,0.92758
2025-10-04T06:09:00,323,60.1,20,0.93226
2025-10-04T06:12:00,325,60.1,20,0.93226
2025-10-04T06:15:00,325,60.2,20,0.92992
2025-10-04T06:18:00,324,59,20,0.95796
2025-10-04T06:21:00,324,59.4,20,0.94861
2025-10-04T06:24:00,324,59.5,20,0.94627
2025-10-04T06:27:00,325,59.2,20,0.95328
2025-10-04T06:30:00,323,58.7,20,0.96497
2025-10-04T06:33:00,324,59,20,0.95796
2025-10-04T06:36:00,325,59.2,20,0.95328
2025-10-04T06:39:00,323,59,20,0.95796
2025-10-04T06:42:00,324,58.9,20,0.96029
2025-10-04T06:45:00,325,59,20,0.95796
2025-10-04T06:48:00,324,58.4,20,0.97198
2025-10-04T06:51:00,324,58.5,20,0.96964
2025-10-04T06:54:00,324,59,20,0.95796
2025-10-04T06:57:00,324,59.3,20,0.95095
2025-10-04T07:00:00,323,59.9,20,0.93693
2025-10-04T07:03:00,325,59.1,20,0.95562
2025-10-04T07:06:00,324,58.9,20,0.96029
2025-10-04T07:09:00,324,59,20,0.95796
2025-10-04T07:12:00,325,59.7,20,0.9416
2025-10-04T07:15:00,323,60.1,20,0.93226
2025-10-04T07:18:00,325,59.2,20,0.95328
2025-10-04T07:21:00,326,59.4,20,0.94861
2025-10-04T07:24:00,325,59.9,20,0.93693
2025-10-04T07:27:00,326,60,20,0.93459
2025-10-04T07:30:00,325,60.2,20,0.92992
2025-10-04T07:33:00,325,60.7,20,0.91824
2025-10-04T07:36:00,325,59.7,20,0.9416
2025-10-04T07:39:00,325,59.9,20,0.93693
2025-10-04T07:42:00,323,59.9,20,0.93693
2025-10-04T07:45:00,326,60.3,20,0.92758
2025-10-04T07:48:00,326,60.4,20,0.92525
2025-10-04T07:51:00,326,59,20,0.95796
2025-10-04T07:54:00,326,59.4,20,0.94861
2025-10-04T07:57:00,328,59.6,20,0.94394
2025-10-04T08:00:00,327,59.9,20,0.93693
2025-10-04T08:03:00,328,60.1,21,0.99158
2025-10-04T08:06:00,328,60.4,21,0.98412
2025-10-04T08:09:00,328,59.7,21,1.00152
2025-10-04T08:12:00,328,59.5,21,1.00649
2025-10-04T08:15:00,329,60,21,0.99406
2025-10-04T08:18:00,331,59.4,21,1.00897
2025-10-04T08:21:00,332,58.3,21,1.03631
2025-10-04T08:24:00,334,58.6,21,1.02885
2025-10-04T08:27:00,334,58.8,21,1.02388
2025-10-04T08:30:00,336,58.9,21,1.0214
2025-10-04T08:33:00,334,58.3,21,1.03631
2025-10-04T08:36:00,336,57.8,21,1.04873
2025-10-04T08:39:00,340,57.4,21,1.05868
2025-10-04T08:42:00,341,56.7,21,1.07607
2025-10-04T08:45:00,342,57.1,21,1.06613
2025-10-04T08:48:00,343,57.1,21,1.06613
2025-10-04T08:51:00,343,57,21,1.06862
2025-10-04T08:54:00,346,56.2,21,1.0885
2025-10-04T08:57:00,348,56,21,1.09347
2025-10-04T09:00:00,349,55.4,21,1.10838
2025-10-04T09:03:00,352,54.3,21,1.13572
2025-10-04T09:06:00,353,54.4,21,1.13323
2025-10-04T09:09:00,354,54.7,22,1.19685
2025-10-04T09:12:00,355,54.4,22,1.20477
2025-10-04T09:15:00,356,54,22,1.21534
2025-10-04T09:18:00,360,54.4,22,1.20477
2025-10-04T09:21:00,361,54,22,1.21534
2025-10-04T09:24:00,363,54.1,22,1.2127
2025-10-04T09:27:00,369,54,22,1.21534
2025-10-04T09:30:00,381,51.4,22,1.28404
2025-10-04T09:33:00,424,49.5,22,1.33423
2025-10-04T09:36:00,443,48.3,22,1.36594
2025-10-04T09:39:00,446,47,22,1.40029
2025-10-04T09:42:00,454,46.1,22,1.42406
2025-10-04T09:45:00,454,45.3,23,1.53573
2025-10-04T09:48:00,449,44.5,23,1.55819
2025-10-04T09:51:00,446,43.8,23,1.57784
2025-10-04T09:54:00,440,43.4,23,1.58907
2025-10-04T09:57:00,435,41.6,23,1.63961
2025-10-04T10:00:00,440,41.6,23,1.63961
2025-10-04T10:03:00,442,40.4,22,1.57466
2025-10-04T10:06:00,440,40.2,23,1.67891
2025-10-04T10:09:00,434,39.8,23,1.69014
2025-10-04T10:12:00,441,39.4,23,1.70137
2025-10-04T10:15:00,435,38.6,23,1.72383
2025-10-04T10:18:00,432,38.5,22,1.62486
2025-10-04T10:21:00,438,38.8,22,1.61693
2025-10-04T10:24:00,434,38.6,22,1.62222
2025-10-04T10:27:00,441,39.4,22,1.60108
2025-10-04T10:30:00,440,39.6,22,1.5958
2025-10-04T10:33:00,432,38.4,23,1.72945
2025-10-04T10:36:00,443,37.3,23,1.76033
2025-10-04T10:39:00,449,36.7,23,1.77718
2025-10-04T10:42:00,436,36.3,23,1.78841
2025-10-04T10:45:00,433,37,23,1.76875
2025-10-04T10:48:00,440,36.3,23,1.78841
2025-10-04T10:51:00,427,36.1,22,1.68827
2025-10-04T10:54:00,432,37,22,1.66449
2025-10-04T10:57:00,432,36.5,22,1.6777
2025-10-04T11:00:00,419,36.6,22,1.67506
2025-10-04T11:03:00,416,36.3,22,1.68298
2025-10-04T11:06:00,416,36.3,22,1.68298
2025-10-04T11:09:00,409,35.2,22,1.71205
2025-10-04T11:12:00,410,36.4,22,1.68034
2025-10-04T11:15:00,405,35.2,22,1.71205
2025-10-04T11:18:00,406,35.5,22,1.70412
2025-10-04T11:21:00,416,34.7,22,1.72526
2025-10-04T11:24:00,410,34.7,22,1.72526
2025-10-04T11:27:00,404,34.8,22,1.72262
2025-10-04T11:30:00,407,34.7,22,1.72526
2025-10-04T11:33:00,397,35.7,22,1.69884
2025-10-04T11:36:00,410,34.8,22,1.72262
2025-10-04T11:39:00,399,35,22,1.71733
2025-10-04T11:42:00,402,34.2,22,1.73847
2025-10-04T11:45:00,403,33.6,22,1.75432
2025-10-04T11:48:00,398,32.8,22,1.77546
2025-10-04T11:51:00,394,33.4,22,1.7596
2025-10-04T11:54:00,392,34.1,22,1.74111
2025-10-04T11:57:00,393,33,22,1.77017
2025-10-04T12:00:00,396,32.8,22,1.77546
2025-10-04T12:03:00,392,32.2,22,1.79131
2025-10-04T12:06:00,387,32.2,22,1.79131
2025-10-04T12:09:00,386,32.1,22,1.79395
2025-10-04T12:12:00,390,32.7,22,1.7781
2025-10-04T12:15:00,391,33,22,1.77017
2025-10-04T12:18:00,383,31.8,22,1.80188
2025-10-04T12:21:00,391,31.7,23,1.91755
2025-10-04T12:24:00,386,31.1,22,1.82037
2025-10-04T12:27:00,389,30.6,22,1.83358
2025-10-04T12:30:00,381,30.7,22,1.83094
2025-10-04T12:33:00,385,30.2,22,1.84415
2025-10-04T12:36:00,386,30.1,22,1.84679
2025-10-04T12:39:00,380,30.2,22,1.84415
2025-10-04T12:42:00,380,30.4,22,1.83887
2025-10-04T12:45:00,386,29.3,22,1.86793
2025-10-04T12:48:00,389,30.1,22,1.84679
2025-10-04T12:51:00,386,31,22,1.82301
2025-10-04T12:54:00,384,29.6,22,1.86
2025-10-04T12:57:00,386,29.5,22,1.86264
2025-10-04T13:00:00,386,29.3,22,1.86793
2025-10-04T13:03:00,387,29.4,22,1.86529
2025-10-04T13:06:00,389,28.8,23,1.99897
2025-10-04T13:09:00,388,29.6,22,1.86
2025-10-04T13:12:00,389,29.6,22,1.86
2025-10-04T13:15:00,392,28.8,22,1.88114
2025-10-04T13:18:00,387,28.8,22,1.88114
2025-10-04T13:21:00,383,28.7,22,1.88378
2025-10-04T13:24:00,383,28.6,22,1.88642
2025-10-04T13:27:00,389,29.6,22,1.86
2025-10-04T13:30:00,388,29.9,22,1.85208
2025-10-04T13:33:00,387,29.5,22,1.86264
2025-10-04T13:36:00,389,29.8,22,1.85472
2025-10-04T13:39:00,393,29.8,22,1.85472
2025-10-04T13:42:00,396,29.1,23,1.99055
2025-10-04T13:45:00,394,29.4,22,1.86529
2025-10-04T13:48:00,391,29.3,22,1.86793
2025-10-04T13:51:00,393,29.2,22,1.87057
2025-10-04T13:54:00,392,29.2,23,1.98774
2025-10-04T13:57:00,394,29.2,23,1.98774
2025-10-04T14:00:00,389,28.9,23,1.99616
2025-10-04T14:03:00,383,29,23,1.99336
2025-10-04T14:06:00,380,29,22,1.87585
2025-10-04T14:09:00,383,29.3,22,1.86793
2025-10-04T14:12:00,385,29.9,22,1.85208
2025-10-04T14:15:00,381,29.4,22,1.86529
2025-10-04T14:18:00,383,28.7,22,1.88378
2025-10-04T14:21:00,382,28.8,22,1.88114
2025-10-04T14:24:00,381,29.1,23,1.99055
2025-10-04T14:27:00,382,29.4,22,1.86529
2025-10-04T14:30:00,387,30,22,1.84943
2025-10-04T14:33:00,389,29.7,22,1.85736
2025-10-04T14:36:00,385,30,22,1.84943
2025-10-04T14:39:00,387,29.5,22,1.86264
2025-10-04T14:42:00,387,29.2,22,1.87057
2025-10-04T14:45:00,386,28.1,22,1.89963
2025-10-04T14:48:00,386,27.8,22,1.90756
2025-10-04T14:51:00,388,28.4,22,1.89171
2025-10-04T14:54:00,391,27.9,23,2.02424
2025-10-04T14:57:00,398,28.1,22,1.89963
2025-10-04T15:00:00,408,27.5,22,1.91548
2025-10-04T15:03:00,401,26.9,23,2.05232
2025-10-04T15:06:00,356,27.5,23,2.03547
2025-10-04T15:09:00,392,27.1,21,1.81168
2025-10-04T15:12:00,391,28.6,21,1.7744
2025-10-04T15:15:00,384,27.9,22,1.90492
2025-10-04T15:18:00,388,27.9,21,1.7918
2025-10-04T15:21:00,383,27.9,22,1.90492
2025-10-04T15:24:00,380,28.2,22,1.89699
2025-10-04T15:27:00,383,28,22,1.90227
2025-10-04T15:30:00,381,27.9,22,1.90492
2025-10-04T15:33:00,372,27.6,22,1.91284
2025-10-04T15:36:00,379,27.6,22,1.91284
2025-10-04T15:39:00,384,27.1,22,1.92605
2025-10-04T15:42:00,375,27.3,22,1.92077
2025-10-04T15:45:00,363,26.85,22,1.93266
2025-10-04T15:48:00,351,26.4,22,1.94455
2025-10-04T15:51:00,368,26.2,22,1.94983
2025-10-04T15:54:00,373,26.8,22,1.93398
2025-10-04T15:57:00,380,26.7,22,1.93662
2025-10-04T16:00:00,371,26.8,22,1.93398
2025-10-04T16:03:00,389,26.2,22,1.94983
2025-10-04T16:06:00,400,26.7,22,1.93662
2025-10-04T16:09:00,361,27,22,1.92869
2025-10-04T16:12:00,369,26.6,22,1.93926
2025-10-04T16:15:00,372,27.1,22,1.92605
2025-10-04T16:18:00,368,27.1,22,1.92605
2025-10-04T16:21:00,364,27.3,22,1.92077
2025-10-04T16:24:00,362,28.1,22,1.89963
2025-10-04T16:27:00,363,27.3,22,1.92077
2025-10-04T16:30:00,360,29.1,22,1.87321
2025-10-04T16:33:00,361,28.3,22,1.89435
2025-10-04T16:36:00,361,28.8,22,1.88114
2025-10-04T16:39:00,355,28.7,22,1.88378
2025-10-04T16:42:00,356,29.2,22,1.87057
2025-10-04T16:45:00,354,30.1,22,1.84679
2025-10-04T16:48:00,350,29.8,22,1.85472
2025-10-04T16:51:00,349,29.8,22,1.85472
2025-10-04T16:54:00,347,29.6,22,1.86
2025-10-04T16:57:00,345,30.3,22,1.84151
2025-10-04T17:00:00,345,29.7,22,1.85736
2025-10-04T17:03:00,343,30.6,22,1.83358
2025-10-04T17:06:00,343,30,22,1.84943
2025-10-04T17:09:00,342,30,22,1.84943
2025-10-04T17:12:00,342,30.7,22,1.83094
2025-10-04T17:15:00,342,30.6,22,1.83358
2025-10-04T17:18:00,343,30.6,21,1.7247
2025-10-04T17:21:00,339,30.9,22,1.82566
2025-10-04T17:24:00,340,30.5,22,1.83622
2025-10-04T17:27:00,339,30.9,21,1.71724
2025-10-04T17:30:00,339,30.9,21,1.71724
2025-10-04T17:33:00,338,30.7,22,1.83094
2025-10-04T17:36:00,337,31.2,21,1.70979
2025-10-04T17:39:00,338,30.8,21,1.71973
2025-10-04T17:42:00,337,31,22,1.82301
2025-10-04T17:45:00,337,31.6,21,1.69984
2025-10-04T17:48:00,336,30.9,22,1.82566
2025-10-04T17:51:00,334,31.6,21,1.69984
2025-10-04T17:54:00,332,31.4,21,1.70482
2025-10-04T17:57:00,332,31.7,22,1.80452
2025-10-04T18:00:00,331,32.2,22,1.79131
2025-10-04T18:03:00,331,31.3,21,1.7073
2025-10-04T18:06:00,331,32,21,1.6899
2025-10-04T18:09:00,330,32.4,21,1.67996
2025-10-04T18:12:00,329,32.2,21,1.68493
2025-10-04T18:15:00,328,32.8,21,1.67002
2025-10-04T18:18:00,328,33,21,1.66505
2025-10-04T18:21:00,328,33,21,1.66505
2025-10-04T18:24:00,328,32.8,21,1.67002
2025-10-04T18:27:00,327,33.1,21,1.66257
2025-10-04T18:30:00,326,33.2,21,1.66008
2025-10-04T18:33:00,326,33.1,21,1.66257
2025-10-04T18:36:00,326,33.3,21,1.6576
2025-10-04T18:39:00,326,33.3,21,1.6576
2025-10-04T18:42:00,326,33.4,21,1.65511
2025-10-04T18:45:00,326,33.8,22,1.74904
2025-10-04T18:48:00,327,34.2,22,1.73847
2025-10-04T18:51:00,326,33.9,22,1.74639
2025-10-04T18:54:00,327,34.4,22,1.73318
2025-10-04T18:57:00,327,35.1,22,1.71469
2025-10-04T19:00:00,326,34.1,22,1.74111
2025-10-04T19:03:00,326,33.9,22,1.74639
2025-10-04T19:06:00,326,34.2,22,1.73847
2025-10-04T19:09:00,327,34.5,22,1.73054
2025-10-04T19:12:00,327,34.6,22,1.7279
2025-10-04T19:15:00,327,35.3,22,1.7094
2025-10-04T19:18:00,326,35.3,22,1.7094
2025-10-04T19:21:00,327,35.7,22,1.69884
2025-10-04T19:24:00,326,35.9,22,1.69355
2025-10-04T19:27:00,326,34.2,21,1.63523
2025-10-04T19:30:00,326,34.9,22,1.71997
2025-10-04T19:33:00,326,35.2,22,1.71205
2025-10-04T19:36:00,326,35.2,22,1.71205
2025-10-04T19:39:00,326,35.5,22,1.70412
2025-10-04T19:42:00,328,35.2,22,1.71205
2025-10-04T19:45:00,327,35.4,22,1.70676
2025-10-04T19:48:00,327,35.4,22,1.70676
2025-10-04T19:51:00,326,35.5,22,1.70412
2025-10-04T19:54:00,328,35.5,22,1.70412
2025-10-04T19:57:00,327,35.6,22,1.70148
2025-10-04T20:00:00,327,35.5,22,1.70412
2025-10-04T20:03:00,0,35.6,22,1.70148
2025-10-04T20:06:00,0,36,21,1.5905
2025-10-04T20:09:00,0,36.4,21,1.58056
2025-10-04T20:12:00,0,36.4,21,1.58056
2025-10-04T20:15:00,0,36.5,21,1.57807
2025-10-04T20:18:00,0,36.5,21,1.57807
2025-10-04T20:21:00,0,36.6,20,1.48133
2025-10-04T20:24:00,0,36.7,20,1.47899
2025-10-04T20:27:00,0,37,20,1.47198
2025-10-04T20:30:00,0,37.8,20,1.45329
2025-10-04T20:33:00,0,38.3,20,1.44161
2025-10-04T20:36:00,0,38.9,20,1.42759
2025-10-04T20:39:00,0,39.6,20,1.41123
2025-10-04T20:42:00,0,40.3,20,1.39488
2025-10-04T20:45:00,0,41,20,1.37852
2025-10-04T20:48:00,0,41.5,20,1.36684
2025-10-04T20:51:00,0,42.05,20,1.35399
2025-10-04T20:54:00,0,42.6,20,1.34114
2025-10-04T20:57:00,0,43.2,19,1.24713
2025-10-04T21:00:00,0,43.8,19,1.23396
2025-10-04T21:03:00,0,44.4,19,1.22079
2025-10-04T21:06:00,0,44.9,19,1.20981
2025-10-04T21:09:00,0,45.5,19,1.19663
2025-10-04T21:12:00,0,46.1,19,1.18346
2025-10-04T21:15:00,0,46.6,19,1.17248
2025-10-04T21:18:00,0,47,19,1.1637
2025-10-04T21:21:00,0,47.5,19,1.15272
2025-10-04T21:24:00,0,48.1,19,1.13955
2025-10-04T21:27:00,0,48.6,19,1.12857
2025-10-04T21:30:00,0,49,19,1.11979
2025-10-04T21:33:00,0,49.6,19,1.10661
2025-10-04T21:36:00,0,50.1,19,1.09563
2025-10-04T21:39:00,0,50.4,19,1.08905
2025-10-04T21:42:00,0,50.8,19,1.08026
2025-10-04T21:45:00,0,51.4,19,1.06709
2025-10-04T21:48:00,0,51.8,19,1.05831
2025-10-04T21:51:00,0,52,18,0.98992
2025-10-04T21:54:00,0,52.4,18,0.98167
2025-10-04T21:57:00,0,52.7,18,0.97548
2025-10-04T22:00:00,0,53,18,0.9693
2025-10-04T22:03:00,0,53.2,18,0.96517
2025-10-04T22:06:00,0,53.6,18,0.95692
2025-10-04T22:09:00,0,53.9,18,0.95074
2025-10-04T22:12:00,0,54.3,18,0.94249
2025-10-04T22:15:00,0,54.3,18,0.94249
2025-10-04T22:18:00,0,54.5,18,0.93836
2025-10-04T22:21:00,0,54.8,18,0.93217
2025-10-04T22:24:00,0,55,18,0.92805
2025-10-04T22:27:00,0,55,18,0.92805
2025-10-04T22:30:00,0,55.2,18,0.92393
2025-10-04T22:33:00,0,55.4,18,0.9198
2025-10-04T22:36:00,0,55.5,18,0.91774
2025-10-04T22:39:00,0,55.7,18,0.91361
2025-10-04T22:42:00,0,55.8,18,0.91155
2025-10-04T22:45:00,0,55.9,18,0.90949
2025-10-04T22:48:00,0,56,18,0.90743
2025-10-04T22:51:00,0,56.1,18,0.90536
2025-10-04T22:54:00,0,56.3,18,0.90124
2025-10-04T22:57:00,0,56.5,18,0.89711
2025-10-04T23:00:00,0,56.6,17,0.84029
2025-10-04T23:03:00,0,56.8,17,0.83642
2025-10-04T23:06:00,0,58.3,17,0.80738
2025-10-04T23:09:00,0,59.7,17,0.78027
2025-10-04T23:12:00,0,61.2,17,0.75123
2025-10-04T23:15:00,0,62.1,17,0.73381
2025-10-04T23:18:00,0,63,17,0.71638
2025-10-04T23:21:00,0,63.8,17,0.70089
2025-10-04T23:24:00,0,64.3,17,0.69121
2025-10-04T23:27:00,0,64.8,17,0.68153
2025-10-04T23:30:00,0,64.9,17,0.67959
2025-10-04T23:33:00,0,65.3,17,0.67185
2025-10-04T23:36:00,0,65.6,17,0.66604
2025-10-04T23:39:00,0,65.8,17,0.66217
2025-10-04T23:42:00,0,66,17,0.6583
2025-10-04T23:45:00,0,66.3,17,0.65249
2025-10-04T23:48:00,0,66.4,17,0.65055
2025-10-04T23:51:00,0,66.7,17,0.64474
2025-10-04T23:54:00,0,66.8,17,0.64281
2025-10-04T23:57:00,0,67,17,0.63893
2025-10-05T00:00:00,0,67.1,17,0.637
2025-10-05T00:03:00,0,67.1,17,0.637
2025-10-05T00:06:00,0,67.1,17,0.637
2025-10-05T00:09:00,0,67.1,17,0.637
2025-10-05T00:12:00,0,67.2,17,0.63506
2025-10-05T00:15:00,0,67.2,17,0.63506
2025-10-05T00:18:00,0,67.2,17,0.63506
2025-10-05T00:21:00,0,67.1,17,0.637
2025-10-05T00:24:00,0,67.2,17,0.63506
2025-10-05T00:27:00,0,67.1,17,0.637
2025-10-05T00:30:00,0,67.1,17,0.637
2025-10-05T00:33:00,0,67.7,17,0.62538
2025-10-05T00:36:00,0,68.5,17,0.60989
2025-10-05T00:39:00,0,69,17,0.60021
2025-10-05T00:42:00,0,69.4,17,0.59247
2025-10-05T00:45:00,0,69.8,17,0.58472
2025-10-05T00:48:00,0,70,17,0.58085
2025-10-05T00:51:00,0,70.1,17,0.57891
2025-10-05T00:54:00,0,70.2,17,0.57698
2025-10-05T00:57:00,0,70.2,17,0.57698
2025-10-05T01:00:00,0,70.4,17,0.5731
2025-10-05T01:03:00,0,70.65,17,0.56826
2025-10-05T01:06:00,0,70.9,17,0.56342
2025-10-05T01:09:00,0,71.3,17,0.55568
2025-10-05T01:12:00,0,71.4,17,0.55374
2025-10-05T01:15:00,0,71.5,17,0.55181
2025-10-05T01:18:00,0,71.6,17,0.54987
2025-10-05T01:21:00,0,72,17,0.54213
2025-10-05T01:24:00,0,72.1,17,0.54019
2025-10-05T01:27:00,0,72.2,17,0.53825
2025-10-05T01:30:00,0,72.2,16,0.50508
2025-10-05T01:33:00,0,72.1,17,0.54019
2025-10-05T01:36:00,0,71.2,17,0.55762
2025-10-05T01:39:00,0,71.3,16,0.52143
2025-10-05T01:42:00,0,71.1,17,0.55955
2025-10-05T01:45:00,0,70.9,16,0.52869
2025-10-05T01:48:00,0,70.4,16,0.53778
2025-10-05T01:51:00,0,70.3,16,0.5396
2025-10-05T01:54:00,0,69.7,16,0.5505
2025-10-05T01:57:00,0,69.8,16,0.54868
2025-10-05T02:00:00,0,69.7,16,0.5505
2025-10-05T02:03:00,0,69.5,16,0.55413
2025-10-05T02:06:00,0,70.1,16,0.54323
2025-10-05T02:09:00,0,70.6,16,0.53414
2025-10-05T02:12:00,0,70.5,16,0.53596
2025-10-05T02:15:00,0,70.6,16,0.53414
2025-10-05T02:18:00,0,70.2,16,0.54141
2025-10-05T02:21:00,0,70.1,16,0.54323
2025-10-05T02:24:00,0,70.7,16,0.53233
2025-10-05T02:27:00,0,69.5,16,0.55413
2025-10-05T02:30:00,0,68.9,16,0.56503
2025-10-05T02:33:00,0,67.9,17,0.62151
2025-10-05T02:36:00,0,67.5,17,0.62925
2025-10-05T02:39:00,0,67.6,17,0.62732
2025-10-05T02:42:00,0,67.4,16,0.59228
2025-10-05T02:45:00,0,67.6,16,0.58865
2025-10-05T02:48:00,0,67.6,16,0.58865
2025-10-05T02:51:00,0,67.4,16,0.59228
2025-10-05T02:54:00,0,67.1,16,0.59773
2025-10-05T02:57:00,0,67.1,16,0.59773
2025-10-05T03:00:00,0,66.7,16,0.605
2025-10-05T03:03:00,0,66.5,16,0.60863
2025-10-05T03:06:00,0,66.3,16,0.61227
2025-10-05T03:09:00,0,66.4,16,0.61045
2025-10-05T03:12:00,0,67,16,0.59955
2025-10-05T03:15:00,0,65.9,16,0.61954
2025-10-05T03:18:00,0,65.2,16,0.63225
2025-10-05T03:21:00,0,64.6,16,0.64315
2025-10-05T03:24:00,0,64,16,0.65406
2025-10-05T03:27:00,0,63.7,16,0.65951
2025-10-05T03:30:00,0,64,16,0.65406
2025-10-05T03:33:00,0,63.7,16,0.65951
2025-10-05T03:36:00,0,63.6,16,0.66132
2025-10-05T03:39:00,0,63.8,16,0.65769
2025-10-05T03:42:00,0,63.7,16,0.65951
2025-10-05T03:45:00,0,63.7,16,0.65951
2025-10-05T03:48:00,0,63.7,16,0.65951
2025-10-05T03:51:00,0,63.7,16,0.65951
2025-10-05T03:54:00,0,64.4,16,0.64679
2025-10-05T03:57:00,0,63.3,16,0.66677
2025-10-05T04:00:00,0,62.1,16,0.68857
2025-10-05T04:03:00,339,61.3,17,0.7493
2025-10-05T04:06:00,336,60.4,17,0.76672
2025-10-05T04:09:00,334,60,17,0.77447
2025-10-05T04:12:00,332,59.4,17,0.78608
2025-10-05T04:15:00,331,59.4,17,0.78608
2025-10-05T04:18:00,328,59.4,17,0.78608
2025-10-05T04:21:00,328,59.1,17,0.79189
2025-10-05T04:24:00,326,59,17,0.79383
2025-10-05T04:27:00,326,58.7,17,0.79964
2025-10-05T04:30:00,325,58.8,17,0.7977
2025-10-05T04:33:00,325,58.8,18,0.84968
2025-10-05T04:36:00,325,59.1,18,0.84349
2025-10-05T04:39:00,323,59,18,0.84556
2025-10-05T04:42:00,324,59,18,0.84556
2025-10-05T04:45:00,323,59,18,0.84556
2025-10-05T04:48:00,323,58.95,18,0.84659
2025-10-05T04:51:00,323,58.9,18,0.84762
2025-10-05T04:54:00,323,59,18,0.84556
2025-10-05T04:57:00,323,59.1,18,0.84349
2025-10-05T05:00:00,323,59.3,18,0.83937
2025-10-05T05:03:00,323,59.3,18,0.83937
2025-10-05T05:06:00,322,59.3,18,0.83937
2025-10-05T05:09:00,323,59.2,18,0.84143
2025-10-05T05:12:00,323,59.3,18,0.83937
2025-10-05T05:15:00,324,59,18,0.84556
2025-10-05T05:18:00,323,58.9,19,0.90242
2025-10-05T05:21:00,323,58.7,19,0.90681
2025-10-05T05:24:00,324,58.7,19,0.90681
2025-10-05T05:27:00,323,58.3,19,0.91559
2025-10-05T05:30:00,323,58,19,0.92218
2025-10-05T05:33:00,323,57.8,19,0.92657
2025-10-05T05:36:00,323,57.7,19,0.92876
2025-10-05T05:39:00,323,57.6,19,0.93096
2025-10-05T05:42:00,323,57.2,19,0.93974
2025-10-05T05:45:00,322,57,19,0.94413
2025-10-05T05:48:00,323,57,19,0.94413
2025-10-05T05:51:00,323,56.9,19,0.94633
2025-10-05T05:54:00,324,56.9,19,0.94633
2025-10-05T05:57:00,323,57.1,19,0.94194
2025-10-05T06:00:00,323,57.1,19,0.94194
2025-10-05T06:03:00,323,57.2,19,0.93974
2025-10-05T06:06:00,322,57.2,19,0.93974
2025-10-05T06:09:00,323,57,19,0.94413
2025-10-05T06:12:00,322,57,19,0.94413
2025-10-05T06:15:00,322,56.9,19,0.94633
2025-10-05T06:18:00,323,56.8,19,0.94852
2025-10-05T06:21:00,323,56.7,19,0.95072
2025-10-05T06:24:00,322,56.8,19,0.94852
2025-10-05T06:27:00,324,56.4,19,0.95731
2025-10-05T06:30:00,323,56.4,19,0.95731
2025-10-05T06:33:00,323,56.1,19,0.96389
2025-10-05T06:36:00,322,56,19,0.96609
2025-10-05T06:39:00,323,56.2,19,0.9617
2025-10-05T06:42:00,323,55.8,19,0.97048
2025-10-05T06:45:00,323,55.8,19,0.97048
2025-10-05T06:48:00,323,55.7,19,0.97268
2025-10-05T06:51:00,323,55.8,19,0.97048
2025-10-05T06:54:00,324,55.7,19,0.97268
2025-10-05T06:57:00,323,55.4,19,0.97926
2025-10-05T07:00:00,323,55.4,19,0.97926
2025-10-05T07:03:00,323,55.4,19,0.97926
2025-10-05T07:06:00,323,55.4,19,0.97926
2025-10-05T07:09:00,324,55.1,19,0.98585
2025-10-05T07:12:00,323,55,19,0.98805
2025-10-05T07:15:00,325,55.1,19,0.98585
2025-10-05T07:18:00,325,55.2,19,0.98365
2025-10-05T07:21:00,325,54.9,19,0.99024
2025-10-05T07:24:00,325,54.8,19,0.99244
2025-10-05T07:27:00,326,55,19,0.98805
2025-10-05T07:30:00,326,54.6,19,0.99683
2025-10-05T07:33:00,326,54.7,19,0.99463
2025-10-05T07:36:00,326,54.7,19,0.99463
2025-10-05T07:39:00,326,54.7,19,0.99463
2025-10-05T07:42:00,328,54.8,19,0.99244
2025-10-05T07:45:00,328,54.7,19,0.99463
2025-10-05T07:48:00,328,54.6,19,0.99683
2025-10-05T07:51:00,328,54.9,19,0.99024
2025-10-05T07:54:00,328,54.6,19,0.99683
2025-10-05T07:57:00,330,54.5,19,0.99902
2025-10-05T08:00:00,328,54.6,19,0.99683
2025-10-05T08:03:00,329,54.9,19,0.99024
2025-10-05T08:06:00,329,54.5,19,0.99902
2025-10-05T08:09:00,329,54.6,19,0.99683
2025-10-05T08:12:00,329,54.6,19,0.99683
2025-10-05T08:15:00,331,54.7,19,0.99463
2025-10-05T08:18:00,330,54.3,19,1.00342
2025-10-05T08:21:00,330,54.7,19,0.99463
2025-10-05T08:24:00,331,54.5,19,0.99902
2025-10-05T08:27:00,331,54.8,19,0.99244
2025-10-05T08:30:00,331,54.7,19,0.99463
2025-10-05T08:33:00,332,54.9,19,0.99024
2025-10-05T08:36:00,334,54.7,19,0.99463
2025-10-05T08:39:00,337,54.8,19,0.99244
2025-10-05T08:42:00,337.5,54.9,19,0.99024
2025-10-05T08:45:00,338,55,19,0.98805
2025-10-05T08:48:00,338,54.9,19,0.99024
2025-10-05T08:51:00,339,55.1,19,0.98585
2025-10-05T08:54:00,342,55.1,19,0.98585
2025-10-05T08:57:00,345,55.2,19,0.98365
2025-10-05T09:00:00,348,55.6,19,0.97487
2025-10-05T09:03:00,352,55.9,19,0.96828
2025-10-05T09:06:00,353,56.1,20,1.02571
2025-10-05T09:09:00,350,56.4,20,1.01871
2025-10-05T09:12:00,344,56.7,20,1.0117
2025-10-05T09:15:00,346,57.8,20,0.98599
2025-10-05T09:18:00,344,58.4,20,0.97198
2025-10-05T09:21:00,346,58.6,20,0.9673
2025-10-05T09:24:00,346,59.6,20,0.94394
2025-10-05T09:27:00,347,60.5,20,0.92291
2025-10-05T09:30:00,348,60.4,20,0.92525
2025-10-05T09:33:00,347,60.7,21,0.97667
2025-10-05T09:36:00,345,61.2,21,0.96424
2025-10-05T09:39:00,345,61.5,21,0.95678
2025-10-05T09:42:00,349,61.8,21,0.94933
2025-10-05T09:45:00,347,62.4,21,0.93442
2025-10-05T09:48:00,343,62.7,21,0.92696
2025-10-05T09:51:00,344,62.8,21,0.92448
2025-10-05T09:54:00,342,62.7,21,0.92696
2025-10-05T09:57:00,345,62.8,21,0.92448
2025-10-05T10:00:00,346,61.9,21,0.94684
2025-10-05T10:03:00,345,59,21,1.01891
2025-10-05T10:06:00,345,59.8,21,0.99903
2025-10-05T10:09:00,342,60,21,0.99406
2025-10-05T10:12:00,345,59.2,21,1.01394
2025-10-05T10:15:00,350,57.5,21,1.05619
2025-10-05T10:18:00,347,57.6,21,1.05371
2025-10-05T10:21:00,343,58.3,21,1.03631
2025-10-05T10:24:00,344,56.5,21,1.08104
2025-10-05T10:27:00,345,56.5,21,1.08104
2025-10-05T10:30:00,343,57.1,21,1.06613
2025-10-05T10:33:00,344,57.6,21,1.05371
2025-10-05T10:36:00,345,56,21,1.09347
2025-10-05T10:39:00,345,55.7,21,1.10092
2025-10-05T10:42:00,343,56.6,21,1.07856
2025-10-05T10:45:00,349,55.4,21,1.10838
2025-10-05T10:48:00,355,55.1,21,1.11583
2025-10-05T10:51:00,354,55.8,21,1.09844
2025-10-05T10:54:00,361,55.5,21,1.10589
2025-10-05T10:57:00,353,53.9,22,1.21798
2025-10-05T11:00:00,356,53.1,22,1.23912
2025-10-05T11:03:00,352,53.2,22,1.23648
2025-10-05T11:06:00,352,53.2,22,1.23648
2025-10-05T11:09:00,352,52.2,22,1.2629
2025-10-05T11:12:00,348,52.3,22,1.26026
2025-10-05T11:15:00,345,53,22,1.24176
2025-10-05T11:18:00,348,52.6,22,1.25233
2025-10-05T11:21:00,350,51.8,22,1.27347
2025-10-05T11:24:00,356,52.1,22,1.26554
2025-10-05T11:27:00,347,52.6,22,1.25233
2025-10-05T11:30:00,351,51.9,22,1.27083
2025-10-05T11:33:00,353,50.7,22,1.30253
2025-10-05T11:36:00,360,51.6,22,1.27875
2025-10-05T11:39:00,358,51.2,22,1.28932
2025-10-05T11:42:00,361,50.3,22,1.3131
2025-10-05T11:45:00,364,50.3,22,1.3131
2025-10-05T11:48:00,381,49.1,22,1.3448
2025-10-05T11:51:00,361,48.1,22,1.37122
2025-10-05T11:54:00,347,47.3,22,1.39236
2025-10-05T11:57:00,349,47.1,22,1.39764
2025-10-05T12:00:00,347,47.7,22,1.38179
2025-10-05T12:03:00,344,47.1,22,1.39764
2025-10-05T12:06:00,347,47.8,22,1.37915
2025-10-05T12:09:00,347.5,48.15,22,1.3699
2025-10-05T12:12:00,348,48.5,22,1.36065
2025-10-05T12:15:00,346,47.7,22,1.38179
2025-10-05T12:18:00,350,47.4,22,1.38972
2025-10-05T12:21:00,356,46.5,22,1.4135
2025-10-05T12:24:00,350,47.4,22,1.38972
2025-10-05T12:27:00,350,47.4,22,1.38972
2025-10-05T12:30:00,348,47.5,22,1.38708
2025-10-05T12:33:00,350,47.1,22,1.39764
2025-10-05T12:36:00,358,47.8,22,1.37915
2025-10-05T12:39:00,361,46.5,22,1.4135
2025-10-05T12:42:00,365,47.3,22,1.39236
2025-10-05T12:45:00,365,47,22,1.40029
2025-10-05T12:48:00,374,46.5,22,1.4135
2025-10-05T12:51:00,366,46.4,22,1.41614
2025-10-05T12:54:00,353,46.4,22,1.41614
2025-10-05T12:57:00,347,46.1,22,1.42406
2025-10-05T13:00:00,354,46.2,22,1.42142
2025-10-05T13:03:00,356,47,22,1.40029
2025-10-05T13:06:00,345,48.1,22,1.37122
2025-10-05T13:09:00,342,47,22,1.40029
2025-10-05T13:12:00,341,46.6,22,1.41085
2025-10-05T13:15:00,347,47.1,22,1.39764
2025-10-05T13:18:00,360,47.8,22,1.37915
2025-10-05T13:21:00,357,46.5,22,1.4135
2025-10-05T13:24:00,356,46.5,22,1.4135
2025-10-05T13:27:00,355,47.1,22,1.39764
2025-10-05T13:30:00,358,46.3,22,1.41878
2025-10-05T13:33:00,364,46.3,22,1.41878
2025-10-05T13:36:00,361,45.5,22,1.43992
2025-10-05T13:39:00,360,44.9,22,1.45577
2025-10-05T13:42:00,359,44.3,22,1.47162
2025-10-05T13:45:00,358,44.3,22,1.47162
2025-10-05T13:48:00,362,43.6,22,1.49012
2025-10-05T13:51:00,365,43.6,22,1.49012
2025-10-05T13:54:00,367,43.5,22,1.49276
2025-10-05T13:57:00,367,43.6,22,1.49012
2025-10-05T14:00:00,369,43.2,22,1.50068
2025-10-05T14:03:00,372,42.9,22,1.50861
2025-10-05T14:06:00,381,42.3,23,1.61995
2025-10-05T14:09:00,391,41.1,23,1.65364
2025-10-05T14:12:00,427,40.5,23,1.67049
2025-10-05T14:15:00,371,36.1,23,1.79402
2025-10-05T14:18:00,402,35.8,22,1.69619
2025-10-05T14:21:00,408,34.1,22,1.74111
2025-10-05T14:24:00,400,32.6,22,1.78074
2025-10-05T14:27:00,400,32.2,22,1.79131
2025-10-05T14:30:00,423,33,22,1.77017
2025-10-05T14:33:00,356,31.5,22,1.8098
2025-10-05T14:36:00,351,31.5,22,1.8098
2025-10-05T14:39:00,349,31.8,22,1.80188
2025-10-05T14:42:00,402,30.7,22,1.83094
2025-10-05T14:45:00,414,30.1,22,1.84679
2025-10-05T14:48:00,405,30.8,22,1.8283
2025-10-05T14:51:00,386,30.2,21,1.73464
2025-10-05T14:54:00,353,30,22,1.84943
2025-10-05T14:57:00,407,30.1,22,1.84679
2025-10-05T15:00:00,408,29.3,22,1.86793
2025-10-05T15:03:00,395,29.1,21,1.76197
2025-10-05T15:06:00,399,27.2,21,1.80919
2025-10-05T15:09:00,359,28.7,21,1.77191
2025-10-05T15:12:00,340,28.7,21,1.77191
2025-10-05T15:15:00,394,27.6,21,1.79925
2025-10-05T15:18:00,393,27.4,22,1.91813
2025-10-05T15:21:00,394,27.8,21,1.79428
2025-10-05T15:24:00,395,28.2,22,1.89699
2025-10-05T15:27:00,391,27.4,22,1.91813
2025-10-05T15:30:00,371,26.5,22,1.94191
2025-10-05T15:33:00,342,27,22,1.92869
2025-10-05T15:36:00,364,26.6,22,1.93926
2025-10-05T15:39:00,386,26.2,22,1.94983
2025-10-05T15:42:00,384,25.6,22,1.96568
2025-10-05T15:45:00,383,26.1,21,1.83653
2025-10-05T15:48:00,382,25.6,22,1.96568
2025-10-05T15:51:00,383,25.6,21,1.84895
2025-10-05T15:54:00,381,24.2,22,2.00267
2025-10-05T15:57:00,383,25.3,21,1.85641
2025-10-05T16:00:00,432,25.3,22,1.97361
2025-10-05T16:03:00,434,24.7,22,1.98946
2025-10-05T16:06:00,402,25.3,22,1.97361
2025-10-05T16:09:00,382,25.2,22,1.97625
2025-10-05T16:12:00,375,25.5,22,1.96833
2025-10-05T16:15:00,371,24.1,22,2.00531
2025-10-05T16:18:00,369,24.6,22,1.9921
2025-10-05T16:21:00,367,25.2,22,1.97625
2025-10-05T16:24:00,365,25.1,21,1.86138
2025-10-05T16:27:00,364,25.2,21,1.85889
2025-10-05T16:30:00,362,25.2,21,1.85889
2025-10-05T16:33:00,361,25.1,22,1.97889
2025-10-05T16:36:00,361,25,21,1.86387
2025-10-05T16:39:00,359,24.7,21,1.87132
2025-10-05T16:42:00,356,24.7,21,1.87132
2025-10-05T16:45:00,350,24.7,21,1.87132
2025-10-05T16:48:00,345,24.9,21,1.86635
2025-10-05T16:51:00,336,25,21,1.86387
2025-10-05T16:54:00,334,25,21,1.86387
2025-10-05T16:57:00,336,25.3,21,1.85641
2025-10-05T17:00:00,336,26.1,21,1.83653
2025-10-05T17:03:00,334,26.2,21,1.83404
2025-10-05T17:06:00,336,26.3,21,1.83156
2025-10-05T17:09:00,338,27.1,21,1.81168
2025-10-05T17:12:00,339,27.3,21,1.80671
2025-10-05T17:15:00,341,27.7,21,1.79677
2025-10-05T17:18:00,343,27.8,21,1.79428
2025-10-05T17:21:00,342,28.1,22,1.89963
2025-10-05T17:24:00,340,27.8,22,1.90756
2025-10-05T17:27:00,340,28.1,22,1.89963
2025-10-05T17:30:00,339,28.5,22,1.88906
2025-10-05T17:33:00,338,28.5,22,1.88906
2025-10-05T17:36:00,336,28.8,22,1.88114
2025-10-05T17:39:00,336,28.9,22,1.8785
2025-10-05T17:42:00,336,28.4,22,1.89171
2025-10-05T17:45:00,336,28.5,22,1.88906
2025-10-05T17:48:00,334,29.3,22,1.86793
2025-10-05T17:51:00,334,28.7,22,1.88378
2025-10-05T17:54:00,332,29,22,1.87585
2025-10-05T17:57:00,333,29.3,22,1.86793
2025-10-05T18:00:00,331,28.9,21,1.76694
2025-10-05T18:03:00,331,29.4,21,1.75452
2025-10-05T18:06:00,330,30.1,21,1.73712
2025-10-05T18:09:00,330,30.7,22,1.83094
2025-10-05T18:12:00,329,31.5,22,1.8098
2025-10-05T18:15:00,329,32,22,1.79659
2025-10-05T18:18:00,330,32.8,22,1.77546
2025-10-05T18:21:00,329,33.7,22,1.75168
2025-10-05T18:24:00,329,34.4,22,1.73318
2025-10-05T18:27:00,328,35.3,22,1.7094
2025-10-05T18:30:00,327,36,22,1.69091
2025-10-05T18:33:00,327,36.7,22,1.67242
2025-10-05T18:36:00,327,37.6,21,1.55074
2025-10-05T18:39:00,326,38,22,1.63807
2025-10-05T18:42:00,326,39,21,1.51594
2025-10-05T18:45:00,326,39.7,21,1.49855
2025-10-05T18:48:00,326,40.5,21,1.47867
2025-10-05T18:51:00,326,41.2,21,1.46127
2025-10-05T18:54:00,326,41.5,21,1.45381
2025-10-05T18:57:00,326,42.2,21,1.43642
2025-10-05T19:00:00,326,42.5,21,1.42896
2025-10-05T19:03:00,327,43.1,21,1.41405
2025-10-05T19:06:00,326,43.6,21,1.40163
2025-10-05T19:09:00,327,43.8,21,1.39666
2025-10-05T19:12:00,327,44,21,1.39169
2025-10-05T19:15:00,327,44.3,21,1.38423
2025-10-05T19:18:00,326,44.9,21,1.36932
2025-10-05T19:21:00,326,45.1,21,1.36435
2025-10-05T19:24:00,326,45.2,21,1.36186
2025-10-05T19:27:00,326,45.8,21,1.34695
2025-10-05T19:30:00,326,45.9,21,1.34447
2025-10-05T19:33:00,326,46,21,1.34198
2025-10-05T19:36:00,325,46.3,21,1.33453
2025-10-05T19:39:00,325.5,46.4,21,1.33204
2025-10-05T19:42:00,326,46.5,21,1.32956
2025-10-05T19:45:00,326,46.9,21,1.31962
2025-10-05T19:48:00,326,47.1,21,1.31465
2025-10-05T19:51:00,326,47.2,21,1.31216
2025-10-05T19:54:00,327,47,21,1.31713
2025-10-05T19:57:00,326,47.3,21,1.30968
2025-10-05T20:00:00,326,47.4,21,1.30719
2025-10-05T20:03:00,0,47.6,21,1.30222
2025-10-05T20:06:00,0,48.3,21,1.28482
2025-10-05T20:09:00,0,48.6,20,1.20095
2025-10-05T20:12:00,0,49.2,20,1.18693
2025-10-05T20:15:00,0,49.6,20,1.17759
2025-10-05T20:18:00,0,50,20,1.16824
2025-10-05T20:21:00,0,50.4,20,1.15889
2025-10-05T20:24:00,0,50.6,19,1.08465
2025-10-05T20:27:00,0,50.7,19,1.08246
2025-10-05T20:30:00,0,50.8,19,1.08026
2025-10-05T20:33:00,0,51,19,1.07587
2025-10-05T20:36:00,0,51.1,19,1.07368
2025-10-05T20:39:00,0,51.4,19,1.06709
2025-10-05T20:42:00,0,51.4,19,1.06709
2025-10-05T20:45:00,0,51.4,18,1.00229
2025-10-05T20:48:00,0,51.8,18,0.99404
2025-10-05T20:51:00,0,51.8,18,0.99404
2025-10-05T20:54:00,0,51.8,18,0.99404
2025-10-05T20:57:00,0,51.8,18,0.99404
2025-10-05T21:00:00,0,51.9,18,0.99198
2025-10-05T21:03:00,0,52,18,0.98992
2025-10-05T21:06:00,0,51.9,18,0.99198
2025-10-05T21:09:00,0,51.9,18,0.99198
2025-10-05T21:12:00,0,51.9,17,0.93129
2025-10-05T21:15:00,0,51.9,17,0.93129
2025-10-05T21:18:00,0,52.2,17,0.92549
2025-10-05T21:21:00,0,52.3,17,0.92355
2025-10-05T21:24:00,0,52.1,17,0.92742
2025-10-05T21:27:00,0,52.1,17,0.92742
2025-10-05T21:30:00,0,52,17,0.92936
2025-10-05T21:33:00,0,51.9,17,0.93129
2025-10-05T21:36:00,0,52.1,17,0.92742
2025-10-05T21:39:00,0,51.9,17,0.93129
2025-10-05T21:42:00,0,51.9,17,0.93129
2025-10-05T21:45:00,0,51.8,17,0.93323
2025-10-05T21:48:00,0,52,17,0.92936
2025-10-05T21:51:00,0,51.8,17,0.93323
2025-10-05T21:54:00,0,52,17,0.92936
2025-10-05T21:57:00,0,52.1,17,0.92742
2025-10-05T22:00:00,0,52.1,17,0.92742
2025-10-05T22:03:00,0,52,17,0.92936
2025-10-05T22:06:00,0,52.1,17,0.92742
2025-10-05T22:09:00,0,51.9,17,0.93129
2025-10-05T22:12:00,0,51.8,16,0.87571
2025-10-05T22:15:00,0,51.9,16,0.87389
2025-10-05T22:18:00,0,51.8,16,0.87571
2025-10-05T22:21:00,0,51.8,16,0.87571
2025-10-05T22:24:00,0,51.8,16,0.87571
2025-10-05T22:27:00,0,52.1,16,0.87026
2025-10-05T22:30:00,0,52.1,16,0.87026
2025-10-05T22:33:00,0,52.1,16,0.87026
2025-10-05T22:36:00,0,51.8,16,0.87571
2025-10-05T22:39:00,0,51.7,16,0.87752
2025-10-05T22:42:00,0,51.6,16,0.87934
2025-10-05T22:45:00,0,51.7,16,0.87752
2025-10-05T22:48:00,0,52.6,16,0.86117
2025-10-05T22:51:00,0,51.9,16,0.87389
2025-10-05T22:54:00,0,51,17,0.94872
2025-10-05T22:57:00,0,50.7,17,0.95453
2025-10-05T23:00:00,0,50.3,17,0.96227
2025-10-05T23:03:00,0,50.7,17,0.95453
2025-10-05T23:06:00,0,51.4,17,0.94098
2025-10-05T23:09:00,0,53.1,17,0.90806
2025-10-05T23:12:00,0,54.3,17,0.88483
2025-10-05T23:15:00,0,55.3,16,0.81212
2025-10-05T23:18:00,0,56.1,16,0.79758
2025-10-05T23:21:00,0,56.5,16,0.79032
2025-10-05T23:24:00,0,57.3,16,0.77578
2025-10-05T23:27:00,0,57.5,16,0.77215
2025-10-05T23:30:00,0,57.8,16,0.7667
2025-10-05T23:33:00,0,58.2,16,0.75943
2025-10-05T23:36:00,0,58.7,16,0.75035
2025-10-05T23:39:00,0,58.9,16,0.74671
2025-10-05T23:42:00,0,59,16,0.7449
2025-10-05T23:45:00,0,59.1,16,0.74308
2025-10-05T23:48:00,0,59.1,16,0.74308
2025-10-05T23:51:00,0,59.9,16,0.72854
2025-10-05T23:54:00,0,59.6,16,0.734
2025-10-05T23:57:00,0,59.1,17,0.79189
2025-10-06T00:00:00,0,58.4,17,0.80544
2025-10-06T00:03:00,0,58.2,17,0.80932
2025-10-06T00:06:00,0,58.3,17,0.80738
2025-10-06T00:09:00,0,58.4,17,0.80544
2025-10-06T00:12:00,0,58.6,17,0.80157
2025-10-06T00:15:00,0,58.8,17,0.7977
2025-10-06T00:18:00,0,59.3,16,0.73945
2025-10-06T00:21:00,0,59.4,16,0.73763
2025-10-06T00:24:00,0,59.2,16,0.74126
2025-10-06T00:27:00,0,59.1,16,0.74308
2025-10-06T00:30:00,0,59.1,16,0.74308
2025-10-06T00:33:00,0,59.4,16,0.73763
2025-10-06T00:36:00,0,60.6,16,0.71583
2025-10-06T00:39:00,0,61.5,16,0.69948
2025-10-06T00:42:00,0,62,16,0.69039
2025-10-06T00:45:00,0,62.5,16,0.68131
2025-10-06T00:48:00,0,63,16,0.67222
2025-10-06T00:51:00,0,63.2,16,0.66859
2025-10-06T00:54:00,0,63.5,16,0.66314
2025-10-06T00:57:00,0,63.8,16,0.65769
2025-10-06T01:00:00,0,64.4,16,0.64679
2025-10-06T01:03:00,0,63.7,16,0.65951
2025-10-06T01:06:00,0,62.8,17,0.72025
2025-10-06T01:09:00,0,62,17,0.73574
2025-10-06T01:12:00,0,62.3,17,0.72993
2025-10-06T01:15:00,0,62.7,17,0.72219
2025-10-06T01:18:00,0,62.9,17,0.71832
2025-10-06T01:21:00,0,63.5,17,0.7067
2025-10-06T01:24:00,0,64.3,16,0.6486
2025-10-06T01:27:00,0,64.7,16,0.64134
2025-10-06T01:30:00,0,65,16,0.63589
2025-10-06T01:33:00,0,65.1,16,0.63407
2025-10-06T01:36:00,0,65.3,16,0.63044
2025-10-06T01:39:00,0,64.9,16,0.6377
2025-10-06T01:42:00,0,65.1,16,0.63407
2025-10-06T01:45:00,0,65,16,0.63589
2025-10-06T01:48:00,0,65,16,0.63589
2025-10-06T01:51:00,0,65.1,16,0.63407
2025-10-06T01:54:00,0,65.1,16,0.63407
2025-10-06T01:57:00,0,65.2,16,0.63225
2025-10-06T02:00:00,0,65.4,16,0.62862
2025-10-06T02:03:00,0,64.7,16,0.64134
2025-10-06T02:06:00,0,65.2,16,0.63225
2025-10-06T02:09:00,0,64.8,16,0.63952
2025-10-06T02:12:00,0,65.5,17,0.66798
2025-10-06T02:15:00,0,65.7,17,0.6641
2025-10-06T02:18:00,0,66.2,16,0.61409
2025-10-06T02:21:00,0,66.6,16,0.60682
2025-10-06T02:24:00,0,66.7,16,0.605
2025-10-06T02:27:00,0,66.9,16,0.60137
2025-10-06T02:30:00,0,66.8,16,0.60318
2025-10-06T02:33:00,0,66.6,16,0.60682
2025-10-06T02:36:00,0,67,16,0.59955
2025-10-06T02:39:00,0,67.1,16,0.59773
2025-10-06T02:42:00,0,67.3,16,0.5941
2025-10-06T02:45:00,0,67.3,16,0.5941
2025-10-06T02:48:00,0,67.6,16,0.58865
2025-10-06T02:51:00,0,67.2,16,0.59592
2025-10-06T02:54:00,0,67.3,16,0.5941
2025-10-06T02:57:00,0,67.7,16,0.58683
2025-10-06T03:00:00,0,67,16,0.59955
2025-10-06T03:03:00,0,66.4,16,0.61045
2025-10-06T03:06:00,0,66.1,17,0.65636
2025-10-06T03:09:00,0,65.9,17,0.66023
2025-10-06T03:12:00,0,65.9,17,0.66023
2025-10-06T03:15:00,0,66,16,0.61772
2025-10-06T03:18:00,0,66.2,16,0.61409
2025-10-06T03:21:00,0,66.2,16,0.61409
2025-10-06T03:24:00,0,66.3,16,0.61227
2025-10-06T03:27:00,0,66.6,16,0.60682
2025-10-06T03:30:00,0,66.8,16,0.60318
2025-10-06T03:33:00,0,66.9,16,0.60137
2025-10-06T03:36:00,0,66.9,16,0.60137
2025-10-06T03:39:00,0,67,16,0.59955
2025-10-06T03:42:00,0,67.1,16,0.59773
2025-10-06T03:45:00,0,67.1,16,0.59773
2025-10-06T03:48:00,0,67.2,16,0.59592
2025-10-06T03:51:00,0,67.3,16,0.5941
2025-10-06T03:54:00,0,67.4,16,0.59228
2025-10-06T03:57:00,0,67.6,16,0.58865
2025-10-06T04:00:00,0,67.7,16,0.58683
2025-10-06T04:03:00,339,67,16,0.59955
2025-10-06T04:06:00,336,66.2,16,0.61409
2025-10-06T04:09:00,334,65.6,16,0.62499
2025-10-06T04:12:00,331,65,17,0.67766
2025-10-06T04:15:00,331,64.4,17,0.68927
2025-10-06T04:18:00,328,64.2,17,0.69315
2025-10-06T04:21:00,328,64,17,0.69702
2025-10-06T04:24:00,326,63.9,17,0.69895
2025-10-06T04:27:00,326,63.6,17,0.70476
2025-10-06T04:30:00,325,63.4,17,0.70864
2025-10-06T04:33:00,324,63.2,17,0.71251
2025-10-06T04:36:00,323,63.2,17,0.71251
2025-10-06T04:39:00,323,63.2,18,0.75894
2025-10-06T04:42:00,323,62.9,18,0.76513
2025-10-06T04:45:00,324,62.9,18,0.76513
2025-10-06T04:48:00,323,62.7,18,0.76925
2025-10-06T04:51:00,323,62.7,18,0.76925
2025-10-06T04:54:00,323,62.7,18,0.76925
2025-10-06T04:57:00,324,62.6,18,0.77131
2025-10-06T05:00:00,323,62.6,18,0.77131
2025-10-06T05:03:00,322,62.4,18,0.77544
2025-10-06T05:06:00,322,62.3,18,0.7775
2025-10-06T05:09:00,323,62,18,0.78369
2025-10-06T05:12:00,322,62,18,0.78369
2025-10-06T05:15:00,322,61.9,18,0.78575
2025-10-06T05:18:00,322,61.9,18,0.78575
2025-10-06T05:21:00,323,61.9,18,0.78575
2025-10-06T05:24:00,324,62,18,0.78369
2025-10-06T05:27:00,323,61.7,19,0.84094
2025-10-06T05:30:00,323,61.5,19,0.84533
2025-10-06T05:33:00,323,61.55,19,0.84423
2025-10-06T05:36:00,323,61.6,19,0.84313
2025-10-06T05:39:00,323,61.7,19,0.84094
2025-10-06T05:42:00,323,61.5,19,0.84533
2025-10-06T05:45:00,323,61.3,19,0.84972
2025-10-06T05:48:00,323,61.3,19,0.84972
2025-10-06T05:51:00,323,61.5,19,0.84533
2025-10-06T05:54:00,323,61.3,19,0.84972
2025-10-06T05:57:00,323,61.3,19,0.84972
2025-10-06T06:00:00,324,61.4,19,0.84752
2025-10-06T06:03:00,323,61.3,19,0.84972
2025-10-06T06:06:00,323,61.3,19,0.84972
2025-10-06T06:09:00,323,59.2,19,0.89583
2025-10-06T06:12:00,323,58.6,19,0.909
2025-10-06T06:15:00,323,58.9,19,0.90242
2025-10-06T06:18:00,324,58.8,19,0.90461
2025-10-06T06:21:00,323,58.4,19,0.91339
2025-10-06T06:24:00,323,57.2,19,0.93974
2025-10-06T06:27:00,323,57.6,19,0.93096
2025-10-06T06:30:00,323,57.7,19,0.92876
2025-10-06T06:33:00,323,58,19,0.92218
2025-10-06T06:36:00,324,58.1,19,0.91998
2025-10-06T06:39:00,323,58.4,19,0.91339
2025-10-06T06:42:00,323,58.8,19,0.90461
2025-10-06T06:45:00,323,58.7,19,0.90681
2025-10-06T06:48:00,323,57.1,19,0.94194
2025-10-06T06:51:00,323,56.9,19,0.94633
2025-10-06T06:54:00,323,57.1,19,0.94194
2025-10-06T06:57:00,323,57.3,19,0.93755
2025-10-06T07:00:00,323,57.6,19,0.93096
2025-10-06T07:03:00,323,58,19,0.92218
2025-10-06T07:06:00,323,58.1,19,0.91998
2025-10-06T07:09:00,323,58.2,19,0.91778
2025-10-06T07:12:00,324,58.5,19,0.9112
2025-10-06T07:15:00,323,58.8,19,0.90461
2025-10-06T07:18:00,324,59,19,0.90022
2025-10-06T07:21:00,324,58.8,19,0.90461
2025-10-06T07:24:00,324,59.2,19,0.89583
2025-10-06T07:27:00,324,59,19,0.90022
2025-10-06T07:30:00,326,59.2,19,0.89583
2025-10-06T07:33:00,325,59.5,20,0.94627
2025-10-06T07:36:00,325,59.4,20,0.94861
2025-10-06T07:39:00,326,59.5,20,0.94627
2025-10-06T07:42:00,324,59.7,20,0.9416
2025-10-06T07:45:00,326,59.9,20,0.93693
2025-10-06T07:48:00,326,59.8,20,0.93926
2025-10-06T07:51:00,327,60,20,0.93459
2025-10-06T07:54:00,326,60.1,20,0.93226
2025-10-06T07:57:00,326,59.9,20,0.93693
2025-10-06T08:00:00,328,60.3,20,0.92758
2025-10-06T08:03:00,328,60.2,20,0.92992
2025-10-06T08:06:00,328,60.3,20,0.92758
2025-10-06T08:09:00,328,60.1,20,0.93226
2025-10-06T08:12:00,331,60.1,20,0.93226
2025-10-06T08:15:00,330,60.4,20,0.92525
2025-10-06T08:18:00,331,60.5,20,0.92291
2025-10-06T08:21:00,330,60.6,20,0.92057
2025-10-06T08:24:00,329,60.4,20,0.92525
2025-10-06T08:27:00,329,60.7,20,0.91824
2025-10-06T08:30:00,329,60.7,20,0.91824
2025-10-06T08:33:00,331,60.7,20,0.91824
2025-10-06T08:36:00,331,60.8,20,0.9159
2025-10-06T08:39:00,332,60.7,20,0.91824
2025-10-06T08:42:00,334,60.6,20,0.92057
2025-10-06T08:45:00,336,60.7,20,0.91824
2025-10-06T08:48:00,339,60.5,21,0.98164
2025-10-06T08:51:00,339,60.8,21,0.97418
2025-10-06T08:54:00,340,59.5,21,1.00649
2025-10-06T08:57:00,343,58,21,1.04376
2025-10-06T09:00:00,342.5,57.5,21,1.05619
2025-10-06T09:03:00,342,57,21,1.06862
2025-10-06T09:06:00,339,55.4,21,1.10838
2025-10-06T09:09:00,343,55.5,21,1.10589
2025-10-06T09:12:00,345,55.4,21,1.10838
2025-10-06T09:15:00,347,53.9,21,1.14566
2025-10-06T09:18:00,350,54.7,21,1.12577
2025-10-06T09:21:00,358,53.3,21,1.16057
2025-10-06T09:24:00,359,51.7,21,1.20033
2025-10-06T09:27:00,359,52.6,21,1.17796
2025-10-06T09:30:00,356,52.3,21,1.18542
2025-10-06T09:33:00,361,51.4,21,1.20778
2025-10-06T09:36:00,357,50.7,21,1.22518
2025-10-06T09:39:00,355,50.1,21,1.24009
2025-10-06T09:42:00,351,50.4,21,1.23264
2025-10-06T09:45:00,349,50,21,1.24258
2025-10-06T09:48:00,353,49.4,21,1.25749
2025-10-06T09:51:00,364,48.5,21,1.27985
2025-10-06T09:54:00,381,48.9,21,1.26991
2025-10-06T09:57:00,389,48.6,22,1.35801
2025-10-06T10:00:00,394,47.8,22,1.37915
2025-10-06T10:03:00,369,47.9,22,1.37651
2025-10-06T10:06:00,375,47.2,22,1.395
2025-10-06T10:09:00,384,46.3,22,1.41878
2025-10-06T10:12:00,389,44.9,22,1.45577
2025-10-06T10:15:00,416,45.2,22,1.44784
2025-10-06T10:18:00,381,44.7,22,1.46105
2025-10-06T10:21:00,394,44.3,23,1.5638
2025-10-06T10:24:00,392,43.6,23,1.58346
2025-10-06T10:27:00,393,43.3,23,1.59188
2025-10-06T10:30:00,389,42.4,23,1.61715
2025-10-06T10:33:00,408,42.2,23,1.62276
2025-10-06T10:36:00,399,42.2,23,1.62276
2025-10-06T10:39:00,386,38.2,23,1.73506
2025-10-06T10:42:00,380,38.9,23,1.71541
2025-10-06T10:45:00,380,35.8,22,1.69619
2025-10-06T10:48:00,451,33.3,22,1.76225
2025-10-06T10:51:00,444,33.7,22,1.75168
2025-10-06T10:54:00,447,32,22,1.79659
2025-10-06T10:57:00,459,32,22,1.79659
2025-10-06T11:00:00,468,31.2,22,1.81773
2025-10-06T11:03:00,463,29.8,22,1.85472
2025-10-06T11:06:00,413,29.1,22,1.87321
2025-10-06T11:09:00,394,28.6,22,1.88642
2025-10-06T11:12:00,422,28.5,22,1.88906
2025-10-06T11:15:00,393,29.2,23,1.98774
2025-10-06T11:18:00,375,27.9,23,2.02424
2025-10-06T11:21:00,404,28.4,22,1.89171
2025-10-06T11:24:00,391,27.5,22,1.91548
2025-10-06T11:27:00,405,27,22,1.92869
2025-10-06T11:30:00,415,26,22,1.95512
2025-10-06T11:33:00,413,26.9,22,1.93134
2025-10-06T11:36:00,412,27.3,22,1.92077
2025-10-06T11:39:00,409,25.6,22,1.96568
2025-10-06T11:42:00,406,26.2,22,1.94983
2025-10-06T11:45:00,400,26.8,22,1.93398
2025-10-06T11:48:00,405,26.9,23,2.05232
2025-10-06T11:51:00,403,26.7,23,2.05793
2025-10-06T11:54:00,401,26.3,22,1.94719
2025-10-06T11:57:00,401,26.5,22,1.94191
2025-10-06T12:00:00,399,26.5,22,1.94191
2025-10-06T12:03:00,397,27,22,1.92869
2025-10-06T12:06:00,396,26.8,22,1.93398
2025-10-06T12:09:00,397,26.4,22,1.94455
2025-10-06T12:12:00,392,26.4,22,1.94455
2025-10-06T12:15:00,392,26.2,22,1.94983
2025-10-06T12:18:00,392,26.8,22,1.93398
2025-10-06T12:21:00,391,25.3,22,1.97361
2025-10-06T12:24:00,389,26,22,1.95512
2025-10-06T12:27:00,389,25.8,23,2.0832
2025-10-06T12:30:00,389,25.5,23,2.09162
2025-10-06T12:33:00,389,24.7,22,1.98946
2025-10-06T12:36:00,388,25.3,22,1.97361
2025-10-06T12:39:00,387,25.8,22,1.9604
2025-10-06T12:42:00,386,25.6,22,1.96568
2025-10-06T12:45:00,391,25.3,22,1.97361
2025-10-06T12:48:00,396,25.2,22,1.97625
2025-10-06T12:51:00,391,25.4,23,2.09443
2025-10-06T12:54:00,392,25.2,22,1.97625
2025-10-06T12:57:00,399,26.6,22,1.93926
2025-10-06T13:00:00,394,25.6,23,2.08881
2025-10-06T13:03:00,388,25.3,22,1.97361
2025-10-06T13:06:00,390,25,22,1.98154
2025-10-06T13:09:00,389,24.6,22,1.9921
2025-10-06T13:12:00,394,24.4,23,2.1225
2025-10-06T13:15:00,395,24.2,23,2.12812
2025-10-06T13:18:00,394,24.5,22,1.99475
2025-10-06T13:21:00,351,23.9,22,2.0106
2025-10-06T13:24:00,388,24.5,22,1.99475
2025-10-06T13:27:00,390,24.5,22,1.99475
2025-10-06T13:30:00,345,24.9,23,2.10847
2025-10-06T13:33:00,396,23.6,22,2.01852
2025-10-06T13:36:00,394,23.8,23,2.13935
2025-10-06T13:39:00,342,24.2,22,2.00267
2025-10-06T13:42:00,388,23.3,22,2.02645
2025-10-06T13:45:00,388,24.1,22,2.00531
2025-10-06T13:48:00,395,24.1,22,2.00531
2025-10-06T13:51:00,394,23.9,22,2.0106
2025-10-06T13:54:00,388,24.4,23,2.1225
2025-10-06T13:57:00,340,23,22,2.03438
2025-10-06T14:00:00,390,23.8,22,2.01324
2025-10-06T14:03:00,389,23.3,22,2.02645
2025-10-06T14:06:00,389,23,22,2.03438
2025-10-06T14:09:00,386,23.2,22,2.02909
2025-10-06T14:12:00,389,23.6,22,2.01852
2025-10-06T14:15:00,393,23.7,22,2.01588
2025-10-06T14:18:00,391,24.1,22,2.00531
2025-10-06T14:21:00,392,23.2,23,2.15619
2025-10-06T14:24:00,391,24,22,2.00796
2025-10-06T14:27:00,391,23.9,22,2.0106
2025-10-06T14:30:00,391,23.3,22,2.02645
2025-10-06T14:33:00,389,24.7,22,1.98946
2025-10-06T14:36:00,391,24.1,22,2.00531
2025-10-06T14:39:00,393,23.9,22,2.0106
2025-10-06T14:42:00,392,24.6,23,2.11689
2025-10-06T14:45:00,391,23.8,22,2.01324
2025-10-06T14:48:00,391,24.5,22,1.99475
2025-10-06T14:51:00,393,24.5,22,1.99475
2025-10-06T14:54:00,404,23.9,22,2.0106
2025-10-06T14:57:00,432,24,23,2.13373
2025-10-06T15:00:00,427,25,22,1.98154
2025-10-06T15:03:00,402,24,22,2.00796
2025-10-06T15:06:00,394,24.1,23,2.13093
2025-10-06T15:09:00,393,24.2,23,2.12812
2025-10-06T15:12:00,391,23.9,22,2.0106
2025-10-06T15:15:00,389,23,22,2.03438
2025-10-06T15:18:00,388,24.1,22,2.00531
2025-10-06T15:21:00,388,23.6,22,2.01852
2025-10-06T15:24:00,387,23.2,22,2.02909
2025-10-06T15:27:00,387,24.1,23,2.13093
2025-10-06T15:30:00,388,23.5,22,2.02117
2025-10-06T15:33:00,386,22.4,22,2.05023
2025-10-06T15:36:00,384,23.5,22,2.02117
2025-10-06T15:39:00,384,23,22,2.03438
2025-10-06T15:42:00,384,21.7,22,2.06872
2025-10-06T15:45:00,382,22.5,22,2.04759
2025-10-06T15:48:00,383,21.9,22,2.06344
2025-10-06T15:51:00,381,21.1,22,2.08458
2025-10-06T15:54:00,380,22,22,2.0608
2025-10-06T15:57:00,424,21.2,22,2.08193
2025-10-06T16:00:00,438,20.3,22,2.10571
2025-10-06T16:03:00,405,21.8,22,2.06608
2025-10-06T16:06:00,449,21.3,23,2.20954
2025-10-06T16:09:00,377,20.8,22,2.0925
2025-10-06T16:12:00,373,21.6,22,2.07137
2025-10-06T16:15:00,369,21.4,22,2.07665
2025-10-06T16:18:00,368,21.5,22,2.07401
2025-10-06T16:21:00,367,21.1,22,2.08458
2025-10-06T16:24:00,364,21.2,22,2.08193
2025-10-06T16:27:00,365,21.7,22,2.06872
2025-10-06T16:30:00,362,22,22,2.0608
2025-10-06T16:33:00,363,22.2,22,2.05551
2025-10-06T16:36:00,361,23,22,2.03438
2025-10-06T16:39:00,355.5,23,22,2.03438
2025-10-06T16:42:00,350,23,22,2.03438
2025-10-06T16:45:00,346,22.6,22,2.04495
2025-10-06T16:48:00,342,23.1,21,1.91108
2025-10-06T16:51:00,336,23.3,21,1.90611
2025-10-06T16:54:00,335,23.8,21,1.89369
2025-10-06T16:57:00,335,24,21,1.88872
2025-10-06T17:00:00,334,24.1,21,1.88623
2025-10-06T17:03:00,333,24.2,21,1.88375
2025-10-06T17:06:00,334,24.4,21,1.87878
2025-10-06T17:09:00,336,24.8,21,1.86884
2025-10-06T17:12:00,337,25.5,21,1.85144
2025-10-06T17:15:00,339,25.1,22,1.97889
2025-10-06T17:18:00,339,26.1,22,1.95247
2025-10-06T17:21:00,340,26.1,22,1.95247
2025-10-06T17:24:00,339,26.4,22,1.94455
2025-10-06T17:27:00,340,26.8,22,1.93398
2025-10-06T17:30:00,337,27.1,22,1.92605
2025-10-06T17:33:00,335,27.1,22,1.92605
2025-10-06T17:36:00,337,27.4,22,1.91813
2025-10-06T17:39:00,336,27.6,22,1.91284
2025-10-06T17:42:00,336,27.4,22,1.91813
2025-10-06T17:45:00,335,27.5,22,1.91548
2025-10-06T17:48:00,334,27.6,22,1.91284
2025-10-06T17:51:00,334,27.2,22,1.92341
2025-10-06T17:54:00,333,27.5,22,1.91548
2025-10-06T17:57:00,334,27.7,22,1.9102
2025-10-06T18:00:00,332,27.9,22,1.90492
2025-10-06T18:03:00,331,27.6,22,1.91284
2025-10-06T18:06:00,331,27.5,22,1.91548
2025-10-06T18:09:00,330,27.9,22,1.90492
2025-10-06T18:12:00,331,27.9,22,1.90492
2025-10-06T18:15:00,331,28.1,22,1.89963
2025-10-06T18:18:00,328,28.3,22,1.89435
2025-10-06T18:21:00,328,28.3,22,1.89435
2025-10-06T18:24:00,328,28.3,22,1.89435
2025-10-06T18:27:00,328,28.5,21,1.77688
2025-10-06T18:30:00,328,28.5,21,1.77688
2025-10-06T18:33:00,327,29.6,21,1.74955
2025-10-06T18:36:00,326,29.9,21,1.74209
2025-10-06T18:39:00,326,31.1,21,1.71227
2025-10-06T18:42:00,327,31.4,21,1.70482
2025-10-06T18:45:00,326,32.1,21,1.68742
2025-10-06T18:48:00,328,33,21,1.66505
2025-10-06T18:51:00,326,34,21,1.6402
2025-10-06T18:54:00,326,34.7,21,1.62281
2025-10-06T18:57:00,327,34.8,21,1.62032
2025-10-06T19:00:00,327,35.3,21,1.60789
2025-10-06T19:03:00,327,36.2,21,1.58553
2025-10-06T19:06:00,326,36.8,21,1.57062
2025-10-06T19:09:00,328,37.6,21,1.55074
2025-10-06T19:12:00,328,38.2,21,1.53582
2025-10-06T19:15:00,327,38.8,21,1.52091
2025-10-06T19:18:00,326,39.3,21,1.50849
2025-10-06T19:21:00,327,40,21,1.49109
2025-10-06T19:24:00,328,40.6,21,1.47618
2025-10-06T19:27:00,328,41.1,21,1.46376
2025-10-06T19:30:00,326,41.6,21,1.45133
2025-10-06T19:33:00,326,42,21,1.44139
2025-10-06T19:36:00,326,42.3,21,1.43393
2025-10-06T19:39:00,328,42.5,21,1.42896
2025-10-06T19:42:00,326,42.8,21,1.42151
2025-10-06T19:45:00,326,43,21,1.41654
2025-10-06T19:48:00,327,43.1,21,1.41405
2025-10-06T19:51:00,327,43.6,21,1.40163
2025-10-06T19:54:00,326,43.7,21,1.39914
2025-10-06T19:57:00,328,44,21,1.39169
2025-10-06T20:00:00,326,44,21,1.39169
2025-10-06T20:03:00,0,44.3,21,1.38423
2025-10-06T20:06:00,0,44.8,20,1.28974
2025-10-06T20:09:00,0,45.5,20,1.27338
2025-10-06T20:12:00,0,46.1,20,1.25936
2025-10-06T20:15:00,0,46.3,20,1.25469
2025-10-06T20:18:00,0,46.7,19,1.17029
2025-10-06T20:21:00,0,47,19,1.1637
2025-10-06T20:24:00,0,47,19,1.1637
2025-10-06T20:27:00,0,47.3,19,1.15711
2025-10-06T20:30:00,0,47.4,19,1.15492
2025-10-06T20:33:00,0,47.8,19,1.14613
2025-10-06T20:36:00,0,47.7,19,1.14833
2025-10-06T20:39:00,0,47.9,18,1.07448
2025-10-06T20:42:00,0,48,18,1.07241
2025-10-06T20:45:00,0,48,18,1.07241
2025-10-06T20:48:00,0,48,18,1.07241
2025-10-06T20:51:00,0,48.2,18,1.06829
2025-10-06T20:54:00,0,48.3,18,1.06623
2025-10-06T20:57:00,0,48.6,18,1.06004
2025-10-06T21:00:00,0,48.5,18,1.0621
2025-10-06T21:03:00,0,48.5,18,1.0621
2025-10-06T21:06:00,0,48.6,18,1.06004
2025-10-06T21:09:00,0,48.5,18,1.0621
2025-10-06T21:12:00,0,48.5,17,0.99712
2025-10-06T21:15:00,0,48.6,17,0.99519
2025-10-06T21:18:00,0,48.7,17,0.99325
2025-10-06T21:21:00,0,48.7,17,0.99325
2025-10-06T21:24:00,0,48.5,17,0.99712
2025-10-06T21:27:00,0,48.7,17,0.99325
2025-10-06T21:30:00,0,48.5,17,0.99712
2025-10-06T21:33:00,0,48.5,17,0.99712
2025-10-06T21:36:00,0,48.9,17,0.98938
2025-10-06T21:39:00,0,48.8,17,0.99132
2025-10-06T21:42:00,0,48.8,17,0.99132
2025-10-06T21:45:00,0,48.9,17,0.98938
2025-10-06T21:48:00,0,48.6,17,0.99519
2025-10-06T21:51:00,0,48.7,17,0.99325
2025-10-06T21:54:00,0,48.5,17,0.99712
2025-10-06T21:57:00,0,48.7,16,0.93203
2025-10-06T22:00:00,0,48.6,16,0.93385
2025-10-06T22:03:00,0,48.8,16,0.93021
2025-10-06T22:06:00,0,49.1,16,0.92476
2025-10-06T22:09:00,0,49,16,0.92658
2025-10-06T22:12:00,0,48.9,16,0.92839
2025-10-06T22:15:00,0,48.9,16,0.92839
2025-10-06T22:18:00,0,48.8,16,0.93021
2025-10-06T22:21:00,0,48.8,16,0.93021
2025-10-06T22:24:00,0,49,16,0.92658
2025-10-06T22:27:00,0,50,16,0.90841
2025-10-06T22:30:00,0,49.1,16,0.92476
2025-10-06T22:33:00,0,48.3,17,1.001
2025-10-06T22:36:00,0,47.9,17,1.00874
2025-10-06T22:39:00,0,48,17,1.0068
2025-10-06T22:42:00,0,48,17,1.0068
2025-10-06T22:45:00,0,48.1,17,1.00487
2025-10-06T22:48:00,0,48.1,17,1.00487
2025-10-06T22:51:00,0,48,17,1.0068
2025-10-06T22:54:00,0,48,16,0.94475
2025-10-06T22:57:00,0,48.4,16,0.93748
2025-10-06T23:00:00,0,48.2,16,0.94111
2025-10-06T23:03:00,0,48.4,16,0.93748
2025-10-06T23:06:00,0,49.7,16,0.91386
2025-10-06T23:09:00,0,51.7,16,0.87752
2025-10-06T23:12:00,0,53.1,16,0.85209
2025-10-06T23:15:00,0,54,16,0.83574
2025-10-06T23:18:00,0,54.5,16,0.82665
2025-10-06T23:21:00,0,54.8,16,0.8212
2025-10-06T23:24:00,0,55.6,16,0.80667
2025-10-06T23:27:00,0,55.6,16,0.80667
2025-10-06T23:30:00,0,55.6,17,0.85966
2025-10-06T23:33:00,0,55,17,0.87127
2025-10-06T23:36:00,0,55,17,0.87127
2025-10-06T23:39:00,0,55.3,17,0.86547
2025-10-06T23:42:00,0,55.5,17,0.86159
2025-10-06T23:45:00,0,55.9,16,0.80122
2025-10-06T23:48:00,0,56.3,16,0.79395
2025-10-06T23:51:00,0,56.5,16,0.79032
2025-10-06T23:54:00,0,56.4,16,0.79213
2025-10-06T23:57:00,0,56.2,16,0.79577
2025-10-07T00:00:00,0,56.2,16,0.79577
2025-10-07T00:03:00,0,56.4,16,0.79213
2025-10-07T00:06:00,0,56.4,16,0.79213
2025-10-07T00:09:00,0,56.3,16,0.79395
2025-10-07T00:12:00,0,56.5,16,0.79032
2025-10-07T00:15:00,0,56.5,16,0.79032
2025-10-07T00:18:00,0,56.6,16,0.7885
2025-10-07T00:21:00,0,56.8,16,0.78487
2025-10-07T00:24:00,0,57.1,16,0.77942
2025-10-07T00:27:00,0,57.7,16,0.76851
2025-10-07T00:30:00,0,56.8,16,0.78487
2025-10-07T00:33:00,0,56.5,17,0.84223
2025-10-07T00:36:00,0,57.8,17,0.81706
2025-10-07T00:39:00,0,58.2,17,0.80932
2025-10-07T00:42:00,0,58.4,17,0.80544
2025-10-07T00:45:00,0,59.6,17,0.78221
2025-10-07T00:48:00,0,60.2,17,0.77059
2025-10-07T00:51:00,0,60.5,17,0.76478
2025-10-07T00:54:00,0,60.9,16,0.71038
2025-10-07T00:57:00,0,61.3,16,0.70311
2025-10-07T01:00:00,0,61.4,16,0.70129
2025-10-07T01:03:00,0,61.8,16,0.69403
2025-10-07T01:06:00,0,62.2,16,0.68676
2025-10-07T01:09:00,0,63,16,0.67222
2025-10-07T01:12:00,0,63.4,16,0.66496
2025-10-07T01:15:00,0,64.1,16,0.65224
2025-10-07T01:18:00,0,64.1,16,0.65224
2025-10-07T01:21:00,0,64.3,16,0.6486
2025-10-07T01:24:00,0,64.8,16,0.63952
2025-10-07T01:27:00,0,65.6,16,0.62499
2025-10-07T01:30:00,0,65.9,16,0.61954
2025-10-07T01:33:00,0,65.7,16,0.62317
2025-10-07T01:36:00,0,65.8,16,0.62135
2025-10-07T01:39:00,0,65.9,16,0.61954
2025-10-07T01:42:00,0,66.5,16,0.60863
2025-10-07T01:45:00,0,65.9,16,0.61954
2025-10-07T01:48:00,0,65.2,16,0.63225
2025-10-07T01:51:00,0,64.3,17,0.69121
2025-10-07T01:54:00,0,64.3,17,0.69121
2025-10-07T01:57:00,0,64.3,17,0.69121
2025-10-07T02:00:00,0,64.3,17,0.69121
2025-10-07T02:03:00,0,63.9,16,0.65587
2025-10-07T02:06:00,0,65,16,0.63589
2025-10-07T02:09:00,0,65.5,16,0.6268
2025-10-07T02:12:00,0,65.9,16,0.61954
2025-10-07T02:15:00,0,65.9,16,0.61954
2025-10-07T02:18:00,0,65.9,16,0.61954
2025-10-07T02:21:00,0,66.5,16,0.60863
2025-10-07T02:24:00,0,66.4,16,0.61045
2025-10-07T02:27:00,0,66.7,16,0.605
2025-10-07T02:30:00,0,66.8,16,0.60318
2025-10-07T02:33:00,0,67.1,16,0.59773
2025-10-07T02:36:00,0,67.4,16,0.59228
2025-10-07T02:39:00,0,66.5,16,0.60863
2025-10-07T02:42:00,0,65.3,16,0.63044
2025-10-07T02:45:00,0,64.9,17,0.67959
2025-10-07T02:48:00,0,64.7,17,0.68347
2025-10-07T02:51:00,0,64.8,17,0.68153
2025-10-07T02:54:00,0,65.1,16,0.63407
2025-10-07T02:57:00,0,65.2,16,0.63225
2025-10-07T03:00:00,0,65.5,16,0.6268
2025-10-07T03:03:00,0,65.8,16,0.62135
2025-10-07T03:06:00,0,65.9,16,0.61954
2025-10-07T03:09:00,0,66.3,16,0.61227
2025-10-07T03:12:00,0,66.3,16,0.61227
2025-10-07T03:15:00,0,66.5,16,0.60863
2025-10-07T03:18:00,0,66.6,16,0.60682
2025-10-07T03:21:00,0,66.6,16,0.60682
2025-10-07T03:24:00,0,66.6,16,0.60682
2025-10-07T03:27:00,0,66.4,16,0.61045
2025-10-07T03:30:00,0,66.3,16,0.61227
2025-10-07T03:33:00,0,66.8,16,0.60318
2025-10-07T03:36:00,0,66.3,16,0.61227
2025-10-07T03:39:00,0,65.5,16,0.6268
2025-10-07T03:42:00,0,65,16,0.63589
2025-10-07T03:45:00,0,64.5,17,0.68734
2025-10-07T03:48:00,0,64.2,16,0.65042
2025-10-07T03:51:00,0,64.6,16,0.64315
2025-10-07T03:54:00,0,64.8,16,0.63952
2025-10-07T03:57:00,0,65,16,0.63589
2025-10-07T04:00:00,0,65.2,16,0.63225
2025-10-07T04:03:00,339,65.1,16,0.63407
2025-10-07T04:06:00,336,64.7,16,0.64134
2025-10-07T04:09:00,334,64.6,16,0.64315
2025-10-07T04:12:00,333,63.9,17,0.69895
2025-10-07T04:15:00,330,63.3,17,0.71057
2025-10-07T04:18:00,329,62.9,17,0.71832
2025-10-07T04:21:00,327,62.4,17,0.728
2025-10-07T04:24:00,326,62.1,17,0.73381
2025-10-07T04:27:00,327,61.9,17,0.73768
2025-10-07T04:30:00,326,61.8,18,0.78781
2025-10-07T04:33:00,324,61.9,18,0.78575
2025-10-07T04:36:00,324,61.8,18,0.78781
2025-10-07T04:39:00,324,61.5,18,0.794
2025-10-07T04:42:00,324,61.5,18,0.794
2025-10-07T04:45:00,325,61.5,18,0.794
2025-10-07T04:48:00,323,61.5,18,0.794
2025-10-07T04:51:00,323,61.4,18,0.79606
2025-10-07T04:54:00,323,61.3,18,0.79812
2025-10-07T04:57:00,323,61.4,18,0.79606
2025-10-07T05:00:00,323,61.1,18,0.80225
2025-10-07T05:03:00,322,61,18,0.80431
2025-10-07T05:06:00,323,61,18,0.80431
2025-10-07T05:09:00,322,60.8,18,0.80843
2025-10-07T05:12:00,323,60.8,18,0.80843
2025-10-07T05:15:00,323,60.7,18,0.8105
2025-10-07T05:18:00,323,60.7,18,0.8105
2025-10-07T05:21:00,324,60.8,19,0.8607
2025-10-07T05:24:00,323,60.6,19,0.86509
2025-10-07T05:27:00,323,60.6,19,0.86509
2025-10-07T05:30:00,322,60.5,19,0.86728
2025-10-07T05:33:00,323,60.4,19,0.86948
2025-10-07T05:36:00,323,60.2,19,0.87387
2025-10-07T05:39:00,324,60.5,19,0.86728
2025-10-07T05:42:00,323,60.3,19,0.87168
2025-10-07T05:45:00,323,60.4,19,0.86948
2025-10-07T05:48:00,323,60.5,19,0.86728
2025-10-07T05:51:00,323,60.1,19,0.87607
2025-10-07T05:54:00,323,57.8,19,0.92657
2025-10-07T05:57:00,324,56.7,19,0.95072
2025-10-07T06:00:00,323,57.2,19,0.93974
2025-10-07T06:03:00,324,56.4,19,0.95731
2025-10-07T06:06:00,323,54.7,19,0.99463
2025-10-07T06:09:00,323,54.7,19,0.99463
2025-10-07T06:12:00,324,55.2,19,0.98365
2025-10-07T06:15:00,322,55.2,19,0.98365
2025-10-07T06:18:00,323,54.1,19,1.00781
2025-10-07T06:21:00,323,53.9,19,1.0122
2025-10-07T06:24:00,322,54.3,19,1.00342
2025-10-07T06:27:00,323,54.7,19,0.99463
2025-10-07T06:30:00,323,55.1,19,0.98585
2025-10-07T06:33:00,324,55.4,19,0.97926
2025-10-07T06:36:00,324,53.7,19,1.01659
2025-10-07T06:39:00,323,54.3,19,1.00342
2025-10-07T06:42:00,323,54.4,19,1.00122
2025-10-07T06:45:00,323,54.7,19,0.99463
2025-10-07T06:48:00,323,55,19,0.98805
2025-10-07T06:51:00,324,55.3,19,0.98146
2025-10-07T06:54:00,323,55.8,19,0.97048
2025-10-07T06:57:00,323,55.7,19,0.97268
2025-10-07T07:00:00,322,56.1,19,0.96389
2025-10-07T07:03:00,324,56.2,19,0.9617
2025-10-07T07:06:00,323,56.5,19,0.95511
2025-10-07T07:09:00,323,56.6,19,0.95292
2025-10-07T07:12:00,324,56.7,19,0.95072
2025-10-07T07:15:00,324,56.8,19,0.94852
2025-10-07T07:18:00,323,56.9,19,0.94633
2025-10-07T07:21:00,325,57.2,19,0.93974
2025-10-07T07:24:00,325,57.5,19,0.93315
2025-10-07T07:27:00,325,57.3,19,0.93755
2025-10-07T07:30:00,326,57.3,19,0.93755
2025-10-07T07:33:00,326,57.5,19,0.93315
2025-10-07T07:36:00,326,57.6,19,0.93096
2025-10-07T07:39:00,322,66.5,19,0.73555
2025-10-07T07:42:00,322,67.9,19,0.70481
2025-10-07T07:45:00,323,67.2,18,0.67645
2025-10-07T07:48:00,323,66.8,19,0.72896
2025-10-07T07:51:00,324,65.3,19,0.76189
2025-10-07T07:54:00,326,64.6,19,0.77726
2025-10-07T07:57:00,328,63.8,19,0.79483
2025-10-07T08:00:00,328,63.3,19,0.80581
2025-10-07T08:03:00,329,62.7,19,0.81898
2025-10-07T08:06:00,331,62.2,19,0.82996
2025-10-07T08:09:00,331,62,19,0.83435
2025-10-07T08:12:00,333,61.6,19,0.84313
2025-10-07T08:15:00,331,61.5,19,0.84533
2025-10-07T08:18:00,331,61.1,20,0.90889
2025-10-07T08:21:00,331,60.6,20,0.92057
2025-10-07T08:24:00,331,60.3,20,0.92758
2025-10-07T08:27:00,331,59.9,20,0.93693
2025-10-07T08:30:00,331,60,20,0.93459
2025-10-07T08:33:00,332,59.3,20,0.95095
2025-10-07T08:36:00,333,59.4,20,0.94861
2025-10-07T08:39:00,331,59.1,20,0.95562
2025-10-07T08:42:00,334,59,20,0.95796
2025-10-07T08:45:00,333,56.7,20,1.0117
2025-10-07T08:48:00,333,56.4,20,1.01871
2025-10-07T08:51:00,333,56.5,20,1.01637
2025-10-07T08:54:00,334,55,20,1.05142
2025-10-07T08:57:00,331,54.9,20,1.05375
2025-10-07T09:00:00,332,53.4,20,1.0888
2025-10-07T09:03:00,334,52.9,20,1.10048
2025-10-07T09:06:00,334,51.8,20,1.12618
2025-10-07T09:09:00,334,50.5,21,1.23015
2025-10-07T09:12:00,337,48.5,21,1.27985
2025-10-07T09:15:00,341,46.9,22,1.40293
2025-10-07T09:18:00,343,45.9,22,1.42935
2025-10-07T09:21:00,348,43.3,23,1.59188
2025-10-07T09:24:00,356,40.1,23,1.68172
2025-10-07T09:27:00,365,40,23,1.68453
2025-10-07T09:30:00,387,39.1,23,1.70979
2025-10-07T09:33:00,419,37,23,1.76875
2025-10-07T09:36:00,448,37.7,23,1.7491
2025-10-07T09:39:00,458,35.3,22,1.7094
2025-10-07T09:42:00,459,35.5,23,1.81087
2025-10-07T09:45:00,458,34.6,23,1.83613
2025-10-07T09:48:00,454,34,23,1.85298
2025-10-07T09:51:00,470,33.4,23,1.86982
2025-10-07T09:54:00,479,30.7,22,1.83094
2025-10-07T09:57:00,430,33,22,1.77017
2025-10-07T10:00:00,367,31.8,22,1.80188
2025-10-07T10:03:00,353,33,22,1.77017
2025-10-07T10:06:00,350,32.8,22,1.77546
2025-10-07T10:09:00,347,34.4,22,1.73318
2025-10-07T10:12:00,348,34.8,22,1.72262
2025-10-07T10:15:00,347,33.8,22,1.74904
2025-10-07T10:18:00,348,35.1,22,1.71469
2025-10-07T10:21:00,347,34.7,22,1.72526
2025-10-07T10:24:00,350,35.1,22,1.71469
2025-10-07T10:27:00,350,35.7,22,1.69884
2025-10-07T10:30:00,351,36.9,22,1.66713
2025-10-07T10:33:00,350,36.5,22,1.6777
2025-10-07T10:36:00,351,37.4,22,1.65392
2025-10-07T10:39:00,350,34.7,22,1.72526
2025-10-07T10:42:00,351,36.2,22,1.68563
2025-10-07T10:45:00,351,35.5,22,1.70412
2025-10-07T10:48:00,349,36.5,22,1.6777
2025-10-07T10:51:00,349,34.6,21,1.62529
2025-10-07T10:54:00,350,35.3,22,1.7094
2025-10-07T10:57:00,350,34.9,21,1.61783
2025-10-07T11:00:00,352,35,21,1.61535
2025-10-07T11:03:00,356,35.7,22,1.69884
2025-10-07T11:06:00,360,34.4,22,1.73318
2025-10-07T11:09:00,363,35.3,22,1.7094
2025-10-07T11:12:00,365,33.1,22,1.76753
2025-10-07T11:15:00,370,33.5,21,1.65263
2025-10-07T11:18:00,375,32.9,21,1.66754
2025-10-07T11:21:00,381,32.8,21,1.67002
2025-10-07T11:24:00,378,33,21,1.66505
2025-10-07T11:27:00,379,32.5,21,1.67748
2025-10-07T11:30:00,380,33.8,21,1.64517
2025-10-07T11:33:00,376,33.3,21,1.6576
2025-10-07T11:36:00,376,33.5,22,1.75696
2025-10-07T11:39:00,383,33.5,22,1.75696
2025-10-07T11:42:00,396,32.4,21,1.67996
2025-10-07T11:45:00,400,32.1,21,1.68742
2025-10-07T11:48:00,404,31.6,22,1.80716
2025-10-07T11:51:00,397,30.3,22,1.84151
2025-10-07T11:54:00,391,31.5,22,1.8098
2025-10-07T11:57:00,387,30.5,22,1.83622
2025-10-07T12:00:00,395,29.7,22,1.85736
2025-10-07T12:03:00,397,30.6,22,1.83358
2025-10-07T12:06:00,388,29.3,23,1.98493
2025-10-07T12:09:00,378,29.3,23,1.98493
2025-10-07T12:12:00,370,29.6,23,1.97651
2025-10-07T12:15:00,369,27.9,22,1.90492
2025-10-07T12:18:00,365,28.6,22,1.88642
2025-10-07T12:21:00,369,29,22,1.87585
2025-10-07T12:24:00,375,27.7,22,1.9102
2025-10-07T12:27:00,378,28.2,22,1.89699
2025-10-07T12:30:00,375,28.1,22,1.89963
2025-10-07T12:33:00,380,28.3,22,1.89435
2025-10-07T12:36:00,382,27.6,22,1.91284
2025-10-07T12:39:00,392,26.7,22,1.93662
2025-10-07T12:42:00,383,27.5,22,1.91548
2025-10-07T12:45:00,387,27.1,22,1.92605
2025-10-07T12:48:00,396,27.5,22,1.91548
2025-10-07T12:51:00,408,27.2,22,1.92341
2025-10-07T12:54:00,392,26.8,22,1.93398
2025-10-07T12:57:00,386,27.3,22,1.92077
2025-10-07T13:00:00,386,26.6,22,1.93926
2025-10-07T13:03:00,386,27.1,22,1.92605
2025-10-07T13:06:00,389,26.9,22,1.93134
2025-10-07T13:09:00,394,26.4,22,1.94455
2025-10-07T13:12:00,387,26.6,22,1.93926
2025-10-07T13:15:00,390,25.9,22,1.95776
2025-10-07T13:18:00,389,26.5,22,1.94191
2025-10-07T13:21:00,381,27,22,1.92869
2025-10-07T13:24:00,367,26.7,23,2.05793
2025-10-07T13:27:00,379,25.6,23,2.08881
2025-10-07T13:30:00,389,25.7,23,2.08601
2025-10-07T13:33:00,394,26,22,1.95512
2025-10-07T13:36:00,433,26,22,1.95512
2025-10-07T13:39:00,423,26.5,22,1.94191
2025-10-07T13:42:00,400,26,23,2.07758
2025-10-07T13:45:00,386,26,23,2.07758
2025-10-07T13:48:00,400,27.8,21,1.79428
2025-10-07T13:51:00,378,27.6,21,1.79925
2025-10-07T13:54:00,357,27.3,22,1.92077
2025-10-07T13:57:00,394,27.2,22,1.92341
2025-10-07T14:00:00,388,28.2,21,1.78434
2025-10-07T14:03:00,371,27.5,22,1.91548
2025-10-07T14:06:00,401,27.3,21,1.80671
2025-10-07T14:09:00,392,27,22,1.92869
2025-10-07T14:12:00,395,26.4,22,1.94455
2025-10-07T14:15:00,396,26.3,22,1.94719
2025-10-07T14:18:00,388,28.2,20,1.67759
2025-10-07T14:21:00,392,28.4,21,1.77937
2025-10-07T14:24:00,394,27.2,22,1.92341
2025-10-07T14:27:00,391,27.9,21,1.7918
2025-10-07T14:30:00,389,28.2,21,1.78434
2025-10-07T14:33:00,384,27.8,21,1.79428
2025-10-07T14:36:00,383,29.1,21,1.76197
2025-10-07T14:39:00,380,29.6,20,1.64488
2025-10-07T14:42:00,381,27.8,22,1.90756
2025-10-07T14:45:00,382,28,21,1.78931
2025-10-07T14:48:00,381,27.9,21,1.7918
2025-10-07T14:51:00,386,29.3,21,1.757
2025-10-07T14:54:00,407,28.7,21,1.77191
2025-10-07T14:57:00,414,28.9,20,1.66124
2025-10-07T15:00:00,407,29.2,21,1.75949
2025-10-07T15:03:00,389,29.1,21,1.76197
2025-10-07T15:06:00,380,29.2,20,1.65423
2025-10-07T15:09:00,376,29.4,21,1.75452
2025-10-07T15:12:00,375,29.4,21,1.75452
2025-10-07T15:15:00,373,30.1,21,1.73712
2025-10-07T15:18:00,371,29.6,21,1.74955
2025-10-07T15:21:00,372,30,21,1.73961
2025-10-07T15:24:00,372,29.3,21,1.757
2025-10-07T15:27:00,369,29.6,21,1.74955
2025-10-07T15:30:00,369,29.3,21,1.757
2025-10-07T15:33:00,369,29.4,21,1.75452
2025-10-07T15:36:00,369,29.4,21,1.75452
2025-10-07T15:39:00,368,29.4,21,1.75452
2025-10-07T15:42:00,360,29.1,21,1.76197
2025-10-07T15:45:00,372,29.2,21,1.75949
2025-10-07T15:48:00,357,28.9,21,1.76694
2025-10-07T15:51:00,336,28.9,21,1.76694
2025-10-07T15:54:00,350,29.1,21,1.76197
2025-10-07T15:57:00,354,29.9,20,1.63787
2025-10-07T16:00:00,347,29.3,20,1.65189
2025-10-07T16:03:00,361,29.4,20,1.64955
2025-10-07T16:06:00,418,30,21,1.73961
2025-10-07T16:09:00,349,29.5,21,1.75203
2025-10-07T16:12:00,354,29.5,21,1.75203
2025-10-07T16:15:00,367,30.3,20,1.62853
2025-10-07T16:18:00,352,30.3,21,1.73215
2025-10-07T16:21:00,355,30.4,21,1.72967
2025-10-07T16:24:00,360,30.3,21,1.73215
2025-10-07T16:27:00,359,29.9,21,1.74209
2025-10-07T16:30:00,360,29.9,21,1.74209
2025-10-07T16:33:00,355,30.1,21,1.73712
2025-10-07T16:36:00,353,30.3,21,1.73215
2025-10-07T16:39:00,345,30,21,1.73961
2025-10-07T16:42:00,337,30.5,21,1.72718
2025-10-07T16:45:00,335,30.5,21,1.72718
2025-10-07T16:48:00,329,30.3,21,1.73215
2025-10-07T16:51:00,328,30.3,21,1.73215
2025-10-07T16:54:00,327,31.3,21,1.7073
2025-10-07T16:57:00,327,31,21,1.71476
2025-10-07T17:00:00,328,30.9,21,1.71724
2025-10-07T17:03:00,326,31.3,21,1.7073
2025-10-07T17:06:00,327,31.7,21,1.69736
2025-10-07T17:09:00,328,31.5,21,1.70233
2025-10-07T17:12:00,328,31.3,21,1.7073
2025-10-07T17:15:00,328,31.6,21,1.69984
2025-10-07T17:18:00,330,31.1,21,1.71227
2025-10-07T17:21:00,329,31.1,21,1.71227
2025-10-07T17:24:00,327,32.1,21,1.68742
2025-10-07T17:27:00,326,32,21,1.6899
2025-10-07T17:30:00,327,32.5,21,1.67748
2025-10-07T17:33:00,325,32.9,21,1.66754
2025-10-07T17:36:00,324,32.7,21,1.67251
2025-10-07T17:39:00,324,32.7,20,1.57245
2025-10-07T17:42:00,323,32.8,21,1.67002
2025-10-07T17:45:00,323,33.4,20,1.5561
2025-10-07T17:48:00,323,34,20,1.54208
2025-10-07T17:51:00,322,34,20,1.54208
2025-10-07T17:54:00,321,34,20,1.54208
2025-10-07T17:57:00,320,34,20,1.54208
2025-10-07T18:00:00,320,33.5,20,1.55376
2025-10-07T18:03:00,319,34.2,20,1.5374
2025-10-07T18:06:00,318,34.5,20,1.53039
2025-10-07T18:09:00,317,34,20,1.54208
2025-10-07T18:12:00,316,34.6,19,1.43596
2025-10-07T18:15:00,315,35,19,1.42718
2025-10-07T18:18:00,316,35,19,1.42718
2025-10-07T18:21:00,315,34.9,19,1.42937
2025-10-07T18:24:00,316,35,20,1.51871
2025-10-07T18:27:00,317,34.4,20,1.53273
2025-10-07T18:30:00,317,35.5,19,1.4162
2025-10-07T18:33:00,317,34.8,20,1.52338
2025-10-07T18:36:00,320,34.2,20,1.5374
2025-10-07T18:39:00,320,35.1,20,1.51638
2025-10-07T18:42:00,320,35.2,20,1.51404
2025-10-07T18:45:00,321,35.3,20,1.5117
2025-10-07T18:48:00,321,35.4,20,1.50937
2025-10-07T18:51:00,322,36,20,1.49535
2025-10-07T18:54:00,321,36.4,20,1.486
2025-10-07T18:57:00,323,36.5,20,1.48366
2025-10-07T19:00:00,324,36.6,20,1.48133
2025-10-07T19:03:00,323,36.7,21,1.5731
2025-10-07T19:06:00,323,36.8,20,1.47665
2025-10-07T19:09:00,323,37,20,1.47198
2025-10-07T19:12:00,324,36.9,20,1.47432
2025-10-07T19:15:00,323,37.4,20,1.46264
2025-10-07T19:18:00,324,37.4,20,1.46264
2025-10-07T19:21:00,324,37.2,21,1.56068
2025-10-07T19:24:00,325,37.3,21,1.55819
2025-10-07T19:27:00,325,37.3,20,1.46497
2025-10-07T19:30:00,324,37.3,21,1.55819
2025-10-07T19:33:00,324,37.1,21,1.56316
2025-10-07T19:36:00,325,37.2,21,1.56068
2025-10-07T19:39:00,325,36.9,21,1.56813
2025-10-07T19:42:00,326,36.5,21,1.57807
2025-10-07T19:45:00,326,36.6,21,1.57559
2025-10-07T19:48:00,325,37.1,21,1.56316
2025-10-07T19:51:00,326,36.8,21,1.57062
2025-10-07T19:54:00,325,37.2,21,1.56068
2025-10-07T19:57:00,325,37.2,21,1.56068
2025-10-07T20:00:00,326,37.3,21,1.55819
2025-10-07T20:03:00,0,37.7,21,1.54825
2025-10-07T20:06:00,0,38.1,21,1.53831
2025-10-07T20:09:00,0,38.9,21,1.51843
2025-10-07T20:12:00,0,39.6,21,1.50103
2025-10-07T20:15:00,0,40.5,21,1.47867
2025-10-07T20:18:00,0,41.1,21,1.46376
2025-10-07T20:21:00,0,41.7,21,1.44884
2025-10-07T20:24:00,0,42.4,21,1.43145
2025-10-07T20:27:00,0,42.9,21,1.41902
2025-10-07T20:30:00,0,43.5,21,1.40411
2025-10-07T20:33:00,0,44.2,21,1.38672
2025-10-07T20:36:00,0,44.8,20,1.28974
2025-10-07T20:39:00,0,45.3,20,1.27805
2025-10-07T20:42:00,0,45.9,20,1.26404
2025-10-07T20:45:00,0,46.5,20,1.25002
2025-10-07T20:48:00,0,47,20,1.23833
2025-10-07T20:51:00,0,47.5,20,1.22665
2025-10-07T20:54:00,0,47.8,20,1.21964
2025-10-07T20:57:00,0,48.5,20,1.20329
2025-10-07T21:00:00,0,48.9,20,1.19394
2025-10-07T21:03:00,0,49.4,20,1.18226
2025-10-07T21:06:00,0,49.9,20,1.17058
2025-10-07T21:09:00,0,50.4,20,1.15889
2025-10-07T21:12:00,0,50.9,20,1.14721
2025-10-07T21:15:00,0,51.4,20,1.13553
2025-10-07T21:18:00,0,51.8,20,1.12618
2025-10-07T21:21:00,0,52.3,20,1.1145
2025-10-07T21:24:00,0,52.8,20,1.10282
2025-10-07T21:27:00,0,53.1,20,1.09581
2025-10-07T21:30:00,0,53.6,20,1.08413
2025-10-07T21:33:00,0,54.1,19,1.00781
2025-10-07T21:36:00,0,54.4,19,1.00122
2025-10-07T21:39:00,0,54.9,19,0.99024
2025-10-07T21:42:00,0,55.2,19,0.98365
2025-10-07T21:45:00,0,55.7,19,0.97268
2025-10-07T21:48:00,0,56,19,0.96609
2025-10-07T21:51:00,0,56.3,19,0.9595
2025-10-07T21:54:00,0,56.6,19,0.95292
2025-10-07T21:57:00,0,56.9,19,0.94633
2025-10-07T22:00:00,0,57.2,19,0.93974
2025-10-07T22:03:00,0,55,19,0.98805
2025-10-07T22:06:00,0,56.1,19,0.96389
2025-10-07T22:09:00,0,55.4,19,0.97926
2025-10-07T22:12:00,0,55.5,19,0.97707
2025-10-07T22:15:00,0,56,19,0.96609
2025-10-07T22:18:00,0,56.5,19,0.95511
2025-10-07T22:21:00,0,56.8,19,0.94852
2025-10-07T22:24:00,0,57.5,19,0.93315
2025-10-07T22:27:00,0,57.9,19,0.92437
2025-10-07T22:30:00,0,58.3,19,0.91559
2025-10-07T22:33:00,0,58.7,19,0.90681
2025-10-07T22:36:00,0,59.1,19,0.89802
2025-10-07T22:39:00,0,59.4,19,0.89144
2025-10-07T22:42:00,0,59.7,19,0.88485
2025-10-07T22:45:00,0,60.1,19,0.87607
2025-10-07T22:48:00,0,60.3,19,0.87168
2025-10-07T22:51:00,0,60.5,19,0.86728
2025-10-07T22:54:00,0,60.8,19,0.8607
2025-10-07T22:57:00,0,61.1,19,0.85411
2025-10-07T23:00:00,0,61.4,19,0.84752
2025-10-07T23:03:00,0,61.5,18,0.794
2025-10-07T23:06:00,0,62.6,19,0.82118
2025-10-07T23:09:00,0,63.8,18,0.74656
2025-10-07T23:12:00,0,64.9,18,0.72388
2025-10-07T23:15:00,0,65.7,18,0.70738
2025-10-07T23:18:00,0,66.2,18,0.69707
2025-10-07T23:21:00,0,66.8,18,0.68469
2025-10-07T23:24:00,0,67.1,18,0.67851
2025-10-07T23:27:00,0,67.4,18,0.67232
2025-10-07T23:30:00,0,67.8,18,0.66407
2025-10-07T23:33:00,0,67.9,18,0.66201
2025-10-07T23:36:00,0,68.1,18,0.65788
2025-10-07T23:39:00,0,68.4,18,0.6517
2025-10-07T23:42:00,0,68.5,18,0.64963
2025-10-07T23:45:00,0,68.7,18,0.64551
2025-10-07T23:48:00,0,68.8,18,0.64345
2025-10-07T23:51:00,0,69,18,0.63932
2025-10-07T23:54:00,0,69,18,0.63932
2025-10-07T23:57:00,0,69.1,18,0.63726
2025-10-08T00:00:00,0,69.1,18,0.63726
2025-10-08T00:03:00,0,69.2,18,0.6352
2025-10-08T00:06:00,0,69.2,18,0.6352
2025-10-08T00:09:00,0,69.3,18,0.63314
2025-10-08T00:12:00,0,69.3,18,0.63314
2025-10-08T00:15:00,0,69.3,18,0.63314
2025-10-08T00:18:00,0,69.3,18,0.63314
2025-10-08T00:21:00,0,69.3,18,0.63314
2025-10-08T00:24:00,0,69.3,18,0.63314
2025-10-08T00:27:00,0,69.3,18,0.63314
2025-10-08T00:30:00,0,69.4,18,0.63107
2025-10-08T00:33:00,0,69.7,18,0.62489
2025-10-08T00:36:00,0,70.4,18,0.61045
2025-10-08T00:39:00,0,71,18,0.59808
2025-10-08T00:42:00,0,71.4,18,0.58983
2025-10-08T00:45:00,0,71.4,18,0.58983
2025-10-08T00:48:00,0,71.8,18,0.58158
2025-10-08T00:51:00,0,71.9,18,0.57952
2025-10-08T00:54:00,0,72,18,0.57745
2025-10-08T00:57:00,0,72.1,18,0.57539
2025-10-08T01:00:00,0,72.3,18,0.57127
2025-10-08T01:03:00,0,72.2,18,0.57333
2025-10-08T01:06:00,0,72.6,18,0.56508
2025-10-08T01:09:00,0,72.9,18,0.55889
2025-10-08T01:12:00,0,73.3,18,0.55064
2025-10-08T01:15:00,0,73.2,18,0.55271
2025-10-08T01:18:00,0,73.5,18,0.54652
2025-10-08T01:21:00,0,73.9,17,0.50534
2025-10-08T01:24:00,0,74.1,18,0.53414
2025-10-08T01:27:00,0,74.3,17,0.49759
2025-10-08T01:30:00,0,74.4,17,0.49566
2025-10-08T01:33:00,0,74.6,17,0.49179
2025-10-08T01:36:00,0,74.7,17,0.48985
2025-10-08T01:39:00,0,74.7,17,0.48985
2025-10-08T01:42:00,0,74.5,17,0.49372
2025-10-08T01:45:00,0,74.6,17,0.49179
2025-10-08T01:48:00,0,74.7,17,0.48985
2025-10-08T01:51:00,0,74.6,17,0.49179
2025-10-08T01:54:00,0,74.6,17,0.49179
2025-10-08T01:57:00,0,74.5,17,0.49372
2025-10-08T02:00:00,0,74.6,17,0.49179
2025-10-08T02:03:00,0,74.7,17,0.48985
2025-10-08T02:06:00,0,75.1,17,0.4821
2025-10-08T02:09:00,0,75.2,17,0.48017
2025-10-08T02:12:00,0,75.7,17,0.47049
2025-10-08T02:15:00,0,75.7,17,0.47049
2025-10-08T02:18:00,0,75.9,17,0.46662
2025-10-08T02:21:00,0,76,17,0.46468
2025-10-08T02:24:00,0,75.9,17,0.46662
2025-10-08T02:27:00,0,76.1,17,0.46274
2025-10-08T02:30:00,0,76.2,17,0.46081
2025-10-08T02:33:00,0,76.2,17,0.46081
2025-10-08T02:36:00,0,76.3,17,0.45887
2025-10-08T02:39:00,0,76.2,17,0.46081
2025-10-08T02:42:00,0,76.3,17,0.45887
2025-10-08T02:45:00,0,76,17,0.46468
2025-10-08T02:48:00,0,75.9,17,0.46662
2025-10-08T02:51:00,0,75.8,17,0.46855
2025-10-08T02:54:00,0,76,17,0.46468
2025-10-08T02:57:00,0,76,17,0.46468
2025-10-08T03:00:00,0,75.8,17,0.46855
2025-10-08T03:03:00,0,76,17,0.46468
2025-10-08T03:06:00,0,75.9,17,0.46662
2025-10-08T03:09:00,0,75.7,17,0.47049
2025-10-08T03:12:00,0,75.7,17,0.47049
2025-10-08T03:15:00,0,75.9,17,0.46662
2025-10-08T03:18:00,0,75.7,17,0.47049
2025-10-08T03:21:00,0,75.6,17,0.47242
2025-10-08T03:24:00,0,75.7,17,0.47049
2025-10-08T03:27:00,0,75.7,17,0.47049
2025-10-08T03:30:00,0,75.4,17,0.4763
2025-10-08T03:33:00,0,75.4,17,0.4763
2025-10-08T03:36:00,0,75.2,17,0.48017
2025-10-08T03:39:00,0,75.2,17,0.48017
2025-10-08T03:42:00,0,75.2,17,0.48017
2025-10-08T03:45:00,0,75.2,17,0.48017
2025-10-08T03:48:00,0,75,17,0.48404
2025-10-08T03:51:00,0,75,17,0.48404
2025-10-08T03:54:00,0,74.9,17,0.48598
2025-10-08T03:57:00,0,74.9,17,0.48598
2025-10-08T04:00:00,0,74.7,17,0.48985
2025-10-08T04:03:00,339,74.3,17,0.49759
2025-10-08T04:06:00,337,73.5,17,0.51308
2025-10-08T04:09:00,334,72.8,17,0.52664
2025-10-08T04:12:00,333,72.1,17,0.54019
2025-10-08T04:15:00,331,71.7,18,0.58364
2025-10-08T04:18:00,330,71.1,18,0.59601
2025-10-08T04:21:00,327,70.6,18,0.60633
2025-10-08T04:24:00,326,70.2,18,0.61458
2025-10-08T04:27:00,326,69.5,18,0.62901
2025-10-08T04:30:00,326,69.2,18,0.6352
2025-10-08T04:33:00,325,68.8,18,0.64345
2025-10-08T04:36:00,325,68.6,19,0.68944
2025-10-08T04:39:00,325,68.3,19,0.69602
2025-10-08T04:42:00,324,68,19,0.70261
2025-10-08T04:45:00,324,67.7,19,0.7092
2025-10-08T04:48:00,323,67.6,19,0.71139
2025-10-08T04:51:00,323,67.2,19,0.72018
2025-10-08T04:54:00,323,67.1,19,0.72237
2025-10-08T04:57:00,324,66.7,19,0.73115
2025-10-08T05:00:00,323,66.4,19,0.73774
2025-10-08T05:03:00,323,66.5,19,0.73555
2025-10-08T05:06:00,323,65.9,19,0.74872
2025-10-08T05:09:00,323,63,19,0.81239
2025-10-08T05:12:00,322,61.9,19,0.83655
2025-10-08T05:15:00,325,60.7,19,0.86289
2025-10-08T05:18:00,323,60.2,19,0.87387
2025-10-08T05:21:00,323,60.5,19,0.86728
2025-10-08T05:24:00,323,59.8,19,0.88265
2025-10-08T05:27:00,323,58.4,19,0.91339
2025-10-08T05:30:00,323,58.5,19,0.9112
2025-10-08T05:33:00,323,57.4,19,0.93535
2025-10-08T05:36:00,324,57.1,19,0.94194
2025-10-08T05:39:00,323,57.1,20,1.00235
2025-10-08T05:42:00,323,56.6,20,1.01403
2025-10-08T05:45:00,323,56.4,20,1.01871
2025-10-08T05:48:00,324,55.4,20,1.04207
2025-10-08T05:51:00,323,54.8,20,1.05609
2025-10-08T05:54:00,324,53.8,20,1.07945
2025-10-08T05:57:00,323,53.9,19,1.0122
2025-10-08T06:00:00,323,54.3,19,1.00342
2025-10-08T06:03:00,323,53.9,20,1.07712
2025-10-08T06:06:00,323,53.4,19,1.02318
2025-10-08T06:09:00,324,53.5,20,1.08646
2025-10-08T06:12:00,322,52.9,19,1.03415
2025-10-08T06:15:00,323,53.6,20,1.08413
2025-10-08T06:18:00,323,53.4,20,1.0888
2025-10-08T06:21:00,323,53,20,1.09815
2025-10-08T06:24:00,324,52.4,20,1.11216
2025-10-08T06:27:00,324,52.7,20,1.10515
2025-10-08T06:30:00,325,53.1,20,1.09581
2025-10-08T06:33:00,323,53.4,20,1.0888
2025-10-08T06:36:00,324,52.7,20,1.10515
2025-10-08T06:39:00,325,52.8,20,1.10282
2025-10-08T06:42:00,324,53.4,20,1.0888
2025-10-08T06:45:00,324,54,20,1.07478
2025-10-08T06:48:00,325,53,20,1.09815
2025-10-08T06:51:00,325,52.9,20,1.10048
2025-10-08T06:54:00,324,53.6,20,1.08413
2025-10-08T06:57:00,325,53.9,20,1.07712
2025-10-08T07:00:00,323,53.6,20,1.08413
2025-10-08T07:03:00,324,53.5,20,1.08646
2025-10-08T07:06:00,324,53.9,20,1.07712
2025-10-08T07:09:00,324,54.4,20,1.06543
2025-10-08T07:12:00,326,53.9,20,1.07712
2025-10-08T07:15:00,325,53.7,20,1.08179
2025-10-08T07:18:00,326,54.1,20,1.07244
2025-10-08T07:21:00,326,54.9,20,1.05375
2025-10-08T07:24:00,326,54,20,1.07478
2025-10-08T07:27:00,326,53.7,20,1.08179
2025-10-08T07:30:00,327,53.9,20,1.07712
2025-10-08T07:33:00,326,54.6,20,1.06076
2025-10-08T07:36:00,326,54.1,20,1.07244
2025-10-08T07:39:00,327,54.4,20,1.06543
2025-10-08T07:42:00,327,54.6,20,1.06076
2025-10-08T07:45:00,329,54.9,20,1.05375
2025-10-08T07:48:00,329,54.3,20,1.06777
2025-10-08T07:51:00,330,53.9,20,1.07712
2025-10-08T07:54:00,329,54.5,20,1.0631
2025-10-08T07:57:00,330,54.9,21,1.1208
2025-10-08T08:00:00,330,54.1,21,1.14069
2025-10-08T08:03:00,331,53.9,21,1.14566
2025-10-08T08:06:00,331,54.3,21,1.13572
2025-10-08T08:09:00,332,54.1,21,1.14069
2025-10-08T08:12:00,333,53.4,21,1.15808
2025-10-08T08:15:00,333,53.3,21,1.16057
2025-10-08T08:18:00,334,53.7,21,1.15063
2025-10-08T08:21:00,335,52.7,21,1.17548
2025-10-08T08:24:00,336,53.2,21,1.16305
2025-10-08T08:27:00,336,53.3,21,1.16057
2025-10-08T08:30:00,336,53.1,21,1.16554
2025-10-08T08:33:00,340,52.4,21,1.18293
2025-10-08T08:36:00,338,51.6,21,1.20281
2025-10-08T08:39:00,339,51.1,21,1.21524
2025-10-08T08:42:00,339,51.3,21,1.21027
2025-10-08T08:45:00,339,50.9,21,1.22021
2025-10-08T08:48:00,338,50.2,21,1.23761
2025-10-08T08:51:00,338,50.5,21,1.23015
2025-10-08T08:54:00,339,50.7,21,1.22518
2025-10-08T08:57:00,340,49.8,21,1.24755
2025-10-08T09:00:00,340,50.7,21,1.22518
2025-10-08T09:03:00,338,51.2,21,1.21275
2025-10-08T09:06:00,339,51.1,21,1.21524
2025-10-08T09:09:00,339,50.5,21,1.23015
2025-10-08T09:12:00,340,50.1,21,1.24009
2025-10-08T09:15:00,342,49.8,21,1.24755
2025-10-08T09:18:00,345,49.1,21,1.26494
2025-10-08T09:21:00,348,48.1,21,1.28979
2025-10-08T09:24:00,357,47.8,22,1.37915
2025-10-08T09:27:00,366,47.5,22,1.38708
2025-10-08T09:30:00,370,47.2,22,1.395
2025-10-08T09:33:00,414,47.2,22,1.395
2025-10-08T09:36:00,436,46.7,22,1.40821
2025-10-08T09:39:00,461,45.7,23,1.5245
2025-10-08T09:42:00,469,44.9,23,1.54696
2025-10-08T09:45:00,463,42.8,24,1.70573
2025-10-08T09:48:00,454,42,23,1.62838
2025-10-08T09:51:00,471,40.5,23,1.67049
2025-10-08T09:54:00,468,38.8,23,1.71822
2025-10-08T09:57:00,473,37.9,23,1.74349
2025-10-08T10:00:00,472,35.5,23,1.81087
2025-10-08T10:03:00,470,37.1,23,1.76595
2025-10-08T10:06:00,464,35.6,23,1.80806
2025-10-08T10:09:00,459,34.7,23,1.83333
2025-10-08T10:12:00,454,33.2,23,1.87544
2025-10-08T10:15:00,455,34.3,23,1.84456
2025-10-08T10:18:00,456,33.1,23,1.87825
2025-10-08T10:21:00,451,34.5,22,1.73054
2025-10-08T10:24:00,447,33.6,22,1.75432
2025-10-08T10:27:00,445,34,23,1.85298
2025-10-08T10:30:00,446,32.6,23,1.89229
2025-10-08T10:33:00,447,33.6,23,1.86421
2025-10-08T10:36:00,446,32.7,23,1.88948
2025-10-08T10:39:00,444,32.6,23,1.89229
2025-10-08T10:42:00,441,33.9,22,1.74639
2025-10-08T10:45:00,440,32.5,22,1.78338
2025-10-08T10:48:00,438,32.2,22,1.79131
2025-10-08T10:51:00,438,32.9,23,1.88386
2025-10-08T10:54:00,438,31.8,23,1.91475
2025-10-08T10:57:00,435,31.8,23,1.91475
2025-10-08T11:00:00,432,32.2,22,1.79131
2025-10-08T11:03:00,433,32.8,22,1.77546
2025-10-08T11:06:00,433,32.3,22,1.78867
2025-10-08T11:09:00,430,32.4,23,1.8979
2025-10-08T11:12:00,427,32.4,23,1.8979
2025-10-08T11:15:00,426,31.8,23,1.91475
2025-10-08T11:18:00,421,32.3,22,1.78867
2025-10-08T11:21:00,417,32.9,22,1.77281
2025-10-08T11:24:00,415,33.1,22,1.76753
2025-10-08T11:27:00,414,32.9,22,1.77281
2025-10-08T11:30:00,410,32.5,22,1.78338
2025-10-08T11:33:00,409,32.2,23,1.90352
2025-10-08T11:36:00,405,32.2,22,1.79131
2025-10-08T11:39:00,404,33,22,1.77017
2025-10-08T11:42:00,408,32.8,22,1.77546
2025-10-08T11:45:00,400,32.8,22,1.77546
2025-10-08T11:48:00,398,32.3,23,1.90071
2025-10-08T11:51:00,398,32.3,23,1.90071
2025-10-08T11:54:00,396,32.9,21,1.66754
2025-10-08T11:57:00,393,33.9,22,1.74639
2025-10-08T12:00:00,393,33.1,22,1.76753
2025-10-08T12:03:00,391,33.4,22,1.7596
2025-10-08T12:06:00,389,32.6,22,1.78074
2025-10-08T12:09:00,388,32.4,23,1.8979
2025-10-08T12:12:00,387,33.8,21,1.64517
2025-10-08T12:15:00,383,34.9,21,1.61783
2025-10-08T12:18:00,383,33.1,22,1.76753
2025-10-08T12:21:00,382,32.8,22,1.77546
2025-10-08T12:24:00,379,34.8,20,1.52338
2025-10-08T12:27:00,380,33.5,22,1.75696
2025-10-08T12:30:00,381,32.2,22,1.79131
2025-10-08T12:33:00,379,34.3,21,1.63275
2025-10-08T12:36:00,377,34.9,20,1.52105
2025-10-08T12:39:00,378,33.6,22,1.75432
2025-10-08T12:42:00,378,34,21,1.6402
2025-10-08T12:45:00,377,33.8,21,1.64517
2025-10-08T12:48:00,375,34.3,21,1.63275
2025-10-08T12:51:00,378,32.1,22,1.79395
2025-10-08T12:54:00,377,33.9,20,1.54441
2025-10-08T12:57:00,373,34,21,1.6402
2025-10-08T13:00:00,375,33.6,21,1.65014
2025-10-08T13:03:00,376,33.3,21,1.6576
2025-10-08T13:06:00,375,33.9,21,1.64269
2025-10-08T13:09:00,374,33.7,21,1.64766
2025-10-08T13:12:00,375,33.4,21,1.65511
2025-10-08T13:15:00,375,34.2,21,1.63523
2025-10-08T13:18:00,375,34.8,21,1.62032
2025-10-08T13:21:00,374,34.5,21,1.62778
2025-10-08T13:24:00,372,34.2,21,1.63523
2025-10-08T13:27:00,373,34.7,21,1.62281
2025-10-08T13:30:00,373,34.7,21,1.62281
2025-10-08T13:33:00,372,34.3,21,1.63275
2025-10-08T13:36:00,374,34.1,21,1.63772
2025-10-08T13:39:00,375,33.4,22,1.7596
2025-10-08T13:42:00,375,33.2,22,1.76489
2025-10-08T13:45:00,376,33.5,22,1.75696
2025-10-08T13:48:00,376,33.7,22,1.75168
2025-10-08T13:51:00,376,33.3,22,1.76225
2025-10-08T13:54:00,377,32.4,22,1.78602
2025-10-08T13:57:00,375,32.3,22,1.78867
2025-10-08T14:00:00,375,33.2,22,1.76489
2025-10-08T14:03:00,374,33.3,22,1.76225
2025-10-08T14:06:00,375,32.8,22,1.77546
2025-10-08T14:09:00,375,32.5,22,1.78338
2025-10-08T14:12:00,375,32.7,22,1.7781
2025-10-08T14:15:00,375,32.2,22,1.79131
2025-10-08T14:18:00,375,32.7,22,1.7781
2025-10-08T14:21:00,376,31.7,22,1.80452
2025-10-08T14:24:00,378,32,22,1.79659
2025-10-08T14:27:00,376,32.1,22,1.79395
2025-10-08T14:30:00,376,32.3,22,1.78867
2025-10-08T14:33:00,375,32.7,22,1.7781
2025-10-08T14:36:00,378,33.3,22,1.76225
2025-10-08T14:39:00,375,32.6,22,1.78074
2025-10-08T14:42:00,375,32.5,22,1.78338
2025-10-08T14:45:00,376,32.4,22,1.78602
2025-10-08T14:48:00,378,32.7,22,1.7781
2025-10-08T14:51:00,386,32.8,22,1.77546
2025-10-08T14:54:00,405,32.2,22,1.79131
2025-10-08T14:57:00,397,32.2,22,1.79131
2025-10-08T15:00:00,397,32.2,22,1.79131
2025-10-08T15:03:00,389,32.8,22,1.77546
2025-10-08T15:06:00,378,33,22,1.77017
2025-10-08T15:09:00,374,32.6,22,1.78074
2025-10-08T15:12:00,370,33.5,22,1.75696
2025-10-08T15:15:00,371,33.1,22,1.76753
2025-10-08T15:18:00,370,32.9,22,1.77281
2025-10-08T15:21:00,369,31.9,22,1.79923
2025-10-08T15:24:00,369,32,22,1.79659
2025-10-08T15:27:00,368,32.9,22,1.77281
2025-10-08T15:30:00,368,32.7,22,1.7781
2025-10-08T15:33:00,367,33.1,22,1.76753
2025-10-08T15:36:00,367,32.8,22,1.77546
2025-10-08T15:39:00,369,32.7,22,1.7781
2025-10-08T15:42:00,369,32.4,22,1.78602
2025-10-08T15:45:00,367,33.1,22,1.76753
2025-10-08T15:48:00,379,33.5,22,1.75696
2025-10-08T15:51:00,368,33.4,22,1.7596
2025-10-08T15:54:00,367,33,22,1.77017
2025-10-08T15:57:00,390,32.7,22,1.7781
2025-10-08T16:00:00,394,32.2,22,1.79131
2025-10-08T16:03:00,445,32.6,22,1.78074
2025-10-08T16:06:00,369,32.5,22,1.78338
2025-10-08T16:09:00,356,32.6,22,1.78074
2025-10-08T16:12:00,354,32.4,22,1.78602
2025-10-08T16:15:00,351,33.3,22,1.76225
2025-10-08T16:18:00,348,33.3,22,1.76225
2025-10-08T16:21:00,350,33.4,22,1.7596
2025-10-08T16:24:00,348,33.2,22,1.76489
2025-10-08T16:27:00,350,33.2,22,1.76489
2025-10-08T16:30:00,347,33.1,22,1.76753
2025-10-08T16:33:00,344,33.9,21,1.64269
2025-10-08T16:36:00,339,34,21,1.6402
2025-10-08T16:39:00,333,33.7,21,1.64766
2025-10-08T16:42:00,332,33.8,21,1.64517
2025-10-08T16:45:00,328,34.3,21,1.63275
2025-10-08T16:48:00,323,34.2,21,1.63523
2025-10-08T16:51:00,323,35,21,1.61535
2025-10-08T16:54:00,323,35.8,21,1.59547
2025-10-08T16:57:00,323,35.5,21,1.60292
2025-10-08T17:00:00,323,35.6,21,1.60044
2025-10-08T17:03:00,324,36.3,21,1.58304
2025-10-08T17:06:00,323,35.8,21,1.59547
2025-10-08T17:09:00,323,35.9,20,1.49768
2025-10-08T17:12:00,323,36,20,1.49535
2025-10-08T17:15:00,326,35.9,20,1.49768
2025-10-08T17:18:00,326,35.3,21,1.60789
2025-10-08T17:21:00,324,35.4,21,1.60541
2025-10-08T17:24:00,325,36,20,1.49535
2025-10-08T17:27:00,324,36.4,20,1.486
2025-10-08T17:30:00,323,36.9,20,1.47432
2025-10-08T17:33:00,323,37.2,20,1.46731
2025-10-08T17:36:00,321,37.3,20,1.46497
2025-10-08T17:39:00,321,37.3,20,1.46497
2025-10-08T17:42:00,321,37.6,20,1.45796
2025-10-08T17:45:00,321,37.9,20,1.45095
2025-10-08T17:48:00,320,38.1,19,1.35911
2025-10-08T17:51:00,319,38.4,19,1.35253
2025-10-08T17:54:00,317,38.9,19,1.34155
2025-10-08T17:57:00,317,38.9,19,1.34155
2025-10-08T18:00:00,316,39,19,1.33935
2025-10-08T18:03:00,318,38.8,19,1.34374
2025-10-08T18:06:00,318,38.9,19,1.34155
2025-10-08T18:09:00,319,38.4,19,1.35253
2025-10-08T18:12:00,318,39.4,19,1.33057
2025-10-08T18:15:00,320,38.1,20,1.44628
2025-10-08T18:18:00,321,37.8,20,1.45329
2025-10-08T18:21:00,320,38.7,20,1.43226
2025-10-08T18:24:00,320,38.2,20,1.44394
2025-10-08T18:27:00,323,38.2,20,1.44394
2025-10-08T18:30:00,323,37.6,20,1.45796
2025-10-08T18:33:00,322,37.4,20,1.46264
2025-10-08T18:36:00,323,37.9,20,1.45095
2025-10-08T18:39:00,323,37.8,21,1.54577
2025-10-08T18:42:00,323,37.8,21,1.54577
2025-10-08T18:45:00,324,37.3,21,1.55819
2025-10-08T18:48:00,324,37.1,21,1.56316
2025-10-08T18:51:00,325,37.9,21,1.54328
2025-10-08T18:54:00,325,37.5,21,1.55322
2025-10-08T18:57:00,324,37.2,21,1.56068
2025-10-08T19:00:00,325,37.3,21,1.55819
2025-10-08T19:03:00,326,38.4,21,1.53085
2025-10-08T19:06:00,324,38.6,21,1.52588
2025-10-08T19:09:00,325,39.5,21,1.50352
2025-10-08T19:12:00,325,39.6,21,1.50103
2025-10-08T19:15:00,324,39.4,21,1.506
2025-10-08T19:18:00,324,39.3,21,1.50849
2025-10-08T19:21:00,326,39.8,21,1.49606
2025-10-08T19:24:00,325,40.6,21,1.47618
2025-10-08T19:27:00,326,40.6,21,1.47618
2025-10-08T19:30:00,325,40.5,21,1.47867
2025-10-08T19:33:00,325,40.6,21,1.47618
2025-10-08T19:36:00,324,40.7,21,1.4737
2025-10-08T19:39:00,325,40.9,21,1.46873
2025-10-08T19:42:00,325,41.1,21,1.46376
2025-10-08T19:45:00,325,41.1,21,1.46376
2025-10-08T19:48:00,324,41.1,21,1.46376
2025-10-08T19:51:00,324,41.3,21,1.45879
2025-10-08T19:54:00,326,41,21,1.46624
2025-10-08T19:57:00,325,41.1,21,1.46376
2025-10-08T20:00:00,326,41.1,21,1.46376
2025-10-08T20:03:00,0,41.2,21,1.46127
2025-10-08T20:06:00,0,41.6,21,1.45133
2025-10-08T20:09:00,0,42,21,1.44139
2025-10-08T20:12:00,0,42.5,21,1.42896
2025-10-08T20:15:00,0,42.6,21,1.42648
2025-10-08T20:18:00,0,43.2,21,1.41157
2025-10-08T20:21:00,0,43.7,21,1.39914
2025-10-08T20:24:00,0,44.4,21,1.38175
2025-10-08T20:27:00,0,44.9,21,1.36932
2025-10-08T20:30:00,0,45.5,21,1.35441
2025-10-08T20:33:00,0,46.1,21,1.3395
2025-10-08T20:36:00,0,46.7,20,1.24534
2025-10-08T20:39:00,0,47.4,20,1.22899
2025-10-08T20:42:00,0,47.9,20,1.21731
2025-10-08T20:45:00,0,48.4,20,1.20562
2025-10-08T20:48:00,0,49.1,20,1.18927
2025-10-08T20:51:00,0,49.7,20,1.17525
2025-10-08T20:54:00,0,50.2,20,1.16357
2025-10-08T20:57:00,0,50.8,20,1.14955
2025-10-08T21:00:00,0,51.3,20,1.13787
2025-10-08T21:03:00,0,51.9,20,1.12385
2025-10-08T21:06:00,0,52.4,20,1.11216
2025-10-08T21:09:00,0,52.9,20,1.10048
2025-10-08T21:12:00,0,53.4,20,1.0888
2025-10-08T21:15:00,0,54,20,1.07478
2025-10-08T21:18:00,0,54.5,20,1.0631
2025-10-08T21:21:00,0,54.8,20,1.05609
2025-10-08T21:24:00,0,55.3,20,1.04441
2025-10-08T21:27:00,0,55.7,20,1.03506
2025-10-08T21:30:00,0,56.1,20,1.02571
2025-10-08T21:33:00,0,56.4,19,0.95731
2025-10-08T21:36:00,0,56.7,19,0.95072
2025-10-08T21:39:00,0,57.1,19,0.94194
2025-10-08T21:42:00,0,57.4,19,0.93535
2025-10-08T21:45:00,0,57.7,19,0.92876
2025-10-08T21:48:00,0,57.9,19,0.92437
2025-10-08T21:51:00,0,58.3,19,0.91559
2025-10-08T21:54:00,0,58.5,19,0.9112
2025-10-08T21:57:00,0,57.5,19,0.93315
2025-10-08T22:00:00,0,57.1,19,0.94194
2025-10-08T22:03:00,0,57.9,19,0.92437
2025-10-08T22:06:00,0,58,19,0.92218
2025-10-08T22:09:00,0,58.2,19,0.91778
2025-10-08T22:12:00,0,58.5,19,0.9112
2025-10-08T22:15:00,0,58.8,19,0.90461
2025-10-08T22:18:00,0,59,19,0.90022
2025-10-08T22:21:00,0,59.3,19,0.89363
2025-10-08T22:24:00,0,59.5,19,0.88924
2025-10-08T22:27:00,0,59.8,19,0.88265
2025-10-08T22:30:00,0,60,19,0.87826
2025-10-08T22:33:00,0,60.1,19,0.87607
2025-10-08T22:36:00,0,60.2,19,0.87387
2025-10-08T22:39:00,0,60.5,19,0.86728
2025-10-08T22:42:00,0,60.6,18,0.81256
2025-10-08T22:45:00,0,60.7,18,0.8105
2025-10-08T22:48:00,0,60.8,18,0.80843
2025-10-08T22:51:00,0,60.9,18,0.80637
2025-10-08T22:54:00,0,60.9,18,0.80637
2025-10-08T22:57:00,0,61.1,18,0.80225
2025-10-08T23:00:00,0,61.2,18,0.80019
2025-10-08T23:03:00,0,61.2,18,0.80019
2025-10-08T23:06:00,0,62.1,18,0.78162
2025-10-08T23:09:00,0,63.6,18,0.75069
2025-10-08T23:12:00,0,64.4,18,0.73419
2025-10-08T23:15:00,0,65.3,18,0.71563
2025-10-08T23:18:00,0,65.8,18,0.70532
2025-10-08T23:21:00,0,66.2,18,0.69707
2025-10-08T23:24:00,0,66.6,18,0.68882
2025-10-08T23:27:00,0,67,18,0.68057
2025-10-08T23:30:00,0,67.1,18,0.67851
2025-10-08T23:33:00,0,67.3,18,0.67438
2025-10-08T23:36:00,0,67.3,18,0.67438
2025-10-08T23:39:00,0,67.5,18,0.67026
2025-10-08T23:42:00,0,67.4,18,0.67232
2025-10-08T23:45:00,0,67.5,18,0.67026
2025-10-08T23:48:00,0,67.6,18,0.6682
2025-10-08T23:51:00,0,67.5,18,0.67026
2025-10-08T23:54:00,0,67.4,18,0.67232
2025-10-08T23:57:00,0,67.4,18,0.67232
2025-10-09T00:00:00,0,67.4,18,0.67232
2025-10-09T00:03:00,0,67.5,18,0.67026
2025-10-09T00:06:00,0,67.3,18,0.67438
2025-10-09T00:09:00,0,67.3,17,0.63313
2025-10-09T00:12:00,0,67.3,17,0.63313
2025-10-09T00:15:00,0,67.3,17,0.63313
2025-10-09T00:18:00,0,67.2,17,0.63506
2025-10-09T00:21:00,0,67.1,17,0.637
2025-10-09T00:24:00,0,67.1,17,0.637
2025-10-09T00:27:00,0,67,17,0.63893
2025-10-09T00:30:00,0,67,17,0.63893
2025-10-09T00:33:00,0,67.5,17,0.62925
2025-10-09T00:36:00,0,68.3,17,0.61376
2025-10-09T00:39:00,0,68.9,17,0.60215
2025-10-09T00:42:00,0,69.3,17,0.5944
2025-10-09T00:45:00,0,69.5,17,0.59053
2025-10-09T00:48:00,0,69.6,17,0.58859
2025-10-09T00:51:00,0,69.7,17,0.58666
2025-10-09T00:54:00,0,69.9,17,0.58279
2025-10-09T00:57:00,0,69.9,17,0.58279
2025-10-09T01:00:00,0,69.8,17,0.58472
2025-10-09T01:03:00,0,69.8,17,0.58472
2025-10-09T01:06:00,0,70.1,17,0.57891
2025-10-09T01:09:00,0,70.6,17,0.56923
2025-10-09T01:12:00,0,70.8,17,0.56536
2025-10-09T01:15:00,0,71.2,17,0.55762
2025-10-09T01:18:00,0,71.3,17,0.55568
2025-10-09T01:21:00,0,71.8,17,0.546
2025-10-09T01:24:00,0,72.2,17,0.53825
2025-10-09T01:27:00,0,72.3,17,0.53632
2025-10-09T01:30:00,0,72.2,17,0.53825
2025-10-09T01:33:00,0,72.6,17,0.53051
2025-10-09T01:36:00,0,72.5,17,0.53244
2025-10-09T01:39:00,0,72.6,17,0.53051
2025-10-09T01:42:00,0,72.3,17,0.53632
2025-10-09T01:45:00,0,72.3,17,0.53632
2025-10-09T01:48:00,0,72.1,17,0.54019
2025-10-09T01:51:00,0,72.1,17,0.54019
2025-10-09T01:54:00,0,72.1,17,0.54019
2025-10-09T01:57:00,0,71.9,17,0.54406
2025-10-09T02:00:00,0,71.8,16,0.51234
2025-10-09T02:03:00,0,72.1,17,0.54019
2025-10-09T02:06:00,0,72.6,17,0.53051
2025-10-09T02:09:00,0,72.3,17,0.53632
2025-10-09T02:12:00,0,72.3,17,0.53632
2025-10-09T02:15:00,0,72.3,17,0.53632
2025-10-09T02:18:00,0,72.1,17,0.54019
2025-10-09T02:21:00,0,72.2,17,0.53825
2025-10-09T02:24:00,0,72.2,17,0.53825
2025-10-09T02:27:00,0,72.2,16,0.50508
2025-10-09T02:30:00,0,72.1,16,0.50689
2025-10-09T02:33:00,0,72,16,0.50871
2025-10-09T02:36:00,0,71.9,16,0.51053
2025-10-09T02:39:00,0,71.7,16,0.51416
2025-10-09T02:42:00,0,71.8,16,0.51234
2025-10-09T02:45:00,0,71.7,16,0.51416
2025-10-09T02:48:00,0,71.8,16,0.51234
2025-10-09T02:51:00,0,71.6,16,0.51598
2025-10-09T02:54:00,0,71.4,16,0.51961
2025-10-09T02:57:00,0,71.4,16,0.51961
2025-10-09T03:00:00,0,71.3,16,0.52143
2025-10-09T03:03:00,0,71.2,16,0.52324
2025-10-09T03:06:00,0,71,16,0.52688
2025-10-09T03:09:00,0,70.6,16,0.53414
2025-10-09T03:12:00,0,70.5,16,0.53596
2025-10-09T03:15:00,0,70.2,16,0.54141
2025-10-09T03:18:00,0,70.2,16,0.54141
2025-10-09T03:21:00,0,69.9,16,0.54686
2025-10-09T03:24:00,0,69.9,16,0.54686
2025-10-09T03:27:00,0,69.7,16,0.5505
2025-10-09T03:30:00,0,69.5,16,0.55413
2025-10-09T03:33:00,0,69.7,16,0.5505
2025-10-09T03:36:00,0,70.4,16,0.53778
2025-10-09T03:39:00,0,69.6,16,0.55231
2025-10-09T03:42:00,0,68.6,17,0.60796
2025-10-09T03:45:00,0,68.2,17,0.6157
2025-10-09T03:48:00,0,68,17,0.61957
2025-10-09T03:51:00,0,68,17,0.61957
2025-10-09T03:54:00,0,68.3,16,0.57593
2025-10-09T03:57:00,0,68.2,16,0.57775
2025-10-09T04:00:00,0,68.1,16,0.57957
2025-10-09T04:03:00,339,67.7,17,0.62538
2025-10-09T04:06:00,336,67,17,0.63893
2025-10-09T04:09:00,334,66.1,17,0.65636
2025-10-09T04:12:00,332,65.5,17,0.66798
2025-10-09T04:15:00,330,64.9,17,0.67959
2025-10-09T04:18:00,330,64.7,17,0.68347
2025-10-09T04:21:00,328,64.3,17,0.69121
2025-10-09T04:24:00,327,64,17,0.69702
2025-10-09T04:27:00,326,63.7,18,0.74863
2025-10-09T04:30:00,324,63.4,18,0.75481
2025-10-09T04:33:00,325,63.3,18,0.75688
2025-10-09T04:36:00,323,63,18,0.76306
2025-10-09T04:39:00,323,62.6,18,0.77131
2025-10-09T04:42:00,323,62.5,18,0.77337
2025-10-09T04:45:00,323,62.3,18,0.7775
2025-10-09T04:48:00,323,62.1,18,0.78162
2025-10-09T04:51:00,322,61.8,18,0.78781
2025-10-09T04:54:00,323,61.5,18,0.794
2025-10-09T04:57:00,323,61.7,18,0.78987
2025-10-09T05:00:00,322,61.5,18,0.794
2025-10-09T05:03:00,322,61.4,18,0.79606
2025-10-09T05:06:00,323,61.2,18,0.80019
2025-10-09T05:09:00,323,61,18,0.80431
2025-10-09T05:12:00,323,60.8,19,0.8607
2025-10-09T05:15:00,323,60.8,19,0.8607
2025-10-09T05:18:00,322,60.7,19,0.86289
2025-10-09T05:21:00,323,60.5,19,0.86728
2025-10-09T05:24:00,323,60.5,19,0.86728
2025-10-09T05:27:00,323,60,19,0.87826
2025-10-09T05:30:00,323,60.3,19,0.87168
2025-10-09T05:33:00,323,60.1,19,0.87607
2025-10-09T05:36:00,323,59.9,19,0.88046
2025-10-09T05:39:00,322,57.9,19,0.92437
2025-10-09T05:42:00,323,57.2,19,0.93974
2025-10-09T05:45:00,323,57.3,19,0.93755
2025-10-09T05:48:00,324,57.6,19,0.93096
2025-10-09T05:51:00,323,56.7,19,0.95072
2025-10-09T05:54:00,323,55.3,19,0.98146
2025-10-09T05:57:00,323,54.3,19,1.00342
2025-10-09T06:00:00,323,54,19,1.01
2025-10-09T06:03:00,323,54.7,19,0.99463
2025-10-09T06:06:00,323,54.8,19,0.99244
2025-10-09T06:09:00,323,53.8,19,1.01439
2025-10-09T06:12:00,323,52.9,19,1.03415
2025-10-09T06:15:00,323,52.5,19,1.04294
2025-10-09T06:18:00,323,53,19,1.03196
2025-10-09T06:21:00,323,53.4,19,1.02318
2025-10-09T06:24:00,323,53.7,19,1.01659
2025-10-09T06:27:00,323,54,19,1.01
2025-10-09T06:30:00,323,54.3,19,1.00342
2025-10-09T06:33:00,323,54.7,19,0.99463
2025-10-09T06:36:00,322,54.6,19,0.99683
2025-10-09T06:39:00,323,54.7,19,0.99463
2025-10-09T06:42:00,324,54.7,19,0.99463
2025-10-09T06:45:00,323,54.7,19,0.99463
2025-10-09T06:48:00,323,54.9,19,0.99024
2025-10-09T06:51:00,323,54.8,19,0.99244
2025-10-09T06:54:00,323,55,19,0.98805
2025-10-09T06:57:00,323,55,19,0.98805
2025-10-09T07:00:00,322,55.1,19,0.98585
2025-10-09T07:03:00,323,55.3,19,0.98146
2025-10-09T07:06:00,323,55.2,19,0.98365
2025-10-09T07:09:00,323,55.7,19,0.97268
2025-10-09T07:12:00,324,55.4,19,0.97926
2025-10-09T07:15:00,323,55.5,19,0.97707
2025-10-09T07:18:00,324,55.5,19,0.97707
2025-10-09T07:21:00,324,55.5,19,0.97707
2025-10-09T07:24:00,325,55.6,19,0.97487
2025-10-09T07:27:00,324,55.5,19,0.97707
2025-10-09T07:30:00,323,55.7,19,0.97268
2025-10-09T07:33:00,326,55.7,19,0.97268
2025-10-09T07:36:00,325,55.5,19,0.97707
2025-10-09T07:39:00,326,55.7,19,0.97268
2025-10-09T07:42:00,327,55.5,19,0.97707
2025-10-09T07:45:00,327,55.7,19,0.97268
2025-10-09T07:48:00,326,55.7,19,0.97268
2025-10-09T07:51:00,328,55.7,19,0.97268
2025-10-09T07:54:00,328,55.9,19,0.96828
2025-10-09T07:57:00,328,55.6,19,0.97487
2025-10-09T08:00:00,328,55.7,19,0.97268
2025-10-09T08:03:00,328,55.8,19,0.97048
2025-10-09T08:06:00,327,56,19,0.96609
2025-10-09T08:09:00,329,55.7,19,0.97268
2025-10-09T08:12:00,328,56.1,19,0.96389
2025-10-09T08:15:00,328,57.3,19,0.93755
2025-10-09T08:18:00,329,58.3,19,0.91559
2025-10-09T08:21:00,329,59.5,19,0.88924
2025-10-09T08:24:00,329,60.5,19,0.86728
2025-10-09T08:27:00,329,61.2,19,0.85192
2025-10-09T08:30:00,329,61.5,20,0.89954
2025-10-09T08:33:00,330,62.3,19,0.82776
2025-10-09T08:36:00,329,62.8,19,0.81678
2025-10-09T08:39:00,330,63.4,20,0.85515
2025-10-09T08:42:00,331,63.9,20,0.84347
2025-10-09T08:45:00,331,64.1,20,0.8388
2025-10-09T08:48:00,331,64.7,20,0.82478
2025-10-09T08:51:00,332,64.6,20,0.82711
2025-10-09T08:54:00,333,65.3,20,0.81076
2025-10-09T08:57:00,333,65.5,20,0.80609
2025-10-09T09:00:00,334,65.6,20,0.80375
2025-10-09T09:03:00,333,65.8,20,0.79908
2025-10-09T09:06:00,333,66,20,0.7944
2025-10-09T09:09:00,335,67.3,20,0.76403
2025-10-09T09:12:00,336,64.9,20,0.8201
2025-10-09T09:15:00,339,63.1,20,0.86216
2025-10-09T09:18:00,342,60.5,20,0.92291
2025-10-09T09:21:00,349,59.5,21,1.00649
2025-10-09T09:24:00,358,60.1,21,0.99158
2025-10-09T09:27:00,367,59.5,21,1.00649
2025-10-09T09:30:00,376,59.2,21,1.01394
2025-10-09T09:33:00,400,58.2,21,1.03879
2025-10-09T09:36:00,430,56.8,21,1.07359
2025-10-09T09:39:00,451,55.6,22,1.17307
2025-10-09T09:42:00,461,54.7,22,1.19685
2025-10-09T09:45:00,449,53.2,22,1.23648
2025-10-09T09:48:00,446,52.8,22,1.24705
2025-10-09T09:51:00,456,50.5,23,1.38973
2025-10-09T09:54:00,474,50.5,23,1.38973
2025-10-09T09:57:00,476,50.7,23,1.38412
2025-10-09T10:00:00,473,48.5,23,1.44589
2025-10-09T10:03:00,470,47.5,23,1.47396
2025-10-09T10:06:00,468,47.9,23,1.46273
2025-10-09T10:09:00,462,46.1,23,1.51327
2025-10-09T10:12:00,454,45.6,23,1.5273
2025-10-09T10:15:00,450,45.8,23,1.52169
2025-10-09T10:18:00,451,45.1,23,1.54134
2025-10-09T10:21:00,454,42.2,23,1.62276
2025-10-09T10:24:00,452,40.8,23,1.66207
2025-10-09T10:27:00,446,40.7,23,1.66487
2025-10-09T10:30:00,446,37.4,23,1.75752
2025-10-09T10:33:00,446,37,23,1.76875
2025-10-09T10:36:00,444,38.2,23,1.73506
2025-10-09T10:39:00,442,36.9,23,1.77156
2025-10-09T10:42:00,442,36.2,23,1.79121
2025-10-09T10:45:00,438,35.8,23,1.80244
2025-10-09T10:48:00,438,34.7,23,1.83333
2025-10-09T10:51:00,436,33.8,23,1.85859
2025-10-09T10:54:00,435,33.1,23,1.87825
2025-10-09T10:57:00,433,33.2,23,1.87544
2025-10-09T11:00:00,432,32.8,23,1.88667
2025-10-09T11:03:00,431,33.1,23,1.87825
2025-10-09T11:06:00,433,31.9,23,1.91194
2025-10-09T11:09:00,431,30.3,23,1.95686
2025-10-09T11:12:00,430,30,23,1.96528
2025-10-09T11:15:00,427,29.7,23,1.9737
2025-10-09T11:18:00,424,30.9,23,1.94001
2025-10-09T11:21:00,421,30.3,23,1.95686
2025-10-09T11:24:00,419,29.3,23,1.98493
2025-10-09T11:27:00,416,28.2,23,2.01582
2025-10-09T11:30:00,414,27.7,23,2.02986
2025-10-09T11:33:00,410,28.9,23,1.99616
2025-10-09T11:36:00,408,30.9,23,1.94001
2025-10-09T11:39:00,411,30.1,23,1.96247
2025-10-09T11:42:00,422,28.9,23,1.99616
2025-10-09T11:45:00,405,28.5,23,2.00739
2025-10-09T11:48:00,403,28.7,23,2.00178
2025-10-09T11:51:00,400,28.2,23,2.01582
2025-10-09T11:54:00,400,27.4,23,2.03828
2025-10-09T11:57:00,397,27.7,23,2.02986
2025-10-09T12:00:00,396,27.4,23,2.03828
2025-10-09T12:03:00,394,26,23,2.07758
2025-10-09T12:06:00,392,26.6,22,1.93926
2025-10-09T12:09:00,391,25.9,22,1.95776
2025-10-09T12:12:00,389,25.9,22,1.95776
2025-10-09T12:15:00,386,25.4,21,1.85392
2025-10-09T12:18:00,385,25.3,21,1.85641
2025-10-09T12:21:00,386,24.8,21,1.86884
2025-10-09T12:24:00,384,24.9,21,1.86635
2025-10-09T12:27:00,384,24.6,22,1.9921
2025-10-09T12:30:00,383,23.9,22,2.0106
2025-10-09T12:33:00,381,24.9,21,1.86635
2025-10-09T12:36:00,383,23.7,22,2.01588
2025-10-09T12:39:00,382,23.9,22,2.0106
2025-10-09T12:42:00,380,23.7,22,2.01588
2025-10-09T12:45:00,381,24,22,2.00796
2025-10-09T12:48:00,380,25.3,22,1.97361
2025-10-09T12:51:00,381,24,22,2.00796
2025-10-09T12:54:00,381,23.6,22,2.01852
2025-10-09T12:57:00,380,23.8,22,2.01324
2025-10-09T13:00:00,380,24,23,2.13373
2025-10-09T13:03:00,382,23.7,23,2.14216
2025-10-09T13:06:00,382,24.4,23,2.1225
2025-10-09T13:09:00,383,24.4,23,2.1225
2025-10-09T13:12:00,385,23.9,24,2.26933
2025-10-09T13:15:00,386,23.8,24,2.27232
2025-10-09T13:18:00,386,23.8,24,2.27232
2025-10-09T13:21:00,386,23.9,23,2.13654
2025-10-09T13:24:00,386,23.6,23,2.14496
2025-10-09T13:27:00,386,22.7,23,2.17023
2025-10-09T13:30:00,386,23.9,23,2.13654
2025-10-09T13:33:00,386,23.5,23,2.14777
2025-10-09T13:36:00,386,23.6,23,2.14496
2025-10-09T13:39:00,386,23.6,24,2.27828
2025-10-09T13:42:00,387,23.4,23,2.15058
2025-10-09T13:45:00,388,23.5,24,2.28126
2025-10-09T13:48:00,389,23.4,23,2.15058
2025-10-09T13:51:00,387,24.2,23,2.12812
2025-10-09T13:54:00,386,23.5,24,2.28126
2025-10-09T13:57:00,389,23.8,23,2.13935
2025-10-09T14:00:00,388,23.4,23,2.15058
2025-10-09T14:03:00,386,25.4,22,1.97097
2025-10-09T14:06:00,386,29.8,22,1.85472
2025-10-09T14:09:00,383,28.5,21,1.77688
2025-10-09T14:12:00,383,27,21,1.81416
2025-10-09T14:15:00,384,26.1,22,1.95247
2025-10-09T14:18:00,383,27.1,22,1.92605
2025-10-09T14:21:00,386,26.7,22,1.93662
2025-10-09T14:24:00,384,27.1,22,1.92605
2025-10-09T14:27:00,383,26.6,22,1.93926
2025-10-09T14:30:00,384,27.8,22,1.90756
2025-10-09T14:33:00,384,27.9,22,1.90492
2025-10-09T14:36:00,384,28.1,22,1.89963
2025-10-09T14:39:00,386,29.5,22,1.86264
2025-10-09T14:42:00,386,27.2,22,1.92341
2025-10-09T14:45:00,387,29.2,22,1.87057
2025-10-09T14:48:00,394,26.9,22,1.93134
2025-10-09T14:51:00,405,28.4,22,1.89171
2025-10-09T14:54:00,407,29.2,22,1.87057
2025-10-09T14:57:00,424,31.2,22,1.81773
2025-10-09T15:00:00,412,29.7,22,1.85736
2025-10-09T15:03:00,400,36.3,22,1.68298
2025-10-09T15:06:00,392,30.2,22,1.84415
2025-10-09T15:09:00,389,37.3,22,1.65656
2025-10-09T15:12:00,386,29.3,22,1.86793
2025-10-09T15:15:00,385,32.4,22,1.78602
2025-10-09T15:18:00,386,28.7,22,1.88378
2025-10-09T15:21:00,384,27.7,22,1.9102
2025-10-09T15:24:00,382,27,22,1.92869
2025-10-09T15:27:00,383,30.7,22,1.83094
2025-10-09T15:30:00,381,28,22,1.90227
2025-10-09T15:33:00,382,26.7,22,1.93662
2025-10-09T15:36:00,382,33.6,22,1.75432
2025-10-09T15:39:00,389,35.7,24,1.91745
2025-10-09T15:42:00,390,32.2,27,2.41619
2025-10-09T15:45:00,389,30.6,29,2.77906
2025-10-09T15:48:00,400,29.2,30,3.00337
2025-10-09T15:51:00,394,28.6,31,3.20721
2025-10-09T15:54:00,392,27.5,32,3.44699
2025-10-09T15:57:00,396,26.4,33,3.70229
2025-10-09T16:00:00,413,25.9,34,3.94207
2025-10-09T16:03:00,452,25.3,34,3.97399
2025-10-09T16:06:00,391,25.2,35,4.20674
2025-10-09T16:09:00,386,25.3,35,4.20111
2025-10-09T16:12:00,386,24.9,35,4.22361
2025-10-09T16:15:00,385,24.2,35,4.26298
2025-10-09T16:18:00,383,23.7,35,4.2911
2025-10-09T16:21:00,381,23.8,35,4.28547
2025-10-09T16:24:00,383,24,35,4.27422
2025-10-09T16:27:00,380,23.4,35,4.30797
2025-10-09T16:30:00,378,22.7,36,4.59395
2025-10-09T16:33:00,372,22.4,36,4.61178
2025-10-09T16:36:00,362,22.1,36,4.62961
2025-10-09T16:39:00,357,22.3,36,4.61772
2025-10-09T16:42:00,355,22.5,36,4.60583
2025-10-09T16:45:00,352,21.8,36,4.64744
2025-10-09T16:48:00,351,21.8,36,4.64744
2025-10-09T16:51:00,351,22.2,36,4.62366
2025-10-09T16:54:00,350,21.9,36,4.64149
2025-10-09T16:57:00,350,22.6,36,4.59989
2025-10-09T17:00:00,351,20.9,36,4.70092
2025-10-09T17:03:00,350,21.9,36,4.64149
2025-10-09T17:06:00,350,21.9,36,4.64149
2025-10-09T17:09:00,350,21.5,36,4.66527
2025-10-09T17:12:00,351,21.6,36,4.65932
2025-10-09T17:15:00,352,20.6,36,4.71875
2025-10-09T17:18:00,353,21.3,36,4.67715
2025-10-09T17:21:00,353,20.6,36,4.71875
2025-10-09T17:24:00,352,20.9,37,4.96562
2025-10-09T17:27:00,351,20.2,37,5.00957
2025-10-09T17:30:00,353,20.2,36,4.74252
2025-10-09T17:33:00,350,20,36,4.75441
2025-10-09T17:36:00,350,20,36,4.75441
2025-10-09T17:39:00,350,19.7,37,5.04095
2025-10-09T17:42:00,350,20.2,37,5.00957
2025-10-09T17:45:00,350,19.7,36,4.77224
2025-10-09T17:48:00,349,19.9,37,5.0284
2025-10-09T17:51:00,349,19.6,37,5.04723
2025-10-09T17:54:00,347,19.5,37,5.05351
2025-10-09T17:57:00,347,20.1,37,5.01584
2025-10-09T18:00:00,346,19.2,36,4.80195
2025-10-09T18:03:00,347,19.1,37,5.07862
2025-10-09T18:06:00,346,19,37,5.0849
2025-10-09T18:09:00,347,19.2,37,5.07234
2025-10-09T18:12:00,345,19.1,37,5.07862
2025-10-09T18:15:00,344,19,36,4.81384
2025-10-09T18:18:00,345,18.5,37,5.11629
2025-10-09T18:21:00,343,18.6,37,5.11001
2025-10-09T18:24:00,343,18.9,37,5.09118
2025-10-09T18:27:00,345,18.1,36,4.86733
2025-10-09T18:30:00,344,18.3,37,5.12884
2025-10-09T18:33:00,344,18.5,37,5.11629
2025-10-09T18:36:00,343,18.4,37,5.12256
2025-10-09T18:39:00,345,18.1,37,5.1414
2025-10-09T18:42:00,344,18.2,37,5.13512
2025-10-09T18:45:00,344,18.3,37,5.12884
2025-10-09T18:48:00,345,18.2,37,5.13512
2025-10-09T18:51:00,344,18.4,37,5.12256
2025-10-09T18:54:00,344,18.3,37,5.12884
2025-10-09T18:57:00,344,18.6,37,5.11001
2025-10-09T19:00:00,344,18.5,37,5.11629
2025-10-09T19:03:00,344,18.3,37,5.12884
2025-10-09T19:06:00,345,18,37,5.14767
2025-10-09T19:09:00,345,18.2,37,5.13512
2025-10-09T19:12:00,343,18.2,37,5.13512
2025-10-09T19:15:00,343,18.1,37,5.1414
2025-10-09T19:18:00,344,18.2,37,5.13512
2025-10-09T19:21:00,344,17.8,37,5.16023
2025-10-09T19:24:00,345,17.7,37,5.16651
2025-10-09T19:27:00,343,17.7,37,5.16651
2025-10-09T19:30:00,345,17.6,37,5.17278
2025-10-09T19:33:00,345,17.7,37,5.16651
2025-10-09T19:36:00,343,17.6,37,5.17278
2025-10-09T19:39:00,344,17.3,37,5.19162
2025-10-09T19:42:00,344,17.4,37,5.18534
2025-10-09T19:45:00,344,17.6,37,5.17278
2025-10-09T19:48:00,null,null,null,null
2025-10-09T19:51:00,345,17.4,37,5.18534
2025-10-09T19:54:00,345,17,37,5.21045
2025-10-09T19:57:00,345,17.1,37,5.20417
2025-10-09T20:00:00,345,17.3,37,5.19162
2025-10-09T20:03:00,0,17.3,37,5.19162
2025-10-09T20:06:00,0,17.4,37,5.18534
2025-10-09T20:09:00,0,17.7,37,5.16651
2025-10-09T20:12:00,0,17.5,36,4.90299
2025-10-09T20:15:00,0,17.7,36,4.8911
2025-10-09T20:18:00,0,17.8,36,4.88516
2025-10-09T20:21:00,0,17.8,36,4.88516
2025-10-09T20:24:00,0,18.2,35,4.60042
2025-10-09T20:27:00,0,18.1,35,4.60604
2025-10-09T20:30:00,0,18,35,4.61166
2025-10-09T20:33:00,0,17.9,35,4.61729
2025-10-09T20:36:00,0,17.9,35,4.61729
2025-10-09T20:39:00,0,17.9,35,4.61729
2025-10-09T20:42:00,0,17.8,35,4.62291
2025-10-09T20:45:00,0,18.3,35,4.59479
2025-10-09T20:48:00,0,17.9,34,4.36767
2025-10-09T20:51:00,0,17.9,34,4.36767
2025-10-09T20:54:00,0,18.2,34,4.35171
2025-10-09T20:57:00,0,18.6,35,4.57792
2025-10-09T21:00:00,0,18.8,35,4.56667
2025-10-09T21:03:00,0,19.2,35,4.54418
2025-10-09T21:06:00,0,19.7,35,4.51606
2025-10-09T21:09:00,0,20,35,4.49918
2025-10-09T21:12:00,0,20.4,35,4.47669
2025-10-09T21:15:00,0,20.7,35,4.45982
2025-10-09T21:18:00,0,20.9,35,4.44857
2025-10-09T21:21:00,0,21.4,35,4.42045
2025-10-09T21:24:00,0,21.5,35,4.41482
2025-10-09T21:27:00,0,21.7,35,4.40358
2025-10-09T21:30:00,0,21.7,35,4.40358
2025-10-09T21:33:00,0,21.8,35,4.39795
2025-10-09T21:36:00,0,21.9,35,4.39233
2025-10-09T21:39:00,0,22,35,4.3867
2025-10-09T21:42:00,0,22.1,35,4.38108
2025-10-09T21:45:00,0,22.2,35,4.37546
2025-10-09T21:48:00,0,22.2,35,4.37546
2025-10-09T21:51:00,0,22.2,35,4.37546
2025-10-09T21:54:00,0,22.1,35,4.38108
2025-10-09T21:57:00,0,22.2,35,4.37546
2025-10-09T22:00:00,0,22.2,35,4.37546
2025-10-09T22:03:00,0,22.4,35,4.36421
2025-10-09T22:06:00,0,22.5,35,4.35858
2025-10-09T22:09:00,0,22.4,35,4.36421
2025-10-09T22:12:00,0,22.5,35,4.35858
2025-10-09T22:15:00,0,22.6,35,4.35296
2025-10-09T22:18:00,0,22.7,35,4.34734
2025-10-09T22:21:00,0,22.6,35,4.35296
2025-10-09T22:24:00,0,22.5,35,4.35858
2025-10-09T22:27:00,0,22.6,35,4.35296
2025-10-09T22:30:00,0,22.4,35,4.36421
2025-10-09T22:33:00,0,22.5,35,4.35858
2025-10-09T22:36:00,0,22.6,35,4.35296
2025-10-09T22:39:00,0,22.5,35,4.35858
2025-10-09T22:42:00,0,22.5,35,4.35858
2025-10-09T22:45:00,0,22.6,35,4.35296
2025-10-09T22:48:00,0,22.6,35,4.35296
2025-10-09T22:51:00,0,22.6,35,4.35296
2025-10-09T22:54:00,0,22.7,35,4.34734
2025-10-09T22:57:00,0,23,35,4.33046
2025-10-09T23:00:00,0,23.1,35,4.32484
2025-10-09T23:03:00,0,23,35,4.33046
2025-10-09T23:06:00,0,23.1,35,4.32484
2025-10-09T23:09:00,0,22.9,35,4.33609
2025-10-09T23:12:00,0,23.1,35,4.32484
2025-10-09T23:15:00,0,23.1,35,4.32484
2025-10-09T23:18:00,0,23.1,35,4.32484
2025-10-09T23:21:00,0,23.2,35,4.31922
2025-10-09T23:24:00,0,23.1,35,4.32484
2025-10-09T23:27:00,0,23.1,35,4.32484
2025-10-09T23:30:00,0,23.2,35,4.31922
2025-10-09T23:33:00,0,23,35,4.33046
2025-10-09T23:36:00,0,23.1,35,4.32484
2025-10-09T23:39:00,0,23.3,35,4.31359
2025-10-09T23:42:00,0,23.3,35,4.31359
2025-10-09T23:45:00,0,23.4,35,4.30797
2025-10-09T23:48:00,0,23.5,35,4.30234
2025-10-09T23:51:00,0,23.7,35,4.2911
2025-10-09T23:54:00,0,23.7,35,4.2911
2025-10-09T23:57:00,0,23.6,35,4.29672
