Timestamp,Camelina01 - Weather station PARLight (µmol/m<sup>2</sup>/s),Camelina01 - Weather station RH (%),Camelina01 - Weather station Temp (°C),Camelina01 - Weather Station VPD (kPa)
2025-06-20T00:00:00,0,85.8,18,0.29285
2025-06-20T00:03:00,0,85.8,18,0.29285
2025-06-20T00:06:00,0,85.8,18,0.29285
2025-06-20T00:09:00,0,85.7,18,0.29491
2025-06-20T00:12:00,0,85.7,18,0.29491
2025-06-20T00:15:00,0,85.7,18,0.29491
2025-06-20T00:18:00,0,85.6,18,0.29698
2025-06-20T00:21:00,0,85.5,18,0.29904
2025-06-20T00:24:00,0,85.6,18,0.29698
2025-06-20T00:27:00,0,85.7,18,0.29491
2025-06-20T00:30:00,0,85.5,18,0.29904
2025-06-20T00:33:00,0,85.5,18,0.29904
2025-06-20T00:36:00,0,85.9,18,0.29079
2025-06-20T00:39:00,0,86.1,18,0.28666
2025-06-20T00:42:00,0,86.3,18,0.28254
2025-06-20T00:45:00,0,86.4,18,0.28048
2025-06-20T00:48:00,0,86.5,18,0.27841
2025-06-20T00:51:00,0,86.6,18,0.27635
2025-06-20T00:54:00,0,86.7,18,0.27429
2025-06-20T00:57:00,0,86.7,18,0.27429
2025-06-20T01:00:00,0,86.8,18,0.27223
2025-06-20T01:03:00,0,86.8,18,0.27223
2025-06-20T01:06:00,0,86.9,18,0.27017
2025-06-20T01:09:00,0,86.6,18,0.27635
2025-06-20T01:12:00,0,86.6,18,0.27635
2025-06-20T01:15:00,0,86.6,18,0.27635
2025-06-20T01:18:00,0,86.6,18,0.27635
2025-06-20T01:21:00,0,86.6,18,0.27635
2025-06-20T01:24:00,0,86.6,18,0.27635
2025-06-20T01:27:00,0,86.6,18,0.27635
2025-06-20T01:30:00,0,86.5,18,0.27841
2025-06-20T01:33:00,0,86.5,18,0.27841
2025-06-20T01:36:00,0,86.5,18,0.27841
2025-06-20T01:39:00,0,86.5,18,0.27841
2025-06-20T01:42:00,0,86.4,18,0.28048
2025-06-20T01:45:00,0,86.5,18,0.27841
2025-06-20T01:48:00,0,86.4,17,0.26332
2025-06-20T01:51:00,0,86.2,18,0.2846
2025-06-20T01:54:00,0,86.2,18,0.2846
2025-06-20T01:57:00,0,86.2,17,0.26719
2025-06-20T02:00:00,0,86.1,17,0.26913
2025-06-20T02:03:00,0,86.1,17,0.26913
2025-06-20T02:06:00,0,86.3,17,0.26525
2025-06-20T02:09:00,0,86.5,18,0.27841
2025-06-20T02:12:00,0,86.8,17,0.25557
2025-06-20T02:15:00,0,86.9,18,0.27017
2025-06-20T02:18:00,0,87,17,0.2517
2025-06-20T02:21:00,0,87,17,0.2517
2025-06-20T02:24:00,0,87.1,17,0.24977
2025-06-20T02:27:00,0,87,17,0.2517
2025-06-20T02:30:00,0,87,17,0.2517
2025-06-20T02:33:00,0,87,17,0.2517
2025-06-20T02:36:00,0,87,17,0.2517
2025-06-20T02:39:00,0,86.9,17,0.25364
2025-06-20T02:42:00,0,86.9,17,0.25364
2025-06-20T02:45:00,0,86.9,17,0.25364
2025-06-20T02:48:00,0,86.9,17,0.25364
2025-06-20T02:51:00,0,86.8,17,0.25557
2025-06-20T02:54:00,0,86.7,17,0.25751
2025-06-20T02:57:00,0,86.6,17,0.25945
2025-06-20T03:00:00,0,86.7,17,0.25751
2025-06-20T03:03:00,0,86.6,17,0.25945
2025-06-20T03:06:00,0,86.5,17,0.26138
2025-06-20T03:09:00,0,86.6,17,0.25945
2025-06-20T03:12:00,0,86.5,17,0.26138
2025-06-20T03:15:00,0,86.5,17,0.26138
2025-06-20T03:18:00,0,86.4,17,0.26332
2025-06-20T03:21:00,0,86.3,17,0.26525
2025-06-20T03:24:00,0,86.3,17,0.26525
2025-06-20T03:27:00,0,86.1,17,0.26913
2025-06-20T03:30:00,0,86.2,17,0.26719
2025-06-20T03:33:00,0,86.2,17,0.26719
2025-06-20T03:36:00,0,86.2,17,0.26719
2025-06-20T03:39:00,0,86.1,17,0.26913
2025-06-20T03:42:00,0,86.1,17,0.26913
2025-06-20T03:45:00,0,86.1,17,0.26913
2025-06-20T03:48:00,0,86.1,17,0.26913
2025-06-20T03:51:00,0,86.1,17,0.26913
2025-06-20T03:54:00,0,86,17,0.27106
2025-06-20T03:57:00,0,85.9,17,0.273
2025-06-20T04:00:00,0,85.9,17,0.273
2025-06-20T04:03:00,328,85.7,17,0.27687
2025-06-20T04:06:00,326,85,17,0.29042
2025-06-20T04:09:00,323,84.4,17,0.30204
2025-06-20T04:12:00,320,83.6,17,0.31753
2025-06-20T04:15:00,320,83,18,0.3506
2025-06-20T04:18:00,317,82.5,18,0.36091
2025-06-20T04:21:00,317,82,18,0.37122
2025-06-20T04:24:00,317,81.3,18,0.38566
2025-06-20T04:27:00,315,81.1,18,0.38978
2025-06-20T04:30:00,315,80.6,18,0.40009
2025-06-20T04:33:00,313,80.3,18,0.40628
2025-06-20T04:36:00,313,80,19,0.43913
2025-06-20T04:39:00,313,79.8,19,0.44352
2025-06-20T04:42:00,313,79.6,19,0.44791
2025-06-20T04:45:00,313,79.3,19,0.4545
2025-06-20T04:48:00,314,79,19,0.46109
2025-06-20T04:51:00,314,78.9,19,0.46328
2025-06-20T04:54:00,313,78.9,19,0.46328
2025-06-20T04:57:00,314,78.8,19,0.46548
2025-06-20T05:00:00,314,78.4,19,0.47426
2025-06-20T05:03:00,314,78.3,19,0.47646
2025-06-20T05:06:00,315,78.4,20,0.50468
2025-06-20T05:09:00,315,77.9,20,0.51636
2025-06-20T05:12:00,316,77.9,20,0.51636
2025-06-20T05:15:00,315,77.5,20,0.52571
2025-06-20T05:18:00,316,76.9,20,0.53973
2025-06-20T05:21:00,317,76.8,20,0.54206
2025-06-20T05:24:00,317,74.9,20,0.58646
2025-06-20T05:27:00,317,73.3,20,0.62384
2025-06-20T05:30:00,317,72.7,20,0.63786
2025-06-20T05:33:00,317,72.8,20,0.63552
2025-06-20T05:36:00,318,71.5,19,0.62576
2025-06-20T05:39:00,318,70.9,20,0.67992
2025-06-20T05:42:00,320,70.6,19,0.64552
2025-06-20T05:45:00,320,70.7,19,0.64333
2025-06-20T05:48:00,319,69.9,19,0.66089
2025-06-20T05:51:00,321,69.7,19,0.66528
2025-06-20T05:54:00,323,70,19,0.6587
2025-06-20T05:57:00,325,70.1,19,0.6565
2025-06-20T06:00:00,325,69.4,19,0.67187
2025-06-20T06:03:00,326,69.4,19,0.67187
2025-06-20T06:06:00,330,69.2,19,0.67626
2025-06-20T06:09:00,331,70.2,19,0.65431
2025-06-20T06:12:00,331,69.2,20,0.71964
2025-06-20T06:15:00,334,69,20,0.72431
2025-06-20T06:18:00,334,68.8,20,0.72898
2025-06-20T06:21:00,336,68.1,20,0.74534
2025-06-20T06:24:00,339,67.9,20,0.75001
2025-06-20T06:27:00,341,67.4,20,0.76169
2025-06-20T06:30:00,344,67.1,20,0.7687
2025-06-20T06:33:00,343,66.7,20,0.77805
2025-06-20T06:36:00,344,65.9,20,0.79674
2025-06-20T06:39:00,347,65.2,20,0.81309
2025-06-20T06:42:00,348,64.6,20,0.82711
2025-06-20T06:45:00,342,67.2,20,0.76637
2025-06-20T06:48:00,346,66.1,20,0.79207
2025-06-20T06:51:00,352,66.2,20,0.78973
2025-06-20T06:54:00,353,66.2,20,0.78973
2025-06-20T06:57:00,356,65.1,20,0.81543
2025-06-20T07:00:00,356,65.5,20,0.80609
2025-06-20T07:03:00,360,64.5,21,0.88223
2025-06-20T07:06:00,361,65.1,21,0.86732
2025-06-20T07:09:00,362,64.1,20,0.8388
2025-06-20T07:12:00,364,65,20,0.81777
2025-06-20T07:15:00,367,65.5,20,0.80609
2025-06-20T07:18:00,373,66,20,0.7944
2025-06-20T07:21:00,377,65.6,21,0.85489
2025-06-20T07:24:00,383,63.7,20,0.84814
2025-06-20T07:27:00,384,65.4,20,0.80842
2025-06-20T07:30:00,384,66.5,20,0.78272
2025-06-20T07:33:00,397,65.2,20,0.81309
2025-06-20T07:36:00,438,64.5,20,0.82945
2025-06-20T07:39:00,476,63.6,20,0.85048
2025-06-20T07:42:00,504,62.9,21,0.92199
2025-06-20T07:45:00,553,70.1,18,0.61664
2025-06-20T07:48:00,561,65.1,20,0.81543
2025-06-20T07:51:00,553,62.8,21,0.92448
2025-06-20T07:54:00,583,71.8,18,0.58158
2025-06-20T07:57:00,492,79.3,17,0.40079
2025-06-20T08:00:00,419,75,19,0.54891
2025-06-20T08:03:00,386,74.2,19,0.56648
2025-06-20T08:06:00,390,73.5,19,0.58185
2025-06-20T08:09:00,432,77.6,18,0.46196
2025-06-20T08:12:00,443,77.1,19,0.50281
2025-06-20T08:15:00,469,74,20,0.60748
2025-06-20T08:18:00,489,77.1,18,0.47227
2025-06-20T08:21:00,539,81.5,17,0.35819
2025-06-20T08:24:00,572,81.7,17,0.35432
2025-06-20T08:27:00,572,74.3,20,0.60048
2025-06-20T08:30:00,587,80.4,17,0.37949
2025-06-20T08:33:00,585,82.1,17,0.34657
2025-06-20T08:36:00,586,75.8,19,0.53135
2025-06-20T08:39:00,611,79.8,18,0.41659
2025-06-20T08:42:00,608,82.2,17,0.34464
2025-06-20T08:45:00,632,81.9,17,0.35045
2025-06-20T08:48:00,648,81.5,17,0.35819
2025-06-20T08:51:00,584,81.5,17,0.35819
2025-06-20T08:54:00,479,81.5,17,0.35819
2025-06-20T08:57:00,570,81.7,17,0.35432
2025-06-20T09:00:00,658,82.5,17,0.33883
2025-06-20T09:03:00,631,81.6,17,0.35625
2025-06-20T09:06:00,466,81.7,17,0.35432
2025-06-20T09:09:00,436,80.4,17,0.37949
2025-06-20T09:12:00,455,80.8,17,0.37174
2025-06-20T09:15:00,464,82.3,17,0.3427
2025-06-20T09:18:00,482,82.4,17,0.34076
2025-06-20T09:21:00,468,82.3,17,0.3427
2025-06-20T09:24:00,475,81.4,17,0.36013
2025-06-20T09:27:00,497,81,17,0.36787
2025-06-20T09:30:00,512,82,17,0.34851
2025-06-20T09:33:00,602,80.3,18,0.40628
2025-06-20T09:36:00,725,79.6,18,0.42072
2025-06-20T09:39:00,972,80.5,18,0.40215
2025-06-20T09:42:00,797,79.5,18,0.42278
2025-06-20T09:45:00,931,80.1,18,0.4104
2025-06-20T09:48:00,706,79.4,18,0.42484
2025-06-20T09:51:00,608,78.9,18,0.43515
2025-06-20T09:54:00,613,79.6,18,0.42072
2025-06-20T09:57:00,543,80.4,18,0.40422
2025-06-20T10:00:00,509,80.1,18,0.4104
2025-06-20T10:03:00,524,80.3,18,0.40628
2025-06-20T10:06:00,504,80.3,18,0.40628
2025-06-20T10:09:00,526,80,18,0.41247
2025-06-20T10:12:00,541,79.9,18,0.41453
2025-06-20T10:15:00,605,79.7,18,0.41865
2025-06-20T10:18:00,927,80.6,18,0.40009
2025-06-20T10:21:00,898,80.4,18,0.40422
2025-06-20T10:24:00,579,80.7,18,0.39803
2025-06-20T10:27:00,686,79.8,18,0.41659
2025-06-20T10:30:00,693,79.8,18,0.41659
2025-06-20T10:33:00,907,78.4,18,0.44546
2025-06-20T10:36:00,791,80.3,19,0.43254
2025-06-20T10:39:00,892,79.2,18,0.42897
2025-06-20T10:42:00,838,78.6,18,0.44134
2025-06-20T10:45:00,783,78.2,19,0.47865
2025-06-20T10:48:00,591,78.2,18,0.44959
2025-06-20T10:51:00,575,77.8,18,0.45784
2025-06-20T10:54:00,575,78.6,19,0.46987
2025-06-20T10:57:00,567,78.6,19,0.46987
2025-06-20T11:00:00,568,78,19,0.48304
2025-06-20T11:03:00,561,76.2,19,0.52257
2025-06-20T11:06:00,566,75.7,19,0.53354
2025-06-20T11:09:00,542,76,19,0.52696
2025-06-20T11:12:00,561,75.8,18,0.49908
2025-06-20T11:15:00,531,77.2,19,0.50061
2025-06-20T11:18:00,546,77.1,19,0.50281
2025-06-20T11:21:00,563,77.3,19,0.49841
2025-06-20T11:24:00,549,77.5,19,0.49402
2025-06-20T11:27:00,532,76.5,19,0.51598
2025-06-20T11:30:00,555,76,19,0.52696
2025-06-20T11:33:00,523,75.8,19,0.53135
2025-06-20T11:36:00,550,76.3,19,0.52037
2025-06-20T11:39:00,532,75.2,19,0.54452
2025-06-20T11:42:00,528,75,19,0.54891
2025-06-20T11:45:00,531,74.6,19,0.5577
2025-06-20T11:48:00,523,74.7,19,0.5555
2025-06-20T11:51:00,504,75.7,19,0.53354
2025-06-20T11:54:00,517,75.5,19,0.53794
2025-06-20T11:57:00,523,75.4,19,0.54013
2025-06-20T12:00:00,523,74.5,20,0.5958
2025-06-20T12:03:00,523,74,19,0.57087
2025-06-20T12:06:00,513,74.6,19,0.5577
2025-06-20T12:09:00,549,73.6,19,0.57965
2025-06-20T12:12:00,521,72.4,19,0.606
2025-06-20T12:15:00,512,73.5,19,0.58185
2025-06-20T12:18:00,512,73.6,19,0.57965
2025-06-20T12:21:00,495,73,19,0.59283
2025-06-20T12:24:00,500,74.5,19,0.55989
2025-06-20T12:27:00,506,73.6,20,0.61683
2025-06-20T12:30:00,516,73.6,20,0.61683
2025-06-20T12:33:00,549,72.4,19,0.606
2025-06-20T12:36:00,432,75,19,0.54891
2025-06-20T12:39:00,519,73.9,20,0.60982
2025-06-20T12:42:00,540,74.2,20,0.60281
2025-06-20T12:45:00,463,73.4,19,0.58404
2025-06-20T12:48:00,536,73,20,0.63085
2025-06-20T12:51:00,519,73.1,20,0.62851
2025-06-20T12:54:00,559,73.2,20,0.62618
2025-06-20T12:57:00,545,72.6,19,0.60161
2025-06-20T13:00:00,539,73.6,19,0.57965
2025-06-20T13:03:00,542,72.6,20,0.6402
2025-06-20T13:06:00,547,72.3,20,0.6472
2025-06-20T13:09:00,509,72,19,0.61478
2025-06-20T13:12:00,505,72.6,19,0.60161
2025-06-20T13:15:00,490,73.3,20,0.62384
2025-06-20T13:18:00,528,72.3,19,0.6082
2025-06-20T13:21:00,493,73.3,19,0.58624
2025-06-20T13:24:00,528,72.2,19,0.61039
2025-06-20T13:27:00,519,71.1,19,0.63455
2025-06-20T13:30:00,525,72.3,19,0.6082
2025-06-20T13:33:00,526,71.3,19,0.63015
2025-06-20T13:36:00,528,71.1,19,0.63455
2025-06-20T13:39:00,510,72.8,19,0.59722
2025-06-20T13:42:00,504,72.8,19,0.59722
2025-06-20T13:45:00,498,71.7,19,0.62137
2025-06-20T13:48:00,497,72.2,19,0.61039
2025-06-20T13:51:00,496,72,19,0.61478
2025-06-20T13:54:00,498,72.2,19,0.61039
2025-06-20T13:57:00,499,73.2,19,0.58844
2025-06-20T14:00:00,501,73.2,19,0.58844
2025-06-20T14:03:00,501,73.1,19,0.59063
2025-06-20T14:06:00,502,73.3,19,0.58624
2025-06-20T14:09:00,483,72.5,19,0.60381
2025-06-20T14:12:00,470,72.3,19,0.6082
2025-06-20T14:15:00,464,73.2,19,0.58844
2025-06-20T14:18:00,460,72.8,19,0.59722
2025-06-20T14:21:00,471,73.8,19,0.57526
2025-06-20T14:24:00,476,73.3,19,0.58624
2025-06-20T14:27:00,482,73.3,19,0.58624
2025-06-20T14:30:00,486,72.9,19,0.59502
2025-06-20T14:33:00,501,72.8,19,0.59722
2025-06-20T14:36:00,500,72.8,19,0.59722
2025-06-20T14:39:00,537,73.7,19,0.57746
2025-06-20T14:42:00,501,72.9,19,0.59502
2025-06-20T14:45:00,523,73.9,19,0.57307
2025-06-20T14:48:00,527,72.2,19,0.61039
2025-06-20T14:51:00,513,72.3,19,0.6082
2025-06-20T14:54:00,528,72.7,19,0.59941
2025-06-20T14:57:00,493,73.6,19,0.57965
2025-06-20T15:00:00,491,73.2,19,0.58844
2025-06-20T15:03:00,471,73.4,19,0.58404
2025-06-20T15:06:00,444,72.8,19,0.59722
2025-06-20T15:09:00,441,73.9,19,0.57307
2025-06-20T15:12:00,404,73.3,19,0.58624
2025-06-20T15:15:00,380,74.3,19,0.56428
2025-06-20T15:18:00,368,73.4,19,0.58404
2025-06-20T15:21:00,365,74.3,18,0.53002
2025-06-20T15:24:00,358,74.3,19,0.56428
2025-06-20T15:27:00,353,74.7,19,0.5555
2025-06-20T15:30:00,350,74.1,18,0.53414
2025-06-20T15:33:00,349,74.7,18,0.52177
2025-06-20T15:36:00,359,75.4,18,0.50733
2025-06-20T15:39:00,369,74.7,18,0.52177
2025-06-20T15:42:00,372,74.6,18,0.52383
2025-06-20T15:45:00,380,75,18,0.51558
2025-06-20T15:48:00,383,75.4,18,0.50733
2025-06-20T15:51:00,391,75.4,18,0.50733
2025-06-20T15:54:00,404,75,18,0.51558
2025-06-20T15:57:00,419,75.4,18,0.50733
2025-06-20T16:00:00,429,75.3,18,0.5094
2025-06-20T16:03:00,449,75.6,18,0.50321
2025-06-20T16:06:00,477,75,18,0.51558
2025-06-20T16:09:00,469,75.1,18,0.51352
2025-06-20T16:12:00,471,74.7,18,0.52177
2025-06-20T16:15:00,467,74.6,18,0.52383
2025-06-20T16:18:00,367,76.2,18,0.49084
2025-06-20T16:21:00,343,75.6,18,0.50321
2025-06-20T16:24:00,329,76.1,18,0.4929
2025-06-20T16:27:00,327,76.9,18,0.4764
2025-06-20T16:30:00,328,77,18,0.47434
2025-06-20T16:33:00,330,76.4,18,0.48671
2025-06-20T16:36:00,335,77.5,18,0.46402
2025-06-20T16:39:00,342,77.6,18,0.46196
2025-06-20T16:42:00,346,77.6,18,0.46196
2025-06-20T16:45:00,346,77.7,18,0.4599
2025-06-20T16:48:00,348,77.8,18,0.45784
2025-06-20T16:51:00,343,77.5,18,0.46402
2025-06-20T16:54:00,339,77.5,18,0.46402
2025-06-20T16:57:00,343,77.4,18,0.46609
2025-06-20T17:00:00,346,77.3,18,0.46815
2025-06-20T17:03:00,347,78.1,17,0.42402
2025-06-20T17:06:00,350,78.2,18,0.44959
2025-06-20T17:09:00,364,77.3,18,0.46815
2025-06-20T17:12:00,369,77.3,18,0.46815
2025-06-20T17:15:00,366,78.1,18,0.45165
2025-06-20T17:18:00,365,77.8,18,0.45784
2025-06-20T17:21:00,364,78.1,18,0.45165
2025-06-20T17:24:00,361,76.8,18,0.47846
2025-06-20T17:27:00,358,77.8,18,0.45784
2025-06-20T17:30:00,360,77.8,18,0.45784
2025-06-20T17:33:00,360,78,18,0.45371
2025-06-20T17:36:00,359,77.6,18,0.46196
2025-06-20T17:39:00,361,77.3,18,0.46815
2025-06-20T17:42:00,361,77.1,18,0.47227
2025-06-20T17:45:00,361,77.5,18,0.46402
2025-06-20T17:48:00,355,77.6,18,0.46196
2025-06-20T17:51:00,353,77.1,18,0.47227
2025-06-20T17:54:00,350,77.4,18,0.46609
2025-06-20T17:57:00,350,77.8,18,0.45784
2025-06-20T18:00:00,351,77.4,17,0.43757
2025-06-20T18:03:00,358,78.6,17,0.41434
2025-06-20T18:06:00,366,77.6,18,0.46196
2025-06-20T18:09:00,378,76.4,18,0.48671
2025-06-20T18:12:00,391,77.8,18,0.45784
2025-06-20T18:15:00,389,76.8,18,0.47846
2025-06-20T18:18:00,389,76.9,17,0.44725
2025-06-20T18:21:00,380,77.1,18,0.47227
2025-06-20T18:24:00,370,77.3,18,0.46815
2025-06-20T18:27:00,370,77.9,18,0.45578
2025-06-20T18:30:00,366,76.7,18,0.48052
2025-06-20T18:33:00,356,77.6,18,0.46196
2025-06-20T18:36:00,351,77,17,0.44532
2025-06-20T18:39:00,350,77.5,17,0.43564
2025-06-20T18:42:00,344,77.2,17,0.44145
2025-06-20T18:45:00,345,77.4,17,0.43757
2025-06-20T18:48:00,347,76.8,17,0.44919
2025-06-20T18:51:00,348,77.3,17,0.43951
2025-06-20T18:54:00,350,78.1,17,0.42402
2025-06-20T18:57:00,343,78,17,0.42596
2025-06-20T19:00:00,338,77.7,17,0.43176
2025-06-20T19:03:00,338,78.3,18,0.44753
2025-06-20T19:06:00,339,78.7,18,0.43928
2025-06-20T19:09:00,336,78.2,18,0.44959
2025-06-20T19:12:00,335,79.2,17,0.40272
2025-06-20T19:15:00,330,78.5,17,0.41628
2025-06-20T19:18:00,328,79.6,18,0.42072
2025-06-20T19:21:00,332,78,18,0.45371
2025-06-20T19:24:00,338,77.8,17,0.42983
2025-06-20T19:27:00,334,78.2,18,0.44959
2025-06-20T19:30:00,329,78.4,18,0.44546
2025-06-20T19:33:00,325,78.5,17,0.41628
2025-06-20T19:36:00,322,77,18,0.47434
2025-06-20T19:39:00,320,78,17,0.42596
2025-06-20T19:42:00,319,78.8,18,0.43721
2025-06-20T19:45:00,319,75.6,19,0.53574
2025-06-20T19:48:00,321,75,18,0.51558
2025-06-20T19:51:00,320,77.1,18,0.47227
2025-06-20T19:54:00,319,74.5,19,0.55989
2025-06-20T19:57:00,319,73.9,19,0.57307
2025-06-20T20:00:00,317,73.3,19,0.58624
2025-06-20T20:03:00,13,72.6,19,0.60161
2025-06-20T20:06:00,10,73.1,19,0.59063
2025-06-20T20:09:00,10,72.5,19,0.60381
2025-06-20T20:12:00,9,72.5,19,0.60381
2025-06-20T20:15:00,0,70.7,19,0.64333
2025-06-20T20:18:00,0,72.7,19,0.59941
2025-06-20T20:21:00,0,72.9,19,0.59502
2025-06-20T20:24:00,0,73.1,19,0.59063
2025-06-20T20:27:00,0,73.1,19,0.59063
2025-06-20T20:30:00,0,70.9,19,0.63894
2025-06-20T20:33:00,0,70.2,19,0.65431
2025-06-20T20:36:00,0,68.1,19,0.70041
2025-06-20T20:39:00,0,70.5,19,0.64772
2025-06-20T20:42:00,0,73,19,0.59283
2025-06-20T20:45:00,0,73.8,19,0.57526
2025-06-20T20:48:00,0,73.5,19,0.58185
2025-06-20T20:51:00,0,72.9,19,0.59502
2025-06-20T20:54:00,0,73.2,19,0.58844
2025-06-20T20:57:00,0,73.4,19,0.58404
2025-06-20T21:00:00,0,75.7,19,0.53354
2025-06-20T21:03:00,0,74.3,19,0.56428
2025-06-20T21:06:00,0,74,19,0.57087
2025-06-20T21:09:00,0,74.1,19,0.56868
2025-06-20T21:12:00,0,73.5,19,0.58185
2025-06-20T21:15:00,0,73.5,19,0.58185
2025-06-20T21:18:00,0,75,19,0.54891
2025-06-20T21:21:00,0,75.2,19,0.54452
2025-06-20T21:24:00,0,74,19,0.57087
2025-06-20T21:27:00,0,73.8,19,0.57526
2025-06-20T21:30:00,0,74.9,19,0.55111
2025-06-20T21:33:00,0,75.4,19,0.54013
2025-06-20T21:36:00,0,77.2,19,0.50061
2025-06-20T21:39:00,0,74.4,19,0.56209
2025-06-20T21:42:00,0,76.3,19,0.52037
2025-06-20T21:45:00,0,76.8,19,0.50939
2025-06-20T21:48:00,0,75.2,19,0.54452
2025-06-20T21:51:00,0,73.2,19,0.58844
2025-06-20T21:54:00,0,71.9,19,0.61698
2025-06-20T21:57:00,0,70.9,19,0.63894
2025-06-20T22:00:00,0,74.9,19,0.55111
2025-06-20T22:03:00,0,72.4,19,0.606
2025-06-20T22:06:00,0,71.3,19,0.63015
2025-06-20T22:09:00,0,77.2,19,0.50061
2025-06-20T22:12:00,0,74.2,19,0.56648
2025-06-20T22:15:00,0,72.3,19,0.6082
2025-06-20T22:18:00,0,72.3,19,0.6082
2025-06-20T22:21:00,0,72,19,0.61478
2025-06-20T22:24:00,0,76.3,19,0.52037
2025-06-20T22:27:00,0,74.3,19,0.56428
2025-06-20T22:30:00,0,73.8,19,0.57526
2025-06-20T22:33:00,0,73.1,19,0.59063
2025-06-20T22:36:00,0,72.8,19,0.59722
2025-06-20T22:39:00,0,71.9,19,0.61698
2025-06-20T22:42:00,0,72.1,19,0.61259
2025-06-20T22:45:00,0,72,19,0.61478
2025-06-20T22:48:00,0,72,19,0.61478
2025-06-20T22:51:00,0,71.8,19,0.61918
2025-06-20T22:54:00,0,71.7,19,0.62137
2025-06-20T22:57:00,0,71.5,19,0.62576
2025-06-20T23:00:00,0,71.3,19,0.63015
2025-06-20T23:03:00,0,71.2,19,0.63235
2025-06-20T23:06:00,0,72.7,19,0.59941
2025-06-20T23:09:00,0,73.8,19,0.57526
2025-06-20T23:12:00,0,74.3,19,0.56428
2025-06-20T23:15:00,0,74.8,19,0.55331
2025-06-20T23:18:00,0,75,19,0.54891
2025-06-20T23:21:00,0,75.4,19,0.54013
2025-06-20T23:24:00,0,75.5,19,0.53794
2025-06-20T23:27:00,0,75.3,19,0.54233
2025-06-20T23:30:00,0,75.1,19,0.54672
2025-06-20T23:33:00,0,75.1,19,0.54672
2025-06-20T23:36:00,0,74.8,19,0.55331
2025-06-20T23:39:00,0,74.6,19,0.5577
2025-06-20T23:42:00,0,74.3,19,0.56428
2025-06-20T23:45:00,0,74.2,19,0.56648
2025-06-20T23:48:00,0,73.9,19,0.57307
2025-06-20T23:51:00,0,73.8,19,0.57526
2025-06-20T23:54:00,0,73.6,19,0.57965
2025-06-20T23:57:00,0,73.5,19,0.58185
2025-06-21T00:00:00,0,73.4,19,0.58404
2025-06-21T00:03:00,0,73.3,19,0.58624
2025-06-21T00:06:00,0,73,19,0.59283
2025-06-21T00:09:00,0,72.8,19,0.59722
2025-06-21T00:12:00,0,72.8,19,0.59722
2025-06-21T00:15:00,0,72.8,19,0.59722
2025-06-21T00:18:00,0,72.9,19,0.59502
2025-06-21T00:21:00,0,73.1,19,0.59063
2025-06-21T00:24:00,0,73.9,19,0.57307
2025-06-21T00:27:00,0,75.2,19,0.54452
2025-06-21T00:30:00,0,75.4,19,0.54013
2025-06-21T00:33:00,0,76.2,19,0.52257
2025-06-21T00:36:00,0,77.6,19,0.49183
2025-06-21T00:39:00,0,79.2,19,0.4567
2025-06-21T00:42:00,0,80.2,19,0.43474
2025-06-21T00:45:00,0,81.1,19,0.41498
2025-06-21T00:48:00,0,82.3,19,0.38863
2025-06-21T00:51:00,0,83,19,0.37326
2025-06-21T00:54:00,0,83.7,19,0.35789
2025-06-21T00:57:00,0,84.2,19,0.34691
2025-06-21T01:00:00,0,84.6,19,0.33813
2025-06-21T01:03:00,0,84.8,19,0.33374
2025-06-21T01:06:00,0,85.1,19,0.32715
2025-06-21T01:09:00,0,85.3,19,0.32276
2025-06-21T01:12:00,0,85.5,19,0.31837
2025-06-21T01:15:00,0,85.8,19,0.31178
2025-06-21T01:18:00,0,85.9,19,0.30959
2025-06-21T01:21:00,0,86.1,19,0.3052
2025-06-21T01:24:00,0,86.2,19,0.303
2025-06-21T01:27:00,0,86.3,19,0.30081
2025-06-21T01:30:00,0,86.35,19,0.29971
2025-06-21T01:33:00,0,86.4,19,0.29861
2025-06-21T01:36:00,0,86.5,19,0.29641
2025-06-21T01:39:00,0,86.5,19,0.29641
2025-06-21T01:42:00,0,86.6,19,0.29422
2025-06-21T01:45:00,0,86.7,19,0.29202
2025-06-21T01:48:00,0,86.7,19,0.29202
2025-06-21T01:51:00,0,86.7,19,0.29202
2025-06-21T01:54:00,0,86.8,19,0.28983
2025-06-21T01:57:00,0,86.9,19,0.28763
2025-06-21T02:00:00,0,87,19,0.28544
2025-06-21T02:03:00,0,87.1,19,0.28324
2025-06-21T02:06:00,0,87.3,19,0.27885
2025-06-21T02:09:00,0,87.5,19,0.27446
2025-06-21T02:12:00,0,87.6,19,0.27226
2025-06-21T02:15:00,0,87.8,19,0.26787
2025-06-21T02:18:00,0,87.9,19,0.26567
2025-06-21T02:21:00,0,88,19,0.26348
2025-06-21T02:24:00,0,88.1,19,0.26128
2025-06-21T02:27:00,0,88.2,19,0.25909
2025-06-21T02:30:00,0,88.2,19,0.25909
2025-06-21T02:33:00,0,88.2,19,0.25909
2025-06-21T02:36:00,0,88.2,19,0.25909
2025-06-21T02:39:00,0,88.2,19,0.25909
2025-06-21T02:42:00,0,88.2,19,0.25909
2025-06-21T02:45:00,0,88.3,19,0.25689
2025-06-21T02:48:00,0,88.2,19,0.25909
2025-06-21T02:51:00,0,88.2,19,0.25909
2025-06-21T02:54:00,0,88.1,19,0.26128
2025-06-21T02:57:00,0,88.1,19,0.26128
2025-06-21T03:00:00,0,88,19,0.26348
2025-06-21T03:03:00,0,88,19,0.26348
2025-06-21T03:06:00,0,88,19,0.26348
2025-06-21T03:09:00,0,88,19,0.26348
2025-06-21T03:12:00,0,87.9,19,0.26567
2025-06-21T03:15:00,0,87.9,19,0.26567
2025-06-21T03:18:00,0,87.8,19,0.26787
2025-06-21T03:21:00,0,87.8,19,0.26787
2025-06-21T03:24:00,0,87.7,19,0.27007
2025-06-21T03:27:00,0,87.6,19,0.27226
2025-06-21T03:30:00,0,87.7,19,0.27007
2025-06-21T03:33:00,0,87.7,19,0.27007
2025-06-21T03:36:00,0,87.6,19,0.27226
2025-06-21T03:39:00,0,87.5,19,0.27446
2025-06-21T03:42:00,0,87.5,19,0.27446
2025-06-21T03:45:00,0,87.4,19,0.27665
2025-06-21T03:48:00,0,87.3,19,0.27885
2025-06-21T03:51:00,0,87.3,19,0.27885
2025-06-21T03:54:00,0,87.3,19,0.27885
2025-06-21T03:57:00,0,87.2,19,0.28104
2025-06-21T04:00:00,0,87.2,19,0.28104
2025-06-21T04:03:00,330,86.7,19,0.29202
2025-06-21T04:06:00,327,86.2,19,0.303
2025-06-21T04:09:00,326,85.4,19,0.32057
2025-06-21T04:12:00,324,84.7,19,0.33594
2025-06-21T04:15:00,320,84.1,20,0.3715
2025-06-21T04:18:00,320,83.3,20,0.39019
2025-06-21T04:21:00,319,81.3,20,0.43692
2025-06-21T04:24:00,317,78.6,20,0.50001
2025-06-21T04:27:00,316,77.4,20,0.52804
2025-06-21T04:30:00,316,74.7,20,0.59113
2025-06-21T04:33:00,316,72.5,20,0.64253
2025-06-21T04:36:00,314,71.4,20,0.66823
2025-06-21T04:39:00,314,69.9,20,0.70328
2025-06-21T04:42:00,315,69.4,20,0.71496
2025-06-21T04:45:00,313,68.8,20,0.72898
2025-06-21T04:48:00,313,67.9,20,0.75001
2025-06-21T04:51:00,314,67.9,20,0.75001
2025-06-21T04:54:00,313,67.4,20,0.76169
2025-06-21T04:57:00,313,68.4,20,0.73833
2025-06-21T05:00:00,312,68.4,20,0.73833
2025-06-21T05:03:00,311,67.7,20,0.75468
2025-06-21T05:06:00,312,68.4,20,0.73833
2025-06-21T05:09:00,313,67.5,20,0.75936
2025-06-21T05:12:00,312,65.9,20,0.79674
2025-06-21T05:15:00,312,66.2,20,0.78973
2025-06-21T05:18:00,312,66.5,20,0.78272
2025-06-21T05:21:00,312,66.1,20,0.79207
2025-06-21T05:24:00,312,65.1,20,0.81543
2025-06-21T05:27:00,312,65.9,19,0.74872
2025-06-21T05:30:00,312,66.2,20,0.78973
2025-06-21T05:33:00,314,66.3,20,0.78739
2025-06-21T05:36:00,313,67.3,20,0.76403
2025-06-21T05:39:00,312,67.9,20,0.75001
2025-06-21T05:42:00,314,67.2,20,0.76637
2025-06-21T05:45:00,313,66.3,20,0.78739
2025-06-21T05:48:00,314,66.3,19,0.73994
2025-06-21T05:51:00,313,65.8,19,0.75091
2025-06-21T05:54:00,315,65.9,20,0.79674
2025-06-21T05:57:00,313,66.8,20,0.77571
2025-06-21T06:00:00,313,67.1,19,0.72237
2025-06-21T06:03:00,315,65.9,20,0.79674
2025-06-21T06:06:00,314,65.3,19,0.76189
2025-06-21T06:09:00,314,65,20,0.81777
2025-06-21T06:12:00,314,63.5,19,0.80142
2025-06-21T06:15:00,314,63.7,19,0.79702
2025-06-21T06:18:00,314.5,63.65,19.5,0.82337
2025-06-21T06:21:00,315,63.6,20,0.85048
2025-06-21T06:24:00,314,63.3,19,0.80581
2025-06-21T06:27:00,313,63,20,0.8645
2025-06-21T06:30:00,313,60.7,19,0.86289
2025-06-21T06:33:00,313,61.3,19,0.84972
2025-06-21T06:36:00,315,60.9,19,0.8585
2025-06-21T06:39:00,315,60.9,19,0.8585
2025-06-21T06:42:00,316,61.5,19,0.84533
2025-06-21T06:45:00,316,62,19,0.83435
2025-06-21T06:48:00,315,61.6,19,0.84313
2025-06-21T06:51:00,316,60.8,19,0.8607
2025-06-21T06:54:00,316,59.4,19,0.89144
2025-06-21T06:57:00,315,59.9,19,0.88046
2025-06-21T07:00:00,315,59.3,19,0.89363
2025-06-21T07:03:00,317,59,20,0.95796
2025-06-21T07:06:00,319,58.3,19,0.91559
2025-06-21T07:09:00,318,58.5,19,0.9112
2025-06-21T07:12:00,319,58.3,19,0.91559
2025-06-21T07:15:00,316,58.4,19,0.91339
2025-06-21T07:18:00,317,59.2,19,0.89583
2025-06-21T07:21:00,316,59,19,0.90022
2025-06-21T07:24:00,316,58.7,19,0.90681
2025-06-21T07:27:00,316,58.3,19,0.91559
2025-06-21T07:30:00,322,58,19,0.92218
2025-06-21T07:33:00,322,58.1,19,0.91998
2025-06-21T07:36:00,324,58.1,19,0.91998
2025-06-21T07:39:00,329,58.6,19,0.909
2025-06-21T07:42:00,327,59,19,0.90022
2025-06-21T07:45:00,326,58.4,19,0.91339
2025-06-21T07:48:00,323,58.1,19,0.91998
2025-06-21T07:51:00,322,57.6,19,0.93096
2025-06-21T07:54:00,322,57.1,19,0.94194
2025-06-21T07:57:00,323,56.8,19,0.94852
2025-06-21T08:00:00,321,56.8,19,0.94852
2025-06-21T08:03:00,323,56.3,19,0.9595
2025-06-21T08:06:00,323,55.8,19,0.97048
2025-06-21T08:09:00,324,55.4,19,0.97926
2025-06-21T08:12:00,325,55,19,0.98805
2025-06-21T08:15:00,327,54.8,19,0.99244
2025-06-21T08:18:00,326,54.4,19,1.00122
2025-06-21T08:21:00,326,54.5,19,0.99902
2025-06-21T08:24:00,330,54.2,19,1.00561
2025-06-21T08:27:00,334,54.1,19,1.00781
2025-06-21T08:30:00,339,53.9,19,1.0122
2025-06-21T08:33:00,342,53.9,19,1.0122
2025-06-21T08:36:00,337,54.2,19,1.00561
2025-06-21T08:39:00,335,53.7,19,1.01659
2025-06-21T08:42:00,331,53.8,19,1.01439
2025-06-21T08:45:00,330,54,19,1.01
2025-06-21T08:48:00,330,53.7,19,1.01659
2025-06-21T08:51:00,329,53.3,19,1.02537
2025-06-21T08:54:00,332,53.3,19,1.02537
2025-06-21T08:57:00,334,53.9,19,1.0122
2025-06-21T09:00:00,331,53.5,19,1.02098
2025-06-21T09:03:00,328,54.9,19,0.99024
2025-06-21T09:06:00,330,54.8,19,0.99244
2025-06-21T09:09:00,334,54.3,19,1.00342
2025-06-21T09:12:00,339,53.7,19,1.01659
2025-06-21T09:15:00,342,53.8,19,1.01439
2025-06-21T09:18:00,342,53.3,19,1.02537
2025-06-21T09:21:00,345,54,19,1.01
2025-06-21T09:24:00,350,54.3,19,1.00342
2025-06-21T09:27:00,349,54,19,1.01
2025-06-21T09:30:00,350,53.7,20,1.08179
2025-06-21T09:33:00,347,54.3,19,1.00342
2025-06-21T09:36:00,350,54,19,1.01
2025-06-21T09:39:00,352,55,19,0.98805
2025-06-21T09:42:00,359,55.2,19,0.98365
2025-06-21T09:45:00,353,54.5,19,0.99902
2025-06-21T09:48:00,345,55.6,19,0.97487
2025-06-21T09:51:00,344,55.2,19,0.98365
2025-06-21T09:54:00,343.5,55.65,19,0.97377
2025-06-21T09:57:00,343,56.1,19,0.96389
2025-06-21T10:00:00,362,55.6,19,0.97487
2025-06-21T10:03:00,368,55.2,19,0.98365
2025-06-21T10:06:00,367,55.6,19,0.97487
2025-06-21T10:09:00,361,55,19,0.98805
2025-06-21T10:12:00,345,55.8,19,0.97048
2025-06-21T10:15:00,343,56,19,0.96609
2025-06-21T10:18:00,348,55.8,19,0.97048
2025-06-21T10:21:00,353,56.4,19,0.95731
2025-06-21T10:24:00,352,57,19,0.94413
2025-06-21T10:27:00,351,57.5,19,0.93315
2025-06-21T10:30:00,347,57.4,19,0.93535
2025-06-21T10:33:00,345,57.4,19,0.93535
2025-06-21T10:36:00,342,57.8,19,0.92657
2025-06-21T10:39:00,339,58.2,19,0.91778
2025-06-21T10:42:00,336,57.8,19,0.92657
2025-06-21T10:45:00,339,58.1,19,0.91998
2025-06-21T10:48:00,349,58.4,20,0.97198
2025-06-21T10:51:00,353,59.7,19,0.88485
2025-06-21T10:54:00,357,59.7,19,0.88485
2025-06-21T10:57:00,358,60.8,19,0.8607
2025-06-21T11:00:00,361,60.8,20,0.9159
2025-06-21T11:03:00,367,62.2,20,0.88319
2025-06-21T11:06:00,365,63.4,20,0.85515
2025-06-21T11:09:00,367,64,20,0.84113
2025-06-21T11:12:00,371,63.6,20,0.85048
2025-06-21T11:15:00,374,63.7,19,0.79702
2025-06-21T11:18:00,369,62.8,19,0.81678
2025-06-21T11:21:00,363,63.4,20,0.85515
2025-06-21T11:24:00,361,64.3,19,0.78385
2025-06-21T11:27:00,360,64.8,20,0.82244
2025-06-21T11:30:00,347,64.3,19,0.78385
2025-06-21T11:33:00,331,63.1,19,0.8102
2025-06-21T11:36:00,326,64.8,19,0.77287
2025-06-21T11:39:00,340,64.1,19,0.78824
2025-06-21T11:42:00,331,63,19,0.81239
2025-06-21T11:45:00,336,62.8,19,0.81678
2025-06-21T11:48:00,340,64.3,19,0.78385
2025-06-21T11:51:00,344,65.8,20,0.79908
2025-06-21T11:54:00,349,66.6,20,0.78038
2025-06-21T11:57:00,347,65.2,19,0.76409
2025-06-21T12:00:00,336,64.7,19,0.77507
2025-06-21T12:03:00,348,63.9,20,0.84347
2025-06-21T12:06:00,353,64.6,20,0.82711
2025-06-21T12:09:00,352,65.5,20,0.80609
2025-06-21T12:12:00,356,65.9,20,0.79674
2025-06-21T12:15:00,358,64.5,20,0.82945
2025-06-21T12:18:00,356,64.4,19,0.78165
2025-06-21T12:21:00,355,64.8,20,0.82244
2025-06-21T12:24:00,354,65.2,20,0.81309
2025-06-21T12:27:00,347,65.1,20,0.81543
2025-06-21T12:30:00,348,64.4,20,0.83179
2025-06-21T12:33:00,337,64.8,19,0.77287
2025-06-21T12:36:00,338,65.2,19,0.76409
2025-06-21T12:39:00,335,66.1,19,0.74433
2025-06-21T12:42:00,343,64.4,19,0.78165
2025-06-21T12:45:00,338,64.4,19,0.78165
2025-06-21T12:48:00,331,63.9,20,0.84347
2025-06-21T12:51:00,347,63.7,20,0.84814
2025-06-21T12:54:00,344,64.9,20,0.8201
2025-06-21T12:57:00,341,65.2,20,0.81309
2025-06-21T13:00:00,344,64.3,19,0.78385
2025-06-21T13:03:00,342,64.5,20,0.82945
2025-06-21T13:06:00,347,62.7,19,0.81898
2025-06-21T13:09:00,344,63.2,19,0.808
2025-06-21T13:12:00,347,62.9,20,0.86683
2025-06-21T13:15:00,350,63.3,20,0.85749
2025-06-21T13:18:00,355,65.1,20,0.81543
2025-06-21T13:21:00,364,65.3,20,0.81076
2025-06-21T13:24:00,364,64.4,20,0.83179
2025-06-21T13:27:00,366,63.4,19,0.80361
2025-06-21T13:30:00,361,63.5,19,0.80142
2025-06-21T13:33:00,359,62.6,19,0.82118
2025-06-21T13:36:00,367,62.6,19,0.82118
2025-06-21T13:39:00,369,62.3,19,0.82776
2025-06-21T13:42:00,372,62,19,0.83435
2025-06-21T13:45:00,367,61.9,19,0.83655
2025-06-21T13:48:00,366,61.5,19,0.84533
2025-06-21T13:51:00,363,61.4,19,0.84752
2025-06-21T13:54:00,361,62.1,19,0.83215
2025-06-21T13:57:00,354,62.3,19,0.82776
2025-06-21T14:00:00,350,61,19,0.85631
2025-06-21T14:03:00,353,61.3,19,0.84972
2025-06-21T14:06:00,361,61.1,20,0.90889
2025-06-21T14:09:00,363,62.5,20,0.87618
2025-06-21T14:12:00,370,62.6,20,0.87384
2025-06-21T14:15:00,368,62.6,20,0.87384
2025-06-21T14:18:00,369,62,19,0.83435
2025-06-21T14:21:00,367,61.4,19,0.84752
2025-06-21T14:24:00,366,61.1,19,0.85411
2025-06-21T14:27:00,365,60.8,19,0.8607
2025-06-21T14:30:00,363,60.7,19,0.86289
2025-06-21T14:33:00,361,60.3,19,0.87168
2025-06-21T14:36:00,357,60.1,19,0.87607
2025-06-21T14:39:00,359,60.5,19,0.86728
2025-06-21T14:42:00,356,60.1,19,0.87607
2025-06-21T14:45:00,356,60.1,19,0.87607
2025-06-21T14:48:00,358,60.1,19,0.87607
2025-06-21T14:51:00,359,60.2,19,0.87387
2025-06-21T14:54:00,360,60.2,19,0.87387
2025-06-21T14:57:00,354,60.1,19,0.87607
2025-06-21T15:00:00,361,60.1,19,0.87607
2025-06-21T15:03:00,369,60.2,19,0.87387
2025-06-21T15:06:00,386,60.1,19,0.87607
2025-06-21T15:09:00,424,60.5,19,0.86728
2025-06-21T15:12:00,422,61.2,19,0.85192
2025-06-21T15:15:00,410,61.4,19,0.84752
2025-06-21T15:18:00,396,61.5,19,0.84533
2025-06-21T15:21:00,404,61.6,19,0.84313
2025-06-21T15:24:00,400,61.8,19,0.83874
2025-06-21T15:27:00,416,60.7,20,0.91824
2025-06-21T15:30:00,396,61.7,19,0.84094
2025-06-21T15:33:00,391,62,19,0.83435
2025-06-21T15:36:00,413,61.6,20,0.89721
2025-06-21T15:39:00,400,61.3,20,0.90422
2025-06-21T15:42:00,403,62,19,0.83435
2025-06-21T15:45:00,384,61.9,19,0.83655
2025-06-21T15:48:00,382,62.6,20,0.87384
2025-06-21T15:51:00,391,62,19,0.83435
2025-06-21T15:54:00,389,61.1,19,0.85411
2025-06-21T15:57:00,381,61,19,0.85631
2025-06-21T16:00:00,367,61.7,19,0.84094
2025-06-21T16:03:00,366,62.4,19,0.82557
2025-06-21T16:06:00,357,61.4,19,0.84752
2025-06-21T16:09:00,357,61.1,19,0.85411
2025-06-21T16:12:00,354,60.9,19,0.8585
2025-06-21T16:15:00,344,60.2,19,0.87387
2025-06-21T16:18:00,333,60.2,19,0.87387
2025-06-21T16:21:00,326,60.3,19,0.87168
2025-06-21T16:24:00,326,60.3,19,0.87168
2025-06-21T16:27:00,329,60.1,19,0.87607
2025-06-21T16:30:00,332,59.8,19,0.88265
2025-06-21T16:33:00,334,59.4,19,0.89144
2025-06-21T16:36:00,336,59.5,19,0.88924
2025-06-21T16:39:00,335,59.5,19,0.88924
2025-06-21T16:42:00,335,59.3,20,0.95095
2025-06-21T16:45:00,332,60.8,20,0.9159
2025-06-21T16:48:00,336,62,19,0.83435
2025-06-21T16:51:00,338,62.2,19,0.82996
2025-06-21T16:54:00,340,61.6,20,0.89721
2025-06-21T16:57:00,339,61.7,19,0.84094
2025-06-21T17:00:00,334,61.7,19,0.84094
2025-06-21T17:03:00,333,61.2,20,0.90655
2025-06-21T17:06:00,329,61.1,20,0.90889
2025-06-21T17:09:00,328,62.1,20,0.88553
2025-06-21T17:12:00,328,62,20,0.88786
2025-06-21T17:15:00,324,61.2,19,0.85192
2025-06-21T17:18:00,327,61.2,19,0.85192
2025-06-21T17:21:00,328,60.6,20,0.92057
2025-06-21T17:24:00,328,60.2,20,0.92992
2025-06-21T17:27:00,328,60,20,0.93459
2025-06-21T17:30:00,328,60,20,0.93459
2025-06-21T17:33:00,328,59.8,20,0.93926
2025-06-21T17:36:00,328,59.7,20,0.9416
2025-06-21T17:39:00,328,59.8,20,0.93926
2025-06-21T17:42:00,332,59.7,20,0.9416
2025-06-21T17:45:00,329,59.5,20,0.94627
2025-06-21T17:48:00,328,59.2,20,0.95328
2025-06-21T17:51:00,326,59,20,0.95796
2025-06-21T17:54:00,323,59.3,20,0.95095
2025-06-21T17:57:00,325,59.3,20,0.95095
2025-06-21T18:00:00,324,59.2,20,0.95328
2025-06-21T18:03:00,323,59.1,20,0.95562
2025-06-21T18:06:00,322,59,20,0.95796
2025-06-21T18:09:00,322,58.9,20,0.96029
2025-06-21T18:12:00,323,58.6,20,0.9673
2025-06-21T18:15:00,326,58.8,20,0.96263
2025-06-21T18:18:00,323,58.7,20,0.96497
2025-06-21T18:21:00,329,58.9,20,0.96029
2025-06-21T18:24:00,331,58.6,20,0.9673
2025-06-21T18:27:00,330,58.5,20,0.96964
2025-06-21T18:30:00,333,58.4,20,0.97198
2025-06-21T18:33:00,332,58.3,20,0.97431
2025-06-21T18:36:00,339,58.5,20,0.96964
2025-06-21T18:39:00,338,58.5,20,0.96964
2025-06-21T18:42:00,335,58.2,20,0.97665
2025-06-21T18:45:00,334,57.8,20,0.98599
2025-06-21T18:48:00,339,58.1,20,0.97898
2025-06-21T18:51:00,340,58.1,20,0.97898
2025-06-21T18:54:00,335,58.3,20,0.97431
2025-06-21T18:57:00,336,58.4,20,0.97198
2025-06-21T19:00:00,338,58.3,20,0.97431
2025-06-21T19:03:00,334,58,20,0.98132
2025-06-21T19:06:00,328,58.2,20,0.97665
2025-06-21T19:09:00,326,57.9,20,0.98366
2025-06-21T19:12:00,326,57.9,20,0.98366
2025-06-21T19:15:00,325,57.8,20,0.98599
2025-06-21T19:18:00,323,57.7,20,0.98833
2025-06-21T19:21:00,324,57.9,20,0.98366
2025-06-21T19:24:00,324,58.4,20,0.97198
2025-06-21T19:27:00,324,58,20,0.98132
2025-06-21T19:30:00,321,57.5,20,0.993
2025-06-21T19:33:00,325,57.7,20,0.98833
2025-06-21T19:36:00,320,58.1,20,0.97898
2025-06-21T19:39:00,316,58.1,20,0.97898
2025-06-21T19:42:00,316,57.8,20,0.98599
2025-06-21T19:45:00,314,57.3,20,0.99768
2025-06-21T19:48:00,312,57.2,20,1.00001
2025-06-21T19:51:00,312,57.5,20,0.993
2025-06-21T19:54:00,313,57.5,20,0.993
2025-06-21T19:57:00,314,57.6,20,0.99067
2025-06-21T20:00:00,313,57.3,20,0.99768
2025-06-21T20:03:00,0,57.3,20,0.99768
2025-06-21T20:06:00,0,57.6,20,0.99067
2025-06-21T20:09:00,0,58.4,19,0.91339
2025-06-21T20:12:00,0,58.9,19,0.90242
2025-06-21T20:15:00,0,59.3,19,0.89363
2025-06-21T20:18:00,0,60.4,19,0.86948
2025-06-21T20:21:00,0,61.2,18,0.80019
2025-06-21T20:24:00,0,62.1,18,0.78162
2025-06-21T20:27:00,0,62.8,18,0.76719
2025-06-21T20:30:00,0,63.4,18,0.75481
2025-06-21T20:33:00,0,64.2,18,0.73832
2025-06-21T20:36:00,0,64.6,18,0.73007
2025-06-21T20:39:00,0,64.8,18,0.72594
2025-06-21T20:42:00,0,65.1,18,0.71975
2025-06-21T20:45:00,0,65.4,18,0.71357
2025-06-21T20:48:00,0,65.7,18,0.70738
2025-06-21T20:51:00,0,66,18,0.70119
2025-06-21T20:54:00,0,66.4,18,0.69294
2025-06-21T20:57:00,0,66.7,18,0.68676
2025-06-21T21:00:00,0,67,18,0.68057
2025-06-21T21:03:00,0,67.1,18,0.67851
2025-06-21T21:06:00,0,67.4,18,0.67232
2025-06-21T21:09:00,0,67.6,18,0.6682
2025-06-21T21:12:00,0,67.8,18,0.66407
2025-06-21T21:15:00,0,68.1,17,0.61764
2025-06-21T21:18:00,0,68.2,17,0.6157
2025-06-21T21:21:00,0,68.4,17,0.61183
2025-06-21T21:24:00,0,68.6,17,0.60796
2025-06-21T21:27:00,0,68.8,17,0.60408
2025-06-21T21:30:00,0,69.1,17,0.59827
2025-06-21T21:33:00,0,69.2,17,0.59634
2025-06-21T21:36:00,0,69.4,17,0.59247
2025-06-21T21:39:00,0,69.5,17,0.59053
2025-06-21T21:42:00,0,69.7,17,0.58666
2025-06-21T21:45:00,0,69.9,17,0.58279
2025-06-21T21:48:00,0,70,17,0.58085
2025-06-21T21:51:00,0,70.3,17,0.57504
2025-06-21T21:54:00,0,70.3,17,0.57504
2025-06-21T21:57:00,0,70.4,17,0.5731
2025-06-21T22:00:00,0,70.6,17,0.56923
2025-06-21T22:03:00,0,70.6,17,0.56923
2025-06-21T22:06:00,0,70.7,17,0.5673
2025-06-21T22:09:00,0,71,17,0.56149
2025-06-21T22:12:00,0,71.1,17,0.55955
2025-06-21T22:15:00,0,71.2,17,0.55762
2025-06-21T22:18:00,0,71.2,17,0.55762
2025-06-21T22:21:00,0,71.3,17,0.55568
2025-06-21T22:24:00,0,71.4,17,0.55374
2025-06-21T22:27:00,0,71.6,17,0.54987
2025-06-21T22:30:00,0,71.5,17,0.55181
2025-06-21T22:33:00,0,71.6,17,0.54987
2025-06-21T22:36:00,0,71.6,17,0.54987
2025-06-21T22:39:00,0,71.7,17,0.54793
2025-06-21T22:42:00,0,71.7,17,0.54793
2025-06-21T22:45:00,0,71.9,17,0.54406
2025-06-21T22:48:00,0,71.8,17,0.546
2025-06-21T22:51:00,0,71.9,17,0.54406
2025-06-21T22:54:00,0,71.9,17,0.54406
2025-06-21T22:57:00,0,71.9,17,0.54406
2025-06-21T23:00:00,0,72,17,0.54213
2025-06-21T23:03:00,0,72.5,17,0.53244
2025-06-21T23:06:00,0,74.1,17,0.50147
2025-06-21T23:09:00,0,75.7,17,0.47049
2025-06-21T23:12:00,0,77.2,17,0.44145
2025-06-21T23:15:00,0,78.1,17,0.42402
2025-06-21T23:18:00,0,78.8,17,0.41047
2025-06-21T23:21:00,0,79.2,17,0.40272
2025-06-21T23:24:00,0,79.5,17,0.39691
2025-06-21T23:27:00,0,79.7,17,0.39304
2025-06-21T23:30:00,0,80,17,0.38723
2025-06-21T23:33:00,0,80.3,17,0.38142
2025-06-21T23:36:00,0,80.4,17,0.37949
2025-06-21T23:39:00,0,80.4,17,0.37949
2025-06-21T23:42:00,0,80.5,16,0.35428
2025-06-21T23:45:00,0,80.5,16,0.35428
2025-06-21T23:48:00,0,80.5,16,0.35428
2025-06-21T23:51:00,0,80.5,16,0.35428
2025-06-21T23:54:00,0,80.5,16,0.35428
2025-06-21T23:57:00,0,80.4,16,0.3561
2025-06-22T00:00:00,0,80.3,16,0.35791
2025-06-22T00:03:00,0,80.3,16,0.35791
2025-06-22T00:06:00,0,80.3,16,0.35791
2025-06-22T00:09:00,0,80.2,16,0.35973
2025-06-22T00:12:00,0,80.2,16,0.35973
2025-06-22T00:15:00,0,80.1,16,0.36155
2025-06-22T00:18:00,0,80,16,0.36336
2025-06-22T00:21:00,0,80,16,0.36336
2025-06-22T00:24:00,0,80,16,0.36336
2025-06-22T00:27:00,0,79.9,16,0.36518
2025-06-22T00:30:00,0,79.9,16,0.36518
2025-06-22T00:33:00,0,80.2,16,0.35973
2025-06-22T00:36:00,0,80.8,16,0.34883
2025-06-22T00:39:00,0,81.2,16,0.34156
2025-06-22T00:42:00,0,81.5,16,0.33611
2025-06-22T00:45:00,0,81.9,16,0.32884
2025-06-22T00:48:00,0,82,16,0.32703
2025-06-22T00:51:00,0,82.1,16,0.32521
2025-06-22T00:54:00,0,82.1,16,0.32521
2025-06-22T00:57:00,0,82.1,16,0.32521
2025-06-22T01:00:00,0,82.2,16,0.32339
2025-06-22T01:03:00,0,82,16,0.32703
2025-06-22T01:06:00,0,82,16,0.32703
2025-06-22T01:09:00,0,81.9,16,0.32884
2025-06-22T01:12:00,0,81.9,16,0.32884
2025-06-22T01:15:00,0,81.8,16,0.33066
2025-06-22T01:18:00,0,81.8,16,0.33066
2025-06-22T01:21:00,0,81.6,16,0.33429
2025-06-22T01:24:00,0,81.5,16,0.33611
2025-06-22T01:27:00,0,81.5,16,0.33611
2025-06-22T01:30:00,0,81.4,16,0.33793
2025-06-22T01:33:00,0,81.3,16,0.33975
2025-06-22T01:36:00,0,81.2,16,0.34156
2025-06-22T01:39:00,0,81,16,0.3452
2025-06-22T01:42:00,0,81,16,0.3452
2025-06-22T01:45:00,0,80.9,16,0.34701
2025-06-22T01:48:00,0,80.9,16,0.34701
2025-06-22T01:51:00,0,80.7,16,0.35065
2025-06-22T01:54:00,0,80.7,16,0.35065
2025-06-22T01:57:00,0,80.7,16,0.35065
2025-06-22T02:00:00,0,80.6,16,0.35246
2025-06-22T02:03:00,0,80.8,16,0.34883
2025-06-22T02:06:00,0,81.6,16,0.33429
2025-06-22T02:09:00,0,82,16,0.32703
2025-06-22T02:12:00,0,82.4,16,0.31976
2025-06-22T02:15:00,0,82.3,16,0.32158
2025-06-22T02:18:00,0,82.5,16,0.31794
2025-06-22T02:21:00,0,82.5,16,0.31794
2025-06-22T02:24:00,0,82.3,16,0.32158
2025-06-22T02:27:00,0,82.4,16,0.31976
2025-06-22T02:30:00,0,82.3,16,0.32158
2025-06-22T02:33:00,0,82.2,16,0.32339
2025-06-22T02:36:00,0,82.2,16,0.32339
2025-06-22T02:39:00,0,82.1,16,0.32521
2025-06-22T02:42:00,0,82,16,0.32703
2025-06-22T02:45:00,0,82,16,0.32703
2025-06-22T02:48:00,0,81.9,16,0.32884
2025-06-22T02:51:00,0,81.8,16,0.33066
2025-06-22T02:54:00,0,81.8,16,0.33066
2025-06-22T02:57:00,0,81.7,16,0.33248
2025-06-22T03:00:00,0,81.7,16,0.33248
2025-06-22T03:03:00,0,81.6,16,0.33429
2025-06-22T03:06:00,0,81.6,16,0.33429
2025-06-22T03:09:00,0,81.6,16,0.33429
2025-06-22T03:12:00,0,81.5,16,0.33611
2025-06-22T03:15:00,0,81.5,16,0.33611
2025-06-22T03:18:00,0,81.5,16,0.33611
2025-06-22T03:21:00,0,81.3,16,0.33975
2025-06-22T03:24:00,0,81.3,16,0.33975
2025-06-22T03:27:00,0,81.2,15,0.32035
2025-06-22T03:30:00,0,81.2,15,0.32035
2025-06-22T03:33:00,0,81.2,15,0.32035
2025-06-22T03:36:00,0,81.2,16,0.34156
2025-06-22T03:39:00,0,81,15,0.32376
2025-06-22T03:42:00,0,81,15,0.32376
2025-06-22T03:45:00,0,81,15,0.32376
2025-06-22T03:48:00,0,81,15,0.32376
2025-06-22T03:51:00,0,80.9,15,0.32546
2025-06-22T03:54:00,0,80.9,15,0.32546
2025-06-22T03:57:00,0,80.8,15,0.32717
2025-06-22T04:00:00,0,80.7,15,0.32887
2025-06-22T04:03:00,326,80.4,16,0.3561
2025-06-22T04:06:00,323,79.7,16,0.36881
2025-06-22T04:09:00,321,78.8,16,0.38517
2025-06-22T04:12:00,318,78.2,16,0.39607
2025-06-22T04:15:00,317,77.6,16,0.40697
2025-06-22T04:18:00,315,76.9,17,0.44725
2025-06-22T04:21:00,314,76.3,17,0.45887
2025-06-22T04:24:00,313,75.8,17,0.46855
2025-06-22T04:27:00,313,75.3,17,0.47823
2025-06-22T04:30:00,311,74.8,17,0.48791
2025-06-22T04:33:00,311,74.4,17,0.49566
2025-06-22T04:36:00,311,73.9,17,0.50534
2025-06-22T04:39:00,311,73.5,17,0.51308
2025-06-22T04:42:00,309,73.1,17,0.52083
2025-06-22T04:45:00,309,72.8,18,0.56095
2025-06-22T04:48:00,311,72.4,18,0.5692
2025-06-22T04:51:00,310,72.2,18,0.57333
2025-06-22T04:54:00,309,71.8,18,0.58158
2025-06-22T04:57:00,310,71.7,18,0.58364
2025-06-22T05:00:00,309,71.5,18,0.58776
2025-06-22T05:03:00,309,71.2,18,0.59395
2025-06-22T05:06:00,309,71,18,0.59808
2025-06-22T05:09:00,309,70.8,18,0.6022
2025-06-22T05:12:00,310,70.8,18,0.6022
2025-06-22T05:15:00,310,70.6,18,0.60633
2025-06-22T05:18:00,310,70.5,18,0.60839
2025-06-22T05:21:00,312,70.4,19,0.64991
2025-06-22T05:24:00,312,70.3,19,0.65211
2025-06-22T05:27:00,310,70.1,19,0.6565
2025-06-22T05:30:00,312,69.9,19,0.66089
2025-06-22T05:33:00,311,69.8,19,0.66309
2025-06-22T05:36:00,311,69.7,19,0.66528
2025-06-22T05:39:00,312,69.4,19,0.67187
2025-06-22T05:42:00,314,69.2,19,0.67626
2025-06-22T05:45:00,314,68.9,19,0.68285
2025-06-22T05:48:00,312,68.8,19,0.68505
2025-06-22T05:51:00,314,68.4,19,0.69383
2025-06-22T05:54:00,314,68.5,19,0.69163
2025-06-22T05:57:00,315,68.4,19,0.69383
2025-06-22T06:00:00,315,66.8,19,0.72896
2025-06-22T06:03:00,315,66.3,19,0.73994
2025-06-22T06:06:00,316,66.1,19,0.74433
2025-06-22T06:09:00,317,66,19,0.74652
2025-06-22T06:12:00,317,65.3,19,0.76189
2025-06-22T06:15:00,316,64.8,19,0.77287
2025-06-22T06:18:00,316,65,19,0.76848
2025-06-22T06:21:00,317,64.5,19,0.77946
2025-06-22T06:24:00,317,64.2,19,0.78605
2025-06-22T06:27:00,318,64.5,19,0.77946
2025-06-22T06:30:00,320,64.8,19,0.77287
2025-06-22T06:33:00,326,64.2,19,0.78605
2025-06-22T06:36:00,330,64,19,0.79044
2025-06-22T06:39:00,326,63.6,19,0.79922
2025-06-22T06:42:00,335,64.1,19,0.78824
2025-06-22T06:45:00,336,64.4,19,0.78165
2025-06-22T06:48:00,328,64,19,0.79044
2025-06-22T06:51:00,321,63.9,19,0.79263
2025-06-22T06:54:00,330,63.6,19,0.79922
2025-06-22T06:57:00,334,62.9,19,0.81459
2025-06-22T07:00:00,345,63.2,19,0.808
2025-06-22T07:03:00,351,63.4,19,0.80361
2025-06-22T07:06:00,341,63.2,19,0.808
2025-06-22T07:09:00,336,62.9,19,0.81459
2025-06-22T07:12:00,339,62.5,19,0.82337
2025-06-22T07:15:00,338,62.2,19,0.82996
2025-06-22T07:18:00,340,61.8,19,0.83874
2025-06-22T07:21:00,348,60.8,20,0.9159
2025-06-22T07:24:00,350,61.1,20,0.90889
2025-06-22T07:27:00,347,60.7,19,0.86289
2025-06-22T07:30:00,350,60.5,20,0.92291
2025-06-22T07:33:00,351,60.7,19,0.86289
2025-06-22T07:36:00,352,60.5,20,0.92291
2025-06-22T07:39:00,358,60.2,20,0.92992
2025-06-22T07:42:00,363,60,20,0.93459
2025-06-22T07:45:00,372,59.5,20,0.94627
2025-06-22T07:48:00,372,59,20,0.95796
2025-06-22T07:51:00,383,59,20,0.95796
2025-06-22T07:54:00,400,58.7,20,0.96497
2025-06-22T07:57:00,407,58.3,20,0.97431
2025-06-22T08:00:00,409,57,20,1.00469
2025-06-22T08:03:00,426,55.7,20,1.03506
2025-06-22T08:06:00,410,54.5,20,1.0631
2025-06-22T08:09:00,424,53.6,20,1.08413
2025-06-22T08:12:00,428,52.8,20,1.10282
2025-06-22T08:15:00,413,51.9,20,1.12385
2025-06-22T08:18:00,425,51,20,1.14487
2025-06-22T08:21:00,465,50.5,20,1.15656
2025-06-22T08:24:00,488,50.2,21,1.23761
2025-06-22T08:27:00,449,49.2,21,1.26246
2025-06-22T08:30:00,472,48.7,21,1.27488
2025-06-22T08:33:00,420,49.2,21,1.26246
2025-06-22T08:36:00,496,47.6,20,1.22432
2025-06-22T08:39:00,441,47.4,20,1.22899
2025-06-22T08:42:00,443,47.7,20,1.22198
2025-06-22T08:45:00,413,47.4,20,1.22899
2025-06-22T08:48:00,408,48.2,20,1.2103
2025-06-22T08:51:00,406,48.5,20,1.20329
2025-06-22T08:54:00,380,47.5,20,1.22665
2025-06-22T08:57:00,402,47.5,20,1.22665
2025-06-22T09:00:00,424,47.1,20,1.236
2025-06-22T09:03:00,428,46.5,20,1.25002
2025-06-22T09:06:00,403,46.6,19,1.17248
2025-06-22T09:09:00,410,46,19,1.18566
2025-06-22T09:12:00,463,44.3,20,1.30142
2025-06-22T09:15:00,442,45.1,20,1.28273
2025-06-22T09:18:00,466,45.2,20,1.28039
2025-06-22T09:21:00,444,45.2,20,1.28039
2025-06-22T09:24:00,468,44,20,1.30843
2025-06-22T09:27:00,412,44.3,20,1.30142
2025-06-22T09:30:00,391,44.1,19,1.22737
2025-06-22T09:33:00,397,44.7,19,1.2142
2025-06-22T09:36:00,421,44.5,19,1.21859
2025-06-22T09:39:00,410,44.4,20,1.29908
2025-06-22T09:42:00,370,44.9,19,1.20981
2025-06-22T09:45:00,406,46.2,19,1.18126
2025-06-22T09:48:00,406,45.4,19,1.19883
2025-06-22T09:51:00,421,45.4,20,1.27572
2025-06-22T09:54:00,410,45.1,20,1.28273
2025-06-22T09:57:00,398,45.3,20,1.27805
2025-06-22T10:00:00,388,45.8,19,1.19005
2025-06-22T10:03:00,408,45.4,20,1.27572
2025-06-22T10:06:00,383,45.3,20,1.27805
2025-06-22T10:09:00,406,45,20,1.28506
2025-06-22T10:12:00,403,46,19,1.18566
2025-06-22T10:15:00,394,46.6,20,1.24768
2025-06-22T10:18:00,367,47.1,20,1.236
2025-06-22T10:21:00,364,48.9,19,1.12198
2025-06-22T10:24:00,373,51.2,20,1.1402
2025-06-22T10:27:00,371,53.1,20,1.09581
2025-06-22T10:30:00,383,52.3,20,1.1145
2025-06-22T10:33:00,393,52.2,20,1.11684
2025-06-22T10:36:00,389,53,20,1.09815
2025-06-22T10:39:00,389,51.4,19,1.06709
2025-06-22T10:42:00,372,52.2,20,1.11684
2025-06-22T10:45:00,382,53.5,20,1.08646
2025-06-22T10:48:00,384,53,20,1.09815
2025-06-22T10:51:00,400,51.3,20,1.13787
2025-06-22T10:54:00,400,50.7,19,1.08246
2025-06-22T10:57:00,428,50.9,19,1.07807
2025-06-22T11:00:00,422,50.9,19,1.07807
2025-06-22T11:03:00,465,48.4,20,1.20562
2025-06-22T11:06:00,430,48.7,20,1.19861
2025-06-22T11:09:00,410,50,20,1.16824
2025-06-22T11:12:00,411,49.2,20,1.18693
2025-06-22T11:15:00,391,48.5,20,1.20329
2025-06-22T11:18:00,372,47.8,20,1.21964
2025-06-22T11:21:00,388,47.7,20,1.22198
2025-06-22T11:24:00,396,48.2,20,1.2103
2025-06-22T11:27:00,424,49.3,20,1.1846
2025-06-22T11:30:00,425,47.2,20,1.23366
2025-06-22T11:33:00,427,46.75,20,1.24418
2025-06-22T11:36:00,429,46.3,20,1.25469
2025-06-22T11:39:00,433,46,20,1.2617
2025-06-22T11:42:00,404,45.5,19,1.19663
2025-06-22T11:45:00,385,46.7,20,1.24534
2025-06-22T11:48:00,382,45.7,20,1.26871
2025-06-22T11:51:00,398,46.5,20,1.25002
2025-06-22T11:54:00,410,46,20,1.2617
2025-06-22T11:57:00,404,45,20,1.28506
2025-06-22T12:00:00,438,44.5,19,1.21859
2025-06-22T12:03:00,408,46.4,19,1.17687
2025-06-22T12:06:00,435,45.3,20,1.27805
2025-06-22T12:09:00,440,45.9,20,1.26404
2025-06-22T12:12:00,471,46.3,20,1.25469
2025-06-22T12:15:00,405,46.2,19,1.18126
2025-06-22T12:18:00,397,47.1,20,1.236
2025-06-22T12:21:00,397,47,20,1.23833
2025-06-22T12:24:00,430,43,20,1.33179
2025-06-22T12:27:00,411,45.7,20,1.26871
2025-06-22T12:30:00,393,45.8,20,1.26637
2025-06-22T12:33:00,434,43.9,20,1.31076
2025-06-22T12:36:00,373,44.4,20,1.29908
2025-06-22T12:39:00,361,44.5,20,1.29675
2025-06-22T12:42:00,390,45.3,19,1.20102
2025-06-22T12:45:00,389,45.9,19,1.18785
2025-06-22T12:48:00,386,45,20,1.28506
2025-06-22T12:51:00,427,45.7,20,1.26871
2025-06-22T12:54:00,497,46.1,18,1.1116
2025-06-22T12:57:00,467,47.1,18,1.09097
2025-06-22T13:00:00,449,45.2,19,1.20322
2025-06-22T13:03:00,493,44.9,18,1.13635
2025-06-22T13:06:00,493,45.5,19,1.19663
2025-06-22T13:09:00,400,46,20,1.2617
2025-06-22T13:12:00,412,45.2,20,1.28039
2025-06-22T13:15:00,452,46.9,18,1.0951
2025-06-22T13:18:00,414,44.9,19,1.20981
2025-06-22T13:21:00,433,43.7,20,1.31544
2025-06-22T13:24:00,421,43.7,20,1.31544
2025-06-22T13:27:00,441,42.8,20,1.33647
2025-06-22T13:30:00,420,46.3,19,1.17907
2025-06-22T13:33:00,424,44.5,20,1.29675
2025-06-22T13:36:00,405,44.2,19,1.22518
2025-06-22T13:39:00,375,44.1,20,1.30609
2025-06-22T13:42:00,386,43.2,20,1.32712
2025-06-22T13:45:00,438,43.4,20,1.32245
2025-06-22T13:48:00,473,43,20,1.33179
2025-06-22T13:51:00,491,46.4,18,1.10541
2025-06-22T13:54:00,491,45.1,19,1.20542
2025-06-22T13:57:00,423,45.6,20,1.27104
2025-06-22T14:00:00,390,44.6,20,1.29441
2025-06-22T14:03:00,361,42.6,20,1.34114
2025-06-22T14:06:00,352,42.6,20,1.34114
2025-06-22T14:09:00,356,43.3,20,1.32478
2025-06-22T14:12:00,390,44.7,20,1.29207
2025-06-22T14:15:00,421,43,20,1.33179
2025-06-22T14:18:00,427,43.8,19,1.23396
2025-06-22T14:21:00,435,44.6,20,1.29441
2025-06-22T14:24:00,495,42.9,20,1.33413
2025-06-22T14:27:00,552,42.8,20,1.33647
2025-06-22T14:30:00,484,43.5,19,1.24055
2025-06-22T14:33:00,460,43.4,20,1.32245
2025-06-22T14:36:00,502,43,20,1.33179
2025-06-22T14:39:00,558,46.7,18,1.09922
2025-06-22T14:42:00,467,46.9,18,1.0951
2025-06-22T14:45:00,369,46.1,20,1.25936
2025-06-22T14:48:00,388,44.8,20,1.28974
2025-06-22T14:51:00,474.5,46.2,19,1.18126
2025-06-22T14:54:00,561,47.6,18,1.08066
2025-06-22T14:57:00,476,46.1,19,1.18346
2025-06-22T15:00:00,519,44.5,19,1.21859
2025-06-22T15:03:00,542,47.8,18,1.07654
2025-06-22T15:06:00,407,46.8,19,1.16809
2025-06-22T15:09:00,373,43.8,21,1.39666
2025-06-22T15:12:00,398,43.8,20,1.3131
2025-06-22T15:15:00,431,43.7,20,1.31544
2025-06-22T15:18:00,539,47.6,17,1.01455
2025-06-22T15:21:00,498,46.4,19,1.17687
2025-06-22T15:24:00,403,45.2,20,1.28039
2025-06-22T15:27:00,361,45.6,20,1.27104
2025-06-22T15:30:00,405,43.1,21,1.41405
2025-06-22T15:33:00,455,42.4,20,1.34581
2025-06-22T15:36:00,491,42.4,19,1.2647
2025-06-22T15:39:00,460,46.5,18,1.10335
2025-06-22T15:42:00,392,44,20,1.30843
2025-06-22T15:45:00,418,46.2,19,1.18126
2025-06-22T15:48:00,380,44.1,20,1.30609
2025-06-22T15:51:00,438,43.2,20,1.32712
2025-06-22T15:54:00,397,43,20,1.33179
2025-06-22T15:57:00,460,44.1,19,1.22737
2025-06-22T16:00:00,400,46.2,18,1.10954
2025-06-22T16:03:00,382,45.7,20,1.26871
2025-06-22T16:06:00,391,44.8,19,1.212
2025-06-22T16:09:00,388,44.1,19,1.22737
2025-06-22T16:12:00,420,43.9,20,1.31076
2025-06-22T16:15:00,446,44.5,19,1.21859
2025-06-22T16:18:00,464,44.7,19,1.2142
2025-06-22T16:21:00,394,43.9,20,1.31076
2025-06-22T16:24:00,381,43.9,20,1.31076
2025-06-22T16:27:00,393,44.2,20,1.30376
2025-06-22T16:30:00,361,43,20,1.33179
2025-06-22T16:33:00,367,42.9,20,1.33413
2025-06-22T16:36:00,361,42.9,20,1.33413
2025-06-22T16:39:00,352,43.2,20,1.32712
2025-06-22T16:42:00,362,43.9,20,1.31076
2025-06-22T16:45:00,356,44.7,19,1.2142
2025-06-22T16:48:00,347,44.6,19,1.21639
2025-06-22T16:51:00,343,44,20,1.30843
2025-06-22T16:54:00,340,44,20,1.30843
2025-06-22T16:57:00,352,44.5,19,1.21859
2025-06-22T17:00:00,350,44.9,19,1.20981
2025-06-22T17:03:00,343,45.4,19,1.19883
2025-06-22T17:06:00,344,45.7,19,1.19224
2025-06-22T17:09:00,350,46.3,19,1.17907
2025-06-22T17:12:00,389,45.9,19,1.18785
2025-06-22T17:15:00,402,45.6,19,1.19444
2025-06-22T17:18:00,361,44.6,19,1.21639
2025-06-22T17:21:00,353,45,19,1.20761
2025-06-22T17:24:00,358,45.6,19,1.19444
2025-06-22T17:27:00,353,46.5,19,1.17468
2025-06-22T17:30:00,351,45.3,19,1.20102
2025-06-22T17:33:00,345,45,19,1.20761
2025-06-22T17:36:00,353,45.6,19,1.19444
2025-06-22T17:39:00,348,45.8,19,1.19005
2025-06-22T17:42:00,337,46.1,19,1.18346
2025-06-22T17:45:00,328,45.6,19,1.19444
2025-06-22T17:48:00,331,45.6,19,1.19444
2025-06-22T17:51:00,341,45.6,19,1.19444
2025-06-22T17:54:00,347,45.2,19,1.20322
2025-06-22T17:57:00,344,44.8,20,1.28974
2025-06-22T18:00:00,334,45.3,19,1.20102
2025-06-22T18:03:00,339,45.9,19,1.18785
2025-06-22T18:06:00,350,46.3,19,1.17907
2025-06-22T18:09:00,370,46.1,19,1.18346
2025-06-22T18:12:00,389,46,20,1.2617
2025-06-22T18:15:00,394,46.4,19,1.17687
2025-06-22T18:18:00,391,46.1,20,1.25936
2025-06-22T18:21:00,384,46,20,1.2617
2025-06-22T18:24:00,379,46.5,19,1.17468
2025-06-22T18:27:00,370,46.3,19,1.17907
2025-06-22T18:30:00,360,46.2,20,1.25703
2025-06-22T18:33:00,360,46,20,1.2617
2025-06-22T18:36:00,358,46.4,19,1.17687
2025-06-22T18:39:00,350,46.6,19,1.17248
2025-06-22T18:42:00,347,46.1,20,1.25936
2025-06-22T18:45:00,345,45.6,20,1.27104
2025-06-22T18:48:00,353,47.1,19,1.1615
2025-06-22T18:51:00,361,47.1,19,1.1615
2025-06-22T18:54:00,378,46.5,19,1.17468
2025-06-22T18:57:00,369,45.8,20,1.26637
2025-06-22T19:00:00,352,45.6,20,1.27104
2025-06-22T19:03:00,341,45.4,19,1.19883
2025-06-22T19:06:00,340,46,19,1.18566
2025-06-22T19:09:00,351,46.6,20,1.24768
2025-06-22T19:12:00,365,46,20,1.2617
2025-06-22T19:15:00,364,46.5,19,1.17468
2025-06-22T19:18:00,361,46.5,19,1.17468
2025-06-22T19:21:00,353,46.6,19,1.17248
2025-06-22T19:24:00,347,46.5,19,1.17468
2025-06-22T19:27:00,343,47,19,1.1637
2025-06-22T19:30:00,345,47,19,1.1637
2025-06-22T19:33:00,352,46.8,19,1.16809
2025-06-22T19:36:00,354,45.8,20,1.26637
2025-06-22T19:39:00,348,45.9,19,1.18785
2025-06-22T19:42:00,343,45.9,19,1.18785
2025-06-22T19:45:00,339,45.6,19,1.19444
2025-06-22T19:48:00,334,46,20,1.2617
2025-06-22T19:51:00,336,46.2,20,1.25703
2025-06-22T19:54:00,336,46.8,19,1.16809
2025-06-22T19:57:00,336,47.7,19,1.14833
2025-06-22T20:00:00,337,46.8,19,1.16809
2025-06-22T20:03:00,30,46.8,19,1.16809
2025-06-22T20:06:00,30,48.5,19,1.13076
2025-06-22T20:09:00,30,49.4,19,1.111
2025-06-22T20:12:00,28,49.3,19,1.1132
2025-06-22T20:15:00,26,48.9,19,1.12198
2025-06-22T20:18:00,24,48.8,19,1.12418
2025-06-22T20:21:00,20,49,19,1.11979
2025-06-22T20:24:00,17,49.1,19,1.11759
2025-06-22T20:27:00,14,49.6,18,1.03942
2025-06-22T20:30:00,13,49.8,18,1.03529
2025-06-22T20:33:00,13,50,18,1.03117
2025-06-22T20:36:00,12,50,19,1.09783
2025-06-22T20:39:00,12,50.2,19,1.09344
2025-06-22T20:42:00,11,50.7,19,1.08246
2025-06-22T20:45:00,10,51.4,19,1.06709
2025-06-22T20:48:00,9,51.9,19,1.05611
2025-06-22T20:51:00,0,52.6,19,1.04074
2025-06-22T20:54:00,0,53.2,19,1.02757
2025-06-22T20:57:00,0,53.9,19,1.0122
2025-06-22T21:00:00,0,54.6,19,0.99683
2025-06-22T21:03:00,0,55.3,19,0.98146
2025-06-22T21:06:00,0,55.7,18,0.91361
2025-06-22T21:09:00,0,56.5,18,0.89711
2025-06-22T21:12:00,0,57,18,0.8868
2025-06-22T21:15:00,0,57.7,18,0.87237
2025-06-22T21:18:00,0,58.2,18,0.86206
2025-06-22T21:21:00,0,58.7,18,0.85174
2025-06-22T21:24:00,0,59.3,18,0.83937
2025-06-22T21:27:00,0,60.1,18,0.82287
2025-06-22T21:30:00,0,60.5,18,0.81462
2025-06-22T21:33:00,0,61,18,0.80431
2025-06-22T21:36:00,0,61.3,18,0.79812
2025-06-22T21:39:00,0,61.5,18,0.794
2025-06-22T21:42:00,0,61.8,18,0.78781
2025-06-22T21:45:00,0,62.2,18,0.77956
2025-06-22T21:48:00,0,62.5,18,0.77337
2025-06-22T21:51:00,0,63,18,0.76306
2025-06-22T21:54:00,0,63.4,18,0.75481
2025-06-22T21:57:00,0,63.7,18,0.74863
2025-06-22T22:00:00,0,63.9,18,0.7445
2025-06-22T22:03:00,0,64.1,18,0.74038
2025-06-22T22:06:00,0,64.4,18,0.73419
2025-06-22T22:09:00,0,64.6,18,0.73007
2025-06-22T22:12:00,0,64.8,18,0.72594
2025-06-22T22:15:00,0,65,18,0.72182
2025-06-22T22:18:00,0,65.3,18,0.71563
2025-06-22T22:21:00,0,65.4,18,0.71357
2025-06-22T22:24:00,0,65.5,18,0.7115
2025-06-22T22:27:00,0,65.7,18,0.70738
2025-06-22T22:30:00,0,65.8,18,0.70532
2025-06-22T22:33:00,0,65.9,18,0.70326
2025-06-22T22:36:00,0,66,18,0.70119
2025-06-22T22:39:00,0,66.2,18,0.69707
2025-06-22T22:42:00,0,66.3,18,0.69501
2025-06-22T22:45:00,0,66.5,18,0.69088
2025-06-22T22:48:00,0,66.5,18,0.69088
2025-06-22T22:51:00,0,66.7,18,0.68676
2025-06-22T22:54:00,0,66.8,18,0.68469
2025-06-22T22:57:00,0,67,17,0.63893
2025-06-22T23:00:00,0,67,17,0.63893
2025-06-22T23:03:00,0,67.1,18,0.67851
2025-06-22T23:06:00,0,69.7,18,0.62489
2025-06-22T23:09:00,0,71.6,18,0.5857
2025-06-22T23:12:00,0,73.4,18,0.54858
2025-06-22T23:15:00,0,74.2,17,0.49953
2025-06-22T23:18:00,0,74.9,17,0.48598
2025-06-22T23:21:00,0,75.6,17,0.47242
2025-06-22T23:24:00,0,76,17,0.46468
2025-06-22T23:27:00,0,76.4,17,0.45693
2025-06-22T23:30:00,0,76.4,17,0.45693
2025-06-22T23:33:00,0,76.6,17,0.45306
2025-06-22T23:36:00,0,76.8,17,0.44919
2025-06-22T23:39:00,0,77,17,0.44532
2025-06-22T23:42:00,0,77,17,0.44532
2025-06-22T23:45:00,0,77.1,17,0.44338
2025-06-22T23:48:00,0,77.2,17,0.44145
2025-06-22T23:51:00,0,77.2,17,0.44145
2025-06-22T23:54:00,0,77.2,17,0.44145
2025-06-22T23:57:00,0,77.3,17,0.43951
2025-06-23T00:00:00,0,77.1,17,0.44338
2025-06-23T00:03:00,0,77,17,0.44532
2025-06-23T00:06:00,0,77.1,17,0.44338
2025-06-23T00:09:00,0,77,17,0.44532
2025-06-23T00:12:00,0,77,17,0.44532
2025-06-23T00:15:00,0,76.8,17,0.44919
2025-06-23T00:18:00,0,76.9,17,0.44725
2025-06-23T00:21:00,0,76.8,17,0.44919
2025-06-23T00:24:00,0,76.8,17,0.44919
2025-06-23T00:27:00,0,76.8,17,0.44919
2025-06-23T00:30:00,0,76.8,17,0.44919
2025-06-23T00:33:00,0,77.1,17,0.44338
2025-06-23T00:36:00,0,78.1,17,0.42402
2025-06-23T00:39:00,0,78.9,17,0.40853
2025-06-23T00:42:00,0,79.2,17,0.40272
2025-06-23T00:45:00,0,79.5,17,0.39691
2025-06-23T00:48:00,0,79.6,17,0.39498
2025-06-23T00:51:00,0,79.9,17,0.38917
2025-06-23T00:54:00,0,79.9,17,0.38917
2025-06-23T00:57:00,0,80,17,0.38723
2025-06-23T01:00:00,0,79.9,17,0.38917
2025-06-23T01:03:00,0,79.7,17,0.39304
2025-06-23T01:06:00,0,79.8,17,0.3911
2025-06-23T01:09:00,0,79.6,17,0.39498
2025-06-23T01:12:00,0,79.6,17,0.39498
2025-06-23T01:15:00,0,79.5,17,0.39691
2025-06-23T01:18:00,0,79.2,17,0.40272
2025-06-23T01:21:00,0,79.3,17,0.40079
2025-06-23T01:24:00,0,79.2,17,0.40272
2025-06-23T01:27:00,0,79,17,0.40659
2025-06-23T01:30:00,0,79,17,0.40659
2025-06-23T01:33:00,0,78.9,17,0.40853
2025-06-23T01:36:00,0,78.8,16,0.38517
2025-06-23T01:39:00,0,78.7,16,0.38698
2025-06-23T01:42:00,0,78.7,16,0.38698
2025-06-23T01:45:00,0,78.5,16,0.39062
2025-06-23T01:48:00,0,78.5,16,0.39062
2025-06-23T01:51:00,0,78.4,16,0.39243
2025-06-23T01:54:00,0,78.2,16,0.39607
2025-06-23T01:57:00,0,78.2,16,0.39607
2025-06-23T02:00:00,0,77.9,16,0.40152
2025-06-23T02:03:00,0,78.4,16,0.39243
2025-06-23T02:06:00,0,79,16,0.38153
2025-06-23T02:09:00,0,79.4,16,0.37426
2025-06-23T02:12:00,0,79.7,16,0.36881
2025-06-23T02:15:00,0,79.8,16,0.367
2025-06-23T02:18:00,0,79.8,16,0.367
2025-06-23T02:21:00,0,79.9,16,0.36518
2025-06-23T02:24:00,0,79.9,16,0.36518
2025-06-23T02:27:00,0,79.9,16,0.36518
2025-06-23T02:30:00,0,79.9,16,0.36518
2025-06-23T02:33:00,0,79.7,16,0.36881
2025-06-23T02:36:00,0,79.8,16,0.367
2025-06-23T02:39:00,0,79.8,16,0.367
2025-06-23T02:42:00,0,79.7,16,0.36881
2025-06-23T02:45:00,0,79.9,16,0.36518
2025-06-23T02:48:00,0,79.8,16,0.367
2025-06-23T02:51:00,0,79.8,16,0.367
2025-06-23T02:54:00,0,80,16,0.36336
2025-06-23T02:57:00,0,80,16,0.36336
2025-06-23T03:00:00,0,79.9,16,0.36518
2025-06-23T03:03:00,0,79.9,16,0.36518
2025-06-23T03:06:00,0,79.9,16,0.36518
2025-06-23T03:09:00,0,79.8,16,0.367
2025-06-23T03:12:00,0,79.8,16,0.367
2025-06-23T03:15:00,0,79.8,16,0.367
2025-06-23T03:18:00,0,79.7,16,0.36881
2025-06-23T03:21:00,0,79.7,16,0.36881
2025-06-23T03:24:00,0,79.7,16,0.36881
2025-06-23T03:27:00,0,79.6,16,0.37063
2025-06-23T03:30:00,0,79.7,16,0.36881
2025-06-23T03:33:00,0,79.5,16,0.37245
2025-06-23T03:36:00,0,79.4,16,0.37426
2025-06-23T03:39:00,0,79.4,16,0.37426
2025-06-23T03:42:00,0,79.3,16,0.37608
2025-06-23T03:45:00,0,79.1,16,0.37972
2025-06-23T03:48:00,0,79,16,0.38153
2025-06-23T03:51:00,0,79,16,0.38153
2025-06-23T03:54:00,0,78.9,16,0.38335
2025-06-23T03:57:00,0,78.6,16,0.3888
2025-06-23T04:00:00,0,78.6,16,0.3888
2025-06-23T04:03:00,326,78.1,16,0.39788
2025-06-23T04:06:00,323,77.2,16,0.41423
2025-06-23T04:09:00,320,76.4,16,0.42877
2025-06-23T04:12:00,318,75.8,17,0.46855
2025-06-23T04:15:00,316,75.1,17,0.4821
2025-06-23T04:18:00,315,74.5,17,0.49372
2025-06-23T04:21:00,315,73.9,17,0.50534
2025-06-23T04:24:00,314,73.4,17,0.51502
2025-06-23T04:27:00,313,73,17,0.52276
2025-06-23T04:30:00,312,72.7,17,0.52857
2025-06-23T04:33:00,312,72.3,18,0.57127
2025-06-23T04:36:00,310,72,18,0.57745
2025-06-23T04:39:00,310,71.6,18,0.5857
2025-06-23T04:42:00,311,71.2,18,0.59395
2025-06-23T04:45:00,310,70.9,18,0.60014
2025-06-23T04:48:00,312,70.6,18,0.60633
2025-06-23T04:51:00,311,70.1,18,0.61664
2025-06-23T04:54:00,312,69.7,18,0.62489
2025-06-23T04:57:00,311,69.4,18,0.63107
2025-06-23T05:00:00,311,68.9,18,0.64139
2025-06-23T05:03:00,311,68.5,18,0.64963
2025-06-23T05:06:00,312,68.4,18,0.6517
2025-06-23T05:09:00,312,68.1,18,0.65788
2025-06-23T05:12:00,311,67.7,19,0.7092
2025-06-23T05:15:00,311.5,67.5,19,0.71359
2025-06-23T05:18:00,312,67.3,19,0.71798
2025-06-23T05:21:00,314,67,19,0.72457
2025-06-23T05:24:00,314,66.8,19,0.72896
2025-06-23T05:27:00,316,66.6,19,0.73335
2025-06-23T05:30:00,315,66.4,19,0.73774
2025-06-23T05:33:00,315,66.1,19,0.74433
2025-06-23T05:36:00,315,65.7,19,0.75311
2025-06-23T05:39:00,317,65.6,19,0.75531
2025-06-23T05:42:00,317,65.3,19,0.76189
2025-06-23T05:45:00,319,65.3,19,0.76189
2025-06-23T05:48:00,319,65.1,19,0.76628
2025-06-23T05:51:00,320,64.9,19,0.77068
2025-06-23T05:54:00,320,64.7,19,0.77507
2025-06-23T05:57:00,325,64.7,19,0.77507
2025-06-23T06:00:00,323,64.5,19,0.77946
2025-06-23T06:03:00,324,62.6,19,0.82118
2025-06-23T06:06:00,334,62.3,19,0.82776
2025-06-23T06:09:00,334,62.3,19,0.82776
2025-06-23T06:12:00,339,61.5,19,0.84533
2025-06-23T06:15:00,340,61.5,19,0.84533
2025-06-23T06:18:00,339,60.8,19,0.8607
2025-06-23T06:21:00,339,60.2,19,0.87387
2025-06-23T06:24:00,340,60.5,19,0.86728
2025-06-23T06:27:00,341,59.7,19,0.88485
2025-06-23T06:30:00,344,59.4,19,0.89144
2025-06-23T06:33:00,346,59.4,20,0.94861
2025-06-23T06:36:00,350,58.8,20,0.96263
2025-06-23T06:39:00,351,58.3,20,0.97431
2025-06-23T06:42:00,355,58.1,20,0.97898
2025-06-23T06:45:00,362,58,20,0.98132
2025-06-23T06:48:00,363,57.8,20,0.98599
2025-06-23T06:51:00,359,57.7,20,0.98833
2025-06-23T06:54:00,358,56.7,20,1.0117
2025-06-23T06:57:00,358,56.2,20,1.02338
2025-06-23T07:00:00,356,56.3,20,1.02104
2025-06-23T07:03:00,353,55.9,19,0.96828
2025-06-23T07:06:00,367,55.2,19,0.98365
2025-06-23T07:09:00,364,54.8,20,1.05609
2025-06-23T07:12:00,367,54.6,19,0.99683
2025-06-23T07:15:00,367,53.7,20,1.08179
2025-06-23T07:18:00,375,53.6,20,1.08413
2025-06-23T07:21:00,375,52.6,20,1.10749
2025-06-23T07:24:00,369,53.1,20,1.09581
2025-06-23T07:27:00,353,52.9,20,1.10048
2025-06-23T07:30:00,371,52.5,20,1.10983
2025-06-23T07:33:00,403,52.5,20,1.10983
2025-06-23T07:36:00,396,51.6,20,1.13086
2025-06-23T07:39:00,408,50.7,20,1.15188
2025-06-23T07:42:00,385,49.4,20,1.18226
2025-06-23T07:45:00,398,54.1,20,1.07244
2025-06-23T07:48:00,509,52.4,20,1.11216
2025-06-23T07:51:00,523,51.4,20,1.13553
2025-06-23T07:54:00,460,48.7,20,1.19861
2025-06-23T07:57:00,413,48.8,20,1.19628
2025-06-23T08:00:00,402,48.7,20,1.19861
2025-06-23T08:03:00,384,50.2,20,1.16357
2025-06-23T08:06:00,377,50.7,19,1.08246
2025-06-23T08:09:00,389,51.9,20,1.12385
2025-06-23T08:12:00,383,51,20,1.14487
2025-06-23T08:15:00,413,49.5,20,1.17992
2025-06-23T08:18:00,425,49,19,1.11979
2025-06-23T08:21:00,472,48.4,19,1.13296
2025-06-23T08:24:00,471,46.4,20,1.25235
2025-06-23T08:27:00,589,47.5,20,1.22665
2025-06-23T08:30:00,404,45.6,21,1.35192
2025-06-23T08:33:00,421,46.9,20,1.24067
2025-06-23T08:36:00,512,46.2,19,1.18126
2025-06-23T08:39:00,643,48.7,19,1.12637
2025-06-23T08:42:00,470,46.5,19,1.17468
2025-06-23T08:45:00,622,45.2,20,1.28039
2025-06-23T08:48:00,545,44.3,20,1.30142
2025-06-23T08:51:00,747,45,19,1.20761
2025-06-23T08:54:00,457,45,20,1.28506
2025-06-23T08:57:00,424,43.5,21,1.40411
2025-06-23T09:00:00,456,42.7,20,1.3388
2025-06-23T09:03:00,450,42.3,21,1.43393
2025-06-23T09:06:00,493,43.1,18,1.17347
2025-06-23T09:09:00,479,47.9,18,1.07448
2025-06-23T09:12:00,433,48.1,18,1.07035
2025-06-23T09:15:00,564,43.4,19,1.24274
2025-06-23T09:18:00,518,50.6,17,0.95646
2025-06-23T09:21:00,424,44.7,19,1.2142
2025-06-23T09:24:00,479,49.9,16,0.91023
2025-06-23T09:27:00,472,48.5,18,1.0621
2025-06-23T09:30:00,405,48.1,20,1.21263
2025-06-23T09:33:00,528,51.2,15,0.83154
2025-06-23T09:36:00,487,47.9,18,1.07448
2025-06-23T09:39:00,446,48,17,1.0068
2025-06-23T09:42:00,424,47.8,19,1.14613
2025-06-23T09:45:00,465,44.9,19,1.20981
2025-06-23T09:48:00,822,44.5,18,1.14459
2025-06-23T09:51:00,558,45,18,1.13428
2025-06-23T09:54:00,501,43.9,18,1.15697
2025-06-23T09:57:00,743,44.1,18,1.15284
2025-06-23T10:00:00,668,47.6,17,1.01455
2025-06-23T10:03:00,502,48.4,17,0.99906
2025-06-23T10:06:00,504,50,16,0.90841
2025-06-23T10:09:00,431,43.9,19,1.23176
2025-06-23T10:12:00,435,46.5,18,1.10335
2025-06-23T10:15:00,469,47.8,16,0.94838
2025-06-23T10:18:00,587,46.7,17,1.03198
2025-06-23T10:21:00,528,44.7,19,1.2142
2025-06-23T10:24:00,656,45.6,18,1.12191
2025-06-23T10:27:00,935,46.5,17,1.03585
2025-06-23T10:30:00,485,47.6,17,1.01455
2025-06-23T10:33:00,460,44.2,19,1.22518
2025-06-23T10:36:00,446,45.5,17,1.05521
2025-06-23T10:39:00,450,43.4,19,1.24274
2025-06-23T10:42:00,446,43.4,19,1.24274
2025-06-23T10:45:00,443,41.3,20,1.37151
2025-06-23T10:48:00,507,43.1,19,1.24933
2025-06-23T10:51:00,425,43.4,19,1.24274
2025-06-23T10:54:00,402,42.3,20,1.34815
2025-06-23T10:57:00,392,41.4,20,1.36918
2025-06-23T11:00:00,386,41,20,1.37852
2025-06-23T11:03:00,401,40.8,20,1.3832
2025-06-23T11:06:00,430,41.4,20,1.36918
2025-06-23T11:09:00,462,41.3,20,1.37151
2025-06-23T11:12:00,465,41.1,20,1.37619
2025-06-23T11:15:00,410,41.5,20,1.36684
2025-06-23T11:18:00,380,41.5,20,1.36684
2025-06-23T11:21:00,377,41.2,20,1.37385
2025-06-23T11:24:00,377,41.2,20,1.37385
2025-06-23T11:27:00,372,41.3,20,1.37151
2025-06-23T11:30:00,393,42.1,20,1.35282
2025-06-23T11:33:00,411,41.2,20,1.37385
2025-06-23T11:36:00,384,42,20,1.35516
2025-06-23T11:39:00,368,41.9,20,1.35749
2025-06-23T11:42:00,383,41.7,20,1.36217
2025-06-23T11:45:00,382,42.5,20,1.34348
2025-06-23T11:48:00,363,42,20,1.35516
2025-06-23T11:51:00,350,42.3,20,1.34815
2025-06-23T11:54:00,353,42,20,1.35516
2025-06-23T11:57:00,362,42.5,19,1.2625
2025-06-23T12:00:00,400,43.1,19,1.24933
2025-06-23T12:03:00,408,44.9,19,1.20981
2025-06-23T12:06:00,397,44.8,19,1.212
2025-06-23T12:09:00,416,45.2,19,1.20322
2025-06-23T12:12:00,415,45.3,19,1.20102
2025-06-23T12:15:00,401,45.8,19,1.19005
2025-06-23T12:18:00,393,46,19,1.18566
2025-06-23T12:21:00,391,46.2,19,1.18126
2025-06-23T12:24:00,382,45.5,19,1.19663
2025-06-23T12:27:00,392,44.5,19,1.21859
2025-06-23T12:30:00,397,44.4,19,1.22079
2025-06-23T12:33:00,402,44.2,19,1.22518
2025-06-23T12:36:00,420,44.4,19,1.22079
2025-06-23T12:39:00,427,44.7,19,1.2142
2025-06-23T12:42:00,432,44,20,1.30843
2025-06-23T12:45:00,412,44.2,19,1.22518
2025-06-23T12:48:00,406,43.8,19,1.23396
2025-06-23T12:51:00,410,43.5,20,1.32011
2025-06-23T12:54:00,410,43.5,19,1.24055
2025-06-23T12:57:00,406,43.8,19,1.23396
2025-06-23T13:00:00,410,43.5,20,1.32011
2025-06-23T13:03:00,411,42.8,20,1.33647
2025-06-23T13:06:00,399,43.3,19,1.24494
2025-06-23T13:09:00,402,43.2,19,1.24713
2025-06-23T13:12:00,419,42.9,19,1.25372
2025-06-23T13:15:00,438,42.8,19,1.25592
2025-06-23T13:18:00,423,42.7,20,1.3388
2025-06-23T13:21:00,410,43.4,20,1.32245
2025-06-23T13:24:00,416,43.3,20,1.32478
2025-06-23T13:27:00,426,43.1,20,1.32946
2025-06-23T13:30:00,433,42.3,20,1.34815
2025-06-23T13:33:00,419,42.2,20,1.35049
2025-06-23T13:36:00,416,42.1,20,1.35282
2025-06-23T13:39:00,446,42.8,19,1.25592
2025-06-23T13:42:00,497,42.7,20,1.3388
2025-06-23T13:45:00,507,43.1,19,1.24933
2025-06-23T13:48:00,538,43,19,1.25152
2025-06-23T13:51:00,589,44.7,19,1.2142
2025-06-23T13:54:00,598,43.5,19,1.24055
2025-06-23T13:57:00,578,44.3,19,1.22298
2025-06-23T14:00:00,528,45.6,18,1.12191
2025-06-23T14:03:00,545,46.1,19,1.18346
2025-06-23T14:06:00,581,44.6,19,1.21639
2025-06-23T14:09:00,586,43.6,20,1.31777
2025-06-23T14:12:00,580,40.9,21,1.46873
2025-06-23T14:15:00,616,47.7,18,1.0786
2025-06-23T14:18:00,536,67.2,16,0.59592
2025-06-23T14:21:00,532,67.7,15,0.55039
2025-06-23T14:24:00,495,66.2,15,0.57595
2025-06-23T14:27:00,500,62.2,18,0.77956
2025-06-23T14:30:00,435,57.9,20,0.98366
2025-06-23T14:33:00,512,65.1,17,0.67572
2025-06-23T14:36:00,471,56.7,18,0.89299
2025-06-23T14:39:00,466,59.7,18,0.83112
2025-06-23T14:42:00,505,56.7,20,1.0117
2025-06-23T14:45:00,442,54.8,20,1.05609
2025-06-23T14:48:00,421,55.7,20,1.03506
2025-06-23T14:51:00,389,55.9,20,1.03039
2025-06-23T14:54:00,390,58.7,19,0.90681
2025-06-23T14:57:00,423,50.3,20,1.16123
2025-06-23T15:00:00,476,58.4,18,0.85793
2025-06-23T15:03:00,440,58.5,19,0.9112
2025-06-23T15:06:00,462,60.2,18,0.82081
2025-06-23T15:09:00,464,59.8,18,0.82906
2025-06-23T15:12:00,471,60.2,18,0.82081
2025-06-23T15:15:00,468,59.4,18,0.83731
2025-06-23T15:18:00,504,57.3,19,0.93755
2025-06-23T15:21:00,517,56.5,19,0.95511
2025-06-23T15:24:00,560,58.6,18,0.85381
2025-06-23T15:27:00,602,56.7,19,0.95072
2025-06-23T15:30:00,671,59.8,19,0.88265
2025-06-23T15:33:00,671,55.6,20,1.0374
2025-06-23T15:36:00,605,65.4,17,0.66991
2025-06-23T15:39:00,606,58.9,19,0.90242
2025-06-23T15:42:00,654,57.2,19,0.93974
2025-06-23T15:45:00,465,53.1,20,1.09581
2025-06-23T15:48:00,498,59.7,18,0.83112
2025-06-23T15:51:00,482,53.4,19,1.02318
2025-06-23T15:54:00,602,54,20,1.07478
2025-06-23T15:57:00,602,56.9,18,0.88887
2025-06-23T16:00:00,524,52.6,19,1.04074
2025-06-23T16:03:00,487,50.4,20,1.15889
2025-06-23T16:06:00,462,51.7,19,1.0605
2025-06-23T16:09:00,439,49.6,20,1.17759
2025-06-23T16:12:00,400,49.1,20,1.18927
2025-06-23T16:15:00,383,50.3,19,1.09124
2025-06-23T16:18:00,391,48.8,20,1.19628
2025-06-23T16:21:00,406,48,20,1.21497
2025-06-23T16:24:00,390,47.2,20,1.23366
2025-06-23T16:27:00,378,47.1,21,1.31465
2025-06-23T16:30:00,375,47,20,1.23833
2025-06-23T16:33:00,370,46.8,20,1.24301
2025-06-23T16:36:00,369,47.5,20,1.22665
2025-06-23T16:39:00,367,51.1,20,1.14254
2025-06-23T16:42:00,360,50.2,20,1.16357
2025-06-23T16:45:00,352,51.6,20,1.13086
2025-06-23T16:48:00,349,51.9,20,1.12385
2025-06-23T16:51:00,348,50.2,20,1.16357
2025-06-23T16:54:00,347,49.8,20,1.17291
2025-06-23T16:57:00,344,51.5,20,1.13319
2025-06-23T17:00:00,339,53.3,19,1.02537
2025-06-23T17:03:00,341,56,19,0.96609
2025-06-23T17:06:00,338,58.8,20,0.96263
2025-06-23T17:09:00,339,60.5,20,0.92291
2025-06-23T17:12:00,335,59.3,19,0.89363
2025-06-23T17:15:00,333,59,19,0.90022
2025-06-23T17:18:00,331,60.8,19,0.8607
2025-06-23T17:21:00,333,61.8,19,0.83874
2025-06-23T17:24:00,333,63.7,19,0.79702
2025-06-23T17:27:00,332,65.3,19,0.76189
2025-06-23T17:30:00,332,65,19,0.76848
2025-06-23T17:33:00,331,63,18,0.76306
2025-06-23T17:36:00,331,61.7,18,0.78987
2025-06-23T17:39:00,333,62.5,18,0.77337
2025-06-23T17:42:00,331,62.7,19,0.81898
2025-06-23T17:45:00,331,64.9,19,0.77068
2025-06-23T17:48:00,331,64.9,19,0.77068
2025-06-23T17:51:00,332,64.8,19,0.77287
2025-06-23T17:54:00,331,65.6,19,0.75531
2025-06-23T17:57:00,331,65.9,19,0.74872
2025-06-23T18:00:00,331,63.7,19,0.79702
2025-06-23T18:03:00,331,63.4,19,0.80361
2025-06-23T18:06:00,332,64.4,19,0.78165
2025-06-23T18:09:00,331,62.8,19,0.81678
2025-06-23T18:12:00,331,62.4,19,0.82557
2025-06-23T18:15:00,333,63.8,19,0.79483
2025-06-23T18:18:00,334,63.9,20,0.84347
2025-06-23T18:21:00,339,63.3,19,0.80581
2025-06-23T18:24:00,346,62.8,20,0.86917
2025-06-23T18:27:00,367,62.6,20,0.87384
2025-06-23T18:30:00,424,64.2,20,0.83646
2025-06-23T18:33:00,441,61,20,0.91123
2025-06-23T18:36:00,436,64.8,20,0.82244
2025-06-23T18:39:00,455,63.3,20,0.85749
2025-06-23T18:42:00,421,63,20,0.8645
2025-06-23T18:45:00,418,61.4,20,0.90188
2025-06-23T18:48:00,393,60.1,21,0.99158
2025-06-23T18:51:00,408,61.2,19,0.85192
2025-06-23T18:54:00,403,61.2,19,0.85192
2025-06-23T18:57:00,389,63,20,0.8645
2025-06-23T19:00:00,381,63,20,0.8645
2025-06-23T19:03:00,389,59.8,20,0.93926
2025-06-23T19:06:00,383,58.1,20,0.97898
2025-06-23T19:09:00,381,58.3,20,0.97431
2025-06-23T19:12:00,367,59.6,19,0.88705
2025-06-23T19:15:00,376,58.3,20,0.97431
2025-06-23T19:18:00,378,59.4,20,0.94861
2025-06-23T19:21:00,372,58.3,20,0.97431
2025-06-23T19:24:00,365,58.2,20,0.97665
2025-06-23T19:27:00,366,58.4,19,0.91339
2025-06-23T19:30:00,368,58.7,19,0.90681
2025-06-23T19:33:00,369,59,19,0.90022
2025-06-23T19:36:00,367,60.1,19,0.87607
2025-06-23T19:39:00,364,59.3,20,0.95095
2025-06-23T19:42:00,361,58,19,0.92218
2025-06-23T19:45:00,361,58.9,20,0.96029
2025-06-23T19:48:00,361,60.6,20,0.92057
2025-06-23T19:51:00,361,59.4,20,0.94861
2025-06-23T19:54:00,363,58,19,0.92218
2025-06-23T19:57:00,361,58.1,19,0.91998
2025-06-23T20:00:00,347,59.4,19,0.89144
2025-06-23T20:03:00,29,59.1,19,0.89802
2025-06-23T20:06:00,26,58.5,19,0.9112
2025-06-23T20:09:00,27,59,19,0.90022
2025-06-23T20:12:00,27,59,19,0.90022
2025-06-23T20:15:00,30,59.5,19,0.88924
2025-06-23T20:18:00,32,59.7,19,0.88485
2025-06-23T20:21:00,33,60,19,0.87826
2025-06-23T20:24:00,34,60.4,18,0.81668
2025-06-23T20:27:00,29,60.3,18,0.81875
2025-06-23T20:30:00,21,60.4,18,0.81668
2025-06-23T20:33:00,15,60.8,18,0.80843
2025-06-23T20:36:00,15,61.1,18,0.80225
2025-06-23T20:39:00,14,61.1,18,0.80225
2025-06-23T20:42:00,14,61.6,18,0.79194
2025-06-23T20:45:00,14,61.9,19,0.83655
2025-06-23T20:48:00,13,62.4,19,0.82557
2025-06-23T20:51:00,11,63.3,19,0.80581
2025-06-23T20:54:00,10,63.8,19,0.79483
2025-06-23T20:57:00,9,64.5,19,0.77946
2025-06-23T21:00:00,0,65.2,19,0.76409
2025-06-23T21:03:00,0,66,19,0.74652
2025-06-23T21:06:00,0,66.6,19,0.73335
2025-06-23T21:09:00,0,67.15,19,0.72127
2025-06-23T21:12:00,0,67.7,19,0.7092
2025-06-23T21:15:00,0,68.1,18,0.65788
2025-06-23T21:18:00,0,68.5,18,0.64963
2025-06-23T21:21:00,0,68.8,18,0.64345
2025-06-23T21:24:00,0,69.2,18,0.6352
2025-06-23T21:27:00,0,69.3,18,0.63314
2025-06-23T21:30:00,0,69.5,18,0.62901
2025-06-23T21:33:00,0,69.9,18,0.62076
2025-06-23T21:36:00,0,70.1,18,0.61664
2025-06-23T21:39:00,0,69.9,18,0.62076
2025-06-23T21:42:00,0,69.9,18,0.62076
2025-06-23T21:45:00,0,69.8,18,0.62282
2025-06-23T21:48:00,0,69.8,18,0.62282
2025-06-23T21:51:00,0,69.8,18,0.62282
2025-06-23T21:54:00,0,69.7,18,0.62489
2025-06-23T21:57:00,0,69.8,18,0.62282
2025-06-23T22:00:00,0,69.7,18,0.62489
2025-06-23T22:03:00,0,69.7,18,0.62489
2025-06-23T22:06:00,0,69.6,18,0.62695
2025-06-23T22:09:00,0,69.6,18,0.62695
2025-06-23T22:12:00,0,69.6,18,0.62695
2025-06-23T22:15:00,0,69.7,18,0.62489
2025-06-23T22:18:00,0,69.7,18,0.62489
2025-06-23T22:21:00,0,69.8,18,0.62282
2025-06-23T22:24:00,0,69.7,18,0.62489
2025-06-23T22:27:00,0,69.8,17,0.58472
2025-06-23T22:30:00,0,69.7,17,0.58666
2025-06-23T22:33:00,0,69.6,17,0.58859
2025-06-23T22:36:00,0,69.5,17,0.59053
2025-06-23T22:39:00,0,69.6,17,0.58859
2025-06-23T22:42:00,0,69.4,17,0.59247
2025-06-23T22:45:00,0,69.3,17,0.5944
2025-06-23T22:48:00,0,69.5,17,0.59053
2025-06-23T22:51:00,0,69.2,17,0.59634
2025-06-23T22:54:00,0,69.3,17,0.5944
2025-06-23T22:57:00,0,69.3,17,0.5944
2025-06-23T23:00:00,0,69.3,17,0.5944
2025-06-23T23:03:00,0,69.3,17,0.5944
2025-06-23T23:06:00,0,71.6,17,0.54987
2025-06-23T23:09:00,0,73.7,17,0.50921
2025-06-23T23:12:00,0,75,17,0.48404
2025-06-23T23:15:00,0,76,17,0.46468
2025-06-23T23:18:00,0,76.6,17,0.45306
2025-06-23T23:21:00,0,77.4,17,0.43757
2025-06-23T23:24:00,0,78,17,0.42596
2025-06-23T23:27:00,0,78.2,17,0.42208
2025-06-23T23:30:00,0,78.6,17,0.41434
2025-06-23T23:33:00,0,78.9,17,0.40853
2025-06-23T23:36:00,0,79.3,17,0.40079
2025-06-23T23:39:00,0,79.5,17,0.39691
2025-06-23T23:42:00,0,79.6,17,0.39498
2025-06-23T23:45:00,0,79.7,17,0.39304
2025-06-23T23:48:00,0,79.7,17,0.39304
2025-06-23T23:51:00,0,80,17,0.38723
2025-06-23T23:54:00,0,80,17,0.38723
2025-06-23T23:57:00,0,80,17,0.38723
2025-06-24T00:00:00,0,80.1,17,0.3853
2025-06-24T00:03:00,0,80,17,0.38723
2025-06-24T00:06:00,0,80.1,17,0.3853
2025-06-24T00:09:00,0,80,17,0.38723
2025-06-24T00:12:00,0,80.2,17,0.38336
2025-06-24T00:15:00,0,80,17,0.38723
2025-06-24T00:18:00,0,80.3,17,0.38142
2025-06-24T00:21:00,0,80.2,17,0.38336
2025-06-24T00:24:00,0,80.4,17,0.37949
2025-06-24T00:27:00,0,80.4,17,0.37949
2025-06-24T00:30:00,0,80.4,17,0.37949
2025-06-24T00:33:00,0,80.6,17,0.37562
2025-06-24T00:36:00,0,81.2,17,0.364
2025-06-24T00:39:00,0,81.6,17,0.35625
2025-06-24T00:42:00,0,82.1,17,0.34657
2025-06-24T00:45:00,0,82.2,17,0.34464
2025-06-24T00:48:00,0,82.2,17,0.34464
2025-06-24T00:51:00,0,82.2,17,0.34464
2025-06-24T00:54:00,0,82.3,17,0.3427
2025-06-24T00:57:00,0,82.4,17,0.34076
2025-06-24T01:00:00,0,82.3,17,0.3427
2025-06-24T01:03:00,0,82.4,17,0.34076
2025-06-24T01:06:00,0,82.3,17,0.3427
2025-06-24T01:09:00,0,82.4,17,0.34076
2025-06-24T01:12:00,0,82.4,17,0.34076
2025-06-24T01:15:00,0,82.5,17,0.33883
2025-06-24T01:18:00,0,82.4,17,0.34076
2025-06-24T01:21:00,0,82.5,17,0.33883
2025-06-24T01:24:00,0,82.4,17,0.34076
2025-06-24T01:27:00,0,82.5,17,0.33883
2025-06-24T01:30:00,0,82.5,17,0.33883
2025-06-24T01:33:00,0,82.5,17,0.33883
2025-06-24T01:36:00,0,82.3,17,0.3427
2025-06-24T01:39:00,0,82.3,17,0.3427
2025-06-24T01:42:00,0,82.4,17,0.34076
2025-06-24T01:45:00,0,82.4,17,0.34076
2025-06-24T01:48:00,0,82.3,17,0.3427
2025-06-24T01:51:00,0,82.3,17,0.3427
2025-06-24T01:54:00,0,82.2,17,0.34464
2025-06-24T01:57:00,0,82.1,17,0.34657
2025-06-24T02:00:00,0,82.1,17,0.34657
2025-06-24T02:03:00,0,82.2,17,0.34464
2025-06-24T02:06:00,0,82.5,17,0.33883
2025-06-24T02:09:00,0,82.9,17,0.33108
2025-06-24T02:12:00,0,83,17,0.32915
2025-06-24T02:15:00,0,83.1,17,0.32721
2025-06-24T02:18:00,0,83.1,17,0.32721
2025-06-24T02:21:00,0,83.1,17,0.32721
2025-06-24T02:24:00,0,83.1,17,0.32721
2025-06-24T02:27:00,0,83,17,0.32915
2025-06-24T02:30:00,0,82.9,17,0.33108
2025-06-24T02:33:00,0,82.7,17,0.33496
2025-06-24T02:36:00,0,82.6,17,0.33689
2025-06-24T02:39:00,0,82.5,16,0.31794
2025-06-24T02:42:00,0,82.4,16,0.31976
2025-06-24T02:45:00,0,82.4,16,0.31976
2025-06-24T02:48:00,0,82.5,16,0.31794
2025-06-24T02:51:00,0,82.4,16,0.31976
2025-06-24T02:54:00,0,82.4,16,0.31976
2025-06-24T02:57:00,0,82.4,16,0.31976
2025-06-24T03:00:00,0,82.5,16,0.31794
2025-06-24T03:03:00,0,82.3,16,0.32158
2025-06-24T03:06:00,0,82.4,16,0.31976
2025-06-24T03:09:00,0,82.2,16,0.32339
2025-06-24T03:12:00,0,82.1,16,0.32521
2025-06-24T03:15:00,0,81.9,16,0.32884
2025-06-24T03:18:00,0,81.7,16,0.33248
2025-06-24T03:21:00,0,81.6,16,0.33429
2025-06-24T03:24:00,0,81.5,16,0.33611
2025-06-24T03:27:00,0,81.4,16,0.33793
2025-06-24T03:30:00,0,81.5,16,0.33611
2025-06-24T03:33:00,0,81.5,16,0.33611
2025-06-24T03:36:00,0,81.4,16,0.33793
2025-06-24T03:39:00,0,81.3,16,0.33975
2025-06-24T03:42:00,0,81.2,16,0.34156
2025-06-24T03:45:00,0,81.1,16,0.34338
2025-06-24T03:48:00,0,80.8,16,0.34883
2025-06-24T03:51:00,0,80.7,16,0.35065
2025-06-24T03:54:00,0,80.5,16,0.35428
2025-06-24T03:57:00,0,80.5,16,0.35428
2025-06-24T04:00:00,0,80.3,16,0.35791
2025-06-24T04:03:00,346,79.9,16,0.36518
2025-06-24T04:06:00,345,79.2,16,0.3779
2025-06-24T04:09:00,342,78.6,17,0.41434
2025-06-24T04:12:00,339,78.1,17,0.42402
2025-06-24T04:15:00,338,77.4,17,0.43757
2025-06-24T04:18:00,336,77,17,0.44532
2025-06-24T04:21:00,334,76.5,17,0.455
2025-06-24T04:24:00,334,76.3,17,0.45887
2025-06-24T04:27:00,332,75.8,18,0.49908
2025-06-24T04:30:00,333,75.5,18,0.50527
2025-06-24T04:33:00,331,75.2,18,0.51146
2025-06-24T04:36:00,331,74.9,18,0.51765
2025-06-24T04:39:00,331,74.6,18,0.52383
2025-06-24T04:42:00,331,74.5,18,0.52589
2025-06-24T04:45:00,330,74,18,0.53621
2025-06-24T04:48:00,331,73.9,18,0.53827
2025-06-24T04:51:00,331,73.5,19,0.58185
2025-06-24T04:54:00,331,73.3,19,0.58624
2025-06-24T04:57:00,331,73.1,19,0.59063
2025-06-24T05:00:00,332,73.1,19,0.59063
2025-06-24T05:03:00,331,72.8,19,0.59722
2025-06-24T05:06:00,331,72.6,19,0.60161
2025-06-24T05:09:00,332,72.4,19,0.606
2025-06-24T05:12:00,333,72.4,19,0.606
2025-06-24T05:15:00,334,72.3,19,0.6082
2025-06-24T05:18:00,333,72.2,19,0.61039
2025-06-24T05:21:00,334,72,19,0.61478
2025-06-24T05:24:00,333,72,20,0.65421
2025-06-24T05:27:00,334,71.9,20,0.65655
2025-06-24T05:30:00,333,71.8,20,0.65889
2025-06-24T05:33:00,334,71.6,20,0.66356
2025-06-24T05:36:00,334,71.2,20,0.67291
2025-06-24T05:39:00,334,71.3,20,0.67057
2025-06-24T05:42:00,334,70.1,20,0.69861
2025-06-24T05:45:00,334,68.4,20,0.73833
2025-06-24T05:48:00,332,67.5,20,0.75936
2025-06-24T05:51:00,335,66.7,20,0.77805
2025-06-24T05:54:00,334,66,20,0.7944
2025-06-24T05:57:00,336,65.7,20,0.80141
2025-06-24T06:00:00,339,64.9,20,0.8201
2025-06-24T06:03:00,344,64.4,20,0.83179
2025-06-24T06:06:00,348,63.9,20,0.84347
2025-06-24T06:09:00,347,63,20,0.8645
2025-06-24T06:12:00,352,62.9,20,0.86683
2025-06-24T06:15:00,345,62.4,20,0.87852
2025-06-24T06:18:00,347,61.7,20,0.89487
2025-06-24T06:21:00,353,61.6,20,0.89721
2025-06-24T06:24:00,351,61.8,20,0.89254
2025-06-24T06:27:00,362,61.9,20,0.8902
2025-06-24T06:30:00,366,60.9,20,0.91356
2025-06-24T06:33:00,372,61,20,0.91123
2025-06-24T06:36:00,370,60.5,19,0.86728
2025-06-24T06:39:00,388,59.8,19,0.88265
2025-06-24T06:42:00,369,59.4,19,0.89144
2025-06-24T06:45:00,388,59.5,19,0.88924
2025-06-24T06:48:00,382,58.6,19,0.909
2025-06-24T06:51:00,372,57.7,20,0.98833
2025-06-24T06:54:00,368,57,20,1.00469
2025-06-24T06:57:00,381,56.4,20,1.01871
2025-06-24T07:00:00,375,55.6,20,1.0374
2025-06-24T07:03:00,382,55.2,19,0.98365
2025-06-24T07:06:00,384,55.1,20,1.04908
2025-06-24T07:09:00,400,54.8,20,1.05609
2025-06-24T07:12:00,376,54.7,20,1.05843
2025-06-24T07:15:00,378,54.2,20,1.07011
2025-06-24T07:18:00,382,54.2,20,1.07011
2025-06-24T07:21:00,372,53.4,20,1.0888
2025-06-24T07:24:00,401,52.5,20,1.10983
2025-06-24T07:27:00,408,52.1,20,1.11917
2025-06-24T07:30:00,427,52.8,21,1.17299
2025-06-24T07:33:00,402,52.6,20,1.10749
2025-06-24T07:36:00,495,52.4,20,1.11216
2025-06-24T07:39:00,554,52.5,19,1.04294
2025-06-24T07:42:00,580,51.9,21,1.19536
2025-06-24T07:45:00,602,48.9,20,1.19394
2025-06-24T07:48:00,600,49.3,20,1.1846
2025-06-24T07:51:00,563,46.9,20,1.24067
2025-06-24T07:54:00,504,47.4,20,1.22899
2025-06-24T07:57:00,413,51.6,19,1.0627
2025-06-24T08:00:00,479,49.8,19,1.10222
2025-06-24T08:03:00,486,52.7,18,0.97548
2025-06-24T08:06:00,504,50.7,20,1.15188
2025-06-24T08:09:00,507,51,18,1.01054
2025-06-24T08:12:00,571,49.3,19,1.1132
2025-06-24T08:15:00,383,48.7,19,1.12637
2025-06-24T08:18:00,629,49.2,19,1.11539
2025-06-24T08:21:00,655,48.9,19,1.12198
2025-06-24T08:24:00,607,47.4,21,1.30719
2025-06-24T08:27:00,403,47.5,20,1.22665
2025-06-24T08:30:00,650,48.3,20,1.20796
2025-06-24T08:33:00,667,50.3,19,1.09124
2025-06-24T08:36:00,706,49.8,19,1.10222
2025-06-24T08:39:00,449,52.3,18,0.98373
2025-06-24T08:42:00,660,52.2,17,0.92549
2025-06-24T08:45:00,418,52.4,18,0.98167
2025-06-24T08:48:00,398,51,20,1.14487
2025-06-24T08:51:00,405,49,21,1.26743
2025-06-24T08:54:00,424,46.6,21,1.32707
2025-06-24T08:57:00,447,44.9,21,1.36932
2025-06-24T09:00:00,443,45.7,20,1.26871
2025-06-24T09:03:00,772,52.8,17,0.91387
2025-06-24T09:06:00,482,53.1,17,0.90806
2025-06-24T09:09:00,448,53.4,16,0.84664
2025-06-24T09:12:00,465,50.9,18,1.01261
2025-06-24T09:15:00,460,47.8,19,1.14613
2025-06-24T09:18:00,594,54.7,15,0.77191
2025-06-24T09:21:00,490,53.6,17,0.89838
2025-06-24T09:24:00,623,52,17,0.92936
2025-06-24T09:27:00,563,55.4,16,0.8103
2025-06-24T09:30:00,465,47.9,19,1.14394
2025-06-24T09:33:00,466,49.9,18,1.03323
2025-06-24T09:36:00,549,51.8,16,0.87571
2025-06-24T09:39:00,463,50.9,18,1.01261
2025-06-24T09:42:00,449,46.8,19,1.16809
2025-06-24T09:45:00,452,46.1,19,1.18346
2025-06-24T09:48:00,872,45.4,19,1.19883
2025-06-24T09:51:00,454,51.1,18,1.00848
2025-06-24T09:54:00,454,47.4,19,1.15492
2025-06-24T09:57:00,460,48.3,19,1.13515
2025-06-24T10:00:00,480,48.2,18,1.06829
2025-06-24T10:03:00,466,48.9,18,1.05385
2025-06-24T10:06:00,507,49.1,18,1.04973
2025-06-24T10:09:00,545,51.6,17,0.9371
2025-06-24T10:12:00,624,48.4,17,0.99906
2025-06-24T10:15:00,482,50,18,1.03117
2025-06-24T10:18:00,510,51.9,17,0.93129
2025-06-24T10:21:00,484,47.7,19,1.14833
2025-06-24T10:24:00,484,49.5,18,1.04148
2025-06-24T10:27:00,475,46.7,19,1.17029
2025-06-24T10:30:00,509,48.5,18,1.0621
2025-06-24T10:33:00,1327,48.3,19,1.13515
2025-06-24T10:36:00,517,48.8,18,1.05591
2025-06-24T10:39:00,566,49.5,18,1.04148
2025-06-24T10:42:00,670,51.8,17,0.93323
2025-06-24T10:45:00,601,46.4,19,1.17687
2025-06-24T10:48:00,552,51.3,16,0.88479
2025-06-24T10:51:00,668,51.1,17,0.94678
2025-06-24T10:54:00,556,48.9,18,1.05385
2025-06-24T10:57:00,501,53.4,15,0.79406
2025-06-24T11:00:00,533,49.6,18,1.03942
2025-06-24T11:03:00,558,49.5,17,0.97776
2025-06-24T11:06:00,495,51.4,17,0.94098
2025-06-24T11:09:00,482,49.1,17,0.98551
2025-06-24T11:12:00,503,49.8,18,1.03529
2025-06-24T11:15:00,506,45.5,19,1.19663
2025-06-24T11:18:00,591,49.1,17,0.98551
2025-06-24T11:21:00,532,52.3,16,0.86662
2025-06-24T11:24:00,658,51.8,17,0.93323
2025-06-24T11:27:00,554,48.4,18,1.06416
2025-06-24T11:30:00,540,48.9,17,0.98938
2025-06-24T11:33:00,528,50.6,17,0.95646
2025-06-24T11:36:00,524,46.6,19,1.17248
2025-06-24T11:39:00,558,43.6,19,1.23835
2025-06-24T11:42:00,550,51.5,16,0.88116
2025-06-24T11:45:00,570,51,18,1.01054
2025-06-24T11:48:00,506,47.2,19,1.15931
2025-06-24T11:51:00,501,46.3,19,1.17907
2025-06-24T11:54:00,542,51.5,17,0.93904
2025-06-24T11:57:00,532,48.5,18,1.0621
2025-06-24T12:00:00,517,45.2,19,1.20322
2025-06-24T12:03:00,519,47.1,17,1.02423
2025-06-24T12:06:00,570,46.9,18,1.0951
2025-06-24T12:09:00,534,46.1,18,1.1116
2025-06-24T12:12:00,569,51,16,0.89024
2025-06-24T12:15:00,548,49.4,17,0.9797
2025-06-24T12:18:00,561,47.3,19,1.15711
2025-06-24T12:21:00,572,66.8,15,0.56572
2025-06-24T12:24:00,539,63.8,16,0.65769
2025-06-24T12:27:00,540,64.1,16,0.65224
2025-06-24T12:30:00,513,61.2,17,0.75123
2025-06-24T12:33:00,501,62.7,17,0.72219
2025-06-24T12:36:00,503,65.2,16,0.63225
2025-06-24T12:39:00,516,57,19,0.94413
2025-06-24T12:42:00,508,62.6,17,0.72413
2025-06-24T12:45:00,505,55.8,20,1.03272
2025-06-24T12:48:00,515,58.6,18,0.85381
2025-06-24T12:51:00,561,62.7,17,0.72219
2025-06-24T12:54:00,497,57.3,19,0.93755
2025-06-24T12:57:00,510,62.7,17,0.72219
2025-06-24T13:00:00,569,56.3,19,0.9595
2025-06-24T13:03:00,485,63.4,17,0.70864
2025-06-24T13:06:00,543,59.4,19,0.89144
2025-06-24T13:09:00,517,57.5,19,0.93315
2025-06-24T13:12:00,528,54.7,20,1.05843
2025-06-24T13:15:00,489,58.4,19,0.91339
2025-06-24T13:18:00,502,54.3,18,0.94249
2025-06-24T13:21:00,491,55.6,19,0.97487
2025-06-24T13:24:00,592,61.4,17,0.74736
2025-06-24T13:27:00,587,53.5,18,0.95898
2025-06-24T13:30:00,573,59.4,18,0.83731
2025-06-24T13:33:00,477,60.1,17,0.77253
2025-06-24T13:36:00,444,54.7,19,0.99463
2025-06-24T13:39:00,538,52.5,17,0.91968
2025-06-24T13:42:00,533,47.5,18,1.08272
2025-06-24T13:45:00,517,54,18,0.94867
2025-06-24T13:48:00,509,57.3,19,0.93755
2025-06-24T13:51:00,454,63.9,15,0.61514
2025-06-24T13:54:00,451,65.9,16,0.61954
2025-06-24T13:57:00,449,65.1,17,0.67572
2025-06-24T14:00:00,450,60.5,17,0.76478
2025-06-24T14:03:00,446,68.1,16,0.57957
2025-06-24T14:06:00,443,67,17,0.63893
2025-06-24T14:09:00,441,69.7,16,0.5505
2025-06-24T14:12:00,449,63.3,18,0.75688
2025-06-24T14:15:00,460,68.3,15,0.54016
2025-06-24T14:18:00,473,65.2,17,0.67378
2025-06-24T14:21:00,538,67.2,17,0.63506
2025-06-24T14:24:00,575,61.4,19,0.84752
2025-06-24T14:27:00,535,71.4,15,0.48734
2025-06-24T14:30:00,373,63.3,18,0.75688
2025-06-24T14:33:00,442,66.6,15,0.56913
2025-06-24T14:36:00,398,66.2,17,0.65442
2025-06-24T14:39:00,457,66.7,15,0.56743
2025-06-24T14:42:00,453,64.9,16,0.6377
2025-06-24T14:45:00,448,67.5,17,0.62925
2025-06-24T14:48:00,449,66.6,16,0.60682
2025-06-24T14:51:00,445,69.3,16,0.55776
2025-06-24T14:54:00,449,68.1,16,0.57957
2025-06-24T14:57:00,444,71.5,15,0.48564
2025-06-24T15:00:00,451,64.2,18,0.73832
2025-06-24T15:03:00,444,72.9,15,0.46178
2025-06-24T15:06:00,452,65.5,17,0.66798
2025-06-24T15:09:00,453,75.3,14,0.39455
2025-06-24T15:12:00,452,66.2,17,0.65442
2025-06-24T15:15:00,459,71.2,15,0.49075
2025-06-24T15:18:00,462,69.3,17,0.5944
2025-06-24T15:21:00,449,71.6,15,0.48393
2025-06-24T15:24:00,425,67.5,17,0.62925
2025-06-24T15:27:00,462,68.1,17,0.61764
2025-06-24T15:30:00,452,72,15,0.47712
2025-06-24T15:33:00,465,69.9,17,0.58279
2025-06-24T15:36:00,446,70.4,15,0.50438
2025-06-24T15:39:00,406,60.1,19,0.87607
2025-06-24T15:42:00,452,64.1,17,0.69508
2025-06-24T15:45:00,1479,64,17,0.69702
2025-06-24T15:48:00,1487,70.1,16,0.54323
2025-06-24T15:51:00,1489,70.3,16,0.5396
2025-06-24T15:54:00,1506,71.2,15,0.49075
2025-06-24T15:57:00,1494,69.9,16,0.54686
2025-06-24T16:00:00,1266,64.3,18,0.73625
2025-06-24T16:03:00,458,71,16,0.52688
2025-06-24T16:06:00,1174,67.3,16,0.5941
2025-06-24T16:09:00,1433,67,16,0.59955
2025-06-24T16:12:00,933,67,17,0.63893
2025-06-24T16:15:00,964,63.8,17,0.70089
2025-06-24T16:18:00,1241,65,18,0.72182
2025-06-24T16:21:00,1101,66.9,18,0.68263
2025-06-24T16:24:00,480,66.8,18,0.68469
2025-06-24T16:27:00,946,69.2,17,0.59634
2025-06-24T16:30:00,1134,67.7,17,0.62538
2025-06-24T16:33:00,644,68.3,17,0.61376
2025-06-24T16:36:00,481,65.5,16,0.6268
2025-06-24T16:39:00,499,64.1,16,0.65224
2025-06-24T16:42:00,483,67,17,0.63893
2025-06-24T16:45:00,487,66.8,18,0.68469
2025-06-24T16:48:00,454,67.3,16,0.5941
2025-06-24T16:51:00,444,65.3,17,0.67185
2025-06-24T16:54:00,437,62.5,18,0.77337
2025-06-24T16:57:00,440,60.7,20,0.91824
2025-06-24T17:00:00,441,60.9,18,0.80637
2025-06-24T17:03:00,429,70.7,16,0.53233
2025-06-24T17:06:00,419,72,16,0.50871
2025-06-24T17:09:00,420,67.4,16,0.59228
2025-06-24T17:12:00,418,67.9,16,0.5832
2025-06-24T17:15:00,365,68.7,17,0.60602
2025-06-24T17:18:00,369,60,18,0.82493
2025-06-24T17:21:00,397,57.6,20,0.99067
2025-06-24T17:24:00,448,70.9,15,0.49586
2025-06-24T17:27:00,507,63.7,18,0.74863
2025-06-24T17:30:00,465,66.6,18,0.68882
2025-06-24T17:33:00,471,68.3,17,0.61376
2025-06-24T17:36:00,477,65.7,17,0.6641
2025-06-24T17:39:00,446,61.3,18,0.79812
2025-06-24T17:42:00,448,61.5,19,0.84533
2025-06-24T17:45:00,434,62.8,18,0.76719
2025-06-24T17:48:00,452,61,19,0.85631
2025-06-24T17:51:00,527,61.4,19,0.84752
2025-06-24T17:54:00,468,59.6,19,0.88705
2025-06-24T17:57:00,492,57.7,20,0.98833
2025-06-24T18:00:00,471,63.9,17,0.69895
2025-06-24T18:03:00,500,59.3,19,0.89363
2025-06-24T18:06:00,515,57.3,20,0.99768
2025-06-24T18:09:00,403,56.1,21,1.09098
2025-06-24T18:12:00,417,52.6,21,1.17796
2025-06-24T18:15:00,416,61,16,0.70856
2025-06-24T18:18:00,473,61.2,18,0.80019
2025-06-24T18:21:00,406,57.9,19,0.92437
2025-06-24T18:24:00,406,57.2,19,0.93974
2025-06-24T18:27:00,408,56.1,20,1.02571
2025-06-24T18:30:00,468,54.2,20,1.07011
2025-06-24T18:33:00,520,55.3,20,1.04441
2025-06-24T18:36:00,522,55.7,19,0.97268
2025-06-24T18:39:00,484,51,20,1.14487
2025-06-24T18:42:00,410,49.5,20,1.17992
2025-06-24T18:45:00,384,49.6,20,1.17759
2025-06-24T18:48:00,376,46.9,20,1.24067
2025-06-24T18:51:00,372,48.1,20,1.21263
2025-06-24T18:54:00,372,50,19,1.09783
2025-06-24T18:57:00,391,45.1,20,1.28273
2025-06-24T19:00:00,380,57.9,18,0.86824
2025-06-24T19:03:00,372,63,18,0.76306
2025-06-24T19:06:00,370,66.3,17,0.65249
2025-06-24T19:09:00,366,64.9,18,0.72388
2025-06-24T19:12:00,377,58.7,18,0.85174
2025-06-24T19:15:00,375,62.2,18,0.77956
2025-06-24T19:18:00,369,59.1,19,0.89802
2025-06-24T19:21:00,360,56.9,20,1.00702
2025-06-24T19:24:00,362,56,20,1.02805
2025-06-24T19:27:00,364,59,19,0.90022
2025-06-24T19:30:00,361,60.2,19,0.87387
2025-06-24T19:33:00,359,61.4,19,0.84752
2025-06-24T19:36:00,358,61.2,19,0.85192
2025-06-24T19:39:00,359,57,20,1.00469
2025-06-24T19:42:00,358,56,20,1.02805
2025-06-24T19:45:00,358,55.9,20,1.03039
2025-06-24T19:48:00,358,56.8,20,1.00936
2025-06-24T19:51:00,356,58.5,19,0.9112
2025-06-24T19:54:00,354,59.7,19,0.88485
2025-06-24T19:57:00,353,59.9,19,0.88046
2025-06-24T20:00:00,38,58.9,19,0.90242
2025-06-24T20:03:00,25,57.6,19,0.93096
2025-06-24T20:06:00,24,59.4,19,0.89144
2025-06-24T20:09:00,23,60.6,19,0.86509
2025-06-24T20:12:00,22,61.4,19,0.84752
2025-06-24T20:15:00,21,57.8,19,0.92657
2025-06-24T20:18:00,20,54.2,19,1.00561
2025-06-24T20:21:00,19,53.8,19,1.01439
2025-06-24T20:24:00,18,58.1,19,0.91998
2025-06-24T20:27:00,17,55,19,0.98805
2025-06-24T20:30:00,16,54.1,19,1.00781
2025-06-24T20:33:00,15,57.9,18,0.86824
2025-06-24T20:36:00,14,56.6,19,0.95292
2025-06-24T20:39:00,13,56.4,19,0.95731
2025-06-24T20:42:00,12,56.8,19,0.94852
2025-06-24T20:45:00,12,56.6,18,0.89505
2025-06-24T20:48:00,11,56.7,18,0.89299
2025-06-24T20:51:00,10,56.7,18,0.89299
2025-06-24T20:54:00,9,56.8,18,0.89093
2025-06-24T20:57:00,0,57.2,18,0.88268
2025-06-24T21:00:00,0,58,18,0.86618
2025-06-24T21:03:00,0,59.9,18,0.827
2025-06-24T21:06:00,0,61.2,18,0.80019
2025-06-24T21:09:00,0,63.4,18,0.75481
2025-06-24T21:12:00,0,64.7,18,0.728
2025-06-24T21:15:00,0,65.5,18,0.7115
2025-06-24T21:18:00,0,66.7,18,0.68676
2025-06-24T21:21:00,0,67.8,18,0.66407
2025-06-24T21:24:00,0,69,18,0.63932
2025-06-24T21:27:00,0,69.6,18,0.62695
2025-06-24T21:30:00,0,70.4,18,0.61045
2025-06-24T21:33:00,0,71.3,18,0.59189
2025-06-24T21:36:00,0,72.2,18,0.57333
2025-06-24T21:39:00,0,72.8,18,0.56095
2025-06-24T21:42:00,0,73.1,18,0.55477
2025-06-24T21:45:00,0,73.2,18,0.55271
2025-06-24T21:48:00,0,73.7,18,0.54239
2025-06-24T21:51:00,0,73.8,18,0.54033
2025-06-24T21:54:00,0,74.1,18,0.53414
2025-06-24T21:57:00,0,74.1,18,0.53414
2025-06-24T22:00:00,0,74.2,18,0.53208
2025-06-24T22:03:00,0,74,18,0.53621
2025-06-24T22:06:00,0,74.6,18,0.52383
2025-06-24T22:09:00,0,74.7,18,0.52177
2025-06-24T22:12:00,0,74.7,18,0.52177
2025-06-24T22:15:00,0,74.7,18,0.52177
2025-06-24T22:18:00,0,74.9,18,0.51765
2025-06-24T22:21:00,0,75,18,0.51558
2025-06-24T22:24:00,0,75,18,0.51558
2025-06-24T22:27:00,0,75,18,0.51558
2025-06-24T22:30:00,0,75.2,18,0.51146
2025-06-24T22:33:00,0,75.1,18,0.51352
2025-06-24T22:36:00,0,75.2,18,0.51146
2025-06-24T22:39:00,0,75.3,18,0.5094
2025-06-24T22:42:00,0,75.3,18,0.5094
2025-06-24T22:45:00,0,75.3,18,0.5094
2025-06-24T22:48:00,0,75.5,18,0.50527
2025-06-24T22:51:00,0,75.3,18,0.5094
2025-06-24T22:54:00,0,75.4,18,0.50733
2025-06-24T22:57:00,0,75.6,17,0.47242
2025-06-24T23:00:00,0,75.7,17,0.47049
2025-06-24T23:03:00,0,75.7,17,0.47049
2025-06-24T23:06:00,0,77.6,18,0.46196
2025-06-24T23:09:00,0,78.8,18,0.43721
2025-06-24T23:12:00,0,80,18,0.41247
2025-06-24T23:15:00,0,80.7,18,0.39803
2025-06-24T23:18:00,0,81,18,0.39184
2025-06-24T23:21:00,0,81.5,17,0.35819
2025-06-24T23:24:00,0,81.8,17,0.35238
2025-06-24T23:27:00,0,82,17,0.34851
2025-06-24T23:30:00,0,82.3,17,0.3427
2025-06-24T23:33:00,0,82.3,17,0.3427
2025-06-24T23:36:00,0,82.5,17,0.33883
2025-06-24T23:39:00,0,82.7,17,0.33496
2025-06-24T23:42:00,0,82.5,17,0.33883
2025-06-24T23:45:00,0,82.6,17,0.33689
2025-06-24T23:48:00,0,82.6,17,0.33689
2025-06-24T23:51:00,0,82.6,17,0.33689
2025-06-24T23:54:00,0,82.6,17,0.33689
2025-06-24T23:57:00,0,82.6,17,0.33689
2025-06-25T00:00:00,0,82.5,17,0.33883
2025-06-25T00:03:00,0,82.5,17,0.33883
2025-06-25T00:06:00,0,82.6,17,0.33689
2025-06-25T00:09:00,0,82.5,17,0.33883
2025-06-25T00:12:00,0,82.4,17,0.34076
2025-06-25T00:15:00,0,82.2,17,0.34464
2025-06-25T00:18:00,0,82.2,17,0.34464
2025-06-25T00:21:00,0,82.1,17,0.34657
2025-06-25T00:24:00,0,82,17,0.34851
2025-06-25T00:27:00,0,82,17,0.34851
2025-06-25T00:30:00,0,81.8,17,0.35238
2025-06-25T00:33:00,0,82.1,17,0.34657
2025-06-25T00:36:00,0,82.6,17,0.33689
2025-06-25T00:39:00,0,82.9,17,0.33108
2025-06-25T00:42:00,0,83.1,17,0.32721
2025-06-25T00:45:00,0,83.2,17,0.32528
2025-06-25T00:48:00,0,83.3,17,0.32334
2025-06-25T00:51:00,0,83.5,17,0.31947
2025-06-25T00:54:00,0,83.4,17,0.3214
2025-06-25T00:57:00,0,83.6,17,0.31753
2025-06-25T01:00:00,0,83.3,17,0.32334
2025-06-25T01:03:00,0,83.5,17,0.31947
2025-06-25T01:06:00,0,83.4,17,0.3214
2025-06-25T01:09:00,0,83.5,17,0.31947
2025-06-25T01:12:00,0,83.4,17,0.3214
2025-06-25T01:15:00,0,83.5,17,0.31947
2025-06-25T01:18:00,0,83.3,17,0.32334
2025-06-25T01:21:00,0,83.3,17,0.32334
2025-06-25T01:24:00,0,83.3,17,0.32334
2025-06-25T01:27:00,0,83.2,17,0.32528
2025-06-25T01:30:00,0,83.1,17,0.32721
2025-06-25T01:33:00,0,83.1,17,0.32721
2025-06-25T01:36:00,0,83,17,0.32915
2025-06-25T01:39:00,0,82.9,17,0.33108
2025-06-25T01:42:00,0,82.9,17,0.33108
2025-06-25T01:45:00,0,82.8,16,0.31249
2025-06-25T01:48:00,0,82.9,16,0.31068
2025-06-25T01:51:00,0,82.7,16,0.31431
2025-06-25T01:54:00,0,82.7,16,0.31431
2025-06-25T01:57:00,0,82.6,16,0.31613
2025-06-25T02:00:00,0,82.6,16,0.31613
2025-06-25T02:03:00,0,82.8,17,0.33302
2025-06-25T02:06:00,0,83.2,16,0.30523
2025-06-25T02:09:00,0,83.4,16,0.30159
2025-06-25T02:12:00,0,83.7,16,0.29614
2025-06-25T02:15:00,0,84,16,0.29069
2025-06-25T02:18:00,0,84,16,0.29069
2025-06-25T02:21:00,0,84.1,16,0.28887
2025-06-25T02:24:00,0,84.1,16,0.28887
2025-06-25T02:27:00,0,84.1,16,0.28887
2025-06-25T02:30:00,0,84.2,16,0.28706
2025-06-25T02:33:00,0,84.2,16,0.28706
2025-06-25T02:36:00,0,84.4,16,0.28342
2025-06-25T02:39:00,0,84.3,16,0.28524
2025-06-25T02:42:00,0,84.4,16,0.28342
2025-06-25T02:45:00,0,84.4,16,0.28342
2025-06-25T02:48:00,0,84.4,16,0.28342
2025-06-25T02:51:00,0,84.5,16,0.28161
2025-06-25T02:54:00,0,84.4,16,0.28342
2025-06-25T02:57:00,0,84.4,16,0.28342
2025-06-25T03:00:00,0,84.3,16,0.28524
2025-06-25T03:03:00,0,84.4,16,0.28342
2025-06-25T03:06:00,0,84.2,16,0.28706
2025-06-25T03:09:00,0,84.3,16,0.28524
2025-06-25T03:12:00,0,84.3,16,0.28524
2025-06-25T03:15:00,0,84.2,16,0.28706
2025-06-25T03:18:00,0,84.3,16,0.28524
2025-06-25T03:21:00,0,84.2,16,0.28706
2025-06-25T03:24:00,0,84.2,16,0.28706
2025-06-25T03:27:00,0,84.4,16,0.28342
2025-06-25T03:30:00,0,84.2,16,0.28706
2025-06-25T03:33:00,0,84.3,16,0.28524
2025-06-25T03:36:00,0,84.3,16,0.28524
2025-06-25T03:39:00,0,84.2,16,0.28706
2025-06-25T03:42:00,0,84.3,16,0.28524
2025-06-25T03:45:00,0,84.3,16,0.28524
2025-06-25T03:48:00,0,84.3,16,0.28524
2025-06-25T03:51:00,0,84.3,16,0.28524
2025-06-25T03:54:00,0,84.3,16,0.28524
2025-06-25T03:57:00,0,84.2,16,0.28706
2025-06-25T04:00:00,0,84.1,16,0.28887
2025-06-25T04:03:00,349,83.8,16,0.29432
2025-06-25T04:06:00,345,83.1,16,0.30704
2025-06-25T04:09:00,343,82.4,17,0.34076
2025-06-25T04:12:00,340,81.8,17,0.35238
2025-06-25T04:15:00,338,81.2,17,0.364
2025-06-25T04:18:00,337,80.6,17,0.37562
2025-06-25T04:21:00,336,80,17,0.38723
2025-06-25T04:24:00,335,79.7,17,0.39304
2025-06-25T04:27:00,335,79,18,0.43309
2025-06-25T04:30:00,333,78.6,18,0.44134
2025-06-25T04:33:00,333,78.3,18,0.44753
2025-06-25T04:36:00,333,77.9,18,0.45578
2025-06-25T04:39:00,333,77.4,18,0.46609
2025-06-25T04:42:00,332,77,18,0.47434
2025-06-25T04:45:00,331,76.8,18,0.47846
2025-06-25T04:48:00,331,76.4,18,0.48671
2025-06-25T04:51:00,332,75.9,19,0.52915
2025-06-25T04:54:00,331,75.6,19,0.53574
2025-06-25T04:57:00,333,75.6,19,0.53574
2025-06-25T05:00:00,333,75.4,19,0.54013
2025-06-25T05:03:00,334,75.3,19,0.54233
2025-06-25T05:06:00,333,75.1,19,0.54672
2025-06-25T05:09:00,334,74.9,19,0.55111
2025-06-25T05:12:00,334,74.7,19,0.5555
2025-06-25T05:15:00,334,74.6,19,0.5577
2025-06-25T05:18:00,335,74.5,19,0.55989
2025-06-25T05:21:00,334,74.6,19,0.5577
2025-06-25T05:24:00,336,74.4,19,0.56209
2025-06-25T05:27:00,336,74.5,20,0.5958
2025-06-25T05:30:00,337,74.3,20,0.60048
2025-06-25T05:33:00,339,74.2,20,0.60281
2025-06-25T05:36:00,338,74,20,0.60748
2025-06-25T05:39:00,338,73.5,20,0.61917
2025-06-25T05:42:00,339,73.8,20,0.61216
2025-06-25T05:45:00,338,72.8,20,0.63552
2025-06-25T05:48:00,339,70.8,20,0.68225
2025-06-25T05:51:00,340,69.7,20,0.70795
2025-06-25T05:54:00,341,69.5,20,0.71263
2025-06-25T05:57:00,344,69.2,20,0.71964
2025-06-25T06:00:00,347,68.7,19,0.68724
2025-06-25T06:03:00,348,67.7,19,0.7092
2025-06-25T06:06:00,348,67.8,19,0.707
2025-06-25T06:09:00,352,67.6,19,0.71139
2025-06-25T06:12:00,353,67,19,0.72457
2025-06-25T06:15:00,356,66.1,19,0.74433
2025-06-25T06:18:00,357,65.7,19,0.75311
2025-06-25T06:21:00,361,66.5,20,0.78272
2025-06-25T06:24:00,360,65.5,20,0.80609
2025-06-25T06:27:00,361,65.3,20,0.81076
2025-06-25T06:30:00,360,64.9,19,0.77068
2025-06-25T06:33:00,358,64.4,20,0.83179
2025-06-25T06:36:00,360,63.5,19,0.80142
2025-06-25T06:39:00,363,63.1,20,0.86216
2025-06-25T06:42:00,365,62.3,20,0.88085
2025-06-25T06:45:00,363,62.3,20,0.88085
2025-06-25T06:48:00,363,61.4,20,0.90188
2025-06-25T06:51:00,366,61.3,20,0.90422
2025-06-25T06:54:00,367,61,20,0.91123
2025-06-25T06:57:00,372,60.5,20,0.92291
2025-06-25T07:00:00,380,60.4,20,0.92525
2025-06-25T07:03:00,395,59.9,20,0.93693
2025-06-25T07:06:00,405,58.9,20,0.96029
2025-06-25T07:09:00,410,58.2,20,0.97665
2025-06-25T07:12:00,416,59.8,21,0.99903
2025-06-25T07:15:00,420,59.7,21,1.00152
2025-06-25T07:18:00,423,59,21,1.01891
2025-06-25T07:21:00,424,56.6,21,1.07856
2025-06-25T07:24:00,410,55.4,21,1.10838
2025-06-25T07:27:00,385,56.3,21,1.08601
2025-06-25T07:30:00,394,56.9,21,1.0711
2025-06-25T07:33:00,389,55.7,21,1.10092
2025-06-25T07:36:00,392,54.2,21,1.1382
2025-06-25T07:39:00,400,53.7,20,1.08179
2025-06-25T07:42:00,410,55,20,1.05142
2025-06-25T07:45:00,462,56.5,20,1.01637
2025-06-25T07:48:00,422,55,20,1.05142
2025-06-25T07:51:00,416,54.3,20,1.06777
2025-06-25T07:54:00,411,53.5,20,1.08646
2025-06-25T07:57:00,418,54.7,20,1.05843
2025-06-25T08:00:00,465,53.9,20,1.07712
2025-06-25T08:03:00,408,54.7,19,0.99463
2025-06-25T08:06:00,405,54.3,20,1.06777
2025-06-25T08:09:00,515,54.2,19,1.00561
2025-06-25T08:12:00,431,55.7,19,0.97268
2025-06-25T08:15:00,539,59.1,17,0.79189
2025-06-25T08:18:00,592,57.2,19,0.93974
2025-06-25T08:21:00,643,55.6,19,0.97487
2025-06-25T08:24:00,618,59.6,18,0.83318
2025-06-25T08:27:00,619,64,19,0.79044
2025-06-25T08:30:00,610,65.3,19,0.76189
2025-06-25T08:33:00,621,70.7,18,0.60426
2025-06-25T08:36:00,602,70.6,18,0.60633
2025-06-25T08:39:00,652,67.3,18,0.67438
2025-06-25T08:42:00,618,67.9,19,0.70481
2025-06-25T08:45:00,640,65.7,19,0.75311
2025-06-25T08:48:00,656,65.4,19,0.7597
2025-06-25T08:51:00,647,67.6,18,0.6682
2025-06-25T08:54:00,687,66,19,0.74652
2025-06-25T08:57:00,671,62,21,0.94436
2025-06-25T09:00:00,692,70.4,17,0.5731
2025-06-25T09:03:00,676,75.4,17,0.4763
2025-06-25T09:06:00,564,67.8,20,0.75235
2025-06-25T09:09:00,481,72.9,17,0.5247
2025-06-25T09:12:00,460,76.1,17,0.46274
2025-06-25T09:15:00,456,75,17,0.48404
2025-06-25T09:18:00,457,68.1,19,0.70041
2025-06-25T09:21:00,454,76.4,16,0.42877
2025-06-25T09:24:00,453,76.8,17,0.44919
2025-06-25T09:27:00,462,72.4,17,0.53438
2025-06-25T09:30:00,460,75.5,17,0.47436
2025-06-25T09:33:00,559,74.6,18,0.52383
2025-06-25T09:36:00,1152,73.7,17,0.50921
2025-06-25T09:39:00,1182,77.5,16,0.40878
2025-06-25T09:42:00,1192,77.2,16,0.41423
2025-06-25T09:45:00,1215,76.8,17,0.44919
2025-06-25T09:48:00,953,76,17,0.46468
2025-06-25T09:51:00,474,76.6,17,0.45306
2025-06-25T09:54:00,1000,76.4,17,0.45693
2025-06-25T09:57:00,1220,76.1,17,0.46274
2025-06-25T10:00:00,1336,76.4,17,0.45693
2025-06-25T10:03:00,1357,76.4,17,0.45693
2025-06-25T10:06:00,1283,76.6,17,0.45306
2025-06-25T10:09:00,1163,76.8,17,0.44919
2025-06-25T10:12:00,476,76.6,17,0.45306
2025-06-25T10:15:00,759,76.3,17,0.45887
2025-06-25T10:18:00,1399,76.9,17,0.44725
2025-06-25T10:21:00,1362,76.5,17,0.455
2025-06-25T10:24:00,490,76.8,17,0.44919
2025-06-25T10:27:00,1408,76.9,17,0.44725
2025-06-25T10:30:00,1389,77.3,17,0.43951
2025-06-25T10:33:00,1024,77.2,17,0.44145
2025-06-25T10:36:00,609,76.5,17,0.455
2025-06-25T10:39:00,484,77.1,18,0.47227
2025-06-25T10:42:00,484,76,18,0.49496
2025-06-25T10:45:00,482,76.2,18,0.49084
2025-06-25T10:48:00,482,76.1,18,0.4929
2025-06-25T10:51:00,482,77.6,18,0.46196
2025-06-25T10:54:00,479,77.5,18,0.46402
2025-06-25T10:57:00,482,77.5,18,0.46402
2025-06-25T11:00:00,484,77.1,18,0.47227
2025-06-25T11:03:00,484,76.2,18,0.49084
2025-06-25T11:06:00,484,76.4,18,0.48671
2025-06-25T11:09:00,484,77.7,18,0.4599
2025-06-25T11:12:00,485,76.6,18,0.48259
2025-06-25T11:15:00,487,76.6,19,0.51378
2025-06-25T11:18:00,489,77.1,19,0.50281
2025-06-25T11:21:00,491,77.1,19,0.50281
2025-06-25T11:24:00,491,76.2,19,0.52257
2025-06-25T11:27:00,491,76.5,19,0.51598
2025-06-25T11:30:00,492,76.9,19,0.5072
2025-06-25T11:33:00,495,76.4,19,0.51818
2025-06-25T11:36:00,496,76.1,19,0.52476
2025-06-25T11:39:00,495,76.8,19,0.50939
2025-06-25T11:42:00,495,75.9,19,0.52915
2025-06-25T11:45:00,495,76.8,19,0.50939
2025-06-25T11:48:00,493,75.5,19,0.53794
2025-06-25T11:51:00,493,76.1,19,0.52476
2025-06-25T11:54:00,492,76.7,19,0.51159
2025-06-25T11:57:00,493,75.7,19,0.53354
2025-06-25T12:00:00,491,76.2,19,0.52257
2025-06-25T12:03:00,492,75.2,19,0.54452
2025-06-25T12:06:00,490,76.2,20,0.55608
2025-06-25T12:09:00,488,75.1,20,0.58178
2025-06-25T12:12:00,489,75.4,20,0.57477
2025-06-25T12:15:00,490,74.9,19,0.55111
2025-06-25T12:18:00,489,76.1,20,0.55842
2025-06-25T12:21:00,488,75.2,20,0.57945
2025-06-25T12:24:00,487,76.2,19,0.52257
2025-06-25T12:27:00,486,75.7,20,0.56776
2025-06-25T12:30:00,487,76,20,0.56076
2025-06-25T12:33:00,446,75.5,20,0.57244
2025-06-25T12:36:00,434,75.7,20,0.56776
2025-06-25T12:39:00,434,76.5,20,0.54907
2025-06-25T12:42:00,434,76.7,20,0.5444
2025-06-25T12:45:00,434,77.1,20,0.53505
2025-06-25T12:48:00,435,76,20,0.56076
2025-06-25T12:51:00,435,75.8,20,0.56543
2025-06-25T12:54:00,437,76.9,20,0.53973
2025-06-25T12:57:00,441,76.6,20,0.54674
2025-06-25T13:00:00,449,76.6,20,0.54674
2025-06-25T13:03:00,452,77.3,20,0.53038
2025-06-25T13:06:00,447,75.6,21,0.60638
2025-06-25T13:09:00,462,75.4,20,0.57477
2025-06-25T13:12:00,453,76.2,20,0.55608
2025-06-25T13:15:00,416,76.4,20,0.55141
2025-06-25T13:18:00,474,76.4,20,0.55141
2025-06-25T13:21:00,432,76.8,20,0.54206
2025-06-25T13:24:00,432,77.5,20,0.52571
2025-06-25T13:27:00,427,76.7,20,0.5444
2025-06-25T13:30:00,468,76.8,20,0.54206
2025-06-25T13:33:00,467,76.6,21,0.58153
2025-06-25T13:36:00,443,75.8,20,0.56543
2025-06-25T13:39:00,468,76.5,20,0.54907
2025-06-25T13:42:00,468,76.8,21,0.57656
2025-06-25T13:45:00,441,76.9,21,0.57407
2025-06-25T13:48:00,500,76.8,21,0.57656
2025-06-25T13:51:00,493,75.9,21,0.59892
2025-06-25T13:54:00,473,77.1,21,0.5691
2025-06-25T13:57:00,563,76.5,21,0.58401
2025-06-25T14:00:00,553,75,21,0.62129
2025-06-25T14:03:00,551,75.2,22,0.65523
2025-06-25T14:06:00,532,74,22,0.68693
2025-06-25T14:09:00,457,75.9,22,0.63673
2025-06-25T14:12:00,469,75.2,22,0.65523
2025-06-25T14:15:00,477,75.3,21,0.61383
2025-06-25T14:18:00,487,75.7,21,0.60389
2025-06-25T14:21:00,399,75.9,21,0.59892
2025-06-25T14:24:00,391,76.7,21,0.57904
2025-06-25T14:27:00,386,77,21,0.57159
2025-06-25T14:30:00,399,76.9,21,0.57407
2025-06-25T14:33:00,435,76.4,21,0.5865
2025-06-25T14:36:00,438,75.8,21,0.60141
2025-06-25T14:39:00,443,77.5,21,0.55916
2025-06-25T14:42:00,386,77.1,21,0.5691
2025-06-25T14:45:00,374,76.8,21,0.57656
2025-06-25T14:48:00,373,77.2,21,0.56661
2025-06-25T14:51:00,376,77.1,21,0.5691
2025-06-25T14:54:00,372,77.6,20,0.52337
2025-06-25T14:57:00,371,77.7,20,0.52103
2025-06-25T15:00:00,367,78.3,20,0.50702
2025-06-25T15:03:00,449,78.6,20,0.50001
2025-06-25T15:06:00,548,77.7,20,0.52103
2025-06-25T15:09:00,578,76.6,21,0.58153
2025-06-25T15:12:00,594,75.7,21,0.60389
2025-06-25T15:15:00,569,75.8,21,0.60141
2025-06-25T15:18:00,542,75.7,22,0.64202
2025-06-25T15:21:00,542,74.8,22,0.6658
2025-06-25T15:24:00,457,75.4,22,0.64994
2025-06-25T15:27:00,458,75.2,22,0.65523
2025-06-25T15:30:00,454,76.2,22,0.62881
2025-06-25T15:33:00,463,76.1,22,0.63145
2025-06-25T15:36:00,463,76.4,22,0.62352
2025-06-25T15:39:00,456,77,22,0.60767
2025-06-25T15:42:00,466,76.9,22,0.61031
2025-06-25T15:45:00,485,76.2,22,0.62881
2025-06-25T15:48:00,490,75.3,22,0.65259
2025-06-25T15:51:00,578,75.3,22,0.65259
2025-06-25T15:54:00,553,74.6,22,0.67108
2025-06-25T15:57:00,509,75.4,22,0.64994
2025-06-25T16:00:00,473,75.7,22,0.64202
2025-06-25T16:03:00,458,75.6,22,0.64466
2025-06-25T16:06:00,419,75.7,22,0.64202
2025-06-25T16:09:00,386,74.9,22,0.66315
2025-06-25T16:12:00,384,74.9,22,0.66315
2025-06-25T16:15:00,439,75.8,21,0.60141
2025-06-25T16:18:00,413,75.8,22,0.63938
2025-06-25T16:21:00,466,76,22,0.63409
2025-06-25T16:24:00,393,75.7,22,0.64202
2025-06-25T16:27:00,379,75.8,21,0.60141
2025-06-25T16:30:00,373,76.3,21,0.58898
2025-06-25T16:33:00,367,75.6,21,0.60638
2025-06-25T16:36:00,358,75.4,21,0.61135
2025-06-25T16:39:00,350,76,21,0.59644
2025-06-25T16:42:00,345,75.6,21,0.60638
2025-06-25T16:45:00,341,76,21,0.59644
2025-06-25T16:48:00,339,76.3,21,0.58898
2025-06-25T16:51:00,338,76.4,21,0.5865
2025-06-25T16:54:00,340,76.4,21,0.5865
2025-06-25T16:57:00,337,76.9,21,0.57407
2025-06-25T17:00:00,337,77.2,21,0.56661
2025-06-25T17:03:00,335,77.4,20,0.52804
2025-06-25T17:06:00,335,78.1,20,0.51169
2025-06-25T17:09:00,345,77.4,20,0.52804
2025-06-25T17:12:00,338,77.6,20,0.52337
2025-06-25T17:15:00,346,75.2,19,0.54452
2025-06-25T17:18:00,349,76.6,19,0.51378
2025-06-25T17:21:00,348,78.1,19,0.48085
2025-06-25T17:24:00,355,80,18,0.41247
2025-06-25T17:27:00,363,79.9,18,0.41453
2025-06-25T17:30:00,356,79.9,18,0.41453
2025-06-25T17:33:00,358,79.1,17,0.40466
2025-06-25T17:36:00,357,79.3,17,0.40079
2025-06-25T17:39:00,350,81.3,17,0.36206
2025-06-25T17:42:00,346,81.8,17,0.35238
2025-06-25T17:45:00,358,80.8,17,0.37174
2025-06-25T17:48:00,344,81.2,17,0.364
2025-06-25T17:51:00,340,81.3,17,0.36206
2025-06-25T17:54:00,335,81.8,17,0.35238
2025-06-25T17:57:00,333,81.6,17,0.35625
2025-06-25T18:00:00,344,81.3,17,0.36206
2025-06-25T18:03:00,345,81.1,17,0.36593
2025-06-25T18:06:00,342,75.7,18,0.50115
2025-06-25T18:09:00,339,79.9,17,0.38917
2025-06-25T18:12:00,339,79.2,18,0.42897
2025-06-25T18:15:00,348,75.8,19,0.53135
2025-06-25T18:18:00,434,79,17,0.40659
2025-06-25T18:21:00,404,81.6,17,0.35625
2025-06-25T18:24:00,408,82.7,17,0.33496
2025-06-25T18:27:00,422,82.7,17,0.33496
2025-06-25T18:30:00,460,81.6,17,0.35625
2025-06-25T18:33:00,558,80.1,18,0.4104
2025-06-25T18:36:00,567,79.5,17,0.39691
2025-06-25T18:39:00,538,80.2,17,0.38336
2025-06-25T18:42:00,460,81.2,17,0.364
2025-06-25T18:45:00,406,81.2,17,0.364
2025-06-25T18:48:00,394,81.9,17,0.35045
2025-06-25T18:51:00,387,81.5,17,0.35819
2025-06-25T18:54:00,378,81.4,17,0.36013
2025-06-25T18:57:00,373,80.6,17,0.37562
2025-06-25T19:00:00,369,81.4,17,0.36013
2025-06-25T19:03:00,366,79.4,18,0.42484
2025-06-25T19:06:00,369,78.8,18,0.43721
2025-06-25T19:09:00,358,80.3,18,0.40628
2025-06-25T19:12:00,359,75.5,19,0.53794
2025-06-25T19:15:00,360,73.7,19,0.57746
2025-06-25T19:18:00,364,79.9,18,0.41453
2025-06-25T19:21:00,364,75.8,19,0.53135
2025-06-25T19:24:00,367,74,20,0.60748
2025-06-25T19:27:00,362,79.3,18,0.4269
2025-06-25T19:30:00,359,76.7,19,0.51159
2025-06-25T19:33:00,363,73.5,20,0.61917
2025-06-25T19:36:00,361,77.6,18,0.46196
2025-06-25T19:39:00,361,77,19,0.505
2025-06-25T19:42:00,360,74.4,20,0.59814
2025-06-25T19:45:00,361,73.3,19,0.58624
2025-06-25T19:48:00,357,78.6,18,0.44134
2025-06-25T19:51:00,358,74.3,19,0.56428
2025-06-25T19:54:00,355,73,20,0.63085
2025-06-25T19:57:00,353,77.3,19,0.49841
2025-06-25T20:00:00,352,74.6,19,0.5577
2025-06-25T20:03:00,28,73.1,20,0.62851
2025-06-25T20:06:00,26,73.6,19,0.57965
2025-06-25T20:09:00,26,75.5,19,0.53794
2025-06-25T20:12:00,24,75.5,19,0.53794
2025-06-25T20:15:00,23,74.7,19,0.5555
2025-06-25T20:18:00,21,75.4,19,0.54013
2025-06-25T20:21:00,21,74.5,19,0.55989
2025-06-25T20:24:00,19,74.7,19,0.5555
2025-06-25T20:27:00,19,75.4,19,0.54013
2025-06-25T20:30:00,18,74.9,19,0.55111
2025-06-25T20:33:00,17,70.9,19,0.63894
2025-06-25T20:36:00,16,68.6,20,0.73365
2025-06-25T20:39:00,15,69.3,20,0.7173
2025-06-25T20:42:00,14,73.1,19,0.59063
2025-06-25T20:45:00,13,75.4,19,0.54013
2025-06-25T20:48:00,13,76.8,19,0.50939
2025-06-25T20:51:00,13,75.9,19,0.52915
2025-06-25T20:54:00,11,73.5,19,0.58185
2025-06-25T20:57:00,10,73.2,19,0.58844
2025-06-25T21:00:00,9,72.9,19,0.59502
2025-06-25T21:03:00,0,77.2,19,0.50061
2025-06-25T21:06:00,0,76.8,19,0.50939
2025-06-25T21:09:00,0,76.1,19,0.52476
2025-06-25T21:12:00,0,74.7,19,0.5555
2025-06-25T21:15:00,0,72.8,19,0.59722
2025-06-25T21:18:00,0,73.4,19,0.58404
2025-06-25T21:21:00,0,73.7,19,0.57746
2025-06-25T21:24:00,0,73.6,19,0.57965
2025-06-25T21:27:00,0,73.5,19,0.58185
2025-06-25T21:30:00,0,73.9,19,0.57307
2025-06-25T21:33:00,0,73.4,19,0.58404
2025-06-25T21:36:00,0,75.5,19,0.53794
2025-06-25T21:39:00,0,74.3,19,0.56428
2025-06-25T21:42:00,0,75.9,19,0.52915
2025-06-25T21:45:00,0,75,19,0.54891
2025-06-25T21:48:00,0,74,19,0.57087
2025-06-25T21:51:00,0,73.7,19,0.57746
2025-06-25T21:54:00,0,73.4,19,0.58404
2025-06-25T21:57:00,0,73.4,19,0.58404
2025-06-25T22:00:00,0,73.7,19,0.57746
2025-06-25T22:03:00,0,73.6,19,0.57965
2025-06-25T22:06:00,0,73.5,19,0.58185
2025-06-25T22:09:00,0,73.2,19,0.58844
2025-06-25T22:12:00,0,73.5,19,0.58185
2025-06-25T22:15:00,0,73.4,19,0.58404
2025-06-25T22:18:00,0,73.5,19,0.58185
2025-06-25T22:21:00,0,73.6,19,0.57965
2025-06-25T22:24:00,0,73.4,19,0.58404
2025-06-25T22:27:00,0,73.3,19,0.58624
2025-06-25T22:30:00,0,73.1,19,0.59063
2025-06-25T22:33:00,0,73.1,19,0.59063
2025-06-25T22:36:00,0,73.1,19,0.59063
2025-06-25T22:39:00,0,72.8,19,0.59722
2025-06-25T22:42:00,0,72.8,19,0.59722
2025-06-25T22:45:00,0,72.4,19,0.606
2025-06-25T22:48:00,0,72.2,19,0.61039
2025-06-25T22:51:00,0,72.1,19,0.61259
2025-06-25T22:54:00,0,71.9,19,0.61698
2025-06-25T22:57:00,0,71.6,19,0.62357
2025-06-25T23:00:00,0,71.2,19,0.63235
2025-06-25T23:03:00,0,71,19,0.63674
2025-06-25T23:06:00,0,72.1,19,0.61259
2025-06-25T23:09:00,0,73.4,19,0.58404
2025-06-25T23:12:00,0,74.1,19,0.56868
2025-06-25T23:15:00,0,74.6,19,0.5577
2025-06-25T23:18:00,0,74.8,19,0.55331
2025-06-25T23:21:00,0,75.1,19,0.54672
2025-06-25T23:24:00,0,75.2,19,0.54452
2025-06-25T23:27:00,0,75.4,19,0.54013
2025-06-25T23:30:00,0,75.6,19,0.53574
2025-06-25T23:33:00,0,75.7,19,0.53354
2025-06-25T23:36:00,0,75.7,19,0.53354
2025-06-25T23:39:00,0,76,19,0.52696
2025-06-25T23:42:00,0,76,19,0.52696
2025-06-25T23:45:00,0,76.2,19,0.52257
2025-06-25T23:48:00,0,76.4,19,0.51818
2025-06-25T23:51:00,0,76.6,19,0.51378
2025-06-25T23:54:00,0,76.6,19,0.51378
2025-06-25T23:57:00,0,76.7,19,0.51159
2025-06-26T00:00:00,0,76.7,19,0.51159
2025-06-26T00:03:00,0,76.6,19,0.51378
2025-06-26T00:06:00,0,76.8,19,0.50939
2025-06-26T00:09:00,0,76.8,19,0.50939
2025-06-26T00:12:00,0,76.9,19,0.5072
2025-06-26T00:15:00,0,76.8,19,0.50939
2025-06-26T00:18:00,0,76.7,19,0.51159
2025-06-26T00:21:00,0,76.8,19,0.50939
2025-06-26T00:24:00,0,76.8,19,0.50939
2025-06-26T00:27:00,0,76.8,19,0.50939
2025-06-26T00:30:00,0,76.8,19,0.50939
2025-06-26T00:33:00,0,76.9,19,0.5072
2025-06-26T00:36:00,0,77.5,19,0.49402
2025-06-26T00:39:00,0,78.1,19,0.48085
2025-06-26T00:42:00,0,78.4,19,0.47426
2025-06-26T00:45:00,0,78.8,19,0.46548
2025-06-26T00:48:00,0,80,19,0.43913
2025-06-26T00:51:00,0,80.1,19,0.43694
2025-06-26T00:54:00,0,80.4,19,0.43035
2025-06-26T00:57:00,0,81.5,19,0.4062
2025-06-26T01:00:00,0,82.3,19,0.38863
2025-06-26T01:03:00,0,82.7,19,0.37985
2025-06-26T01:06:00,0,83.4,19,0.36448
2025-06-26T01:09:00,0,84.1,19,0.34911
2025-06-26T01:12:00,0,84.6,19,0.33813
2025-06-26T01:15:00,0,84.8,19,0.33374
2025-06-26T01:18:00,0,85.1,19,0.32715
2025-06-26T01:21:00,0,85.4,19,0.32057
2025-06-26T01:24:00,0,85.6,19,0.31617
2025-06-26T01:27:00,0,85.8,19,0.31178
2025-06-26T01:30:00,0,85.8,19,0.31178
2025-06-26T01:33:00,0,86.1,19,0.3052
2025-06-26T01:36:00,0,86.2,19,0.303
2025-06-26T01:39:00,0,86.4,19,0.29861
2025-06-26T01:42:00,0,86.5,19,0.29641
2025-06-26T01:45:00,0,86.6,19,0.29422
2025-06-26T01:48:00,0,86.6,19,0.29422
2025-06-26T01:51:00,0,86.7,19,0.29202
2025-06-26T01:54:00,0,86.7,19,0.29202
2025-06-26T01:57:00,0,86.8,19,0.28983
2025-06-26T02:00:00,0,86.8,19,0.28983
2025-06-26T02:03:00,0,86.9,19,0.28763
2025-06-26T02:06:00,0,87.2,19,0.28104
2025-06-26T02:09:00,0,87.4,19,0.27665
2025-06-26T02:12:00,0,87.5,19,0.27446
2025-06-26T02:15:00,0,87.7,19,0.27007
2025-06-26T02:18:00,0,87.9,19,0.26567
2025-06-26T02:21:00,0,88.1,19,0.26128
2025-06-26T02:24:00,0,88.2,19,0.25909
2025-06-26T02:27:00,0,88.3,19,0.25689
2025-06-26T02:30:00,0,88.4,19,0.2547
2025-06-26T02:33:00,0,88.5,19,0.2525
2025-06-26T02:36:00,0,88.5,19,0.2525
2025-06-26T02:39:00,0,88.5,19,0.2525
2025-06-26T02:42:00,0,88.6,19,0.2503
2025-06-26T02:45:00,0,88.6,19,0.2503
2025-06-26T02:48:00,0,88.7,19,0.24811
2025-06-26T02:51:00,0,88.7,19,0.24811
2025-06-26T02:54:00,0,88.7,19,0.24811
2025-06-26T02:57:00,0,88.8,19,0.24591
2025-06-26T03:00:00,0,88.8,19,0.24591
2025-06-26T03:03:00,0,88.9,19,0.24372
2025-06-26T03:06:00,0,88.9,19,0.24372
2025-06-26T03:09:00,0,89,19,0.24152
2025-06-26T03:12:00,0,89.1,19,0.23933
2025-06-26T03:15:00,0,89.1,19,0.23933
2025-06-26T03:18:00,0,89.2,19,0.23713
2025-06-26T03:21:00,0,89.2,19,0.23713
2025-06-26T03:24:00,0,89.3,19,0.23494
2025-06-26T03:27:00,0,89.3,19,0.23494
2025-06-26T03:30:00,0,89.3,19,0.23494
2025-06-26T03:33:00,0,89.3,19,0.23494
2025-06-26T03:36:00,0,89.3,19,0.23494
2025-06-26T03:39:00,0,89.4,19,0.23274
2025-06-26T03:42:00,0,89.3,19,0.23494
2025-06-26T03:45:00,0,89.2,19,0.23713
2025-06-26T03:48:00,0,89.1,19,0.23933
2025-06-26T03:51:00,0,89.1,19,0.23933
2025-06-26T03:54:00,0,89,19,0.24152
2025-06-26T03:57:00,0,89,19,0.24152
2025-06-26T04:00:00,0,88.9,19,0.24372
2025-06-26T04:03:00,350,88.8,19,0.24591
2025-06-26T04:06:00,349,88.3,19,0.25689
2025-06-26T04:09:00,345,87.7,19,0.27007
2025-06-26T04:12:00,344,87.2,20,0.29907
2025-06-26T04:15:00,342,86.5,20,0.31542
2025-06-26T04:18:00,339,84.9,20,0.35281
2025-06-26T04:21:00,339,83.9,20,0.37617
2025-06-26T04:24:00,338,82.7,20,0.40421
2025-06-26T04:27:00,337,81.2,20,0.43926
2025-06-26T04:30:00,335,80.2,20,0.46262
2025-06-26T04:33:00,336,79.3,20,0.48365
2025-06-26T04:36:00,335,78,20,0.51403
2025-06-26T04:39:00,334,76.9,20,0.53973
2025-06-26T04:42:00,334,76.3,20,0.55375
2025-06-26T04:45:00,333,75.3,20,0.57711
2025-06-26T04:48:00,333,74.5,20,0.5958
2025-06-26T04:51:00,334,75.7,20,0.56776
2025-06-26T04:54:00,334,76.7,20,0.5444
2025-06-26T04:57:00,333,75.8,20,0.56543
2025-06-26T05:00:00,334,74.3,20,0.60048
2025-06-26T05:03:00,334,73.5,20,0.61917
2025-06-26T05:06:00,334,72.7,20,0.63786
2025-06-26T05:09:00,334,74.2,20,0.60281
2025-06-26T05:12:00,334,75.4,20,0.57477
2025-06-26T05:15:00,334,76.2,20,0.55608
2025-06-26T05:18:00,334,76.4,20,0.55141
2025-06-26T05:21:00,334,75.1,20,0.58178
2025-06-26T05:24:00,334,74.3,20,0.60048
2025-06-26T05:27:00,335,74.5,20,0.5958
2025-06-26T05:30:00,334,75.3,20,0.57711
2025-06-26T05:33:00,336,74.6,20,0.59347
2025-06-26T05:36:00,335,75.1,19,0.54672
2025-06-26T05:39:00,336,74.8,20,0.58879
2025-06-26T05:42:00,336,75,20,0.58412
2025-06-26T05:45:00,336,74.8,20,0.58879
2025-06-26T05:48:00,336,74.4,20,0.59814
2025-06-26T05:51:00,336,74.4,20,0.59814
2025-06-26T05:54:00,338,74.4,20,0.59814
2025-06-26T05:57:00,339,73.8,20,0.61216
2025-06-26T06:00:00,341,73.1,20,0.62851
2025-06-26T06:03:00,341,73.7,20,0.61449
2025-06-26T06:06:00,344,74.3,20,0.60048
2025-06-26T06:09:00,345,73.6,20,0.61683
2025-06-26T06:12:00,347,73.6,20,0.61683
2025-06-26T06:15:00,353,74,20,0.60748
2025-06-26T06:18:00,356,73.3,20,0.62384
2025-06-26T06:21:00,358,73.2,20,0.62618
2025-06-26T06:24:00,360,73.3,20,0.62384
2025-06-26T06:27:00,361,73.1,20,0.62851
2025-06-26T06:30:00,363,73.1,20,0.62851
2025-06-26T06:33:00,363,73.1,20,0.62851
2025-06-26T06:36:00,365,72.5,20,0.64253
2025-06-26T06:39:00,366,71.6,20,0.66356
2025-06-26T06:42:00,368,71.6,20,0.66356
2025-06-26T06:45:00,371,72.3,20,0.6472
2025-06-26T06:48:00,374,71.6,20,0.66356
2025-06-26T06:51:00,375,71.3,20,0.67057
2025-06-26T06:54:00,386,70.6,21,0.73064
2025-06-26T06:57:00,396,69.8,21,0.75052
2025-06-26T07:00:00,402,69.5,21,0.75797
2025-06-26T07:03:00,416,69.5,21,0.75797
2025-06-26T07:06:00,416,68.1,21,0.79276
2025-06-26T07:09:00,409,70.4,21,0.73561
2025-06-26T07:12:00,410,69.1,21,0.76791
2025-06-26T07:15:00,414,68.6,21,0.78034
2025-06-26T07:18:00,400,77.9,19,0.48524
2025-06-26T07:21:00,404,77.9,20,0.51636
2025-06-26T07:24:00,408,78.5,19,0.47207
2025-06-26T07:27:00,419,82.3,18,0.36503
2025-06-26T07:30:00,408,80.8,19,0.42157
2025-06-26T07:33:00,416,78.5,19,0.47207
2025-06-26T07:36:00,436,83.2,18,0.34647
2025-06-26T07:39:00,430,83.9,18,0.33204
2025-06-26T07:42:00,375,84.7,18,0.31554
2025-06-26T07:45:00,372,80.3,19,0.43254
2025-06-26T07:48:00,376,77.5,20,0.52571
2025-06-26T07:51:00,375,83,18,0.3506
2025-06-26T07:54:00,375,81.1,19,0.41498
2025-06-26T07:57:00,386,77.8,20,0.5187
2025-06-26T08:00:00,384,81.9,18,0.37328
2025-06-26T08:03:00,380,81.9,19,0.39741
2025-06-26T08:06:00,383,79.1,20,0.48832
2025-06-26T08:09:00,391,79.6,19,0.44791
2025-06-26T08:12:00,402,83.9,18,0.33204
2025-06-26T08:15:00,602,84.7,18,0.31554
2025-06-26T08:18:00,664,84.5,18,0.31966
2025-06-26T08:21:00,679,84.5,18,0.31966
2025-06-26T08:24:00,536,83.9,18,0.33204
2025-06-26T08:27:00,627,83.9,18,0.33204
2025-06-26T08:30:00,613,83.4,19,0.36448
2025-06-26T08:33:00,627,83,19,0.37326
2025-06-26T08:36:00,616,82.6,19,0.38204
2025-06-26T08:39:00,660,82.5,19,0.38424
2025-06-26T08:42:00,621,82.6,19,0.38204
2025-06-26T08:45:00,660,82.2,19,0.39083
2025-06-26T08:48:00,671,81.5,19,0.4062
2025-06-26T08:51:00,671,81.7,19,0.40181
2025-06-26T08:54:00,704,82.1,19,0.39302
2025-06-26T08:57:00,706,81.9,19,0.39741
2025-06-26T09:00:00,720,81.6,20,0.42991
2025-06-26T09:03:00,686,80.8,20,0.4486
2025-06-26T09:06:00,541,80.5,20,0.45561
2025-06-26T09:09:00,487,80.4,20,0.45795
2025-06-26T09:12:00,469,80.4,20,0.45795
2025-06-26T09:15:00,461,80.7,20,0.45094
2025-06-26T09:18:00,457,81.2,20,0.43926
2025-06-26T09:21:00,454,79.8,20,0.47197
2025-06-26T09:24:00,454,79.6,20,0.47664
2025-06-26T09:27:00,454.5,79.6,20,0.47664
2025-06-26T09:30:00,455,79.6,20,0.47664
2025-06-26T09:33:00,493,80.4,21,0.48709
2025-06-26T09:36:00,1134,80.2,20,0.46262
2025-06-26T09:39:00,1225,80.3,20,0.46029
2025-06-26T09:42:00,1235,79,21,0.52188
2025-06-26T09:45:00,1263,78.9,21,0.52437
2025-06-26T09:48:00,982,78.2,21,0.54176
2025-06-26T09:51:00,478,79,21,0.52188
2025-06-26T09:54:00,1054,78.1,21,0.54425
2025-06-26T09:57:00,1280,77.1,21,0.5691
2025-06-26T10:00:00,1450,75.7,22,0.64202
2025-06-26T10:03:00,566,72.7,22,0.72128
2025-06-26T10:06:00,717,70.8,22,0.77148
2025-06-26T10:09:00,1189,68.7,23,0.87876
2025-06-26T10:12:00,515,64.2,24,1.06757
2025-06-26T10:15:00,758,61.7,24,1.14212
2025-06-26T10:18:00,1463,60,25,1.26638
2025-06-26T10:21:00,1450,59.8,24,1.19878
2025-06-26T10:24:00,541,59.1,25,1.29487
2025-06-26T10:27:00,1463,59.4,25,1.28537
2025-06-26T10:30:00,1268,56.7,25,1.37085
2025-06-26T10:33:00,948,57.2,25,1.35503
2025-06-26T10:36:00,591,56.2,25,1.38668
2025-06-26T10:39:00,496,56.1,25,1.38985
2025-06-26T10:42:00,491,55.7,25,1.40251
2025-06-26T10:45:00,487,56,25,1.39302
2025-06-26T10:48:00,486,54.8,25,1.43101
2025-06-26T10:51:00,487,53.4,26,1.56561
2025-06-26T10:54:00,487,53.5,26,1.56225
2025-06-26T10:57:00,490,53.4,26,1.56561
2025-06-26T11:00:00,501,53,26,1.57905
2025-06-26T11:03:00,496,53.5,26,1.56225
2025-06-26T11:06:00,534,53.4,26,1.56561
2025-06-26T11:09:00,478,49.8,26,1.68656
2025-06-26T11:12:00,502,51.3,26,1.63617
2025-06-26T11:15:00,510,48,26,1.74704
2025-06-26T11:18:00,541,50.3,26,1.66976
2025-06-26T11:21:00,531,50.7,27,1.75691
2025-06-26T11:24:00,556,49.7,26,1.68992
2025-06-26T11:27:00,454,49.4,26,1.7
2025-06-26T11:30:00,460,48.9,26,1.7168
2025-06-26T11:33:00,471,47.7,26,1.75712
2025-06-26T11:36:00,529,48.9,26,1.7168
2025-06-26T11:39:00,526,68.3,23,0.88999
2025-06-26T11:42:00,534,73.5,22,0.70014
2025-06-26T11:45:00,535,73.7,22,0.69486
2025-06-26T11:48:00,534,73.6,22,0.6975
2025-06-26T11:51:00,423,73.7,21,0.6536
2025-06-26T11:54:00,416,73.8,21,0.65111
2025-06-26T11:57:00,432,73,22,0.71335
2025-06-26T12:00:00,436,67.9,22,0.8481
2025-06-26T12:03:00,441,61.8,23,1.07248
2025-06-26T12:06:00,445,55.5,25,1.40885
2025-06-26T12:09:00,451,52.8,26,1.58577
2025-06-26T12:12:00,453,49.3,27,1.8068
2025-06-26T12:15:00,455,48.2,27,1.846
2025-06-26T12:18:00,458,49.6,27,1.79611
2025-06-26T12:21:00,463,46.4,27,1.91015
2025-06-26T12:24:00,461,47.1,27,1.8852
2025-06-26T12:27:00,455,45.1,28,2.07437
2025-06-26T12:30:00,463,47.4,27,1.87451
2025-06-26T12:33:00,454,47.1,27,1.8852
2025-06-26T12:36:00,443,47.5,27,1.87094
2025-06-26T12:39:00,421,47.1,27,1.8852
2025-06-26T12:42:00,399,47.3,27,1.87807
2025-06-26T12:45:00,389,48.1,27,1.84956
2025-06-26T12:48:00,417,47.8,27,1.86025
2025-06-26T12:51:00,441,47.3,26,1.77056
2025-06-26T12:54:00,432,46.9,27,1.89233
2025-06-26T12:57:00,428,44.7,27,1.97073
2025-06-26T13:00:00,435,47.2,26,1.77391
2025-06-26T13:03:00,439,47.05,26.5,1.83227
2025-06-26T13:06:00,443,46.9,27,1.89233
2025-06-26T13:09:00,454,45.5,27,1.94222
2025-06-26T13:12:00,443,45.3,27,1.94935
2025-06-26T13:15:00,453,44,27,1.99567
2025-06-26T13:18:00,435,52.6,27,1.6892
2025-06-26T13:21:00,448,64.5,23,0.99668
2025-06-26T13:24:00,443,68,23,0.89841
2025-06-26T13:27:00,432,68.4,23,0.88718
2025-06-26T13:30:00,410,67.9,23,0.90122
2025-06-26T13:33:00,444,71.1,22,0.76355
2025-06-26T13:36:00,425,71.7,22,0.7477
2025-06-26T13:39:00,439,73,22,0.71335
2025-06-26T13:42:00,440,71,22,0.76619
2025-06-26T13:45:00,441,71.4,22,0.75563
2025-06-26T13:48:00,446,71.4,22,0.75563
2025-06-26T13:51:00,444,71.9,22,0.74242
2025-06-26T13:54:00,443,73.1,22,0.71071
2025-06-26T13:57:00,441,75.5,22,0.6473
2025-06-26T14:00:00,440,75.3,22,0.65259
2025-06-26T14:03:00,420,74.4,22,0.67636
2025-06-26T14:06:00,402,75.3,22,0.65259
2025-06-26T14:09:00,443,75.8,22,0.63938
2025-06-26T14:12:00,433,75.2,22,0.65523
2025-06-26T14:15:00,451,74.6,22,0.67108
2025-06-26T14:18:00,465,75.5,22,0.6473
2025-06-26T14:21:00,449,74.7,22,0.66844
2025-06-26T14:24:00,397,75.2,22,0.65523
2025-06-26T14:27:00,423,75.4,22,0.64994
2025-06-26T14:30:00,449,76.1,22,0.63145
2025-06-26T14:33:00,454,75.8,22,0.63938
2025-06-26T14:36:00,460,76.1,22,0.63145
2025-06-26T14:39:00,515,75.2,22,0.65523
2025-06-26T14:42:00,456,75.6,22,0.64466
2025-06-26T14:45:00,406,75.5,21,0.60886
2025-06-26T14:48:00,426,75.6,22,0.64466
2025-06-26T14:51:00,471,75.5,22,0.6473
2025-06-26T14:54:00,418,74.2,22,0.68165
2025-06-26T14:57:00,450,75.1,22,0.65787
2025-06-26T15:00:00,455,74.1,22,0.68429
2025-06-26T15:03:00,451,74.5,22,0.67372
2025-06-26T15:06:00,455,74.1,22,0.68429
2025-06-26T15:09:00,454,75.5,22,0.6473
2025-06-26T15:12:00,449,76,22,0.63409
2025-06-26T15:15:00,441,75.7,22,0.64202
2025-06-26T15:18:00,443,75.9,22,0.63673
2025-06-26T15:21:00,444,74.6,22,0.67108
2025-06-26T15:24:00,447,76,22,0.63409
2025-06-26T15:27:00,444,75,22,0.66051
2025-06-26T15:30:00,430,75,22,0.66051
2025-06-26T15:33:00,361,75.3,22,0.65259
2025-06-26T15:36:00,361,75.2,22,0.65523
2025-06-26T15:39:00,460,75,22,0.66051
2025-06-26T15:42:00,363,74.9,22,0.66315
2025-06-26T15:45:00,528,75.8,22,0.63938
2025-06-26T15:48:00,520,74.4,22,0.67636
2025-06-26T15:51:00,482,75.3,22,0.65259
2025-06-26T15:54:00,517,72.3,22,0.73185
2025-06-26T15:57:00,443,71.3,22,0.75827
2025-06-26T16:00:00,413,73.4,21,0.66105
2025-06-26T16:03:00,422,71,21,0.72069
2025-06-26T16:06:00,391,72.8,21,0.67596
2025-06-26T16:09:00,435,74.2,21,0.64117
2025-06-26T16:12:00,395,75,21,0.62129
2025-06-26T16:15:00,387,74.1,21,0.64365
2025-06-26T16:18:00,378,74.8,21,0.62626
2025-06-26T16:21:00,374,76,21,0.59644
2025-06-26T16:24:00,377,75.1,21,0.6188
2025-06-26T16:27:00,386,77.2,21,0.56661
2025-06-26T16:30:00,397,76,22,0.63409
2025-06-26T16:33:00,401,75.3,21,0.61383
2025-06-26T16:36:00,407,75.8,21,0.60141
2025-06-26T16:39:00,397,76.3,22,0.62617
2025-06-26T16:42:00,407,76.4,21,0.5865
2025-06-26T16:45:00,416,75.9,21,0.59892
2025-06-26T16:48:00,400,75.7,21,0.60389
2025-06-26T16:51:00,384,75.5,21,0.60886
2025-06-26T16:54:00,400,75.8,21,0.60141
2025-06-26T16:57:00,421,75.2,21,0.61632
2025-06-26T17:00:00,429,75.8,21,0.60141
2025-06-26T17:03:00,401,74.8,21,0.62626
2025-06-26T17:06:00,396,75.4,21,0.61135
2025-06-26T17:09:00,391,75.8,21,0.60141
2025-06-26T17:12:00,376,77.1,21,0.5691
2025-06-26T17:15:00,381,76.1,21,0.59395
2025-06-26T17:18:00,399,77,21,0.57159
2025-06-26T17:21:00,400,77.3,21,0.56413
2025-06-26T17:24:00,389,76.8,21,0.57656
2025-06-26T17:27:00,396,76.8,21,0.57656
2025-06-26T17:30:00,379,77.1,21,0.5691
2025-06-26T17:33:00,371,76.8,21,0.57656
2025-06-26T17:36:00,367,77.8,21,0.5517
2025-06-26T17:39:00,373,76.8,21,0.57656
2025-06-26T17:42:00,375,79.1,21,0.5194
2025-06-26T17:45:00,422,77.7,21,0.55419
2025-06-26T17:48:00,441,77.2,21,0.56661
2025-06-26T17:51:00,570,75.9,22,0.63673
2025-06-26T17:54:00,536,76.5,22,0.62088
2025-06-26T17:57:00,454,75.1,22,0.65787
2025-06-26T18:00:00,418,75.2,21,0.61632
2025-06-26T18:03:00,475,76.7,22,0.6156
2025-06-26T18:06:00,590,75.9,22,0.63673
2025-06-26T18:09:00,570,75.7,21,0.60389
2025-06-26T18:12:00,514,75.3,21,0.61383
2025-06-26T18:15:00,408,75.1,21,0.6188
2025-06-26T18:18:00,450,75.4,21,0.61135
2025-06-26T18:21:00,388,74.6,21,0.63123
2025-06-26T18:24:00,382,76.6,21,0.58153
2025-06-26T18:27:00,383,75.3,21,0.61383
2025-06-26T18:30:00,427,75.7,21,0.60389
2025-06-26T18:33:00,513,74.6,21,0.63123
2025-06-26T18:36:00,519,76.1,21,0.59395
2025-06-26T18:39:00,487,75.2,20,0.57945
2025-06-26T18:42:00,370,75.7,20,0.56776
2025-06-26T18:45:00,361,76.5,20,0.54907
2025-06-26T18:48:00,359,75.5,20,0.57244
2025-06-26T18:51:00,356,76.2,20,0.55608
2025-06-26T18:54:00,355,75.9,20,0.56309
2025-06-26T18:57:00,352,76.2,20,0.55608
2025-06-26T19:00:00,351,75.6,20,0.5701
2025-06-26T19:03:00,352,76.6,20,0.54674
2025-06-26T19:06:00,351,76.2,20,0.55608
2025-06-26T19:09:00,349,76.5,20,0.54907
2025-06-26T19:12:00,349,76.3,20,0.55375
2025-06-26T19:15:00,347,76.2,20,0.55608
2025-06-26T19:18:00,350,76.8,20,0.54206
2025-06-26T19:21:00,348,77.4,20,0.52804
2025-06-26T19:24:00,348,77.6,20,0.52337
2025-06-26T19:27:00,346,76.4,20,0.55141
2025-06-26T19:30:00,347,76.4,20,0.55141
2025-06-26T19:33:00,344,76.4,20,0.55141
2025-06-26T19:36:00,339,77.1,20,0.53505
2025-06-26T19:39:00,339,76.8,20,0.54206
2025-06-26T19:42:00,337,77,20,0.53739
2025-06-26T19:45:00,337,77,20,0.53739
2025-06-26T19:48:00,333,76.3,20,0.55375
2025-06-26T19:51:00,331,77.3,20,0.53038
2025-06-26T19:54:00,329,76.8,20,0.54206
2025-06-26T19:57:00,328,77.6,19,0.49183
2025-06-26T20:00:00,328,76.9,19,0.5072
2025-06-26T20:03:00,9,77.6,19,0.49183
2025-06-26T20:06:00,0,78.5,19,0.47207
2025-06-26T20:09:00,0,78.9,19,0.46328
2025-06-26T20:12:00,0,78.9,19,0.46328
2025-06-26T20:15:00,16,79,19,0.46109
2025-06-26T20:18:00,15,79.4,19,0.45231
2025-06-26T20:21:00,14,79.9,19,0.44133
2025-06-26T20:24:00,13,80.2,19,0.43474
2025-06-26T20:27:00,13,79.7,19,0.44572
2025-06-26T20:30:00,14,79.6,19,0.44791
2025-06-26T20:33:00,15,80.2,19,0.43474
2025-06-26T20:36:00,14,80.8,19,0.42157
2025-06-26T20:39:00,16,80.4,19,0.43035
2025-06-26T20:42:00,17,80.9,19,0.41937
2025-06-26T20:45:00,13,80.9,19,0.41937
2025-06-26T20:48:00,10,81.1,19,0.41498
2025-06-26T20:51:00,10,81.2,19,0.41278
2025-06-26T20:54:00,10,82,19,0.39522
2025-06-26T20:57:00,0,82.1,19,0.39302
2025-06-26T21:00:00,0,81.6,19,0.404
2025-06-26T21:03:00,0,81.4,19,0.40839
2025-06-26T21:06:00,0,82.4,19,0.38644
2025-06-26T21:09:00,0,82.2,19,0.39083
2025-06-26T21:12:00,0,82,19,0.39522
2025-06-26T21:15:00,0,82.9,19,0.37546
2025-06-26T21:18:00,0,82.8,19,0.37765
2025-06-26T21:21:00,0,82.4,19,0.38644
2025-06-26T21:24:00,0,82.3,19,0.38863
2025-06-26T21:27:00,0,82.6,18,0.35885
2025-06-26T21:30:00,0,83.2,18,0.34647
2025-06-26T21:33:00,0,83.1,18,0.34853
2025-06-26T21:36:00,0,83.2,18,0.34647
2025-06-26T21:39:00,0,83.1,18,0.34853
2025-06-26T21:42:00,0,82.5,18,0.36091
2025-06-26T21:45:00,0,83.3,18,0.34441
2025-06-26T21:48:00,0,82.8,18,0.35472
2025-06-26T21:51:00,0,83.2,18,0.34647
2025-06-26T21:54:00,0,83.3,18,0.34441
2025-06-26T21:57:00,0,83.8,18,0.3341
2025-06-26T22:00:00,0,83.7,18,0.33616
2025-06-26T22:03:00,0,83.7,18,0.33616
2025-06-26T22:06:00,0,84,18,0.32997
2025-06-26T22:09:00,0,84,18,0.32997
2025-06-26T22:12:00,0,83.6,18,0.33822
2025-06-26T22:15:00,0,84.1,18,0.32791
2025-06-26T22:18:00,0,85.1,18,0.30729
2025-06-26T22:21:00,0,84.6,18,0.3176
2025-06-26T22:24:00,0,85.8,18,0.29285
2025-06-26T22:27:00,0,85.5,18,0.29904
2025-06-26T22:30:00,0,84.6,18,0.3176
2025-06-26T22:33:00,0,83.4,18,0.34235
2025-06-26T22:36:00,0,84.4,18,0.32172
2025-06-26T22:39:00,0,84.5,18,0.31966
2025-06-26T22:42:00,0,84.8,18,0.31347
2025-06-26T22:45:00,0,82.9,18,0.35266
2025-06-26T22:48:00,0,81.4,19,0.40839
2025-06-26T22:51:00,0,80.8,19,0.42157
2025-06-26T22:54:00,0,81.1,19,0.41498
2025-06-26T22:57:00,0,82.6,19,0.38204
2025-06-26T23:00:00,0,83.1,18,0.34853
2025-06-26T23:03:00,0,83.4,18,0.34235
2025-06-26T23:06:00,0,82.5,18,0.36091
2025-06-26T23:09:00,0,81.9,18,0.37328
2025-06-26T23:12:00,0,82.2,18,0.3671
2025-06-26T23:15:00,0,83.7,18,0.33616
2025-06-26T23:18:00,0,83.4,18,0.34235
2025-06-26T23:21:00,0,83.8,18,0.3341
2025-06-26T23:24:00,0,84.5,19,0.34033
2025-06-26T23:27:00,0,79,19,0.46109
2025-06-26T23:30:00,0,80.6,19,0.42596
2025-06-26T23:33:00,0,80.2,19,0.43474
2025-06-26T23:36:00,0,81.1,19,0.41498
2025-06-26T23:39:00,0,81.8,19,0.39961
2025-06-26T23:42:00,0,80.3,19,0.43254
2025-06-26T23:45:00,0,80.8,19,0.42157
2025-06-26T23:48:00,0,82.2,19,0.39083
2025-06-26T23:51:00,0,82.9,19,0.37546
2025-06-26T23:54:00,0,82,19,0.39522
2025-06-26T23:57:00,0,81.6,19,0.404
2025-06-27T00:00:00,0,82.6,19,0.38204
2025-06-27T00:03:00,0,82.1,19,0.39302
2025-06-27T00:06:00,0,82.7,19,0.37985
2025-06-27T00:09:00,0,81.1,19,0.41498
2025-06-27T00:12:00,0,79.5,19,0.45011
2025-06-27T00:15:00,0,78.8,19,0.46548
2025-06-27T00:18:00,0,78.1,19,0.48085
2025-06-27T00:21:00,0,77.9,19,0.48524
2025-06-27T00:24:00,0,77.9,19,0.48524
2025-06-27T00:27:00,0,77.7,19,0.48963
2025-06-27T00:30:00,0,78,19,0.48304
2025-06-27T00:33:00,0,78.1,19,0.48085
2025-06-27T00:36:00,0,78.9,19,0.46328
2025-06-27T00:39:00,0,79.3,19,0.4545
2025-06-27T00:42:00,0,79.7,19,0.44572
2025-06-27T00:45:00,0,79.6,19,0.44791
2025-06-27T00:48:00,0,79.9,19,0.44133
2025-06-27T00:51:00,0,80,19,0.43913
2025-06-27T00:54:00,0,79.9,19,0.44133
2025-06-27T00:57:00,0,79.3,19,0.4545
2025-06-27T01:00:00,0,79.3,19,0.4545
2025-06-27T01:03:00,0,79.2,19,0.4567
2025-06-27T01:06:00,0,78.8,19,0.46548
2025-06-27T01:09:00,0,79,19,0.46109
2025-06-27T01:12:00,0,79.1,19,0.45889
2025-06-27T01:15:00,0,78.7,19,0.46768
2025-06-27T01:18:00,0,78.7,19,0.46768
2025-06-27T01:21:00,0,78.65,19,0.46877
2025-06-27T01:24:00,0,78.6,19,0.46987
2025-06-27T01:27:00,0,78.1,19,0.48085
2025-06-27T01:30:00,0,78.1,19,0.48085
2025-06-27T01:33:00,0,77.9,19,0.48524
2025-06-27T01:36:00,0,78,19,0.48304
2025-06-27T01:39:00,0,77.5,19,0.49402
2025-06-27T01:42:00,0,77.4,19,0.49622
2025-06-27T01:45:00,0,77.3,19,0.49841
2025-06-27T01:48:00,0,77.3,19,0.49841
2025-06-27T01:51:00,0,77.2,19,0.50061
2025-06-27T01:54:00,0,77.2,19,0.50061
2025-06-27T01:57:00,0,76.8,19,0.50939
2025-06-27T02:00:00,0,76.7,19,0.51159
2025-06-27T02:03:00,0,76.8,19,0.50939
2025-06-27T02:06:00,0,77.5,19,0.49402
2025-06-27T02:09:00,0,78,19,0.48304
2025-06-27T02:12:00,0,78.2,19,0.47865
2025-06-27T02:15:00,0,78.3,19,0.47646
2025-06-27T02:18:00,0,78.3,19,0.47646
2025-06-27T02:21:00,0,78.3,19,0.47646
2025-06-27T02:24:00,0,78.3,19,0.47646
2025-06-27T02:27:00,0,78.3,19,0.47646
2025-06-27T02:30:00,0,78.2,19,0.47865
2025-06-27T02:33:00,0,78.3,19,0.47646
2025-06-27T02:36:00,0,78.3,19,0.47646
2025-06-27T02:39:00,0,78.2,19,0.47865
2025-06-27T02:42:00,0,78.3,19,0.47646
2025-06-27T02:45:00,0,78.2,19,0.47865
2025-06-27T02:48:00,0,78.2,19,0.47865
2025-06-27T02:51:00,0,78.1,19,0.48085
2025-06-27T02:54:00,0,78.3,19,0.47646
2025-06-27T02:57:00,0,79.1,19,0.45889
2025-06-27T03:00:00,0,80.3,19,0.43254
2025-06-27T03:03:00,0,80.6,19,0.42596
2025-06-27T03:06:00,0,81,19,0.41717
2025-06-27T03:09:00,0,82,19,0.39522
2025-06-27T03:12:00,0,82.6,19,0.38204
2025-06-27T03:15:00,0,83.2,19,0.36887
2025-06-27T03:18:00,0,83.6,19,0.36009
2025-06-27T03:21:00,0,84,19,0.35131
2025-06-27T03:24:00,0,84.4,19,0.34252
2025-06-27T03:27:00,0,84.6,19,0.33813
2025-06-27T03:30:00,0,84.7,19,0.33594
2025-06-27T03:33:00,0,84.8,19,0.33374
2025-06-27T03:36:00,0,85,19,0.32935
2025-06-27T03:39:00,0,85.1,19,0.32715
2025-06-27T03:42:00,0,85.1,19,0.32715
2025-06-27T03:45:00,0,85.3,19,0.32276
2025-06-27T03:48:00,0,85.3,19,0.32276
2025-06-27T03:51:00,0,85.4,19,0.32057
2025-06-27T03:54:00,0,85.4,19,0.32057
2025-06-27T03:57:00,0,85.4,19,0.32057
2025-06-27T04:00:00,0,85.6,19,0.31617
2025-06-27T04:03:00,349,85.3,19,0.32276
2025-06-27T04:06:00,348,84.6,19,0.33813
2025-06-27T04:09:00,346,84,19,0.35131
2025-06-27T04:12:00,343,83.5,19,0.36228
2025-06-27T04:15:00,341,83.1,20,0.39487
2025-06-27T04:18:00,339,82.5,20,0.40888
2025-06-27T04:21:00,338,81.4,20,0.43459
2025-06-27T04:24:00,337,79.6,20,0.47664
2025-06-27T04:27:00,336,78.7,20,0.49767
2025-06-27T04:30:00,336,77.3,20,0.53038
2025-06-27T04:33:00,334,76.6,20,0.54674
2025-06-27T04:36:00,335,75.4,20,0.57477
2025-06-27T04:39:00,333,74.5,20,0.5958
2025-06-27T04:42:00,334,73.5,20,0.61917
2025-06-27T04:45:00,334,72.9,20,0.63319
2025-06-27T04:48:00,334,72.2,21,0.69087
2025-06-27T04:51:00,334,70.8,20,0.68225
2025-06-27T04:54:00,334,71.9,20,0.65655
2025-06-27T04:57:00,334,70,20,0.70094
2025-06-27T05:00:00,334,72.1,20,0.65188
2025-06-27T05:03:00,334,73.9,20,0.60982
2025-06-27T05:06:00,333,74,20,0.60748
2025-06-27T05:09:00,334,73.3,20,0.62384
2025-06-27T05:12:00,335,70.1,20,0.69861
2025-06-27T05:15:00,336,69.1,20,0.72197
2025-06-27T05:18:00,336,68.7,20,0.73132
2025-06-27T05:21:00,336,71.8,20,0.65889
2025-06-27T05:24:00,336,71.55,20,0.66473
2025-06-27T05:27:00,336,71.3,20,0.67057
2025-06-27T05:30:00,336,69.4,20,0.71496
2025-06-27T05:33:00,336,70.5,20,0.68926
2025-06-27T05:36:00,336,71.3,19,0.63015
2025-06-27T05:39:00,338,72.2,20,0.64954
2025-06-27T05:42:00,337,71.5,20,0.6659
2025-06-27T05:45:00,338,70.5,20,0.68926
2025-06-27T05:48:00,339,70.2,20,0.69627
2025-06-27T05:51:00,339,71,20,0.67758
2025-06-27T05:54:00,342,71.6,20,0.66356
2025-06-27T05:57:00,342,71.5,20,0.6659
2025-06-27T06:00:00,345,71.8,20,0.65889
2025-06-27T06:03:00,346,71.5,20,0.6659
2025-06-27T06:06:00,347,71.5,20,0.6659
2025-06-27T06:09:00,358,71,20,0.67758
2025-06-27T06:12:00,358,71,20,0.67758
2025-06-27T06:15:00,363,71.1,20,0.67524
2025-06-27T06:18:00,362,71,20,0.67758
2025-06-27T06:21:00,363,70.9,20,0.67992
2025-06-27T06:24:00,363,70.5,20,0.68926
2025-06-27T06:27:00,363,70.6,20,0.68692
2025-06-27T06:30:00,359,70.2,20,0.69627
2025-06-27T06:33:00,366,70.5,20,0.68926
2025-06-27T06:36:00,364,70.5,20,0.68926
2025-06-27T06:39:00,369,70.9,20,0.67992
2025-06-27T06:42:00,369,70.3,20,0.69393
2025-06-27T06:45:00,371,70.1,20,0.69861
2025-06-27T06:48:00,374,69.7,20,0.70795
2025-06-27T06:51:00,376,69.1,21,0.76791
2025-06-27T06:54:00,376,68.7,21,0.77785
2025-06-27T06:57:00,375,68.7,21,0.77785
2025-06-27T07:00:00,375,68.5,21,0.78282
2025-06-27T07:03:00,377,67.3,21,0.81265
2025-06-27T07:06:00,375,67.4,21,0.81016
2025-06-27T07:09:00,364,67.4,21,0.81016
2025-06-27T07:12:00,368,66.8,21,0.82507
2025-06-27T07:15:00,380,66.3,21,0.8375
2025-06-27T07:18:00,385,68,21,0.79525
2025-06-27T07:21:00,391,66.4,21,0.83501
2025-06-27T07:24:00,394,67.9,21,0.79773
2025-06-27T07:27:00,400,69.8,21,0.75052
2025-06-27T07:30:00,405,78.2,18,0.44959
2025-06-27T07:33:00,416,81.6,18,0.37947
2025-06-27T07:36:00,463,78.9,19,0.46328
2025-06-27T07:39:00,524,79.4,18,0.42484
2025-06-27T07:42:00,561,83.4,17,0.3214
2025-06-27T07:45:00,578,83.9,17,0.31172
2025-06-27T07:48:00,578,83,17,0.32915
2025-06-27T07:51:00,534,84,17,0.30979
2025-06-27T07:54:00,477,84.9,17,0.29236
2025-06-27T07:57:00,437,85.1,17,0.28849
2025-06-27T08:00:00,438,83.7,18,0.33616
2025-06-27T08:03:00,465,83.3,18,0.34441
2025-06-27T08:06:00,481,83.6,18,0.33822
2025-06-27T08:09:00,495,83,18,0.3506
2025-06-27T08:12:00,539,83.2,18,0.34647
2025-06-27T08:15:00,562,83.2,18,0.34647
2025-06-27T08:18:00,611,82.3,18,0.36503
2025-06-27T08:21:00,648,83.5,18,0.34028
2025-06-27T08:24:00,606,82.7,18,0.35678
2025-06-27T08:27:00,620,83.8,18,0.3341
2025-06-27T08:30:00,608,82.5,18,0.36091
2025-06-27T08:33:00,635,83.4,18,0.34235
2025-06-27T08:36:00,621,83.1,18,0.34853
2025-06-27T08:39:00,665,82.8,18,0.35472
2025-06-27T08:42:00,648.5,82.7,18,0.35678
2025-06-27T08:45:00,632,82.6,18,0.35885
2025-06-27T08:48:00,681,83.4,19,0.36448
2025-06-27T08:51:00,662,82.2,19,0.39083
2025-06-27T08:54:00,702,82,19,0.39522
2025-06-27T08:57:00,680,82.6,19,0.38204
2025-06-27T09:00:00,715,82.2,19,0.39083
2025-06-27T09:03:00,699,82.1,19,0.39302
2025-06-27T09:06:00,604,81.9,19,0.39741
2025-06-27T09:09:00,479,81.6,19,0.404
2025-06-27T09:12:00,456,81.9,19,0.39741
2025-06-27T09:15:00,448,82.1,19,0.39302
2025-06-27T09:18:00,444,82.5,19,0.38424
2025-06-27T09:21:00,443,82.3,19,0.38863
2025-06-27T09:24:00,441,82.2,19,0.39083
2025-06-27T09:27:00,442,80.9,19,0.41937
2025-06-27T09:30:00,442,81.8,20,0.42524
2025-06-27T09:33:00,482,81,20,0.44393
2025-06-27T09:36:00,1185,80.6,20,0.45328
2025-06-27T09:39:00,1240,81.2,20,0.43926
2025-06-27T09:42:00,1259,80,20,0.4673
2025-06-27T09:45:00,1262,80.2,20,0.46262
2025-06-27T09:48:00,947,78.8,20,0.49533
2025-06-27T09:51:00,468,79.7,20,0.47431
2025-06-27T09:54:00,1120,78.1,20,0.51169
2025-06-27T09:57:00,1276,78.3,21,0.53928
2025-06-27T10:00:00,1391,78.6,20,0.50001
2025-06-27T10:03:00,1410,77.5,20,0.52571
2025-06-27T10:06:00,1381,78.6,20,0.50001
2025-06-27T10:09:00,1302,77.6,20,0.52337
2025-06-27T10:12:00,468,78.4,20,0.50468
2025-06-27T10:15:00,611,78.4,21,0.53679
2025-06-27T10:18:00,1472,78,21,0.54673
2025-06-27T10:21:00,1491,78.2,21,0.54176
2025-06-27T10:24:00,501,77,21,0.57159
2025-06-27T10:27:00,1361,77.1,21,0.5691
2025-06-27T10:30:00,1395,76.1,21,0.59395
2025-06-27T10:33:00,972,76.5,21,0.58401
2025-06-27T10:36:00,460,78,21,0.54673
2025-06-27T10:39:00,452,77.1,21,0.5691
2025-06-27T10:42:00,446,78.6,20,0.50001
2025-06-27T10:45:00,441,78.3,20,0.50702
2025-06-27T10:48:00,440,77.3,20,0.53038
2025-06-27T10:51:00,443,77.9,20,0.51636
2025-06-27T10:54:00,446,77.3,21,0.56413
2025-06-27T10:57:00,441,77.1,21,0.5691
2025-06-27T11:00:00,438,77.2,21,0.56661
2025-06-27T11:03:00,441,78.2,21,0.54176
2025-06-27T11:06:00,435,78.1,21,0.54425
2025-06-27T11:09:00,449,77.8,20,0.5187
2025-06-27T11:12:00,455,77.4,20,0.52804
2025-06-27T11:15:00,484,77.8,21,0.5517
2025-06-27T11:18:00,454,78,21,0.54673
2025-06-27T11:21:00,442,77.4,21,0.56164
2025-06-27T11:24:00,440,76.5,21,0.58401
2025-06-27T11:27:00,496,76.9,21,0.57407
2025-06-27T11:30:00,494,76.6,20,0.54674
2025-06-27T11:33:00,465,76.1,21,0.59395
2025-06-27T11:36:00,444,76.1,21,0.59395
2025-06-27T11:39:00,438,76.5,21,0.58401
2025-06-27T11:42:00,432,76.9,21,0.57407
2025-06-27T11:45:00,434,76.8,20,0.54206
2025-06-27T11:48:00,424,76.4,21,0.5865
2025-06-27T11:51:00,440,75.6,20,0.5701
2025-06-27T11:54:00,417,76,21,0.59644
2025-06-27T11:57:00,404,75.5,20,0.57244
2025-06-27T12:00:00,388,76.3,20,0.55375
2025-06-27T12:03:00,391,75.7,20,0.56776
2025-06-27T12:06:00,401,77,20,0.53739
2025-06-27T12:09:00,411,76.4,20,0.55141
2025-06-27T12:12:00,414,74.5,20,0.5958
2025-06-27T12:15:00,413,76.1,20,0.55842
2025-06-27T12:18:00,430,76.4,20,0.55141
2025-06-27T12:21:00,412,76.9,20,0.53973
2025-06-27T12:24:00,402,74.7,20,0.59113
2025-06-27T12:27:00,394,76.5,20,0.54907
2025-06-27T12:30:00,387,75.2,20,0.57945
2025-06-27T12:33:00,394,76,20,0.56076
2025-06-27T12:36:00,383,75.2,20,0.57945
2025-06-27T12:39:00,380,75.6,20,0.5701
2025-06-27T12:42:00,383,75.4,20,0.57477
2025-06-27T12:45:00,391,75,20,0.58412
2025-06-27T12:48:00,401,75.2,21,0.61632
2025-06-27T12:51:00,440,73.4,21,0.66105
2025-06-27T12:54:00,476,73.5,21,0.65857
2025-06-27T12:57:00,472,73.4,21,0.66105
2025-06-27T13:00:00,460,73.9,21,0.64863
2025-06-27T13:03:00,455,72.8,21,0.67596
2025-06-27T13:06:00,478,71.6,21,0.70578
2025-06-27T13:09:00,474,72.7,22,0.72128
2025-06-27T13:12:00,461,70.9,22,0.76884
2025-06-27T13:15:00,465,71.3,22,0.75827
2025-06-27T13:18:00,410,71.9,22,0.74242
2025-06-27T13:21:00,422,71.3,21,0.71324
2025-06-27T13:24:00,465,69.3,21,0.76294
2025-06-27T13:27:00,468,68.4,21,0.78531
2025-06-27T13:30:00,438,68.8,21,0.77537
2025-06-27T13:33:00,389,69.7,22,0.80054
2025-06-27T13:36:00,471,72.1,22,0.73713
2025-06-27T13:39:00,446,70.4,22,0.78205
2025-06-27T13:42:00,463,70.7,22,0.77412
2025-06-27T13:45:00,377,70.5,22,0.7794
2025-06-27T13:48:00,372,70.2,22,0.78733
2025-06-27T13:51:00,377,71,22,0.76619
2025-06-27T13:54:00,377,72.4,21,0.6859
2025-06-27T13:57:00,386,72.2,21,0.69087
2025-06-27T14:00:00,401,73.4,21,0.66105
2025-06-27T14:03:00,406,73.4,21,0.66105
2025-06-27T14:06:00,438,72.9,22,0.71599
2025-06-27T14:09:00,400,72.8,22,0.71864
2025-06-27T14:12:00,437,72.7,21,0.67845
2025-06-27T14:15:00,449,73.5,21,0.65857
2025-06-27T14:18:00,376,74.9,21,0.62377
2025-06-27T14:21:00,358,74.6,21,0.63123
2025-06-27T14:24:00,353,74.3,21,0.63868
2025-06-27T14:27:00,349,73.9,20,0.60982
2025-06-27T14:30:00,365,72.4,20,0.64487
2025-06-27T14:33:00,351,72.4,20,0.64487
2025-06-27T14:36:00,344,74.2,20,0.60281
2025-06-27T14:39:00,346,76,20,0.56076
2025-06-27T14:42:00,355,79,20,0.49066
2025-06-27T14:45:00,359,79.8,20,0.47197
2025-06-27T14:48:00,377,79.2,20,0.48599
2025-06-27T14:51:00,403,79.8,20,0.47197
2025-06-27T14:54:00,420,80,20,0.4673
2025-06-27T14:57:00,443,80.9,20,0.44627
2025-06-27T15:00:00,463,78.7,20,0.49767
2025-06-27T15:03:00,483,78.4,20,0.50468
2025-06-27T15:06:00,578,75.9,20,0.56309
2025-06-27T15:09:00,605,76,20,0.56076
2025-06-27T15:12:00,619,74.6,21,0.63123
2025-06-27T15:15:00,656,73.5,21,0.65857
2025-06-27T15:18:00,659,73.7,21,0.6536
2025-06-27T15:21:00,613,72.1,21,0.69336
2025-06-27T15:24:00,595,71.8,21,0.70081
2025-06-27T15:27:00,597,70.6,21,0.73064
2025-06-27T15:30:00,655,71.4,21,0.71075
2025-06-27T15:33:00,669,69.8,21,0.75052
2025-06-27T15:36:00,591,70.8,22,0.77148
2025-06-27T15:39:00,466,69.9,22,0.79526
2025-06-27T15:42:00,437,71.9,21,0.69833
2025-06-27T15:45:00,415,71.2,21,0.71572
2025-06-27T15:48:00,405,70.2,21,0.74058
2025-06-27T15:51:00,446,71,21,0.72069
2025-06-27T15:54:00,597,69.8,20,0.70562
2025-06-27T15:57:00,541,71.1,21,0.71821
2025-06-27T16:00:00,432,72.5,20,0.64253
2025-06-27T16:03:00,460,72.7,21,0.67845
2025-06-27T16:06:00,491,72.5,21,0.68342
2025-06-27T16:09:00,565,70.9,21,0.72318
2025-06-27T16:12:00,542,70.2,21,0.74058
2025-06-27T16:15:00,427,70.5,21,0.73312
2025-06-27T16:18:00,432,71.4,21,0.71075
2025-06-27T16:21:00,544,71.9,21,0.69833
2025-06-27T16:24:00,408,72.7,21,0.67845
2025-06-27T16:27:00,449,72.2,21,0.69087
2025-06-27T16:30:00,410,69.8,21,0.75052
2025-06-27T16:33:00,446,70.3,21,0.73809
2025-06-27T16:36:00,446,70.7,21,0.72815
2025-06-27T16:39:00,410,71.1,21,0.71821
2025-06-27T16:42:00,381,71.6,20,0.66356
2025-06-27T16:45:00,372,73.2,21,0.66602
2025-06-27T16:48:00,364,70.2,20,0.69627
2025-06-27T16:51:00,357,69.9,20,0.70328
2025-06-27T16:54:00,353,71.2,20,0.67291
2025-06-27T16:57:00,351,72.8,20,0.63552
2025-06-27T17:00:00,353,71.3,20,0.67057
2025-06-27T17:03:00,354,72.8,20,0.63552
2025-06-27T17:06:00,353,72.3,20,0.6472
2025-06-27T17:09:00,354,72.3,20,0.6472
2025-06-27T17:12:00,356,72.8,20,0.63552
2025-06-27T17:15:00,360,72.9,20,0.63319
2025-06-27T17:18:00,358,73.2,20,0.62618
2025-06-27T17:21:00,356,74.4,20,0.59814
2025-06-27T17:24:00,356,73.9,20,0.60982
2025-06-27T17:27:00,358,73.4,20,0.6215
2025-06-27T17:30:00,364,73.7,20,0.61449
2025-06-27T17:33:00,459,71.1,20,0.67524
2025-06-27T17:36:00,443,71.6,20,0.66356
2025-06-27T17:39:00,446,70.9,20,0.67992
2025-06-27T17:42:00,441,73.5,20,0.61917
2025-06-27T17:45:00,420,75,20,0.58412
2025-06-27T17:48:00,415,74.1,20,0.60515
2025-06-27T17:51:00,408,74.85,20,0.58762
2025-06-27T17:54:00,401,75.6,20,0.5701
2025-06-27T17:57:00,407,75.6,20,0.5701
2025-06-27T18:00:00,410,75.7,20,0.56776
2025-06-27T18:03:00,411,75.8,20,0.56543
2025-06-27T18:06:00,412,75.4,20,0.57477
2025-06-27T18:09:00,421,76,19,0.52696
2025-06-27T18:12:00,527,75.3,19,0.54233
2025-06-27T18:15:00,445,75.4,20,0.57477
2025-06-27T18:18:00,431,75.2,20,0.57945
2025-06-27T18:21:00,456,75.6,20,0.5701
2025-06-27T18:24:00,495,74.1,20,0.60515
2025-06-27T18:27:00,484,73.8,20,0.61216
2025-06-27T18:30:00,510,73.1,20,0.62851
2025-06-27T18:33:00,592,73.3,20,0.62384
2025-06-27T18:36:00,587,74.6,20,0.59347
2025-06-27T18:39:00,548,73.6,20,0.61683
2025-06-27T18:42:00,398,73.4,20,0.6215
2025-06-27T18:45:00,377,74.1,20,0.60515
2025-06-27T18:48:00,369,74.3,20,0.60048
2025-06-27T18:51:00,369,74,20,0.60748
2025-06-27T18:54:00,367,74.8,20,0.58879
2025-06-27T18:57:00,365,75.5,20,0.57244
2025-06-27T19:00:00,362,74.1,19,0.56868
2025-06-27T19:03:00,363,74.6,20,0.59347
2025-06-27T19:06:00,364,73.8,19,0.57526
2025-06-27T19:09:00,361,74.4,19,0.56209
2025-06-27T19:12:00,358,74.6,19,0.5577
2025-06-27T19:15:00,343,74.5,19,0.55989
2025-06-27T19:18:00,343,73.9,19,0.57307
2025-06-27T19:21:00,343,73.5,19,0.58185
2025-06-27T19:24:00,339,73.9,19,0.57307
2025-06-27T19:27:00,337,76.1,19,0.52476
2025-06-27T19:30:00,337,74.9,19,0.55111
2025-06-27T19:33:00,337,76,19,0.52696
2025-06-27T19:36:00,336,76.5,19,0.51598
2025-06-27T19:39:00,336,76.8,19,0.50939
2025-06-27T19:42:00,336,76.6,19,0.51378
2025-06-27T19:45:00,335,77.3,19,0.49841
2025-06-27T19:48:00,336,77.2,20,0.53272
2025-06-27T19:51:00,333,77.3,19,0.49841
2025-06-27T19:54:00,334,77.1,19,0.50281
2025-06-27T19:57:00,332,76.9,19,0.5072
2025-06-27T20:00:00,346,76.8,19,0.50939
2025-06-27T20:03:00,26,77.6,19,0.49183
2025-06-27T20:06:00,24,78.7,19,0.46768
2025-06-27T20:09:00,22,78.9,19,0.46328
2025-06-27T20:12:00,21,79.2,19,0.4567
2025-06-27T20:15:00,21,80.7,19,0.42376
2025-06-27T20:18:00,20,81,19,0.41717
2025-06-27T20:21:00,19,80.8,19,0.42157
2025-06-27T20:24:00,15,80,19,0.43913
2025-06-27T20:27:00,14,80.4,19,0.43035
2025-06-27T20:30:00,13,80.6,19,0.42596
2025-06-27T20:33:00,11,81.1,19,0.41498
2025-06-27T20:36:00,10,81.7,19,0.40181
2025-06-27T20:39:00,0,81.9,19,0.39741
2025-06-27T20:42:00,0,81.4,19,0.40839
2025-06-27T20:45:00,0,81,19,0.41717
2025-06-27T20:48:00,0,81.1,19,0.41498
2025-06-27T20:51:00,0,81.4,18,0.38359
2025-06-27T20:54:00,0,81.2,18,0.38772
2025-06-27T20:57:00,0,81.8,18,0.37534
2025-06-27T21:00:00,0,82,18,0.37122
2025-06-27T21:03:00,0,82.3,18,0.36503
2025-06-27T21:06:00,0,82.3,18,0.36503
2025-06-27T21:09:00,0,82.6,18,0.35885
2025-06-27T21:12:00,0,82.9,18,0.35266
2025-06-27T21:15:00,0,83,18,0.3506
2025-06-27T21:18:00,0,83.5,18,0.34028
2025-06-27T21:21:00,0,84.6,18,0.3176
2025-06-27T21:24:00,0,83.7,18,0.33616
2025-06-27T21:27:00,0,83.8,18,0.3341
2025-06-27T21:30:00,0,83.8,18,0.3341
2025-06-27T21:33:00,0,84.2,18,0.32585
2025-06-27T21:36:00,0,84.6,18,0.3176
2025-06-27T21:39:00,0,84.6,18,0.3176
2025-06-27T21:42:00,0,85.1,18,0.30729
2025-06-27T21:45:00,0,84.6,18,0.3176
2025-06-27T21:48:00,0,84.7,18,0.31554
2025-06-27T21:51:00,0,84.9,18,0.31141
2025-06-27T21:54:00,0,84.3,18,0.32379
2025-06-27T21:57:00,0,83.9,18,0.33204
2025-06-27T22:00:00,0,82.6,18,0.35885
2025-06-27T22:03:00,0,81.2,18,0.38772
2025-06-27T22:06:00,0,81.8,18,0.37534
2025-06-27T22:09:00,0,82.3,18,0.36503
2025-06-27T22:12:00,0,82.5,18,0.36091
2025-06-27T22:15:00,0,83.3,18,0.34441
2025-06-27T22:18:00,0,82.1,19,0.39302
2025-06-27T22:21:00,0,81.95,19,0.39632
2025-06-27T22:24:00,0,81.8,19,0.39961
2025-06-27T22:27:00,0,81.3,19,0.41059
2025-06-27T22:30:00,0,83.6,19,0.36009
2025-06-27T22:33:00,0,84.3,19,0.34472
2025-06-27T22:36:00,0,84.5,19,0.34033
2025-06-27T22:39:00,0,83.8,18,0.3341
2025-06-27T22:42:00,0,85.1,18,0.30729
2025-06-27T22:45:00,0,86.1,18,0.28666
2025-06-27T22:48:00,0,85.9,18,0.29079
2025-06-27T22:51:00,0,86.2,18,0.2846
2025-06-27T22:54:00,0,85.4,18,0.3011
2025-06-27T22:57:00,0,85.6,19,0.31617
2025-06-27T23:00:00,0,87.1,19,0.28324
2025-06-27T23:03:00,0,86.8,19,0.28983
2025-06-27T23:06:00,0,86.7,19,0.29202
2025-06-27T23:09:00,0,87.6,19,0.27226
2025-06-27T23:12:00,0,87.1,19,0.28324
2025-06-27T23:15:00,0,87.6,19,0.27226
2025-06-27T23:18:00,0,88.5,19,0.2525
2025-06-27T23:21:00,0,88,19,0.26348
2025-06-27T23:24:00,0,87.4,19,0.27665
2025-06-27T23:27:00,0,87,19,0.28544
2025-06-27T23:30:00,0,86.7,19,0.29202
2025-06-27T23:33:00,0,86.5,19,0.29641
2025-06-27T23:36:00,0,86.4,19,0.29861
2025-06-27T23:39:00,0,86.2,19,0.303
2025-06-27T23:42:00,0,86.2,19,0.303
2025-06-27T23:45:00,0,86,19,0.30739
2025-06-27T23:48:00,0,85.9,19,0.30959
2025-06-27T23:51:00,0,85.7,19,0.31398
2025-06-27T23:54:00,0,85.6,19,0.31617
2025-06-27T23:57:00,0,85.7,19,0.31398
2025-06-28T00:00:00,0,85.6,19,0.31617
2025-06-28T00:03:00,0,85.5,19,0.31837
2025-06-28T00:06:00,0,85.3,19,0.32276
2025-06-28T00:09:00,0,85.1,19,0.32715
2025-06-28T00:12:00,0,84.9,19,0.33154
2025-06-28T00:15:00,0,84.6,19,0.33813
2025-06-28T00:18:00,0,84.2,19,0.34691
2025-06-28T00:21:00,0,84,19,0.35131
2025-06-28T00:24:00,0,83.9,19,0.3535
2025-06-28T00:27:00,0,83.5,19,0.36228
2025-06-28T00:30:00,0,83.4,19,0.36448
2025-06-28T00:33:00,0,83.5,19,0.36228
2025-06-28T00:36:00,0,83.9,19,0.3535
2025-06-28T00:39:00,0,84,19,0.35131
2025-06-28T00:42:00,0,84.8,19,0.33374
2025-06-28T00:45:00,0,85.8,19,0.31178
2025-06-28T00:48:00,0,85.9,19,0.30959
2025-06-28T00:51:00,0,85.8,19,0.31178
2025-06-28T00:54:00,0,86.8,19,0.28983
2025-06-28T00:57:00,0,86.9,19,0.28763
2025-06-28T01:00:00,0,87,19,0.28544
2025-06-28T01:03:00,0,87.1,19,0.28324
2025-06-28T01:06:00,0,87.7,19,0.27007
2025-06-28T01:09:00,0,87.8,19,0.26787
2025-06-28T01:12:00,0,88.1,19,0.26128
2025-06-28T01:15:00,0,88.1,19,0.26128
2025-06-28T01:18:00,0,88.3,19,0.25689
2025-06-28T01:21:00,0,88.4,19,0.2547
2025-06-28T01:24:00,0,88.4,19,0.2547
2025-06-28T01:27:00,0,88.4,19,0.2547
2025-06-28T01:30:00,0,88.5,19,0.2525
2025-06-28T01:33:00,0,88.5,19,0.2525
2025-06-28T01:36:00,0,88.5,19,0.2525
2025-06-28T01:39:00,0,88.5,19,0.2525
2025-06-28T01:42:00,0,88.4,19,0.2547
2025-06-28T01:45:00,0,88.4,19,0.2547
2025-06-28T01:48:00,0,88.3,19,0.25689
2025-06-28T01:51:00,0,88.2,19,0.25909
2025-06-28T01:54:00,0,88.1,19,0.26128
2025-06-28T01:57:00,0,88.1,19,0.26128
2025-06-28T02:00:00,0,88,19,0.26348
2025-06-28T02:03:00,0,88.1,19,0.26128
2025-06-28T02:06:00,0,88.2,19,0.25909
2025-06-28T02:09:00,0,88.2,19,0.25909
2025-06-28T02:12:00,0,88.4,19,0.2547
2025-06-28T02:15:00,0,88.4,19,0.2547
2025-06-28T02:18:00,0,88.4,19,0.2547
2025-06-28T02:21:00,0,88.6,19,0.2503
2025-06-28T02:24:00,0,88.6,19,0.2503
2025-06-28T02:27:00,0,88.7,19,0.24811
2025-06-28T02:30:00,0,88.7,19,0.24811
2025-06-28T02:33:00,0,88.7,19,0.24811
2025-06-28T02:36:00,0,88.8,19,0.24591
2025-06-28T02:39:00,0,88.8,19,0.24591
2025-06-28T02:42:00,0,88.9,19,0.24372
2025-06-28T02:45:00,0,88.9,19,0.24372
2025-06-28T02:48:00,0,88.9,19,0.24372
2025-06-28T02:51:00,0,89,19,0.24152
2025-06-28T02:54:00,0,89.1,19,0.23933
2025-06-28T02:57:00,0,89.1,19,0.23933
2025-06-28T03:00:00,0,89.1,19,0.23933
2025-06-28T03:03:00,0,89.2,19,0.23713
2025-06-28T03:06:00,0,89.1,19,0.23933
2025-06-28T03:09:00,0,89.1,19,0.23933
2025-06-28T03:12:00,0,89.1,19,0.23933
2025-06-28T03:15:00,0,89.1,19,0.23933
2025-06-28T03:18:00,0,89,19,0.24152
2025-06-28T03:21:00,0,88.9,19,0.24372
2025-06-28T03:24:00,0,88.8,19,0.24591
2025-06-28T03:27:00,0,88.8,19,0.24591
2025-06-28T03:30:00,0,88.8,19,0.24591
2025-06-28T03:33:00,0,88.7,19,0.24811
2025-06-28T03:36:00,0,88.6,19,0.2503
2025-06-28T03:39:00,0,88.6,19,0.2503
2025-06-28T03:42:00,0,88.5,19,0.2525
2025-06-28T03:45:00,0,88.4,19,0.2547
2025-06-28T03:48:00,0,88.5,19,0.2525
2025-06-28T03:51:00,0,88.4,19,0.2547
2025-06-28T03:54:00,0,88.4,19,0.2547
2025-06-28T03:57:00,0,88.3,19,0.25689
2025-06-28T04:00:00,0,88.3,19,0.25689
2025-06-28T04:03:00,350,88,19,0.26348
2025-06-28T04:06:00,348,87.3,19,0.27885
2025-06-28T04:09:00,345,86.8,19,0.28983
2025-06-28T04:12:00,343,86,19,0.30739
2025-06-28T04:15:00,342,85.5,20,0.33879
2025-06-28T04:18:00,340,85,20,0.35047
2025-06-28T04:21:00,339,84.6,20,0.35982
2025-06-28T04:24:00,336,83.3,20,0.39019
2025-06-28T04:27:00,336,82.2,20,0.41589
2025-06-28T04:30:00,336,81.6,20,0.42991
2025-06-28T04:33:00,334,80.2,20,0.46262
2025-06-28T04:36:00,334,78.9,20,0.493
2025-06-28T04:39:00,333,78.2,20,0.50935
2025-06-28T04:42:00,334,77.1,20,0.53505
2025-06-28T04:45:00,333,77,20,0.53739
2025-06-28T04:48:00,334,76.3,20,0.55375
2025-06-28T04:51:00,334,75.6,20,0.5701
2025-06-28T04:54:00,334,74.9,20,0.58646
2025-06-28T04:57:00,334,74.6,20,0.59347
2025-06-28T05:00:00,334,74.5,20,0.5958
2025-06-28T05:03:00,334,74.2,20,0.60281
2025-06-28T05:06:00,334,76.5,20,0.54907
2025-06-28T05:09:00,334,75.3,20,0.57711
2025-06-28T05:12:00,335,72.8,20,0.63552
2025-06-28T05:15:00,333,72.8,20,0.63552
2025-06-28T05:18:00,335,72.7,20,0.63786
2025-06-28T05:21:00,334,75.2,20,0.57945
2025-06-28T05:24:00,334,75.9,20,0.56309
2025-06-28T05:27:00,334,75.8,20,0.56543
2025-06-28T05:30:00,336,73.7,20,0.61449
2025-06-28T05:33:00,336,72.2,20,0.64954
2025-06-28T05:36:00,336,72.2,20,0.64954
2025-06-28T05:39:00,337,72.4,19,0.606
2025-06-28T05:42:00,337,72.1,20,0.65188
2025-06-28T05:45:00,337,73.1,20,0.62851
2025-06-28T05:48:00,336,72.7,20,0.63786
2025-06-28T05:51:00,336,72.9,19,0.59502
2025-06-28T05:54:00,336,72.5,19,0.60381
2025-06-28T05:57:00,338,72,20,0.65421
2025-06-28T06:00:00,339,74,20,0.60748
2025-06-28T06:03:00,339,74.2,19,0.56648
2025-06-28T06:06:00,342,73.5,19,0.58185
2025-06-28T06:09:00,344,73.2,20,0.62618
2025-06-28T06:12:00,350,74,20,0.60748
2025-06-28T06:15:00,352,73.3,20,0.62384
2025-06-28T06:18:00,353,72,20,0.65421
2025-06-28T06:21:00,353,71.8,20,0.65889
2025-06-28T06:24:00,355,72.2,20,0.64954
2025-06-28T06:27:00,356,72.1,20,0.65188
2025-06-28T06:30:00,359,72.4,20,0.64487
2025-06-28T06:33:00,359,71.8,20,0.65889
2025-06-28T06:36:00,362,71.2,20,0.67291
2025-06-28T06:39:00,362,72.1,20,0.65188
2025-06-28T06:42:00,364,72.1,20,0.65188
2025-06-28T06:45:00,365.5,72.2,20,0.64954
2025-06-28T06:48:00,367,72.3,20,0.6472
2025-06-28T06:51:00,368,71.5,20,0.6659
2025-06-28T06:54:00,369,73,20,0.63085
2025-06-28T06:57:00,369,73,20,0.63085
2025-06-28T07:00:00,370,72.8,20,0.63552
2025-06-28T07:03:00,371,71.4,20,0.66823
2025-06-28T07:06:00,375,71.8,21,0.70081
2025-06-28T07:09:00,375,71.7,20,0.66122
2025-06-28T07:12:00,375,72,20,0.65421
2025-06-28T07:15:00,378,73,20,0.63085
2025-06-28T07:18:00,380,73.1,20,0.62851
2025-06-28T07:21:00,385,72.3,20,0.6472
2025-06-28T07:24:00,389,72.8,20,0.63552
2025-06-28T07:27:00,394,71.8,21,0.70081
2025-06-28T07:30:00,401,73.1,20,0.62851
2025-06-28T07:33:00,415,72,20,0.65421
2025-06-28T07:36:00,453,70.6,21,0.73064
2025-06-28T07:39:00,537,75.2,19,0.54452
2025-06-28T07:42:00,561,80.5,18,0.40215
2025-06-28T07:45:00,600,78.9,19,0.46328
2025-06-28T07:48:00,613,76.7,19,0.51159
2025-06-28T07:51:00,578,80.5,18,0.40215
2025-06-28T07:54:00,515,81.7,17,0.35432
2025-06-28T07:57:00,465,80.2,19,0.43474
2025-06-28T08:00:00,441,80.8,18,0.39597
2025-06-28T08:03:00,459,82.6,18,0.35885
2025-06-28T08:06:00,484,81.5,18,0.38153
2025-06-28T08:09:00,495,82.3,18,0.36503
2025-06-28T08:12:00,536,82.5,17,0.33883
2025-06-28T08:15:00,586,83.2,18,0.34647
2025-06-28T08:18:00,606,82.7,18,0.35678
2025-06-28T08:21:00,691,83.4,18,0.34235
2025-06-28T08:24:00,574,82.6,18,0.35885
2025-06-28T08:27:00,457,83.7,17,0.31559
2025-06-28T08:30:00,436,83.1,18,0.34853
2025-06-28T08:33:00,454,83.4,18,0.34235
2025-06-28T08:36:00,492,84.6,17,0.29817
2025-06-28T08:39:00,665,83.9,18,0.33204
2025-06-28T08:42:00,665,82.2,18,0.3671
2025-06-28T08:45:00,647,81.5,19,0.4062
2025-06-28T08:48:00,704,81.9,18,0.37328
2025-06-28T08:51:00,679,82.3,18,0.36503
2025-06-28T08:54:00,711,83.1,18,0.34853
2025-06-28T08:57:00,692,82.6,18,0.35885
2025-06-28T09:00:00,730,80.9,19,0.41937
2025-06-28T09:03:00,718,81,19,0.41717
2025-06-28T09:06:00,649,80.9,19,0.41937
2025-06-28T09:09:00,521,81.1,19,0.41498
2025-06-28T09:12:00,519,81.3,19,0.41059
2025-06-28T09:15:00,592,80.8,19,0.42157
2025-06-28T09:18:00,548,79.6,19,0.44791
2025-06-28T09:21:00,561,80.7,19,0.42376
2025-06-28T09:24:00,507,79.9,19,0.44133
2025-06-28T09:27:00,542,80.2,19,0.43474
2025-06-28T09:30:00,526,80.9,19,0.41937
2025-06-28T09:33:00,559,80,19,0.43913
2025-06-28T09:36:00,576,81.2,19,0.41278
2025-06-28T09:39:00,1068,80.8,19,0.42157
2025-06-28T09:42:00,652,81.4,19,0.40839
2025-06-28T09:45:00,536,82,19,0.39522
2025-06-28T09:48:00,502,81.8,19,0.39961
2025-06-28T09:51:00,529,80.9,19,0.41937
2025-06-28T09:54:00,547,81.3,19,0.41059
2025-06-28T09:57:00,590,82.3,19,0.38863
2025-06-28T10:00:00,457,81,19,0.41717
2025-06-28T10:03:00,1546,81.8,19,0.39961
2025-06-28T10:06:00,1539,80,20,0.4673
2025-06-28T10:09:00,1434,79.2,20,0.48599
2025-06-28T10:12:00,536,79.6,20,0.47664
2025-06-28T10:15:00,613,78.8,20,0.49533
2025-06-28T10:18:00,1566,80,20,0.4673
2025-06-28T10:21:00,1580,79.7,20,0.47431
2025-06-28T10:24:00,572,79.4,20,0.48131
2025-06-28T10:27:00,1326,78.9,20,0.493
2025-06-28T10:30:00,1520,78.3,20,0.50702
2025-06-28T10:33:00,761,78.6,20,0.50001
2025-06-28T10:36:00,646,78.9,19,0.46328
2025-06-28T10:39:00,542,80.7,19,0.42376
2025-06-28T10:42:00,542,80.3,19,0.43254
2025-06-28T10:45:00,534,80.2,19,0.43474
2025-06-28T10:48:00,534,78.4,19,0.47426
2025-06-28T10:51:00,539,79.8,19,0.44352
2025-06-28T10:54:00,543,79.8,19,0.44352
2025-06-28T10:57:00,548,81,19,0.41717
2025-06-28T11:00:00,555,80.4,19,0.43035
2025-06-28T11:03:00,568,80.5,19,0.42815
2025-06-28T11:06:00,543,80.3,19,0.43254
2025-06-28T11:09:00,533,79,19,0.46109
2025-06-28T11:12:00,593,78.4,19,0.47426
2025-06-28T11:15:00,550,79,20,0.49066
2025-06-28T11:18:00,545,78.8,19,0.46548
2025-06-28T11:21:00,527,77.8,20,0.5187
2025-06-28T11:24:00,528,76.5,20,0.54907
2025-06-28T11:27:00,490,77.6,20,0.52337
2025-06-28T11:30:00,555,77.1,20,0.53505
2025-06-28T11:33:00,549,76.5,20,0.54907
2025-06-28T11:36:00,572,76.8,20,0.54206
2025-06-28T11:39:00,551,77,20,0.53739
2025-06-28T11:42:00,508,78,20,0.51403
2025-06-28T11:45:00,594,74.9,20,0.58646
2025-06-28T11:48:00,610,74.4,20,0.59814
2025-06-28T11:51:00,572,76.1,21,0.59395
2025-06-28T11:54:00,566,74.9,20,0.58646
2025-06-28T11:57:00,589,76.4,20,0.55141
2025-06-28T12:00:00,582,75.1,20,0.58178
2025-06-28T12:03:00,560,76.4,20,0.55141
2025-06-28T12:06:00,583,75.6,20,0.5701
2025-06-28T12:09:00,594,74.1,21,0.64365
2025-06-28T12:12:00,554,74.4,20,0.59814
2025-06-28T12:15:00,528,76.3,20,0.55375
2025-06-28T12:18:00,534,77.4,20,0.52804
2025-06-28T12:21:00,627,75.8,20,0.56543
2025-06-28T12:24:00,609,73.5,20,0.61917
2025-06-28T12:27:00,520,73.6,20,0.61683
2025-06-28T12:30:00,539,73.9,20,0.60982
2025-06-28T12:33:00,614,74.7,20,0.59113
2025-06-28T12:36:00,578,75.7,20,0.56776
2025-06-28T12:39:00,554,74.6,20,0.59347
2025-06-28T12:42:00,558,75.4,20,0.57477
2025-06-28T12:45:00,565,74.7,20,0.59113
2025-06-28T12:48:00,477,75.4,20,0.57477
2025-06-28T12:51:00,490,73.7,20,0.61449
2025-06-28T12:54:00,545,74.1,20,0.60515
2025-06-28T12:57:00,585,76.5,20,0.54907
2025-06-28T13:00:00,574,76.6,20,0.54674
2025-06-28T13:03:00,558,74.3,20,0.60048
2025-06-28T13:06:00,607,73.1,20,0.62851
2025-06-28T13:09:00,578,71.3,21,0.71324
2025-06-28T13:12:00,557,72.5,20,0.64253
2025-06-28T13:15:00,442,73.6,20,0.61683
2025-06-28T13:18:00,439,73.6,20,0.61683
2025-06-28T13:21:00,429,74.6,20,0.59347
2025-06-28T13:24:00,419,76,20,0.56076
2025-06-28T13:27:00,409,76.5,20,0.54907
2025-06-28T13:30:00,400,76.8,20,0.54206
2025-06-28T13:33:00,394,76.8,19,0.50939
2025-06-28T13:36:00,397,76.5,19,0.51598
2025-06-28T13:39:00,409,76.3,19,0.52037
2025-06-28T13:42:00,416,76.2,19,0.52257
2025-06-28T13:45:00,424,77,19,0.505
2025-06-28T13:48:00,438,78.4,19,0.47426
2025-06-28T13:51:00,448,77.9,19,0.48524
2025-06-28T13:54:00,470,79.4,20,0.48131
2025-06-28T13:57:00,518,79,20,0.49066
2025-06-28T14:00:00,574,78.6,20,0.50001
2025-06-28T14:03:00,671,78.1,20,0.51169
2025-06-28T14:06:00,502,77.5,20,0.52571
2025-06-28T14:09:00,499,78.2,20,0.50935
2025-06-28T14:12:00,548,77.9,21,0.54922
2025-06-28T14:15:00,417,76.1,20,0.55842
2025-06-28T14:18:00,404,77,20,0.53739
2025-06-28T14:21:00,397,80,20,0.4673
2025-06-28T14:24:00,395,79.9,20,0.46963
2025-06-28T14:27:00,396,79.2,20,0.48599
2025-06-28T14:30:00,428,78.4,19,0.47426
2025-06-28T14:33:00,484,78.1,19,0.48085
2025-06-28T14:36:00,497,79,19,0.46109
2025-06-28T14:39:00,501,81.8,19,0.39961
2025-06-28T14:42:00,486,81.2,19,0.41278
2025-06-28T14:45:00,475,80.4,19,0.43035
2025-06-28T14:48:00,457,80.8,19,0.42157
2025-06-28T14:51:00,419,80.6,19,0.42596
2025-06-28T14:54:00,410,81.3,18,0.38566
2025-06-28T14:57:00,383,82.3,18,0.36503
2025-06-28T15:00:00,364,81.5,17,0.35819
2025-06-28T15:03:00,374,82.1,17,0.34657
2025-06-28T15:06:00,423,81.2,18,0.38772
2025-06-28T15:09:00,534,81.2,18,0.38772
2025-06-28T15:12:00,492,82,18,0.37122
2025-06-28T15:15:00,478,84.5,18,0.31966
2025-06-28T15:18:00,453,85.8,18,0.29285
2025-06-28T15:21:00,427,85.7,18,0.29491
2025-06-28T15:24:00,406,85.4,18,0.3011
2025-06-28T15:27:00,401,85.5,18,0.29904
2025-06-28T15:30:00,397,86.2,18,0.2846
2025-06-28T15:33:00,398,86.6,18,0.27635
2025-06-28T15:36:00,402,86.1,18,0.28666
2025-06-28T15:39:00,416,86.3,18,0.28254
2025-06-28T15:42:00,517,86.4,18,0.28048
2025-06-28T15:45:00,1487,85.2,18,0.30523
2025-06-28T15:48:00,634,84.2,19,0.34691
2025-06-28T15:51:00,527,83.9,19,0.3535
2025-06-28T15:54:00,520,82.9,18,0.35266
2025-06-28T15:57:00,517,84.7,18,0.31554
2025-06-28T16:00:00,538,84.1,19,0.34911
2025-06-28T16:03:00,590,83.2,19,0.36887
2025-06-28T16:06:00,562,81.2,19,0.41278
2025-06-28T16:09:00,523,81.3,18,0.38566
2025-06-28T16:12:00,529,81.4,18,0.38359
2025-06-28T16:15:00,521,80.6,18,0.40009
2025-06-28T16:18:00,559,80,19,0.43913
2025-06-28T16:21:00,1043,80.5,19,0.42815
2025-06-28T16:24:00,533,81.5,19,0.4062
2025-06-28T16:27:00,508,80.8,19,0.42157
2025-06-28T16:30:00,495,81.4,19,0.40839
2025-06-28T16:33:00,598,81.1,19,0.41498
2025-06-28T16:36:00,867,80.4,19,0.43035
2025-06-28T16:39:00,1299,79,20,0.49066
2025-06-28T16:42:00,506,79.3,20,0.48365
2025-06-28T16:45:00,427,80.6,19,0.42596
2025-06-28T16:48:00,411,80.5,19,0.42815
2025-06-28T16:51:00,398,81.6,19,0.404
2025-06-28T16:54:00,461,81.8,19,0.39961
2025-06-28T16:57:00,453,81.7,19,0.40181
2025-06-28T17:00:00,458,81.5,19,0.4062
2025-06-28T17:03:00,490,81.2,19,0.41278
2025-06-28T17:06:00,479,79.6,19,0.44791
2025-06-28T17:09:00,465,80.2,19,0.43474
2025-06-28T17:12:00,531,80.5,19,0.42815
2025-06-28T17:15:00,468,80,19,0.43913
2025-06-28T17:18:00,443,80.2,19,0.43474
2025-06-28T17:21:00,432,80,19,0.43913
2025-06-28T17:24:00,433,79.7,19,0.44572
2025-06-28T17:27:00,463,79.7,20,0.47431
2025-06-28T17:30:00,456,80.5,20,0.45561
2025-06-28T17:33:00,390,81.1,19,0.41498
2025-06-28T17:36:00,380,81.5,19,0.4062
2025-06-28T17:39:00,400,81.6,19,0.404
2025-06-28T17:42:00,405,82.1,19,0.39302
2025-06-28T17:45:00,408,82.9,18,0.35266
2025-06-28T17:48:00,401,84.3,18,0.32379
2025-06-28T17:51:00,394,84.6,18,0.3176
2025-06-28T17:54:00,383,84.4,18,0.32172
2025-06-28T17:57:00,374,84.4,18,0.32172
2025-06-28T18:00:00,366,84,18,0.32997
2025-06-28T18:03:00,362,84.7,18,0.31554
2025-06-28T18:06:00,358,84.7,18,0.31554
2025-06-28T18:09:00,355.5,84.65,18,0.31657
2025-06-28T18:12:00,353,84.6,18,0.3176
2025-06-28T18:15:00,350,85.4,18,0.3011
2025-06-28T18:18:00,353,85.1,18,0.30729
2025-06-28T18:21:00,357,85.2,18,0.30523
2025-06-28T18:24:00,360,85.4,18,0.3011
2025-06-28T18:27:00,361,85,17,0.29042
2025-06-28T18:30:00,365,84.5,17,0.30011
2025-06-28T18:33:00,368,85,17,0.29042
2025-06-28T18:36:00,369,84.8,17,0.2943
2025-06-28T18:39:00,372,84.4,17,0.30204
2025-06-28T18:42:00,372,84.9,17,0.29236
2025-06-28T18:45:00,369,84.5,17,0.30011
2025-06-28T18:48:00,370,84.7,17,0.29623
2025-06-28T18:51:00,369,85.4,17,0.28268
2025-06-28T18:54:00,369,85.1,17,0.28849
2025-06-28T18:57:00,371,84.8,17,0.2943
2025-06-28T19:00:00,370,84.4,17,0.30204
2025-06-28T19:03:00,370,84.9,17,0.29236
2025-06-28T19:06:00,372,84.7,17,0.29623
2025-06-28T19:09:00,373,84.7,17,0.29623
2025-06-28T19:12:00,376,84.7,17,0.29623
2025-06-28T19:15:00,374,84.7,17,0.29623
2025-06-28T19:18:00,375,84.4,17,0.30204
2025-06-28T19:21:00,376,85,17,0.29042
2025-06-28T19:24:00,376,84.5,17,0.30011
2025-06-28T19:27:00,369,84.3,17,0.30398
2025-06-28T19:30:00,364,84.7,18,0.31554
2025-06-28T19:33:00,364,84.7,17,0.29623
2025-06-28T19:36:00,363,84.9,18,0.31141
2025-06-28T19:39:00,359,85.2,18,0.30523
2025-06-28T19:42:00,356,85,18,0.30935
2025-06-28T19:45:00,360,84.6,18,0.3176
2025-06-28T19:48:00,358,85,18,0.30935
2025-06-28T19:51:00,350,85.1,18,0.30729
2025-06-28T19:54:00,348,84.4,18,0.32172
2025-06-28T19:57:00,350,84.8,18,0.31347
2025-06-28T20:00:00,351,84.7,18,0.31554
2025-06-28T20:03:00,31,85.8,18,0.29285
2025-06-28T20:06:00,30,85.1,18,0.30729
2025-06-28T20:09:00,32,84.3,18,0.32379
2025-06-28T20:12:00,28,84.5,18,0.31966
2025-06-28T20:15:00,29,83.7,18,0.33616
2025-06-28T20:18:00,24,84,17,0.30979
2025-06-28T20:21:00,22,83.8,18,0.3341
2025-06-28T20:24:00,21,82.1,18,0.36916
2025-06-28T20:27:00,19,83,18,0.3506
2025-06-28T20:30:00,19,82.7,18,0.35678
2025-06-28T20:33:00,18,81.7,18,0.37741
2025-06-28T20:36:00,17,80.5,19,0.42815
2025-06-28T20:39:00,16,80.2,19,0.43474
2025-06-28T20:42:00,15,77.7,19,0.48963
2025-06-28T20:45:00,14,78.7,19,0.46768
2025-06-28T20:48:00,13,79,19,0.46109
2025-06-28T20:51:00,12,79.1,19,0.45889
2025-06-28T20:54:00,11,76.5,19,0.51598
2025-06-28T20:57:00,10,76.4,19,0.51818
2025-06-28T21:00:00,9,75,19,0.54891
2025-06-28T21:03:00,0,76.5,19,0.51598
2025-06-28T21:06:00,0,77.7,19,0.48963
2025-06-28T21:09:00,0,77.9,19,0.48524
2025-06-28T21:12:00,0,78.6,19,0.46987
2025-06-28T21:15:00,0,77.9,18,0.45578
2025-06-28T21:18:00,0,79,18,0.43309
2025-06-28T21:21:00,0,79.2,18,0.42897
2025-06-28T21:24:00,0,80.8,18,0.39597
2025-06-28T21:27:00,0,80,18,0.41247
2025-06-28T21:30:00,0,78.9,18,0.43515
2025-06-28T21:33:00,0,79.6,18,0.42072
2025-06-28T21:36:00,0,79.6,18,0.42072
2025-06-28T21:39:00,0,78.4,19,0.47426
2025-06-28T21:42:00,0,79.1,18,0.43103
2025-06-28T21:45:00,0,78.1,19,0.48085
2025-06-28T21:48:00,0,79.3,19,0.4545
2025-06-28T21:51:00,0,78.1,19,0.48085
2025-06-28T21:54:00,0,76.9,19,0.5072
2025-06-28T21:57:00,0,76.4,19,0.51818
2025-06-28T22:00:00,0,76,19,0.52696
2025-06-28T22:03:00,0,75.9,19,0.52915
2025-06-28T22:06:00,0,75.6,19,0.53574
2025-06-28T22:09:00,0,75.5,19,0.53794
2025-06-28T22:12:00,0,75.4,19,0.54013
2025-06-28T22:15:00,0,75.3,19,0.54233
2025-06-28T22:18:00,0,75.3,19,0.54233
2025-06-28T22:21:00,0,75.1,19,0.54672
2025-06-28T22:24:00,0,75,19,0.54891
2025-06-28T22:27:00,0,74.8,19,0.55331
2025-06-28T22:30:00,0,74.6,19,0.5577
2025-06-28T22:33:00,0,74.6,19,0.5577
2025-06-28T22:36:00,0,74.5,19,0.55989
2025-06-28T22:39:00,0,74.4,19,0.56209
2025-06-28T22:42:00,0,74.1,19,0.56868
2025-06-28T22:45:00,0,73.9,19,0.57307
2025-06-28T22:48:00,0,73.9,19,0.57307
2025-06-28T22:51:00,0,73.6,19,0.57965
2025-06-28T22:54:00,0,73.5,19,0.58185
2025-06-28T22:57:00,0,73.5,19,0.58185
2025-06-28T23:00:00,0,73.8,19,0.57526
2025-06-28T23:03:00,0,73.4,19,0.58404
2025-06-28T23:06:00,0,75.4,19,0.54013
2025-06-28T23:09:00,0,77.3,19,0.49841
2025-06-28T23:12:00,0,79.1,19,0.45889
2025-06-28T23:15:00,0,79.9,19,0.44133
2025-06-28T23:18:00,0,80.2,19,0.43474
2025-06-28T23:21:00,0,81.8,19,0.39961
2025-06-28T23:24:00,0,82.6,19,0.38204
2025-06-28T23:27:00,0,83,19,0.37326
2025-06-28T23:30:00,0,83.9,19,0.3535
2025-06-28T23:33:00,0,84.3,19,0.34472
2025-06-28T23:36:00,0,84.8,19,0.33374
2025-06-28T23:39:00,0,85.2,19,0.32496
2025-06-28T23:42:00,0,85.3,19,0.32276
2025-06-28T23:45:00,0,85.7,19,0.31398
2025-06-28T23:48:00,0,85.8,19,0.31178
2025-06-28T23:51:00,0,86.1,19,0.3052
2025-06-28T23:54:00,0,86.1,19,0.3052
2025-06-28T23:57:00,0,86.1,19,0.3052
2025-06-29T00:00:00,0,86.2,19,0.303
2025-06-29T00:03:00,0,86.2,19,0.303
2025-06-29T00:06:00,0,86.1,19,0.3052
2025-06-29T00:09:00,0,86.2,19,0.303
2025-06-29T00:12:00,0,86.2,19,0.303
2025-06-29T00:15:00,0,86.1,19,0.3052
2025-06-29T00:18:00,0,86.1,19,0.3052
2025-06-29T00:21:00,0,86.1,19,0.3052
2025-06-29T00:24:00,0,86.2,19,0.303
2025-06-29T00:27:00,0,86.1,19,0.3052
2025-06-29T00:30:00,0,86,19,0.30739
2025-06-29T00:33:00,0,86.2,19,0.303
2025-06-29T00:36:00,0,86.4,19,0.29861
2025-06-29T00:39:00,0,86.7,19,0.29202
2025-06-29T00:42:00,0,86.9,19,0.28763
2025-06-29T00:45:00,0,87.1,19,0.28324
2025-06-29T00:48:00,0,87.2,19,0.28104
2025-06-29T00:51:00,0,87.2,19,0.28104
2025-06-29T00:54:00,0,87.4,19,0.27665
2025-06-29T00:57:00,0,87.3,19,0.27885
2025-06-29T01:00:00,0,87.4,19,0.27665
2025-06-29T01:03:00,0,87.4,19,0.27665
2025-06-29T01:06:00,0,87.3,19,0.27885
2025-06-29T01:09:00,0,87.3,19,0.27885
2025-06-29T01:12:00,0,87.4,19,0.27665
2025-06-29T01:15:00,0,87.4,19,0.27665
2025-06-29T01:18:00,0,87.4,19,0.27665
2025-06-29T01:21:00,0,87.6,19,0.27226
2025-06-29T01:24:00,0,87.7,19,0.27007
2025-06-29T01:27:00,0,87.8,19,0.26787
2025-06-29T01:30:00,0,88,19,0.26348
2025-06-29T01:33:00,0,88.1,19,0.26128
2025-06-29T01:36:00,0,88.1,19,0.26128
2025-06-29T01:39:00,0,88.2,19,0.25909
2025-06-29T01:42:00,0,88.3,19,0.25689
2025-06-29T01:45:00,0,88.4,19,0.2547
2025-06-29T01:48:00,0,88.5,19,0.2525
2025-06-29T01:51:00,0,88.6,19,0.2503
2025-06-29T01:54:00,0,88.7,19,0.24811
2025-06-29T01:57:00,0,88.7,19,0.24811
2025-06-29T02:00:00,0,88.7,19,0.24811
2025-06-29T02:03:00,0,88.8,19,0.24591
2025-06-29T02:06:00,0,88.9,19,0.24372
2025-06-29T02:09:00,0,89,19,0.24152
2025-06-29T02:12:00,0,89.1,19,0.23933
2025-06-29T02:15:00,0,89.2,19,0.23713
2025-06-29T02:18:00,0,89.3,19,0.23494
2025-06-29T02:21:00,0,89.3,19,0.23494
2025-06-29T02:24:00,0,89.4,19,0.23274
2025-06-29T02:27:00,0,89.5,19,0.23054
2025-06-29T02:30:00,0,89.4,19,0.23274
2025-06-29T02:33:00,0,89.5,19,0.23054
2025-06-29T02:36:00,0,89.5,19,0.23054
2025-06-29T02:39:00,0,89.5,19,0.23054
2025-06-29T02:42:00,0,89.5,19,0.23054
2025-06-29T02:45:00,0,89.5,19,0.23054
2025-06-29T02:48:00,0,89.5,19,0.23054
2025-06-29T02:51:00,0,89.5,19,0.23054
2025-06-29T02:54:00,0,89.6,19,0.22835
2025-06-29T02:57:00,0,89.6,19,0.22835
2025-06-29T03:00:00,0,89.6,19,0.22835
2025-06-29T03:03:00,0,89.7,19,0.22615
2025-06-29T03:06:00,0,89.7,19,0.22615
2025-06-29T03:09:00,0,89.7,19,0.22615
2025-06-29T03:12:00,0,89.8,19,0.22396
2025-06-29T03:15:00,0,89.8,19,0.22396
2025-06-29T03:18:00,0,89.8,19,0.22396
2025-06-29T03:21:00,0,89.8,19,0.22396
2025-06-29T03:24:00,0,89.9,19,0.22176
2025-06-29T03:27:00,0,89.9,19,0.22176
2025-06-29T03:30:00,0,89.9,19,0.22176
2025-06-29T03:33:00,0,89.9,19,0.22176
2025-06-29T03:36:00,0,89.9,19,0.22176
2025-06-29T03:39:00,0,89.9,19,0.22176
2025-06-29T03:42:00,0,89.9,19,0.22176
2025-06-29T03:45:00,0,89.9,19,0.22176
2025-06-29T03:48:00,0,90,19,0.21957
2025-06-29T03:51:00,0,90,19,0.21957
2025-06-29T03:54:00,0,90,19,0.21957
2025-06-29T03:57:00,0,90,19,0.21957
2025-06-29T04:00:00,0,89.9,19,0.22176
2025-06-29T04:03:00,350,89.8,19,0.22396
2025-06-29T04:06:00,348,89.3,19,0.23494
2025-06-29T04:09:00,345,88.6,19,0.2503
2025-06-29T04:12:00,342,88,19,0.26348
2025-06-29T04:15:00,342,87.3,20,0.29673
2025-06-29T04:18:00,341,86.2,20,0.32243
2025-06-29T04:21:00,339,86,20,0.32711
2025-06-29T04:24:00,337,84,20,0.37384
2025-06-29T04:27:00,336,83,20,0.3972
2025-06-29T04:30:00,334,81.7,20,0.42758
2025-06-29T04:33:00,334,80.4,20,0.45795
2025-06-29T04:36:00,334,79.3,20,0.48365
2025-06-29T04:39:00,334,79.3,20,0.48365
2025-06-29T04:42:00,334,77.8,20,0.5187
2025-06-29T04:45:00,333,76.6,20,0.54674
2025-06-29T04:48:00,334,76.1,20,0.55842
2025-06-29T04:51:00,332,75.4,20,0.57477
2025-06-29T04:54:00,331,75,20,0.58412
2025-06-29T04:57:00,331,74.7,20,0.59113
2025-06-29T05:00:00,332,74.1,20,0.60515
2025-06-29T05:03:00,331,73.6,20,0.61683
2025-06-29T05:06:00,332,75.2,20,0.57945
2025-06-29T05:09:00,333,74.7,20,0.59113
2025-06-29T05:12:00,332,74.2,20,0.60281
2025-06-29T05:15:00,332,73.3,20,0.62384
2025-06-29T05:18:00,332,74,20,0.60748
2025-06-29T05:21:00,334,74,20,0.60748
2025-06-29T05:24:00,331,75.7,20,0.56776
2025-06-29T05:27:00,331,74.8,20,0.58879
2025-06-29T05:30:00,332,74.1,20,0.60515
2025-06-29T05:33:00,332,74.1,19,0.56868
2025-06-29T05:36:00,331,73.9,20,0.60982
2025-06-29T05:39:00,332,74.4,20,0.59814
2025-06-29T05:42:00,331,74.4,20,0.59814
2025-06-29T05:45:00,333,73.7,20,0.61449
2025-06-29T05:48:00,331,73.5,19,0.58185
2025-06-29T05:51:00,333,73.7,19,0.57746
2025-06-29T05:54:00,334,73.6,19,0.57965
2025-06-29T05:57:00,334,73.4,20,0.6215
2025-06-29T06:00:00,334,74.1,20,0.60515
2025-06-29T06:03:00,335,73.8,20,0.61216
2025-06-29T06:06:00,334,73,20,0.63085
2025-06-29T06:09:00,334,73.1,19,0.59063
2025-06-29T06:12:00,336,73.5,19,0.58185
2025-06-29T06:15:00,335,73.3,19,0.58624
2025-06-29T06:18:00,335,74,20,0.60748
2025-06-29T06:21:00,334,73.9,20,0.60982
2025-06-29T06:24:00,336,73.6,19,0.57965
2025-06-29T06:27:00,334,73.1,19,0.59063
2025-06-29T06:30:00,335,73.3,19,0.58624
2025-06-29T06:33:00,334,73,20,0.63085
2025-06-29T06:36:00,336,73.1,20,0.62851
2025-06-29T06:39:00,335,72.9,19,0.59502
2025-06-29T06:42:00,334,72.9,20,0.63319
2025-06-29T06:45:00,334,73.3,20,0.62384
2025-06-29T06:48:00,334,73.2,20,0.62618
2025-06-29T06:51:00,334,72.9,20,0.63319
2025-06-29T06:54:00,334,73.5,19,0.58185
2025-06-29T06:57:00,334,73.2,19,0.58844
2025-06-29T07:00:00,333,72.8,19,0.59722
2025-06-29T07:03:00,334,73.1,20,0.62851
2025-06-29T07:06:00,334,72.9,20,0.63319
2025-06-29T07:09:00,335,72.6,19,0.60161
2025-06-29T07:12:00,334,73,19,0.59283
2025-06-29T07:15:00,334,72.8,20,0.63552
2025-06-29T07:18:00,335,73.4,20,0.6215
2025-06-29T07:21:00,334,73.1,20,0.62851
2025-06-29T07:24:00,335,73.3,19,0.58624
2025-06-29T07:27:00,335,73.3,19,0.58624
2025-06-29T07:30:00,336,73.6,19,0.57965
2025-06-29T07:33:00,336,73.7,20,0.61449
2025-06-29T07:36:00,336,73.6,20,0.61683
2025-06-29T07:39:00,337,73.4,19,0.58404
2025-06-29T07:42:00,336,73.8,19,0.57526
2025-06-29T07:45:00,337,73.9,19,0.57307
2025-06-29T07:48:00,336,74.7,19,0.5555
2025-06-29T07:51:00,336,74.1,20,0.60515
2025-06-29T07:54:00,336,73.6,19,0.57965
2025-06-29T07:57:00,339,73.9,19,0.57307
2025-06-29T08:00:00,337,74.1,19,0.56868
2025-06-29T08:03:00,337,75,19,0.54891
2025-06-29T08:06:00,339,74.6,20,0.59347
2025-06-29T08:09:00,339,74.4,19,0.56209
2025-06-29T08:12:00,339,74.9,19,0.55111
2025-06-29T08:15:00,338,74.9,20,0.58646
2025-06-29T08:18:00,344,74.8,20,0.58879
2025-06-29T08:21:00,344,74.9,20,0.58646
2025-06-29T08:24:00,346,75,19,0.54891
2025-06-29T08:27:00,357,75.2,20,0.57945
2025-06-29T08:30:00,358,75.3,20,0.57711
2025-06-29T08:33:00,358,74.6,20,0.59347
2025-06-29T08:36:00,359,74.2,19,0.56648
2025-06-29T08:39:00,357,74.9,19,0.55111
2025-06-29T08:42:00,362,74.4,20,0.59814
2025-06-29T08:45:00,364,74.3,20,0.60048
2025-06-29T08:48:00,368,74.4,19,0.56209
2025-06-29T08:51:00,366,74.9,19,0.55111
2025-06-29T08:54:00,373,74.3,20,0.60048
2025-06-29T08:57:00,375,73.8,20,0.61216
2025-06-29T09:00:00,380,74.4,20,0.59814
2025-06-29T09:03:00,380,73.9,19,0.57307
2025-06-29T09:06:00,369,74.2,19,0.56648
2025-06-29T09:09:00,375,73.4,20,0.6215
2025-06-29T09:12:00,385,73.5,20,0.61917
2025-06-29T09:15:00,394,73.6,20,0.61683
2025-06-29T09:18:00,397,73.3,20,0.62384
2025-06-29T09:21:00,386,73.9,19,0.57307
2025-06-29T09:24:00,380,73.2,20,0.62618
2025-06-29T09:27:00,371,72.6,20,0.6402
2025-06-29T09:30:00,368,72.6,20,0.6402
2025-06-29T09:33:00,375,72.5,20,0.64253
2025-06-29T09:36:00,390,72.2,20,0.64954
2025-06-29T09:39:00,400,71.7,20,0.66122
2025-06-29T09:42:00,394,71.9,20,0.65655
2025-06-29T09:45:00,400,71.7,20,0.66122
2025-06-29T09:48:00,408,71.6,20,0.66356
2025-06-29T09:51:00,428,71.1,20,0.67524
2025-06-29T09:54:00,447,71,20,0.67758
2025-06-29T09:57:00,462,70.3,20,0.69393
2025-06-29T10:00:00,490,70.9,20,0.67992
2025-06-29T10:03:00,484,70.2,20,0.69627
2025-06-29T10:06:00,503,70,20,0.70094
2025-06-29T10:09:00,586,70,20,0.70094
2025-06-29T10:12:00,581,74,19,0.57087
2025-06-29T10:15:00,605,74.9,19,0.55111
2025-06-29T10:18:00,629,72.2,20,0.64954
2025-06-29T10:21:00,558,75,20,0.58412
2025-06-29T10:24:00,566,79.2,19,0.4567
2025-06-29T10:27:00,504,82.9,18,0.35266
2025-06-29T10:30:00,589,78.6,20,0.50001
2025-06-29T10:33:00,559,79.8,18,0.41659
2025-06-29T10:36:00,545,82.7,18,0.35678
2025-06-29T10:39:00,517,83.6,18,0.33822
2025-06-29T10:42:00,501,79.1,19,0.45889
2025-06-29T10:45:00,515,80.5,18,0.40215
2025-06-29T10:48:00,523,82.6,18,0.35885
2025-06-29T10:51:00,528,78.3,19,0.47646
2025-06-29T10:54:00,534,78.2,19,0.47865
2025-06-29T10:57:00,564,82.9,18,0.35266
2025-06-29T11:00:00,552,83.9,17,0.31172
2025-06-29T11:03:00,588,84.2,18,0.32585
2025-06-29T11:06:00,620,84.1,17,0.30785
2025-06-29T11:09:00,616,84.4,18,0.32172
2025-06-29T11:12:00,659,83.3,18,0.34441
2025-06-29T11:15:00,649,82.7,18,0.35678
2025-06-29T11:18:00,662,82.3,18,0.36503
2025-06-29T11:21:00,624,81.7,18,0.37741
2025-06-29T11:24:00,591,82.3,18,0.36503
2025-06-29T11:27:00,617,82.6,18,0.35885
2025-06-29T11:30:00,685,82.7,18,0.35678
2025-06-29T11:33:00,649,82.2,18,0.3671
2025-06-29T11:36:00,613,81.7,18,0.37741
2025-06-29T11:39:00,607,81.2,19,0.41278
2025-06-29T11:42:00,616,81.7,18,0.37741
2025-06-29T11:45:00,622,81.8,18,0.37534
2025-06-29T11:48:00,578,81.9,18,0.37328
2025-06-29T11:51:00,592,82.2,18,0.3671
2025-06-29T11:54:00,610,81.9,18,0.37328
2025-06-29T11:57:00,515,82.9,18,0.35266
2025-06-29T12:00:00,502,82,18,0.37122
2025-06-29T12:03:00,522,82.9,18,0.35266
2025-06-29T12:06:00,586,82.4,18,0.36297
2025-06-29T12:09:00,578,82.6,18,0.35885
2025-06-29T12:12:00,582,81.9,19,0.39741
2025-06-29T12:15:00,605,81.8,19,0.39961
2025-06-29T12:18:00,570,81.8,19,0.39961
2025-06-29T12:21:00,631,82.2,19,0.39083
2025-06-29T12:24:00,616,81.8,19,0.39961
2025-06-29T12:27:00,629,81,19,0.41717
2025-06-29T12:30:00,613,81.9,19,0.39741
2025-06-29T12:33:00,575,81.5,19,0.4062
2025-06-29T12:36:00,569,81.4,19,0.40839
2025-06-29T12:39:00,589,80.8,19,0.42157
2025-06-29T12:42:00,602,81.8,19,0.39961
2025-06-29T12:45:00,627,81.1,19,0.41498
2025-06-29T12:48:00,655,81.6,19,0.404
2025-06-29T12:51:00,569,81.2,19,0.41278
2025-06-29T12:54:00,575,80.3,19,0.43254
2025-06-29T12:57:00,551,81.1,19,0.41498
2025-06-29T13:00:00,633,80.9,19,0.41937
2025-06-29T13:03:00,558,80.3,19,0.43254
2025-06-29T13:06:00,573,79.6,20,0.47664
2025-06-29T13:09:00,615,80.6,20,0.45328
2025-06-29T13:12:00,594,79.2,20,0.48599
2025-06-29T13:15:00,586,78.8,19,0.46548
2025-06-29T13:18:00,620,78.4,20,0.50468
2025-06-29T13:21:00,602,78.8,20,0.49533
2025-06-29T13:24:00,596,79.6,19,0.44791
2025-06-29T13:27:00,560,79.6,19,0.44791
2025-06-29T13:30:00,493,80,19,0.43913
2025-06-29T13:33:00,476,81.1,19,0.41498
2025-06-29T13:36:00,489,81.5,19,0.4062
2025-06-29T13:39:00,503,82,19,0.39522
2025-06-29T13:42:00,485,81.3,19,0.41059
2025-06-29T13:45:00,490,82.2,19,0.39083
2025-06-29T13:48:00,515,82.1,19,0.39302
2025-06-29T13:51:00,547,81.8,19,0.39961
2025-06-29T13:54:00,545,81.6,19,0.404
2025-06-29T13:57:00,572,82.4,19,0.38644
2025-06-29T14:00:00,579,82.1,19,0.39302
2025-06-29T14:03:00,600,82.3,19,0.38863
2025-06-29T14:06:00,632,81.6,19,0.404
2025-06-29T14:09:00,585,81.1,19,0.41498
2025-06-29T14:12:00,457,81.6,19,0.404
2025-06-29T14:15:00,446,81.9,19,0.39741
2025-06-29T14:18:00,453,82.4,19,0.38644
2025-06-29T14:21:00,454,83.1,19,0.37107
2025-06-29T14:24:00,471,82.7,19,0.37985
2025-06-29T14:27:00,438,83,19,0.37326
2025-06-29T14:30:00,458,83.5,19,0.36228
2025-06-29T14:33:00,510,83.4,19,0.36448
2025-06-29T14:36:00,597,83.5,19,0.36228
2025-06-29T14:39:00,646,83.3,19,0.36667
2025-06-29T14:42:00,592,82.3,20,0.41356
2025-06-29T14:45:00,581,82.8,20,0.40187
2025-06-29T14:48:00,567,81.2,20,0.43926
2025-06-29T14:51:00,575,80.6,20,0.45328
2025-06-29T14:54:00,577,80.2,20,0.46262
2025-06-29T14:57:00,645,79.9,20,0.46963
2025-06-29T15:00:00,511,80.4,20,0.45795
2025-06-29T15:03:00,550,80.7,20,0.45094
2025-06-29T15:06:00,521,81.2,20,0.43926
2025-06-29T15:09:00,528,80.5,20,0.45561
2025-06-29T15:12:00,493,80.4,19,0.43035
2025-06-29T15:15:00,624,80.1,20,0.46496
2025-06-29T15:18:00,602,80.3,20,0.46029
2025-06-29T15:21:00,534,80.2,20,0.46262
2025-06-29T15:24:00,514,80.8,20,0.4486
2025-06-29T15:27:00,572,80,20,0.4673
2025-06-29T15:30:00,586,79,20,0.49066
2025-06-29T15:33:00,575,79.2,20,0.48599
2025-06-29T15:36:00,549,79.8,20,0.47197
2025-06-29T15:39:00,606,80,20,0.4673
2025-06-29T15:42:00,528,78.5,20,0.50234
2025-06-29T15:45:00,462,79.6,20,0.47664
2025-06-29T15:48:00,468,79.2,20,0.48599
2025-06-29T15:51:00,449,78.5,20,0.50234
2025-06-29T15:54:00,459,79.2,19,0.4567
2025-06-29T15:57:00,551,79.6,19,0.44791
2025-06-29T16:00:00,786,79.2,19,0.4567
2025-06-29T16:03:00,517,79.9,19,0.44133
2025-06-29T16:06:00,540,78.4,19,0.47426
2025-06-29T16:09:00,651,78.4,19,0.47426
2025-06-29T16:12:00,678,78,20,0.51403
2025-06-29T16:15:00,980,78.6,20,0.50001
2025-06-29T16:18:00,1320,78.5,20,0.50234
2025-06-29T16:21:00,1333,78.9,20,0.493
2025-06-29T16:24:00,825,78.9,20,0.493
2025-06-29T16:27:00,483,78,20,0.51403
2025-06-29T16:30:00,791,77.7,20,0.52103
2025-06-29T16:33:00,1083,78.2,20,0.50935
2025-06-29T16:36:00,1098,77.7,21,0.55419
2025-06-29T16:39:00,1049,77.9,21,0.54922
2025-06-29T16:42:00,441,77.8,21,0.5517
2025-06-29T16:45:00,1117,78.8,20,0.49533
2025-06-29T16:48:00,895,78.6,21,0.53182
2025-06-29T16:51:00,576,79.1,20,0.48832
2025-06-29T16:54:00,493,78.7,20,0.49767
2025-06-29T16:57:00,451,79.6,20,0.47664
2025-06-29T17:00:00,461,78.7,21,0.52934
2025-06-29T17:03:00,388,78.6,21,0.53182
2025-06-29T17:06:00,460,77.3,20,0.53038
2025-06-29T17:09:00,433,77.8,20,0.5187
2025-06-29T17:12:00,382,78.8,20,0.49533
2025-06-29T17:15:00,344,78.2,20,0.50935
2025-06-29T17:18:00,340,79.7,20,0.47431
2025-06-29T17:21:00,348,79.6,20,0.47664
2025-06-29T17:24:00,358,82.6,20,0.40655
2025-06-29T17:27:00,370,83.3,20,0.39019
2025-06-29T17:30:00,383,84,20,0.37384
2025-06-29T17:33:00,372,83.5,20,0.38552
2025-06-29T17:36:00,383,83,19,0.37326
2025-06-29T17:39:00,372,82.8,19,0.37765
2025-06-29T17:42:00,381,81.6,19,0.404
2025-06-29T17:45:00,386,80.7,19,0.42376
2025-06-29T17:48:00,389,81.6,18,0.37947
2025-06-29T17:51:00,386,81.8,18,0.37534
2025-06-29T17:54:00,384,81.6,18,0.37947
2025-06-29T17:57:00,378,82.4,18,0.36297
2025-06-29T18:00:00,375,82.2,18,0.3671
2025-06-29T18:03:00,378,81.6,18,0.37947
2025-06-29T18:06:00,380,81.7,18,0.37741
2025-06-29T18:09:00,381,81.5,18,0.38153
2025-06-29T18:12:00,385,81.5,18,0.38153
2025-06-29T18:15:00,387,82.1,17,0.34657
2025-06-29T18:18:00,394,81.3,17,0.36206
2025-06-29T18:21:00,399,80.6,18,0.40009
2025-06-29T18:24:00,402,80.8,18,0.39597
2025-06-29T18:27:00,394,81.2,17,0.364
2025-06-29T18:30:00,391,81.1,17,0.36593
2025-06-29T18:33:00,396,81.4,17,0.36013
2025-06-29T18:36:00,401,82,18,0.37122
2025-06-29T18:39:00,413,81.9,17,0.35045
2025-06-29T18:42:00,396,81.8,18,0.37534
2025-06-29T18:45:00,391,81.8,18,0.37534
2025-06-29T18:48:00,397,81.7,18,0.37741
2025-06-29T18:51:00,385,82.2,18,0.3671
2025-06-29T18:54:00,391,82.3,18,0.36503
2025-06-29T18:57:00,389,81.8,18,0.37534
2025-06-29T19:00:00,387,81.5,18,0.38153
2025-06-29T19:03:00,394,81.8,18,0.37534
2025-06-29T19:06:00,392,81.7,19,0.40181
2025-06-29T19:09:00,389,80.8,19,0.42157
2025-06-29T19:12:00,382,81.8,19,0.39961
2025-06-29T19:15:00,378,81.4,19,0.40839
2025-06-29T19:18:00,378,81.3,19,0.41059
2025-06-29T19:21:00,372,81.5,19,0.4062
2025-06-29T19:24:00,359,81.7,19,0.40181
2025-06-29T19:27:00,360,81.7,19,0.40181
2025-06-29T19:30:00,355,82.2,19,0.39083
2025-06-29T19:33:00,349,83.5,19,0.36228
2025-06-29T19:36:00,345,84.1,19,0.34911
2025-06-29T19:39:00,348,82.2,19,0.39083
2025-06-29T19:42:00,354,82.5,19,0.38424
2025-06-29T19:45:00,360,82.1,19,0.39302
2025-06-29T19:48:00,354,82.8,19,0.37765
2025-06-29T19:51:00,353,83.6,19,0.36009
2025-06-29T19:54:00,351,83.7,19,0.35789
2025-06-29T19:57:00,348,83,19,0.37326
2025-06-29T20:00:00,345,83.3,19,0.36667
2025-06-29T20:03:00,25,84,19,0.35131
2025-06-29T20:06:00,24,83.9,19,0.3535
2025-06-29T20:09:00,25,84.2,19,0.34691
2025-06-29T20:12:00,23,83.6,19,0.36009
2025-06-29T20:15:00,21,84.5,18,0.31966
2025-06-29T20:18:00,21,84.4,18,0.32172
2025-06-29T20:21:00,20,85,18,0.30935
2025-06-29T20:24:00,19,85,18,0.30935
2025-06-29T20:27:00,19,84.6,18,0.3176
2025-06-29T20:30:00,17,84.7,19,0.33594
2025-06-29T20:33:00,16,84.9,18,0.31141
2025-06-29T20:36:00,15,85.1,18,0.30729
2025-06-29T20:39:00,13,85.5,18,0.29904
2025-06-29T20:42:00,13,85.3,18,0.30316
2025-06-29T20:45:00,12,85.3,18,0.30316
2025-06-29T20:48:00,10,84.6,18,0.3176
2025-06-29T20:51:00,10,85.4,18,0.3011
2025-06-29T20:54:00,0,85.1,18,0.30729
2025-06-29T20:57:00,0,85.5,18,0.29904
2025-06-29T21:00:00,0,85.7,18,0.29491
2025-06-29T21:03:00,0,85.9,18,0.29079
2025-06-29T21:06:00,0,85.7,18,0.29491
2025-06-29T21:09:00,0,85.5,18,0.29904
2025-06-29T21:12:00,0,86.1,18,0.28666
2025-06-29T21:15:00,0,85.4,18,0.3011
2025-06-29T21:18:00,0,85.8,18,0.29285
2025-06-29T21:21:00,0,85.9,18,0.29079
2025-06-29T21:24:00,0,85.1,18,0.30729
2025-06-29T21:27:00,0,84.8,18,0.31347
2025-06-29T21:30:00,0,83.9,18,0.33204
2025-06-29T21:33:00,0,82.9,18,0.35266
2025-06-29T21:36:00,0,81.5,18,0.38153
2025-06-29T21:39:00,0,80.4,18,0.40422
2025-06-29T21:42:00,0,81.3,18,0.38566
2025-06-29T21:45:00,0,82.8,18,0.35472
2025-06-29T21:48:00,0,82.8,18,0.35472
2025-06-29T21:51:00,0,82.9,18,0.35266
2025-06-29T21:54:00,0,80.5,18,0.40215
2025-06-29T21:57:00,0,80.7,18,0.39803
2025-06-29T22:00:00,0,80.9,18,0.39391
2025-06-29T22:03:00,0,82,18,0.37122
2025-06-29T22:06:00,0,80.9,18,0.39391
2025-06-29T22:09:00,0,80.6,18,0.40009
2025-06-29T22:12:00,0,79.8,18,0.41659
2025-06-29T22:15:00,0,79.9,18,0.41453
2025-06-29T22:18:00,0,80.8,18,0.39597
2025-06-29T22:21:00,0,80.1,19,0.43694
2025-06-29T22:24:00,0,78.1,19,0.48085
2025-06-29T22:27:00,0,79.4,19,0.45231
2025-06-29T22:30:00,0,77,19,0.505
2025-06-29T22:33:00,0,78.7,19,0.46768
2025-06-29T22:36:00,0,76.9,19,0.5072
2025-06-29T22:39:00,0,77,19,0.505
2025-06-29T22:42:00,0,75.7,19,0.53354
2025-06-29T22:45:00,0,74.8,19,0.55331
2025-06-29T22:48:00,0,74.3,19,0.56428
2025-06-29T22:51:00,0,74,19,0.57087
2025-06-29T22:54:00,0,73.5,19,0.58185
2025-06-29T22:57:00,0,73.3,19,0.58624
2025-06-29T23:00:00,0,72.2,19,0.61039
2025-06-29T23:03:00,0,72.2,19,0.61039
2025-06-29T23:06:00,0,73.4,19,0.58404
2025-06-29T23:09:00,0,74.6,19,0.5577
2025-06-29T23:12:00,0,74.8,19,0.55331
2025-06-29T23:15:00,0,75.2,19,0.54452
2025-06-29T23:18:00,0,75.6,19,0.53574
2025-06-29T23:21:00,0,75.9,19,0.52915
2025-06-29T23:24:00,0,75.9,19,0.52915
2025-06-29T23:27:00,0,75.3,19,0.54233
2025-06-29T23:30:00,0,75.1,19,0.54672
2025-06-29T23:33:00,0,75.1,19,0.54672
2025-06-29T23:36:00,0,74.9,19,0.55111
2025-06-29T23:39:00,0,74.9,19,0.55111
2025-06-29T23:42:00,0,75,19,0.54891
2025-06-29T23:45:00,0,74.9,19,0.55111
2025-06-29T23:48:00,0,74.8,19,0.55331
2025-06-29T23:51:00,0,74.7,19,0.5555
2025-06-29T23:54:00,0,74.5,19,0.55989
2025-06-29T23:57:00,0,74.3,19,0.56428
2025-06-30T00:00:00,0,74.2,19,0.56648
2025-06-30T00:03:00,0,74.1,19,0.56868
2025-06-30T00:06:00,0,73.9,19,0.57307
2025-06-30T00:09:00,0,73.9,19,0.57307
2025-06-30T00:12:00,0,73.7,19,0.57746
2025-06-30T00:15:00,0,73.6,19,0.57965
2025-06-30T00:18:00,0,73.4,19,0.58404
2025-06-30T00:21:00,0,73.5,19,0.58185
2025-06-30T00:24:00,0,73.2,19,0.58844
2025-06-30T00:27:00,0,73.2,19,0.58844
2025-06-30T00:30:00,0,73.1,19,0.59063
2025-06-30T00:33:00,0,73.4,19,0.58404
2025-06-30T00:36:00,0,74.4,19,0.56209
2025-06-30T00:39:00,0,74.9,19,0.55111
2025-06-30T00:42:00,0,75.1,19,0.54672
2025-06-30T00:45:00,0,75.7,19,0.53354
2025-06-30T00:48:00,0,76.8,19,0.50939
2025-06-30T00:51:00,0,77.1,19,0.50281
2025-06-30T00:54:00,0,77.5,19,0.49402
2025-06-30T00:57:00,0,79.5,19,0.45011
2025-06-30T01:00:00,0,80.2,19,0.43474
2025-06-30T01:03:00,0,81.1,19,0.41498
2025-06-30T01:06:00,0,82.3,19,0.38863
2025-06-30T01:09:00,0,83,19,0.37326
2025-06-30T01:12:00,0,83.6,19,0.36009
2025-06-30T01:15:00,0,84.2,19,0.34691
2025-06-30T01:18:00,0,84.6,19,0.33813
2025-06-30T01:21:00,0,84.9,19,0.33154
2025-06-30T01:24:00,0,85.1,19,0.32715
2025-06-30T01:27:00,0,85.3,19,0.32276
2025-06-30T01:30:00,0,85.5,19,0.31837
2025-06-30T01:33:00,0,85.6,19,0.31617
2025-06-30T01:36:00,0,85.7,19,0.31398
2025-06-30T01:39:00,0,85.7,19,0.31398
2025-06-30T01:42:00,0,85.7,19,0.31398
2025-06-30T01:45:00,0,85.8,19,0.31178
2025-06-30T01:48:00,0,85.8,19,0.31178
2025-06-30T01:51:00,0,85.8,19,0.31178
2025-06-30T01:54:00,0,85.8,19,0.31178
2025-06-30T01:57:00,0,85.8,19,0.31178
2025-06-30T02:00:00,0,86,19,0.30739
2025-06-30T02:03:00,0,86,19,0.30739
2025-06-30T02:06:00,0,86.2,19,0.303
2025-06-30T02:09:00,0,86.5,19,0.29641
2025-06-30T02:12:00,0,86.7,19,0.29202
2025-06-30T02:15:00,0,86.9,19,0.28763
2025-06-30T02:18:00,0,87.1,19,0.28324
2025-06-30T02:21:00,0,87.1,19,0.28324
2025-06-30T02:24:00,0,87.2,19,0.28104
2025-06-30T02:27:00,0,87.3,19,0.27885
2025-06-30T02:30:00,0,87.3,19,0.27885
2025-06-30T02:33:00,0,87.3,19,0.27885
2025-06-30T02:36:00,0,87.3,18,0.26192
2025-06-30T02:39:00,0,87.4,18,0.25985
2025-06-30T02:42:00,0,87.4,18,0.25985
2025-06-30T02:45:00,0,87.4,18,0.25985
2025-06-30T02:48:00,0,87.4,18,0.25985
2025-06-30T02:51:00,0,87.4,18,0.25985
2025-06-30T02:54:00,0,87.4,18,0.25985
2025-06-30T02:57:00,0,87.4,18,0.25985
2025-06-30T03:00:00,0,87.4,18,0.25985
2025-06-30T03:03:00,0,87.3,18,0.26192
2025-06-30T03:06:00,0,87.4,18,0.25985
2025-06-30T03:09:00,0,87.4,18,0.25985
2025-06-30T03:12:00,0,87.5,18,0.25779
2025-06-30T03:15:00,0,87.4,18,0.25985
2025-06-30T03:18:00,0,87.4,18,0.25985
2025-06-30T03:21:00,0,87.3,18,0.26192
2025-06-30T03:24:00,0,87.4,18,0.25985
2025-06-30T03:27:00,0,87.3,18,0.26192
2025-06-30T03:30:00,0,87.2,18,0.26398
2025-06-30T03:33:00,0,87.3,18,0.26192
2025-06-30T03:36:00,0,87.3,18,0.26192
2025-06-30T03:39:00,0,87.2,18,0.26398
2025-06-30T03:42:00,0,87.3,18,0.26192
2025-06-30T03:45:00,0,87.2,18,0.26398
2025-06-30T03:48:00,0,87.2,18,0.26398
2025-06-30T03:51:00,0,87.1,18,0.26604
2025-06-30T03:54:00,0,87,18,0.2681
2025-06-30T03:57:00,0,87.1,18,0.26604
2025-06-30T04:00:00,0,87,18,0.2681
2025-06-30T04:03:00,350,86.7,18,0.27429
2025-06-30T04:06:00,347,86.2,18,0.2846
2025-06-30T04:09:00,345,85.5,19,0.31837
2025-06-30T04:12:00,342,84.9,19,0.33154
2025-06-30T04:15:00,341,84.6,19,0.33813
2025-06-30T04:18:00,339,84.2,19,0.34691
2025-06-30T04:21:00,338,83.6,19,0.36009
2025-06-30T04:24:00,337,83.3,19,0.36667
2025-06-30T04:27:00,336,83,19,0.37326
2025-06-30T04:30:00,335,82.7,20,0.40421
2025-06-30T04:33:00,334,82.4,20,0.41122
2025-06-30T04:36:00,334,81.9,20,0.4229
2025-06-30T04:39:00,334,80.6,20,0.45328
2025-06-30T04:42:00,333,78.7,20,0.49767
2025-06-30T04:45:00,333,78.1,20,0.51169
2025-06-30T04:48:00,334,76.6,20,0.54674
2025-06-30T04:51:00,332,74.9,20,0.58646
2025-06-30T04:54:00,333,74,20,0.60748
2025-06-30T04:57:00,333,72.8,20,0.63552
2025-06-30T05:00:00,333,72.1,20,0.65188
2025-06-30T05:03:00,333,70.9,20,0.67992
2025-06-30T05:06:00,334,70.5,20,0.68926
2025-06-30T05:09:00,334,69.5,20,0.71263
2025-06-30T05:12:00,334,69.2,20,0.71964
2025-06-30T05:15:00,334,68.5,20,0.73599
2025-06-30T05:18:00,335,67.8,20,0.75235
2025-06-30T05:21:00,335,67.4,20,0.76169
2025-06-30T05:24:00,336,66.4,20,0.78506
2025-06-30T05:27:00,335,66,20,0.7944
2025-06-30T05:30:00,335,65.7,20,0.80141
2025-06-30T05:33:00,336,64.9,20,0.8201
2025-06-30T05:36:00,336,64.5,20,0.82945
2025-06-30T05:39:00,336,64.8,20,0.82244
2025-06-30T05:42:00,336,66.5,20,0.78272
2025-06-30T05:45:00,337,68.4,20,0.73833
2025-06-30T05:48:00,336,69.1,20,0.72197
2025-06-30T05:51:00,336,67.3,20,0.76403
2025-06-30T05:54:00,336,64.3,20,0.83412
2025-06-30T05:57:00,337,62.8,20,0.86917
2025-06-30T06:00:00,337,63.2,19,0.808
2025-06-30T06:03:00,339,66.6,19,0.73335
2025-06-30T06:06:00,342,65.7,20,0.80141
2025-06-30T06:09:00,343,64,20,0.84113
2025-06-30T06:12:00,344,64.1,20,0.8388
2025-06-30T06:15:00,349,65.2,19,0.76409
2025-06-30T06:18:00,352,64.9,20,0.8201
2025-06-30T06:21:00,353,66.3,20,0.78739
2025-06-30T06:24:00,354,65.3,20,0.81076
2025-06-30T06:27:00,356,63,20,0.8645
2025-06-30T06:30:00,358,63.5,20,0.85281
2025-06-30T06:33:00,358,64,20,0.84113
2025-06-30T06:36:00,359,64.3,20,0.83412
2025-06-30T06:39:00,361,64,20,0.84113
2025-06-30T06:42:00,363,63.4,20,0.85515
2025-06-30T06:45:00,364,63,20,0.8645
2025-06-30T06:48:00,364,62.6,20,0.87384
2025-06-30T06:51:00,367,63.4,20,0.85515
2025-06-30T06:54:00,367,61.5,20,0.89954
2025-06-30T06:57:00,369,62.3,21,0.9369
2025-06-30T07:00:00,370,61,21,0.96921
2025-06-30T07:03:00,372,61,21,0.96921
2025-06-30T07:06:00,373,61,21,0.96921
2025-06-30T07:09:00,375,59.8,21,0.99903
2025-06-30T07:12:00,375,59.2,21,1.01394
2025-06-30T07:15:00,378,59,21,1.01891
2025-06-30T07:18:00,379,59.9,21,0.99655
2025-06-30T07:21:00,382,62.3,19,0.82776
2025-06-30T07:24:00,384,61.2,20,0.90655
2025-06-30T07:27:00,391,62.3,21,0.9369
2025-06-30T07:30:00,398,68.4,19,0.69383
2025-06-30T07:33:00,409,74.4,18,0.52796
2025-06-30T07:36:00,457,72.1,20,0.65188
2025-06-30T07:39:00,550,69.2,19,0.67626
2025-06-30T07:42:00,572,74,18,0.53621
2025-06-30T07:45:00,612,75,18,0.51558
2025-06-30T07:48:00,623,75.3,19,0.54233
2025-06-30T07:51:00,583,74.6,18,0.52383
2025-06-30T07:54:00,522,76.8,18,0.47846
2025-06-30T07:57:00,480,77.5,18,0.46402
2025-06-30T08:00:00,441,77.6,18,0.46196
2025-06-30T08:03:00,456,76.6,18,0.48259
2025-06-30T08:06:00,489,76.6,18,0.48259
2025-06-30T08:09:00,512,77.1,18,0.47227
2025-06-30T08:12:00,542,77.8,18,0.45784
2025-06-30T08:15:00,566,77.3,18,0.46815
2025-06-30T08:18:00,605,77.6,18,0.46196
2025-06-30T08:21:00,660,76.4,18,0.48671
2025-06-30T08:24:00,673,75.8,18,0.49908
2025-06-30T08:27:00,613,77.4,18,0.46609
2025-06-30T08:30:00,633,76.4,19,0.51818
2025-06-30T08:33:00,652,75.5,19,0.53794
2025-06-30T08:36:00,659,75.7,19,0.53354
2025-06-30T08:39:00,657,75.5,19,0.53794
2025-06-30T08:42:00,698,76,19,0.52696
2025-06-30T08:45:00,649,75.3,19,0.54233
2025-06-30T08:48:00,715,75.2,19,0.54452
2025-06-30T08:51:00,711,74.6,19,0.5577
2025-06-30T08:54:00,717,74,19,0.57087
2025-06-30T08:57:00,726,73.9,19,0.57307
2025-06-30T09:00:00,739,74.9,19,0.55111
2025-06-30T09:03:00,734,74.5,19,0.55989
2025-06-30T09:06:00,695,74.2,19,0.56648
2025-06-30T09:09:00,501,72.6,19,0.60161
2025-06-30T09:12:00,457,73,20,0.63085
2025-06-30T09:15:00,444,73.2,20,0.62618
2025-06-30T09:18:00,440,73.5,20,0.61917
2025-06-30T09:21:00,439,72.9,20,0.63319
2025-06-30T09:24:00,435,73.5,20,0.61917
2025-06-30T09:27:00,432,72.9,20,0.63319
2025-06-30T09:30:00,432,71.7,20,0.66122
2025-06-30T09:33:00,434,71.5,20,0.6659
2025-06-30T09:36:00,1075,71.6,20,0.66356
2025-06-30T09:39:00,1285,72.4,20,0.64487
2025-06-30T09:42:00,1335,72.8,20,0.63552
2025-06-30T09:45:00,1345,72.4,20,0.64487
2025-06-30T09:48:00,877,70.9,20,0.67992
2025-06-30T09:51:00,487,71.5,20,0.6659
2025-06-30T09:54:00,1323,71.6,20,0.66356
2025-06-30T09:57:00,1427,71.5,20,0.6659
2025-06-30T10:00:00,1490,71.9,20,0.65655
2025-06-30T10:03:00,1523,71,21,0.72069
2025-06-30T10:06:00,1530,71.4,21,0.71075
2025-06-30T10:09:00,1424,71,21,0.72069
2025-06-30T10:12:00,569,70.3,21,0.73809
2025-06-30T10:15:00,453,69.5,21,0.75797
2025-06-30T10:18:00,1538,70.2,21,0.74058
2025-06-30T10:21:00,1595,70.4,21,0.73561
2025-06-30T10:24:00,698,71.3,21,0.71324
2025-06-30T10:27:00,909,70.4,21,0.73561
2025-06-30T10:30:00,1253,69.2,21,0.76543
2025-06-30T10:33:00,702,68.6,21,0.78034
2025-06-30T10:36:00,468,69.7,21,0.753
2025-06-30T10:39:00,455,68.8,21,0.77537
2025-06-30T10:42:00,453,68.7,21,0.77785
2025-06-30T10:45:00,453,68.7,21,0.77785
2025-06-30T10:48:00,452,68.4,21,0.78531
2025-06-30T10:51:00,452,67.3,21,0.81265
2025-06-30T10:54:00,452,67,21,0.8201
2025-06-30T10:57:00,454,66.5,21,0.83253
2025-06-30T11:00:00,454,67.4,21,0.81016
2025-06-30T11:03:00,457,67.6,21,0.80519
2025-06-30T11:06:00,456,67.4,21,0.81016
2025-06-30T11:09:00,456,66.5,21,0.83253
2025-06-30T11:12:00,458,66.5,21,0.83253
2025-06-30T11:15:00,460,66.2,22,0.89301
2025-06-30T11:18:00,463,66.9,21,0.82259
2025-06-30T11:21:00,462,66.7,21,0.82756
2025-06-30T11:24:00,463,67.8,22,0.85074
2025-06-30T11:27:00,464,67.8,22,0.85074
2025-06-30T11:30:00,464,65,22,0.92472
2025-06-30T11:33:00,467,65.2,22,0.91943
2025-06-30T11:36:00,468,65.7,22,0.90622
2025-06-30T11:39:00,466,67.7,22,0.85338
2025-06-30T11:42:00,466,67,22,0.87188
2025-06-30T11:45:00,466,67.1,22,0.86923
2025-06-30T11:48:00,464,66,22,0.8983
2025-06-30T11:51:00,464,65.7,22,0.90622
2025-06-30T11:54:00,463,66.5,22,0.88509
2025-06-30T11:57:00,464,66,22,0.8983
2025-06-30T12:00:00,463,66.6,21,0.83004
2025-06-30T12:03:00,462,67.3,21,0.81265
2025-06-30T12:06:00,460,65.3,21,0.86235
2025-06-30T12:09:00,457,65.2,21,0.86483
2025-06-30T12:12:00,459,64.5,21,0.88223
2025-06-30T12:15:00,461,63.9,22,0.95378
2025-06-30T12:18:00,461,65.1,22,0.92207
2025-06-30T12:21:00,471,65.8,22,0.90358
2025-06-30T12:24:00,472,65.2,22,0.91943
2025-06-30T12:27:00,470,64.4,22,0.94057
2025-06-30T12:30:00,470,64.8,22,0.93
2025-06-30T12:33:00,427,63.9,22,0.95378
2025-06-30T12:36:00,429,64.6,22,0.93528
2025-06-30T12:39:00,430,64.8,22,0.93
2025-06-30T12:42:00,429,65.4,22,0.91415
2025-06-30T12:45:00,429,66,22,0.8983
2025-06-30T12:48:00,427,65.2,22,0.91943
2025-06-30T12:51:00,427,67.1,22,0.86923
2025-06-30T12:54:00,431,66.2,21,0.83998
2025-06-30T12:57:00,431,66.4,22,0.88773
2025-06-30T13:00:00,431,68.1,22,0.84281
2025-06-30T13:03:00,432,67.8,22,0.85074
2025-06-30T13:06:00,350,67.6,22,0.85602
2025-06-30T13:09:00,433,66.4,22,0.88773
2025-06-30T13:12:00,438,65.9,22,0.90094
2025-06-30T13:15:00,437,67.1,22,0.86923
2025-06-30T13:18:00,434,66.4,22,0.88773
2025-06-30T13:21:00,433,67.1,22,0.86923
2025-06-30T13:24:00,434,67.2,22,0.86659
2025-06-30T13:27:00,435,67.2,22,0.86659
2025-06-30T13:30:00,433,66.2,22,0.89301
2025-06-30T13:33:00,437,66.4,22,0.88773
2025-06-30T13:36:00,436,66,22,0.8983
2025-06-30T13:39:00,438,66.2,22,0.89301
2025-06-30T13:42:00,438,66.1,22,0.89565
2025-06-30T13:45:00,439,67.2,22,0.86659
2025-06-30T13:48:00,426,66.3,22,0.89037
2025-06-30T13:51:00,440,67,22,0.87188
2025-06-30T13:54:00,438,66.8,22,0.87716
2025-06-30T13:57:00,372,66.3,22,0.89037
2025-06-30T14:00:00,441,67,22,0.87188
2025-06-30T14:03:00,442,67.5,23,0.91245
2025-06-30T14:06:00,444,67.7,22,0.85338
2025-06-30T14:09:00,367,66.8,22,0.87716
2025-06-30T14:12:00,444,67.5,23,0.91245
2025-06-30T14:15:00,447,65.7,22,0.90622
2025-06-30T14:18:00,449,66.2,22,0.89301
2025-06-30T14:21:00,456,66.1,23,0.95176
2025-06-30T14:24:00,460,67,23,0.92649
2025-06-30T14:27:00,476,64.7,23,0.99106
2025-06-30T14:30:00,468,65.5,23,0.9686
2025-06-30T14:33:00,449,65.8,23,0.96018
2025-06-30T14:36:00,452,65.2,22,0.91943
2025-06-30T14:39:00,601,65.3,23,0.97422
2025-06-30T14:42:00,349,65.3,22,0.91679
2025-06-30T14:45:00,463,66.7,22,0.8798
2025-06-30T14:48:00,356,67.3,22,0.86395
2025-06-30T14:51:00,482,67,22,0.87188
2025-06-30T14:54:00,473,66.2,22,0.89301
2025-06-30T14:57:00,352,66.7,22,0.8798
2025-06-30T15:00:00,360,67.9,22,0.8481
2025-06-30T15:03:00,454,70.5,21,0.73312
2025-06-30T15:06:00,452,72.3,21,0.68839
2025-06-30T15:09:00,375,71.9,21,0.69833
2025-06-30T15:12:00,423,73.5,20,0.61917
2025-06-30T15:15:00,441,73.5,21,0.65857
2025-06-30T15:18:00,443,73.7,21,0.6536
2025-06-30T15:21:00,357,73.5,21,0.65857
2025-06-30T15:24:00,335,74.6,21,0.63123
2025-06-30T15:27:00,336,73.6,21,0.65608
2025-06-30T15:30:00,449,74.1,21,0.64365
2025-06-30T15:33:00,432,73.8,21,0.65111
2025-06-30T15:36:00,405,74.4,21,0.6362
2025-06-30T15:39:00,456,75,21,0.62129
2025-06-30T15:42:00,465,73.9,21,0.64863
2025-06-30T15:45:00,496,75.1,21,0.6188
2025-06-30T15:48:00,342,75.1,21,0.6188
2025-06-30T15:51:00,350,74.7,21,0.62874
2025-06-30T15:54:00,605,74.4,21,0.6362
2025-06-30T15:57:00,559,74.1,21,0.64365
2025-06-30T16:00:00,511,73.4,21,0.66105
2025-06-30T16:03:00,466,74.2,21,0.64117
2025-06-30T16:06:00,426,75,21,0.62129
2025-06-30T16:09:00,496,74.2,21,0.64117
2025-06-30T16:12:00,396,75.2,21,0.61632
2025-06-30T16:15:00,548,74.8,21,0.62626
2025-06-30T16:18:00,356,74.2,21,0.64117
2025-06-30T16:21:00,581,74.7,21,0.62874
2025-06-30T16:24:00,356,74.2,21,0.64117
2025-06-30T16:27:00,350,73.9,21,0.64863
2025-06-30T16:30:00,485,74.7,21,0.62874
2025-06-30T16:33:00,505,74.6,21,0.63123
2025-06-30T16:36:00,492,75,21,0.62129
2025-06-30T16:39:00,466,74.6,21,0.63123
2025-06-30T16:42:00,487,72.6,21,0.68093
2025-06-30T16:45:00,509,74.3,21,0.63868
2025-06-30T16:48:00,481,74.3,21,0.63868
2025-06-30T16:51:00,442,74.8,21,0.62626
2025-06-30T16:54:00,424,75,21,0.62129
2025-06-30T16:57:00,422,74.9,21,0.62377
2025-06-30T17:00:00,424,74.3,21,0.63868
2025-06-30T17:03:00,420,74.3,21,0.63868
2025-06-30T17:06:00,421,74,21,0.64614
2025-06-30T17:09:00,347,74.8,21,0.62626
2025-06-30T17:12:00,424,75,21,0.62129
2025-06-30T17:15:00,340,75.2,21,0.61632
2025-06-30T17:18:00,413,75.5,21,0.60886
2025-06-30T17:21:00,416,75.3,21,0.61383
2025-06-30T17:24:00,413,74.5,21,0.63371
2025-06-30T17:27:00,439,75.1,21,0.6188
2025-06-30T17:30:00,430,75.2,21,0.61632
2025-06-30T17:33:00,416,75.6,21,0.60638
2025-06-30T17:36:00,366,73.9,21,0.64863
2025-06-30T17:39:00,479,74.5,21,0.63371
2025-06-30T17:42:00,419,73.9,21,0.64863
2025-06-30T17:45:00,413,75,21,0.62129
2025-06-30T17:48:00,427,74.4,21,0.6362
2025-06-30T17:51:00,578,74.5,21,0.63371
2025-06-30T17:54:00,569,74,21,0.64614
2025-06-30T17:57:00,429,74.3,21,0.63868
2025-06-30T18:00:00,456,74.2,21,0.64117
2025-06-30T18:03:00,555,74.6,21,0.63123
2025-06-30T18:06:00,594,74.9,21,0.62377
2025-06-30T18:09:00,600,75.1,21,0.6188
2025-06-30T18:12:00,495,75.5,21,0.60886
2025-06-30T18:15:00,420,75.4,21,0.61135
2025-06-30T18:18:00,396,75,20,0.58412
2025-06-30T18:21:00,386,74.9,20,0.58646
2025-06-30T18:24:00,383,75.5,20,0.57244
2025-06-30T18:27:00,385,74.3,21,0.63868
2025-06-30T18:30:00,459,73.7,21,0.6536
2025-06-30T18:33:00,534,74.6,21,0.63123
2025-06-30T18:36:00,546,74.1,21,0.64365
2025-06-30T18:39:00,507,75.5,20,0.57244
2025-06-30T18:42:00,370,76.8,20,0.54206
2025-06-30T18:45:00,362,76,20,0.56076
2025-06-30T18:48:00,358,75.8,20,0.56543
2025-06-30T18:51:00,356,76.1,20,0.55842
2025-06-30T18:54:00,353,76.4,20,0.55141
2025-06-30T18:57:00,350,76.9,20,0.53973
2025-06-30T19:00:00,350,77.6,20,0.52337
2025-06-30T19:03:00,351,77,20,0.53739
2025-06-30T19:06:00,350,77.2,20,0.53272
2025-06-30T19:09:00,348,76.9,20,0.53973
2025-06-30T19:12:00,347,76.6,20,0.54674
2025-06-30T19:15:00,345,77.7,20,0.52103
2025-06-30T19:18:00,342,77.5,20,0.52571
2025-06-30T19:21:00,342,77.8,20,0.5187
2025-06-30T19:24:00,339,78.4,20,0.50468
2025-06-30T19:27:00,338,78.9,20,0.493
2025-06-30T19:30:00,335,78.4,19,0.47426
2025-06-30T19:33:00,335,77.8,20,0.5187
2025-06-30T19:36:00,334,78.1,20,0.51169
2025-06-30T19:39:00,334,78.4,20,0.50468
2025-06-30T19:42:00,335,79.1,19,0.45889
2025-06-30T19:45:00,333,78.3,19,0.47646
2025-06-30T19:48:00,331,78.5,19,0.47207
2025-06-30T19:51:00,333,78.5,19,0.47207
2025-06-30T19:54:00,331,78.5,20,0.50234
2025-06-30T19:57:00,330,79.4,19,0.45231
2025-06-30T20:00:00,331,80.5,19,0.42815
2025-06-30T20:03:00,10,80.1,19,0.43694
2025-06-30T20:06:00,10,80.8,19,0.42157
2025-06-30T20:09:00,10,79.9,19,0.44133
2025-06-30T20:12:00,9,80.3,19,0.43254
2025-06-30T20:15:00,0,80.1,19,0.43694
2025-06-30T20:18:00,0,81.1,19,0.41498
2025-06-30T20:21:00,0,80.9,19,0.41937
2025-06-30T20:24:00,0,80.8,19,0.42157
2025-06-30T20:27:00,0,81.5,19,0.4062
2025-06-30T20:30:00,0,81.6,19,0.404
2025-06-30T20:33:00,0,81.9,19,0.39741
2025-06-30T20:36:00,0,82.1,19,0.39302
2025-06-30T20:39:00,11,81.7,19,0.40181
2025-06-30T20:42:00,11,81.4,19,0.40839
2025-06-30T20:45:00,10,81.6,19,0.404
2025-06-30T20:48:00,10,82,19,0.39522
2025-06-30T20:51:00,10,82.9,19,0.37546
2025-06-30T20:54:00,9,82.8,19,0.37765
2025-06-30T20:57:00,9,82.8,19,0.37765
2025-06-30T21:00:00,0,82.6,19,0.38204
2025-06-30T21:03:00,0,82.3,19,0.38863
2025-06-30T21:06:00,0,83.2,18,0.34647
2025-06-30T21:09:00,0,82.9,18,0.35266
2025-06-30T21:12:00,0,82.7,18,0.35678
2025-06-30T21:15:00,0,83.1,18,0.34853
2025-06-30T21:18:00,0,82.7,18,0.35678
2025-06-30T21:21:00,0,82.5,18,0.36091
2025-06-30T21:24:00,0,82.9,18,0.35266
2025-06-30T21:27:00,0,82.9,18,0.35266
2025-06-30T21:30:00,0,83.2,18,0.34647
2025-06-30T21:33:00,0,84,18,0.32997
2025-06-30T21:36:00,0,84.1,18,0.32791
2025-06-30T21:39:00,0,83.7,18,0.33616
2025-06-30T21:42:00,0,83.8,18,0.3341
2025-06-30T21:45:00,0,83.6,18,0.33822
2025-06-30T21:48:00,0,84.3,18,0.32379
2025-06-30T21:51:00,0,84.4,18,0.32172
2025-06-30T21:54:00,0,84.6,18,0.3176
2025-06-30T21:57:00,0,84.9,18,0.31141
2025-06-30T22:00:00,0,84.7,18,0.31554
2025-06-30T22:03:00,0,85.4,18,0.3011
2025-06-30T22:06:00,0,85.2,18,0.30523
2025-06-30T22:09:00,0,85.9,18,0.29079
2025-06-30T22:12:00,0,86,18,0.28873
2025-06-30T22:15:00,0,85.1,18,0.30729
2025-06-30T22:18:00,0,86.2,18,0.2846
2025-06-30T22:21:00,0,86.2,18,0.2846
2025-06-30T22:24:00,0,85.8,18,0.29285
2025-06-30T22:27:00,0,85.4,18,0.3011
2025-06-30T22:30:00,0,85,18,0.30935
2025-06-30T22:33:00,0,84.6,18,0.3176
2025-06-30T22:36:00,0,81.5,19,0.4062
2025-06-30T22:39:00,0,82.6,19,0.38204
2025-06-30T22:42:00,0,83.8,18,0.3341
2025-06-30T22:45:00,0,84,18,0.32997
2025-06-30T22:48:00,0,84,18,0.32997
2025-06-30T22:51:00,0,82.9,18,0.35266
2025-06-30T22:54:00,0,82.3,18,0.36503
2025-06-30T22:57:00,0,82,18,0.37122
2025-06-30T23:00:00,0,83.4,18,0.34235
2025-06-30T23:03:00,0,84,18,0.32997
2025-06-30T23:06:00,0,84.4,18,0.32172
2025-06-30T23:09:00,0,83.5,18,0.34028
2025-06-30T23:12:00,0,82.5,18,0.36091
2025-06-30T23:15:00,0,82.7,18,0.35678
2025-06-30T23:18:00,0,82.5,18,0.36091
2025-06-30T23:21:00,0,83.5,19,0.36228
2025-06-30T23:24:00,0,82.6,19,0.38204
2025-06-30T23:27:00,0,81.9,19,0.39741
2025-06-30T23:30:00,0,83.2,19,0.36887
2025-06-30T23:33:00,0,83.4,19,0.36448
2025-06-30T23:36:00,0,84,19,0.35131
2025-06-30T23:39:00,0,83.7,19,0.35789
2025-06-30T23:42:00,0,84.1,19,0.34911
2025-06-30T23:45:00,0,84.4,19,0.34252
2025-06-30T23:48:00,0,83.4,19,0.36448
2025-06-30T23:51:00,0,84,19,0.35131
2025-06-30T23:54:00,0,84,19,0.35131
2025-06-30T23:57:00,0,82.7,19,0.37985
2025-07-01T00:00:00,0,82.8,19,0.37765
2025-07-01T00:03:00,0,82.9,19,0.37546
2025-07-01T00:06:00,0,82.9,19,0.37546
2025-07-01T00:09:00,0,83.1,19,0.37107
2025-07-01T00:12:00,0,84.3,19,0.34472
2025-07-01T00:15:00,0,82.3,19,0.38863
2025-07-01T00:18:00,0,81.1,19,0.41498
2025-07-01T00:21:00,0,81.7,19,0.40181
2025-07-01T00:24:00,0,82.3,19,0.38863
2025-07-01T00:27:00,0,80.2,19,0.43474
2025-07-01T00:30:00,0,79.3,19,0.4545
2025-07-01T00:33:00,0,82,19,0.39522
2025-07-01T00:36:00,0,81,19,0.41717
2025-07-01T00:39:00,0,82.1,19,0.39302
2025-07-01T00:42:00,0,80.6,19,0.42596
2025-07-01T00:45:00,0,80.3,19,0.43254
2025-07-01T00:48:00,0,79.6,19,0.44791
2025-07-01T00:51:00,0,82.8,19,0.37765
2025-07-01T00:54:00,0,81.5,19,0.4062
2025-07-01T00:57:00,0,80.6,19,0.42596
2025-07-01T01:00:00,0,80,19,0.43913
2025-07-01T01:03:00,0,79.4,19,0.45231
2025-07-01T01:06:00,0,79.3,19,0.4545
2025-07-01T01:09:00,0,78.8,19,0.46548
2025-07-01T01:12:00,0,78.8,19,0.46548
2025-07-01T01:15:00,0,78.6,19,0.46987
2025-07-01T01:18:00,0,78.6,19,0.46987
2025-07-01T01:21:00,0,78.4,19,0.47426
2025-07-01T01:24:00,0,78.2,19,0.47865
2025-07-01T01:27:00,0,78.2,19,0.47865
2025-07-01T01:30:00,0,77.8,19,0.48744
2025-07-01T01:33:00,0,77.9,19,0.48524
2025-07-01T01:36:00,0,78,19,0.48304
2025-07-01T01:39:00,0,77.5,19,0.49402
2025-07-01T01:42:00,0,77.7,19,0.48963
2025-07-01T01:45:00,0,77.6,19,0.49183
2025-07-01T01:48:00,0,77.3,19,0.49841
2025-07-01T01:51:00,0,77.4,19,0.49622
2025-07-01T01:54:00,0,77.2,19,0.50061
2025-07-01T01:57:00,0,77.1,19,0.50281
2025-07-01T02:00:00,0,77.3,19,0.49841
2025-07-01T02:03:00,0,77.4,19,0.49622
2025-07-01T02:06:00,0,78,19,0.48304
2025-07-01T02:09:00,0,78.6,19,0.46987
2025-07-01T02:12:00,0,78.5,19,0.47207
2025-07-01T02:15:00,0,78.9,19,0.46328
2025-07-01T02:18:00,0,79.1,19,0.45889
2025-07-01T02:21:00,0,79,19,0.46109
2025-07-01T02:24:00,0,79.2,19,0.4567
2025-07-01T02:27:00,0,79.3,19,0.4545
2025-07-01T02:30:00,0,79.6,19,0.44791
2025-07-01T02:33:00,0,79.8,19,0.44352
2025-07-01T02:36:00,0,79.7,19,0.44572
2025-07-01T02:39:00,0,79.9,19,0.44133
2025-07-01T02:42:00,0,80,19,0.43913
2025-07-01T02:45:00,0,79.4,19,0.45231
2025-07-01T02:48:00,0,79.4,19,0.45231
2025-07-01T02:51:00,0,79.2,19,0.4567
2025-07-01T02:54:00,0,79,19,0.46109
2025-07-01T02:57:00,0,79,19,0.46109
2025-07-01T03:00:00,0,78.6,19,0.46987
2025-07-01T03:03:00,0,78.5,19,0.47207
2025-07-01T03:06:00,0,78.5,19,0.47207
2025-07-01T03:09:00,0,78.4,19,0.47426
2025-07-01T03:12:00,0,78.5,19,0.47207
2025-07-01T03:15:00,0,78.5,19,0.47207
2025-07-01T03:18:00,0,78.2,19,0.47865
2025-07-01T03:21:00,0,78.5,19,0.47207
2025-07-01T03:24:00,0,78.7,19,0.46768
2025-07-01T03:27:00,0,78.5,19,0.47207
2025-07-01T03:30:00,0,78.6,19,0.46987
2025-07-01T03:33:00,0,78.5,19,0.47207
2025-07-01T03:36:00,0,78.4,19,0.47426
2025-07-01T03:39:00,0,78.4,19,0.47426
2025-07-01T03:42:00,0,78.4,19,0.47426
2025-07-01T03:45:00,0,78.3,19,0.47646
2025-07-01T03:48:00,0,78.4,19,0.47426
2025-07-01T03:51:00,0,78.2,19,0.47865
2025-07-01T03:54:00,0,78.3,19,0.47646
2025-07-01T03:57:00,0,78.2,19,0.47865
2025-07-01T04:00:00,0,77.9,19,0.48524
2025-07-01T04:03:00,351,77.6,19,0.49183
2025-07-01T04:06:00,347,76.6,19,0.51378
2025-07-01T04:09:00,345,76.2,19,0.52257
2025-07-01T04:12:00,343,75.3,19,0.54233
2025-07-01T04:15:00,341,74.7,20,0.59113
2025-07-01T04:18:00,340,74,20,0.60748
2025-07-01T04:21:00,339,73.3,20,0.62384
2025-07-01T04:24:00,338,73.1,20,0.62851
2025-07-01T04:27:00,336,72.7,20,0.63786
2025-07-01T04:30:00,336,74.3,20,0.60048
2025-07-01T04:33:00,334,74.4,20,0.59814
2025-07-01T04:36:00,335,72.9,20,0.63319
2025-07-01T04:39:00,335,72.8,20,0.63552
2025-07-01T04:42:00,334,75,20,0.58412
2025-07-01T04:45:00,333,76,20,0.56076
2025-07-01T04:48:00,333,75.9,20,0.56309
2025-07-01T04:51:00,334,72.9,20,0.63319
2025-07-01T04:54:00,334,72,20,0.65421
2025-07-01T04:57:00,334,72.4,20,0.64487
2025-07-01T05:00:00,333,73.2,20,0.62618
2025-07-01T05:03:00,333,71.7,20,0.66122
2025-07-01T05:06:00,334,71.4,20,0.66823
2025-07-01T05:09:00,334,72.8,19,0.59722
2025-07-01T05:12:00,334,72.5,20,0.64253
2025-07-01T05:15:00,335,72.5,20,0.64253
2025-07-01T05:18:00,333,72.1,20,0.65188
2025-07-01T05:21:00,335,72.6,20,0.6402
2025-07-01T05:24:00,335,71.9,20,0.65655
2025-07-01T05:27:00,334,71.5,20,0.6659
2025-07-01T05:30:00,335,71.5,20,0.6659
2025-07-01T05:33:00,336,71.7,20,0.66122
2025-07-01T05:36:00,336,70.4,20,0.6916
2025-07-01T05:39:00,336,70.5,20,0.68926
2025-07-01T05:42:00,336,72,19,0.61478
2025-07-01T05:45:00,335,72,20,0.65421
2025-07-01T05:48:00,337,71.4,20,0.66823
2025-07-01T05:51:00,338,71.1,20,0.67524
2025-07-01T05:54:00,336,71.3,20,0.67057
2025-07-01T05:57:00,338,71.3,20,0.67057
2025-07-01T06:00:00,339,70.8,20,0.68225
2025-07-01T06:03:00,338,71.4,20,0.66823
2025-07-01T06:06:00,342,71.2,20,0.67291
2025-07-01T06:09:00,343,71.4,20,0.66823
2025-07-01T06:12:00,344,71,20,0.67758
2025-07-01T06:15:00,351,70.5,20,0.68926
2025-07-01T06:18:00,351,70.3,20,0.69393
2025-07-01T06:21:00,353,69.4,20,0.71496
2025-07-01T06:24:00,356,69.2,20,0.71964
2025-07-01T06:27:00,357,68.6,20,0.73365
2025-07-01T06:30:00,359,68.3,20,0.74066
2025-07-01T06:33:00,359,68,20,0.74767
2025-07-01T06:36:00,361,67.7,20,0.75468
2025-07-01T06:39:00,362,67.4,21,0.81016
2025-07-01T06:42:00,363,67.5,21,0.80767
2025-07-01T06:45:00,365,67,21,0.8201
2025-07-01T06:48:00,367,65.7,21,0.85241
2025-07-01T06:51:00,368,65.1,21,0.86732
2025-07-01T06:54:00,369,63.4,21,0.90957
2025-07-01T06:57:00,372,62.9,22,0.9802
2025-07-01T07:00:00,372,61.9,22,1.00662
2025-07-01T07:03:00,374,62.7,21,0.92696
2025-07-01T07:06:00,375,61.6,21,0.9543
2025-07-01T07:09:00,375,60.6,22,1.04097
2025-07-01T07:12:00,377,67.3,20,0.76403
2025-07-01T07:15:00,372,78.1,18,0.45165
2025-07-01T07:18:00,373,75,20,0.58412
2025-07-01T07:21:00,378,73.4,19,0.58404
2025-07-01T07:24:00,378,80.4,17,0.37949
2025-07-01T07:27:00,383,78.6,19,0.46987
2025-07-01T07:30:00,396,74.5,20,0.5958
2025-07-01T07:33:00,407,80,17,0.38723
2025-07-01T07:36:00,453,82.8,17,0.33302
2025-07-01T07:39:00,536,82.5,17,0.33883
2025-07-01T07:42:00,557,81.8,17,0.35238
2025-07-01T07:45:00,594,81.8,17,0.35238
2025-07-01T07:48:00,605,83,17,0.32915
2025-07-01T07:51:00,567,82.1,17,0.34657
2025-07-01T07:54:00,506,82.5,17,0.33883
2025-07-01T07:57:00,478,81.5,18,0.38153
2025-07-01T08:00:00,437,81.1,17,0.36593
2025-07-01T08:03:00,449,80.9,18,0.39391
2025-07-01T08:06:00,482,81.3,18,0.38566
2025-07-01T08:09:00,514,82,18,0.37122
2025-07-01T08:12:00,542,81.9,18,0.37328
2025-07-01T08:15:00,586,81.8,18,0.37534
2025-07-01T08:18:00,597,82.8,18,0.35472
2025-07-01T08:21:00,652,82.3,18,0.36503
2025-07-01T08:24:00,662,82.4,18,0.36297
2025-07-01T08:27:00,602,81.9,18,0.37328
2025-07-01T08:30:00,625,82.3,18,0.36503
2025-07-01T08:33:00,642,82.6,18,0.35885
2025-07-01T08:36:00,665,82.7,18,0.35678
2025-07-01T08:39:00,655,80.9,19,0.41937
2025-07-01T08:42:00,692,80.7,19,0.42376
2025-07-01T08:45:00,648,80.2,19,0.43474
2025-07-01T08:48:00,705,80.4,19,0.43035
2025-07-01T08:51:00,699,80.8,19,0.42157
2025-07-01T08:54:00,703,81.2,19,0.41278
2025-07-01T08:57:00,725,81.1,19,0.41498
2025-07-01T09:00:00,729,79.7,19,0.44572
2025-07-01T09:03:00,729,80,19,0.43913
2025-07-01T09:06:00,701,79.1,19,0.45889
2025-07-01T09:09:00,511,80.2,19,0.43474
2025-07-01T09:12:00,458,80,19,0.43913
2025-07-01T09:15:00,446,80.7,19,0.42376
2025-07-01T09:18:00,443,80.7,20,0.45094
2025-07-01T09:21:00,443,80.1,20,0.46496
2025-07-01T09:24:00,435,79.3,20,0.48365
2025-07-01T09:27:00,435,78.3,20,0.50702
2025-07-01T09:30:00,432,78.3,19,0.47646
2025-07-01T09:33:00,434,77.2,20,0.53272
2025-07-01T09:36:00,1018,78.2,19,0.47865
2025-07-01T09:39:00,1276,78.4,20,0.50468
2025-07-01T09:42:00,1327,76.5,20,0.54907
2025-07-01T09:45:00,1322,75.5,20,0.57244
2025-07-01T09:48:00,723,77.5,20,0.52571
2025-07-01T09:51:00,600,77.2,20,0.53272
2025-07-01T09:54:00,1427,78.8,20,0.49533
2025-07-01T09:57:00,1482,76.6,20,0.54674
2025-07-01T10:00:00,473,75.9,20,0.56309
2025-07-01T10:03:00,528,76.2,20,0.55608
2025-07-01T10:06:00,495,76.8,20,0.54206
2025-07-01T10:09:00,538,76.8,20,0.54206
2025-07-01T10:12:00,470,75.4,20,0.57477
2025-07-01T10:15:00,433,77.7,20,0.52103
2025-07-01T10:18:00,348,76.4,20,0.55141
2025-07-01T10:21:00,446,76,19,0.52696
2025-07-01T10:24:00,471,75.4,20,0.57477
2025-07-01T10:27:00,487,76,20,0.56076
2025-07-01T10:30:00,490,74.4,20,0.59814
2025-07-01T10:33:00,468,75.1,19,0.54672
2025-07-01T10:36:00,460,76.5,20,0.54907
2025-07-01T10:39:00,453,74.2,20,0.60281
2025-07-01T10:42:00,449,74.1,19,0.56868
2025-07-01T10:45:00,448,74.6,19,0.5577
2025-07-01T10:48:00,447,73.9,20,0.60982
2025-07-01T10:51:00,449,75,20,0.58412
2025-07-01T10:54:00,451,75.5,20,0.57244
2025-07-01T10:57:00,452,75.4,20,0.57477
2025-07-01T11:00:00,452,74.8,20,0.58879
2025-07-01T11:03:00,449,73.8,20,0.61216
2025-07-01T11:06:00,449,72.9,20,0.63319
2025-07-01T11:09:00,451,76.7,20,0.5444
2025-07-01T11:12:00,477,75.2,20,0.57945
2025-07-01T11:15:00,498,74.6,20,0.59347
2025-07-01T11:18:00,449,74.4,20,0.59814
2025-07-01T11:21:00,445,74.2,20,0.60281
2025-07-01T11:24:00,448,74.7,20,0.59113
2025-07-01T11:27:00,513,73.5,21,0.65857
2025-07-01T11:30:00,500,75,20,0.58412
2025-07-01T11:33:00,470,74.9,20,0.58646
2025-07-01T11:36:00,467,73.7,20,0.61449
2025-07-01T11:39:00,446,72.2,20,0.64954
2025-07-01T11:42:00,389,72.9,20,0.63319
2025-07-01T11:45:00,402,72.8,20,0.63552
2025-07-01T11:48:00,384,71.8,19,0.61918
2025-07-01T11:51:00,378,74.4,19,0.56209
2025-07-01T11:54:00,379,75,19,0.54891
2025-07-01T11:57:00,390,74.8,20,0.58879
2025-07-01T12:00:00,366,74.5,20,0.5958
2025-07-01T12:03:00,374,75.4,20,0.57477
2025-07-01T12:06:00,394,77,20,0.53739
2025-07-01T12:09:00,424,76.3,20,0.55375
2025-07-01T12:12:00,446,75.5,20,0.57244
2025-07-01T12:15:00,413,74.6,20,0.59347
2025-07-01T12:18:00,391,75.4,20,0.57477
2025-07-01T12:21:00,435,75.3,20,0.57711
2025-07-01T12:24:00,436,74.7,20,0.59113
2025-07-01T12:27:00,441,75.5,20,0.57244
2025-07-01T12:30:00,409,75.8,20,0.56543
2025-07-01T12:33:00,425,75,20,0.58412
2025-07-01T12:36:00,432,72.8,20,0.63552
2025-07-01T12:39:00,432,72.9,20,0.63319
2025-07-01T12:42:00,435,71.7,20,0.66122
2025-07-01T12:45:00,430,73.9,20,0.60982
2025-07-01T12:48:00,430,75,20,0.58412
2025-07-01T12:51:00,428,75,20,0.58412
2025-07-01T12:54:00,427,73.9,20,0.60982
2025-07-01T12:57:00,429,73.3,21,0.66354
2025-07-01T13:00:00,428,72.8,20,0.63552
2025-07-01T13:03:00,427,72.5,20,0.64253
2025-07-01T13:06:00,427,72.7,20,0.63786
2025-07-01T13:09:00,427,73.3,20,0.62384
2025-07-01T13:12:00,427,72.1,20,0.65188
2025-07-01T13:15:00,425,73.1,20,0.62851
2025-07-01T13:18:00,426,73.8,20,0.61216
2025-07-01T13:21:00,427,71.7,20,0.66122
2025-07-01T13:24:00,428,72.2,20,0.64954
2025-07-01T13:27:00,430,73,20,0.63085
2025-07-01T13:30:00,429,74,20,0.60748
2025-07-01T13:33:00,430,71.9,20,0.65655
2025-07-01T13:36:00,429,74,20,0.60748
2025-07-01T13:39:00,430,73.2,21,0.66602
2025-07-01T13:42:00,433,73.3,21,0.66354
2025-07-01T13:45:00,433,72.8,21,0.67596
2025-07-01T13:48:00,432,73.7,20,0.61449
2025-07-01T13:51:00,429,74.9,20,0.58646
2025-07-01T13:54:00,429,73.8,20,0.61216
2025-07-01T13:57:00,430,72.9,21,0.67348
2025-07-01T14:00:00,430,73.8,21,0.65111
2025-07-01T14:03:00,434,73.8,21,0.65111
2025-07-01T14:06:00,433,73.5,21,0.65857
2025-07-01T14:09:00,432,74.3,21,0.63868
2025-07-01T14:12:00,435,74.8,21,0.62626
2025-07-01T14:15:00,435,72,21,0.69584
2025-07-01T14:18:00,439,70.5,21,0.73312
2025-07-01T14:21:00,444,71.3,20,0.67057
2025-07-01T14:24:00,446,72.4,21,0.6859
2025-07-01T14:27:00,456,72.4,21,0.6859
2025-07-01T14:30:00,448,71.2,21,0.71572
2025-07-01T14:33:00,440,70.7,21,0.72815
2025-07-01T14:36:00,441,71.6,20,0.66356
2025-07-01T14:39:00,600,72,21,0.69584
2025-07-01T14:42:00,443,70.7,21,0.72815
2025-07-01T14:45:00,449,72.4,21,0.6859
2025-07-01T14:48:00,457,72.3,21,0.68839
2025-07-01T14:51:00,440,71.5,21,0.70827
2025-07-01T14:54:00,438,72.1,21,0.69336
2025-07-01T14:57:00,437,70.4,21,0.73561
2025-07-01T15:00:00,435,71,21,0.72069
2025-07-01T15:03:00,437,72.3,21,0.68839
2025-07-01T15:06:00,436,71.2,21,0.71572
2025-07-01T15:09:00,436,72.1,21,0.69336
2025-07-01T15:12:00,436,71.4,21,0.71075
2025-07-01T15:15:00,435,70.7,20,0.68459
2025-07-01T15:18:00,433,71.9,20,0.65655
2025-07-01T15:21:00,435,71.1,20,0.67524
2025-07-01T15:24:00,435,73.1,20,0.62851
2025-07-01T15:27:00,436,71.7,20,0.66122
2025-07-01T15:30:00,438,70.5,21,0.73312
2025-07-01T15:33:00,438,70.6,21,0.73064
2025-07-01T15:36:00,444,70.7,21,0.72815
2025-07-01T15:39:00,443,68.3,20,0.74066
2025-07-01T15:42:00,445,69.6,20,0.71029
2025-07-01T15:45:00,477,68.3,20,0.74066
2025-07-01T15:48:00,500,70.6,20,0.68692
2025-07-01T15:51:00,500,71,21,0.72069
2025-07-01T15:54:00,582,69.6,20,0.71029
2025-07-01T15:57:00,545,70.2,20,0.69627
2025-07-01T16:00:00,495,71.2,21,0.71572
2025-07-01T16:03:00,449,71.3,21,0.71324
2025-07-01T16:06:00,446,72,21,0.69584
2025-07-01T16:09:00,477,70.5,20,0.68926
2025-07-01T16:12:00,482,72.9,21,0.67348
2025-07-01T16:15:00,539,72,21,0.69584
2025-07-01T16:18:00,546,71.6,21,0.70578
2025-07-01T16:21:00,558,73.7,20,0.61449
2025-07-01T16:24:00,455,73.9,21,0.64863
2025-07-01T16:27:00,441,71.7,21,0.7033
2025-07-01T16:30:00,458,73.1,21,0.66851
2025-07-01T16:33:00,491,75.1,20,0.58178
2025-07-01T16:36:00,478,72.4,21,0.6859
2025-07-01T16:39:00,457,71.3,21,0.71324
2025-07-01T16:42:00,486,71.9,20,0.65655
2025-07-01T16:45:00,504,73.7,20,0.61449
2025-07-01T16:48:00,471,73.1,21,0.66851
2025-07-01T16:51:00,435,74,21,0.64614
2025-07-01T16:54:00,416,72.1,21,0.69336
2025-07-01T16:57:00,417,71.8,21,0.70081
2025-07-01T17:00:00,418,71,21,0.72069
2025-07-01T17:03:00,416,71.8,21,0.70081
2025-07-01T17:06:00,413,73.2,21,0.66602
2025-07-01T17:09:00,409,72.9,21,0.67348
2025-07-01T17:12:00,406,72.8,21,0.67596
2025-07-01T17:15:00,402,71.5,20,0.6659
2025-07-01T17:18:00,400,71.4,20,0.66823
2025-07-01T17:21:00,402,72,20,0.65421
2025-07-01T17:24:00,400,71.3,20,0.67057
2025-07-01T17:27:00,426,73.3,20,0.62384
2025-07-01T17:30:00,413,74.3,20,0.60048
2025-07-01T17:33:00,413,74.1,20,0.60515
2025-07-01T17:36:00,496,73.1,20,0.62851
2025-07-01T17:39:00,447,72.2,20,0.64954
2025-07-01T17:42:00,409,75.6,20,0.5701
2025-07-01T17:45:00,406,72.6,20,0.6402
2025-07-01T17:48:00,455,73.1,20,0.62851
2025-07-01T17:51:00,513.5,72.3,20,0.6472
2025-07-01T17:54:00,572,71.5,20,0.6659
2025-07-01T17:57:00,452,72.1,20,0.65188
2025-07-01T18:00:00,461,72.3,21,0.68839
2025-07-01T18:03:00,512,73.1,21,0.66851
2025-07-01T18:06:00,579,74.1,21,0.64365
2025-07-01T18:09:00,584,73.2,21,0.66602
2025-07-01T18:12:00,505,72.9,21,0.67348
2025-07-01T18:15:00,397,74.2,21,0.64117
2025-07-01T18:18:00,450,73.1,20,0.62851
2025-07-01T18:21:00,389,74.2,20,0.60281
2025-07-01T18:24:00,384,73,20,0.63085
2025-07-01T18:27:00,385,74,21,0.64614
2025-07-01T18:30:00,449,74.4,21,0.6362
2025-07-01T18:33:00,530,74.5,20,0.5958
2025-07-01T18:36:00,536,73.9,20,0.60982
2025-07-01T18:39:00,507,73.5,20,0.61917
2025-07-01T18:42:00,374,75.7,20,0.56776
2025-07-01T18:45:00,363,74.8,20,0.58879
2025-07-01T18:48:00,358,74.6,20,0.59347
2025-07-01T18:51:00,355,77,20,0.53739
2025-07-01T18:54:00,353,75,20,0.58412
2025-07-01T18:57:00,350,76.5,20,0.54907
2025-07-01T19:00:00,350,75.8,20,0.56543
2025-07-01T19:03:00,350,75.4,20,0.57477
2025-07-01T19:06:00,348,75.8,20,0.56543
2025-07-01T19:09:00,348,75.9,20,0.56309
2025-07-01T19:12:00,345,76.9,20,0.53973
2025-07-01T19:15:00,344,76.2,20,0.55608
2025-07-01T19:18:00,342,76.3,20,0.55375
2025-07-01T19:21:00,341,78,20,0.51403
2025-07-01T19:24:00,339,80,20,0.4673
2025-07-01T19:27:00,337,77,20,0.53739
2025-07-01T19:30:00,334,77,20,0.53739
2025-07-01T19:33:00,334,78,19,0.48304
2025-07-01T19:36:00,332,77.9,20,0.51636
2025-07-01T19:39:00,328,79.8,20,0.47197
2025-07-01T19:42:00,328,77.6,19,0.49183
2025-07-01T19:45:00,328,78.7,19,0.46768
2025-07-01T19:48:00,327,78.5,19,0.47207
2025-07-01T19:51:00,328,78.7,19,0.46768
2025-07-01T19:54:00,328,79.1,19,0.45889
2025-07-01T19:57:00,329,80.4,19,0.43035
2025-07-01T20:00:00,328,78.9,19,0.46328
2025-07-01T20:03:00,10,80.5,19,0.42815
2025-07-01T20:06:00,10,80.4,19,0.43035
2025-07-01T20:09:00,10,79.8,19,0.44352
2025-07-01T20:12:00,10,80.6,19,0.42596
2025-07-01T20:15:00,9,80.6,19,0.42596
2025-07-01T20:18:00,9,80.6,19,0.42596
2025-07-01T20:21:00,13,81.2,19,0.41278
2025-07-01T20:24:00,16,81.1,19,0.41498
2025-07-01T20:27:00,15,81.3,19,0.41059
2025-07-01T20:30:00,13,81.2,19,0.41278
2025-07-01T20:33:00,13,81.6,19,0.404
2025-07-01T20:36:00,12,81.8,19,0.39961
2025-07-01T20:39:00,12,82.8,19,0.37765
2025-07-01T20:42:00,10,84,19,0.35131
2025-07-01T20:45:00,10,83.9,19,0.3535
2025-07-01T20:48:00,9,82.6,19,0.38204
2025-07-01T20:51:00,0,82.1,19,0.39302
2025-07-01T20:54:00,0,83,19,0.37326
2025-07-01T20:57:00,0,83.4,19,0.36448
2025-07-01T21:00:00,0,84.3,18,0.32379
2025-07-01T21:03:00,0,83.9,18,0.33204
2025-07-01T21:06:00,0,84.8,18,0.31347
2025-07-01T21:09:00,0,85.1,18,0.30729
2025-07-01T21:12:00,0,84.6,19,0.33813
2025-07-01T21:15:00,0,84.1,18,0.32791
2025-07-01T21:18:00,0,84.4,18,0.32172
2025-07-01T21:21:00,0,85.7,18,0.29491
2025-07-01T21:24:00,0,86.7,18,0.27429
2025-07-01T21:27:00,0,86.3,18,0.28254
2025-07-01T21:30:00,0,87,18,0.2681
2025-07-01T21:33:00,0,86.5,18,0.27841
2025-07-01T21:36:00,0,86.3,18,0.28254
2025-07-01T21:39:00,0,86.4,18,0.28048
2025-07-01T21:42:00,0,86.6,18,0.27635
2025-07-01T21:45:00,0,86.6,18,0.27635
2025-07-01T21:48:00,0,86.4,18,0.28048
2025-07-01T21:51:00,0,86.1,18,0.28666
2025-07-01T21:54:00,0,86.6,18,0.27635
2025-07-01T21:57:00,0,86.4,18,0.28048
2025-07-01T22:00:00,0,86.1,18,0.28666
2025-07-01T22:03:00,0,87.1,18,0.26604
2025-07-01T22:06:00,0,87.5,18,0.25779
2025-07-01T22:09:00,0,87.3,18,0.26192
2025-07-01T22:12:00,0,87.1,18,0.26604
2025-07-01T22:15:00,0,87,18,0.2681
2025-07-01T22:18:00,0,86.6,18,0.27635
2025-07-01T22:21:00,0,87.6,18,0.25573
2025-07-01T22:24:00,0,87.7,18,0.25367
2025-07-01T22:27:00,0,87.1,18,0.26604
2025-07-01T22:30:00,0,88.2,18,0.24336
2025-07-01T22:33:00,0,88,18,0.24748
2025-07-01T22:36:00,0,87.3,18,0.26192
2025-07-01T22:39:00,0,88.1,18,0.24542
2025-07-01T22:42:00,0,88.1,18,0.24542
2025-07-01T22:45:00,0,87.3,18,0.26192
2025-07-01T22:48:00,0,87.3,18,0.26192
2025-07-01T22:51:00,0,87,18,0.2681
2025-07-01T22:54:00,0,86.9,18,0.27017
2025-07-01T22:57:00,0,86.9,18,0.27017
2025-07-01T23:00:00,0,86.4,18,0.28048
2025-07-01T23:03:00,0,85.8,18,0.29285
2025-07-01T23:06:00,0,85.75,18.5,0.30325
2025-07-01T23:09:00,0,85.7,19,0.31398
2025-07-01T23:12:00,0,86.6,19,0.29422
2025-07-01T23:15:00,0,87,19,0.28544
2025-07-01T23:18:00,0,87.1,19,0.28324
2025-07-01T23:21:00,0,86.4,19,0.29861
2025-07-01T23:24:00,0,84.8,19,0.33374
2025-07-01T23:27:00,0,84.4,19,0.34252
2025-07-01T23:30:00,0,85.2,19,0.32496
2025-07-01T23:33:00,0,85.8,19,0.31178
2025-07-01T23:36:00,0,86.5,19,0.29641
2025-07-01T23:39:00,0,87,19,0.28544
2025-07-01T23:42:00,0,85.6,19,0.31617
2025-07-01T23:45:00,0,85.2,19,0.32496
2025-07-01T23:48:00,0,84.7,19,0.33594
2025-07-01T23:51:00,0,85.6,19,0.31617
2025-07-01T23:54:00,0,85.8,19,0.31178
2025-07-01T23:57:00,0,85.3,19,0.32276
2025-07-02T00:00:00,0,84.9,19,0.33154
2025-07-02T00:03:00,0,84.1,19,0.34911
2025-07-02T00:06:00,0,84.7,19,0.33594
2025-07-02T00:09:00,0,82.9,19,0.37546
2025-07-02T00:12:00,0,82.7,19,0.37985
2025-07-02T00:15:00,0,83.4,19,0.36448
2025-07-02T00:18:00,0,83.7,19,0.35789
2025-07-02T00:21:00,0,84,19,0.35131
2025-07-02T00:24:00,0,83,19,0.37326
2025-07-02T00:27:00,0,82.1,19,0.39302
2025-07-02T00:30:00,0,82.7,19,0.37985
2025-07-02T00:33:00,0,83.3,19,0.36667
2025-07-02T00:36:00,0,83.3,19,0.36667
2025-07-02T00:39:00,0,83.1,19,0.37107
2025-07-02T00:42:00,0,82.5,19,0.38424
2025-07-02T00:45:00,0,81.9,19,0.39741
2025-07-02T00:48:00,0,84.7,19,0.33594
2025-07-02T00:51:00,0,82.8,19,0.37765
2025-07-02T00:54:00,0,80.9,19,0.41937
2025-07-02T00:57:00,0,79.6,19,0.44791
2025-07-02T01:00:00,0,80.3,19,0.43254
2025-07-02T01:03:00,0,81.5,19,0.4062
2025-07-02T01:06:00,0,80.6,19,0.42596
2025-07-02T01:09:00,0,79.9,19,0.44133
2025-07-02T01:12:00,0,79.6,19,0.44791
2025-07-02T01:15:00,0,79.7,19,0.44572
2025-07-02T01:18:00,0,83.3,19,0.36667
2025-07-02T01:21:00,0,82.2,19,0.39083
2025-07-02T01:24:00,0,81.1,19,0.41498
2025-07-02T01:27:00,0,80.8,19,0.42157
2025-07-02T01:30:00,0,80.2,19,0.43474
2025-07-02T01:33:00,0,82.9,19,0.37546
2025-07-02T01:36:00,0,81.4,19,0.40839
2025-07-02T01:39:00,0,80.7,19,0.42376
2025-07-02T01:42:00,0,79.8,19,0.44352
2025-07-02T01:45:00,0,79.8,19,0.44352
2025-07-02T01:48:00,0,79.3,19,0.4545
2025-07-02T01:51:00,0,82.6,19,0.38204
2025-07-02T01:54:00,0,81.1,19,0.41498
2025-07-02T01:57:00,0,80.3,19,0.43254
2025-07-02T02:00:00,0,79.8,19,0.44352
2025-07-02T02:03:00,0,79.8,19,0.44352
2025-07-02T02:06:00,0,81.5,19,0.4062
2025-07-02T02:09:00,0,82.4,19,0.38644
2025-07-02T02:12:00,0,81.4,19,0.40839
2025-07-02T02:15:00,0,81.2,19,0.41278
2025-07-02T02:18:00,0,80.9,19,0.41937
2025-07-02T02:21:00,0,81.1,19,0.41498
2025-07-02T02:24:00,0,80.8,19,0.42157
2025-07-02T02:27:00,0,81.1,19,0.41498
2025-07-02T02:30:00,0,80.8,19,0.42157
2025-07-02T02:33:00,0,81.1,19,0.41498
2025-07-02T02:36:00,0,80.7,19,0.42376
2025-07-02T02:39:00,0,81.1,19,0.41498
2025-07-02T02:42:00,0,80.8,19,0.42157
2025-07-02T02:45:00,0,80.9,19,0.41937
2025-07-02T02:48:00,0,80.7,19,0.42376
2025-07-02T02:51:00,0,80.8,19,0.42157
2025-07-02T02:54:00,0,80.7,19,0.42376
2025-07-02T02:57:00,0,80.6,19,0.42596
2025-07-02T03:00:00,0,80.7,19,0.42376
2025-07-02T03:03:00,0,80.5,19,0.42815
2025-07-02T03:06:00,0,80.7,19,0.42376
2025-07-02T03:09:00,0,80.3,19,0.43254
2025-07-02T03:12:00,0,80.6,19,0.42596
2025-07-02T03:15:00,0,80.3,19,0.43254
2025-07-02T03:18:00,0,80.4,19,0.43035
2025-07-02T03:21:00,0,80.3,19,0.43254
2025-07-02T03:24:00,0,80.4,19,0.43035
2025-07-02T03:27:00,0,80.4,19,0.43035
2025-07-02T03:30:00,0,80.2,19,0.43474
2025-07-02T03:33:00,0,80.5,19,0.42815
2025-07-02T03:36:00,0,80.2,19,0.43474
2025-07-02T03:39:00,0,80.2,19,0.43474
2025-07-02T03:42:00,0,80.2,19,0.43474
2025-07-02T03:45:00,0,79.8,19,0.44352
2025-07-02T03:48:00,0,79.8,19,0.44352
2025-07-02T03:51:00,0,79.3,19,0.4545
2025-07-02T03:54:00,0,79.2,19,0.4567
2025-07-02T03:57:00,0,79.3,19,0.4545
2025-07-02T04:00:00,311,78.9,19,0.46328
2025-07-02T04:03:00,350,78.6,19,0.46987
2025-07-02T04:06:00,346,77.6,19,0.49183
2025-07-02T04:09:00,345,76.8,19,0.50939
2025-07-02T04:12:00,343.5,76.3,19.5,0.53683
2025-07-02T04:15:00,342,75.8,20,0.56543
2025-07-02T04:18:00,340,75.3,20,0.57711
2025-07-02T04:21:00,339,75.1,20,0.58178
2025-07-02T04:24:00,336,77.2,20,0.53272
2025-07-02T04:27:00,336,77.5,20,0.52571
2025-07-02T04:30:00,336,77.5,20,0.52571
2025-07-02T04:33:00,336,74.6,20,0.59347
2025-07-02T04:36:00,335,72.8,20,0.63552
2025-07-02T04:39:00,335,72.1,20,0.65188
2025-07-02T04:42:00,335,73.1,20,0.62851
2025-07-02T04:45:00,334,73.6,20,0.61683
2025-07-02T04:48:00,334,73.6,20,0.61683
2025-07-02T04:51:00,333,72,20,0.65421
2025-07-02T04:54:00,333,71.9,20,0.65655
2025-07-02T04:57:00,332,72.3,20,0.6472
2025-07-02T05:00:00,332,72.2,20,0.64954
2025-07-02T05:03:00,334,72,20,0.65421
2025-07-02T05:06:00,333,71.7,20,0.66122
2025-07-02T05:09:00,333,71.9,19,0.61698
2025-07-02T05:12:00,334,72.3,20,0.6472
2025-07-02T05:15:00,333,71.7,20,0.66122
2025-07-02T05:18:00,334,71.2,20,0.67291
2025-07-02T05:21:00,334,71,20,0.67758
2025-07-02T05:24:00,335,70.9,20,0.67992
2025-07-02T05:27:00,336,70.7,20,0.68459
2025-07-02T05:30:00,336,70.7,20,0.68459
2025-07-02T05:33:00,336,70.7,20,0.68459
2025-07-02T05:36:00,336,70.1,20,0.69861
2025-07-02T05:39:00,336,69.5,20,0.71263
2025-07-02T05:42:00,336,69.7,20,0.70795
2025-07-02T05:45:00,336,69.9,20,0.70328
2025-07-02T05:48:00,337,69.1,20,0.72197
2025-07-02T05:51:00,336,69.3,20,0.7173
2025-07-02T05:54:00,336,69,20,0.72431
2025-07-02T05:57:00,339,68.2,20,0.743
2025-07-02T06:00:00,339,67.7,20,0.75468
2025-07-02T06:03:00,340,67.6,20,0.75702
2025-07-02T06:06:00,341,67.2,20,0.76637
2025-07-02T06:09:00,341,67.4,20,0.76169
2025-07-02T06:12:00,347,67,20,0.77104
2025-07-02T06:15:00,348,66.4,20,0.78506
2025-07-02T06:18:00,350,65.8,20,0.79908
2025-07-02T06:21:00,352,65,20,0.81777
2025-07-02T06:24:00,354,64.4,20,0.83179
2025-07-02T06:27:00,357,63.9,20,0.84347
2025-07-02T06:30:00,356,63.7,20,0.84814
2025-07-02T06:33:00,357,63.4,20,0.85515
2025-07-02T06:36:00,358,63,21,0.91951
2025-07-02T06:39:00,359,62.1,21,0.94187
2025-07-02T06:42:00,361,61.7,21,0.95181
2025-07-02T06:45:00,365,60.9,21,0.97169
2025-07-02T06:48:00,366,60.3,21,0.98661
2025-07-02T06:51:00,367,60.3,21,0.98661
2025-07-02T06:54:00,369,59.9,21,0.99655
2025-07-02T06:57:00,369,60.1,21,0.99158
2025-07-02T07:00:00,370,58.9,22,1.08588
2025-07-02T07:03:00,372,58.1,22,1.10702
2025-07-02T07:06:00,374,64,21,0.89466
2025-07-02T07:09:00,370,76.5,19,0.51598
2025-07-02T07:12:00,371,73.6,20,0.61683
2025-07-02T07:15:00,373,72,21,0.69584
2025-07-02T07:18:00,373,76.7,18,0.48052
2025-07-02T07:21:00,372,80,18,0.41247
2025-07-02T07:24:00,379,75.8,20,0.56543
2025-07-02T07:27:00,385,77.8,18,0.45784
2025-07-02T07:30:00,393,81.1,17,0.36593
2025-07-02T07:33:00,406,81.2,17,0.364
2025-07-02T07:36:00,462,81.7,17,0.35432
2025-07-02T07:39:00,545,82.3,17,0.3427
2025-07-02T07:42:00,565,82.2,17,0.34464
2025-07-02T07:45:00,598,82.2,17,0.34464
2025-07-02T07:48:00,608,81.4,17,0.36013
2025-07-02T07:51:00,566,80.7,18,0.39803
2025-07-02T07:54:00,506,81.3,18,0.38566
2025-07-02T07:57:00,484,81.1,18,0.38978
2025-07-02T08:00:00,443,82.5,17,0.33883
2025-07-02T08:03:00,449,83.7,17,0.31559
2025-07-02T08:06:00,481,82.7,17,0.33496
2025-07-02T08:09:00,523,83.7,17,0.31559
2025-07-02T08:12:00,550,84,18,0.32997
2025-07-02T08:15:00,589,83.9,18,0.33204
2025-07-02T08:18:00,600,83,18,0.3506
2025-07-02T08:21:00,652,83.2,18,0.34647
2025-07-02T08:24:00,657,82.9,18,0.35266
2025-07-02T08:27:00,593,83,18,0.3506
2025-07-02T08:30:00,623,82.6,18,0.35885
2025-07-02T08:33:00,641,83.3,18,0.34441
2025-07-02T08:36:00,668,82,19,0.39522
2025-07-02T08:39:00,652,81.5,19,0.4062
2025-07-02T08:42:00,695,81.2,19,0.41278
2025-07-02T08:45:00,652,81.9,19,0.39741
2025-07-02T08:48:00,701,81.8,19,0.39961
2025-07-02T08:51:00,691,81.4,19,0.40839
2025-07-02T08:54:00,681,81,19,0.41717
2025-07-02T08:57:00,726,81.7,19,0.40181
2025-07-02T09:00:00,712,81,19,0.41717
2025-07-02T09:03:00,735,80.8,20,0.4486
2025-07-02T09:06:00,739,80.8,19,0.42157
2025-07-02T09:09:00,566,81.2,19,0.41278
2025-07-02T09:12:00,465,80.4,20,0.45795
2025-07-02T09:15:00,446,80.8,20,0.4486
2025-07-02T09:18:00,438,79.9,20,0.46963
2025-07-02T09:21:00,436,81,20,0.44393
2025-07-02T09:24:00,432,81.3,20,0.43692
2025-07-02T09:27:00,432,80.5,20,0.45561
2025-07-02T09:30:00,432,80,20,0.4673
2025-07-02T09:33:00,433,80.1,20,0.46496
2025-07-02T09:36:00,667,80.3,20,0.46029
2025-07-02T09:39:00,1235,80.3,21,0.48958
2025-07-02T09:42:00,1282,79.8,21,0.502
2025-07-02T09:45:00,1290,79.5,21,0.50946
2025-07-02T09:48:00,726,79.7,21,0.50449
2025-07-02T09:51:00,558,78.9,21,0.52437
2025-07-02T09:54:00,1373,78.1,21,0.54425
2025-07-02T09:57:00,1421,78.8,21,0.52685
2025-07-02T10:00:00,1309,78.2,21,0.54176
2025-07-02T10:03:00,1449,77.7,21,0.55419
2025-07-02T10:06:00,1477,77,21,0.57159
2025-07-02T10:09:00,1466,78,21,0.54673
2025-07-02T10:12:00,800,77.8,21,0.5517
2025-07-02T10:15:00,451,76.9,21,0.57407
2025-07-02T10:18:00,490,77.4,21,0.56164
2025-07-02T10:21:00,507,78,21,0.54673
2025-07-02T10:24:00,486,76.9,20,0.53973
2025-07-02T10:27:00,460,78.3,20,0.50702
2025-07-02T10:30:00,471,77.6,20,0.52337
2025-07-02T10:33:00,454,77.8,21,0.5517
2025-07-02T10:36:00,447,79.7,21,0.50449
2025-07-02T10:39:00,445,78.5,21,0.53431
2025-07-02T10:42:00,443,77.7,21,0.55419
2025-07-02T10:45:00,440,77.5,21,0.55916
2025-07-02T10:48:00,441,76.2,21,0.59147
2025-07-02T10:51:00,441,76,21,0.59644
2025-07-02T10:54:00,442,75.6,21,0.60638
2025-07-02T10:57:00,442,75.9,21,0.59892
2025-07-02T11:00:00,441,75.2,21,0.61632
2025-07-02T11:03:00,441,75.3,21,0.61383
2025-07-02T11:06:00,442,74.6,22,0.67108
2025-07-02T11:09:00,445,73.9,22,0.68957
2025-07-02T11:12:00,467,73.5,21,0.65857
2025-07-02T11:15:00,486,74.9,21,0.62377
2025-07-02T11:18:00,444,75.2,21,0.61632
2025-07-02T11:21:00,442,75.4,21,0.61135
2025-07-02T11:24:00,442,76,21,0.59644
2025-07-02T11:27:00,489,73.5,22,0.70014
2025-07-02T11:30:00,471,72.9,22,0.71599
2025-07-02T11:33:00,447,72.7,21,0.67845
2025-07-02T11:36:00,442,74.3,22,0.67901
2025-07-02T11:39:00,441,74.1,22,0.68429
2025-07-02T11:42:00,439,73.7,22,0.69486
2025-07-02T11:45:00,438,71.2,22,0.76091
2025-07-02T11:48:00,439,71.1,21,0.71821
2025-07-02T11:51:00,438,71.1,22,0.76355
2025-07-02T11:54:00,438,71.8,22,0.74506
2025-07-02T11:57:00,440,72.1,22,0.73713
2025-07-02T12:00:00,439,72.2,22,0.73449
2025-07-02T12:03:00,438,73.1,22,0.71071
2025-07-02T12:06:00,437,70.5,22,0.7794
2025-07-02T12:09:00,438,69.9,22,0.79526
2025-07-02T12:12:00,435,70.8,22,0.77148
2025-07-02T12:15:00,436,72.6,22,0.72392
2025-07-02T12:18:00,435,72.6,22,0.72392
2025-07-02T12:21:00,433,71.9,22,0.74242
2025-07-02T12:24:00,432,71.4,22,0.75563
2025-07-02T12:27:00,433,70.1,22,0.78997
2025-07-02T12:30:00,430,71.6,22,0.75034
2025-07-02T12:33:00,432,71.6,22,0.75034
2025-07-02T12:36:00,431,72.7,22,0.72128
2025-07-02T12:39:00,431,72.9,22,0.71599
2025-07-02T12:42:00,430,72.5,22,0.72656
2025-07-02T12:45:00,427,72.1,22,0.73713
2025-07-02T12:48:00,430,71.1,22,0.76355
2025-07-02T12:51:00,429,70.9,22,0.76884
2025-07-02T12:54:00,431,71.5,22,0.75298
2025-07-02T12:57:00,431,71.3,22,0.75827
2025-07-02T13:00:00,432,70.7,22,0.77412
2025-07-02T13:03:00,429,71.4,22,0.75563
2025-07-02T13:06:00,430,70.2,23,0.83665
2025-07-02T13:09:00,430,71,22,0.76619
2025-07-02T13:12:00,430,71.7,22,0.7477
2025-07-02T13:15:00,430,72.4,22,0.72921
2025-07-02T13:18:00,431,72,22,0.73977
2025-07-02T13:21:00,432,71.7,22,0.7477
2025-07-02T13:24:00,430,72.4,22,0.72921
2025-07-02T13:27:00,432,69.9,22,0.79526
2025-07-02T13:30:00,431,70.3,22,0.78469
2025-07-02T13:33:00,434,69.1,22,0.81639
2025-07-02T13:36:00,435,70.9,22,0.76884
2025-07-02T13:39:00,435,70.4,22,0.78205
2025-07-02T13:42:00,435,70.8,22,0.77148
2025-07-02T13:45:00,436,70.8,22,0.77148
2025-07-02T13:48:00,435,70.4,23,0.83103
2025-07-02T13:51:00,436,70.1,23,0.83946
2025-07-02T13:54:00,436,67.6,23,0.90964
2025-07-02T13:57:00,435,70,22,0.79261
2025-07-02T14:00:00,436,69.5,23,0.8563
2025-07-02T14:03:00,438,69.5,23,0.8563
2025-07-02T14:06:00,438,68.9,23,0.87315
2025-07-02T14:09:00,438,69.9,22,0.79526
2025-07-02T14:12:00,440,70.3,22,0.78469
2025-07-02T14:15:00,442,70.8,22,0.77148
2025-07-02T14:18:00,443,71.3,22,0.75827
2025-07-02T14:21:00,445,71.7,22,0.7477
2025-07-02T14:24:00,447,71.7,23,0.79454
2025-07-02T14:27:00,449,71.2,23,0.80857
2025-07-02T14:30:00,454,70.6,23,0.82542
2025-07-02T14:33:00,446,69.9,23,0.84507
2025-07-02T14:36:00,448,71.8,23,0.79173
2025-07-02T14:39:00,569,71,23,0.81419
2025-07-02T14:42:00,454,71.8,23,0.79173
2025-07-02T14:45:00,449,71,23,0.81419
2025-07-02T14:48:00,477,71,23,0.81419
2025-07-02T14:51:00,445,71,23,0.81419
2025-07-02T14:54:00,444,71,23,0.81419
2025-07-02T14:57:00,444,71.9,23,0.78892
2025-07-02T15:00:00,443,73.3,23,0.74961
2025-07-02T15:03:00,442,71.9,23,0.78892
2025-07-02T15:06:00,441,70.3,23,0.83384
2025-07-02T15:09:00,441,70.8,23,0.8198
2025-07-02T15:12:00,441,70.2,23,0.83665
2025-07-02T15:15:00,439,71,23,0.81419
2025-07-02T15:18:00,440,71.4,23,0.80296
2025-07-02T15:21:00,440,71.7,23,0.79454
2025-07-02T15:24:00,440,70.1,23,0.83946
2025-07-02T15:27:00,441,70.6,23,0.82542
2025-07-02T15:30:00,442,70.9,23,0.817
2025-07-02T15:33:00,443,71.4,23,0.80296
2025-07-02T15:36:00,439,71.7,23,0.79454
2025-07-02T15:39:00,449,71.8,23,0.79173
2025-07-02T15:42:00,447,72.2,23,0.7805
2025-07-02T15:45:00,452,71.3,23,0.80577
2025-07-02T15:48:00,468,70.7,23,0.82261
2025-07-02T15:51:00,494,70.7,23,0.82261
2025-07-02T15:54:00,541,70.2,23,0.83665
2025-07-02T15:57:00,487,70.9,23,0.817
2025-07-02T16:00:00,452,71.6,23,0.79734
2025-07-02T16:03:00,401,72.1,23,0.78331
2025-07-02T16:06:00,423,71.7,23,0.79454
2025-07-02T16:09:00,379,71.3,23,0.80577
2025-07-02T16:12:00,424,72.3,23,0.77769
2025-07-02T16:15:00,512,73.5,23,0.744
2025-07-02T16:18:00,528,73.2,23,0.75242
2025-07-02T16:21:00,542,73.2,23,0.75242
2025-07-02T16:24:00,440,72.9,23,0.76084
2025-07-02T16:27:00,391,72.5,23,0.77207
2025-07-02T16:30:00,411,72.7,23,0.76646
2025-07-02T16:33:00,414,72.4,23,0.77488
2025-07-02T16:36:00,406,73.3,23,0.74961
2025-07-02T16:39:00,405,74.2,23,0.72435
2025-07-02T16:42:00,409,73.8,23,0.73558
2025-07-02T16:45:00,391,73.3,23,0.74961
2025-07-02T16:48:00,391,73.8,22,0.69222
2025-07-02T16:51:00,384,74.1,23,0.72715
2025-07-02T16:54:00,443,74.2,23,0.72435
2025-07-02T16:57:00,443,74.4,23,0.71873
2025-07-02T17:00:00,437,73.9,23,0.73277
2025-07-02T17:03:00,432,74.4,23,0.71873
2025-07-02T17:06:00,424,73.2,23,0.75242
2025-07-02T17:09:00,418,72.9,23,0.76084
2025-07-02T17:12:00,417,73.4,23,0.74681
2025-07-02T17:15:00,412,74.5,23,0.71592
2025-07-02T17:18:00,412,73.6,23,0.74119
2025-07-02T17:21:00,411,73.8,23,0.73558
2025-07-02T17:24:00,408,73.4,23,0.74681
2025-07-02T17:27:00,427,72.9,23,0.76084
2025-07-02T17:30:00,417,74.5,23,0.71592
2025-07-02T17:33:00,447.5,74.2,23,0.72435
2025-07-02T17:36:00,478,73.9,23,0.73277
2025-07-02T17:39:00,475,74.3,23,0.72154
2025-07-02T17:42:00,421,74.1,23,0.72715
2025-07-02T17:45:00,413,73.8,23,0.73558
2025-07-02T17:48:00,421,72.4,23,0.77488
2025-07-02T17:51:00,549,73.2,23,0.75242
2025-07-02T17:54:00,567,72.8,23,0.76365
2025-07-02T17:57:00,470,73.5,23,0.744
2025-07-02T18:00:00,456,73.2,23,0.75242
2025-07-02T18:03:00,500,73.5,23,0.744
2025-07-02T18:06:00,575,72.8,23,0.76365
2025-07-02T18:09:00,575,72.9,23,0.76084
2025-07-02T18:12:00,487,73.7,23,0.73838
2025-07-02T18:15:00,402,73.3,23,0.74961
2025-07-02T18:18:00,459,74.2,23,0.72435
2025-07-02T18:21:00,391,74.9,23,0.70469
2025-07-02T18:24:00,387,75.7,23,0.68223
2025-07-02T18:27:00,389,73.6,23,0.74119
2025-07-02T18:30:00,452,74.3,23,0.72154
2025-07-02T18:33:00,516,74.8,23,0.7075
2025-07-02T18:36:00,528,75.4,23,0.69066
2025-07-02T18:39:00,494,76.7,23,0.65416
2025-07-02T18:42:00,386,76.9,23,0.64854
2025-07-02T18:45:00,380,77.5,23,0.6317
2025-07-02T18:48:00,378,75.9,23,0.67662
2025-07-02T18:51:00,373,75.7,23,0.68223
2025-07-02T18:54:00,371,76.2,23,0.6682
2025-07-02T18:57:00,365,77.1,23,0.64293
2025-07-02T19:00:00,367,76.9,23,0.64854
2025-07-02T19:03:00,369,76.6,22,0.61824
2025-07-02T19:06:00,369,76.6,22,0.61824
2025-07-02T19:09:00,365,76.5,22,0.62088
2025-07-02T19:12:00,363,76.8,22,0.61296
2025-07-02T19:15:00,361,76.5,22,0.62088
2025-07-02T19:18:00,355,76.9,22,0.61031
2025-07-02T19:21:00,351,77.4,22,0.5971
2025-07-02T19:24:00,350,77.9,22,0.58389
2025-07-02T19:27:00,348,76.6,22,0.61824
2025-07-02T19:30:00,340,76.6,22,0.61824
2025-07-02T19:33:00,338,77,22,0.60767
2025-07-02T19:36:00,337,76.9,22,0.61031
2025-07-02T19:39:00,335,77.2,22,0.60239
2025-07-02T19:42:00,335,76.6,22,0.61824
2025-07-02T19:45:00,333,76.6,21,0.58153
2025-07-02T19:48:00,333,76.8,21,0.57656
2025-07-02T19:51:00,333,76.9,21,0.57407
2025-07-02T19:54:00,332,77.3,21,0.56413
2025-07-02T19:57:00,330,77.8,21,0.5517
2025-07-02T20:00:00,330,77.8,21,0.5517
2025-07-02T20:03:00,0,77.8,21,0.5517
2025-07-02T20:06:00,0,78.4,21,0.53679
2025-07-02T20:09:00,0,78.4,21,0.53679
2025-07-02T20:12:00,0,78.9,21,0.52437
2025-07-02T20:15:00,0,79.7,21,0.50449
2025-07-02T20:18:00,0,79,21,0.52188
2025-07-02T20:21:00,0,78.9,21,0.52437
2025-07-02T20:24:00,0,79.6,21,0.50697
2025-07-02T20:27:00,0,79.9,21,0.49952
2025-07-02T20:30:00,0,80.4,20,0.45795
2025-07-02T20:33:00,0,80.8,20,0.4486
2025-07-02T20:36:00,0,81,20,0.44393
2025-07-02T20:39:00,0,81,20,0.44393
2025-07-02T20:42:00,0,80.7,21,0.47963
2025-07-02T20:45:00,0,81.6,20,0.42991
2025-07-02T20:48:00,0,81.7,20,0.42758
2025-07-02T20:51:00,0,81.9,20,0.4229
2025-07-02T20:54:00,0,81.9,20,0.4229
2025-07-02T20:57:00,0,81.8,20,0.42524
2025-07-02T21:00:00,0,81.8,20,0.42524
2025-07-02T21:03:00,0,81.7,20,0.42758
2025-07-02T21:06:00,0,82.3,20,0.41356
2025-07-02T21:09:00,0,82.2,20,0.41589
2025-07-02T21:12:00,0,82.3,20,0.41356
2025-07-02T21:15:00,0,82.3,20,0.41356
2025-07-02T21:18:00,0,82.4,20,0.41122
2025-07-02T21:21:00,0,82.3,20,0.41356
2025-07-02T21:24:00,0,83.1,20,0.39487
2025-07-02T21:27:00,0,83.1,20,0.39487
2025-07-02T21:30:00,0,83.3,20,0.39019
2025-07-02T21:33:00,0,83.7,20,0.38085
2025-07-02T21:36:00,0,83.3,20,0.39019
2025-07-02T21:39:00,0,83.4,20,0.38786
2025-07-02T21:42:00,0,83.9,20,0.37617
2025-07-02T21:45:00,0,84.1,20,0.3715
2025-07-02T21:48:00,0,84,20,0.37384
2025-07-02T21:51:00,0,84.1,20,0.3715
2025-07-02T21:54:00,0,84.3,20,0.36683
2025-07-02T21:57:00,0,84.2,20,0.36916
2025-07-02T22:00:00,0,84,20,0.37384
2025-07-02T22:03:00,0,84.6,20,0.35982
2025-07-02T22:06:00,0,84.5,20,0.36215
2025-07-02T22:09:00,0,84.3,20,0.36683
2025-07-02T22:12:00,0,84.5,20,0.36215
2025-07-02T22:15:00,0,84.1,20,0.3715
2025-07-02T22:18:00,0,84,20,0.37384
2025-07-02T22:21:00,0,84.1,19,0.34911
2025-07-02T22:24:00,0,84.4,19,0.34252
2025-07-02T22:27:00,0,84.3,19,0.34472
2025-07-02T22:30:00,0,84,19,0.35131
2025-07-02T22:33:00,0,84.6,19,0.33813
2025-07-02T22:36:00,0,83.9,19,0.3535
2025-07-02T22:39:00,0,84.4,19,0.34252
2025-07-02T22:42:00,0,85.4,19,0.32057
2025-07-02T22:45:00,0,85.1,19,0.32715
2025-07-02T22:48:00,0,85.3,19,0.32276
2025-07-02T22:51:00,0,85.5,19,0.31837
2025-07-02T22:54:00,0,85.1,18,0.30729
2025-07-02T22:57:00,0,84.7,18,0.31554
2025-07-02T23:00:00,0,85.1,18,0.30729
2025-07-02T23:03:00,0,85,18,0.30935
2025-07-02T23:06:00,0,85.5,18,0.29904
2025-07-02T23:09:00,0,85.6,18,0.29698
2025-07-02T23:12:00,0,85.4,18,0.3011
2025-07-02T23:15:00,0,85.1,18,0.30729
2025-07-02T23:18:00,0,85.1,18,0.30729
2025-07-02T23:21:00,0,84.9,18,0.31141
2025-07-02T23:24:00,0,84.4,18,0.32172
2025-07-02T23:27:00,0,84.5,18,0.31966
2025-07-02T23:30:00,0,83.4,18,0.34235
2025-07-02T23:33:00,0,84.2,18,0.32585
2025-07-02T23:36:00,0,82.5,18,0.36091
2025-07-02T23:39:00,0,82.8,18,0.35472
2025-07-02T23:42:00,0,84.1,18,0.32791
2025-07-02T23:45:00,0,84.2,18,0.32585
2025-07-02T23:48:00,0,83.7,18,0.33616
2025-07-02T23:51:00,0,82.2,18,0.3671
2025-07-02T23:54:00,0,81.7,19,0.40181
2025-07-02T23:57:00,0,81.8,19,0.39961
2025-07-03T00:00:00,0,83,18,0.3506
2025-07-03T00:03:00,0,83,18,0.3506
2025-07-03T00:06:00,0,83.1,18,0.34853
2025-07-03T00:09:00,0,82.2,19,0.39083
2025-07-03T00:12:00,0,80.1,19,0.43694
2025-07-03T00:15:00,0,80.8,19,0.42157
2025-07-03T00:18:00,0,82.5,19,0.38424
2025-07-03T00:21:00,0,83.4,19,0.36448
2025-07-03T00:24:00,0,84,19,0.35131
2025-07-03T00:27:00,0,82.4,19,0.38644
2025-07-03T00:30:00,0,80.4,19,0.43035
2025-07-03T00:33:00,0,81.7,19,0.40181
2025-07-03T00:36:00,0,82.6,19,0.38204
2025-07-03T00:39:00,0,83.7,19,0.35789
2025-07-03T00:42:00,0,84.7,19,0.33594
2025-07-03T00:45:00,0,84.6,19,0.33813
2025-07-03T00:48:00,0,83.7,19,0.35789
2025-07-03T00:51:00,0,83.5,19,0.36228
2025-07-03T00:54:00,0,82.6,19,0.38204
2025-07-03T00:57:00,0,84.1,19,0.34911
2025-07-03T01:00:00,0,85.1,19,0.32715
2025-07-03T01:03:00,0,85.9,19,0.30959
2025-07-03T01:06:00,0,85,19,0.32935
2025-07-03T01:09:00,0,84,19,0.35131
2025-07-03T01:12:00,0,83,19,0.37326
2025-07-03T01:15:00,0,83.2,20,0.39253
2025-07-03T01:18:00,0,84.4,19,0.34252
2025-07-03T01:21:00,0,85.3,19,0.32276
2025-07-03T01:24:00,0,85.5,19,0.31837
2025-07-03T01:27:00,0,84.2,19,0.34691
2025-07-03T01:30:00,0,84.3,19,0.34472
2025-07-03T01:33:00,0,84,19,0.35131
2025-07-03T01:36:00,0,83.9,19,0.3535
2025-07-03T01:39:00,0,84.3,19,0.34472
2025-07-03T01:42:00,0,84,19,0.35131
2025-07-03T01:45:00,0,83.4,19,0.36448
2025-07-03T01:48:00,0,82.8,19,0.37765
2025-07-03T01:51:00,0,82,19,0.39522
2025-07-03T01:54:00,0,82.8,19,0.37765
2025-07-03T01:57:00,0,80.9,20,0.44627
2025-07-03T02:00:00,0,79.9,20,0.46963
2025-07-03T02:03:00,0,79.1,20,0.48832
2025-07-03T02:06:00,0,78.7,20,0.49767
2025-07-03T02:09:00,0,78.1,20,0.51169
2025-07-03T02:12:00,0,77.5,20,0.52571
2025-07-03T02:15:00,0,76.2,20,0.55608
2025-07-03T02:18:00,0,74.8,20,0.58879
2025-07-03T02:21:00,0,73.9,20,0.60982
2025-07-03T02:24:00,0,73.8,21,0.65111
2025-07-03T02:27:00,0,73.5,21,0.65857
2025-07-03T02:30:00,0,72.4,21,0.6859
2025-07-03T02:33:00,0,71.4,21,0.71075
2025-07-03T02:36:00,0,70.3,21,0.73809
2025-07-03T02:39:00,0,69.1,21,0.76791
2025-07-03T02:42:00,0,68.8,21,0.77537
2025-07-03T02:45:00,0,69,21,0.7704
2025-07-03T02:48:00,0,72.7,21,0.67845
2025-07-03T02:51:00,0,78.8,20,0.49533
2025-07-03T02:54:00,0,79.7,20,0.47431
2025-07-03T02:57:00,0,81,20,0.44393
2025-07-03T03:00:00,0,82.2,19,0.39083
2025-07-03T03:03:00,0,81.9,19,0.39741
2025-07-03T03:06:00,0,82.2,19,0.39083
2025-07-03T03:09:00,0,79.5,20,0.47898
2025-07-03T03:12:00,0,77.4,20,0.52804
2025-07-03T03:15:00,0,78.7,20,0.49767
2025-07-03T03:18:00,0,79.65,20,0.47547
2025-07-03T03:21:00,0,80.6,20,0.45328
2025-07-03T03:24:00,0,81.3,20,0.43692
2025-07-03T03:27:00,0,81.6,19,0.404
2025-07-03T03:30:00,0,79.1,20,0.48832
2025-07-03T03:33:00,0,77.5,20,0.52571
2025-07-03T03:36:00,0,77.3,20,0.53038
2025-07-03T03:39:00,0,80.2,20,0.46262
2025-07-03T03:42:00,0,81.4,19,0.40839
2025-07-03T03:45:00,0,82.2,19,0.39083
2025-07-03T03:48:00,0,80.4,19,0.43035
2025-07-03T03:51:00,0,78.7,20,0.49767
2025-07-03T03:54:00,0,78.6,20,0.50001
2025-07-03T03:57:00,0,79.2,20,0.48599
2025-07-03T04:00:00,0,80.7,19,0.42376
2025-07-03T04:03:00,352,81.2,19,0.41278
2025-07-03T04:06:00,349,80.4,20,0.45795
2025-07-03T04:09:00,346,77.9,20,0.51636
2025-07-03T04:12:00,344,76.8,20,0.54206
2025-07-03T04:15:00,342,76.8,20,0.54206
2025-07-03T04:18:00,339,77.3,20,0.53038
2025-07-03T04:21:00,338,77.7,20,0.52103
2025-07-03T04:24:00,336,77.9,20,0.51636
2025-07-03T04:27:00,336,77.6,20,0.52337
2025-07-03T04:30:00,334,76.5,20,0.54907
2025-07-03T04:33:00,334,75.3,20,0.57711
2025-07-03T04:36:00,334,75.3,20,0.57711
2025-07-03T04:39:00,332,74.5,20,0.5958
2025-07-03T04:42:00,332,72.1,21,0.69336
2025-07-03T04:45:00,332,72.8,21,0.67596
2025-07-03T04:48:00,331,71.8,21,0.70081
2025-07-03T04:51:00,333,71,21,0.72069
2025-07-03T04:54:00,331,76.9,20,0.53973
2025-07-03T04:57:00,330,79.4,20,0.48131
2025-07-03T05:00:00,329,79.4,20,0.48131
2025-07-03T05:03:00,329,79.6,19,0.44791
2025-07-03T05:06:00,330,80.5,19,0.42815
2025-07-03T05:09:00,329,79.6,19,0.44791
2025-07-03T05:12:00,328,79.7,19,0.44572
2025-07-03T05:15:00,329,80.7,19,0.42376
2025-07-03T05:18:00,331,80.4,19,0.43035
2025-07-03T05:21:00,330,80.4,19,0.43035
2025-07-03T05:24:00,330,80.4,19,0.43035
2025-07-03T05:27:00,331,79.8,19,0.44352
2025-07-03T05:30:00,331,79.6,19,0.44791
2025-07-03T05:33:00,331,79.4,19,0.45231
2025-07-03T05:36:00,333,79.4,19,0.45231
2025-07-03T05:39:00,333,79.7,19,0.44572
2025-07-03T05:42:00,334,79.8,19,0.44352
2025-07-03T05:45:00,336,79.3,20,0.48365
2025-07-03T05:48:00,338,79.2,20,0.48599
2025-07-03T05:51:00,337,79.1,19,0.45889
2025-07-03T05:54:00,338,79.1,20,0.48832
2025-07-03T05:57:00,338,79.2,20,0.48599
2025-07-03T06:00:00,337,79.1,20,0.48832
2025-07-03T06:03:00,336,79.1,20,0.48832
2025-07-03T06:06:00,336,78.5,20,0.50234
2025-07-03T06:09:00,337,78.1,20,0.51169
2025-07-03T06:12:00,337,78.2,20,0.50935
2025-07-03T06:15:00,340,78.1,20,0.51169
2025-07-03T06:18:00,343,77.4,20,0.52804
2025-07-03T06:21:00,343,77.3,20,0.53038
2025-07-03T06:24:00,345,77.2,20,0.53272
2025-07-03T06:27:00,346,75.7,20,0.56776
2025-07-03T06:30:00,349,75.5,20,0.57244
2025-07-03T06:33:00,350,75.2,20,0.57945
2025-07-03T06:36:00,351,73.9,21,0.64863
2025-07-03T06:39:00,353,72.8,21,0.67596
2025-07-03T06:42:00,356,71.9,21,0.69833
2025-07-03T06:45:00,358,71.6,21,0.70578
2025-07-03T06:48:00,359,70.8,21,0.72566
2025-07-03T06:51:00,360,72.6,21,0.68093
2025-07-03T06:54:00,358,77.5,20,0.52571
2025-07-03T06:57:00,357,80.3,20,0.46029
2025-07-03T07:00:00,360,78.2,20,0.50935
2025-07-03T07:03:00,362,78.3,20,0.50702
2025-07-03T07:06:00,361,81.6,19,0.404
2025-07-03T07:09:00,363,82.5,19,0.38424
2025-07-03T07:12:00,370,79.1,20,0.48832
2025-07-03T07:15:00,374,81.6,19,0.404
2025-07-03T07:18:00,374,83,19,0.37326
2025-07-03T07:21:00,351,82.9,19,0.37546
2025-07-03T07:24:00,345,83.1,19,0.37107
2025-07-03T07:27:00,340,83.5,19,0.36228
2025-07-03T07:30:00,375,83.3,19,0.36667
2025-07-03T07:33:00,362,83.1,19,0.37107
2025-07-03T07:36:00,450,82.8,19,0.37765
2025-07-03T07:39:00,401,82.85,19,0.37656
2025-07-03T07:42:00,352,82.9,19,0.37546
2025-07-03T07:45:00,481,83.2,19,0.36887
2025-07-03T07:48:00,560,82.4,19,0.38644
2025-07-03T07:51:00,532,82.3,19,0.38863
2025-07-03T07:54:00,505,82.5,19,0.38424
2025-07-03T07:57:00,490,82.1,20,0.41823
2025-07-03T08:00:00,473,81.6,20,0.42991
2025-07-03T08:03:00,452,80.7,20,0.45094
2025-07-03T08:06:00,462,80.5,20,0.45561
2025-07-03T08:09:00,447,80.3,20,0.46029
2025-07-03T08:12:00,356,81.1,20,0.44159
2025-07-03T08:15:00,352,80.9,20,0.44627
2025-07-03T08:18:00,367,81.7,20,0.42758
2025-07-03T08:21:00,367,82.1,20,0.41823
2025-07-03T08:24:00,371,81,20,0.44393
2025-07-03T08:27:00,374,81.6,20,0.42991
2025-07-03T08:30:00,364,81.5,20,0.43225
2025-07-03T08:33:00,350,81.4,20,0.43459
2025-07-03T08:36:00,341,81.9,20,0.4229
2025-07-03T08:39:00,339,81.8,20,0.42524
2025-07-03T08:42:00,336,81.5,20,0.43225
2025-07-03T08:45:00,339,81.6,20,0.42991
2025-07-03T08:48:00,343,81.1,19,0.41498
2025-07-03T08:51:00,346,81.7,19,0.40181
2025-07-03T08:54:00,350,81.1,20,0.44159
2025-07-03T08:57:00,351,81.2,20,0.43926
2025-07-03T09:00:00,358,80.8,20,0.4486
2025-07-03T09:03:00,357,81.1,19,0.41498
2025-07-03T09:06:00,371,81.8,19,0.39961
2025-07-03T09:09:00,369,80.9,20,0.44627
2025-07-03T09:12:00,364,80.2,20,0.46262
2025-07-03T09:15:00,362,80.1,20,0.46496
2025-07-03T09:18:00,368,80.8,20,0.4486
2025-07-03T09:21:00,367,81,20,0.44393
2025-07-03T09:24:00,367,81.3,20,0.43692
2025-07-03T09:27:00,390,81.2,20,0.43926
2025-07-03T09:30:00,397,80.8,20,0.4486
2025-07-03T09:33:00,382,81,20,0.44393
2025-07-03T09:36:00,371,80.4,20,0.45795
2025-07-03T09:39:00,378,80.7,20,0.45094
2025-07-03T09:42:00,535,79.7,20,0.47431
2025-07-03T09:45:00,536,80.3,20,0.46029
2025-07-03T09:48:00,479,79.5,21,0.50946
2025-07-03T09:51:00,475,78.4,21,0.53679
2025-07-03T09:54:00,501,77.8,21,0.5517
2025-07-03T09:57:00,536,78.6,21,0.53182
2025-07-03T10:00:00,501,78.5,21,0.53431
2025-07-03T10:03:00,533,77.9,21,0.54922
2025-07-03T10:06:00,532,78.2,21,0.54176
2025-07-03T10:09:00,542,78,21,0.54673
2025-07-03T10:12:00,479,77.5,21,0.55916
2025-07-03T10:15:00,467,76.1,22,0.63145
2025-07-03T10:18:00,496,76.6,21,0.58153
2025-07-03T10:21:00,517,76.3,22,0.62617
2025-07-03T10:24:00,504,77,22,0.60767
2025-07-03T10:27:00,467,76.4,22,0.62352
2025-07-03T10:30:00,477,75.5,22,0.6473
2025-07-03T10:33:00,463,75.2,22,0.65523
2025-07-03T10:36:00,457,75.4,22,0.64994
2025-07-03T10:39:00,455,74.3,22,0.67901
2025-07-03T10:42:00,453,74.5,22,0.67372
2025-07-03T10:45:00,453,75.1,22,0.65787
2025-07-03T10:48:00,452,73.4,22,0.70278
2025-07-03T10:51:00,450,72.6,22,0.72392
2025-07-03T10:54:00,450,72.9,22,0.71599
2025-07-03T10:57:00,449,73.3,22,0.70543
2025-07-03T11:00:00,449,73.8,22,0.69222
2025-07-03T11:03:00,449,74.2,22,0.68165
2025-07-03T11:06:00,449,74.6,23,0.71312
2025-07-03T11:09:00,454,73.7,23,0.73838
2025-07-03T11:12:00,466,74.2,23,0.72435
2025-07-03T11:15:00,484,73.3,23,0.74961
2025-07-03T11:18:00,451,74.4,23,0.71873
2025-07-03T11:21:00,454,73.8,23,0.73558
2025-07-03T11:24:00,451,74.9,23,0.70469
2025-07-03T11:27:00,476,73.9,23,0.73277
2025-07-03T11:30:00,469,74,23,0.72996
2025-07-03T11:33:00,453,73.2,23,0.75242
2025-07-03T11:36:00,448,70.8,23,0.8198
2025-07-03T11:39:00,447,70.5,23,0.82823
2025-07-03T11:42:00,446,70.5,23,0.82823
2025-07-03T11:45:00,444,71.3,23,0.80577
2025-07-03T11:48:00,443,72.4,23,0.77488
2025-07-03T11:51:00,444,71.9,23,0.78892
2025-07-03T11:54:00,444,71.1,23,0.81138
2025-07-03T11:57:00,445,69.9,23,0.84507
2025-07-03T12:00:00,444,70.6,23,0.82542
2025-07-03T12:03:00,445,70.6,23,0.82542
2025-07-03T12:06:00,443,70.6,23,0.82542
2025-07-03T12:09:00,443,70.2,23,0.83665
2025-07-03T12:12:00,440,70.6,23,0.82542
2025-07-03T12:15:00,439,70.2,23,0.83665
2025-07-03T12:18:00,438,70.4,23,0.83103
2025-07-03T12:21:00,437,70.8,23,0.8198
2025-07-03T12:24:00,438,71.7,23,0.79454
2025-07-03T12:27:00,437,72.2,23,0.7805
2025-07-03T12:30:00,438,73.5,23,0.744
2025-07-03T12:33:00,438,73.5,24,0.79024
2025-07-03T12:36:00,436,72.6,24,0.81708
2025-07-03T12:39:00,435,73.4,24,0.79322
2025-07-03T12:42:00,435,72.7,24,0.8141
2025-07-03T12:45:00,436,73.7,24,0.78428
2025-07-03T12:48:00,435,73.6,24,0.78726
2025-07-03T12:51:00,436,74.7,24,0.75446
2025-07-03T12:54:00,435,73.2,24,0.79919
2025-07-03T12:57:00,435,73.2,24,0.79919
2025-07-03T13:00:00,435,72.1,24,0.83199
2025-07-03T13:03:00,436,72.9,24,0.80813
2025-07-03T13:06:00,436,73.3,24,0.7962
2025-07-03T13:09:00,436,72.9,24,0.80813
2025-07-03T13:12:00,438,73.7,24,0.78428
2025-07-03T13:15:00,434,73.3,24,0.7962
2025-07-03T13:18:00,418,73,24,0.80515
2025-07-03T13:21:00,439,74.4,24,0.7634
2025-07-03T13:24:00,437,73.4,25,0.84214
2025-07-03T13:27:00,438,73.3,25,0.84531
2025-07-03T13:30:00,438,73.4,25,0.84214
2025-07-03T13:33:00,440,73,25,0.85481
2025-07-03T13:36:00,439,73.7,25,0.83264
2025-07-03T13:39:00,441,74.2,25,0.81681
2025-07-03T13:42:00,441,74.2,24,0.76937
2025-07-03T13:45:00,440,75.1,25,0.78832
2025-07-03T13:48:00,441,73.7,25,0.83264
2025-07-03T13:51:00,442,74.2,25,0.81681
2025-07-03T13:54:00,441,74,25,0.82315
2025-07-03T13:57:00,441,73.1,25,0.85164
2025-07-03T14:00:00,441,72.9,25,0.85797
2025-07-03T14:03:00,441,71.9,25,0.88963
2025-07-03T14:06:00,442,72.1,25,0.8833
2025-07-03T14:09:00,442,72.3,25,0.87697
2025-07-03T14:12:00,443,73.9,25,0.82631
2025-07-03T14:15:00,444,72.1,25,0.8833
2025-07-03T14:18:00,447,72.7,24,0.8141
2025-07-03T14:21:00,449,73.3,25,0.84531
2025-07-03T14:24:00,451,73.3,25,0.84531
2025-07-03T14:27:00,454,71.9,25,0.88963
2025-07-03T14:30:00,453,72.8,25,0.86114
2025-07-03T14:33:00,437,71.3,25,0.90863
2025-07-03T14:36:00,455,70.9,24,0.86777
2025-07-03T14:39:00,509,71.7,24,0.84392
2025-07-03T14:42:00,470,72.8,24,0.81112
2025-07-03T14:45:00,468,72,25,0.88646
2025-07-03T14:48:00,434,71.5,25,0.90229
2025-07-03T14:51:00,443,72.8,25,0.86114
2025-07-03T14:54:00,419,72.9,25,0.85797
2025-07-03T14:57:00,455,73.1,25,0.85164
2025-07-03T15:00:00,450,73.1,25,0.85164
2025-07-03T15:03:00,446,72,25,0.88646
2025-07-03T15:06:00,448,72.1,25,0.8833
2025-07-03T15:09:00,449,72.4,24,0.82304
2025-07-03T15:12:00,438,71.6,24,0.8469
2025-07-03T15:15:00,443,69.6,24,0.90654
2025-07-03T15:18:00,443,69.1,24,0.92145
2025-07-03T15:21:00,441,69.1,24,0.92145
2025-07-03T15:24:00,441,69.3,24,0.91549
2025-07-03T15:27:00,441,69.2,24,0.91847
2025-07-03T15:30:00,443,70.4,24,0.88268
2025-07-03T15:33:00,437,69.4,24,0.9125
2025-07-03T15:36:00,449,70.3,24,0.88567
2025-07-03T15:39:00,449,70.6,24,0.87672
2025-07-03T15:42:00,449,70.5,24,0.8797
2025-07-03T15:45:00,454,71.1,24,0.86181
2025-07-03T15:48:00,463,70.4,24,0.88268
2025-07-03T15:51:00,531,70.9,25,0.92129
2025-07-03T15:54:00,578,69.7,25,0.95928
2025-07-03T15:57:00,516,70.9,24,0.86777
2025-07-03T16:00:00,493,70.6,24,0.87672
2025-07-03T16:03:00,470.5,71.35,24,0.85435
2025-07-03T16:06:00,448,72.1,24,0.83199
2025-07-03T16:09:00,451,73.3,25,0.84531
2025-07-03T16:12:00,474,73.1,25,0.85164
2025-07-03T16:15:00,533,73,25,0.85481
2025-07-03T16:18:00,545,73.7,25,0.83264
2025-07-03T16:21:00,566,73.8,25,0.82948
2025-07-03T16:24:00,481,73.8,25,0.82948
2025-07-03T16:27:00,467,73.6,25,0.83581
2025-07-03T16:30:00,443,74.3,25,0.81365
2025-07-03T16:33:00,473,74.7,25,0.80098
2025-07-03T16:36:00,483,73.5,25,0.83898
2025-07-03T16:39:00,467,74.7,25,0.80098
2025-07-03T16:42:00,493,75,25,0.79149
2025-07-03T16:45:00,498,75,25,0.79149
2025-07-03T16:48:00,483,74.9,25,0.79465
2025-07-03T16:51:00,463,75.5,25,0.77566
2025-07-03T16:54:00,424,75,25,0.79149
2025-07-03T16:57:00,422,75,25,0.79149
2025-07-03T17:00:00,424,75.2,25,0.78515
2025-07-03T17:03:00,420,75.6,25,0.77249
2025-07-03T17:06:00,419,76,25,0.75983
2025-07-03T17:09:00,418,75.3,25,0.78199
2025-07-03T17:12:00,414,75.7,25,0.76932
2025-07-03T17:15:00,410,75,25,0.79149
2025-07-03T17:18:00,410,75,25,0.79149
2025-07-03T17:21:00,410,75.1,25,0.78832
2025-07-03T17:24:00,410,74,25,0.82315
2025-07-03T17:27:00,414,74.5,25,0.80732
2025-07-03T17:30:00,423,74,25,0.82315
2025-07-03T17:33:00,418,75.4,25,0.77882
2025-07-03T17:36:00,495,74.3,25,0.81365
2025-07-03T17:39:00,457,75.2,25,0.78515
2025-07-03T17:42:00,419,75.5,25,0.77566
2025-07-03T17:45:00,414,75.8,25,0.76616
2025-07-03T17:48:00,447,75.7,25,0.76932
2025-07-03T17:51:00,568,75.3,25,0.78199
2025-07-03T17:54:00,575,74.9,25,0.79465
2025-07-03T17:57:00,465,75.6,25,0.77249
2025-07-03T18:00:00,452,74.9,25,0.79465
2025-07-03T18:03:00,528,75.7,25,0.76932
2025-07-03T18:06:00,575,75,25,0.79149
2025-07-03T18:09:00,575,74.4,25,0.81048
2025-07-03T18:12:00,391,75.9,25,0.76299
2025-07-03T18:15:00,414,75.5,24,0.7306
2025-07-03T18:18:00,419,76,24,0.71569
2025-07-03T18:21:00,391,76.8,24,0.69183
2025-07-03T18:24:00,386,76.3,24,0.70674
2025-07-03T18:27:00,389,75.6,24,0.72762
2025-07-03T18:30:00,485,75.6,24,0.72762
2025-07-03T18:33:00,514,76,24,0.71569
2025-07-03T18:36:00,537,76.4,24,0.70376
2025-07-03T18:39:00,446,77.2,24,0.67991
2025-07-03T18:42:00,369,77.3,24,0.67692
2025-07-03T18:45:00,376,78.3,24,0.6471
2025-07-03T18:48:00,374,78.6,24,0.63816
2025-07-03T18:51:00,369,78.9,24,0.62921
2025-07-03T18:54:00,363,78.4,24,0.64412
2025-07-03T18:57:00,360,77.8,24,0.66201
2025-07-03T19:00:00,358,78.2,24,0.65008
2025-07-03T19:03:00,356,78.2,24,0.65008
2025-07-03T19:06:00,355,78.8,24,0.63219
2025-07-03T19:09:00,354,78.1,24,0.65307
2025-07-03T19:12:00,351,78.7,23,0.59801
2025-07-03T19:15:00,350,78.4,23,0.60643
2025-07-03T19:18:00,349,78.8,23,0.5952
2025-07-03T19:21:00,349,78.9,23,0.59239
2025-07-03T19:24:00,345,78.6,23,0.60081
2025-07-03T19:27:00,343,79.4,23,0.57835
2025-07-03T19:30:00,341,79.6,23,0.57274
2025-07-03T19:33:00,339,79.5,22,0.54162
2025-07-03T19:36:00,339,79.3,22,0.5469
2025-07-03T19:39:00,339,79.4,22,0.54426
2025-07-03T19:42:00,339,79.7,22,0.53634
2025-07-03T19:45:00,336,80.1,22,0.52577
2025-07-03T19:48:00,335,80.7,22,0.50992
2025-07-03T19:51:00,334,81.3,22,0.49406
2025-07-03T19:54:00,337,81.3,22,0.49406
2025-07-03T19:57:00,336,81.9,22,0.47821
2025-07-03T20:00:00,335,81.8,22,0.48085
2025-07-03T20:03:00,10,82,22,0.47557
2025-07-03T20:06:00,10,82,22,0.47557
2025-07-03T20:09:00,10,82.6,22,0.45972
2025-07-03T20:12:00,9,82.9,22,0.45179
2025-07-03T20:15:00,9,83,22,0.44915
2025-07-03T20:18:00,0,83.1,22,0.44651
2025-07-03T20:21:00,0,83.2,22,0.44386
2025-07-03T20:24:00,0,83.2,21,0.41751
2025-07-03T20:27:00,0,83.5,21,0.41005
2025-07-03T20:30:00,0,83.7,21,0.40508
2025-07-03T20:33:00,0,83.5,21,0.41005
2025-07-03T20:36:00,0,83.8,21,0.40259
2025-07-03T20:39:00,0,83.8,21,0.40259
2025-07-03T20:42:00,0,84.1,21,0.39514
2025-07-03T20:45:00,0,84.6,21,0.38271
2025-07-03T20:48:00,0,84.6,21,0.38271
2025-07-03T20:51:00,0,84.6,21,0.38271
2025-07-03T20:54:00,0,84.5,21,0.3852
2025-07-03T20:57:00,0,84.6,21,0.38271
2025-07-03T21:00:00,0,84.6,21,0.38271
2025-07-03T21:03:00,0,84.7,20,0.35748
2025-07-03T21:06:00,0,84.9,20,0.35281
2025-07-03T21:09:00,0,84.8,20,0.35514
2025-07-03T21:12:00,0,85.2,20,0.3458
2025-07-03T21:15:00,0,85.1,20,0.34814
2025-07-03T21:18:00,0,85.1,20,0.34814
2025-07-03T21:21:00,0,85.3,20,0.34346
2025-07-03T21:24:00,0,85.4,20,0.34113
2025-07-03T21:27:00,0,85.7,20,0.33412
2025-07-03T21:30:00,0,85.3,20,0.34346
2025-07-03T21:33:00,0,85.3,20,0.34346
2025-07-03T21:36:00,0,85.9,19,0.30959
2025-07-03T21:39:00,0,85.8,19,0.31178
2025-07-03T21:42:00,0,86.1,19,0.3052
2025-07-03T21:45:00,0,86.2,19,0.303
2025-07-03T21:48:00,0,86.2,19,0.303
2025-07-03T21:51:00,0,85.6,19,0.31617
2025-07-03T21:54:00,0,85.6,19,0.31617
2025-07-03T21:57:00,0,85.8,19,0.31178
2025-07-03T22:00:00,0,85.6,19,0.31617
2025-07-03T22:03:00,0,85.7,19,0.31398
2025-07-03T22:06:00,0,85.8,19,0.31178
2025-07-03T22:09:00,0,85.6,19,0.31617
2025-07-03T22:12:00,0,85.5,19,0.31837
2025-07-03T22:15:00,0,85.7,19,0.31398
2025-07-03T22:18:00,0,85.6,18,0.29698
2025-07-03T22:21:00,0,85.8,18,0.29285
2025-07-03T22:24:00,0,85.7,18,0.29491
2025-07-03T22:27:00,0,85.9,18,0.29079
2025-07-03T22:30:00,0,85.8,18,0.29285
2025-07-03T22:33:00,0,85.1,18,0.30729
2025-07-03T22:36:00,0,85.3,18,0.30316
2025-07-03T22:39:00,0,84.7,18,0.31554
2025-07-03T22:42:00,0,84.9,18,0.31141
2025-07-03T22:45:00,0,84.3,18,0.32379
2025-07-03T22:48:00,0,84.2,18,0.32585
2025-07-03T22:51:00,0,85.3,18,0.30316
2025-07-03T22:54:00,0,83.7,18,0.33616
2025-07-03T22:57:00,0,84.15,18,0.32688
2025-07-03T23:00:00,0,84.6,18,0.3176
2025-07-03T23:03:00,0,83.1,18,0.34853
2025-07-03T23:06:00,0,84.4,18,0.32172
2025-07-03T23:09:00,0,83.8,18,0.3341
2025-07-03T23:12:00,0,82.9,18,0.35266
2025-07-03T23:15:00,0,80.6,18,0.40009
2025-07-03T23:18:00,0,82,18,0.37122
2025-07-03T23:21:00,0,83.3,18,0.34441
2025-07-03T23:24:00,0,83.2,18,0.34647
2025-07-03T23:27:00,0,83.2,18,0.34647
2025-07-03T23:30:00,0,81.9,18,0.37328
2025-07-03T23:33:00,0,81.2,18,0.38772
2025-07-03T23:36:00,0,80.1,18,0.4104
2025-07-03T23:39:00,0,81.9,18,0.37328
2025-07-03T23:42:00,0,81.3,18,0.38566
2025-07-03T23:45:00,0,80.9,18,0.39391
2025-07-03T23:48:00,0,80.9,18,0.39391
2025-07-03T23:51:00,0,80.4,18,0.40422
2025-07-03T23:54:00,0,79.6,18,0.42072
2025-07-03T23:57:00,0,80.9,18,0.39391
2025-07-04T00:00:00,0,81.3,18,0.38566
2025-07-04T00:03:00,0,81.1,19,0.41498
2025-07-04T00:06:00,0,79.7,19,0.44572
2025-07-04T00:09:00,0,81.1,19,0.41498
2025-07-04T00:12:00,0,81.4,19,0.40839
2025-07-04T00:15:00,0,78.8,19,0.46548
2025-07-04T00:18:00,0,79.6,19,0.44791
2025-07-04T00:21:00,0,79.2,19,0.4567
2025-07-04T00:24:00,0,77.4,19,0.49622
2025-07-04T00:27:00,0,77.8,19,0.48744
2025-07-04T00:30:00,0,76.4,19,0.51818
2025-07-04T00:33:00,0,78.4,19,0.47426
2025-07-04T00:36:00,0,77.8,19,0.48744
2025-07-04T00:39:00,0,77.5,19,0.49402
2025-07-04T00:42:00,0,77.1,19,0.50281
2025-07-04T00:45:00,0,76.7,19,0.51159
2025-07-04T00:48:00,0,76.6,19,0.51378
2025-07-04T00:51:00,0,76.2,19,0.52257
2025-07-04T00:54:00,0,76.1,19,0.52476
2025-07-04T00:57:00,0,75.9,19,0.52915
2025-07-04T01:00:00,0,75.4,19,0.54013
2025-07-04T01:03:00,0,75.2,19,0.54452
2025-07-04T01:06:00,0,75.1,19,0.54672
2025-07-04T01:09:00,0,74.6,19,0.5577
2025-07-04T01:12:00,0,74.3,19,0.56428
2025-07-04T01:15:00,0,73.9,19,0.57307
2025-07-04T01:18:00,0,73.9,19,0.57307
2025-07-04T01:21:00,0,73.5,19,0.58185
2025-07-04T01:24:00,0,73.6,19,0.57965
2025-07-04T01:27:00,0,72.8,19,0.59722
2025-07-04T01:30:00,0,72.6,19,0.60161
2025-07-04T01:33:00,0,72.5,19,0.60381
2025-07-04T01:36:00,0,72.3,19,0.6082
2025-07-04T01:39:00,0,72.3,19,0.6082
2025-07-04T01:42:00,0,72,19,0.61478
2025-07-04T01:45:00,0,71.8,19,0.61918
2025-07-04T01:48:00,0,71.7,19,0.62137
2025-07-04T01:51:00,0,71.4,19,0.62796
2025-07-04T01:54:00,0,71.3,19,0.63015
2025-07-04T01:57:00,0,71.2,19,0.63235
2025-07-04T02:00:00,0,71.3,19,0.63015
2025-07-04T02:03:00,0,71.7,19,0.62137
2025-07-04T02:06:00,0,72.6,19,0.60161
2025-07-04T02:09:00,0,73,19,0.59283
2025-07-04T02:12:00,0,73.2,19,0.58844
2025-07-04T02:15:00,0,73.4,19,0.58404
2025-07-04T02:18:00,0,73.2,19,0.58844
2025-07-04T02:21:00,0,73.4,19,0.58404
2025-07-04T02:24:00,0,74.5,19,0.55989
2025-07-04T02:27:00,0,76.1,19,0.52476
2025-07-04T02:30:00,0,76,19,0.52696
2025-07-04T02:33:00,0,76.8,19,0.50939
2025-07-04T02:36:00,0,78.8,19,0.46548
2025-07-04T02:39:00,0,79.4,19,0.45231
2025-07-04T02:42:00,0,79.8,19,0.44352
2025-07-04T02:45:00,0,80.8,19,0.42157
2025-07-04T02:48:00,0,81.7,19,0.40181
2025-07-04T02:51:00,0,82.3,19,0.38863
2025-07-04T02:54:00,0,82.7,19,0.37985
2025-07-04T02:57:00,0,83.1,19,0.37107
2025-07-04T03:00:00,0,83.3,19,0.36667
2025-07-04T03:03:00,0,83.5,19,0.36228
2025-07-04T03:06:00,0,83.6,19,0.36009
2025-07-04T03:09:00,0,83.8,19,0.3557
2025-07-04T03:12:00,0,83.8,19,0.3557
2025-07-04T03:15:00,0,83.9,19,0.3535
2025-07-04T03:18:00,0,84,19,0.35131
2025-07-04T03:21:00,0,84,19,0.35131
2025-07-04T03:24:00,0,84.1,19,0.34911
2025-07-04T03:27:00,0,84.1,19,0.34911
2025-07-04T03:30:00,0,84.1,19,0.34911
2025-07-04T03:33:00,0,84.1,19,0.34911
2025-07-04T03:36:00,0,84,19,0.35131
2025-07-04T03:39:00,0,84.2,19,0.34691
2025-07-04T03:42:00,0,84.2,19,0.34691
2025-07-04T03:45:00,0,84.4,19,0.34252
2025-07-04T03:48:00,0,84.5,19,0.34033
2025-07-04T03:51:00,0,84.6,19,0.33813
2025-07-04T03:54:00,0,84.7,19,0.33594
2025-07-04T03:57:00,0,84.8,19,0.33374
2025-07-04T04:00:00,0,84.8,19,0.33374
2025-07-04T04:03:00,351,84.7,19,0.33594
2025-07-04T04:06:00,348,84.1,19,0.34911
2025-07-04T04:09:00,346,83.5,19,0.36228
2025-07-04T04:12:00,343,82.9,20,0.39954
2025-07-04T04:15:00,342,82.4,20,0.41122
2025-07-04T04:18:00,340,80.5,20,0.45561
2025-07-04T04:21:00,339,77.2,20,0.53272
2025-07-04T04:24:00,337,76,20,0.56076
2025-07-04T04:27:00,337,73.5,20,0.61917
2025-07-04T04:30:00,336,71.7,20,0.66122
2025-07-04T04:33:00,334,69.8,20,0.70562
2025-07-04T04:36:00,334,68.5,20,0.73599
2025-07-04T04:39:00,334,66.8,20,0.77571
2025-07-04T04:42:00,334,65.9,20,0.79674
2025-07-04T04:45:00,334,64.8,20,0.82244
2025-07-04T04:48:00,333,65.2,20,0.81309
2025-07-04T04:51:00,333,65.2,20,0.81309
2025-07-04T04:54:00,334,61.7,20,0.89487
2025-07-04T04:57:00,333,59.3,20,0.95095
2025-07-04T05:00:00,333,59,20,0.95796
2025-07-04T05:03:00,332,63.2,20,0.85982
2025-07-04T05:06:00,332,63.1,20,0.86216
2025-07-04T05:09:00,332,63.3,20,0.85749
2025-07-04T05:12:00,331,63.6,20,0.85048
2025-07-04T05:15:00,331,64.4,20,0.83179
2025-07-04T05:18:00,331,64.8,20,0.82244
2025-07-04T05:21:00,332,63.7,20,0.84814
2025-07-04T05:24:00,332,60.1,20,0.93226
2025-07-04T05:27:00,331,61.4,20,0.90188
2025-07-04T05:30:00,331,62.1,19,0.83215
2025-07-04T05:33:00,332,62.8,20,0.86917
2025-07-04T05:36:00,332,62.6,20,0.87384
2025-07-04T05:39:00,333,61.2,20,0.90655
2025-07-04T05:42:00,334,59.4,20,0.94861
2025-07-04T05:45:00,334,60,19,0.87826
2025-07-04T05:48:00,334,60.8,20,0.9159
2025-07-04T05:51:00,334,61.7,20,0.89487
2025-07-04T05:54:00,334,60.2,20,0.92992
2025-07-04T05:57:00,334,61.4,20,0.90188
2025-07-04T06:00:00,334,59.6,20,0.94394
2025-07-04T06:03:00,335,59.3,20,0.95095
2025-07-04T06:06:00,334,59.4,20,0.94861
2025-07-04T06:09:00,334,59,20,0.95796
2025-07-04T06:12:00,335,58.1,20,0.97898
2025-07-04T06:15:00,336,57.6,20,0.99067
2025-07-04T06:18:00,336,57.8,20,0.98599
2025-07-04T06:21:00,336,57.9,20,0.98366
2025-07-04T06:24:00,335,57.3,20,0.99768
2025-07-04T06:27:00,334,56.7,20,1.0117
2025-07-04T06:30:00,334,55.8,20,1.03272
2025-07-04T06:33:00,334,55.2,20,1.04674
2025-07-04T06:36:00,334,55.9,20,1.03039
2025-07-04T06:39:00,334,55.7,20,1.03506
2025-07-04T06:42:00,336,54.4,20,1.06543
2025-07-04T06:45:00,335,54.1,20,1.07244
2025-07-04T06:48:00,334,55.5,19,0.97707
2025-07-04T06:51:00,333,54.8,19,0.99244
2025-07-04T06:54:00,335,54.1,20,1.07244
2025-07-04T06:57:00,336,54.8,20,1.05609
2025-07-04T07:00:00,336,54.2,20,1.07011
2025-07-04T07:03:00,336,53.9,19,1.0122
2025-07-04T07:06:00,339,53.7,20,1.08179
2025-07-04T07:09:00,345,53.3,20,1.09114
2025-07-04T07:12:00,343,53.4,20,1.0888
2025-07-04T07:15:00,342,53.9,20,1.07712
2025-07-04T07:18:00,342,53.2,20,1.09347
2025-07-04T07:21:00,346,52.6,20,1.10749
2025-07-04T07:24:00,353,52.4,20,1.11216
2025-07-04T07:27:00,362,52.5,20,1.10983
2025-07-04T07:30:00,371,52.2,20,1.11684
2025-07-04T07:33:00,364,52.3,20,1.1145
2025-07-04T07:36:00,358,51.7,20,1.12852
2025-07-04T07:39:00,358,51.5,20,1.13319
2025-07-04T07:42:00,357,51.6,20,1.13086
2025-07-04T07:45:00,357,52.8,20,1.10282
2025-07-04T07:48:00,358,52.1,20,1.11917
2025-07-04T07:51:00,358,52.1,20,1.11917
2025-07-04T07:54:00,359,51,21,1.21773
2025-07-04T07:57:00,369,51,21,1.21773
2025-07-04T08:00:00,367,51.4,21,1.20778
2025-07-04T08:03:00,375,50.4,21,1.23264
2025-07-04T08:06:00,400,51.5,19,1.06489
2025-07-04T08:09:00,544,53.2,19,1.02757
2025-07-04T08:12:00,386,54.4,19,1.00122
2025-07-04T08:15:00,362,52.3,20,1.1145
2025-07-04T08:18:00,365,52.3,19,1.04733
2025-07-04T08:21:00,365,62.2,20,0.88319
2025-07-04T08:24:00,386,63.2,20,0.85982
2025-07-04T08:27:00,638,68.5,17,0.60989
2025-07-04T08:30:00,373,72.6,17,0.53051
2025-07-04T08:33:00,373,69,19,0.68065
2025-07-04T08:36:00,380,65.8,20,0.79908
2025-07-04T08:39:00,545,67.1,18,0.67851
2025-07-04T08:42:00,471,68.7,19,0.68724
2025-07-04T08:45:00,467,71,18,0.59808
2025-07-04T08:48:00,604,70.6,18,0.60633
2025-07-04T08:51:00,751,67.8,18,0.66407
2025-07-04T08:54:00,575,68.4,19,0.69383
2025-07-04T08:57:00,785,65.6,18,0.70944
2025-07-04T09:00:00,753,64.8,19,0.77287
2025-07-04T09:03:00,766,64.9,18,0.72388
2025-07-04T09:06:00,768,64.8,19,0.77287
2025-07-04T09:09:00,597,67.7,18,0.66613
2025-07-04T09:12:00,453,68.1,18,0.65788
2025-07-04T09:15:00,470,66.7,19,0.73115
2025-07-04T09:18:00,462,60.6,20,0.92057
2025-07-04T09:21:00,457,68.2,17,0.6157
2025-07-04T09:24:00,458,69.9,17,0.58279
2025-07-04T09:27:00,455,63.9,20,0.84347
2025-07-04T09:30:00,450,68.5,17,0.60989
2025-07-04T09:33:00,451,68.9,17,0.60215
2025-07-04T09:36:00,471,67.2,19,0.72018
2025-07-04T09:39:00,500,65.9,17,0.66023
2025-07-04T09:42:00,510,69.1,16,0.5614
2025-07-04T09:45:00,508,68.1,18,0.65788
2025-07-04T09:48:00,462,66.8,17,0.64281
2025-07-04T09:51:00,472,69.7,17,0.58666
2025-07-04T09:54:00,496,68.3,17,0.61376
2025-07-04T09:57:00,525,67.3,18,0.67438
2025-07-04T10:00:00,487,66.3,18,0.69501
2025-07-04T10:03:00,533,69.7,17,0.58666
2025-07-04T10:06:00,523,68.6,17,0.60796
2025-07-04T10:09:00,523,69.3,17,0.5944
2025-07-04T10:12:00,465,62.1,19,0.83215
2025-07-04T10:15:00,454,68.8,17,0.60408
2025-07-04T10:18:00,490,65.5,17,0.66798
2025-07-04T10:21:00,506,67.7,17,0.62538
2025-07-04T10:24:00,490,65.2,18,0.71769
2025-07-04T10:27:00,460,65.8,17,0.66217
2025-07-04T10:30:00,464,64.8,17,0.68153
2025-07-04T10:33:00,454,66.9,17,0.64087
2025-07-04T10:36:00,455,63.7,18,0.74863
2025-07-04T10:39:00,449,68.4,17,0.61183
2025-07-04T10:42:00,446,65.7,17,0.6641
2025-07-04T10:45:00,444,65.7,17,0.6641
2025-07-04T10:48:00,443,64.2,17,0.69315
2025-07-04T10:51:00,444,64,17,0.69702
2025-07-04T10:54:00,443,65.9,17,0.66023
2025-07-04T10:57:00,443,66.9,18,0.68263
2025-07-04T11:00:00,444,67,18,0.68057
2025-07-04T11:03:00,444,67.7,17,0.62538
2025-07-04T11:06:00,442,69.2,17,0.59634
2025-07-04T11:09:00,444,67.7,17,0.62538
2025-07-04T11:12:00,469,64.4,17,0.68927
2025-07-04T11:15:00,456,64.5,17,0.68734
2025-07-04T11:18:00,443,64.6,17,0.6854
2025-07-04T11:21:00,443,64.8,17,0.68153
2025-07-04T11:24:00,442,62.4,17,0.728
2025-07-04T11:27:00,448,64.3,17,0.69121
2025-07-04T11:30:00,459,63.4,18,0.75481
2025-07-04T11:33:00,443,64.1,17,0.69508
2025-07-04T11:36:00,440,63.5,17,0.7067
2025-07-04T11:39:00,440,64.7,18,0.728
2025-07-04T11:42:00,439,65.9,17,0.66023
2025-07-04T11:45:00,439,63.4,17,0.70864
2025-07-04T11:48:00,437,62.8,18,0.76719
2025-07-04T11:51:00,438,65,18,0.72182
2025-07-04T11:54:00,438,64.6,18,0.73007
2025-07-04T11:57:00,438,67.2,17,0.63506
2025-07-04T12:00:00,438,67.9,17,0.62151
2025-07-04T12:03:00,438,67.7,17,0.62538
2025-07-04T12:06:00,434,68.5,17,0.60989
2025-07-04T12:09:00,433,67.3,17,0.63313
2025-07-04T12:12:00,431,63.7,17,0.70283
2025-07-04T12:15:00,431,67.1,17,0.637
2025-07-04T12:18:00,428,69,17,0.60021
2025-07-04T12:21:00,429,66.4,17,0.65055
2025-07-04T12:24:00,429,65.8,17,0.66217
2025-07-04T12:27:00,428,65.9,17,0.66023
2025-07-04T12:30:00,429,65.9,17,0.66023
2025-07-04T12:33:00,369,66.9,17,0.64087
2025-07-04T12:36:00,427,68.9,17,0.60215
2025-07-04T12:39:00,425,67.8,17,0.62344
2025-07-04T12:42:00,422,68.1,18,0.65788
2025-07-04T12:45:00,423,66.6,17,0.64668
2025-07-04T12:48:00,421,67.4,17,0.63119
2025-07-04T12:51:00,421,66.7,18,0.68676
2025-07-04T12:54:00,421,66.2,17,0.65442
2025-07-04T12:57:00,422,66.6,17,0.64668
2025-07-04T13:00:00,421,65.9,18,0.70326
2025-07-04T13:03:00,420,66.3,18,0.69501
2025-07-04T13:06:00,421,65.9,18,0.70326
2025-07-04T13:09:00,421,66.9,18,0.68263
2025-07-04T13:12:00,422,66.9,17,0.64087
2025-07-04T13:15:00,422,66.8,18,0.68469
2025-07-04T13:18:00,424,67.1,18,0.67851
2025-07-04T13:21:00,424,66.5,18,0.69088
2025-07-04T13:24:00,426,66.5,18,0.69088
2025-07-04T13:27:00,426,66.8,18,0.68469
2025-07-04T13:30:00,427,66,18,0.70119
2025-07-04T13:33:00,427,65.9,18,0.70326
2025-07-04T13:36:00,427,66.7,18,0.68676
2025-07-04T13:39:00,346,66.6,18,0.68882
2025-07-04T13:42:00,430,66.7,18,0.68676
2025-07-04T13:45:00,431,66.7,18,0.68676
2025-07-04T13:48:00,432,66.7,18,0.68676
2025-07-04T13:51:00,435,66.3,18,0.69501
2025-07-04T13:54:00,435,67.3,18,0.67438
2025-07-04T13:57:00,443,67,18,0.68057
2025-07-04T14:00:00,440,67.3,18,0.67438
2025-07-04T14:03:00,438,67.7,18,0.66613
2025-07-04T14:06:00,436,68.3,18,0.65376
2025-07-04T14:09:00,436,66.3,18,0.69501
2025-07-04T14:12:00,441,66.3,18,0.69501
2025-07-04T14:15:00,403,65.5,19,0.7575
2025-07-04T14:18:00,351,65.3,19,0.76189
2025-07-04T14:21:00,454,65.1,19,0.76628
2025-07-04T14:24:00,349,65.2,19,0.76409
2025-07-04T14:27:00,361,65,18,0.72182
2025-07-04T14:30:00,448,65.9,18,0.70326
2025-07-04T14:33:00,450,66.6,19,0.73335
2025-07-04T14:36:00,448,65.2,19,0.76409
2025-07-04T14:39:00,496,65,19,0.76848
2025-07-04T14:42:00,469,65.6,19,0.75531
2025-07-04T14:45:00,446,66.2,19,0.74213
2025-07-04T14:48:00,520,65.3,19,0.76189
2025-07-04T14:51:00,455,65,19,0.76848
2025-07-04T14:54:00,447,65.3,19,0.76189
2025-07-04T14:57:00,443,65.3,19,0.76189
2025-07-04T15:00:00,442,65.5,19,0.7575
2025-07-04T15:03:00,443,66.8,19,0.72896
2025-07-04T15:06:00,439,67.4,19,0.71578
2025-07-04T15:09:00,437,67,19,0.72457
2025-07-04T15:12:00,438,66.9,19,0.72676
2025-07-04T15:15:00,438,67.4,19,0.71578
2025-07-04T15:18:00,438,67.1,19,0.72237
2025-07-04T15:21:00,438,66.6,19,0.73335
2025-07-04T15:24:00,438,67,19,0.72457
2025-07-04T15:27:00,438,68.1,19,0.70041
2025-07-04T15:30:00,438,68.2,18,0.65582
2025-07-04T15:33:00,439,66.9,19,0.72676
2025-07-04T15:36:00,441,67.5,19,0.71359
2025-07-04T15:39:00,442,68.2,18,0.65582
2025-07-04T15:42:00,445,68,19,0.70261
2025-07-04T15:45:00,447,68.7,19,0.68724
2025-07-04T15:48:00,456,68.4,19,0.69383
2025-07-04T15:51:00,485,68.6,18,0.64757
2025-07-04T15:54:00,564,67.6,18,0.6682
2025-07-04T15:57:00,548,68.6,18,0.64757
2025-07-04T16:00:00,343,68.5,18,0.64963
2025-07-04T16:03:00,451,69.2,18,0.6352
2025-07-04T16:06:00,374,68.4,18,0.6517
2025-07-04T16:09:00,448,68.5,18,0.64963
2025-07-04T16:12:00,386,67.8,18,0.66407
2025-07-04T16:15:00,536,69.2,18,0.6352
2025-07-04T16:18:00,544,69.5,18,0.62901
2025-07-04T16:21:00,348,68.3,18,0.65376
2025-07-04T16:24:00,468,68.7,18,0.64551
2025-07-04T16:27:00,476,69.2,18,0.6352
2025-07-04T16:30:00,430,68.4,18,0.6517
2025-07-04T16:33:00,469,69.8,18,0.62282
2025-07-04T16:36:00,475,69.1,18,0.63726
2025-07-04T16:39:00,460,69,18,0.63932
2025-07-04T16:42:00,496,68.6,18,0.64757
2025-07-04T16:45:00,494,68.4,18,0.6517
2025-07-04T16:48:00,472,68.5,18,0.64963
2025-07-04T16:51:00,463,68.9,18,0.64139
2025-07-04T16:54:00,436,70.3,18,0.61251
2025-07-04T16:57:00,404,69.6,18,0.62695
2025-07-04T17:00:00,373,69.5,18,0.62901
2025-07-04T17:03:00,430,68.4,18,0.6517
2025-07-04T17:06:00,384,69.8,18,0.62282
2025-07-04T17:09:00,374,69.9,18,0.62076
2025-07-04T17:12:00,364,70.3,18,0.61251
2025-07-04T17:15:00,436,69.8,18,0.62282
2025-07-04T17:18:00,370,70.1,18,0.61664
2025-07-04T17:21:00,352,69.9,18,0.62076
2025-07-04T17:24:00,423,70.8,17,0.56536
2025-07-04T17:27:00,436,70.9,18,0.60014
2025-07-04T17:30:00,397,71.1,18,0.59601
2025-07-04T17:33:00,356,69.9,17,0.58279
2025-07-04T17:36:00,351,70.9,17,0.56342
2025-07-04T17:39:00,457,71.3,17,0.55568
2025-07-04T17:42:00,421,70.3,17,0.57504
2025-07-04T17:45:00,397,70.4,17,0.5731
2025-07-04T17:48:00,357,70,18,0.6187
2025-07-04T17:51:00,366,70.3,17,0.57504
2025-07-04T17:54:00,356,71.3,17,0.55568
2025-07-04T17:57:00,353,71.3,17,0.55568
2025-07-04T18:00:00,349,71.2,17,0.55762
2025-07-04T18:03:00,346,72.2,17,0.53825
2025-07-04T18:06:00,614,72,17,0.54213
2025-07-04T18:09:00,594,70.6,17,0.56923
2025-07-04T18:12:00,347,71.4,17,0.55374
2025-07-04T18:15:00,350,72.1,17,0.54019
2025-07-04T18:18:00,339,72.8,17,0.52664
2025-07-04T18:21:00,336,73.2,17,0.51889
2025-07-04T18:24:00,336,71.3,17,0.55568
2025-07-04T18:27:00,336,70.9,17,0.56342
2025-07-04T18:30:00,346,69.7,18,0.62489
2025-07-04T18:33:00,342,72.1,17,0.54019
2025-07-04T18:36:00,338,71.8,18,0.58158
2025-07-04T18:39:00,350,69.3,19,0.67407
2025-07-04T18:42:00,349,70.5,17,0.57117
2025-07-04T18:45:00,345,71.4,18,0.58983
2025-07-04T18:48:00,353,66.9,18,0.68263
2025-07-04T18:51:00,347,72.7,18,0.56302
2025-07-04T18:54:00,350,70,19,0.6587
2025-07-04T18:57:00,353,68.4,19,0.69383
2025-07-04T19:00:00,350,67.8,18,0.66407
2025-07-04T19:03:00,365,68,19,0.70261
2025-07-04T19:06:00,364,71.6,17,0.54987
2025-07-04T19:09:00,338,67.6,18,0.6682
2025-07-04T19:12:00,336,70.7,18,0.60426
2025-07-04T19:15:00,350,68.9,19,0.68285
2025-07-04T19:18:00,362,69.8,18,0.62282
2025-07-04T19:21:00,358,70.5,18,0.60839
2025-07-04T19:24:00,350,68.6,19,0.68944
2025-07-04T19:27:00,344,70.7,18,0.60426
2025-07-04T19:30:00,344,69,19,0.68065
2025-07-04T19:33:00,344,67.7,19,0.7092
2025-07-04T19:36:00,342,67,19,0.72457
2025-07-04T19:39:00,343,63.7,20,0.84814
2025-07-04T19:42:00,343,62.5,20,0.87618
2025-07-04T19:45:00,343,62.6,20,0.87384
2025-07-04T19:48:00,342,62.7,20,0.87151
2025-07-04T19:51:00,342,64.3,20,0.83412
2025-07-04T19:54:00,340,64.4,20,0.83179
2025-07-04T19:57:00,339,63.7,20,0.84814
2025-07-04T20:00:00,339,61.4,20,0.90188
2025-07-04T20:03:00,10,62.5,20,0.87618
2025-07-04T20:06:00,10,62.2,20,0.88319
2025-07-04T20:09:00,9,63.6,20,0.85048
2025-07-04T20:12:00,9,65.3,19,0.76189
2025-07-04T20:15:00,0,65.6,19,0.75531
2025-07-04T20:18:00,0,64.6,19,0.77726
2025-07-04T20:21:00,0,62.2,20,0.88319
2025-07-04T20:24:00,0,60.4,20,0.92525
2025-07-04T20:27:00,0,61.7,20,0.89487
2025-07-04T20:30:00,0,65.4,19,0.7597
2025-07-04T20:33:00,0,66.2,19,0.74213
2025-07-04T20:36:00,0,64.5,19,0.77946
2025-07-04T20:39:00,0,60,19,0.87826
2025-07-04T20:42:00,0,59.5,19,0.88924
2025-07-04T20:45:00,0,60.4,19,0.86948
2025-07-04T20:48:00,0,66.4,19,0.73774
2025-07-04T20:51:00,0,67.2,19,0.72018
2025-07-04T20:54:00,0,66.6,19,0.73335
2025-07-04T20:57:00,0,68.2,19,0.69822
2025-07-04T21:00:00,0,65.7,19,0.75311
2025-07-04T21:03:00,0,64.9,19,0.77068
2025-07-04T21:06:00,0,66.6,19,0.73335
2025-07-04T21:09:00,0,66.95,19,0.72566
2025-07-04T21:12:00,0,67.3,19,0.71798
2025-07-04T21:15:00,0,70.2,19,0.65431
2025-07-04T21:18:00,0,66.9,19,0.72676
2025-07-04T21:21:00,0,67.3,19,0.71798
2025-07-04T21:24:00,0,65.7,19,0.75311
2025-07-04T21:27:00,0,64.4,19,0.78165
2025-07-04T21:30:00,0,64.1,19,0.78824
2025-07-04T21:33:00,0,63.2,19,0.808
2025-07-04T21:36:00,0,63.4,19,0.80361
2025-07-04T21:39:00,0,63.3,19,0.80581
2025-07-04T21:42:00,0,62.8,19,0.81678
2025-07-04T21:45:00,0,62.7,19,0.81898
2025-07-04T21:48:00,0,62.3,19,0.82776
2025-07-04T21:51:00,0,61.9,19,0.83655
2025-07-04T21:54:00,0,62,19,0.83435
2025-07-04T21:57:00,0,61.9,19,0.83655
2025-07-04T22:00:00,0,62,19,0.83435
2025-07-04T22:03:00,0,62.3,19,0.82776
2025-07-04T22:06:00,0,62.1,19,0.83215
2025-07-04T22:09:00,0,62.2,19,0.82996
2025-07-04T22:12:00,0,62.1,19,0.83215
2025-07-04T22:15:00,0,62,19,0.83435
2025-07-04T22:18:00,0,61.8,19,0.83874
2025-07-04T22:21:00,0,61.8,19,0.83874
2025-07-04T22:24:00,0,61.8,19,0.83874
2025-07-04T22:27:00,0,61.7,19,0.84094
2025-07-04T22:30:00,0,61.7,19,0.84094
2025-07-04T22:33:00,0,61.8,19,0.83874
2025-07-04T22:36:00,0,61.9,19,0.83655
2025-07-04T22:39:00,0,62,19,0.83435
2025-07-04T22:42:00,0,62.1,19,0.83215
2025-07-04T22:45:00,0,62.3,19,0.82776
2025-07-04T22:48:00,0,62.4,19,0.82557
2025-07-04T22:51:00,0,63.3,19,0.80581
2025-07-04T22:54:00,0,63.7,19,0.79702
2025-07-04T22:57:00,0,64,19,0.79044
2025-07-04T23:00:00,0,65.3,19,0.76189
2025-07-04T23:03:00,0,66.7,19,0.73115
2025-07-04T23:06:00,0,68.6,19,0.68944
2025-07-04T23:09:00,0,71.1,19,0.63455
2025-07-04T23:12:00,0,73.5,19,0.58185
2025-07-04T23:15:00,0,75.1,19,0.54672
2025-07-04T23:18:00,0,76.4,19,0.51818
2025-07-04T23:21:00,0,77.4,19,0.49622
2025-07-04T23:24:00,0,78.1,19,0.48085
2025-07-04T23:27:00,0,78.6,19,0.46987
2025-07-04T23:30:00,0,79.1,19,0.45889
2025-07-04T23:33:00,0,79.4,19,0.45231
2025-07-04T23:36:00,0,79.5,19,0.45011
2025-07-04T23:39:00,0,79.7,19,0.44572
2025-07-04T23:42:00,0,79.9,19,0.44133
2025-07-04T23:45:00,0,80.1,19,0.43694
2025-07-04T23:48:00,0,80.1,19,0.43694
2025-07-04T23:51:00,0,80.1,19,0.43694
2025-07-04T23:54:00,0,80.4,19,0.43035
2025-07-04T23:57:00,0,80.1,19,0.43694
2025-07-05T00:00:00,0,80.2,19,0.43474
2025-07-05T00:03:00,0,80.2,19,0.43474
2025-07-05T00:06:00,0,80.3,19,0.43254
2025-07-05T00:09:00,0,80.3,19,0.43254
2025-07-05T00:12:00,0,80,19,0.43913
2025-07-05T00:15:00,0,80,19,0.43913
2025-07-05T00:18:00,0,80,19,0.43913
2025-07-05T00:21:00,0,79.9,19,0.44133
2025-07-05T00:24:00,0,79.9,19,0.44133
2025-07-05T00:27:00,0,79.8,19,0.44352
2025-07-05T00:30:00,0,79.9,19,0.44133
2025-07-05T00:33:00,0,80,19,0.43913
2025-07-05T00:36:00,0,80.6,19,0.42596
2025-07-05T00:39:00,0,81.1,19,0.41498
2025-07-05T00:42:00,0,81.6,19,0.404
2025-07-05T00:45:00,0,81.8,19,0.39961
2025-07-05T00:48:00,0,82,19,0.39522
2025-07-05T00:51:00,0,82.1,19,0.39302
2025-07-05T00:54:00,0,82.2,19,0.39083
2025-07-05T00:57:00,0,82.3,19,0.38863
2025-07-05T01:00:00,0,82.2,19,0.39083
2025-07-05T01:03:00,0,82.3,19,0.38863
2025-07-05T01:06:00,0,82.3,19,0.38863
2025-07-05T01:09:00,0,82.4,19,0.38644
2025-07-05T01:12:00,0,82.6,19,0.38204
2025-07-05T01:15:00,0,82.4,19,0.38644
2025-07-05T01:18:00,0,82.3,19,0.38863
2025-07-05T01:21:00,0,82.1,18,0.36916
2025-07-05T01:24:00,0,82.2,18,0.3671
2025-07-05T01:27:00,0,82.2,18,0.3671
2025-07-05T01:30:00,0,82,18,0.37122
2025-07-05T01:33:00,0,82,18,0.37122
2025-07-05T01:36:00,0,81.9,18,0.37328
2025-07-05T01:39:00,0,81.9,18,0.37328
2025-07-05T01:42:00,0,81.8,18,0.37534
2025-07-05T01:45:00,0,81.7,18,0.37741
2025-07-05T01:48:00,0,81.7,18,0.37741
2025-07-05T01:51:00,0,81.6,18,0.37947
2025-07-05T01:54:00,0,81.3,18,0.38566
2025-07-05T01:57:00,0,81.3,18,0.38566
2025-07-05T02:00:00,0,81.2,18,0.38772
2025-07-05T02:03:00,0,81.3,18,0.38566
2025-07-05T02:06:00,0,81.8,18,0.37534
2025-07-05T02:09:00,0,82,18,0.37122
2025-07-05T02:12:00,0,82.5,18,0.36091
2025-07-05T02:15:00,0,82.8,18,0.35472
2025-07-05T02:18:00,0,82.7,18,0.35678
2025-07-05T02:21:00,0,82.9,18,0.35266
2025-07-05T02:24:00,0,82.9,18,0.35266
2025-07-05T02:27:00,0,82.8,18,0.35472
2025-07-05T02:30:00,0,82.6,18,0.35885
2025-07-05T02:33:00,0,82.6,18,0.35885
2025-07-05T02:36:00,0,82.6,18,0.35885
2025-07-05T02:39:00,0,82.8,18,0.35472
2025-07-05T02:42:00,0,82.6,18,0.35885
2025-07-05T02:45:00,0,82.7,18,0.35678
2025-07-05T02:48:00,0,82.7,18,0.35678
2025-07-05T02:51:00,0,82.5,18,0.36091
2025-07-05T02:54:00,0,82.3,18,0.36503
2025-07-05T02:57:00,0,82.3,18,0.36503
2025-07-05T03:00:00,0,82.4,18,0.36297
2025-07-05T03:03:00,0,82.3,18,0.36503
2025-07-05T03:06:00,0,82.2,18,0.3671
2025-07-05T03:09:00,0,82.2,18,0.3671
2025-07-05T03:12:00,0,82.1,18,0.36916
2025-07-05T03:15:00,0,82,18,0.37122
2025-07-05T03:18:00,0,81.9,18,0.37328
2025-07-05T03:21:00,0,81.8,18,0.37534
2025-07-05T03:24:00,0,81.7,18,0.37741
2025-07-05T03:27:00,0,81.6,18,0.37947
2025-07-05T03:30:00,0,81.5,18,0.38153
2025-07-05T03:33:00,0,81.4,18,0.38359
2025-07-05T03:36:00,0,81.3,18,0.38566
2025-07-05T03:39:00,0,81.2,18,0.38772
2025-07-05T03:42:00,0,81.1,18,0.38978
2025-07-05T03:45:00,0,81.1,18,0.38978
2025-07-05T03:48:00,0,81,18,0.39184
2025-07-05T03:51:00,0,80.8,18,0.39597
2025-07-05T03:54:00,0,80.8,18,0.39597
2025-07-05T03:57:00,0,80.7,18,0.39803
2025-07-05T04:00:00,0,80.6,18,0.40009
2025-07-05T04:03:00,348,80.2,18,0.40834
2025-07-05T04:06:00,346,79.5,18,0.42278
2025-07-05T04:09:00,344,78.9,18,0.43515
2025-07-05T04:12:00,342,78.2,18,0.44959
2025-07-05T04:15:00,339,77.6,18,0.46196
2025-07-05T04:18:00,339,77.1,19,0.50281
2025-07-05T04:21:00,337,76.6,19,0.51378
2025-07-05T04:24:00,336,76.3,19,0.52037
2025-07-05T04:27:00,334,75.9,19,0.52915
2025-07-05T04:30:00,334,75.5,19,0.53794
2025-07-05T04:33:00,334,75,19,0.54891
2025-07-05T04:36:00,334,74.6,19,0.5577
2025-07-05T04:39:00,334,74.4,20,0.59814
2025-07-05T04:42:00,332,73.8,20,0.61216
2025-07-05T04:45:00,334,73.5,20,0.61917
2025-07-05T04:48:00,333,73.1,20,0.62851
2025-07-05T04:51:00,333,71.8,20,0.65889
2025-07-05T04:54:00,333,70.9,20,0.67992
2025-07-05T04:57:00,333,70.9,20,0.67992
2025-07-05T05:00:00,333,69.5,20,0.71263
2025-07-05T05:03:00,334,68.4,20,0.73833
2025-07-05T05:06:00,334,67.9,20,0.75001
2025-07-05T05:09:00,334,67.2,20,0.76637
2025-07-05T05:12:00,334,66,20,0.7944
2025-07-05T05:15:00,335,65.5,20,0.80609
2025-07-05T05:18:00,334,64.8,20,0.82244
2025-07-05T05:21:00,334,64.4,20,0.83179
2025-07-05T05:24:00,335,64.1,20,0.8388
2025-07-05T05:27:00,336,63.3,20,0.85749
2025-07-05T05:30:00,338,62.6,20,0.87384
2025-07-05T05:33:00,339,62.5,20,0.87618
2025-07-05T05:36:00,339,62,20,0.88786
2025-07-05T05:39:00,339,61.8,20,0.89254
2025-07-05T05:42:00,341,61.6,20,0.89721
2025-07-05T05:45:00,342,61.4,20,0.90188
2025-07-05T05:48:00,342,61.3,20,0.90422
2025-07-05T05:51:00,342,60.9,20,0.91356
2025-07-05T05:54:00,341,60.8,20,0.9159
2025-07-05T05:57:00,340,60.7,20,0.91824
2025-07-05T06:00:00,340,60.8,20,0.9159
2025-07-05T06:03:00,339,60.5,20,0.92291
2025-07-05T06:06:00,340,60.5,20,0.92291
2025-07-05T06:09:00,341,60.7,20,0.91824
2025-07-05T06:12:00,339,61,20,0.91123
2025-07-05T06:15:00,342,61.3,20,0.90422
2025-07-05T06:18:00,342,61.4,20,0.90188
2025-07-05T06:21:00,342,60.8,20,0.9159
2025-07-05T06:24:00,343,60.4,20,0.92525
2025-07-05T06:27:00,346,60.9,20,0.91356
2025-07-05T06:30:00,347,60.8,20,0.9159
2025-07-05T06:33:00,348,60.7,20,0.91824
2025-07-05T06:36:00,350,59.7,20,0.9416
2025-07-05T06:39:00,352,59.7,20,0.9416
2025-07-05T06:42:00,353,59.6,20,0.94394
2025-07-05T06:45:00,354,59.2,19,0.89583
2025-07-05T06:48:00,356,59.5,20,0.94627
2025-07-05T06:51:00,357,58.8,20,0.96263
2025-07-05T06:54:00,356,58.7,19,0.90681
2025-07-05T06:57:00,357,59.7,19,0.88485
2025-07-05T07:00:00,357,58.7,20,0.96497
2025-07-05T07:03:00,358,58.2,20,0.97665
2025-07-05T07:06:00,355,57.5,20,0.993
2025-07-05T07:09:00,353,56.5,20,1.01637
2025-07-05T07:12:00,351,57.8,19,0.92657
2025-07-05T07:15:00,353,56.8,20,1.00936
2025-07-05T07:18:00,358,56.8,20,1.00936
2025-07-05T07:21:00,360,56.5,20,1.01637
2025-07-05T07:24:00,369,56.5,19,0.95511
2025-07-05T07:27:00,375,56.7,20,1.0117
2025-07-05T07:30:00,384,55.2,20,1.04674
2025-07-05T07:33:00,393,55.1,20,1.04908
2025-07-05T07:36:00,397,55.6,20,1.0374
2025-07-05T07:39:00,397,54.7,20,1.05843
2025-07-05T07:42:00,416,53.3,20,1.09114
2025-07-05T07:45:00,400,53.6,20,1.08413
2025-07-05T07:48:00,381,54.3,20,1.06777
2025-07-05T07:51:00,383,54.2,20,1.07011
2025-07-05T07:54:00,381,53.5,20,1.08646
2025-07-05T07:57:00,376,54.1,20,1.07244
2025-07-05T08:00:00,374,54.3,20,1.06777
2025-07-05T08:03:00,367,54.9,20,1.05375
2025-07-05T08:06:00,394,54.7,20,1.05843
2025-07-05T08:09:00,419,54.4,20,1.06543
2025-07-05T08:12:00,384,55.5,20,1.03973
2025-07-05T08:15:00,436,54.3,21,1.13572
2025-07-05T08:18:00,450,53.4,21,1.15808
2025-07-05T08:21:00,498,53.3,21,1.16057
2025-07-05T08:24:00,522,53.7,20,1.08179
2025-07-05T08:27:00,456,54.4,20,1.06543
2025-07-05T08:30:00,426,55.4,21,1.10838
2025-07-05T08:33:00,434,55.5,21,1.10589
2025-07-05T08:36:00,527,54.6,21,1.12826
2025-07-05T08:39:00,525,59.1,21,1.01643
2025-07-05T08:42:00,545,62.6,20,0.87384
2025-07-05T08:45:00,542,68.1,18,0.65788
2025-07-05T08:48:00,527,68.5,19,0.69163
2025-07-05T08:51:00,561,69.7,18,0.62489
2025-07-05T08:54:00,550,68.9,19,0.68285
2025-07-05T08:57:00,562,65.9,20,0.79674
2025-07-05T09:00:00,584,64.4,20,0.83179
2025-07-05T09:03:00,592,62.7,21,0.92696
2025-07-05T09:06:00,486,64.1,19,0.78824
2025-07-05T09:09:00,484,67.8,18,0.66407
2025-07-05T09:12:00,453,68.8,18,0.64345
2025-07-05T09:15:00,438,72,17,0.54213
2025-07-05T09:18:00,424,69.5,17,0.59053
2025-07-05T09:21:00,426,69.4,18,0.63107
2025-07-05T09:24:00,435,69.9,18,0.62076
2025-07-05T09:27:00,446,71.6,18,0.5857
2025-07-05T09:30:00,446,72.3,18,0.57127
2025-07-05T09:33:00,427,71.7,18,0.58364
2025-07-05T09:36:00,428,70.8,17,0.56536
2025-07-05T09:39:00,481,69.2,19,0.67626
2025-07-05T09:42:00,425,68,19,0.70261
2025-07-05T09:45:00,483,66.7,19,0.73115
2025-07-05T09:48:00,456,70.4,19,0.64991
2025-07-05T09:51:00,465,66,20,0.7944
2025-07-05T09:54:00,492,64.2,21,0.88968
2025-07-05T09:57:00,506,71.7,17,0.54793
2025-07-05T10:00:00,470,73.9,17,0.50534
2025-07-05T10:03:00,447,73.6,17,0.51115
2025-07-05T10:06:00,498,69.6,19,0.66748
2025-07-05T10:09:00,452,73.8,17,0.50727
2025-07-05T10:12:00,435,73.5,17,0.51308
2025-07-05T10:15:00,435,74.2,18,0.53208
2025-07-05T10:18:00,467,70,19,0.6587
2025-07-05T10:21:00,396,73.3,17,0.51696
2025-07-05T10:24:00,441,70.9,19,0.63894
2025-07-05T10:27:00,444,71.8,17,0.546
2025-07-05T10:30:00,456,72.8,17,0.52664
2025-07-05T10:33:00,453,72.1,17,0.54019
2025-07-05T10:36:00,455,69,19,0.68065
2025-07-05T10:39:00,455,70.4,18,0.61045
2025-07-05T10:42:00,449,72.8,17,0.52664
2025-07-05T10:45:00,396,71.5,17,0.55181
2025-07-05T10:48:00,458,72,18,0.57745
2025-07-05T10:51:00,450,71.4,17,0.55374
2025-07-05T10:54:00,445,69.9,17,0.58279
2025-07-05T10:57:00,454,64.6,19,0.77726
2025-07-05T11:00:00,448,71.2,17,0.55762
2025-07-05T11:03:00,432,70.3,17,0.57504
2025-07-05T11:06:00,444,68.8,18,0.64345
2025-07-05T11:09:00,385,67.7,19,0.7092
2025-07-05T11:12:00,430,69.7,17,0.58666
2025-07-05T11:15:00,379,72.5,17,0.53244
2025-07-05T11:18:00,449,68.7,18,0.64551
2025-07-05T11:21:00,451,66.7,19,0.73115
2025-07-05T11:24:00,427,70.8,17,0.56536
2025-07-05T11:27:00,472,72.4,18,0.5692
2025-07-05T11:30:00,430,71.4,17,0.55374
2025-07-05T11:33:00,420,70.9,17,0.56342
2025-07-05T11:36:00,425,68.9,18,0.64139
2025-07-05T11:39:00,393,69.5,17,0.59053
2025-07-05T11:42:00,396,65.6,19,0.75531
2025-07-05T11:45:00,452,66.6,18,0.68882
2025-07-05T11:48:00,468,70.7,17,0.5673
2025-07-05T11:51:00,383,70,17,0.58085
2025-07-05T11:54:00,450,70.1,17,0.57891
2025-07-05T11:57:00,408,69.8,18,0.62282
2025-07-05T12:00:00,410,65,19,0.76848
2025-07-05T12:03:00,391,71.7,17,0.54793
2025-07-05T12:06:00,388,70.1,18,0.61664
2025-07-05T12:09:00,390,66.6,20,0.78038
2025-07-05T12:12:00,388,63.9,20,0.84347
2025-07-05T12:15:00,391,69.2,17,0.59634
2025-07-05T12:18:00,374,68.2,19,0.69822
2025-07-05T12:21:00,371,68.1,19,0.70041
2025-07-05T12:24:00,370,66.7,19,0.73115
2025-07-05T12:27:00,372,66.4,19,0.73774
2025-07-05T12:30:00,372,66.5,19,0.73555
2025-07-05T12:33:00,370,64.8,20,0.82244
2025-07-05T12:36:00,378,64.5,20,0.82945
2025-07-05T12:39:00,376,63.9,20,0.84347
2025-07-05T12:42:00,369,64.4,20,0.83179
2025-07-05T12:45:00,366,65.8,19,0.75091
2025-07-05T12:48:00,360,66.5,19,0.73555
2025-07-05T12:51:00,358,67.4,19,0.71578
2025-07-05T12:54:00,356,67.3,19,0.71798
2025-07-05T12:57:00,356,66.5,19,0.73555
2025-07-05T13:00:00,355,67,20,0.77104
2025-07-05T13:03:00,356,66.2,19,0.74213
2025-07-05T13:06:00,355,64.9,19,0.77068
2025-07-05T13:09:00,354,64.7,19,0.77507
2025-07-05T13:12:00,356,63.6,20,0.85048
2025-07-05T13:15:00,358,63.6,20,0.85048
2025-07-05T13:18:00,356,62.3,20,0.88085
2025-07-05T13:21:00,356,60.8,20,0.9159
2025-07-05T13:24:00,358,59.5,21,1.00649
2025-07-05T13:27:00,362,57.9,21,1.04625
2025-07-05T13:30:00,364,57.3,20,0.99768
2025-07-05T13:33:00,366,55.7,21,1.10092
2025-07-05T13:36:00,368,54.3,21,1.13572
2025-07-05T13:39:00,369,52.4,22,1.25761
2025-07-05T13:42:00,371,51.4,22,1.28404
2025-07-05T13:45:00,374,49.8,22,1.32631
2025-07-05T13:48:00,372,57.6,21,1.05371
2025-07-05T13:51:00,369,61.9,19,0.83655
2025-07-05T13:54:00,369,67.6,19,0.71139
2025-07-05T13:57:00,368,66.8,20,0.77571
2025-07-05T14:00:00,367,65.9,20,0.79674
2025-07-05T14:03:00,369,65,20,0.81777
2025-07-05T14:06:00,374,63,20,0.8645
2025-07-05T14:09:00,373,63,20,0.8645
2025-07-05T14:12:00,375,62.4,20,0.87852
2025-07-05T14:15:00,371,66.4,19,0.73774
2025-07-05T14:18:00,373,65.9,19,0.74872
2025-07-05T14:21:00,379,65.4,19,0.7597
2025-07-05T14:24:00,376,66.4,19,0.73774
2025-07-05T14:27:00,377,65.4,19,0.7597
2025-07-05T14:30:00,385,66.6,19,0.73335
2025-07-05T14:33:00,389,66.3,19,0.73994
2025-07-05T14:36:00,397,63.2,19,0.808
2025-07-05T14:39:00,401,64.1,19,0.78824
2025-07-05T14:42:00,404,60.3,19,0.87168
2025-07-05T14:45:00,408,61.2,20,0.90655
2025-07-05T14:48:00,397,58.1,20,0.97898
2025-07-05T14:51:00,386,54,20,1.07478
2025-07-05T14:54:00,378,53,20,1.09815
2025-07-05T14:57:00,374,50.6,21,1.22767
2025-07-05T15:00:00,372,55,22,1.18892
2025-07-05T15:03:00,371,62.4,19,0.82557
2025-07-05T15:06:00,371,65.2,19,0.76409
2025-07-05T15:09:00,371,65.2,19,0.76409
2025-07-05T15:12:00,371,65.3,19,0.76189
2025-07-05T15:15:00,375,66.2,19,0.74213
2025-07-05T15:18:00,381,64.7,19,0.77507
2025-07-05T15:21:00,384,67.1,18,0.67851
2025-07-05T15:24:00,385,65.4,19,0.7597
2025-07-05T15:27:00,383,65,20,0.81777
2025-07-05T15:30:00,378,65.2,20,0.81309
2025-07-05T15:33:00,377,64.6,20,0.82711
2025-07-05T15:36:00,378,64.1,19,0.78824
2025-07-05T15:39:00,381,64.6,19,0.77726
2025-07-05T15:42:00,385,63.5,20,0.85281
2025-07-05T15:45:00,389,63.8,20,0.84581
2025-07-05T15:48:00,391,63.8,19,0.79483
2025-07-05T15:51:00,390,62.7,19,0.81898
2025-07-05T15:54:00,391,61.8,20,0.89254
2025-07-05T15:57:00,389,58.6,20,0.9673
2025-07-05T16:00:00,391,56.7,21,1.07607
2025-07-05T16:03:00,394,53.1,21,1.16554
2025-07-05T16:06:00,399,63,19,0.81239
2025-07-05T16:09:00,395,66.1,19,0.74433
2025-07-05T16:12:00,430,65.5,20,0.80609
2025-07-05T16:15:00,387,69.6,18,0.62695
2025-07-05T16:18:00,379,67.4,19,0.71578
2025-07-05T16:21:00,375,67.2,19,0.72018
2025-07-05T16:24:00,372,65.8,20,0.79908
2025-07-05T16:27:00,367,64.6,20,0.82711
2025-07-05T16:30:00,364,64.5,20,0.82945
2025-07-05T16:33:00,362,64,19,0.79044
2025-07-05T16:36:00,358,65.5,19,0.7575
2025-07-05T16:39:00,359,65,19,0.76848
2025-07-05T16:42:00,360,65.8,19,0.75091
2025-07-05T16:45:00,359,64.7,19,0.77507
2025-07-05T16:48:00,356,65,19,0.76848
2025-07-05T16:51:00,353,64.9,19,0.77068
2025-07-05T16:54:00,353,64.5,19,0.77946
2025-07-05T16:57:00,349,63.1,20,0.86216
2025-07-05T17:00:00,346,63.5,20,0.85281
2025-07-05T17:03:00,345,63.7,19,0.79702
2025-07-05T17:06:00,345,62.1,19,0.83215
2025-07-05T17:09:00,346,61.5,20,0.89954
2025-07-05T17:12:00,346,61.2,20,0.90655
2025-07-05T17:15:00,347,60.2,20,0.92992
2025-07-05T17:18:00,349,59.9,20,0.93693
2025-07-05T17:21:00,350,56.8,20,1.00936
2025-07-05T17:24:00,352,55.2,20,1.04674
2025-07-05T17:27:00,353,53.6,21,1.15311
2025-07-05T17:30:00,358,52.1,21,1.19039
2025-07-05T17:33:00,360,50.5,21,1.23015
2025-07-05T17:36:00,363,49.5,22,1.33423
2025-07-05T17:39:00,361,47.2,22,1.395
2025-07-05T17:42:00,356,47,22,1.40029
2025-07-05T17:45:00,355,52.6,22,1.25233
2025-07-05T17:48:00,351,59.8,20,0.93926
2025-07-05T17:51:00,350,61.8,20,0.89254
2025-07-05T17:54:00,347,65,20,0.81777
2025-07-05T17:57:00,345,65.2,20,0.81309
2025-07-05T18:00:00,344,64.1,20,0.8388
2025-07-05T18:03:00,342,64.1,20,0.8388
2025-07-05T18:06:00,344,63.4,20,0.85515
2025-07-05T18:09:00,347,62.1,20,0.88553
2025-07-05T18:12:00,347,61,20,0.91123
2025-07-05T18:15:00,355,61,21,0.96921
2025-07-05T18:18:00,371,63,20,0.8645
2025-07-05T18:21:00,368,62.2,20,0.88319
2025-07-05T18:24:00,364,67,19,0.72457
2025-07-05T18:27:00,361,65.9,19,0.74872
2025-07-05T18:30:00,360,66,19,0.74652
2025-07-05T18:33:00,367,64.9,19,0.77068
2025-07-05T18:36:00,361,63.4,20,0.85515
2025-07-05T18:39:00,360,62.9,19,0.81459
2025-07-05T18:42:00,356,64.2,19,0.78605
2025-07-05T18:45:00,352,63.5,19,0.80142
2025-07-05T18:48:00,349,62.5,20,0.87618
2025-07-05T18:51:00,348,61.6,20,0.89721
2025-07-05T18:54:00,348,61.1,20,0.90889
2025-07-05T18:57:00,348,58.6,20,0.9673
2025-07-05T19:00:00,350,57.1,20,1.00235
2025-07-05T19:03:00,350,56.5,21,1.08104
2025-07-05T19:06:00,350,54.3,21,1.13572
2025-07-05T19:09:00,352,52.5,21,1.18045
2025-07-05T19:12:00,352,51.1,21,1.21524
2025-07-05T19:15:00,353,50.1,21,1.24009
2025-07-05T19:18:00,351,55.8,21,1.09844
2025-07-05T19:21:00,347,63.7,19,0.79702
2025-07-05T19:24:00,345,64,20,0.84113
2025-07-05T19:27:00,342,63.7,20,0.84814
2025-07-05T19:30:00,342,64.3,20,0.83412
2025-07-05T19:33:00,341,62.2,21,0.93939
2025-07-05T19:36:00,341,63.2,20,0.85982
2025-07-05T19:39:00,339,62.8,20,0.86917
2025-07-05T19:42:00,338,61.9,20,0.8902
2025-07-05T19:45:00,339,61.2,20,0.90655
2025-07-05T19:48:00,337,63.7,20,0.84814
2025-07-05T19:51:00,337,64.1,20,0.8388
2025-07-05T19:54:00,336,63.8,20,0.84581
2025-07-05T19:57:00,335,66,19,0.74652
2025-07-05T20:00:00,334,67.3,19,0.71798
2025-07-05T20:03:00,0,68.3,19,0.69602
2025-07-05T20:06:00,0,67.5,19,0.71359
2025-07-05T20:09:00,0,64.4,19,0.78165
2025-07-05T20:12:00,0,61.2,20,0.90655
2025-07-05T20:15:00,0,62.3,20,0.88085
2025-07-05T20:18:00,0,64.5,20,0.82945
2025-07-05T20:21:00,0,65.7,19,0.75311
2025-07-05T20:24:00,0,66.1,19,0.74433
2025-07-05T20:27:00,0,64.6,19,0.77726
2025-07-05T20:30:00,0,62.2,19,0.82996
2025-07-05T20:33:00,0,65.9,19,0.74872
2025-07-05T20:36:00,0,63.8,19,0.79483
2025-07-05T20:39:00,0,67.8,19,0.707
2025-07-05T20:42:00,0,62.8,19,0.81678
2025-07-05T20:45:00,0,63.6,19,0.79922
2025-07-05T20:48:00,0,68.2,19,0.69822
2025-07-05T20:51:00,0,69.9,19,0.66089
2025-07-05T20:54:00,0,68.3,19,0.69602
2025-07-05T20:57:00,0,66.5,19,0.73555
2025-07-05T21:00:00,0,67.2,19,0.72018
2025-07-05T21:03:00,0,69,19,0.68065
2025-07-05T21:06:00,0,70.5,19,0.64772
2025-07-05T21:09:00,0,67.7,19,0.7092
2025-07-05T21:12:00,0,69.1,19,0.67846
2025-07-05T21:15:00,0,70.5,19,0.64772
2025-07-05T21:18:00,0,68.3,19,0.69602
2025-07-05T21:21:00,0,67,19,0.72457
2025-07-05T21:24:00,0,66,19,0.74652
2025-07-05T21:27:00,0,65.8,19,0.75091
2025-07-05T21:30:00,0,65,19,0.76848
2025-07-05T21:33:00,0,64.6,19,0.77726
2025-07-05T21:36:00,0,64.1,19,0.78824
2025-07-05T21:39:00,0,69.6,19,0.66748
2025-07-05T21:42:00,0,67.6,19,0.71139
2025-07-05T21:45:00,0,66.5,19,0.73555
2025-07-05T21:48:00,0,65.7,19,0.75311
2025-07-05T21:51:00,0,65.2,19,0.76409
2025-07-05T21:54:00,0,65,19,0.76848
2025-07-05T21:57:00,0,65,19,0.76848
2025-07-05T22:00:00,0,65,19,0.76848
2025-07-05T22:03:00,0,64.4,19,0.78165
2025-07-05T22:06:00,0,64.8,19,0.77287
2025-07-05T22:09:00,0,65,19,0.76848
2025-07-05T22:12:00,0,65.2,19,0.76409
2025-07-05T22:15:00,0,65.5,19,0.7575
2025-07-05T22:18:00,0,65.5,19,0.7575
2025-07-05T22:21:00,0,65.5,19,0.7575
2025-07-05T22:24:00,0,65.2,19,0.76409
2025-07-05T22:27:00,0,65.2,19,0.76409
2025-07-05T22:30:00,0,65.4,19,0.7597
2025-07-05T22:33:00,0,65.6,19,0.75531
2025-07-05T22:36:00,0,65.3,19,0.76189
2025-07-05T22:39:00,0,65.4,19,0.7597
2025-07-05T22:42:00,0,65.3,19,0.76189
2025-07-05T22:45:00,0,65.2,19,0.76409
2025-07-05T22:48:00,0,65.2,19,0.76409
2025-07-05T22:51:00,0,65.2,19,0.76409
2025-07-05T22:54:00,0,65,19,0.76848
2025-07-05T22:57:00,0,64.9,19,0.77068
2025-07-05T23:00:00,0,65.1,19,0.76628
2025-07-05T23:03:00,0,64.8,19,0.77287
2025-07-05T23:06:00,0,66.5,19,0.73555
2025-07-05T23:09:00,0,68.4,19,0.69383
2025-07-05T23:12:00,0,69.3,19,0.67407
2025-07-05T23:15:00,0,70.1,19,0.6565
2025-07-05T23:18:00,0,70.4,19,0.64991
2025-07-05T23:21:00,0,70.7,19,0.64333
2025-07-05T23:24:00,0,70.8,19,0.64113
2025-07-05T23:27:00,0,70.9,19,0.63894
2025-07-05T23:30:00,0,70.8,19,0.64113
2025-07-05T23:33:00,0,71,19,0.63674
2025-07-05T23:36:00,0,70.7,19,0.64333
2025-07-05T23:39:00,0,70.9,19,0.63894
2025-07-05T23:42:00,0,70.9,19,0.63894
2025-07-05T23:45:00,0,70.7,19,0.64333
2025-07-05T23:48:00,0,70.4,19,0.64991
2025-07-05T23:51:00,0,70.6,19,0.64552
2025-07-05T23:54:00,0,70.8,19,0.64113
2025-07-05T23:57:00,0,70.9,19,0.63894
2025-07-06T00:00:00,0,71.7,19,0.62137
2025-07-06T00:03:00,0,73.1,19,0.59063
2025-07-06T00:06:00,0,73.2,19,0.58844
2025-07-06T00:09:00,0,73.9,19,0.57307
2025-07-06T00:12:00,0,75.3,19,0.54233
2025-07-06T00:15:00,0,75.9,19,0.52915
2025-07-06T00:18:00,0,76.5,19,0.51598
2025-07-06T00:21:00,0,77.4,19,0.49622
2025-07-06T00:24:00,0,78.2,19,0.47865
2025-07-06T00:27:00,0,78.6,19,0.46987
2025-07-06T00:30:00,0,79.2,19,0.4567
2025-07-06T00:33:00,0,79.8,19,0.44352
2025-07-06T00:36:00,0,80.7,19,0.42376
2025-07-06T00:39:00,0,81.4,19,0.40839
2025-07-06T00:42:00,0,81.9,19,0.39741
2025-07-06T00:45:00,0,82.4,19,0.38644
2025-07-06T00:48:00,0,82.7,19,0.37985
2025-07-06T00:51:00,0,82.7,19,0.37985
2025-07-06T00:54:00,0,82.9,19,0.37546
2025-07-06T00:57:00,0,83,19,0.37326
2025-07-06T01:00:00,0,83,19,0.37326
2025-07-06T01:03:00,0,83.1,19,0.37107
2025-07-06T01:06:00,0,83.2,19,0.36887
2025-07-06T01:09:00,0,83.2,19,0.36887
2025-07-06T01:12:00,0,83.1,19,0.37107
2025-07-06T01:15:00,0,83.3,19,0.36667
2025-07-06T01:18:00,0,83,19,0.37326
2025-07-06T01:21:00,0,83.2,19,0.36887
2025-07-06T01:24:00,0,83.1,19,0.37107
2025-07-06T01:27:00,0,83.2,19,0.36887
2025-07-06T01:30:00,0,83.2,19,0.36887
2025-07-06T01:33:00,0,83.3,19,0.36667
2025-07-06T01:36:00,0,83.3,19,0.36667
2025-07-06T01:39:00,0,83.3,19,0.36667
2025-07-06T01:42:00,0,83.4,19,0.36448
2025-07-06T01:45:00,0,83.4,19,0.36448
2025-07-06T01:48:00,0,83.6,19,0.36009
2025-07-06T01:51:00,0,83.5,19,0.36228
2025-07-06T01:54:00,0,83.6,19,0.36009
2025-07-06T01:57:00,0,83.6,19,0.36009
2025-07-06T02:00:00,0,83.7,19,0.35789
2025-07-06T02:03:00,0,83.8,19,0.3557
2025-07-06T02:06:00,0,84,19,0.35131
2025-07-06T02:09:00,0,84.3,19,0.34472
2025-07-06T02:12:00,0,84.7,19,0.33594
2025-07-06T02:15:00,0,84.7,19,0.33594
2025-07-06T02:18:00,0,84.9,19,0.33154
2025-07-06T02:21:00,0,84.9,19,0.33154
2025-07-06T02:24:00,0,85.1,19,0.32715
2025-07-06T02:27:00,0,85.1,19,0.32715
2025-07-06T02:30:00,0,85.1,19,0.32715
2025-07-06T02:33:00,0,85.1,19,0.32715
2025-07-06T02:36:00,0,85.2,19,0.32496
2025-07-06T02:39:00,0,85.1,19,0.32715
2025-07-06T02:42:00,0,85.1,19,0.32715
2025-07-06T02:45:00,0,85.1,19,0.32715
2025-07-06T02:48:00,0,85,19,0.32935
2025-07-06T02:51:00,0,85.1,19,0.32715
2025-07-06T02:54:00,0,84.9,19,0.33154
2025-07-06T02:57:00,0,85.1,19,0.32715
2025-07-06T03:00:00,0,85.1,19,0.32715
2025-07-06T03:03:00,0,84.9,19,0.33154
2025-07-06T03:06:00,0,84.9,19,0.33154
2025-07-06T03:09:00,0,85,19,0.32935
2025-07-06T03:12:00,0,85.2,19,0.32496
2025-07-06T03:15:00,0,84.9,19,0.33154
2025-07-06T03:18:00,0,84.9,19,0.33154
2025-07-06T03:21:00,0,85.1,19,0.32715
2025-07-06T03:24:00,0,84.9,19,0.33154
2025-07-06T03:27:00,0,84.9,19,0.33154
2025-07-06T03:30:00,0,84.7,19,0.33594
2025-07-06T03:33:00,0,84.8,19,0.33374
2025-07-06T03:36:00,0,84.8,19,0.33374
2025-07-06T03:39:00,0,84.7,19,0.33594
2025-07-06T03:42:00,0,84.6,19,0.33813
2025-07-06T03:45:00,0,84.7,19,0.33594
2025-07-06T03:48:00,0,84.6,19,0.33813
2025-07-06T03:51:00,0,84.3,19,0.34472
2025-07-06T03:54:00,0,84.5,19,0.34033
2025-07-06T03:57:00,0,84.4,19,0.34252
2025-07-06T04:00:00,0,84.4,19,0.34252
2025-07-06T04:03:00,351,84,19,0.35131
2025-07-06T04:06:00,347,83.4,19,0.36448
2025-07-06T04:09:00,345,82.6,20,0.40655
2025-07-06T04:12:00,344,81.5,20,0.43225
2025-07-06T04:15:00,342,79.2,20,0.48599
2025-07-06T04:18:00,339,78.5,20,0.50234
2025-07-06T04:21:00,338,77.1,20,0.53505
2025-07-06T04:24:00,336,75.3,20,0.57711
2025-07-06T04:27:00,336,73.6,20,0.61683
2025-07-06T04:30:00,334,72.5,20,0.64253
2025-07-06T04:33:00,335,72.1,20,0.65188
2025-07-06T04:36:00,334,70.7,20,0.68459
2025-07-06T04:39:00,334,70.2,20,0.69627
2025-07-06T04:42:00,333,69.1,20,0.72197
2025-07-06T04:45:00,333,68.2,20,0.743
2025-07-06T04:48:00,333,67.7,20,0.75468
2025-07-06T04:51:00,333,66.7,20,0.77805
2025-07-06T04:54:00,332,66.4,20,0.78506
2025-07-06T04:57:00,334,65.7,20,0.80141
2025-07-06T05:00:00,333,65.6,20,0.80375
2025-07-06T05:03:00,332,63.7,20,0.84814
2025-07-06T05:06:00,333,62,20,0.88786
2025-07-06T05:09:00,333,61.4,20,0.90188
2025-07-06T05:12:00,332,61.7,20,0.89487
2025-07-06T05:15:00,333,63.2,20,0.85982
2025-07-06T05:18:00,333,63,20,0.8645
2025-07-06T05:21:00,332,61.1,20,0.90889
2025-07-06T05:24:00,334,60.6,20,0.92057
2025-07-06T05:27:00,333,59.6,20,0.94394
2025-07-06T05:30:00,334,59.6,19,0.88705
2025-07-06T05:33:00,335,60.2,19,0.87387
2025-07-06T05:36:00,335,59.6,19,0.88705
2025-07-06T05:39:00,335,59.5,20,0.94627
2025-07-06T05:42:00,336,60,19,0.87826
2025-07-06T05:45:00,336,59,20,0.95796
2025-07-06T05:48:00,338,59.1,20,0.95562
2025-07-06T05:51:00,339,58.5,20,0.96964
2025-07-06T05:54:00,341,57.9,20,0.98366
2025-07-06T05:57:00,339,58.7,19,0.90681
2025-07-06T06:00:00,341,58.7,20,0.96497
2025-07-06T06:03:00,342,58.1,20,0.97898
2025-07-06T06:06:00,341,57.9,19,0.92437
2025-07-06T06:09:00,341,58,19,0.92218
2025-07-06T06:12:00,342,57.9,20,0.98366
2025-07-06T06:15:00,342,56.8,20,1.00936
2025-07-06T06:18:00,343,57.2,19,0.93974
2025-07-06T06:21:00,342,56.9,20,1.00702
2025-07-06T06:24:00,344,56.9,20,1.00702
2025-07-06T06:27:00,345,56.8,20,1.00936
2025-07-06T06:30:00,345,56.4,20,1.01871
2025-07-06T06:33:00,345,56.7,19,0.95072
2025-07-06T06:36:00,345,56.7,20,1.0117
2025-07-06T06:39:00,347,55.7,20,1.03506
2025-07-06T06:42:00,348,55.4,20,1.04207
2025-07-06T06:45:00,348,55.9,20,1.03039
2025-07-06T06:48:00,348,56.1,20,1.02571
2025-07-06T06:51:00,349,55.8,20,1.03272
2025-07-06T06:54:00,349,56.3,20,1.02104
2025-07-06T06:57:00,353,55.8,20,1.03272
2025-07-06T07:00:00,352,56.5,20,1.01637
2025-07-06T07:03:00,356,56.6,20,1.01403
2025-07-06T07:06:00,355,56.5,20,1.01637
2025-07-06T07:09:00,354,55.8,20,1.03272
2025-07-06T07:12:00,354,55.6,20,1.0374
2025-07-06T07:15:00,355,56.4,20,1.01871
2025-07-06T07:18:00,361,56.8,20,1.00936
2025-07-06T07:21:00,359,57.6,20,0.99067
2025-07-06T07:24:00,361,56.1,20,1.02571
2025-07-06T07:27:00,389,55.3,20,1.04441
2025-07-06T07:30:00,394,55.8,20,1.03272
2025-07-06T07:33:00,413,56.2,20,1.02338
2025-07-06T07:36:00,419,56.1,20,1.02571
2025-07-06T07:39:00,498,56.6,20,1.01403
2025-07-06T07:42:00,547,55.7,20,1.03506
2025-07-06T07:45:00,550,55.4,20,1.04207
2025-07-06T07:48:00,558,55.7,21,1.10092
2025-07-06T07:51:00,527,55.3,21,1.11086
2025-07-06T07:54:00,515,61.1,21,0.96672
2025-07-06T07:57:00,504,70.9,17,0.56342
2025-07-06T08:00:00,509,70.5,19,0.64772
2025-07-06T08:03:00,418,67.1,20,0.7687
2025-07-06T08:06:00,413,67.7,19,0.7092
2025-07-06T08:09:00,472,67.8,19,0.707
2025-07-06T08:12:00,440,67.6,19,0.71139
2025-07-06T08:15:00,484,68.1,18,0.65788
2025-07-06T08:18:00,566,70.9,19,0.63894
2025-07-06T08:21:00,643,67.3,20,0.76403
2025-07-06T08:24:00,526,71.9,17,0.54406
2025-07-06T08:27:00,534,69.9,18,0.62076
2025-07-06T08:30:00,452,73.2,18,0.55271
2025-07-06T08:33:00,641,70.2,18,0.61458
2025-07-06T08:36:00,480,72.4,18,0.5692
2025-07-06T08:39:00,657,71.7,17,0.54793
2025-07-06T08:42:00,728,70.6,18,0.60633
2025-07-06T08:45:00,558,70.1,19,0.6565
2025-07-06T08:48:00,678,67,18,0.68057
2025-07-06T08:51:00,468,69.1,19,0.67846
2025-07-06T08:54:00,516,68,18,0.65995
2025-07-06T08:57:00,496,70.2,18,0.61458
2025-07-06T09:00:00,449,66.7,19,0.73115
2025-07-06T09:03:00,482,68.2,19,0.69822
2025-07-06T09:06:00,465,69.4,19,0.67187
2025-07-06T09:09:00,468,67,19,0.72457
2025-07-06T09:12:00,423,64.8,20,0.82244
2025-07-06T09:15:00,495,62.3,20,0.88085
2025-07-06T09:18:00,430,67.7,19,0.7092
2025-07-06T09:21:00,443,64.3,20,0.83412
2025-07-06T09:24:00,416,67.1,18,0.67851
2025-07-06T09:27:00,413,63.4,20,0.85515
2025-07-06T09:30:00,408,61.2,20,0.90655
2025-07-06T09:33:00,408,60.9,19,0.8585
2025-07-06T09:36:00,403,60.2,20,0.92992
2025-07-06T09:39:00,403,58.2,20,0.97665
2025-07-06T09:42:00,402,55.6,21,1.10341
2025-07-06T09:45:00,400,53.9,21,1.14566
2025-07-06T09:48:00,403,60.3,19,0.87168
2025-07-06T09:51:00,395,68.2,18,0.65582
2025-07-06T09:54:00,386,69.9,18,0.62076
2025-07-06T09:57:00,385,67.5,19,0.71359
2025-07-06T10:00:00,386,66.8,19,0.72896
2025-07-06T10:03:00,389,65.4,20,0.80842
2025-07-06T10:06:00,390,66.4,19,0.73774
2025-07-06T10:09:00,394,66.1,19,0.74433
2025-07-06T10:12:00,396,65.6,20,0.80375
2025-07-06T10:15:00,397,65.2,20,0.81309
2025-07-06T10:18:00,400,66.5,19,0.73555
2025-07-06T10:21:00,404,66.2,19,0.74213
2025-07-06T10:24:00,408,68.5,18,0.64963
2025-07-06T10:27:00,414,66.8,18,0.68469
2025-07-06T10:30:00,416,67.2,19,0.72018
2025-07-06T10:33:00,432,63,19,0.81239
2025-07-06T10:36:00,444,65.6,19,0.75531
2025-07-06T10:39:00,441,64.6,19,0.77726
2025-07-06T10:42:00,458,62.4,19,0.82557
2025-07-06T10:45:00,460,61.3,20,0.90422
2025-07-06T10:48:00,441,60,20,0.93459
2025-07-06T10:51:00,449,61.1,20,0.90889
2025-07-06T10:54:00,454,69.2,18,0.6352
2025-07-06T10:57:00,462,68.1,19,0.70041
2025-07-06T11:00:00,469,63.1,20,0.86216
2025-07-06T11:03:00,454,70.8,17,0.56536
2025-07-06T11:06:00,437,72.3,17,0.53632
2025-07-06T11:09:00,446,72.1,18,0.57539
2025-07-06T11:12:00,454,68.1,20,0.74534
2025-07-06T11:15:00,463,71.3,17,0.55568
2025-07-06T11:18:00,458,72.2,17,0.53825
2025-07-06T11:21:00,444,72.6,17,0.53051
2025-07-06T11:24:00,441,70,19,0.6587
2025-07-06T11:27:00,421,70.1,18,0.61664
2025-07-06T11:30:00,420,73.2,17,0.51889
2025-07-06T11:33:00,421,69.3,19,0.67407
2025-07-06T11:36:00,413,71,18,0.59808
2025-07-06T11:39:00,421,71.9,17,0.54406
2025-07-06T11:42:00,446,72.5,17,0.53244
2025-07-06T11:45:00,414,72.8,18,0.56095
2025-07-06T11:48:00,432,71.1,18,0.59601
2025-07-06T11:51:00,420,72.7,17,0.52857
2025-07-06T11:54:00,394,73.1,18,0.55477
2025-07-06T11:57:00,416,68.6,19,0.68944
2025-07-06T12:00:00,465,73.4,18,0.54858
2025-07-06T12:03:00,490,71.7,18,0.58364
2025-07-06T12:06:00,465,72.4,18,0.5692
2025-07-06T12:09:00,398,73.1,18,0.55477
2025-07-06T12:12:00,429,72.6,18,0.56508
2025-07-06T12:15:00,447,73.1,17,0.52083
2025-07-06T12:18:00,469,70.3,18,0.61251
2025-07-06T12:21:00,466,74.2,17,0.49953
2025-07-06T12:24:00,445,72.8,18,0.56095
2025-07-06T12:27:00,422,73.8,18,0.54033
2025-07-06T12:30:00,410,72.5,17,0.53244
2025-07-06T12:33:00,394,69.8,18,0.62282
2025-07-06T12:36:00,386,72.2,18,0.57333
2025-07-06T12:39:00,384,69,19,0.68065
2025-07-06T12:42:00,388,69,19,0.68065
2025-07-06T12:45:00,386,71.6,18,0.5857
2025-07-06T12:48:00,394,69.4,19,0.67187
2025-07-06T12:51:00,401,67.8,20,0.75235
2025-07-06T12:54:00,408,71.4,18,0.58983
2025-07-06T12:57:00,416,74.5,17,0.49372
2025-07-06T13:00:00,436,71.1,19,0.63455
2025-07-06T13:03:00,421,69.5,18,0.62901
2025-07-06T13:06:00,418,71.3,17,0.55568
2025-07-06T13:09:00,427,72.1,19,0.61259
2025-07-06T13:12:00,398,65.8,19,0.75091
2025-07-06T13:15:00,383,73,18,0.55683
2025-07-06T13:18:00,375,70.1,19,0.6565
2025-07-06T13:21:00,372,68.6,19,0.68944
2025-07-06T13:24:00,367,70.2,19,0.65431
2025-07-06T13:27:00,366,68.3,20,0.74066
2025-07-06T13:30:00,358,67.7,20,0.75468
2025-07-06T13:33:00,351,67.8,20,0.75235
2025-07-06T13:36:00,353,67.5,20,0.75936
2025-07-06T13:39:00,351,68.8,19,0.68505
2025-07-06T13:42:00,352,69.1,19,0.67846
2025-07-06T13:45:00,353,68.9,20,0.72665
2025-07-06T13:48:00,353,69.4,20,0.71496
2025-07-06T13:51:00,352,69.4,19,0.67187
2025-07-06T13:54:00,351,69.3,20,0.7173
2025-07-06T13:57:00,350,70,19,0.6587
2025-07-06T14:00:00,353,70.6,19,0.64552
2025-07-06T14:03:00,356,71,19,0.63674
2025-07-06T14:06:00,357,70.2,19,0.65431
2025-07-06T14:09:00,357,69.8,20,0.70562
2025-07-06T14:12:00,356,68.9,20,0.72665
2025-07-06T14:15:00,359,68.5,20,0.73599
2025-07-06T14:18:00,367,67.7,20,0.75468
2025-07-06T14:21:00,378,67.3,20,0.76403
2025-07-06T14:24:00,379,66.3,20,0.78739
2025-07-06T14:27:00,386,65.2,20,0.81309
2025-07-06T14:30:00,389,63.6,20,0.85048
2025-07-06T14:33:00,386,62.6,21,0.92945
2025-07-06T14:36:00,383,59.9,21,0.99655
2025-07-06T14:39:00,380,58.8,21,1.02388
2025-07-06T14:42:00,376,57.6,21,1.05371
2025-07-06T14:45:00,376,56,21,1.09347
2025-07-06T14:48:00,375,66.8,20,0.77571
2025-07-06T14:51:00,370,71.1,19,0.63455
2025-07-06T14:54:00,371,70.2,20,0.69627
2025-07-06T14:57:00,372,68.9,20,0.72665
2025-07-06T15:00:00,369,72.5,19,0.60381
2025-07-06T15:03:00,367,72.1,20,0.65188
2025-07-06T15:06:00,365,71.8,20,0.65889
2025-07-06T15:09:00,365,71.7,20,0.66122
2025-07-06T15:12:00,363,70.3,20,0.69393
2025-07-06T15:15:00,360,70.7,19,0.64333
2025-07-06T15:18:00,357,71.3,19,0.63015
2025-07-06T15:21:00,353,71,20,0.67758
2025-07-06T15:24:00,352,71.4,20,0.66823
2025-07-06T15:27:00,345,71.4,19,0.62796
2025-07-06T15:30:00,339,70.3,20,0.69393
2025-07-06T15:33:00,338,70.7,19,0.64333
2025-07-06T15:36:00,334,71.4,19,0.62796
2025-07-06T15:39:00,333,71.6,19,0.62357
2025-07-06T15:42:00,334,71.9,19,0.61698
2025-07-06T15:45:00,334,72.5,19,0.60381
2025-07-06T15:48:00,338,72.5,19,0.60381
2025-07-06T15:51:00,345,72.5,19,0.60381
2025-07-06T15:54:00,350,72.3,20,0.6472
2025-07-06T15:57:00,346,72.9,19,0.59502
2025-07-06T16:00:00,348,72.8,20,0.63552
2025-07-06T16:03:00,349,72.6,19,0.60161
2025-07-06T16:06:00,345,72.5,20,0.64253
2025-07-06T16:09:00,343,70.8,20,0.68225
2025-07-06T16:12:00,340,71,20,0.67758
2025-07-06T16:15:00,342,71,20,0.67758
2025-07-06T16:18:00,343,70.6,20,0.68692
2025-07-06T16:21:00,343,70.3,20,0.69393
2025-07-06T16:24:00,345,70.3,20,0.69393
2025-07-06T16:27:00,347,69.2,20,0.71964
2025-07-06T16:30:00,347,69.7,20,0.70795
2025-07-06T16:33:00,349,69.5,20,0.71263
2025-07-06T16:36:00,350,68.8,21,0.77537
2025-07-06T16:39:00,348,68,20,0.74767
2025-07-06T16:42:00,346,68.4,20,0.73833
2025-07-06T16:45:00,344,69.1,20,0.72197
2025-07-06T16:48:00,342,68.8,21,0.77537
2025-07-06T16:51:00,342,68.9,21,0.77288
2025-07-06T16:54:00,346,70.1,20,0.69861
2025-07-06T16:57:00,350,70.1,20,0.69861
2025-07-06T17:00:00,353,69.9,20,0.70328
2025-07-06T17:03:00,352,70.1,20,0.69861
2025-07-06T17:06:00,357,70.8,20,0.68225
2025-07-06T17:09:00,360,71.2,20,0.67291
2025-07-06T17:12:00,363,71.2,20,0.67291
2025-07-06T17:15:00,369,71,20,0.67758
2025-07-06T17:18:00,382,70.4,20,0.6916
2025-07-06T17:21:00,391,70.3,20,0.69393
2025-07-06T17:24:00,389,69.3,20,0.7173
2025-07-06T17:27:00,386,69.9,21,0.74803
2025-07-06T17:30:00,384,72,21,0.69584
2025-07-06T17:33:00,380,78.9,19,0.46328
2025-07-06T17:36:00,378,77.4,20,0.52804
2025-07-06T17:39:00,375,76.4,20,0.55141
2025-07-06T17:42:00,369,77.2,20,0.53272
2025-07-06T17:45:00,369,76.2,20,0.55608
2025-07-06T17:48:00,365,76,20,0.56076
2025-07-06T17:51:00,359,75.3,20,0.57711
2025-07-06T17:54:00,350,76.1,20,0.55842
2025-07-06T17:57:00,347,75.8,20,0.56543
2025-07-06T18:00:00,349,75.6,20,0.5701
2025-07-06T18:03:00,346,75.8,20,0.56543
2025-07-06T18:06:00,342,77.1,20,0.53505
2025-07-06T18:09:00,342,76.6,19,0.51378
2025-07-06T18:12:00,345,76.9,20,0.53973
2025-07-06T18:15:00,345,77.3,20,0.53038
2025-07-06T18:18:00,343,77.3,20,0.53038
2025-07-06T18:21:00,342,77.5,20,0.52571
2025-07-06T18:24:00,342,76.9,20,0.53973
2025-07-06T18:27:00,339,77.5,20,0.52571
2025-07-06T18:30:00,336,77.6,19,0.49183
2025-07-06T18:33:00,336,77,20,0.53739
2025-07-06T18:36:00,338,77.1,20,0.53505
2025-07-06T18:39:00,339,76.7,20,0.5444
2025-07-06T18:42:00,342,76.8,20,0.54206
2025-07-06T18:45:00,349,78,19,0.48304
2025-07-06T18:48:00,353,78.4,19,0.47426
2025-07-06T18:51:00,350,78.2,19,0.47865
2025-07-06T18:54:00,347,77.9,20,0.51636
2025-07-06T18:57:00,348,76.6,19,0.51378
2025-07-06T19:00:00,345,75.7,19,0.53354
2025-07-06T19:03:00,340,74,19,0.57087
2025-07-06T19:06:00,337,74,20,0.60748
2025-07-06T19:09:00,338,73.5,20,0.61917
2025-07-06T19:12:00,338,73.3,20,0.62384
2025-07-06T19:15:00,339,72.7,20,0.63786
2025-07-06T19:18:00,336,72.1,20,0.65188
2025-07-06T19:21:00,338,72.8,20,0.63552
2025-07-06T19:24:00,337,72,20,0.65421
2025-07-06T19:27:00,336,71.8,20,0.65889
2025-07-06T19:30:00,336,70.9,20,0.67992
2025-07-06T19:33:00,338,69.2,20,0.71964
2025-07-06T19:36:00,338,69.1,20,0.72197
2025-07-06T19:39:00,336,68.7,20,0.73132
2025-07-06T19:42:00,337,69.1,20,0.72197
2025-07-06T19:45:00,337,69.1,20,0.72197
2025-07-06T19:48:00,336,69,20,0.72431
2025-07-06T19:51:00,338,68.3,20,0.74066
2025-07-06T19:54:00,338,68.7,20,0.73132
2025-07-06T19:57:00,337,68.1,20,0.74534
2025-07-06T20:00:00,338,67.1,20,0.7687
2025-07-06T20:03:00,0,66.7,20,0.77805
2025-07-06T20:06:00,0,68.2,20,0.743
2025-07-06T20:09:00,0,67.8,20,0.75235
2025-07-06T20:12:00,0,68.4,20,0.73833
2025-07-06T20:15:00,0,67.1,20,0.7687
2025-07-06T20:18:00,0,68.2,20,0.743
2025-07-06T20:21:00,0,69.9,20,0.70328
2025-07-06T20:24:00,0,70.2,20,0.69627
2025-07-06T20:27:00,0,71,20,0.67758
2025-07-06T20:30:00,0,70.7,20,0.68459
2025-07-06T20:33:00,0,68.5,20,0.73599
2025-07-06T20:36:00,0,68.4,20,0.73833
2025-07-06T20:39:00,0,71,19,0.63674
2025-07-06T20:42:00,0,72.5,19,0.60381
2025-07-06T20:45:00,0,73.1,19,0.59063
2025-07-06T20:48:00,0,72.9,19,0.59502
2025-07-06T20:51:00,0,72.2,19,0.61039
2025-07-06T20:54:00,0,72.7,19,0.59941
2025-07-06T20:57:00,0,72.9,19,0.59502
2025-07-06T21:00:00,0,74.2,19,0.56648
2025-07-06T21:03:00,0,74.8,19,0.55331
2025-07-06T21:06:00,0,75.5,19,0.53794
2025-07-06T21:09:00,0,76,19,0.52696
2025-07-06T21:12:00,0,76.7,19,0.51159
2025-07-06T21:15:00,0,77.7,19,0.48963
2025-07-06T21:18:00,0,78.8,19,0.46548
2025-07-06T21:21:00,0,79.4,19,0.45231
2025-07-06T21:24:00,0,79.7,19,0.44572
2025-07-06T21:27:00,0,80.6,19,0.42596
2025-07-06T21:30:00,0,80.6,19,0.42596
2025-07-06T21:33:00,0,80,19,0.43913
2025-07-06T21:36:00,0,80.2,19,0.43474
2025-07-06T21:39:00,0,79.9,19,0.44133
2025-07-06T21:42:00,0,79.5,19,0.45011
2025-07-06T21:45:00,0,79.4,19,0.45231
2025-07-06T21:48:00,0,79.2,19,0.4567
2025-07-06T21:51:00,0,79.2,19,0.4567
2025-07-06T21:54:00,0,79,19,0.46109
2025-07-06T21:57:00,0,79.1,19,0.45889
2025-07-06T22:00:00,0,79.2,19,0.4567
2025-07-06T22:03:00,0,78.9,19,0.46328
2025-07-06T22:06:00,0,78,19,0.48304
2025-07-06T22:09:00,0,77.2,18,0.47021
2025-07-06T22:12:00,0,76.7,18,0.48052
2025-07-06T22:15:00,0,76.1,18,0.4929
2025-07-06T22:18:00,0,75.9,18,0.49702
2025-07-06T22:21:00,0,76.7,18,0.48052
2025-07-06T22:24:00,0,76.8,18,0.47846
2025-07-06T22:27:00,0,77.1,18,0.47227
2025-07-06T22:30:00,0,77.7,18,0.4599
2025-07-06T22:33:00,0,77.9,19,0.48524
2025-07-06T22:36:00,0,78.3,19,0.47646
2025-07-06T22:39:00,0,78.7,19,0.46768
2025-07-06T22:42:00,0,79,19,0.46109
2025-07-06T22:45:00,0,79.2,19,0.4567
2025-07-06T22:48:00,0,79.3,19,0.4545
2025-07-06T22:51:00,0,79.7,19,0.44572
2025-07-06T22:54:00,0,79.9,19,0.44133
2025-07-06T22:57:00,0,79.9,19,0.44133
2025-07-06T23:00:00,0,80,19,0.43913
2025-07-06T23:03:00,0,80.2,19,0.43474
2025-07-06T23:06:00,0,81.2,19,0.41278
2025-07-06T23:09:00,0,82.2,19,0.39083
2025-07-06T23:12:00,0,83.1,19,0.37107
2025-07-06T23:15:00,0,83.8,19,0.3557
2025-07-06T23:18:00,0,84.2,19,0.34691
2025-07-06T23:21:00,0,84.6,19,0.33813
2025-07-06T23:24:00,0,84.9,19,0.33154
2025-07-06T23:27:00,0,85.1,19,0.32715
2025-07-06T23:30:00,0,85.3,19,0.32276
2025-07-06T23:33:00,0,85.5,19,0.31837
2025-07-06T23:36:00,0,85.6,19,0.31617
2025-07-06T23:39:00,0,85.8,19,0.31178
2025-07-06T23:42:00,0,85.9,19,0.30959
2025-07-06T23:45:00,0,86,19,0.30739
2025-07-06T23:48:00,0,86.1,19,0.3052
2025-07-06T23:51:00,0,86.2,19,0.303
2025-07-06T23:54:00,0,86.2,19,0.303
2025-07-06T23:57:00,0,86.2,19,0.303
2025-07-07T00:00:00,0,86.2,19,0.303
2025-07-07T00:03:00,0,86.2,19,0.303
2025-07-07T00:06:00,0,86.3,19,0.30081
2025-07-07T00:09:00,0,86.2,19,0.303
2025-07-07T00:12:00,0,86.2,19,0.303
2025-07-07T00:15:00,0,86.2,19,0.303
2025-07-07T00:18:00,0,86.2,19,0.303
2025-07-07T00:21:00,0,86.2,19,0.303
2025-07-07T00:24:00,0,86.2,19,0.303
2025-07-07T00:27:00,0,86.2,19,0.303
2025-07-07T00:30:00,0,86.2,19,0.303
2025-07-07T00:33:00,0,86.4,19,0.29861
2025-07-07T00:36:00,0,86.6,19,0.29422
2025-07-07T00:39:00,0,86.8,19,0.28983
2025-07-07T00:42:00,0,87.1,19,0.28324
2025-07-07T00:45:00,0,87.2,19,0.28104
2025-07-07T00:48:00,0,87.3,19,0.27885
2025-07-07T00:51:00,0,87.3,19,0.27885
2025-07-07T00:54:00,0,87.4,19,0.27665
2025-07-07T00:57:00,0,87.4,19,0.27665
2025-07-07T01:00:00,0,87.4,19,0.27665
2025-07-07T01:03:00,0,87.4,19,0.27665
2025-07-07T01:06:00,0,87.5,19,0.27446
2025-07-07T01:09:00,0,87.6,19,0.27226
2025-07-07T01:12:00,0,87.5,19,0.27446
2025-07-07T01:15:00,0,87.5,19,0.27446
2025-07-07T01:18:00,0,87.5,19,0.27446
2025-07-07T01:21:00,0,87.5,19,0.27446
2025-07-07T01:24:00,0,87.6,19,0.27226
2025-07-07T01:27:00,0,87.6,19,0.27226
2025-07-07T01:30:00,0,87.5,19,0.27446
2025-07-07T01:33:00,0,87.5,19,0.27446
2025-07-07T01:36:00,0,87.5,19,0.27446
2025-07-07T01:39:00,0,87.6,19,0.27226
2025-07-07T01:42:00,0,87.5,19,0.27446
2025-07-07T01:45:00,0,87.5,19,0.27446
2025-07-07T01:48:00,0,87.5,19,0.27446
2025-07-07T01:51:00,0,87.4,19,0.27665
2025-07-07T01:54:00,0,87.4,19,0.27665
2025-07-07T01:57:00,0,87.4,19,0.27665
2025-07-07T02:00:00,0,87.3,18,0.26192
2025-07-07T02:03:00,0,87.3,19,0.27885
2025-07-07T02:06:00,0,87.5,19,0.27446
2025-07-07T02:09:00,0,87.6,19,0.27226
2025-07-07T02:12:00,0,87.8,19,0.26787
2025-07-07T02:15:00,0,87.9,19,0.26567
2025-07-07T02:18:00,0,88,19,0.26348
2025-07-07T02:21:00,0,87.9,19,0.26567
2025-07-07T02:24:00,0,88,18,0.24748
2025-07-07T02:27:00,0,88,18,0.24748
2025-07-07T02:30:00,0,88,19,0.26348
2025-07-07T02:33:00,0,88.1,18,0.24542
2025-07-07T02:36:00,0,88,18,0.24748
2025-07-07T02:39:00,0,88.1,18,0.24542
2025-07-07T02:42:00,0,88.1,18,0.24542
2025-07-07T02:45:00,0,88.1,18,0.24542
2025-07-07T02:48:00,0,88.1,18,0.24542
2025-07-07T02:51:00,0,88.2,18,0.24336
2025-07-07T02:54:00,0,88.1,18,0.24542
2025-07-07T02:57:00,0,88.1,18,0.24542
2025-07-07T03:00:00,0,88.2,18,0.24336
2025-07-07T03:03:00,0,88.2,18,0.24336
2025-07-07T03:06:00,0,88.2,18,0.24336
2025-07-07T03:09:00,0,88.3,18,0.24129
2025-07-07T03:12:00,0,88.3,18,0.24129
2025-07-07T03:15:00,0,88.3,18,0.24129
2025-07-07T03:18:00,0,88.4,18,0.23923
2025-07-07T03:21:00,0,88.4,18,0.23923
2025-07-07T03:24:00,0,88.4,18,0.23923
2025-07-07T03:27:00,0,88.4,18,0.23923
2025-07-07T03:30:00,0,88.4,18,0.23923
2025-07-07T03:33:00,0,88.4,18,0.23923
2025-07-07T03:36:00,0,88.5,18,0.23717
2025-07-07T03:39:00,0,88.4,18,0.23923
2025-07-07T03:42:00,0,88.4,18,0.23923
2025-07-07T03:45:00,0,88.3,18,0.24129
2025-07-07T03:48:00,0,88.3,18,0.24129
2025-07-07T03:51:00,0,88.2,18,0.24336
2025-07-07T03:54:00,0,88.1,18,0.24542
2025-07-07T03:57:00,0,88,18,0.24748
2025-07-07T04:00:00,0,88,18,0.24748
2025-07-07T04:03:00,349,87.7,18,0.25367
2025-07-07T04:06:00,347,87.1,19,0.28324
2025-07-07T04:09:00,345,86.5,19,0.29641
2025-07-07T04:12:00,343,85.7,19,0.31398
2025-07-07T04:15:00,341,85.2,19,0.32496
2025-07-07T04:18:00,340,84.8,19,0.33374
2025-07-07T04:21:00,338,84.4,20,0.36449
2025-07-07T04:24:00,337,84,20,0.37384
2025-07-07T04:27:00,336,83.4,20,0.38786
2025-07-07T04:30:00,336,82.5,20,0.40888
2025-07-07T04:33:00,334,81.6,20,0.42991
2025-07-07T04:36:00,334,80.9,20,0.44627
2025-07-07T04:39:00,333,80.4,20,0.45795
2025-07-07T04:42:00,333,79.2,20,0.48599
2025-07-07T04:45:00,332,78.5,20,0.50234
2025-07-07T04:48:00,331,78.2,20,0.50935
2025-07-07T04:51:00,332,77.6,20,0.52337
2025-07-07T04:54:00,332,76.9,20,0.53973
2025-07-07T04:57:00,331,76.6,20,0.54674
2025-07-07T05:00:00,332,75.9,20,0.56309
2025-07-07T05:03:00,331,76,20,0.56076
2025-07-07T05:06:00,332,75.6,20,0.5701
2025-07-07T05:09:00,332,75.3,20,0.57711
2025-07-07T05:12:00,331,75.3,20,0.57711
2025-07-07T05:15:00,333,74.5,20,0.5958
2025-07-07T05:18:00,333,74.1,20,0.60515
2025-07-07T05:21:00,334,73.9,20,0.60982
2025-07-07T05:24:00,334,73.9,20,0.60982
2025-07-07T05:27:00,334,73.6,20,0.61683
2025-07-07T05:30:00,335,73.1,20,0.62851
2025-07-07T05:33:00,334,73,20,0.63085
2025-07-07T05:36:00,334,72.3,20,0.6472
2025-07-07T05:39:00,335,72.5,20,0.64253
2025-07-07T05:42:00,333,72.8,20,0.63552
2025-07-07T05:45:00,335,73,20,0.63085
2025-07-07T05:48:00,334,73.2,20,0.62618
2025-07-07T05:51:00,334,72.4,20,0.64487
2025-07-07T05:54:00,335,72.9,20,0.63319
2025-07-07T05:57:00,339,71.5,20,0.6659
2025-07-07T06:00:00,338,71,19,0.63674
2025-07-07T06:03:00,339,72,20,0.65421
2025-07-07T06:06:00,339,70.3,20,0.69393
2025-07-07T06:09:00,340,71,20,0.67758
2025-07-07T06:12:00,345,70.8,20,0.68225
2025-07-07T06:15:00,345,71,19,0.63674
2025-07-07T06:18:00,344,71.2,19,0.63235
2025-07-07T06:21:00,343,70.9,19,0.63894
2025-07-07T06:24:00,343,70.7,20,0.68459
2025-07-07T06:27:00,341,70.8,19,0.64113
2025-07-07T06:30:00,342,71,20,0.67758
2025-07-07T06:33:00,349,69.3,20,0.7173
2025-07-07T06:36:00,347,69.7,20,0.70795
2025-07-07T06:39:00,339,69.9,20,0.70328
2025-07-07T06:42:00,338,70.2,19,0.65431
2025-07-07T06:45:00,337.5,70.5,19.5,0.66821
2025-07-07T06:48:00,337,70.8,20,0.68225
2025-07-07T06:51:00,337,70.2,20,0.69627
2025-07-07T06:54:00,338,70.1,20,0.69861
2025-07-07T06:57:00,339,69.3,19,0.67407
2025-07-07T07:00:00,338,70.3,20,0.69393
2025-07-07T07:03:00,336,70.2,20,0.69627
2025-07-07T07:06:00,338,70.3,20,0.69393
2025-07-07T07:09:00,337,70.1,19,0.6565
2025-07-07T07:12:00,337,70.6,19,0.64552
2025-07-07T07:15:00,337,70.6,20,0.68692
2025-07-07T07:18:00,337,70.4,19,0.64991
2025-07-07T07:21:00,336,71.2,20,0.67291
2025-07-07T07:24:00,337,70.4,20,0.6916
2025-07-07T07:27:00,339,70.5,20,0.68926
2025-07-07T07:30:00,342,71.1,20,0.67524
2025-07-07T07:33:00,342,71.5,19,0.62576
2025-07-07T07:36:00,343,71.4,19,0.62796
2025-07-07T07:39:00,344,71,20,0.67758
2025-07-07T07:42:00,343,70.6,20,0.68692
2025-07-07T07:45:00,348,70.4,20,0.6916
2025-07-07T07:48:00,347,71.1,20,0.67524
2025-07-07T07:51:00,347,69.6,20,0.71029
2025-07-07T07:54:00,351,70.2,20,0.69627
2025-07-07T07:57:00,352,69,20,0.72431
2025-07-07T08:00:00,355,70.8,20,0.68225
2025-07-07T08:03:00,358,69.5,20,0.71263
2025-07-07T08:06:00,358,70.3,20,0.69393
2025-07-07T08:09:00,356,69.2,20,0.71964
2025-07-07T08:12:00,361,70.4,20,0.6916
2025-07-07T08:15:00,367,70.1,20,0.69861
2025-07-07T08:18:00,379,68.9,20,0.72665
2025-07-07T08:21:00,375,69.1,20,0.72197
2025-07-07T08:24:00,368,69.2,20,0.71964
2025-07-07T08:27:00,371,68.5,20,0.73599
2025-07-07T08:30:00,367,69,20,0.72431
2025-07-07T08:33:00,369,69,20,0.72431
2025-07-07T08:36:00,373,68,21,0.79525
2025-07-07T08:39:00,372,67.2,20,0.76637
2025-07-07T08:42:00,373,67.5,20,0.75936
2025-07-07T08:45:00,387,68,20,0.74767
2025-07-07T08:48:00,389,67.9,20,0.75001
2025-07-07T08:51:00,432,66.7,20,0.77805
2025-07-07T08:54:00,383,67.3,21,0.81265
2025-07-07T08:57:00,373,67.8,21,0.80022
2025-07-07T09:00:00,364,66.3,21,0.8375
2025-07-07T09:03:00,359,66.4,21,0.83501
2025-07-07T09:06:00,356,66,21,0.84495
2025-07-07T09:09:00,359,66.2,21,0.83998
2025-07-07T09:12:00,363,65.6,21,0.85489
2025-07-07T09:15:00,405,65.8,20,0.79908
2025-07-07T09:18:00,479,71.3,18,0.59189
2025-07-07T09:21:00,449,77.9,18,0.45578
2025-07-07T09:24:00,443,75.9,19,0.52915
2025-07-07T09:27:00,473,74.4,19,0.56209
2025-07-07T09:30:00,424,78.9,19,0.46328
2025-07-07T09:33:00,471,80.3,17,0.38142
2025-07-07T09:36:00,391,79.2,19,0.4567
2025-07-07T09:39:00,526,76.7,19,0.51159
2025-07-07T09:42:00,520,79.2,18,0.42897
2025-07-07T09:45:00,508,74.8,20,0.58879
2025-07-07T09:48:00,482,76.8,18,0.47846
2025-07-07T09:51:00,393,82.5,17,0.33883
2025-07-07T09:54:00,404,78.9,18,0.43515
2025-07-07T09:57:00,364,78.2,19,0.47865
2025-07-07T10:00:00,367,75.2,20,0.57945
2025-07-07T10:03:00,372,73.2,20,0.62618
2025-07-07T10:06:00,380,73.7,19,0.57746
2025-07-07T10:09:00,538,75,19,0.54891
2025-07-07T10:12:00,389,78,18,0.45371
2025-07-07T10:15:00,386,76.4,19,0.51818
2025-07-07T10:18:00,385,78.3,18,0.44753
2025-07-07T10:21:00,449,76,19,0.52696
2025-07-07T10:24:00,400,76.4,19,0.51818
2025-07-07T10:27:00,408,80.2,18,0.40834
2025-07-07T10:30:00,450,77.7,18,0.4599
2025-07-07T10:33:00,474,78.8,18,0.43721
2025-07-07T10:36:00,471,77.8,19,0.48744
2025-07-07T10:39:00,481,74,20,0.60748
2025-07-07T10:42:00,493,77.1,19,0.50281
2025-07-07T10:45:00,498,80.6,18,0.40009
2025-07-07T10:48:00,396,82.7,17,0.33496
2025-07-07T10:51:00,481,82.6,17,0.33689
2025-07-07T10:54:00,479,82.2,17,0.34464
2025-07-07T10:57:00,481,82.1,18,0.36916
2025-07-07T11:00:00,367,81.8,18,0.37534
2025-07-07T11:03:00,365,76.8,20,0.54206
2025-07-07T11:06:00,381,79.15,19,0.45779
2025-07-07T11:09:00,397,81.5,18,0.38153
2025-07-07T11:12:00,375,82.1,18,0.36916
2025-07-07T11:15:00,386,81.4,17,0.36013
2025-07-07T11:18:00,362,81.5,18,0.38153
2025-07-07T11:21:00,370,78.4,19,0.47426
2025-07-07T11:24:00,473,81.4,18,0.38359
2025-07-07T11:27:00,493,81,17,0.36787
2025-07-07T11:30:00,416,80.8,17,0.37174
2025-07-07T11:33:00,387,81.9,17,0.35045
2025-07-07T11:36:00,380,81.5,18,0.38153
2025-07-07T11:39:00,377,78.6,19,0.46987
2025-07-07T11:42:00,380,74.9,19,0.55111
2025-07-07T11:45:00,477,81.4,18,0.38359
2025-07-07T11:48:00,476,82.5,17,0.33883
2025-07-07T11:51:00,465,81.8,17,0.35238
2025-07-07T11:54:00,453,80.7,18,0.39803
2025-07-07T11:57:00,465,80.7,18,0.39803
2025-07-07T12:00:00,468,80.8,18,0.39597
2025-07-07T12:03:00,467,80.5,18,0.40215
2025-07-07T12:06:00,466,81.2,18,0.38772
2025-07-07T12:09:00,484,80,18,0.41247
2025-07-07T12:12:00,465,80.7,18,0.39803
2025-07-07T12:15:00,427,79.8,18,0.41659
2025-07-07T12:18:00,476,78.8,18,0.43721
2025-07-07T12:21:00,471,78.9,19,0.46328
2025-07-07T12:24:00,375,78.5,18,0.4434
2025-07-07T12:27:00,371,81,18,0.39184
2025-07-07T12:30:00,418,79.7,18,0.41865
2025-07-07T12:33:00,386,80.4,18,0.40422
2025-07-07T12:36:00,446,80,18,0.41247
2025-07-07T12:39:00,452,78.8,18,0.43721
2025-07-07T12:42:00,452,79.2,18,0.42897
2025-07-07T12:45:00,457,78.4,18,0.44546
2025-07-07T12:48:00,400,79.1,18,0.43103
2025-07-07T12:51:00,449,78.3,18,0.44753
2025-07-07T12:54:00,450,79.5,18,0.42278
2025-07-07T12:57:00,380,79.1,18,0.43103
2025-07-07T13:00:00,369,79.4,18,0.42484
2025-07-07T13:03:00,412,79.7,18,0.41865
2025-07-07T13:06:00,410,78.4,18,0.44546
2025-07-07T13:09:00,436,79.4,18,0.42484
2025-07-07T13:12:00,442,78.4,18,0.44546
2025-07-07T13:15:00,438,78.7,18,0.43928
2025-07-07T13:18:00,434,79.3,18,0.4269
2025-07-07T13:21:00,436,79.7,18,0.41865
2025-07-07T13:24:00,443,79.2,18,0.42897
2025-07-07T13:27:00,441,78.1,19,0.48085
2025-07-07T13:30:00,438,78.3,19,0.47646
2025-07-07T13:33:00,363,78.2,18,0.44959
2025-07-07T13:36:00,420,77.5,18,0.46402
2025-07-07T13:39:00,400,78.1,18,0.45165
2025-07-07T13:42:00,443,77.8,18,0.45784
2025-07-07T13:45:00,443,77.8,19,0.48744
2025-07-07T13:48:00,446,78.4,19,0.47426
2025-07-07T13:51:00,445,78.9,19,0.46328
2025-07-07T13:54:00,424,78.1,18,0.45165
2025-07-07T13:57:00,413,79.7,18,0.41865
2025-07-07T14:00:00,457,77,18,0.47434
2025-07-07T14:03:00,438,77.1,19,0.50281
2025-07-07T14:06:00,431,77.4,19,0.49622
2025-07-07T14:09:00,445,77.9,19,0.48524
2025-07-07T14:12:00,402,77.9,18,0.45578
2025-07-07T14:15:00,456,78.1,19,0.48085
2025-07-07T14:18:00,469,76.7,19,0.51159
2025-07-07T14:21:00,430,77.3,19,0.49841
2025-07-07T14:24:00,370,76.3,19,0.52037
2025-07-07T14:27:00,365,77.8,19,0.48744
2025-07-07T14:30:00,366,76.1,19,0.52476
2025-07-07T14:33:00,370,78,19,0.48304
2025-07-07T14:36:00,369,77.9,18,0.45578
2025-07-07T14:39:00,468,77.9,19,0.48524
2025-07-07T14:42:00,469,77.8,19,0.48744
2025-07-07T14:45:00,391,77.8,19,0.48744
2025-07-07T14:48:00,370,76.1,18,0.4929
2025-07-07T14:51:00,438,77.9,19,0.48524
2025-07-07T14:54:00,411,77.1,19,0.50281
2025-07-07T14:57:00,397,77.2,19,0.50061
2025-07-07T15:00:00,473,77.5,19,0.49402
2025-07-07T15:03:00,378,77.3,19,0.49841
2025-07-07T15:06:00,369,75.3,19,0.54233
2025-07-07T15:09:00,364,77.6,18,0.46196
2025-07-07T15:12:00,372,79.3,19,0.4545
2025-07-07T15:15:00,393,78.8,19,0.46548
2025-07-07T15:18:00,449,77.4,19,0.49622
2025-07-07T15:21:00,351,78.1,19,0.48085
2025-07-07T15:24:00,349,79.3,18,0.4269
2025-07-07T15:27:00,399.5,79.25,18.5,0.44158
2025-07-07T15:30:00,450,79.2,19,0.4567
2025-07-07T15:33:00,463,78.4,19,0.47426
2025-07-07T15:36:00,457,77.9,19,0.48524
2025-07-07T15:39:00,449,76.4,19,0.51818
2025-07-07T15:42:00,450,76.6,19,0.51378
2025-07-07T15:45:00,361,77.7,19,0.48963
2025-07-07T15:48:00,394,77.3,19,0.49841
2025-07-07T15:51:00,359,77.2,19,0.50061
2025-07-07T15:54:00,485,77.8,19,0.48744
2025-07-07T15:57:00,560,76.6,19,0.51378
2025-07-07T16:00:00,536,76.7,19,0.51159
2025-07-07T16:03:00,468,76.4,19,0.51818
2025-07-07T16:06:00,463,76.2,19,0.52257
2025-07-07T16:09:00,423,76.7,19,0.51159
2025-07-07T16:12:00,460,77.4,19,0.49622
2025-07-07T16:15:00,460,78,19,0.48304
2025-07-07T16:18:00,511,76.3,19,0.52037
2025-07-07T16:21:00,412,76.3,19,0.52037
2025-07-07T16:24:00,463,77.1,19,0.50281
2025-07-07T16:27:00,488,77.6,20,0.52337
2025-07-07T16:30:00,350,75.5,19,0.53794
2025-07-07T16:33:00,351,77,19,0.505
2025-07-07T16:36:00,421,77,19,0.505
2025-07-07T16:39:00,468,76.2,19,0.52257
2025-07-07T16:42:00,509,76.5,19,0.51598
2025-07-07T16:45:00,495,75.7,19,0.53354
2025-07-07T16:48:00,484,76.8,19,0.50939
2025-07-07T16:51:00,468,76.6,19,0.51378
2025-07-07T16:54:00,440,75.5,19,0.53794
2025-07-07T16:57:00,431,76.1,19,0.52476
2025-07-07T17:00:00,430,75.7,20,0.56776
2025-07-07T17:03:00,429,75.2,19,0.54452
2025-07-07T17:06:00,416,75.5,20,0.57244
2025-07-07T17:09:00,430,76.8,20,0.54206
2025-07-07T17:12:00,421,76.3,19,0.52037
2025-07-07T17:15:00,413,77.5,19,0.49402
2025-07-07T17:18:00,411,75.2,19,0.54452
2025-07-07T17:21:00,405,75.1,19,0.54672
2025-07-07T17:24:00,421,75.7,19,0.53354
2025-07-07T17:27:00,423,76.8,19,0.50939
2025-07-07T17:30:00,376,77.1,19,0.50281
2025-07-07T17:33:00,364,77.2,19,0.50061
2025-07-07T17:36:00,361,77,19,0.505
2025-07-07T17:39:00,377,77.2,19,0.50061
2025-07-07T17:42:00,361,76.6,19,0.51378
2025-07-07T17:45:00,354,79.6,19,0.44791
2025-07-07T17:48:00,353,78.1,19,0.48085
2025-07-07T17:51:00,358,79.3,19,0.4545
2025-07-07T17:54:00,358,78.7,19,0.46768
2025-07-07T17:57:00,359,79.6,18,0.42072
2025-07-07T18:00:00,358,78.9,19,0.46328
2025-07-07T18:03:00,472,78.1,19,0.48085
2025-07-07T18:06:00,547,77.2,19,0.50061
2025-07-07T18:09:00,520,77.4,19,0.49622
2025-07-07T18:12:00,425,77.7,19,0.48963
2025-07-07T18:15:00,475,77.5,19,0.49402
2025-07-07T18:18:00,402,78.8,19,0.46548
2025-07-07T18:21:00,358,78.5,19,0.47207
2025-07-07T18:24:00,355,78.8,19,0.46548
2025-07-07T18:27:00,347,79.5,19,0.45011
2025-07-07T18:30:00,364,79.5,19,0.45011
2025-07-07T18:33:00,352,79.1,19,0.45889
2025-07-07T18:36:00,395,79.9,19,0.44133
2025-07-07T18:39:00,351,80.7,19,0.42376
2025-07-07T18:42:00,360,78.2,19,0.47865
2025-07-07T18:45:00,347,79.5,18,0.42278
2025-07-07T18:48:00,350,79.3,19,0.4545
2025-07-07T18:51:00,358,79.1,18,0.43103
2025-07-07T18:54:00,354,79.3,19,0.4545
2025-07-07T18:57:00,344,80.6,18,0.40009
2025-07-07T19:00:00,344,80,18,0.41247
2025-07-07T19:03:00,344.5,79.8,18,0.41659
2025-07-07T19:06:00,345,79.6,18,0.42072
2025-07-07T19:09:00,342,79.6,18,0.42072
2025-07-07T19:12:00,342,80.6,18,0.40009
2025-07-07T19:15:00,341,79.7,18,0.41865
2025-07-07T19:18:00,338,79.7,18,0.41865
2025-07-07T19:21:00,341,79.8,18,0.41659
2025-07-07T19:24:00,341,80.6,18,0.40009
2025-07-07T19:27:00,339,80.7,18,0.39803
2025-07-07T19:30:00,339,81,18,0.39184
2025-07-07T19:33:00,337,81.4,18,0.38359
2025-07-07T19:36:00,335,80.6,18,0.40009
2025-07-07T19:39:00,334,80.8,18,0.39597
2025-07-07T19:42:00,333,80.2,18,0.40834
2025-07-07T19:45:00,332,80.5,18,0.40215
2025-07-07T19:48:00,330,81.1,18,0.38978
2025-07-07T19:51:00,329,81.2,18,0.38772
2025-07-07T19:54:00,328,82.1,18,0.36916
2025-07-07T19:57:00,328,81.2,18,0.38772
2025-07-07T20:00:00,328,81.1,18,0.38978
2025-07-07T20:03:00,12,82,18,0.37122
2025-07-07T20:06:00,12,81.5,18,0.38153
2025-07-07T20:09:00,12,81.8,17,0.35238
2025-07-07T20:12:00,11,82.7,18,0.35678
2025-07-07T20:15:00,10,83,17,0.32915
2025-07-07T20:18:00,10,83.5,17,0.31947
2025-07-07T20:21:00,10,82.2,17,0.34464
2025-07-07T20:24:00,10,82.4,17,0.34076
2025-07-07T20:27:00,0,83.2,17,0.32528
2025-07-07T20:30:00,0,83.7,17,0.31559
2025-07-07T20:33:00,0,82.9,17,0.33108
2025-07-07T20:36:00,0,81.2,17,0.364
2025-07-07T20:39:00,0,81.9,18,0.37328
2025-07-07T20:42:00,0,79.8,18,0.41659
2025-07-07T20:45:00,0,82,18,0.37122
2025-07-07T20:48:00,0,82.1,18,0.36916
2025-07-07T20:51:00,0,81.6,18,0.37947
2025-07-07T20:54:00,0,80.7,18,0.39803
2025-07-07T20:57:00,0,80.7,18,0.39803
2025-07-07T21:00:00,0,80.1,18,0.4104
2025-07-07T21:03:00,0,80.6,18,0.40009
2025-07-07T21:06:00,0,81.4,18,0.38359
2025-07-07T21:09:00,0,79.6,18,0.42072
2025-07-07T21:12:00,0,79.1,19,0.45889
2025-07-07T21:15:00,0,78.8,19,0.46548
2025-07-07T21:18:00,0,80.8,19,0.42157
2025-07-07T21:21:00,0,82,18,0.37122
2025-07-07T21:24:00,0,82.9,18,0.35266
2025-07-07T21:27:00,0,82.7,18,0.35678
2025-07-07T21:30:00,0,82.5,18,0.36091
2025-07-07T21:33:00,0,82.6,18,0.35885
2025-07-07T21:36:00,0,83.3,18,0.34441
2025-07-07T21:39:00,0,82.6,18,0.35885
2025-07-07T21:42:00,0,82,18,0.37122
2025-07-07T21:45:00,0,82.2,18,0.3671
2025-07-07T21:48:00,0,81.5,19,0.4062
2025-07-07T21:51:00,0,82.5,19,0.38424
2025-07-07T21:54:00,0,82.6,19,0.38204
2025-07-07T21:57:00,0,82.9,19,0.37546
2025-07-07T22:00:00,0,80.9,19,0.41937
2025-07-07T22:03:00,0,81,19,0.41717
2025-07-07T22:06:00,0,80.6,19,0.42596
2025-07-07T22:09:00,0,79.8,19,0.44352
2025-07-07T22:12:00,0,80.5,19,0.42815
2025-07-07T22:15:00,0,79.3,19,0.4545
2025-07-07T22:18:00,0,80.7,19,0.42376
2025-07-07T22:21:00,0,79.1,19,0.45889
2025-07-07T22:24:00,0,78.1,19,0.48085
2025-07-07T22:27:00,0,77.6,19,0.49183
2025-07-07T22:30:00,0,77.3,19,0.49841
2025-07-07T22:33:00,0,76.7,19,0.51159
2025-07-07T22:36:00,0,76.5,19,0.51598
2025-07-07T22:39:00,0,76.4,19,0.51818
2025-07-07T22:42:00,0,76.1,19,0.52476
2025-07-07T22:45:00,0,75.7,19,0.53354
2025-07-07T22:48:00,0,75.5,19,0.53794
2025-07-07T22:51:00,0,75.7,19,0.53354
2025-07-07T22:54:00,0,75.3,19,0.54233
2025-07-07T22:57:00,0,75.1,19,0.54672
2025-07-07T23:00:00,0,75.1,19,0.54672
2025-07-07T23:03:00,0,75.3,19,0.54233
2025-07-07T23:06:00,0,76.1,19,0.52476
2025-07-07T23:09:00,0,77.5,19,0.49402
2025-07-07T23:12:00,0,78.4,19,0.47426
2025-07-07T23:15:00,0,78.6,19,0.46987
2025-07-07T23:18:00,0,78.7,19,0.46768
2025-07-07T23:21:00,0,78.9,19,0.46328
2025-07-07T23:24:00,0,79,19,0.46109
2025-07-07T23:27:00,0,79.1,19,0.45889
2025-07-07T23:30:00,0,79.2,19,0.4567
2025-07-07T23:33:00,0,78.8,19,0.46548
2025-07-07T23:36:00,0,78.8,19,0.46548
2025-07-07T23:39:00,0,78.8,19,0.46548
2025-07-07T23:42:00,0,78.8,19,0.46548
2025-07-07T23:45:00,0,78.7,19,0.46768
2025-07-07T23:48:00,0,78.7,19,0.46768
2025-07-07T23:51:00,0,78.7,19,0.46768
2025-07-07T23:54:00,0,78.6,19,0.46987
2025-07-07T23:57:00,0,78.6,19,0.46987
2025-07-08T00:00:00,0,78.4,19,0.47426
2025-07-08T00:03:00,0,78.4,19,0.47426
2025-07-08T00:06:00,0,78.4,19,0.47426
2025-07-08T00:09:00,0,78.4,19,0.47426
2025-07-08T00:12:00,0,78.4,19,0.47426
2025-07-08T00:15:00,0,78.2,19,0.47865
2025-07-08T00:18:00,0,78.3,19,0.47646
2025-07-08T00:21:00,0,78.3,19,0.47646
2025-07-08T00:24:00,0,78.3,19,0.47646
2025-07-08T00:27:00,0,78.4,19,0.47426
2025-07-08T00:30:00,0,79,19,0.46109
2025-07-08T00:33:00,0,79.6,19,0.44791
2025-07-08T00:36:00,0,81,19,0.41717
2025-07-08T00:39:00,0,81.2,19,0.41278
2025-07-08T00:42:00,0,81.8,19,0.39961
2025-07-08T00:45:00,0,83.3,19,0.36667
2025-07-08T00:48:00,0,83.6,19,0.36009
2025-07-08T00:51:00,0,84,19,0.35131
2025-07-08T00:54:00,0,84.3,19,0.34472
2025-07-08T00:57:00,0,85.2,19,0.32496
2025-07-08T01:00:00,0,85.7,19,0.31398
2025-07-08T01:03:00,0,86,19,0.30739
2025-07-08T01:06:00,0,86.2,19,0.303
2025-07-08T01:09:00,0,86.5,19,0.29641
2025-07-08T01:12:00,0,86.7,19,0.29202
2025-07-08T01:15:00,0,86.9,19,0.28763
2025-07-08T01:18:00,0,87,19,0.28544
2025-07-08T01:21:00,0,87.1,19,0.28324
2025-07-08T01:24:00,0,87.3,19,0.27885
2025-07-08T01:27:00,0,87.3,19,0.27885
2025-07-08T01:30:00,0,87.3,19,0.27885
2025-07-08T01:33:00,0,87.3,19,0.27885
2025-07-08T01:36:00,0,87.3,19,0.27885
2025-07-08T01:39:00,0,87.4,19,0.27665
2025-07-08T01:42:00,0,87.3,19,0.27885
2025-07-08T01:45:00,0,87.4,19,0.27665
2025-07-08T01:48:00,0,87.3,19,0.27885
2025-07-08T01:51:00,0,87.4,19,0.27665
2025-07-08T01:54:00,0,87.4,19,0.27665
2025-07-08T01:57:00,0,87.4,19,0.27665
2025-07-08T02:00:00,0,87.4,19,0.27665
2025-07-08T02:03:00,0,87.5,19,0.27446
2025-07-08T02:06:00,0,87.6,19,0.27226
2025-07-08T02:09:00,0,87.7,19,0.27007
2025-07-08T02:12:00,0,87.9,19,0.26567
2025-07-08T02:15:00,0,88,19,0.26348
2025-07-08T02:18:00,0,88.1,19,0.26128
2025-07-08T02:21:00,0,88.1,19,0.26128
2025-07-08T02:24:00,0,88.2,19,0.25909
2025-07-08T02:27:00,0,88.3,19,0.25689
2025-07-08T02:30:00,0,88.3,19,0.25689
2025-07-08T02:33:00,0,88.3,19,0.25689
2025-07-08T02:36:00,0,88.3,19,0.25689
2025-07-08T02:39:00,0,88.3,19,0.25689
2025-07-08T02:42:00,0,88.3,19,0.25689
2025-07-08T02:45:00,0,88.3,19,0.25689
2025-07-08T02:48:00,0,88.3,19,0.25689
2025-07-08T02:51:00,0,88.3,19,0.25689
2025-07-08T02:54:00,0,88.3,19,0.25689
2025-07-08T02:57:00,0,88.3,19,0.25689
2025-07-08T03:00:00,0,88.3,19,0.25689
2025-07-08T03:03:00,0,88.3,19,0.25689
2025-07-08T03:06:00,0,88.2,19,0.25909
2025-07-08T03:09:00,0,88.2,19,0.25909
2025-07-08T03:12:00,0,88.3,19,0.25689
2025-07-08T03:15:00,0,88.3,19,0.25689
2025-07-08T03:18:00,0,88.2,19,0.25909
2025-07-08T03:21:00,0,88.2,19,0.25909
2025-07-08T03:24:00,0,88.2,18,0.24336
2025-07-08T03:27:00,0,88.15,18.5,0.25218
2025-07-08T03:30:00,0,88.1,19,0.26128
2025-07-08T03:33:00,0,88.2,18,0.24336
2025-07-08T03:36:00,0,88,18,0.24748
2025-07-08T03:39:00,0,88,18,0.24748
2025-07-08T03:42:00,0,88,18,0.24748
2025-07-08T03:45:00,0,87.9,18,0.24954
2025-07-08T03:48:00,0,87.9,18,0.24954
2025-07-08T03:51:00,0,87.8,18,0.2516
2025-07-08T03:54:00,0,87.9,18,0.24954
2025-07-08T03:57:00,0,87.7,18,0.25367
2025-07-08T04:00:00,0,87.6,18,0.25573
2025-07-08T04:03:00,350,87.6,18,0.25573
2025-07-08T04:06:00,347,86.9,19,0.28763
2025-07-08T04:09:00,345,86.3,19,0.30081
2025-07-08T04:12:00,343,85.6,19,0.31617
2025-07-08T04:15:00,341,85.1,19,0.32715
2025-07-08T04:18:00,339,84.7,19,0.33594
2025-07-08T04:21:00,339,84.3,19,0.34472
2025-07-08T04:24:00,336,84,20,0.37384
2025-07-08T04:27:00,335,83.2,20,0.39253
2025-07-08T04:30:00,335,83.2,20,0.39253
2025-07-08T04:33:00,334,82.4,20,0.41122
2025-07-08T04:36:00,334,80.7,20,0.45094
2025-07-08T04:39:00,334,79.5,20,0.47898
2025-07-08T04:42:00,334,78.7,20,0.49767
2025-07-08T04:45:00,334,77.7,20,0.52103
2025-07-08T04:48:00,332,76.2,20,0.55608
2025-07-08T04:51:00,332,75.6,20,0.5701
2025-07-08T04:54:00,331,74.7,20,0.59113
2025-07-08T04:57:00,332,73.4,20,0.6215
2025-07-08T05:00:00,331,72.9,20,0.63319
2025-07-08T05:03:00,331,72.1,20,0.65188
2025-07-08T05:06:00,332,71.6,20,0.66356
2025-07-08T05:09:00,332,71.1,20,0.67524
2025-07-08T05:12:00,334,70.7,20,0.68459
2025-07-08T05:15:00,333,70,20,0.70094
2025-07-08T05:18:00,333,69.3,20,0.7173
2025-07-08T05:21:00,333,69,20,0.72431
2025-07-08T05:24:00,334,68.7,20,0.73132
2025-07-08T05:27:00,335,68.4,20,0.73833
2025-07-08T05:30:00,334,68.2,20,0.743
2025-07-08T05:33:00,335,69.5,20,0.71263
2025-07-08T05:36:00,336,68.9,20,0.72665
2025-07-08T05:39:00,336,68.3,20,0.74066
2025-07-08T05:42:00,335,67.3,19,0.71798
2025-07-08T05:45:00,336,67.2,20,0.76637
2025-07-08T05:48:00,335,68.7,20,0.73132
2025-07-08T05:51:00,336,67.7,20,0.75468
2025-07-08T05:54:00,337,66.5,20,0.78272
2025-07-08T05:57:00,338,66.8,19,0.72896
2025-07-08T06:00:00,336,66.8,20,0.77571
2025-07-08T06:03:00,339,68.4,20,0.73833
2025-07-08T06:06:00,338,69.5,20,0.71263
2025-07-08T06:09:00,339,69.2,20,0.71964
2025-07-08T06:12:00,340,68.1,20,0.74534
2025-07-08T06:15:00,341,68.1,19,0.70041
2025-07-08T06:18:00,342,68.4,20,0.73833
2025-07-08T06:21:00,345,68.2,20,0.743
2025-07-08T06:24:00,346,67,20,0.77104
2025-07-08T06:27:00,347,66.9,20,0.77337
2025-07-08T06:30:00,348,68,19,0.70261
2025-07-08T06:33:00,350,67.3,20,0.76403
2025-07-08T06:36:00,351,67.7,20,0.75468
2025-07-08T06:39:00,353,66.6,20,0.78038
2025-07-08T06:42:00,353,67,20,0.77104
2025-07-08T06:45:00,354,67.9,20,0.75001
2025-07-08T06:48:00,356,66.7,20,0.77805
2025-07-08T06:51:00,357,66.4,20,0.78506
2025-07-08T06:54:00,358,66.3,20,0.78739
2025-07-08T06:57:00,360,66.2,20,0.78973
2025-07-08T07:00:00,361,66.6,20,0.78038
2025-07-08T07:03:00,362,66.8,20,0.77571
2025-07-08T07:06:00,364,66,20,0.7944
2025-07-08T07:09:00,364,66.3,20,0.78739
2025-07-08T07:12:00,367,65.9,20,0.79674
2025-07-08T07:15:00,367,65.5,20,0.80609
2025-07-08T07:18:00,369,65.4,20,0.80842
2025-07-08T07:21:00,371,65,20,0.81777
2025-07-08T07:24:00,373,64.5,21,0.88223
2025-07-08T07:27:00,378,64.4,21,0.88471
2025-07-08T07:30:00,391,64.1,21,0.89217
2025-07-08T07:33:00,430,64,21,0.89466
2025-07-08T07:36:00,474,64.9,20,0.8201
2025-07-08T07:39:00,519,63.7,21,0.90211
2025-07-08T07:42:00,567,65.3,21,0.86235
2025-07-08T07:45:00,576,68.5,20,0.73599
2025-07-08T07:48:00,557,77.1,18,0.47227
2025-07-08T07:51:00,517,79.3,18,0.4269
2025-07-08T07:54:00,504,76.4,20,0.55141
2025-07-08T07:57:00,504,77.3,18,0.46815
2025-07-08T08:00:00,530,80,18,0.41247
2025-07-08T08:03:00,470,80.1,18,0.4104
2025-07-08T08:06:00,438,80.6,18,0.40009
2025-07-08T08:09:00,480,80.7,18,0.39803
2025-07-08T08:12:00,551,81.1,18,0.38978
2025-07-08T08:15:00,575,81,18,0.39184
2025-07-08T08:18:00,602,81.5,18,0.38153
2025-07-08T08:21:00,625,80.9,18,0.39391
2025-07-08T08:24:00,608,80.2,18,0.40834
2025-07-08T08:27:00,592,80.4,18,0.40422
2025-07-08T08:30:00,579,80.6,18,0.40009
2025-07-08T08:33:00,630,80.2,18,0.40834
2025-07-08T08:36:00,641,80.2,18,0.40834
2025-07-08T08:39:00,642,80,18,0.41247
2025-07-08T08:42:00,642,80.3,18,0.40628
2025-07-08T08:45:00,684,79.9,18,0.41453
2025-07-08T08:48:00,680,79.1,18,0.43103
2025-07-08T08:51:00,695,79.2,18,0.42897
2025-07-08T08:54:00,704,79.8,19,0.44352
2025-07-08T08:57:00,700,79.2,19,0.4567
2025-07-08T09:00:00,745,78.4,19,0.47426
2025-07-08T09:03:00,734,78.1,19,0.48085
2025-07-08T09:06:00,752,77.9,19,0.48524
2025-07-08T09:09:00,710,78.1,19,0.48085
2025-07-08T09:12:00,545,78.5,19,0.47207
2025-07-08T09:15:00,473,78.2,19,0.47865
2025-07-08T09:18:00,457,78.3,19,0.47646
2025-07-08T09:21:00,449,78.5,19,0.47207
2025-07-08T09:24:00,448,76.8,19,0.50939
2025-07-08T09:27:00,446,77.6,19,0.49183
2025-07-08T09:30:00,446,76.8,19,0.50939
2025-07-08T09:33:00,447,77.5,19,0.49402
2025-07-08T09:36:00,449,77.4,19,0.49622
2025-07-08T09:39:00,473,77.7,19,0.48963
2025-07-08T09:42:00,497,77.3,19,0.49841
2025-07-08T09:45:00,462,76.7,19,0.51159
2025-07-08T09:48:00,472,77,19,0.505
2025-07-08T09:51:00,493,77.1,19,0.50281
2025-07-08T09:54:00,496,77.1,19,0.50281
2025-07-08T09:57:00,490,77,19,0.505
2025-07-08T10:00:00,456,76.4,20,0.55141
2025-07-08T10:03:00,466,75.9,19,0.52915
2025-07-08T10:06:00,556,75.9,19,0.52915
2025-07-08T10:09:00,497,75.7,20,0.56776
2025-07-08T10:12:00,465,76.5,20,0.54907
2025-07-08T10:15:00,455,76,20,0.56076
2025-07-08T10:18:00,455,75.7,20,0.56776
2025-07-08T10:21:00,504,75,20,0.58412
2025-07-08T10:24:00,478,75,20,0.58412
2025-07-08T10:27:00,451,75.7,20,0.56776
2025-07-08T10:30:00,451,75.7,20,0.56776
2025-07-08T10:33:00,451,76.4,19,0.51818
2025-07-08T10:36:00,449,76.6,20,0.54674
2025-07-08T10:39:00,447,76.8,20,0.54206
2025-07-08T10:42:00,445,75.7,20,0.56776
2025-07-08T10:45:00,445,75,20,0.58412
2025-07-08T10:48:00,444,75.3,20,0.57711
2025-07-08T10:51:00,444,75.7,20,0.56776
2025-07-08T10:54:00,441,76.1,20,0.55842
2025-07-08T10:57:00,443,75.1,20,0.58178
2025-07-08T11:00:00,442,75.3,20,0.57711
2025-07-08T11:03:00,443,73.9,20,0.60982
2025-07-08T11:06:00,442,73.9,20,0.60982
2025-07-08T11:09:00,442,73.8,20,0.61216
2025-07-08T11:12:00,443,75.3,20,0.57711
2025-07-08T11:15:00,447,74.6,20,0.59347
2025-07-08T11:18:00,452,74.1,20,0.60515
2025-07-08T11:21:00,464,73.5,20,0.61917
2025-07-08T11:24:00,427,73.5,20,0.61917
2025-07-08T11:27:00,430,73.5,20,0.61917
2025-07-08T11:30:00,435,73.2,20,0.62618
2025-07-08T11:33:00,449,74.6,20,0.59347
2025-07-08T11:36:00,441,74.6,20,0.59347
2025-07-08T11:39:00,449,73.9,20,0.60982
2025-07-08T11:42:00,404,73.5,20,0.61917
2025-07-08T11:45:00,442,74.1,21,0.64365
2025-07-08T11:48:00,447,73.3,21,0.66354
2025-07-08T11:51:00,430,73.2,21,0.66602
2025-07-08T11:54:00,437,73.2,21,0.66602
2025-07-08T11:57:00,443,72.9,21,0.67348
2025-07-08T12:00:00,440,72,21,0.69584
2025-07-08T12:03:00,438,71.6,21,0.70578
2025-07-08T12:06:00,437,72.4,21,0.6859
2025-07-08T12:09:00,438,72.2,21,0.69087
2025-07-08T12:12:00,437,73.1,21,0.66851
2025-07-08T12:15:00,435,71.6,21,0.70578
2025-07-08T12:18:00,435,72.1,21,0.69336
2025-07-08T12:21:00,433,71.6,21,0.70578
2025-07-08T12:24:00,432,70.5,21,0.73312
2025-07-08T12:27:00,432,70.8,21,0.72566
2025-07-08T12:30:00,432,70.7,21,0.72815
2025-07-08T12:33:00,432,71.6,21,0.70578
2025-07-08T12:36:00,432,71.2,21,0.71572
2025-07-08T12:39:00,430,71.7,21,0.7033
2025-07-08T12:42:00,430,70.6,21,0.73064
2025-07-08T12:45:00,430,71.1,21,0.71821
2025-07-08T12:48:00,430,71.1,21,0.71821
2025-07-08T12:51:00,430,71.3,22,0.75827
2025-07-08T12:54:00,430,73.2,22,0.70807
2025-07-08T12:57:00,432,73.6,22,0.6975
2025-07-08T13:00:00,429,71.6,22,0.75034
2025-07-08T13:03:00,430,71.8,22,0.74506
2025-07-08T13:06:00,430,71.3,22,0.75827
2025-07-08T13:09:00,432,71.9,22,0.74242
2025-07-08T13:12:00,432,72.5,22,0.72656
2025-07-08T13:15:00,431,72.1,22,0.73713
2025-07-08T13:18:00,432,71.7,22,0.7477
2025-07-08T13:21:00,430,71.4,22,0.75563
2025-07-08T13:24:00,430,72.9,22,0.71599
2025-07-08T13:27:00,432,71.9,22,0.74242
2025-07-08T13:30:00,432,71.8,22,0.74506
2025-07-08T13:33:00,433,73,22,0.71335
2025-07-08T13:36:00,433,73.1,22,0.71071
2025-07-08T13:39:00,435,73.8,22,0.69222
2025-07-08T13:42:00,434,72.6,22,0.72392
2025-07-08T13:45:00,435,72.4,22,0.72921
2025-07-08T13:48:00,435,71.9,22,0.74242
2025-07-08T13:51:00,436,71.7,22,0.7477
2025-07-08T13:54:00,435,71.7,22,0.7477
2025-07-08T13:57:00,435,72.2,22,0.73449
2025-07-08T14:00:00,434,73,22,0.71335
2025-07-08T14:03:00,435,70.8,22,0.77148
2025-07-08T14:06:00,435,70.7,22,0.77412
2025-07-08T14:09:00,438,71,22,0.76619
2025-07-08T14:12:00,438,72.5,22,0.72656
2025-07-08T14:15:00,442,71.6,23,0.79734
2025-07-08T14:18:00,443,71.2,22,0.76091
2025-07-08T14:21:00,443,70.7,22,0.77412
2025-07-08T14:24:00,443,70.1,23,0.83946
2025-07-08T14:27:00,445,71,23,0.81419
2025-07-08T14:30:00,446,70.6,23,0.82542
2025-07-08T14:33:00,446,70.4,23,0.83103
2025-07-08T14:36:00,447,70.2,23,0.83665
2025-07-08T14:39:00,447,70.6,23,0.82542
2025-07-08T14:42:00,446,71.2,22,0.76091
2025-07-08T14:45:00,446,70.4,23,0.83103
2025-07-08T14:48:00,461,70.3,23,0.83384
2025-07-08T14:51:00,448,71.4,23,0.80296
2025-07-08T14:54:00,468,70.7,23,0.82261
2025-07-08T14:57:00,446,70.7,23,0.82261
2025-07-08T15:00:00,445,70.5,23,0.82823
2025-07-08T15:03:00,444,69.8,23,0.84788
2025-07-08T15:06:00,445,69.7,23,0.85069
2025-07-08T15:09:00,442.5,70.75,23,0.82121
2025-07-08T15:12:00,440,71.8,23,0.79173
2025-07-08T15:15:00,443,70.9,23,0.817
2025-07-08T15:18:00,440,71.8,23,0.79173
2025-07-08T15:21:00,409,71.7,23,0.79454
2025-07-08T15:24:00,423,71.1,23,0.81138
2025-07-08T15:27:00,430,71,23,0.81419
2025-07-08T15:30:00,443,70.9,23,0.817
2025-07-08T15:33:00,426,71.7,23,0.79454
2025-07-08T15:36:00,437,71.3,23,0.80577
2025-07-08T15:39:00,437,71.7,23,0.79454
2025-07-08T15:42:00,416,71,23,0.81419
2025-07-08T15:45:00,420,69.8,23,0.84788
2025-07-08T15:48:00,418,71,23,0.81419
2025-07-08T15:51:00,428,70.6,23,0.82542
2025-07-08T15:54:00,444,71.5,23,0.80015
2025-07-08T15:57:00,520,70.9,23,0.817
2025-07-08T16:00:00,530,71.1,23,0.81138
2025-07-08T16:03:00,421,71,23,0.81419
2025-07-08T16:06:00,397,70.5,23,0.82823
2025-07-08T16:09:00,405,72.3,22,0.73185
2025-07-08T16:12:00,429,72.6,22,0.72392
2025-07-08T16:15:00,402,72.5,23,0.77207
2025-07-08T16:18:00,389,73.2,23,0.75242
2025-07-08T16:21:00,407,73.1,22,0.71071
2025-07-08T16:24:00,407,72.8,22,0.71864
2025-07-08T16:27:00,455,73.3,23,0.74961
2025-07-08T16:30:00,393,73.3,23,0.74961
2025-07-08T16:33:00,446,73.9,23,0.73277
2025-07-08T16:36:00,461,74.1,23,0.72715
2025-07-08T16:39:00,468,73.6,23,0.74119
2025-07-08T16:42:00,512,72.8,23,0.76365
2025-07-08T16:45:00,449,73.3,23,0.74961
2025-07-08T16:48:00,441,72.8,23,0.76365
2025-07-08T16:51:00,416,73.4,23,0.74681
2025-07-08T16:54:00,415,74.1,23,0.72715
2025-07-08T16:57:00,383,74,23,0.72996
2025-07-08T17:00:00,379,74,23,0.72996
2025-07-08T17:03:00,405,73,23,0.75804
2025-07-08T17:06:00,375,74.1,23,0.72715
2025-07-08T17:09:00,387,74.3,23,0.72154
2025-07-08T17:12:00,391,75,23,0.70189
2025-07-08T17:15:00,383,75,23,0.70189
2025-07-08T17:18:00,384,75.7,23,0.68223
2025-07-08T17:21:00,379,75.6,23,0.68504
2025-07-08T17:24:00,372,75.2,23,0.69627
2025-07-08T17:27:00,391,75.8,23,0.67943
2025-07-08T17:30:00,416,76.2,23,0.6682
2025-07-08T17:33:00,430,77.1,23,0.64293
2025-07-08T17:36:00,433,76.9,23,0.64854
2025-07-08T17:39:00,431,76.3,23,0.66539
2025-07-08T17:42:00,440,75.3,23,0.69346
2025-07-08T17:45:00,436,75.8,23,0.67943
2025-07-08T17:48:00,515,74.6,23,0.71312
2025-07-08T17:51:00,585,75.1,23,0.69908
2025-07-08T17:54:00,595,74.8,24,0.75147
2025-07-08T17:57:00,595,74.6,24,0.75744
2025-07-08T18:00:00,455,74.6,24,0.75744
2025-07-08T18:03:00,481,74.8,24,0.75147
2025-07-08T18:06:00,563,75.7,23,0.68223
2025-07-08T18:09:00,468,75.7,23,0.68223
2025-07-08T18:12:00,431,76.2,23,0.6682
2025-07-08T18:15:00,501,76.6,23,0.65697
2025-07-08T18:18:00,355,76.8,23,0.65135
2025-07-08T18:21:00,377,76.9,23,0.64854
2025-07-08T18:24:00,387,76.8,23,0.65135
2025-07-08T18:27:00,471,77.4,23,0.63451
2025-07-08T18:30:00,425,77.4,23,0.63451
2025-07-08T18:33:00,378,77.6,23,0.62889
2025-07-08T18:36:00,385,78.1,23,0.61485
2025-07-08T18:39:00,381,77.5,23,0.6317
2025-07-08T18:42:00,374,77.4,23,0.63451
2025-07-08T18:45:00,367,77.7,23,0.62608
2025-07-08T18:48:00,362,77.8,23,0.62327
2025-07-08T18:51:00,362,78.2,23,0.61204
2025-07-08T18:54:00,351,78.2,23,0.61204
2025-07-08T18:57:00,359,78.2,23,0.61204
2025-07-08T19:00:00,357,78.2,23,0.61204
2025-07-08T19:03:00,351,78.1,23,0.61485
2025-07-08T19:06:00,340,79,22,0.55483
2025-07-08T19:09:00,337,78.7,22,0.56276
2025-07-08T19:12:00,336,79,22,0.55483
2025-07-08T19:15:00,336,79.9,22,0.53105
2025-07-08T19:18:00,336,79.1,22,0.55219
2025-07-08T19:21:00,338,79.5,22,0.54162
2025-07-08T19:24:00,339,78.9,22,0.55747
2025-07-08T19:27:00,337,79.2,22,0.54955
2025-07-08T19:30:00,338,79.2,22,0.54955
2025-07-08T19:33:00,339,79.2,22,0.54955
2025-07-08T19:36:00,342,79.5,22,0.54162
2025-07-08T19:39:00,345,79.8,22,0.53369
2025-07-08T19:42:00,343,79.7,22,0.53634
2025-07-08T19:45:00,342,80,22,0.52841
2025-07-08T19:48:00,342,80,22,0.52841
2025-07-08T19:51:00,341,80.7,22,0.50992
2025-07-08T19:54:00,341,80.4,22,0.51784
2025-07-08T19:57:00,342,80.8,22,0.50727
2025-07-08T20:00:00,342,80.9,22,0.50463
2025-07-08T20:03:00,19,81.2,22,0.49671
2025-07-08T20:06:00,18,81.9,21,0.44981
2025-07-08T20:09:00,17,82.2,21,0.44236
2025-07-08T20:12:00,16,82.5,21,0.4349
2025-07-08T20:15:00,15,82.3,21,0.43987
2025-07-08T20:18:00,13,82.3,21,0.43987
2025-07-08T20:21:00,13,82.4,21,0.43739
2025-07-08T20:24:00,13,83,21,0.42248
2025-07-08T20:27:00,11,83.3,21,0.41502
2025-07-08T20:30:00,10,83.8,21,0.40259
2025-07-08T20:33:00,10,83.5,21,0.41005
2025-07-08T20:36:00,10,83.5,21,0.41005
2025-07-08T20:39:00,9,83.5,21,0.41005
2025-07-08T20:42:00,0,83.7,21,0.40508
2025-07-08T20:45:00,0,84.1,21,0.39514
2025-07-08T20:48:00,0,84.6,21,0.38271
2025-07-08T20:51:00,0,84.4,21,0.38768
2025-07-08T20:54:00,0,84.6,21,0.38271
2025-07-08T20:57:00,0,84.8,21,0.37774
2025-07-08T21:00:00,0,84.3,21,0.39017
2025-07-08T21:03:00,0,85.1,21,0.37029
2025-07-08T21:06:00,0,85.1,21,0.37029
2025-07-08T21:09:00,0,85.3,21,0.36532
2025-07-08T21:12:00,0,85.3,21,0.36532
2025-07-08T21:15:00,0,85.2,21,0.3678
2025-07-08T21:18:00,0,85.5,20,0.33879
2025-07-08T21:21:00,0,85.5,21,0.36035
2025-07-08T21:24:00,0,85.2,21,0.3678
2025-07-08T21:27:00,0,84.8,21,0.37774
2025-07-08T21:30:00,0,85.3,20,0.34346
2025-07-08T21:33:00,0,85.3,20,0.34346
2025-07-08T21:36:00,0,85.2,20,0.3458
2025-07-08T21:39:00,0,85.1,20,0.34814
2025-07-08T21:42:00,0,84.9,20,0.35281
2025-07-08T21:45:00,0,84.6,20,0.35982
2025-07-08T21:48:00,0,84.8,20,0.35514
2025-07-08T21:51:00,0,84.9,20,0.35281
2025-07-08T21:54:00,0,84.7,20,0.35748
2025-07-08T21:57:00,0,84.7,20,0.35748
2025-07-08T22:00:00,0,85,20,0.35047
2025-07-08T22:03:00,0,84.8,20,0.35514
2025-07-08T22:06:00,0,84.6,20,0.35982
2025-07-08T22:09:00,0,85,20,0.35047
2025-07-08T22:12:00,0,84.9,20,0.35281
2025-07-08T22:15:00,0,85,20,0.35047
2025-07-08T22:18:00,0,85.3,19,0.32276
2025-07-08T22:21:00,0,85.4,20,0.34113
2025-07-08T22:24:00,0,85.4,19,0.32057
2025-07-08T22:27:00,0,85.2,20,0.3458
2025-07-08T22:30:00,0,85.5,19,0.31837
2025-07-08T22:33:00,0,85.2,19,0.32496
2025-07-08T22:36:00,0,85.4,19,0.32057
2025-07-08T22:39:00,0,85.8,19,0.31178
2025-07-08T22:42:00,0,85.6,19,0.31617
2025-07-08T22:45:00,0,85.8,19,0.31178
2025-07-08T22:48:00,0,86,19,0.30739
2025-07-08T22:51:00,0,85.6,19,0.31617
2025-07-08T22:54:00,0,85.6,19,0.31617
2025-07-08T22:57:00,0,85.3,19,0.32276
2025-07-08T23:00:00,0,85.8,19,0.31178
2025-07-08T23:03:00,0,85.7,19,0.31398
2025-07-08T23:06:00,0,86.5,19,0.29641
2025-07-08T23:09:00,0,86.3,19,0.30081
2025-07-08T23:12:00,0,86,19,0.30739
2025-07-08T23:15:00,0,85.4,19,0.32057
2025-07-08T23:18:00,0,85.6,19,0.31617
2025-07-08T23:21:00,0,85.7,19,0.31398
2025-07-08T23:24:00,0,85.7,19,0.31398
2025-07-08T23:27:00,0,85.2,19,0.32496
2025-07-08T23:30:00,0,85.7,19,0.31398
2025-07-08T23:33:00,0,85,19,0.32935
2025-07-08T23:36:00,0,84.8,19,0.33374
2025-07-08T23:39:00,0,85.1,19,0.32715
2025-07-08T23:42:00,0,84.8,19,0.33374
2025-07-08T23:45:00,0,85.2,19,0.32496
2025-07-08T23:48:00,0,85.1,19,0.32715
2025-07-08T23:51:00,0,84.8,19,0.33374
2025-07-08T23:54:00,0,84.5,19,0.34033
2025-07-08T23:57:00,0,84.4,19,0.34252
2025-07-09T00:00:00,0,84.9,19,0.33154
2025-07-09T00:03:00,0,84.6,19,0.33813
2025-07-09T00:06:00,0,84.5,19,0.34033
2025-07-09T00:09:00,0,85.1,19,0.32715
2025-07-09T00:12:00,0,84.6,19,0.33813
2025-07-09T00:15:00,0,84.5,19,0.34033
2025-07-09T00:18:00,0,84.5,19,0.34033
2025-07-09T00:21:00,0,84.5,19,0.34033
2025-07-09T00:24:00,0,84.6,19,0.33813
2025-07-09T00:27:00,0,84.4,19,0.34252
2025-07-09T00:30:00,0,84.7,19,0.33594
2025-07-09T00:33:00,0,84.7,19,0.33594
2025-07-09T00:36:00,0,84.8,19,0.33374
2025-07-09T00:39:00,0,84.9,19,0.33154
2025-07-09T00:42:00,0,84.9,19,0.33154
2025-07-09T00:45:00,0,84.9,19,0.33154
2025-07-09T00:48:00,0,85.1,19,0.32715
2025-07-09T00:51:00,0,85.4,19,0.32057
2025-07-09T00:54:00,0,85.2,19,0.32496
2025-07-09T00:57:00,0,85.1,19,0.32715
2025-07-09T01:00:00,0,85.5,19,0.31837
2025-07-09T01:03:00,0,85.3,19,0.32276
2025-07-09T01:06:00,0,85.3,19,0.32276
2025-07-09T01:09:00,0,85.5,19,0.31837
2025-07-09T01:12:00,0,85.4,19,0.32057
2025-07-09T01:15:00,0,85.3,19,0.32276
2025-07-09T01:18:00,0,85.1,19,0.32715
2025-07-09T01:21:00,0,85.7,19,0.31398
2025-07-09T01:24:00,0,85.7,19,0.31398
2025-07-09T01:27:00,0,85.5,19,0.31837
2025-07-09T01:30:00,0,85.8,19,0.31178
2025-07-09T01:33:00,0,85.7,19,0.31398
2025-07-09T01:36:00,0,85.6,19,0.31617
2025-07-09T01:39:00,0,85.9,19,0.30959
2025-07-09T01:42:00,0,85.8,19,0.31178
2025-07-09T01:45:00,0,85.8,19,0.31178
2025-07-09T01:48:00,0,86.2,19,0.303
2025-07-09T01:51:00,0,86.2,19,0.303
2025-07-09T01:54:00,0,85.7,19,0.31398
2025-07-09T01:57:00,0,86.2,19,0.303
2025-07-09T02:00:00,0,86.4,19,0.29861
2025-07-09T02:03:00,0,86.3,19,0.30081
2025-07-09T02:06:00,0,86.7,19,0.29202
2025-07-09T02:09:00,0,86.6,19,0.29422
2025-07-09T02:12:00,0,86.7,19,0.29202
2025-07-09T02:15:00,0,86.7,19,0.29202
2025-07-09T02:18:00,0,86.8,19,0.28983
2025-07-09T02:21:00,0,86.8,18,0.27223
2025-07-09T02:24:00,0,87.2,18,0.26398
2025-07-09T02:27:00,0,87.2,18,0.26398
2025-07-09T02:30:00,0,87.3,18,0.26192
2025-07-09T02:33:00,0,86.6,18,0.27635
2025-07-09T02:36:00,0,87.5,18,0.25779
2025-07-09T02:39:00,0,86.7,18,0.27429
2025-07-09T02:42:00,0,86.7,18,0.27429
2025-07-09T02:45:00,0,87.9,18,0.24954
2025-07-09T02:48:00,0,87.1,18,0.26604
2025-07-09T02:51:00,0,87.4,18,0.25985
2025-07-09T02:54:00,0,87.5,18,0.25779
2025-07-09T02:57:00,0,86.7,19,0.29202
2025-07-09T03:00:00,0,87.4,18,0.25985
2025-07-09T03:03:00,0,87.7,18,0.25367
2025-07-09T03:06:00,0,87.5,18,0.25779
2025-07-09T03:09:00,0,85.5,19,0.31837
2025-07-09T03:12:00,0,84.4,19,0.34252
2025-07-09T03:15:00,0,83.7,19,0.35789
2025-07-09T03:18:00,0,83.7,19,0.35789
2025-07-09T03:21:00,0,85.5,19,0.31837
2025-07-09T03:24:00,0,86.1,19,0.3052
2025-07-09T03:27:00,0,86.4,18,0.28048
2025-07-09T03:30:00,0,85.2,19,0.32496
2025-07-09T03:33:00,0,85,19,0.32935
2025-07-09T03:36:00,0,82.5,19,0.38424
2025-07-09T03:39:00,0,82.3,19,0.38863
2025-07-09T03:42:00,0,84.7,19,0.33594
2025-07-09T03:45:00,0,85.4,19,0.32057
2025-07-09T03:48:00,0,86.2,19,0.303
2025-07-09T03:51:00,0,84.6,19,0.33813
2025-07-09T03:54:00,0,83.6,19,0.36009
2025-07-09T03:57:00,0,83.9,19,0.3535
2025-07-09T04:00:00,0,83.6,19,0.36009
2025-07-09T04:03:00,350,84.8,19,0.33374
2025-07-09T04:06:00,346,84.7,19,0.33594
2025-07-09T04:09:00,344,83.8,19,0.3557
2025-07-09T04:12:00,342,82.5,19,0.38424
2025-07-09T04:15:00,339,81.9,19,0.39741
2025-07-09T04:18:00,337,81.2,19,0.41278
2025-07-09T04:21:00,336,81.5,20,0.43225
2025-07-09T04:24:00,336,82,19,0.39522
2025-07-09T04:27:00,334,82.4,19,0.38644
2025-07-09T04:30:00,334,82,20,0.42057
2025-07-09T04:33:00,333,80.5,20,0.45561
2025-07-09T04:36:00,331,80.1,20,0.46496
2025-07-09T04:39:00,331,80.4,20,0.45795
2025-07-09T04:42:00,331,80.9,20,0.44627
2025-07-09T04:45:00,331,81.2,19,0.41278
2025-07-09T04:48:00,331,80.9,20,0.44627
2025-07-09T04:51:00,331,80.4,20,0.45795
2025-07-09T04:54:00,331,80.8,20,0.4486
2025-07-09T04:57:00,331,79.7,20,0.47431
2025-07-09T05:00:00,329,79.6,20,0.47664
2025-07-09T05:03:00,331,79.7,20,0.47431
2025-07-09T05:06:00,331,79.6,20,0.47664
2025-07-09T05:09:00,331,79.7,20,0.47431
2025-07-09T05:12:00,331,78.2,20,0.50935
2025-07-09T05:15:00,331,77.9,20,0.51636
2025-07-09T05:18:00,332,78.4,20,0.50468
2025-07-09T05:21:00,332,78.4,20,0.50468
2025-07-09T05:24:00,332,79.4,20,0.48131
2025-07-09T05:27:00,332,78.5,20,0.50234
2025-07-09T05:30:00,334,77.9,20,0.51636
2025-07-09T05:33:00,332,78.4,20,0.50468
2025-07-09T05:36:00,333,77.8,20,0.5187
2025-07-09T05:39:00,335,78.1,20,0.51169
2025-07-09T05:42:00,334,77.7,20,0.52103
2025-07-09T05:45:00,334,77.6,20,0.52337
2025-07-09T05:48:00,335,78,20,0.51403
2025-07-09T05:51:00,335,77.8,20,0.5187
2025-07-09T05:54:00,333,77.7,20,0.52103
2025-07-09T05:57:00,336,77.1,20,0.53505
2025-07-09T06:00:00,336,76.5,20,0.54907
2025-07-09T06:03:00,337,76.3,20,0.55375
2025-07-09T06:06:00,337,76,20,0.56076
2025-07-09T06:09:00,339,75.3,20,0.57711
2025-07-09T06:12:00,341,74.6,20,0.59347
2025-07-09T06:15:00,340,74.2,20,0.60281
2025-07-09T06:18:00,342,73.6,20,0.61683
2025-07-09T06:21:00,345,74.1,20,0.60515
2025-07-09T06:24:00,345,73.2,21,0.66602
2025-07-09T06:27:00,347,73.2,21,0.66602
2025-07-09T06:30:00,348,72.4,21,0.6859
2025-07-09T06:33:00,350,71.7,21,0.7033
2025-07-09T06:36:00,352,70.9,21,0.72318
2025-07-09T06:39:00,352,71,21,0.72069
2025-07-09T06:42:00,354,70.2,21,0.74058
2025-07-09T06:45:00,353,69.9,21,0.74803
2025-07-09T06:48:00,356,70.4,21,0.73561
2025-07-09T06:51:00,355,78.3,20,0.50702
2025-07-09T06:54:00,355,78.9,20,0.493
2025-07-09T06:57:00,358,77.9,20,0.51636
2025-07-09T07:00:00,356,80.2,19,0.43474
2025-07-09T07:03:00,358,79.5,20,0.47898
2025-07-09T07:06:00,361,78,20,0.51403
2025-07-09T07:09:00,361,78.7,19,0.46768
2025-07-09T07:12:00,360,81.9,19,0.39741
2025-07-09T07:15:00,362,79.4,20,0.48131
2025-07-09T07:18:00,364,77.7,20,0.52103
2025-07-09T07:21:00,364,81.7,19,0.40181
2025-07-09T07:24:00,364,83.2,19,0.36887
2025-07-09T07:27:00,370,79.6,20,0.47664
2025-07-09T07:30:00,383,81.1,19,0.41498
2025-07-09T07:33:00,421,82.7,19,0.37985
2025-07-09T07:36:00,467,83,18,0.3506
2025-07-09T07:39:00,498,83.1,19,0.37107
2025-07-09T07:42:00,536,83.8,19,0.3557
2025-07-09T07:45:00,547,82.2,19,0.39083
2025-07-09T07:48:00,515,82.6,19,0.38204
2025-07-09T07:51:00,485,81.8,19,0.39961
2025-07-09T07:54:00,479,82,19,0.39522
2025-07-09T07:57:00,482,82.7,19,0.37985
2025-07-09T08:00:00,522,81.8,19,0.39961
2025-07-09T08:03:00,482,81.5,19,0.4062
2025-07-09T08:06:00,430,81.8,19,0.39961
2025-07-09T08:09:00,463,81.4,19,0.40839
2025-07-09T08:12:00,526,81.8,19,0.39961
2025-07-09T08:15:00,558,81.7,19,0.40181
2025-07-09T08:18:00,593,81.6,19,0.404
2025-07-09T08:21:00,615,81.8,19,0.39961
2025-07-09T08:24:00,575,81.6,20,0.42991
2025-07-09T08:27:00,569,80.8,19,0.42157
2025-07-09T08:30:00,572,81.7,20,0.42758
2025-07-09T08:33:00,604,80.6,20,0.45328
2025-07-09T08:36:00,649,80.5,20,0.45561
2025-07-09T08:39:00,676,80.4,20,0.45795
2025-07-09T08:42:00,665,81.2,20,0.43926
2025-07-09T08:45:00,706,80.6,20,0.45328
2025-07-09T08:48:00,706,79.9,20,0.46963
2025-07-09T08:51:00,682,80.7,20,0.45094
2025-07-09T08:54:00,704,80.5,20,0.45561
2025-07-09T08:57:00,695,80,20,0.4673
2025-07-09T09:00:00,725,80.4,20,0.45795
2025-07-09T09:03:00,730,79.2,20,0.48599
2025-07-09T09:06:00,738,78.7,20,0.49767
2025-07-09T09:09:00,708,79.1,20,0.48832
2025-07-09T09:12:00,553,79.1,20,0.48832
2025-07-09T09:15:00,471,79.4,20,0.48131
2025-07-09T09:18:00,460.5,79.55,20,0.47781
2025-07-09T09:21:00,450,79.7,20,0.47431
2025-07-09T09:24:00,446,79.5,20,0.47898
2025-07-09T09:27:00,446,79.2,20,0.48599
2025-07-09T09:30:00,443,79.5,20,0.47898
2025-07-09T09:33:00,445,79.4,20,0.48131
2025-07-09T09:36:00,445,80.6,20,0.45328
2025-07-09T09:39:00,449,78.8,21,0.52685
2025-07-09T09:42:00,495,79.3,21,0.51443
2025-07-09T09:45:00,465,79.1,21,0.5194
2025-07-09T09:48:00,460,78.9,21,0.52437
2025-07-09T09:51:00,520,78.6,21,0.53182
2025-07-09T09:54:00,495,79.2,21,0.51691
2025-07-09T09:57:00,484,79,21,0.52188
2025-07-09T10:00:00,455,78.8,21,0.52685
2025-07-09T10:03:00,455,80,21,0.49703
2025-07-09T10:06:00,519,77.5,21,0.55916
2025-07-09T10:09:00,501,79.7,21,0.50449
2025-07-09T10:12:00,482,78.8,21,0.52685
2025-07-09T10:15:00,456,79.6,21,0.50697
2025-07-09T10:18:00,453,79.8,22,0.53369
2025-07-09T10:21:00,476,79.3,22,0.5469
2025-07-09T10:24:00,495,78.1,21,0.54425
2025-07-09T10:27:00,452,78.4,21,0.53679
2025-07-09T10:30:00,449,80,21,0.49703
2025-07-09T10:33:00,450,78.5,22,0.56804
2025-07-09T10:36:00,450,79.2,22,0.54955
2025-07-09T10:39:00,449,78.7,22,0.56276
2025-07-09T10:42:00,447,77.6,22,0.59182
2025-07-09T10:45:00,447,77.5,22,0.59446
2025-07-09T10:48:00,445,77.5,22,0.59446
2025-07-09T10:51:00,444,78.4,22,0.57068
2025-07-09T10:54:00,446,78.8,22,0.56011
2025-07-09T10:57:00,444,78.2,23,0.61204
2025-07-09T11:00:00,446,78,23,0.61766
2025-07-09T11:03:00,446,78.2,23,0.61204
2025-07-09T11:06:00,446,77.5,22,0.59446
2025-07-09T11:09:00,446,78.4,23,0.60643
2025-07-09T11:12:00,446,78.9,23,0.59239
2025-07-09T11:15:00,448,78.5,23,0.60362
2025-07-09T11:18:00,481,78.8,23,0.5952
2025-07-09T11:21:00,464,78.9,23,0.59239
2025-07-09T11:24:00,452,78.3,23,0.60924
2025-07-09T11:27:00,448,77.8,23,0.62327
2025-07-09T11:30:00,447,78.8,23,0.5952
2025-07-09T11:33:00,447,77.8,23,0.62327
2025-07-09T11:36:00,446,78.5,23,0.60362
2025-07-09T11:39:00,444,79.1,23,0.58678
2025-07-09T11:42:00,446,78.5,23,0.60362
2025-07-09T11:45:00,444,78.2,23,0.61204
2025-07-09T11:48:00,443,78.9,23,0.59239
2025-07-09T11:51:00,443,78.7,23,0.59801
2025-07-09T11:54:00,443,79.5,23,0.57555
2025-07-09T11:57:00,445,78.5,24,0.64114
2025-07-09T12:00:00,443,78.3,24,0.6471
2025-07-09T12:03:00,446,78.3,24,0.6471
2025-07-09T12:06:00,449,77.9,24,0.65903
2025-07-09T12:09:00,455,77,24,0.68587
2025-07-09T12:12:00,435,78.4,24,0.64412
2025-07-09T12:15:00,418,78.7,24,0.63517
2025-07-09T12:18:00,377,78,24,0.65605
2025-07-09T12:21:00,471,78.5,24,0.64114
2025-07-09T12:24:00,458,77.4,24,0.67394
2025-07-09T12:27:00,460,77.8,24,0.66201
2025-07-09T12:30:00,452,77.9,24,0.65903
2025-07-09T12:33:00,452,77.2,24,0.67991
2025-07-09T12:36:00,451,77.6,25,0.70917
2025-07-09T12:39:00,449,78.1,25,0.69334
2025-07-09T12:42:00,446,77.8,25,0.70284
2025-07-09T12:45:00,444,77.3,25,0.71867
2025-07-09T12:48:00,430,78.1,25,0.69334
2025-07-09T12:51:00,441,78.2,24,0.65008
2025-07-09T12:54:00,420,78.5,25,0.68068
2025-07-09T12:57:00,443,78.5,25,0.68068
2025-07-09T13:00:00,443,78.2,25,0.69018
2025-07-09T13:03:00,460,78.2,25,0.69018
2025-07-09T13:06:00,432,78.1,25,0.69334
2025-07-09T13:09:00,446,76.4,25,0.74716
2025-07-09T13:12:00,448,77.1,25,0.725
2025-07-09T13:15:00,463,77.9,25,0.69967
2025-07-09T13:18:00,471,77.9,25,0.69967
2025-07-09T13:21:00,386,78.1,25,0.69334
2025-07-09T13:24:00,460,78.1,25,0.69334
2025-07-09T13:27:00,475,78.1,25,0.69334
2025-07-09T13:30:00,384,77,25,0.72817
2025-07-09T13:33:00,387,78.3,25,0.68701
2025-07-09T13:36:00,482,79.4,25,0.65218
2025-07-09T13:39:00,416,78.6,25,0.67751
2025-07-09T13:42:00,430,79,25,0.66485
2025-07-09T13:45:00,397,78,25,0.69651
2025-07-09T13:48:00,392,78,25,0.69651
2025-07-09T13:51:00,472,79.9,25,0.63636
2025-07-09T13:54:00,405,78.3,25,0.68701
2025-07-09T13:57:00,446,78.8,25,0.67118
2025-07-09T14:00:00,376,78.7,25,0.67435
2025-07-09T14:03:00,471,79.3,25,0.65535
2025-07-09T14:06:00,455,78.4,25,0.68384
2025-07-09T14:09:00,463,78.1,25,0.69334
2025-07-09T14:12:00,484,78.3,25,0.68701
2025-07-09T14:15:00,421,78.6,25,0.67751
2025-07-09T14:18:00,489,78.1,25,0.69334
2025-07-09T14:21:00,386,78.5,24,0.64114
2025-07-09T14:24:00,386,77.1,24,0.68289
2025-07-09T14:27:00,397,79.1,24,0.62325
2025-07-09T14:30:00,475,78.2,24,0.65008
2025-07-09T14:33:00,468,78.1,24,0.65307
2025-07-09T14:36:00,422,77.2,25,0.72184
2025-07-09T14:39:00,457,76.8,25,0.7345
2025-07-09T14:42:00,449,76.7,24,0.69482
2025-07-09T14:45:00,420,77.4,25,0.7155
2025-07-09T14:48:00,425,77.1,24,0.68289
2025-07-09T14:51:00,406,77.4,24,0.67394
2025-07-09T14:54:00,455,77.6,24,0.66798
2025-07-09T14:57:00,458,77,24,0.68587
2025-07-09T15:00:00,457,76.3,24,0.70674
2025-07-09T15:03:00,456,76.9,24,0.68885
2025-07-09T15:06:00,446,76.3,24,0.70674
2025-07-09T15:09:00,424,76.9,24,0.68885
2025-07-09T15:12:00,447,75.7,24,0.72464
2025-07-09T15:15:00,449,76.1,24,0.71271
2025-07-09T15:18:00,446,76.4,24,0.70376
2025-07-09T15:21:00,449,75.8,24,0.72165
2025-07-09T15:24:00,457,75.1,24,0.74253
2025-07-09T15:27:00,467,76.1,24,0.71271
2025-07-09T15:30:00,467,74.3,24,0.76638
2025-07-09T15:33:00,387,74.6,23,0.71312
2025-07-09T15:36:00,440,76.3,24,0.70674
2025-07-09T15:39:00,459,75.5,24,0.7306
2025-07-09T15:42:00,457,74.6,24,0.75744
2025-07-09T15:45:00,452,73.7,24,0.78428
2025-07-09T15:48:00,447,74.7,24,0.75446
2025-07-09T15:51:00,452,75.7,24,0.72464
2025-07-09T15:54:00,460,76,24,0.71569
2025-07-09T15:57:00,513,75.8,24,0.72165
2025-07-09T16:00:00,511,74.9,24,0.74849
2025-07-09T16:03:00,456,73.8,24,0.78129
2025-07-09T16:06:00,392,73.4,24,0.79322
2025-07-09T16:09:00,457,74,24,0.77533
2025-07-09T16:12:00,452,75,24,0.74551
2025-07-09T16:15:00,452,75.4,24,0.73358
2025-07-09T16:18:00,459,74.9,24,0.74849
2025-07-09T16:21:00,504,75.8,24,0.72165
2025-07-09T16:24:00,459,74.7,24,0.75446
2025-07-09T16:27:00,479,74.5,24,0.76042
2025-07-09T16:30:00,467,74.9,23,0.70469
2025-07-09T16:33:00,419,75.3,23,0.69346
2025-07-09T16:36:00,377,76,24,0.71569
2025-07-09T16:39:00,393,75,23,0.70189
2025-07-09T16:42:00,486,75.2,23,0.69627
2025-07-09T16:45:00,495,74.9,23,0.70469
2025-07-09T16:48:00,463,75.4,23,0.69066
2025-07-09T16:51:00,441,76.3,23,0.66539
2025-07-09T16:54:00,429,75.4,23,0.69066
2025-07-09T16:57:00,425,75.6,23,0.68504
2025-07-09T17:00:00,419,75.4,23,0.69066
2025-07-09T17:03:00,419,75,23,0.70189
2025-07-09T17:06:00,418,74.4,23,0.71873
2025-07-09T17:09:00,416,74.7,23,0.71031
2025-07-09T17:12:00,406,74.6,23,0.71312
2025-07-09T17:15:00,403,76,23,0.67381
2025-07-09T17:18:00,402,74.3,23,0.72154
2025-07-09T17:21:00,409,75.4,23,0.69066
2025-07-09T17:24:00,423,73.4,23,0.74681
2025-07-09T17:27:00,412,75.1,23,0.69908
2025-07-09T17:30:00,386,74.6,23,0.71312
2025-07-09T17:33:00,452,75.1,23,0.69908
2025-07-09T17:36:00,466,74.8,23,0.7075
2025-07-09T17:39:00,413,74.7,23,0.71031
2025-07-09T17:42:00,409,74.6,23,0.71312
2025-07-09T17:45:00,436,74.3,23,0.72154
2025-07-09T17:48:00,531,74.9,23,0.70469
2025-07-09T17:51:00,571,74.7,23,0.71031
2025-07-09T17:54:00,562,74.9,23,0.70469
2025-07-09T17:57:00,523,72.8,23,0.76365
2025-07-09T18:00:00,433,73.2,23,0.75242
2025-07-09T18:03:00,481,73.3,23,0.74961
2025-07-09T18:06:00,571,73,23,0.75804
2025-07-09T18:09:00,492,73.7,22,0.69486
2025-07-09T18:12:00,539,73.4,22,0.70278
2025-07-09T18:15:00,476,73.3,22,0.70543
2025-07-09T18:18:00,400,73.5,22,0.70014
2025-07-09T18:21:00,395,72.3,22,0.73185
2025-07-09T18:24:00,392,72,22,0.73977
2025-07-09T18:27:00,520,72.3,22,0.73185
2025-07-09T18:30:00,405,72.8,22,0.71864
2025-07-09T18:33:00,375,73.1,22,0.71071
2025-07-09T18:36:00,375,73.2,22,0.70807
2025-07-09T18:39:00,370,74.2,22,0.68165
2025-07-09T18:42:00,365,73.5,22,0.70014
2025-07-09T18:45:00,363,73.3,22,0.70543
2025-07-09T18:48:00,361,73.7,22,0.69486
2025-07-09T18:51:00,361,74.1,22,0.68429
2025-07-09T18:54:00,353,74.9,22,0.66315
2025-07-09T18:57:00,341,75.5,22,0.6473
2025-07-09T19:00:00,339,75.2,22,0.65523
2025-07-09T19:03:00,334,75.8,21,0.60141
2025-07-09T19:06:00,336,75.7,21,0.60389
2025-07-09T19:09:00,336,75.5,21,0.60886
2025-07-09T19:12:00,351,75.7,21,0.60389
2025-07-09T19:15:00,350,74.9,21,0.62377
2025-07-09T19:18:00,349,74.4,21,0.6362
2025-07-09T19:21:00,345.5,74.85,21,0.62502
2025-07-09T19:24:00,342,75.3,21,0.61383
2025-07-09T19:27:00,335,75.5,21,0.60886
2025-07-09T19:30:00,339,76.2,21,0.59147
2025-07-09T19:33:00,339,75.7,21,0.60389
2025-07-09T19:36:00,337,76.4,21,0.5865
2025-07-09T19:39:00,336,76.4,21,0.5865
2025-07-09T19:42:00,333,77,21,0.57159
2025-07-09T19:45:00,332,76.7,21,0.57904
2025-07-09T19:48:00,332,75.8,21,0.60141
2025-07-09T19:51:00,329,76.5,20,0.54907
2025-07-09T19:54:00,330,77.2,20,0.53272
2025-07-09T19:57:00,331,77.2,20,0.53272
2025-07-09T20:00:00,331,77.5,20,0.52571
2025-07-09T20:03:00,11,77.1,20,0.53505
2025-07-09T20:06:00,10,77.8,20,0.5187
2025-07-09T20:09:00,10,78,20,0.51403
2025-07-09T20:12:00,10,78.2,20,0.50935
2025-07-09T20:15:00,9,79,20,0.49066
2025-07-09T20:18:00,9,79.4,20,0.48131
2025-07-09T20:21:00,9,80,20,0.4673
2025-07-09T20:24:00,9,79.9,20,0.46963
2025-07-09T20:27:00,0,80,20,0.4673
2025-07-09T20:30:00,0,79.9,20,0.46963
2025-07-09T20:33:00,0,78.9,19,0.46328
2025-07-09T20:36:00,0,79.3,19,0.4545
2025-07-09T20:39:00,0,79.4,19,0.45231
2025-07-09T20:42:00,0,80.2,19,0.43474
2025-07-09T20:45:00,0,81.3,19,0.41059
2025-07-09T20:48:00,0,80.3,19,0.43254
2025-07-09T20:51:00,0,80.7,19,0.42376
2025-07-09T20:54:00,0,80.3,19,0.43254
2025-07-09T20:57:00,0,80.3,19,0.43254
2025-07-09T21:00:00,0,80.4,19,0.43035
2025-07-09T21:03:00,0,80.5,19,0.42815
2025-07-09T21:06:00,0,80.6,19,0.42596
2025-07-09T21:09:00,0,80.5,19,0.42815
2025-07-09T21:12:00,0,80.7,19,0.42376
2025-07-09T21:15:00,0,81.4,19,0.40839
2025-07-09T21:18:00,0,81.5,19,0.4062
2025-07-09T21:21:00,0,81.5,19,0.4062
2025-07-09T21:24:00,0,82,19,0.39522
2025-07-09T21:27:00,0,82,18,0.37122
2025-07-09T21:30:00,0,82.3,18,0.36503
2025-07-09T21:33:00,0,82.5,18,0.36091
2025-07-09T21:36:00,0,82.5,18,0.36091
2025-07-09T21:39:00,0,82.6,19,0.38204
2025-07-09T21:42:00,0,82.7,18,0.35678
2025-07-09T21:45:00,0,82.9,18,0.35266
2025-07-09T21:48:00,0,82.6,18,0.35885
2025-07-09T21:51:00,0,83.8,18,0.3341
2025-07-09T21:54:00,0,83.8,18,0.3341
2025-07-09T21:57:00,0,84.4,18,0.32172
2025-07-09T22:00:00,0,84.6,18,0.3176
2025-07-09T22:03:00,0,84.3,18,0.32379
2025-07-09T22:06:00,0,84,18,0.32997
2025-07-09T22:09:00,0,84.1,18,0.32791
2025-07-09T22:12:00,0,84.2,18,0.32585
2025-07-09T22:15:00,0,83.3,18,0.34441
2025-07-09T22:18:00,0,83.6,18,0.33822
2025-07-09T22:21:00,0,82.8,18,0.35472
2025-07-09T22:24:00,0,82.4,18,0.36297
2025-07-09T22:27:00,0,83.5,18,0.34028
2025-07-09T22:30:00,0,82.1,18,0.36916
2025-07-09T22:33:00,0,82.7,18,0.35678
2025-07-09T22:36:00,0,83.5,18,0.34028
2025-07-09T22:39:00,0,81.5,18,0.38153
2025-07-09T22:42:00,0,82.5,18,0.36091
2025-07-09T22:45:00,0,82.1,18,0.36916
2025-07-09T22:48:00,0,82,18,0.37122
2025-07-09T22:51:00,0,82.2,19,0.39083
2025-07-09T22:54:00,0,81.7,19,0.40181
2025-07-09T22:57:00,0,81.1,19,0.41498
2025-07-09T23:00:00,0,81.6,19,0.404
2025-07-09T23:03:00,0,81.7,19,0.40181
2025-07-09T23:06:00,0,82.1,19,0.39302
2025-07-09T23:09:00,0,80.9,19,0.41937
2025-07-09T23:12:00,0,81.2,19,0.41278
2025-07-09T23:15:00,0,81.8,19,0.39961
2025-07-09T23:18:00,0,82.4,19,0.38644
2025-07-09T23:21:00,0,82.3,19,0.38863
2025-07-09T23:24:00,0,79.2,19,0.4567
2025-07-09T23:27:00,0,79.6,19,0.44791
2025-07-09T23:30:00,0,77.8,19,0.48744
2025-07-09T23:33:00,0,79.4,19,0.45231
2025-07-09T23:36:00,0,80.4,19,0.43035
2025-07-09T23:39:00,0,81.4,19,0.40839
2025-07-09T23:42:00,0,82,19,0.39522
2025-07-09T23:45:00,0,82.1,19,0.39302
2025-07-09T23:48:00,0,81.4,19,0.40839
2025-07-09T23:51:00,0,80.5,19,0.42815
2025-07-09T23:54:00,0,78,19,0.48304
2025-07-09T23:57:00,0,77.2,19,0.50061
2025-07-10T00:00:00,0,77.8,19,0.48744
2025-07-10T00:03:00,0,78.8,19,0.46548
2025-07-10T00:06:00,0,76,19,0.52696
2025-07-10T00:09:00,0,77.5,19,0.49402
2025-07-10T00:12:00,0,77.1,19,0.50281
2025-07-10T00:15:00,0,77.9,19,0.48524
2025-07-10T00:18:00,0,76.9,19,0.5072
2025-07-10T00:21:00,0,76.8,19,0.50939
2025-07-10T00:24:00,0,74.4,19,0.56209
2025-07-10T00:27:00,0,75.1,19,0.54672
2025-07-10T00:30:00,0,76.2,19,0.52257
2025-07-10T00:33:00,0,75.2,19,0.54452
2025-07-10T00:36:00,0,75.5,19,0.53794
2025-07-10T00:39:00,0,74.9,19,0.55111
2025-07-10T00:42:00,0,73.1,19,0.59063
2025-07-10T00:45:00,0,72,19,0.61478
2025-07-10T00:48:00,0,73.1,19,0.59063
2025-07-10T00:51:00,0,72.7,19,0.59941
2025-07-10T00:54:00,0,74.9,19,0.55111
2025-07-10T00:57:00,0,74.9,19,0.55111
2025-07-10T01:00:00,0,74.9,19,0.55111
2025-07-10T01:03:00,0,76.2,19,0.52257
2025-07-10T01:06:00,0,77.5,19,0.49402
2025-07-10T01:09:00,0,77.8,19,0.48744
2025-07-10T01:12:00,0,78.2,19,0.47865
2025-07-10T01:15:00,0,78.8,19,0.46548
2025-07-10T01:18:00,0,79.3,19,0.4545
2025-07-10T01:21:00,0,79.7,19,0.44572
2025-07-10T01:24:00,0,79.9,19,0.44133
2025-07-10T01:27:00,0,80.2,19,0.43474
2025-07-10T01:30:00,0,80.4,19,0.43035
2025-07-10T01:33:00,0,80.5,19,0.42815
2025-07-10T01:36:00,0,80.8,19,0.42157
2025-07-10T01:39:00,0,80.8,19,0.42157
2025-07-10T01:42:00,0,81,19,0.41717
2025-07-10T01:45:00,0,81.1,19,0.41498
2025-07-10T01:48:00,0,81.2,19,0.41278
2025-07-10T01:51:00,0,81.5,19,0.4062
2025-07-10T01:54:00,0,81.5,19,0.4062
2025-07-10T01:57:00,0,81.6,19,0.404
2025-07-10T02:00:00,0,81.6,19,0.404
2025-07-10T02:03:00,0,81.6,19,0.404
2025-07-10T02:06:00,0,82.3,19,0.38863
2025-07-10T02:09:00,0,82.9,19,0.37546
2025-07-10T02:12:00,0,83,19,0.37326
2025-07-10T02:15:00,0,83.2,19,0.36887
2025-07-10T02:18:00,0,83.2,19,0.36887
2025-07-10T02:21:00,0,83.3,19,0.36667
2025-07-10T02:24:00,0,83.3,19,0.36667
2025-07-10T02:27:00,0,83.2,19,0.36887
2025-07-10T02:30:00,0,83.4,19,0.36448
2025-07-10T02:33:00,0,83.4,19,0.36448
2025-07-10T02:36:00,0,83.3,19,0.36667
2025-07-10T02:39:00,0,83.1,19,0.37107
2025-07-10T02:42:00,0,82.9,19,0.37546
2025-07-10T02:45:00,0,82.8,19,0.37765
2025-07-10T02:48:00,0,82.8,19,0.37765
2025-07-10T02:51:00,0,82.8,19,0.37765
2025-07-10T02:54:00,0,82.8,19,0.37765
2025-07-10T02:57:00,0,82.6,19,0.38204
2025-07-10T03:00:00,0,82.5,19,0.38424
2025-07-10T03:03:00,0,82.5,19,0.38424
2025-07-10T03:06:00,0,82.5,19,0.38424
2025-07-10T03:09:00,0,82.2,19,0.39083
2025-07-10T03:12:00,0,82.2,19,0.39083
2025-07-10T03:15:00,0,82.3,19,0.38863
2025-07-10T03:18:00,0,82.3,19,0.38863
2025-07-10T03:21:00,0,82,19,0.39522
2025-07-10T03:24:00,0,81.9,19,0.39741
2025-07-10T03:27:00,0,81.9,19,0.39741
2025-07-10T03:30:00,0,81.8,19,0.39961
2025-07-10T03:33:00,0,81.7,19,0.40181
2025-07-10T03:36:00,0,81.4,19,0.40839
2025-07-10T03:39:00,0,81.3,19,0.41059
2025-07-10T03:42:00,0,81.2,19,0.41278
2025-07-10T03:45:00,0,81.1,19,0.41498
2025-07-10T03:48:00,0,81,19,0.41717
2025-07-10T03:51:00,0,80.9,19,0.41937
2025-07-10T03:54:00,0,80.9,19,0.41937
2025-07-10T03:57:00,0,81.1,19,0.41498
2025-07-10T04:00:00,0,81.1,19,0.41498
2025-07-10T04:03:00,351,80.5,19,0.42815
2025-07-10T04:06:00,347,79.7,19,0.44572
2025-07-10T04:09:00,345,79.3,19,0.4545
2025-07-10T04:12:00,344,78.2,20,0.50935
2025-07-10T04:15:00,342,77.5,20,0.52571
2025-07-10T04:18:00,339,76.9,20,0.53973
2025-07-10T04:21:00,339,76.3,20,0.55375
2025-07-10T04:24:00,336,75.8,20,0.56543
2025-07-10T04:27:00,336,75.7,20,0.56776
2025-07-10T04:30:00,334,76.1,20,0.55842
2025-07-10T04:33:00,334,74.8,20,0.58879
2025-07-10T04:36:00,332,75.6,20,0.5701
2025-07-10T04:39:00,332,74.4,20,0.59814
2025-07-10T04:42:00,334,74.7,20,0.59113
2025-07-10T04:45:00,332,74.3,20,0.60048
2025-07-10T04:48:00,332,73.4,20,0.6215
2025-07-10T04:51:00,331,74.6,20,0.59347
2025-07-10T04:54:00,331,73.2,20,0.62618
2025-07-10T04:57:00,331,74.1,20,0.60515
2025-07-10T05:00:00,330,73.8,20,0.61216
2025-07-10T05:03:00,331,73.1,20,0.62851
2025-07-10T05:06:00,331,73.6,20,0.61683
2025-07-10T05:09:00,331,73.2,20,0.62618
2025-07-10T05:12:00,333,72.4,20,0.64487
2025-07-10T05:15:00,332,72.4,20,0.64487
2025-07-10T05:18:00,334,72.9,20,0.63319
2025-07-10T05:21:00,334,73.9,20,0.60982
2025-07-10T05:24:00,334,72.9,20,0.63319
2025-07-10T05:27:00,334,72.9,20,0.63319
2025-07-10T05:30:00,334,72.5,20,0.64253
2025-07-10T05:33:00,333,72.6,20,0.6402
2025-07-10T05:36:00,334,72.9,20,0.63319
2025-07-10T05:39:00,334,72.7,20,0.63786
2025-07-10T05:42:00,334,72.9,20,0.63319
2025-07-10T05:45:00,336,71.2,20,0.67291
2025-07-10T05:48:00,335,71.4,20,0.66823
2025-07-10T05:51:00,336,71.1,20,0.67524
2025-07-10T05:54:00,337,70.8,20,0.68225
2025-07-10T05:57:00,339,70.3,20,0.69393
2025-07-10T06:00:00,338,70.1,20,0.69861
2025-07-10T06:03:00,339,69.9,20,0.70328
2025-07-10T06:06:00,338,69,20,0.72431
2025-07-10T06:09:00,339,69.2,20,0.71964
2025-07-10T06:12:00,338,69.2,20,0.71964
2025-07-10T06:15:00,338,69.9,20,0.70328
2025-07-10T06:18:00,339,69.1,20,0.72197
2025-07-10T06:21:00,339,68.7,20,0.73132
2025-07-10T06:24:00,340,68.8,20,0.72898
2025-07-10T06:27:00,342,68.8,20,0.72898
2025-07-10T06:30:00,350,68.8,20,0.72898
2025-07-10T06:33:00,352,68.3,20,0.74066
2025-07-10T06:36:00,353,68.1,20,0.74534
2025-07-10T06:39:00,354,68.2,20,0.743
2025-07-10T06:42:00,356,67.8,20,0.75235
2025-07-10T06:45:00,355,66.4,20,0.78506
2025-07-10T06:48:00,363,66.8,20,0.77571
2025-07-10T06:51:00,369,67.3,20,0.76403
2025-07-10T06:54:00,359,66.3,20,0.78739
2025-07-10T06:57:00,377,65.8,20,0.79908
2025-07-10T07:00:00,376,65.3,20,0.81076
2025-07-10T07:03:00,361,65.1,21,0.86732
2025-07-10T07:06:00,358,63.5,21,0.90708
2025-07-10T07:09:00,356,63.3,21,0.91205
2025-07-10T07:12:00,356,63.7,21,0.90211
2025-07-10T07:15:00,353,64.8,20,0.82244
2025-07-10T07:18:00,353,65,20,0.81777
2025-07-10T07:21:00,355,65.4,20,0.80842
2025-07-10T07:24:00,355,64.6,21,0.87974
2025-07-10T07:27:00,358,64.2,21,0.88968
2025-07-10T07:30:00,359,66.2,20,0.78973
2025-07-10T07:33:00,375,66.4,20,0.78506
2025-07-10T07:36:00,374,65.7,20,0.80141
2025-07-10T07:39:00,365,64.9,20,0.8201
2025-07-10T07:42:00,356,67.4,20,0.76169
2025-07-10T07:45:00,359,66.2,20,0.78973
2025-07-10T07:48:00,356,65.3,20,0.81076
2025-07-10T07:51:00,359,76,18,0.49496
2025-07-10T07:54:00,374,75.5,19,0.53794
2025-07-10T07:57:00,391,74.6,20,0.59347
2025-07-10T08:00:00,508,75.4,19,0.54013
2025-07-10T08:03:00,364,77,19,0.505
2025-07-10T08:06:00,391,74.5,20,0.5958
2025-07-10T08:09:00,386,73.9,20,0.60982
2025-07-10T08:12:00,502,73.1,19,0.59063
2025-07-10T08:15:00,518,81.1,17,0.36593
2025-07-10T08:18:00,402,82.2,18,0.3671
2025-07-10T08:21:00,531,77.5,19,0.49402
2025-07-10T08:24:00,420,79.2,18,0.42897
2025-07-10T08:27:00,428,81.2,18,0.38772
2025-07-10T08:30:00,404,77.5,19,0.49402
2025-07-10T08:33:00,405,76.1,20,0.55842
2025-07-10T08:36:00,385,78,19,0.48304
2025-07-10T08:39:00,404,77.1,19,0.50281
2025-07-10T08:42:00,397,75.9,20,0.56309
2025-07-10T08:45:00,402,74.7,20,0.59113
2025-07-10T08:48:00,457,76.2,19,0.52257
2025-07-10T08:51:00,453,77.8,19,0.48744
2025-07-10T08:54:00,526,75.1,20,0.58178
2025-07-10T08:57:00,505,74.2,20,0.60281
2025-07-10T09:00:00,449,79.5,18,0.42278
2025-07-10T09:03:00,485,78.5,19,0.47207
2025-07-10T09:06:00,440,75.8,20,0.56543
2025-07-10T09:09:00,414,78.9,18,0.43515
2025-07-10T09:12:00,389,79.1,19,0.45889
2025-07-10T09:15:00,397,76.3,19,0.52037
2025-07-10T09:18:00,380,77.8,18,0.45784
2025-07-10T09:21:00,381,77.7,19,0.48963
2025-07-10T09:24:00,380,75.6,20,0.5701
2025-07-10T09:27:00,385,73.5,20,0.61917
2025-07-10T09:30:00,381,77.3,19,0.49841
2025-07-10T09:33:00,378,75.3,20,0.57711
2025-07-10T09:36:00,376,74.1,19,0.56868
2025-07-10T09:39:00,378,75.1,20,0.58178
2025-07-10T09:42:00,378,74.8,20,0.58879
2025-07-10T09:45:00,379,73.6,20,0.61683
2025-07-10T09:48:00,378,76.1,19,0.52476
2025-07-10T09:51:00,380,75.2,20,0.57945
2025-07-10T09:54:00,380,75.4,20,0.57477
2025-07-10T09:57:00,387,74.4,20,0.59814
2025-07-10T10:00:00,399,74.3,20,0.60048
2025-07-10T10:03:00,393,73.6,19,0.57965
2025-07-10T10:06:00,397,76.2,19,0.52257
2025-07-10T10:09:00,397,74.7,20,0.59113
2025-07-10T10:12:00,401,73.6,20,0.61683
2025-07-10T10:15:00,400,78.7,18,0.43928
2025-07-10T10:18:00,386,76.2,19,0.52257
2025-07-10T10:21:00,383,75.2,20,0.57945
2025-07-10T10:24:00,392,76.3,19,0.52037
2025-07-10T10:27:00,401,73.3,20,0.62384
2025-07-10T10:30:00,404,73.3,20,0.62384
2025-07-10T10:33:00,391,73.6,20,0.61683
2025-07-10T10:36:00,388,79,18,0.43309
2025-07-10T10:39:00,392,77.9,19,0.48524
2025-07-10T10:42:00,397,76.2,20,0.55608
2025-07-10T10:45:00,395,79,19,0.46109
2025-07-10T10:48:00,389,80.6,18,0.40009
2025-07-10T10:51:00,383,78,20,0.51403
2025-07-10T10:54:00,386,78.1,19,0.48085
2025-07-10T10:57:00,386,80.3,18,0.40628
2025-07-10T11:00:00,387,79.4,19,0.45231
2025-07-10T11:03:00,389,77.1,19,0.50281
2025-07-10T11:06:00,384,80.8,18,0.39597
2025-07-10T11:09:00,382,80.8,19,0.42157
2025-07-10T11:12:00,380,77.2,20,0.53272
2025-07-10T11:15:00,376,79.2,18,0.42897
2025-07-10T11:18:00,377,79.2,19,0.4567
2025-07-10T11:21:00,382,76.8,20,0.54206
2025-07-10T11:24:00,385,78.5,19,0.47207
2025-07-10T11:27:00,386,80.4,18,0.40422
2025-07-10T11:30:00,391,80.7,19,0.42376
2025-07-10T11:33:00,408,77.1,20,0.53505
2025-07-10T11:36:00,430,81.3,18,0.38566
2025-07-10T11:39:00,429,80.2,18,0.40834
2025-07-10T11:42:00,423,80.6,18,0.40009
2025-07-10T11:45:00,431,78.5,17,0.41628
2025-07-10T11:48:00,428,79.3,18,0.4269
2025-07-10T11:51:00,424,78.6,18,0.44134
2025-07-10T11:54:00,423,78.9,18,0.43515
2025-07-10T11:57:00,421,78.8,18,0.43721
2025-07-10T12:00:00,402,78.7,18,0.43928
2025-07-10T12:03:00,399,77.9,18,0.45578
2025-07-10T12:06:00,395,78.7,18,0.43928
2025-07-10T12:09:00,389,79.3,18,0.4269
2025-07-10T12:12:00,384,78.4,18,0.44546
2025-07-10T12:15:00,378,78.9,18,0.43515
2025-07-10T12:18:00,375,78.5,18,0.4434
2025-07-10T12:21:00,372,78.8,18,0.43721
2025-07-10T12:24:00,369,76.6,18,0.48259
2025-07-10T12:27:00,372,77.4,18,0.46609
2025-07-10T12:30:00,378,77.8,18,0.45784
2025-07-10T12:33:00,378,77.1,18,0.47227
2025-07-10T12:36:00,376,75.7,18,0.50115
2025-07-10T12:39:00,374,74.6,18,0.52383
2025-07-10T12:42:00,368,76,18,0.49496
2025-07-10T12:45:00,367,74.4,18,0.52796
2025-07-10T12:48:00,366,75.7,18,0.50115
2025-07-10T12:51:00,371,73.6,19,0.57965
2025-07-10T12:54:00,375,70.2,20,0.69627
2025-07-10T12:57:00,374,75,18,0.51558
2025-07-10T13:00:00,369,74.5,19,0.55989
2025-07-10T13:03:00,364,73,19,0.59283
2025-07-10T13:06:00,361,71.9,19,0.61698
2025-07-10T13:09:00,362,72.3,19,0.6082
2025-07-10T13:12:00,359,74.3,19,0.56428
2025-07-10T13:15:00,360,72.9,19,0.59502
2025-07-10T13:18:00,364,71.8,20,0.65889
2025-07-10T13:21:00,371,71.6,20,0.66356
2025-07-10T13:24:00,381,73.2,20,0.62618
2025-07-10T13:27:00,386,73.9,20,0.60982
2025-07-10T13:30:00,382,74.5,20,0.5958
2025-07-10T13:33:00,378,76.2,18,0.49084
2025-07-10T13:36:00,380,75.4,19,0.54013
2025-07-10T13:39:00,386,73.2,20,0.62618
2025-07-10T13:42:00,391,74.2,18,0.53208
2025-07-10T13:45:00,397,74.3,19,0.56428
2025-07-10T13:48:00,392,72.3,20,0.6472
2025-07-10T13:51:00,391,70.2,20,0.69627
2025-07-10T13:54:00,400,75.3,19,0.54233
2025-07-10T13:57:00,394,72.9,19,0.59502
2025-07-10T14:00:00,389,72,20,0.65421
2025-07-10T14:03:00,381,74.3,19,0.56428
2025-07-10T14:06:00,376,74.1,19,0.56868
2025-07-10T14:09:00,374,72.8,20,0.63552
2025-07-10T14:12:00,370,70.5,20,0.68926
2025-07-10T14:15:00,377,69.5,20,0.71263
2025-07-10T14:18:00,383,70.6,19,0.64552
2025-07-10T14:21:00,390,69.5,20,0.71263
2025-07-10T14:24:00,395,70,19,0.6587
2025-07-10T14:27:00,386,69.6,19,0.66748
2025-07-10T14:30:00,387,68.6,19,0.68944
2025-07-10T14:33:00,389,69.1,19,0.67846
2025-07-10T14:36:00,392,68.2,20,0.743
2025-07-10T14:39:00,392,68.1,20,0.74534
2025-07-10T14:42:00,396,67.3,20,0.76403
2025-07-10T14:45:00,400,67.1,19,0.72237
2025-07-10T14:48:00,394,66.6,20,0.78038
2025-07-10T14:51:00,400,65.5,20,0.80609
2025-07-10T14:54:00,402,65.3,20,0.81076
2025-07-10T14:57:00,414,65,19,0.76848
2025-07-10T15:00:00,430,64.2,20,0.83646
2025-07-10T15:03:00,445,65.7,21,0.85241
2025-07-10T15:06:00,405,66.6,20,0.78038
2025-07-10T15:09:00,390,71.2,19,0.63235
2025-07-10T15:12:00,389,69.4,20,0.71496
2025-07-10T15:15:00,386,68.2,20,0.743
2025-07-10T15:18:00,383,69.6,19,0.66748
2025-07-10T15:21:00,380,68.8,19,0.68505
2025-07-10T15:24:00,382,68.5,19,0.69163
2025-07-10T15:27:00,382,68.2,19,0.69822
2025-07-10T15:30:00,375,67.9,20,0.75001
2025-07-10T15:33:00,374,67.4,20,0.76169
2025-07-10T15:36:00,376,67.5,20,0.75936
2025-07-10T15:39:00,377,66.7,20,0.77805
2025-07-10T15:42:00,375,67.9,19,0.70481
2025-07-10T15:45:00,372,67.8,19,0.707
2025-07-10T15:48:00,369,67.4,19,0.71578
2025-07-10T15:51:00,365,67.6,20,0.75702
2025-07-10T15:54:00,363,67.3,20,0.76403
2025-07-10T15:57:00,363,66.1,20,0.79207
2025-07-10T16:00:00,359,65.7,20,0.80141
2025-07-10T16:03:00,360,65.2,20,0.81309
2025-07-10T16:06:00,360,64.2,20,0.83646
2025-07-10T16:09:00,360,63.9,20,0.84347
2025-07-10T16:12:00,362,63.9,20,0.84347
2025-07-10T16:15:00,361,62.8,20,0.86917
2025-07-10T16:18:00,360,61.9,21,0.94684
2025-07-10T16:21:00,360,60.1,21,0.99158
2025-07-10T16:24:00,361,59.3,21,1.01146
2025-07-10T16:27:00,360,58.9,21,1.0214
2025-07-10T16:30:00,358,58.2,21,1.03879
2025-07-10T16:33:00,357,57.2,21,1.06365
2025-07-10T16:36:00,361,57,21,1.06862
2025-07-10T16:39:00,372,60,21,0.99406
2025-07-10T16:42:00,375,70.5,18,0.60839
2025-07-10T16:45:00,379,71.3,19,0.63015
2025-07-10T16:48:00,381,71,20,0.67758
2025-07-10T16:51:00,385,73.8,18,0.54033
2025-07-10T16:54:00,389,74.5,19,0.55989
2025-07-10T16:57:00,401,72.5,20,0.64253
2025-07-10T17:00:00,416,71.4,19,0.62796
2025-07-10T17:03:00,384,76.1,18,0.4929
2025-07-10T17:06:00,371,72.1,19,0.61259
2025-07-10T17:09:00,372,70.3,19,0.65211
2025-07-10T17:12:00,368,70.1,20,0.69861
2025-07-10T17:15:00,371,68.3,20,0.74066
2025-07-10T17:18:00,368,68,20,0.74767
2025-07-10T17:21:00,366,66.8,20,0.77571
2025-07-10T17:24:00,363,65.6,20,0.80375
2025-07-10T17:27:00,355,65.6,20,0.80375
2025-07-10T17:30:00,350,65.6,20,0.80375
2025-07-10T17:33:00,353,66.6,20,0.78038
2025-07-10T17:36:00,353,66.7,20,0.77805
2025-07-10T17:39:00,347,66.9,20,0.77337
2025-07-10T17:42:00,345,66.5,20,0.78272
2025-07-10T17:45:00,348,66.4,20,0.78506
2025-07-10T17:48:00,351,65.2,20,0.81309
2025-07-10T17:51:00,351,65.3,20,0.81076
2025-07-10T17:54:00,354,66.7,20,0.77805
2025-07-10T17:57:00,354,66.9,20,0.77337
2025-07-10T18:00:00,357,68,20,0.74767
2025-07-10T18:03:00,364,66.9,20,0.77337
2025-07-10T18:06:00,375,66.1,20,0.79207
2025-07-10T18:09:00,375,66.1,20,0.79207
2025-07-10T18:12:00,364,67.1,20,0.7687
2025-07-10T18:15:00,361,68.1,20,0.74534
2025-07-10T18:18:00,372,68.4,20,0.73833
2025-07-10T18:21:00,359,67.6,20,0.75702
2025-07-10T18:24:00,356,66.6,20,0.78038
2025-07-10T18:27:00,350,65.3,20,0.81076
2025-07-10T18:30:00,344,63.1,21,0.91702
2025-07-10T18:33:00,339,63,20,0.8645
2025-07-10T18:36:00,339,63,20,0.8645
2025-07-10T18:39:00,342,61,20,0.91123
2025-07-10T18:42:00,345,60.3,20,0.92758
2025-07-10T18:45:00,350,59.2,20,0.95328
2025-07-10T18:48:00,354,57.7,21,1.05122
2025-07-10T18:51:00,359,57.3,21,1.06116
2025-07-10T18:54:00,357,57.6,21,1.05371
2025-07-10T18:57:00,356,54.7,21,1.12577
2025-07-10T19:00:00,358,56.4,21,1.08353
2025-07-10T19:03:00,356,56.3,21,1.08601
2025-07-10T19:06:00,353,55.7,21,1.10092
2025-07-10T19:09:00,351,56.4,20,1.01871
2025-07-10T19:12:00,346,65.4,20,0.80842
2025-07-10T19:15:00,347,65.7,20,0.80141
2025-07-10T19:18:00,345,68.9,19,0.68285
2025-07-10T19:21:00,343,70.4,19,0.64991
2025-07-10T19:24:00,343,70.1,20,0.69861
2025-07-10T19:27:00,344,69.4,20,0.71496
2025-07-10T19:30:00,345,67.4,20,0.76169
2025-07-10T19:33:00,345,67.2,20,0.76637
2025-07-10T19:36:00,345,65.6,20,0.80375
2025-07-10T19:39:00,343,68.5,20,0.73599
2025-07-10T19:42:00,341,68.9,19,0.68285
2025-07-10T19:45:00,339,70.4,19,0.64991
2025-07-10T19:48:00,337,69.7,20,0.70795
2025-07-10T19:51:00,338,68.7,20,0.73132
2025-07-10T19:54:00,336,67.4,20,0.76169
2025-07-10T19:57:00,336,67.5,20,0.75936
2025-07-10T20:00:00,336,68.4,20,0.73833
2025-07-10T20:03:00,0,69.2,20,0.71964
2025-07-10T20:06:00,0,69.8,20,0.70562
2025-07-10T20:09:00,0,69.9,20,0.70328
2025-07-10T20:12:00,0,68.7,19,0.68724
2025-07-10T20:15:00,0,68.8,19,0.68505
2025-07-10T20:18:00,0,68.7,19,0.68724
2025-07-10T20:21:00,0,72.1,19,0.61259
2025-07-10T20:24:00,0,73.4,19,0.58404
2025-07-10T20:27:00,0,70.6,19,0.64552
2025-07-10T20:30:00,0,71.8,19,0.61918
2025-07-10T20:33:00,0,68.7,19,0.68724
2025-07-10T20:36:00,0,71.2,19,0.63235
2025-07-10T20:39:00,0,75.8,19,0.53135
2025-07-10T20:42:00,0,74.6,19,0.5577
2025-07-10T20:45:00,0,72,19,0.61478
2025-07-10T20:48:00,0,74.4,19,0.56209
2025-07-10T20:51:00,0,70.8,19,0.64113
2025-07-10T20:54:00,0,73.2,19,0.58844
2025-07-10T20:57:00,0,74.5,19,0.55989
2025-07-10T21:00:00,0,75.8,19,0.53135
2025-07-10T21:03:00,0,73.6,19,0.57965
2025-07-10T21:06:00,0,73.3,19,0.58624
2025-07-10T21:09:00,0,74.6,19,0.5577
2025-07-10T21:12:00,0,75.6,19,0.53574
2025-07-10T21:15:00,0,73.5,19,0.58185
2025-07-10T21:18:00,0,74,19,0.57087
2025-07-10T21:21:00,0,72.9,19,0.59502
2025-07-10T21:24:00,0,71.8,19,0.61918
2025-07-10T21:27:00,0,71,19,0.63674
2025-07-10T21:30:00,0,70.6,19,0.64552
2025-07-10T21:33:00,0,69.9,19,0.66089
2025-07-10T21:36:00,0,69.9,19,0.66089
2025-07-10T21:39:00,0,69.5,19,0.66968
2025-07-10T21:42:00,0,69.6,19,0.66748
2025-07-10T21:45:00,0,69.4,19,0.67187
2025-07-10T21:48:00,0,69,19,0.68065
2025-07-10T21:51:00,0,69.2,19,0.67626
2025-07-10T21:54:00,0,69,19,0.68065
2025-07-10T21:57:00,0,69.2,19,0.67626
2025-07-10T22:00:00,0,69.3,19,0.67407
2025-07-10T22:03:00,0,69.9,19,0.66089
2025-07-10T22:06:00,0,70.5,19,0.64772
2025-07-10T22:09:00,0,71,19,0.63674
2025-07-10T22:12:00,0,71.3,19,0.63015
2025-07-10T22:15:00,0,71.5,19,0.62576
2025-07-10T22:18:00,0,71.9,19,0.61698
2025-07-10T22:21:00,0,71.9,19,0.61698
2025-07-10T22:24:00,0,72.1,19,0.61259
2025-07-10T22:27:00,0,72.2,19,0.61039
2025-07-10T22:30:00,0,72.3,19,0.6082
2025-07-10T22:33:00,0,72.3,19,0.6082
2025-07-10T22:36:00,0,72.3,19,0.6082
2025-07-10T22:39:00,0,72.4,19,0.606
2025-07-10T22:42:00,0,72.7,19,0.59941
2025-07-10T22:45:00,0,73.1,19,0.59063
2025-07-10T22:48:00,0,73.2,19,0.58844
2025-07-10T22:51:00,0,73.2,19,0.58844
2025-07-10T22:54:00,0,73.2,19,0.58844
2025-07-10T22:57:00,0,73.1,19,0.59063
2025-07-10T23:00:00,0,73,19,0.59283
2025-07-10T23:03:00,0,72.8,19,0.59722
2025-07-10T23:06:00,0,73.8,19,0.57526
2025-07-10T23:09:00,0,74.6,19,0.5577
2025-07-10T23:12:00,0,75.5,19,0.53794
2025-07-10T23:15:00,0,76,19,0.52696
2025-07-10T23:18:00,0,76.4,19,0.51818
2025-07-10T23:21:00,0,76.8,19,0.50939
2025-07-10T23:24:00,0,77,19,0.505
2025-07-10T23:27:00,0,77.4,19,0.49622
2025-07-10T23:30:00,0,78.1,19,0.48085
2025-07-10T23:33:00,0,79,19,0.46109
2025-07-10T23:36:00,0,79.4,19,0.45231
2025-07-10T23:39:00,0,79.7,19,0.44572
2025-07-10T23:42:00,0,81.1,19,0.41498
2025-07-10T23:45:00,0,81.5,19,0.4062
2025-07-10T23:48:00,0,81.9,19,0.39741
2025-07-10T23:51:00,0,82.2,19,0.39083
2025-07-10T23:54:00,0,83,19,0.37326
2025-07-10T23:57:00,0,83.3,19,0.36667
2025-07-11T00:00:00,0,83.6,19,0.36009
2025-07-11T00:03:00,0,84,19,0.35131
2025-07-11T00:06:00,0,84.1,19,0.34911
2025-07-11T00:09:00,0,84.4,19,0.34252
2025-07-11T00:12:00,0,84.6,19,0.33813
2025-07-11T00:15:00,0,84.7,19,0.33594
2025-07-11T00:18:00,0,84.9,19,0.33154
2025-07-11T00:21:00,0,85,19,0.32935
2025-07-11T00:24:00,0,85.1,19,0.32715
2025-07-11T00:27:00,0,85.2,19,0.32496
2025-07-11T00:30:00,0,85.2,19,0.32496
2025-07-11T00:33:00,0,85.5,19,0.31837
2025-07-11T00:36:00,0,85.8,19,0.31178
2025-07-11T00:39:00,0,86.1,19,0.3052
2025-07-11T00:42:00,0,86.3,19,0.30081
2025-07-11T00:45:00,0,86.5,19,0.29641
2025-07-11T00:48:00,0,86.6,19,0.29422
2025-07-11T00:51:00,0,86.7,19,0.29202
2025-07-11T00:54:00,0,86.7,19,0.29202
2025-07-11T00:57:00,0,86.8,19,0.28983
2025-07-11T01:00:00,0,86.8,19,0.28983
2025-07-11T01:03:00,0,86.9,19,0.28763
2025-07-11T01:06:00,0,86.8,19,0.28983
2025-07-11T01:09:00,0,86.8,19,0.28983
2025-07-11T01:12:00,0,86.9,19,0.28763
2025-07-11T01:15:00,0,87,19,0.28544
2025-07-11T01:18:00,0,86.9,19,0.28763
2025-07-11T01:21:00,0,86.9,19,0.28763
2025-07-11T01:24:00,0,87,19,0.28544
2025-07-11T01:27:00,0,86.9,19,0.28763
2025-07-11T01:30:00,0,86.9,19,0.28763
2025-07-11T01:33:00,0,86.9,19,0.28763
2025-07-11T01:36:00,0,86.9,19,0.28763
2025-07-11T01:39:00,0,86.9,19,0.28763
2025-07-11T01:42:00,0,87,19,0.28544
2025-07-11T01:45:00,0,87,19,0.28544
2025-07-11T01:48:00,0,87,19,0.28544
2025-07-11T01:51:00,0,86.9,19,0.28763
2025-07-11T01:54:00,0,86.9,19,0.28763
2025-07-11T01:57:00,0,86.9,19,0.28763
2025-07-11T02:00:00,0,87,19,0.28544
2025-07-11T02:03:00,0,87.1,19,0.28324
2025-07-11T02:06:00,0,87.3,19,0.27885
2025-07-11T02:09:00,0,87.5,19,0.27446
2025-07-11T02:12:00,0,87.7,19,0.27007
2025-07-11T02:15:00,0,87.8,19,0.26787
2025-07-11T02:18:00,0,87.9,19,0.26567
2025-07-11T02:21:00,0,88,19,0.26348
2025-07-11T02:24:00,0,87.9,19,0.26567
2025-07-11T02:27:00,0,88,19,0.26348
2025-07-11T02:30:00,0,88,19,0.26348
2025-07-11T02:33:00,0,88.1,19,0.26128
2025-07-11T02:36:00,0,88,19,0.26348
2025-07-11T02:39:00,0,88.1,19,0.26128
2025-07-11T02:42:00,0,88.1,19,0.26128
2025-07-11T02:45:00,0,88,19,0.26348
2025-07-11T02:48:00,0,87.9,19,0.26567
2025-07-11T02:51:00,0,87.9,19,0.26567
2025-07-11T02:54:00,0,87.9,19,0.26567
2025-07-11T02:57:00,0,87.8,19,0.26787
2025-07-11T03:00:00,0,87.8,19,0.26787
2025-07-11T03:03:00,0,87.7,19,0.27007
2025-07-11T03:06:00,0,87.7,19,0.27007
2025-07-11T03:09:00,0,87.6,19,0.27226
2025-07-11T03:12:00,0,87.6,19,0.27226
2025-07-11T03:15:00,0,87.5,19,0.27446
2025-07-11T03:18:00,0,87.5,19,0.27446
2025-07-11T03:21:00,0,87.6,19,0.27226
2025-07-11T03:24:00,0,87.5,19,0.27446
2025-07-11T03:27:00,0,87.5,19,0.27446
2025-07-11T03:30:00,0,87.4,18,0.25985
2025-07-11T03:33:00,0,87.4,18,0.25985
2025-07-11T03:36:00,0,87.4,18,0.25985
2025-07-11T03:39:00,0,87.4,18,0.25985
2025-07-11T03:42:00,0,87.2,18,0.26398
2025-07-11T03:45:00,0,87.3,18,0.26192
2025-07-11T03:48:00,0,87.2,18,0.26398
2025-07-11T03:51:00,0,87.1,18,0.26604
2025-07-11T03:54:00,0,87,18,0.2681
2025-07-11T03:57:00,0,87,18,0.2681
2025-07-11T04:00:00,0,86.9,18,0.27017
2025-07-11T04:03:00,349,86.6,19,0.29422
2025-07-11T04:06:00,345,86.1,19,0.3052
2025-07-11T04:09:00,344,85.5,19,0.31837
2025-07-11T04:12:00,342,84.8,19,0.33374
2025-07-11T04:15:00,341,84.5,19,0.34033
2025-07-11T04:18:00,338,84,20,0.37384
2025-07-11T04:21:00,338,83.7,20,0.38085
2025-07-11T04:24:00,336,83.3,20,0.39019
2025-07-11T04:27:00,336,82.5,20,0.40888
2025-07-11T04:30:00,334,81.1,20,0.44159
2025-07-11T04:33:00,332,80.3,20,0.46029
2025-07-11T04:36:00,333,79.3,20,0.48365
2025-07-11T04:39:00,332,78.4,20,0.50468
2025-07-11T04:42:00,333,77.1,20,0.53505
2025-07-11T04:45:00,333,76.3,20,0.55375
2025-07-11T04:48:00,332,75.5,20,0.57244
2025-07-11T04:51:00,333,74.6,20,0.59347
2025-07-11T04:54:00,331,74.6,20,0.59347
2025-07-11T04:57:00,331,73.7,20,0.61449
2025-07-11T05:00:00,331,73,20,0.63085
2025-07-11T05:03:00,331,72.6,20,0.6402
2025-07-11T05:06:00,331,71.7,20,0.66122
2025-07-11T05:09:00,332,71.4,20,0.66823
2025-07-11T05:12:00,332,70.6,20,0.68692
2025-07-11T05:15:00,333,70.1,20,0.69861
2025-07-11T05:18:00,331,70.3,20,0.69393
2025-07-11T05:21:00,331,69.9,20,0.70328
2025-07-11T05:24:00,331,68.9,20,0.72665
2025-07-11T05:27:00,331,69.2,19,0.67626
2025-07-11T05:30:00,331,69.5,20,0.71263
2025-07-11T05:33:00,332,69.9,20,0.70328
2025-07-11T05:36:00,333,70.2,20,0.69627
2025-07-11T05:39:00,332,69.8,20,0.70562
2025-07-11T05:42:00,332,69.7,20,0.70795
2025-07-11T05:45:00,334,68.1,20,0.74534
2025-07-11T05:48:00,334,67.9,19,0.70481
2025-07-11T05:51:00,334,68.7,20,0.73132
2025-07-11T05:54:00,333,68.8,20,0.72898
2025-07-11T05:57:00,333,69.2,20,0.71964
2025-07-11T06:00:00,334,69.3,20,0.7173
2025-07-11T06:03:00,334,67.4,20,0.76169
2025-07-11T06:06:00,334,67.7,19,0.7092
2025-07-11T06:09:00,334,68,19,0.70261
2025-07-11T06:12:00,335,67.9,20,0.75001
2025-07-11T06:15:00,336,67.8,19,0.707
2025-07-11T06:18:00,338,67.1,20,0.7687
2025-07-11T06:21:00,339,66.6,19,0.73335
2025-07-11T06:24:00,339,66.1,19,0.74433
2025-07-11T06:27:00,339,66.9,19,0.72676
2025-07-11T06:30:00,338,67,20,0.77104
2025-07-11T06:33:00,337,67.2,20,0.76637
2025-07-11T06:36:00,338,66.9,20,0.77337
2025-07-11T06:39:00,338,67.3,19,0.71798
2025-07-11T06:42:00,341,66.9,19,0.72676
2025-07-11T06:45:00,342,67,19,0.72457
2025-07-11T06:48:00,342,66.8,20,0.77571
2025-07-11T06:51:00,342,66.2,20,0.78973
2025-07-11T06:54:00,344,66.2,19,0.74213
2025-07-11T06:57:00,343,66.7,19,0.73115
2025-07-11T07:00:00,342,66.6,19,0.73335
2025-07-11T07:03:00,344,66.8,20,0.77571
2025-07-11T07:06:00,343,65.9,20,0.79674
2025-07-11T07:09:00,344,66.4,19,0.73774
2025-07-11T07:12:00,345,66.3,19,0.73994
2025-07-11T07:15:00,345,66.4,20,0.78506
2025-07-11T07:18:00,347,65.3,20,0.81076
2025-07-11T07:21:00,349,64.4,20,0.83179
2025-07-11T07:24:00,348,65.3,20,0.81076
2025-07-11T07:27:00,350,64.4,20,0.83179
2025-07-11T07:30:00,350,64.3,20,0.83412
2025-07-11T07:33:00,350,64.5,20,0.82945
2025-07-11T07:36:00,353,64.6,20,0.82711
2025-07-11T07:39:00,352,63.8,20,0.84581
2025-07-11T07:42:00,352,64.2,20,0.83646
2025-07-11T07:45:00,353,64.7,20,0.82478
2025-07-11T07:48:00,354,64.3,20,0.83412
2025-07-11T07:51:00,357,64.8,20,0.82244
2025-07-11T07:54:00,359,64.8,20,0.82244
2025-07-11T07:57:00,361,64.6,20,0.82711
2025-07-11T08:00:00,363,65.4,20,0.80842
2025-07-11T08:03:00,365,64.1,20,0.8388
2025-07-11T08:06:00,367,64.1,20,0.8388
2025-07-11T08:09:00,368,64.3,20,0.83412
2025-07-11T08:12:00,371,64.8,20,0.82244
2025-07-11T08:15:00,373,63.6,20,0.85048
2025-07-11T08:18:00,378,63.8,20,0.84581
2025-07-11T08:21:00,375,64.4,20,0.83179
2025-07-11T08:24:00,377,63.4,20,0.85515
2025-07-11T08:27:00,377,63.4,20,0.85515
2025-07-11T08:30:00,380,63.3,20,0.85749
2025-07-11T08:33:00,380,63.35,20,0.85632
2025-07-11T08:36:00,380,63.4,20,0.85515
2025-07-11T08:39:00,382,63.7,20,0.84814
2025-07-11T08:42:00,386,62.8,21,0.92448
2025-07-11T08:45:00,397,62.9,21,0.92199
2025-07-11T08:48:00,405,62.5,21,0.93193
2025-07-11T08:51:00,419,62.2,21,0.93939
2025-07-11T08:54:00,426,63.2,21,0.91454
2025-07-11T08:57:00,430,63.4,21,0.90957
2025-07-11T09:00:00,433,63.6,21,0.9046
2025-07-11T09:03:00,432,62.7,21,0.92696
2025-07-11T09:06:00,432,64.5,20,0.82945
2025-07-11T09:09:00,441,63.3,21,0.91205
2025-07-11T09:12:00,441,62.1,21,0.94187
2025-07-11T09:15:00,427,68.4,20,0.73833
2025-07-11T09:18:00,413,77.8,18,0.45784
2025-07-11T09:21:00,412,73.6,20,0.61683
2025-07-11T09:24:00,411,72.6,20,0.6402
2025-07-11T09:27:00,408,79.5,18,0.42278
2025-07-11T09:30:00,410,74.9,19,0.55111
2025-07-11T09:33:00,410,73.1,20,0.62851
2025-07-11T09:36:00,413,76.5,18,0.48465
2025-07-11T09:39:00,413,77.4,19,0.49622
2025-07-11T09:42:00,419,72.5,20,0.64253
2025-07-11T09:45:00,416,74.6,19,0.5577
2025-07-11T09:48:00,419,78.5,18,0.4434
2025-07-11T09:51:00,426,74.6,20,0.59347
2025-07-11T09:54:00,429,72.5,20,0.64253
2025-07-11T09:57:00,418,78.6,18,0.44134
2025-07-11T10:00:00,414,80.7,18,0.39803
2025-07-11T10:03:00,418,75.1,19,0.54672
2025-07-11T10:06:00,427,77.9,18,0.45578
2025-07-11T10:09:00,429,80.6,17,0.37562
2025-07-11T10:12:00,438,78.2,19,0.47865
2025-07-11T10:15:00,435,77.5,18,0.46402
2025-07-11T10:18:00,427,81.1,18,0.38978
2025-07-11T10:21:00,424,80.8,18,0.39597
2025-07-11T10:24:00,431,81.5,18,0.38153
2025-07-11T10:27:00,421,78.6,18,0.44134
2025-07-11T10:30:00,425,80.9,18,0.39391
2025-07-11T10:33:00,422,80,18,0.41247
2025-07-11T10:36:00,423,79.7,18,0.41865
2025-07-11T10:39:00,426,78.5,18,0.4434
2025-07-11T10:42:00,427,81.1,18,0.38978
2025-07-11T10:45:00,428,79.4,18,0.42484
2025-07-11T10:48:00,428,79.6,18,0.42072
2025-07-11T10:51:00,434,79.6,18,0.42072
2025-07-11T10:54:00,430,81.3,18,0.38566
2025-07-11T10:57:00,431,81.7,18,0.37741
2025-07-11T11:00:00,433,81.1,18,0.38978
2025-07-11T11:03:00,432,81.4,18,0.38359
2025-07-11T11:06:00,432,80.8,18,0.39597
2025-07-11T11:09:00,427,82.7,18,0.35678
2025-07-11T11:12:00,430,81.2,18,0.38772
2025-07-11T11:15:00,428,79.5,18,0.42278
2025-07-11T11:18:00,443,80.4,18,0.40422
2025-07-11T11:21:00,438,80.1,18,0.4104
2025-07-11T11:24:00,424,81.2,18,0.38772
2025-07-11T11:27:00,434,80.6,18,0.40009
2025-07-11T11:30:00,443,80.4,19,0.43035
2025-07-11T11:33:00,430,79.6,18,0.42072
2025-07-11T11:36:00,433,79.3,18,0.4269
2025-07-11T11:39:00,454,79.9,18,0.41453
2025-07-11T11:42:00,449,79.4,19,0.45231
2025-07-11T11:45:00,449,79.6,19,0.44791
2025-07-11T11:48:00,451,80.1,19,0.43694
2025-07-11T11:51:00,422,79.2,19,0.4567
2025-07-11T11:54:00,428,78.6,19,0.46987
2025-07-11T11:57:00,445,79,19,0.46109
2025-07-11T12:00:00,444,79.4,19,0.45231
2025-07-11T12:03:00,441,77.8,19,0.48744
2025-07-11T12:06:00,438,78.2,19,0.47865
2025-07-11T12:09:00,435,78.6,19,0.46987
2025-07-11T12:12:00,431,77.2,19,0.50061
2025-07-11T12:15:00,435,77.5,19,0.49402
2025-07-11T12:18:00,437,77.3,19,0.49841
2025-07-11T12:21:00,435,77.5,19,0.49402
2025-07-11T12:24:00,439,77.9,19,0.48524
2025-07-11T12:27:00,438,76.4,19,0.51818
2025-07-11T12:30:00,439,76.6,19,0.51378
2025-07-11T12:33:00,442,76.5,19,0.51598
2025-07-11T12:36:00,439,77,19,0.505
2025-07-11T12:39:00,437,77.9,19,0.48524
2025-07-11T12:42:00,432,76.9,19,0.5072
2025-07-11T12:45:00,383,78.2,19,0.47865
2025-07-11T12:48:00,445,76.6,19,0.51378
2025-07-11T12:51:00,435,76,19,0.52696
2025-07-11T12:54:00,449,77.3,19,0.49841
2025-07-11T12:57:00,402,77.4,19,0.49622
2025-07-11T13:00:00,387,76.9,19,0.5072
2025-07-11T13:03:00,426,76.6,19,0.51378
2025-07-11T13:06:00,443,76.4,19,0.51818
2025-07-11T13:09:00,451,77.5,19,0.49402
2025-07-11T13:12:00,446,76.5,19,0.51598
2025-07-11T13:15:00,451,77.2,19,0.50061
2025-07-11T13:18:00,451,75.7,20,0.56776
2025-07-11T13:21:00,386,75.3,19,0.54233
2025-07-11T13:24:00,379,76,19,0.52696
2025-07-11T13:27:00,408,76.2,19,0.52257
2025-07-11T13:30:00,375,76,19,0.52696
2025-07-11T13:33:00,446,76.4,19,0.51818
2025-07-11T13:36:00,401,75.4,19,0.54013
2025-07-11T13:39:00,377,75.4,19,0.54013
2025-07-11T13:42:00,448,75.7,19,0.53354
2025-07-11T13:45:00,383,76.5,19,0.51598
2025-07-11T13:48:00,447,75.4,19,0.54013
2025-07-11T13:51:00,449,74.8,19,0.55331
2025-07-11T13:54:00,452,75.1,19,0.54672
2025-07-11T13:57:00,371,75,19,0.54891
2025-07-11T14:00:00,447,75.4,19,0.54013
2025-07-11T14:03:00,451,76.1,19,0.52476
2025-07-11T14:06:00,375,75.6,19,0.53574
2025-07-11T14:09:00,446,75.6,19,0.53574
2025-07-11T14:12:00,445,75.8,19,0.53135
2025-07-11T14:15:00,445,74.6,20,0.59347
2025-07-11T14:18:00,446,75.1,19,0.54672
2025-07-11T14:21:00,449,74.9,20,0.58646
2025-07-11T14:24:00,452,74.9,20,0.58646
2025-07-11T14:27:00,455,74.8,20,0.58879
2025-07-11T14:30:00,451,74.1,20,0.60515
2025-07-11T14:33:00,408,74,20,0.60748
2025-07-11T14:36:00,449,73.7,20,0.61449
2025-07-11T14:39:00,447,73.4,20,0.6215
2025-07-11T14:42:00,447,73.5,20,0.61917
2025-07-11T14:45:00,446,73.4,20,0.6215
2025-07-11T14:48:00,448,73.4,20,0.6215
2025-07-11T14:51:00,448,75.6,20,0.5701
2025-07-11T14:54:00,443,72.9,20,0.63319
2025-07-11T14:57:00,443,72.5,20,0.64253
2025-07-11T15:00:00,443,72.1,19,0.61259
2025-07-11T15:03:00,441,73.6,20,0.61683
2025-07-11T15:06:00,442,73.1,20,0.62851
2025-07-11T15:09:00,441,73.1,20,0.62851
2025-07-11T15:12:00,440,71.8,20,0.65889
2025-07-11T15:15:00,438,72.2,20,0.64954
2025-07-11T15:18:00,436,72.5,20,0.64253
2025-07-11T15:21:00,438,72.2,20,0.64954
2025-07-11T15:24:00,438,71.9,20,0.65655
2025-07-11T15:27:00,438,73,20,0.63085
2025-07-11T15:30:00,440,73.6,20,0.61683
2025-07-11T15:33:00,440,73,20,0.63085
2025-07-11T15:36:00,442,73.9,20,0.60982
2025-07-11T15:39:00,363,73,20,0.63085
2025-07-11T15:42:00,356,74,20,0.60748
2025-07-11T15:45:00,441,73.9,20,0.60982
2025-07-11T15:48:00,448,73.7,20,0.61449
2025-07-11T15:51:00,449,73.9,20,0.60982
2025-07-11T15:54:00,450,73.3,20,0.62384
2025-07-11T15:57:00,376,74.2,20,0.60281
2025-07-11T16:00:00,370,74.2,20,0.60281
2025-07-11T16:03:00,379,74.5,20,0.5958
2025-07-11T16:06:00,452,75.4,20,0.57477
2025-07-11T16:09:00,366,74.6,20,0.59347
2025-07-11T16:12:00,364,75.2,20,0.57945
2025-07-11T16:15:00,446,74.6,20,0.59347
2025-07-11T16:18:00,447,74.8,20,0.58879
2025-07-11T16:21:00,454,75.1,20,0.58178
2025-07-11T16:24:00,440,74.5,20,0.5958
2025-07-11T16:27:00,488,74.6,20,0.59347
2025-07-11T16:30:00,480,73.9,20,0.60982
2025-07-11T16:33:00,373,74.6,20,0.59347
2025-07-11T16:36:00,358,75.2,20,0.57945
2025-07-11T16:39:00,388,75.6,20,0.5701
2025-07-11T16:42:00,479,74.9,20,0.58646
2025-07-11T16:45:00,465,74,20,0.60748
2025-07-11T16:48:00,450,75.1,20,0.58178
2025-07-11T16:51:00,360,74.1,20,0.60515
2025-07-11T16:54:00,428,75.2,20,0.57945
2025-07-11T16:57:00,424,74.1,20,0.60515
2025-07-11T17:00:00,428,74.7,20,0.59113
2025-07-11T17:03:00,427,74,20,0.60748
2025-07-11T17:06:00,419,73.4,20,0.6215
2025-07-11T17:09:00,418,73.9,20,0.60982
2025-07-11T17:12:00,412,74,20,0.60748
2025-07-11T17:15:00,356,73.9,20,0.60982
2025-07-11T17:18:00,349,74.5,20,0.5958
2025-07-11T17:21:00,355,74.5,20,0.5958
2025-07-11T17:24:00,418,75.6,19,0.53574
2025-07-11T17:27:00,414,74.3,19,0.56428
2025-07-11T17:30:00,410,75.2,20,0.57945
2025-07-11T17:33:00,412,74.1,20,0.60515
2025-07-11T17:36:00,437,74.1,20,0.60515
2025-07-11T17:39:00,409,73.5,20,0.61917
2025-07-11T17:42:00,406,73.5,20,0.61917
2025-07-11T17:45:00,419,73.3,20,0.62384
2025-07-11T17:48:00,477,73.3,20,0.62384
2025-07-11T17:51:00,520,73,20,0.63085
2025-07-11T17:54:00,541,73.9,20,0.60982
2025-07-11T17:57:00,540,73.1,20,0.62851
2025-07-11T18:00:00,502,72.4,20,0.64487
2025-07-11T18:03:00,408,72.4,20,0.64487
2025-07-11T18:06:00,520,73.3,19,0.58624
2025-07-11T18:09:00,441,73.8,19,0.57526
2025-07-11T18:12:00,502,75.1,19,0.54672
2025-07-11T18:15:00,437,75,19,0.54891
2025-07-11T18:18:00,383,75.6,19,0.53574
2025-07-11T18:21:00,379,73.6,19,0.57965
2025-07-11T18:24:00,378,74.1,19,0.56868
2025-07-11T18:27:00,400,74.4,19,0.56209
2025-07-11T18:30:00,389,75.6,19,0.53574
2025-07-11T18:33:00,364,74.8,19,0.55331
2025-07-11T18:36:00,361,74.6,19,0.5577
2025-07-11T18:39:00,358,75.4,19,0.54013
2025-07-11T18:42:00,356,75.3,19,0.54233
2025-07-11T18:45:00,356,75.4,19,0.54013
2025-07-11T18:48:00,355,75.6,19,0.53574
2025-07-11T18:51:00,354,75.3,19,0.54233
2025-07-11T18:54:00,352,76.4,19,0.51818
2025-07-11T18:57:00,349,75.8,19,0.53135
2025-07-11T19:00:00,350,76.6,19,0.51378
2025-07-11T19:03:00,347,77.2,19,0.50061
2025-07-11T19:06:00,349,77.6,19,0.49183
2025-07-11T19:09:00,349,77.1,19,0.50281
2025-07-11T19:12:00,348,77.4,19,0.49622
2025-07-11T19:15:00,347,78,19,0.48304
2025-07-11T19:18:00,346,77.8,19,0.48744
2025-07-11T19:21:00,345,77.1,19,0.50281
2025-07-11T19:24:00,342,77.4,19,0.49622
2025-07-11T19:27:00,340,77.9,19,0.48524
2025-07-11T19:30:00,337,78.1,18,0.45165
2025-07-11T19:33:00,336,78.5,18,0.4434
2025-07-11T19:36:00,334,79.1,19,0.45889
2025-07-11T19:39:00,335,78.6,19,0.46987
2025-07-11T19:42:00,334,78.6,19,0.46987
2025-07-11T19:45:00,333,80,19,0.43913
2025-07-11T19:48:00,332,80.4,18,0.40422
2025-07-11T19:51:00,332,79.9,18,0.41453
2025-07-11T19:54:00,332,79.7,18,0.41865
2025-07-11T19:57:00,331,79.7,18,0.41865
2025-07-11T20:00:00,331,79.5,18,0.42278
2025-07-11T20:03:00,13,80.8,18,0.39597
2025-07-11T20:06:00,12,80.8,18,0.39597
2025-07-11T20:09:00,10,80.7,18,0.39803
2025-07-11T20:12:00,10,81.2,18,0.38772
2025-07-11T20:15:00,10,81.2,18,0.38772
2025-07-11T20:18:00,9,81.2,18,0.38772
2025-07-11T20:21:00,9,81.4,18,0.38359
2025-07-11T20:24:00,0,81.9,18,0.37328
2025-07-11T20:27:00,0,82.2,18,0.3671
2025-07-11T20:30:00,0,82.4,18,0.36297
2025-07-11T20:33:00,0,82.3,17,0.3427
2025-07-11T20:36:00,0,83.4,18,0.34235
2025-07-11T20:39:00,0,82.9,18,0.35266
2025-07-11T20:42:00,0,82.2,18,0.3671
2025-07-11T20:45:00,0,81.6,18,0.37947
2025-07-11T20:48:00,0,82.9,18,0.35266
2025-07-11T20:51:00,0,81,18,0.39184
2025-07-11T20:54:00,0,82.2,17,0.34464
2025-07-11T20:57:00,0,82.9,18,0.35266
2025-07-11T21:00:00,0,82.2,18,0.3671
2025-07-11T21:03:00,0,81.1,18,0.38978
2025-07-11T21:06:00,0,80.6,18,0.40009
2025-07-11T21:09:00,0,80,18,0.41247
2025-07-11T21:12:00,0,81,18,0.39184
2025-07-11T21:15:00,0,80.4,18,0.40422
2025-07-11T21:18:00,0,80.9,18,0.39391
2025-07-11T21:21:00,0,80.7,18,0.39803
2025-07-11T21:24:00,0,80.5,18,0.40215
2025-07-11T21:27:00,0,80.4,18,0.40422
2025-07-11T21:30:00,0,79.4,19,0.45231
2025-07-11T21:33:00,0,81.7,18,0.37741
2025-07-11T21:36:00,0,82.2,18,0.3671
2025-07-11T21:39:00,0,83,18,0.3506
2025-07-11T21:42:00,0,82.2,18,0.3671
2025-07-11T21:45:00,0,80.2,18,0.40834
2025-07-11T21:48:00,0,80.1,18,0.4104
2025-07-11T21:51:00,0,79.9,18,0.41453
2025-07-11T21:54:00,0,80.4,18,0.40422
2025-07-11T21:57:00,0,80.5,19,0.42815
2025-07-11T22:00:00,0,80.3,19,0.43254
2025-07-11T22:03:00,0,79.3,19,0.4545
2025-07-11T22:06:00,0,80,19,0.43913
2025-07-11T22:09:00,0,79.4,19,0.45231
2025-07-11T22:12:00,0,78.6,19,0.46987
2025-07-11T22:15:00,0,79.7,19,0.44572
2025-07-11T22:18:00,0,78.6,19,0.46987
2025-07-11T22:21:00,0,77.5,19,0.49402
2025-07-11T22:24:00,0,76.5,19,0.51598
2025-07-11T22:27:00,0,75.7,19,0.53354
2025-07-11T22:30:00,0,75.7,19,0.53354
2025-07-11T22:33:00,0,74.8,19,0.55331
2025-07-11T22:36:00,0,75.7,19,0.53354
2025-07-11T22:39:00,0,74.6,19,0.5577
2025-07-11T22:42:00,0,73.5,19,0.58185
2025-07-11T22:45:00,0,73.1,19,0.59063
2025-07-11T22:48:00,0,72.7,19,0.59941
2025-07-11T22:51:00,0,72.2,19,0.61039
2025-07-11T22:54:00,0,72,19,0.61478
2025-07-11T22:57:00,0,71.8,19,0.61918
2025-07-11T23:00:00,0,71.3,19,0.63015
2025-07-11T23:03:00,0,71.3,19,0.63015
2025-07-11T23:06:00,0,72,19,0.61478
2025-07-11T23:09:00,0,72.7,19,0.59941
2025-07-11T23:12:00,0,73.7,19,0.57746
2025-07-11T23:15:00,0,74,19,0.57087
2025-07-11T23:18:00,0,74.4,19,0.56209
2025-07-11T23:21:00,0,74.8,19,0.55331
2025-07-11T23:24:00,0,74.5,19,0.55989
2025-07-11T23:27:00,0,74.8,19,0.55331
2025-07-11T23:30:00,0,75.2,19,0.54452
2025-07-11T23:33:00,0,74.9,19,0.55111
2025-07-11T23:36:00,0,75.1,19,0.54672
2025-07-11T23:39:00,0,75.2,19,0.54452
2025-07-11T23:42:00,0,75,19,0.54891
2025-07-11T23:45:00,0,75.1,19,0.54672
2025-07-11T23:48:00,0,75,19,0.54891
2025-07-11T23:51:00,0,74.8,19,0.55331
2025-07-11T23:54:00,0,75,19,0.54891
2025-07-11T23:57:00,0,75,19,0.54891
2025-07-12T00:00:00,0,74.6,19,0.5577
2025-07-12T00:03:00,0,74.8,19,0.55331
2025-07-12T00:06:00,0,74.6,19,0.5577
2025-07-12T00:09:00,0,74.6,19,0.5577
2025-07-12T00:12:00,0,74.6,19,0.5577
2025-07-12T00:15:00,0,74.5,19,0.55989
2025-07-12T00:18:00,0,74.3,19,0.56428
2025-07-12T00:21:00,0,74.3,19,0.56428
2025-07-12T00:24:00,0,74.4,19,0.56209
2025-07-12T00:27:00,0,74.3,19,0.56428
2025-07-12T00:30:00,0,74.4,19,0.56209
2025-07-12T00:33:00,0,74.6,19,0.5577
2025-07-12T00:36:00,0,75.5,19,0.53794
2025-07-12T00:39:00,0,76.1,19,0.52476
2025-07-12T00:42:00,0,76.5,19,0.51598
2025-07-12T00:45:00,0,76.8,19,0.50939
2025-07-12T00:48:00,0,76.9,19,0.5072
2025-07-12T00:51:00,0,76.9,19,0.5072
2025-07-12T00:54:00,0,76.8,19,0.50939
2025-07-12T00:57:00,0,76.8,19,0.50939
2025-07-12T01:00:00,0,76.9,19,0.5072
2025-07-12T01:03:00,0,77.4,19,0.49622
2025-07-12T01:06:00,0,77.2,19,0.50061
2025-07-12T01:09:00,0,78.3,19,0.47646
2025-07-12T01:12:00,0,79.7,19,0.44572
2025-07-12T01:15:00,0,80.1,19,0.43694
2025-07-12T01:18:00,0,80.7,19,0.42376
2025-07-12T01:21:00,0,81.7,19,0.40181
2025-07-12T01:24:00,0,82.2,19,0.39083
2025-07-12T01:27:00,0,82.8,19,0.37765
2025-07-12T01:30:00,0,83.3,19,0.36667
2025-07-12T01:33:00,0,83.7,19,0.35789
2025-07-12T01:36:00,0,84,19,0.35131
2025-07-12T01:39:00,0,84.2,19,0.34691
2025-07-12T01:42:00,0,84.4,19,0.34252
2025-07-12T01:45:00,0,84.6,19,0.33813
2025-07-12T01:48:00,0,84.8,19,0.33374
2025-07-12T01:51:00,0,84.9,19,0.33154
2025-07-12T01:54:00,0,84.9,19,0.33154
2025-07-12T01:57:00,0,85,19,0.32935
2025-07-12T02:00:00,0,85,19,0.32935
2025-07-12T02:03:00,0,85.1,19,0.32715
2025-07-12T02:06:00,0,85.5,19,0.31837
2025-07-12T02:09:00,0,85.7,19,0.31398
2025-07-12T02:12:00,0,86,19,0.30739
2025-07-12T02:15:00,0,86.2,19,0.303
2025-07-12T02:18:00,0,86.3,19,0.30081
2025-07-12T02:21:00,0,86.4,19,0.29861
2025-07-12T02:24:00,0,86.5,19,0.29641
2025-07-12T02:27:00,0,86.4,19,0.29861
2025-07-12T02:30:00,0,86.5,19,0.29641
2025-07-12T02:33:00,0,86.5,19,0.29641
2025-07-12T02:36:00,0,86.7,19,0.29202
2025-07-12T02:39:00,0,86.6,19,0.29422
2025-07-12T02:42:00,0,86.7,19,0.29202
2025-07-12T02:45:00,0,86.7,19,0.29202
2025-07-12T02:48:00,0,86.8,19,0.28983
2025-07-12T02:51:00,0,86.7,19,0.29202
2025-07-12T02:54:00,0,86.7,19,0.29202
2025-07-12T02:57:00,0,86.7,19,0.29202
2025-07-12T03:00:00,0,86.8,19,0.28983
2025-07-12T03:03:00,0,86.7,19,0.29202
2025-07-12T03:06:00,0,86.7,19,0.29202
2025-07-12T03:09:00,0,86.7,19,0.29202
2025-07-12T03:12:00,0,86.7,19,0.29202
2025-07-12T03:15:00,0,86.7,19,0.29202
2025-07-12T03:18:00,0,86.6,19,0.29422
2025-07-12T03:21:00,0,86.6,19,0.29422
2025-07-12T03:24:00,0,86.5,19,0.29641
2025-07-12T03:27:00,0,86.5,19,0.29641
2025-07-12T03:30:00,0,86.5,19,0.29641
2025-07-12T03:33:00,0,86.5,19,0.29641
2025-07-12T03:36:00,0,86.5,19,0.29641
2025-07-12T03:39:00,0,86.5,18,0.27841
2025-07-12T03:42:00,0,86.5,18,0.27841
2025-07-12T03:45:00,0,86.5,18,0.27841
2025-07-12T03:48:00,0,86.4,18,0.28048
2025-07-12T03:51:00,0,86.4,18,0.28048
2025-07-12T03:54:00,0,86.4,18,0.28048
2025-07-12T03:57:00,0,86.4,18,0.28048
2025-07-12T04:00:00,0,86.4,18,0.28048
2025-07-12T04:03:00,350,86.2,19,0.303
2025-07-12T04:06:00,346,85.6,19,0.31617
2025-07-12T04:09:00,344,85.1,19,0.32715
2025-07-12T04:12:00,342,84.5,19,0.34033
2025-07-12T04:15:00,339,84.1,19,0.34911
2025-07-12T04:18:00,339,83.6,19,0.36009
2025-07-12T04:21:00,337,83.3,20,0.39019
2025-07-12T04:24:00,337,82.6,20,0.40655
2025-07-12T04:27:00,335,81.1,20,0.44159
2025-07-12T04:30:00,335,81,20,0.44393
2025-07-12T04:33:00,334,79.4,20,0.48131
2025-07-12T04:36:00,333,76.8,20,0.54206
2025-07-12T04:39:00,332,76.3,20,0.55375
2025-07-12T04:42:00,331,74.3,20,0.60048
2025-07-12T04:45:00,332,72.4,20,0.64487
2025-07-12T04:48:00,331,71.3,20,0.67057
2025-07-12T04:51:00,331,70.6,20,0.68692
2025-07-12T04:54:00,331,69.6,20,0.71029
2025-07-12T04:57:00,331,69.1,20,0.72197
2025-07-12T05:00:00,331,68.7,20,0.73132
2025-07-12T05:03:00,331,68.4,20,0.73833
2025-07-12T05:06:00,331,67.7,20,0.75468
2025-07-12T05:09:00,331,66.6,20,0.78038
2025-07-12T05:12:00,331,66.4,20,0.78506
2025-07-12T05:15:00,332,66,20,0.7944
2025-07-12T05:18:00,333,65.9,20,0.79674
2025-07-12T05:21:00,333,65.7,20,0.80141
2025-07-12T05:24:00,334,65.6,20,0.80375
2025-07-12T05:27:00,334,65.3,20,0.81076
2025-07-12T05:30:00,334,66.9,20,0.77337
2025-07-12T05:33:00,335,65.3,20,0.81076
2025-07-12T05:36:00,336,63.9,20,0.84347
2025-07-12T05:39:00,336,64,20,0.84113
2025-07-12T05:42:00,336,64.3,19,0.78385
2025-07-12T05:45:00,335,65.4,20,0.80842
2025-07-12T05:48:00,335,66.2,20,0.78973
2025-07-12T05:51:00,335,65.9,20,0.79674
2025-07-12T05:54:00,336,63.6,20,0.85048
2025-07-12T05:57:00,336,64,20,0.84113
2025-07-12T06:00:00,336,64.3,20,0.83412
2025-07-12T06:03:00,336,64.4,20,0.83179
2025-07-12T06:06:00,336,64.8,20,0.82244
2025-07-12T06:09:00,337,63.4,20,0.85515
2025-07-12T06:12:00,336,63.5,20,0.85281
2025-07-12T06:15:00,339,64.1,19,0.78824
2025-07-12T06:18:00,337,64.1,20,0.8388
2025-07-12T06:21:00,337,64.3,20,0.83412
2025-07-12T06:24:00,336,64,19,0.79044
2025-07-12T06:27:00,336,64.1,20,0.8388
2025-07-12T06:30:00,336,63.5,20,0.85281
2025-07-12T06:33:00,336,63.3,20,0.85749
2025-07-12T06:36:00,336,63.4,20,0.85515
2025-07-12T06:39:00,337,63.4,20,0.85515
2025-07-12T06:42:00,338,62.7,20,0.87151
2025-07-12T06:45:00,336,63.5,20,0.85281
2025-07-12T06:48:00,336,63.4,20,0.85515
2025-07-12T06:51:00,336,62.3,20,0.88085
2025-07-12T06:54:00,336,63.3,20,0.85749
2025-07-12T06:57:00,336,62.9,20,0.86683
2025-07-12T07:00:00,336,62,20,0.88786
2025-07-12T07:03:00,338,61.9,20,0.8902
2025-07-12T07:06:00,338,62,19,0.83435
2025-07-12T07:09:00,339,62.2,20,0.88319
2025-07-12T07:12:00,340,62.3,20,0.88085
2025-07-12T07:15:00,340,61.5,20,0.89954
2025-07-12T07:18:00,340,62.1,19,0.83215
2025-07-12T07:21:00,340,61.8,20,0.89254
2025-07-12T07:24:00,342,60.7,20,0.91824
2025-07-12T07:27:00,342,61.7,20,0.89487
2025-07-12T07:30:00,345,61.2,20,0.90655
2025-07-12T07:33:00,347,60.3,20,0.92758
2025-07-12T07:36:00,347,60.3,20,0.92758
2025-07-12T07:39:00,350,60.6,20,0.92057
2025-07-12T07:42:00,350,60.7,20,0.91824
2025-07-12T07:45:00,353,60.9,20,0.91356
2025-07-12T07:48:00,350,60.3,20,0.92758
2025-07-12T07:51:00,350,62.1,20,0.88553
2025-07-12T07:54:00,350,61.5,20,0.89954
2025-07-12T07:57:00,351,60.3,20,0.92758
2025-07-12T08:00:00,351,60.7,20,0.91824
2025-07-12T08:03:00,353,61.3,20,0.90422
2025-07-12T08:06:00,357,60.7,20,0.91824
2025-07-12T08:09:00,364,60.7,20,0.91824
2025-07-12T08:12:00,382,60.8,20,0.9159
2025-07-12T08:15:00,445,60.2,20,0.92992
2025-07-12T08:18:00,417,60.3,20,0.92758
2025-07-12T08:21:00,414,60.1,20,0.93226
2025-07-12T08:24:00,377,59.7,21,1.00152
2025-07-12T08:27:00,374,59.9,21,0.99655
2025-07-12T08:30:00,369,59.7,20,0.9416
2025-07-12T08:33:00,368,60.7,21,0.97667
2025-07-12T08:36:00,367,58.9,21,1.0214
2025-07-12T08:39:00,364,58.8,21,1.02388
2025-07-12T08:42:00,367,60.2,21,0.98909
2025-07-12T08:45:00,380,61.8,20,0.89254
2025-07-12T08:48:00,400,60.6,21,0.97915
2025-07-12T08:51:00,400,65.5,21,0.85738
2025-07-12T08:54:00,389,69.1,19,0.67846
2025-07-12T08:57:00,388,73.6,20,0.61683
2025-07-12T09:00:00,362,71.3,20,0.67057
2025-07-12T09:03:00,360,71.3,20,0.67057
2025-07-12T09:06:00,358,70.9,20,0.67992
2025-07-12T09:09:00,356,71.6,20,0.66356
2025-07-12T09:12:00,358,71.6,20,0.66356
2025-07-12T09:15:00,362,71,20,0.67758
2025-07-12T09:18:00,371,71.6,20,0.66356
2025-07-12T09:21:00,378,72,20,0.65421
2025-07-12T09:24:00,378,71.8,20,0.65889
2025-07-12T09:27:00,375,71.7,20,0.66122
2025-07-12T09:30:00,371,70.9,20,0.67992
2025-07-12T09:33:00,368,70.5,20,0.68926
2025-07-12T09:36:00,366,69,21,0.7704
2025-07-12T09:39:00,362,70.4,20,0.6916
2025-07-12T09:42:00,361,70.5,20,0.68926
2025-07-12T09:45:00,354,71.4,20,0.66823
2025-07-12T09:48:00,351,71.8,20,0.65889
2025-07-12T09:51:00,348,70.3,20,0.69393
2025-07-12T09:54:00,348,71.6,20,0.66356
2025-07-12T09:57:00,350,69.8,20,0.70562
2025-07-12T10:00:00,353,70.4,20,0.6916
2025-07-12T10:03:00,352,70.8,20,0.68225
2025-07-12T10:06:00,353,69.6,20,0.71029
2025-07-12T10:09:00,353,69.2,20,0.71964
2025-07-12T10:12:00,356,69.2,20,0.71964
2025-07-12T10:15:00,361,69.2,20,0.71964
2025-07-12T10:18:00,365,69.5,20,0.71263
2025-07-12T10:21:00,369,69.4,20,0.71496
2025-07-12T10:24:00,380,68.7,20,0.73132
2025-07-12T10:27:00,389,69.1,20,0.72197
2025-07-12T10:30:00,382,67.8,20,0.75235
2025-07-12T10:33:00,373,67,21,0.8201
2025-07-12T10:36:00,372,67.1,20,0.7687
2025-07-12T10:39:00,377,65.2,21,0.86483
2025-07-12T10:42:00,389,68.5,21,0.78282
2025-07-12T10:45:00,410,74.5,19,0.55989
2025-07-12T10:48:00,413,77.5,18,0.46402
2025-07-12T10:51:00,400,78.6,18,0.44134
2025-07-12T10:54:00,419,77.8,18,0.45784
2025-07-12T10:57:00,475,79,18,0.43309
2025-07-12T11:00:00,462,78.5,18,0.4434
2025-07-12T11:03:00,455,78.6,18,0.44134
2025-07-12T11:06:00,449,76.8,18,0.47846
2025-07-12T11:09:00,447,78.5,19,0.47207
2025-07-12T11:12:00,455,78.2,19,0.47865
2025-07-12T11:15:00,450,78.5,19,0.47207
2025-07-12T11:18:00,471,77.8,19,0.48744
2025-07-12T11:21:00,449,77.6,19,0.49183
2025-07-12T11:24:00,449,78.5,19,0.47207
2025-07-12T11:27:00,449,78.2,19,0.47865
2025-07-12T11:30:00,447,76.2,19,0.52257
2025-07-12T11:33:00,448,77.2,19,0.50061
2025-07-12T11:36:00,448,77.8,19,0.48744
2025-07-12T11:39:00,454,77.5,20,0.52571
2025-07-12T11:42:00,458,77,20,0.53739
2025-07-12T11:45:00,447,77.7,20,0.52103
2025-07-12T11:48:00,445,75.3,20,0.57711
2025-07-12T11:51:00,447,76.2,20,0.55608
2025-07-12T11:54:00,452,77.1,20,0.53505
2025-07-12T11:57:00,461,75.7,20,0.56776
2025-07-12T12:00:00,446,76.7,20,0.5444
2025-07-12T12:03:00,455,75.4,20,0.57477
2025-07-12T12:06:00,453,76.2,20,0.55608
2025-07-12T12:09:00,441,76,21,0.59644
2025-07-12T12:12:00,438,75.2,20,0.57945
2025-07-12T12:15:00,420,75,20,0.58412
2025-07-12T12:18:00,442,75.5,20,0.57244
2025-07-12T12:21:00,447,75.9,20,0.56309
2025-07-12T12:24:00,454,77,21,0.57159
2025-07-12T12:27:00,439,75.3,21,0.61383
2025-07-12T12:30:00,436,77,21,0.57159
2025-07-12T12:33:00,438,76.3,21,0.58898
2025-07-12T12:36:00,438,74.1,21,0.64365
2025-07-12T12:39:00,431,75.2,21,0.61632
2025-07-12T12:42:00,432,75.1,21,0.6188
2025-07-12T12:45:00,434,74.8,21,0.62626
2025-07-12T12:48:00,438,73.1,21,0.66851
2025-07-12T12:51:00,445,73.6,21,0.65608
2025-07-12T12:54:00,430,73.4,21,0.66105
2025-07-12T12:57:00,389,74,21,0.64614
2025-07-12T13:00:00,442,73.8,21,0.65111
2025-07-12T13:03:00,435,73.5,21,0.65857
2025-07-12T13:06:00,433,73,21,0.67099
2025-07-12T13:09:00,432,74.1,21,0.64365
2025-07-12T13:12:00,442,73.4,21,0.66105
2025-07-12T13:15:00,431,73.8,21,0.65111
2025-07-12T13:18:00,430,74.6,21,0.63123
2025-07-12T13:21:00,432,73.3,22,0.70543
2025-07-12T13:24:00,432,73.1,22,0.71071
2025-07-12T13:27:00,432,73,22,0.71335
2025-07-12T13:30:00,432,72.6,22,0.72392
2025-07-12T13:33:00,435,73.5,22,0.70014
2025-07-12T13:36:00,433,73.4,22,0.70278
2025-07-12T13:39:00,435,73.8,22,0.69222
2025-07-12T13:42:00,437,73.5,22,0.70014
2025-07-12T13:45:00,440,72.8,22,0.71864
2025-07-12T13:48:00,439,73,22,0.71335
2025-07-12T13:51:00,439,74.3,22,0.67901
2025-07-12T13:54:00,438,73.3,22,0.70543
2025-07-12T13:57:00,441,73.7,22,0.69486
2025-07-12T14:00:00,354,72.1,22,0.73713
2025-07-12T14:03:00,446,72.8,22,0.71864
2025-07-12T14:06:00,446,70.5,22,0.7794
2025-07-12T14:09:00,421,71.5,22,0.75298
2025-07-12T14:12:00,441,72.5,22,0.72656
2025-07-12T14:15:00,441,72,22,0.73977
2025-07-12T14:18:00,441,73.2,22,0.70807
2025-07-12T14:21:00,443,72.8,22,0.71864
2025-07-12T14:24:00,444,73.6,22,0.6975
2025-07-12T14:27:00,443,73.1,22,0.71071
2025-07-12T14:30:00,445,73.9,22,0.68957
2025-07-12T14:33:00,446,72.1,22,0.73713
2025-07-12T14:36:00,448,72.8,22,0.71864
2025-07-12T14:39:00,446,73.4,22,0.70278
2025-07-12T14:42:00,452,74.3,22,0.67901
2025-07-12T14:45:00,453,71.9,23,0.78892
2025-07-12T14:48:00,352,70.7,22,0.77412
2025-07-12T14:51:00,458,70.6,22,0.77676
2025-07-12T14:54:00,433,71.3,22,0.75827
2025-07-12T14:57:00,452,71.1,22,0.76355
2025-07-12T15:00:00,450,71.2,22,0.76091
2025-07-12T15:03:00,454,71.4,22,0.75563
2025-07-12T15:06:00,456,71,22,0.76619
2025-07-12T15:09:00,447,70.7,22,0.77412
2025-07-12T15:12:00,442,70.8,22,0.77148
2025-07-12T15:15:00,439,71.2,22,0.76091
2025-07-12T15:18:00,414,71.5,22,0.75298
2025-07-12T15:21:00,442,71.7,22,0.7477
2025-07-12T15:24:00,447,71.1,22,0.76355
2025-07-12T15:27:00,440,70.6,22,0.77676
2025-07-12T15:30:00,438,69.2,22,0.81375
2025-07-12T15:33:00,439,69.5,22,0.80582
2025-07-12T15:36:00,441,68.8,22,0.82432
2025-07-12T15:39:00,441,69.9,22,0.79526
2025-07-12T15:42:00,445,70.3,22,0.78469
2025-07-12T15:45:00,356,71.1,22,0.76355
2025-07-12T15:48:00,465,70.9,22,0.76884
2025-07-12T15:51:00,372,71,22,0.76619
2025-07-12T15:54:00,472,71.5,22,0.75298
2025-07-12T15:57:00,475,72.8,22,0.71864
2025-07-12T16:00:00,477,71.6,22,0.75034
2025-07-12T16:03:00,358,70.4,22,0.78205
2025-07-12T16:06:00,348,70.9,21,0.72318
2025-07-12T16:09:00,457,71.6,22,0.75034
2025-07-12T16:12:00,454,71.4,22,0.75563
2025-07-12T16:15:00,358,71.2,22,0.76091
2025-07-12T16:18:00,418,70.5,21,0.73312
2025-07-12T16:21:00,352,71,21,0.72069
2025-07-12T16:24:00,354,71.5,21,0.70827
2025-07-12T16:27:00,351,71.5,21,0.70827
2025-07-12T16:30:00,367,72,21,0.69584
2025-07-12T16:33:00,485,72.4,21,0.6859
2025-07-12T16:36:00,452,72.3,21,0.68839
2025-07-12T16:39:00,344,72.7,21,0.67845
2025-07-12T16:42:00,344,72.8,21,0.67596
2025-07-12T16:45:00,362,73.8,21,0.65111
2025-07-12T16:48:00,462,73.3,21,0.66354
2025-07-12T16:51:00,440,72.4,21,0.6859
2025-07-12T16:54:00,387,73,21,0.67099
2025-07-12T16:57:00,443,72,21,0.69584
2025-07-12T17:00:00,434,71.6,21,0.70578
2025-07-12T17:03:00,358,71.6,21,0.70578
2025-07-12T17:06:00,431,71.6,21,0.70578
2025-07-12T17:09:00,425,72.2,21,0.69087
2025-07-12T17:12:00,435,71.8,21,0.70081
2025-07-12T17:15:00,418,70.7,21,0.72815
2025-07-12T17:18:00,347,70.5,21,0.73312
2025-07-12T17:21:00,382,70.9,21,0.72318
2025-07-12T17:24:00,428,71.6,21,0.70578
2025-07-12T17:27:00,355,71.5,21,0.70827
2025-07-12T17:30:00,357,72.1,21,0.69336
2025-07-12T17:33:00,359,72.1,20,0.65188
2025-07-12T17:36:00,354,72.4,21,0.6859
2025-07-12T17:39:00,353,71.9,20,0.65655
2025-07-12T17:42:00,432,72.6,21,0.68093
2025-07-12T17:45:00,501,72.4,21,0.6859
2025-07-12T17:48:00,579,71.6,22,0.75034
2025-07-12T17:51:00,564,70.9,22,0.76884
2025-07-12T17:54:00,586,70,21,0.74555
2025-07-12T17:57:00,589,71.7,21,0.7033
2025-07-12T18:00:00,496,72,21,0.69584
2025-07-12T18:03:00,427,71.2,21,0.71572
2025-07-12T18:06:00,541,70.5,21,0.73312
2025-07-12T18:09:00,423,70.9,21,0.72318
2025-07-12T18:12:00,461,71.4,21,0.71075
2025-07-12T18:15:00,344,71.4,21,0.71075
2025-07-12T18:18:00,341,72.2,20,0.64954
2025-07-12T18:21:00,386,72.5,20,0.64253
2025-07-12T18:24:00,407,71.9,20,0.65655
2025-07-12T18:27:00,363,72.3,20,0.6472
2025-07-12T18:30:00,384,72.6,21,0.68093
2025-07-12T18:33:00,351,72.5,20,0.64253
2025-07-12T18:36:00,381,71.9,21,0.69833
2025-07-12T18:39:00,378,72.6,21,0.68093
2025-07-12T18:42:00,370,72.5,21,0.68342
2025-07-12T18:45:00,361,71.6,21,0.70578
2025-07-12T18:48:00,356,72.4,20,0.64487
2025-07-12T18:51:00,364,72.8,20,0.63552
2025-07-12T18:54:00,363,73.1,20,0.62851
2025-07-12T18:57:00,357,72.5,20,0.64253
2025-07-12T19:00:00,354,73.8,20,0.61216
2025-07-12T19:03:00,351,73.8,20,0.61216
2025-07-12T19:06:00,346,74.1,20,0.60515
2025-07-12T19:09:00,341,72,20,0.65421
2025-07-12T19:12:00,338,72.3,19.5,0.62744
2025-07-12T19:15:00,335,72.6,19,0.60161
2025-07-12T19:18:00,334,73,19,0.59283
2025-07-12T19:21:00,335,73.9,19,0.57307
2025-07-12T19:24:00,336,73.3,19,0.58624
2025-07-12T19:27:00,335,73.1,19,0.59063
2025-07-12T19:30:00,335,73.9,19,0.57307
2025-07-12T19:33:00,334,74.3,19,0.56428
2025-07-12T19:36:00,334,74.6,19,0.5577
2025-07-12T19:39:00,336,74.4,19,0.56209
2025-07-12T19:42:00,337,74.5,19,0.55989
2025-07-12T19:45:00,340,73.9,19,0.57307
2025-07-12T19:48:00,340,73.5,19,0.58185
2025-07-12T19:51:00,340,73.8,19,0.57526
2025-07-12T19:54:00,336,74.1,19,0.56868
2025-07-12T19:57:00,332,74.2,19,0.56648
2025-07-12T20:00:00,329,74.7,19,0.5555
2025-07-12T20:03:00,11,74.2,19,0.56648
2025-07-12T20:06:00,10,74.4,19,0.56209
2025-07-12T20:09:00,9,75.2,19,0.54452
2025-07-12T20:12:00,0,75.3,18,0.5094
2025-07-12T20:15:00,0,76,18,0.49496
2025-07-12T20:18:00,0,76.8,18,0.47846
2025-07-12T20:21:00,0,76.5,18,0.48465
2025-07-12T20:24:00,0,76.4,18,0.48671
2025-07-12T20:27:00,0,76.8,18,0.47846
2025-07-12T20:30:00,9,76.6,18,0.48259
2025-07-12T20:33:00,0,76.8,18,0.47846
2025-07-12T20:36:00,0,77.4,18,0.46609
2025-07-12T20:39:00,0,77.1,18,0.47227
2025-07-12T20:42:00,0,76.4,18,0.48671
2025-07-12T20:45:00,0,76.7,18,0.48052
2025-07-12T20:48:00,0,76.6,18,0.48259
2025-07-12T20:51:00,0,76.6,18,0.48259
2025-07-12T20:54:00,0,77.2,18,0.47021
2025-07-12T20:57:00,0,77.9,17,0.42789
2025-07-12T21:00:00,0,78,18,0.45371
2025-07-12T21:03:00,0,77.8,17,0.42983
2025-07-12T21:06:00,0,75.2,18,0.51146
2025-07-12T21:09:00,0,77.1,18,0.47227
2025-07-12T21:12:00,0,76.9,18,0.4764
2025-07-12T21:15:00,0,77.8,18,0.45784
2025-07-12T21:18:00,0,76.9,18,0.4764
2025-07-12T21:21:00,0,76.3,18,0.48877
2025-07-12T21:24:00,0,76.5,18,0.48465
2025-07-12T21:27:00,0,77.5,18,0.46402
2025-07-12T21:30:00,0,76.6,18,0.48259
2025-07-12T21:33:00,0,76.9,18,0.4764
2025-07-12T21:36:00,0,72.8,19,0.59722
2025-07-12T21:39:00,0,73.6,19,0.57965
2025-07-12T21:42:00,0,75.4,19,0.54013
2025-07-12T21:45:00,0,75.9,18,0.49702
2025-07-12T21:48:00,0,76.9,18,0.4764
2025-07-12T21:51:00,0,72.4,19,0.606
2025-07-12T21:54:00,0,73.1,19,0.59063
2025-07-12T21:57:00,0,71.3,19,0.63015
2025-07-12T22:00:00,0,74.2,18,0.53208
2025-07-12T22:03:00,0,73.7,19,0.57746
2025-07-12T22:06:00,0,72.2,19,0.61039
2025-07-12T22:09:00,0,72,19,0.61478
2025-07-12T22:12:00,0,74.6,19,0.5577
2025-07-12T22:15:00,0,75.6,19,0.53574
2025-07-12T22:18:00,0,75.1,19,0.54672
2025-07-12T22:21:00,0,74.2,19,0.56648
2025-07-12T22:24:00,0,73.3,19,0.58624
2025-07-12T22:27:00,0,72.8,19,0.59722
2025-07-12T22:30:00,0,75,19,0.54891
2025-07-12T22:33:00,0,74.1,19,0.56868
2025-07-12T22:36:00,0,73.6,19,0.57965
2025-07-12T22:39:00,0,73.5,19,0.58185
2025-07-12T22:42:00,0,74.1,19,0.56868
2025-07-12T22:45:00,0,73.6,19,0.57965
2025-07-12T22:48:00,0,74,19,0.57087
2025-07-12T22:51:00,0,74.3,19,0.56428
2025-07-12T22:54:00,0,72,19,0.61478
2025-07-12T22:57:00,0,72.1,19,0.61259
2025-07-12T23:00:00,0,72.1,19,0.61259
2025-07-12T23:03:00,0,74.6,19,0.5577
2025-07-12T23:06:00,0,73.2,19,0.58844
2025-07-12T23:09:00,0,73.7,19,0.57746
2025-07-12T23:12:00,0,72.2,19,0.61039
2025-07-12T23:15:00,0,74.9,19,0.55111
2025-07-12T23:18:00,0,73.1,19,0.59063
2025-07-12T23:21:00,0,74.7,19,0.5555
2025-07-12T23:24:00,0,72.1,19,0.61259
2025-07-12T23:27:00,0,76.5,19,0.51598
2025-07-12T23:30:00,0,73.5,19,0.58185
2025-07-12T23:33:00,0,71.8,19,0.61918
2025-07-12T23:36:00,0,70.1,19,0.6565
2025-07-12T23:39:00,0,71.2,19,0.63235
2025-07-12T23:42:00,0,70.1,19,0.6565
2025-07-12T23:45:00,0,68.7,19,0.68724
2025-07-12T23:48:00,0,74.4,19,0.56209
2025-07-12T23:51:00,0,72.1,19,0.61259
2025-07-12T23:54:00,0,70.7,19,0.64333
2025-07-12T23:57:00,0,69.5,19,0.66968
2025-07-13T00:00:00,0,68.9,19,0.68285
2025-07-13T00:03:00,0,68.2,19,0.69822
2025-07-13T00:06:00,0,72.2,19,0.61039
2025-07-13T00:09:00,0,70.1,19,0.6565
2025-07-13T00:12:00,0,69.1,19,0.67846
2025-07-13T00:15:00,0,68.2,19,0.69822
2025-07-13T00:18:00,0,67.9,19,0.70481
2025-07-13T00:21:00,0,67.5,19,0.71359
2025-07-13T00:24:00,0,66.9,19,0.72676
2025-07-13T00:27:00,0,66.9,19,0.72676
2025-07-13T00:30:00,0,66.3,19,0.73994
2025-07-13T00:33:00,0,66.6,19,0.73335
2025-07-13T00:36:00,0,68,19,0.70261
2025-07-13T00:39:00,0,68.4,19,0.69383
2025-07-13T00:42:00,0,69.1,19,0.67846
2025-07-13T00:45:00,0,68.9,19,0.68285
2025-07-13T00:48:00,0,69.6,19,0.66748
2025-07-13T00:51:00,0,69.8,19,0.66309
2025-07-13T00:54:00,0,69.6,19,0.66748
2025-07-13T00:57:00,0,69.9,19,0.66089
2025-07-13T01:00:00,0,69.3,19,0.67407
2025-07-13T01:03:00,0,69.9,19,0.66089
2025-07-13T01:06:00,0,69.7,19,0.66528
2025-07-13T01:09:00,0,69.4,19,0.67187
2025-07-13T01:12:00,0,69.4,19,0.67187
2025-07-13T01:15:00,0,69.2,19,0.67626
2025-07-13T01:18:00,0,69.2,19,0.67626
2025-07-13T01:21:00,0,69.5,19,0.66968
2025-07-13T01:24:00,0,69,19,0.68065
2025-07-13T01:27:00,0,69.3,19,0.67407
2025-07-13T01:30:00,0,69.6,19,0.66748
2025-07-13T01:33:00,0,69.1,19,0.67846
2025-07-13T01:36:00,0,69.3,19,0.67407
2025-07-13T01:39:00,0,69.2,19,0.67626
2025-07-13T01:42:00,0,69.4,19,0.67187
2025-07-13T01:45:00,0,68.8,19,0.68505
2025-07-13T01:48:00,0,68.8,19,0.68505
2025-07-13T01:51:00,0,69.1,19,0.67846
2025-07-13T01:54:00,0,69.7,19,0.66528
2025-07-13T01:57:00,0,70.5,19,0.64772
2025-07-13T02:00:00,0,70.4,19,0.64991
2025-07-13T02:03:00,0,71.9,19,0.61698
2025-07-13T02:06:00,0,74.6,19,0.5577
2025-07-13T02:09:00,0,76.5,19,0.51598
2025-07-13T02:12:00,0,78,19,0.48304
2025-07-13T02:15:00,0,79.1,19,0.45889
2025-07-13T02:18:00,0,80,19,0.43913
2025-07-13T02:21:00,0,80.7,19,0.42376
2025-07-13T02:24:00,0,81.2,19,0.41278
2025-07-13T02:27:00,0,81.7,19,0.40181
2025-07-13T02:30:00,0,82,19,0.39522
2025-07-13T02:33:00,0,82.3,19,0.38863
2025-07-13T02:36:00,0,82.6,19,0.38204
2025-07-13T02:39:00,0,82.7,19,0.37985
2025-07-13T02:42:00,0,82.9,19,0.37546
2025-07-13T02:45:00,0,83.1,19,0.37107
2025-07-13T02:48:00,0,83.2,19,0.36887
2025-07-13T02:51:00,0,83.1,19,0.37107
2025-07-13T02:54:00,0,83.2,19,0.36887
2025-07-13T02:57:00,0,83.2,19,0.36887
2025-07-13T03:00:00,0,83.2,19,0.36887
2025-07-13T03:03:00,0,83.2,19,0.36887
2025-07-13T03:06:00,0,83.2,19,0.36887
2025-07-13T03:09:00,0,83.2,19,0.36887
2025-07-13T03:12:00,0,83.1,19,0.37107
2025-07-13T03:15:00,0,83.1,19,0.37107
2025-07-13T03:18:00,0,82.9,18,0.35266
2025-07-13T03:21:00,0,83,18,0.3506
2025-07-13T03:24:00,0,82.8,18,0.35472
2025-07-13T03:27:00,0,82.9,19,0.37546
2025-07-13T03:30:00,0,82.8,18,0.35472
2025-07-13T03:33:00,0,82.6,18,0.35885
2025-07-13T03:36:00,0,82.6,18,0.35885
2025-07-13T03:39:00,0,82.6,18,0.35885
2025-07-13T03:42:00,0,82.5,18,0.36091
2025-07-13T03:45:00,0,82.3,18,0.36503
2025-07-13T03:48:00,0,82.3,19,0.38863
2025-07-13T03:51:00,0,82.1,18,0.36916
2025-07-13T03:54:00,0,82.1,18,0.36916
2025-07-13T03:57:00,0,82.1,18,0.36916
2025-07-13T04:00:00,0,82,18,0.37122
2025-07-13T04:03:00,350,81.8,19,0.39961
2025-07-13T04:06:00,346,81.1,19,0.41498
2025-07-13T04:09:00,345,80.4,19,0.43035
2025-07-13T04:12:00,342,79.9,19,0.44133
2025-07-13T04:15:00,341,79.4,19,0.45231
2025-07-13T04:18:00,339,78.8,20,0.49533
2025-07-13T04:21:00,337,78.6,20,0.50001
2025-07-13T04:24:00,336,77.2,20,0.53272
2025-07-13T04:27:00,336,75.7,20,0.56776
2025-07-13T04:30:00,334,73.8,20,0.61216
2025-07-13T04:33:00,334,71.6,20,0.66356
2025-07-13T04:36:00,334,70.1,20,0.69861
2025-07-13T04:39:00,332,68.9,20,0.72665
2025-07-13T04:42:00,333,68,20,0.74767
2025-07-13T04:45:00,332,67.2,20,0.76637
2025-07-13T04:48:00,332,66.8,20,0.77571
2025-07-13T04:51:00,331,66,20,0.7944
2025-07-13T04:54:00,333,65.8,20,0.79908
2025-07-13T04:57:00,331,64.6,20,0.82711
2025-07-13T05:00:00,331,64.2,20,0.83646
2025-07-13T05:03:00,332,64,20,0.84113
2025-07-13T05:06:00,331,64.3,20,0.83412
2025-07-13T05:09:00,332,64.7,20,0.82478
2025-07-13T05:12:00,332,65.1,20,0.81543
2025-07-13T05:15:00,332,63.1,20,0.86216
2025-07-13T05:18:00,331,61.9,20,0.8902
2025-07-13T05:21:00,332,62.7,20,0.87151
2025-07-13T05:24:00,333,62.6,20,0.87384
2025-07-13T05:27:00,333,63,20,0.8645
2025-07-13T05:30:00,332,61.8,20,0.89254
2025-07-13T05:33:00,333,60.5,20,0.92291
2025-07-13T05:36:00,333,60.9,19,0.8585
2025-07-13T05:39:00,334,62,20,0.88786
2025-07-13T05:42:00,334,61.6,20,0.89721
2025-07-13T05:45:00,334,61.3,20,0.90422
2025-07-13T05:48:00,334,59.6,20,0.94394
2025-07-13T05:51:00,333,61.3,19,0.84972
2025-07-13T05:54:00,334,61.2,20,0.90655
2025-07-13T05:57:00,334,60.8,20,0.9159
2025-07-13T06:00:00,334,60.3,19,0.87168
2025-07-13T06:03:00,334,60.8,20,0.9159
2025-07-13T06:06:00,335,60.8,20,0.9159
2025-07-13T06:09:00,337,59.9,20,0.93693
2025-07-13T06:12:00,338,60.8,19,0.8607
2025-07-13T06:15:00,342,61.2,19,0.85192
2025-07-13T06:18:00,347,60.7,20,0.91824
2025-07-13T06:21:00,347,60.2,20,0.92992
2025-07-13T06:24:00,342,59.4,20,0.94861
2025-07-13T06:27:00,338,60.6,20,0.92057
2025-07-13T06:30:00,345,59.9,20,0.93693
2025-07-13T06:33:00,349,59.3,20,0.95095
2025-07-13T06:36:00,343,58.5,20,0.96964
2025-07-13T06:39:00,347,58.6,20,0.9673
2025-07-13T06:42:00,350,59.4,20,0.94861
2025-07-13T06:45:00,342,57.9,20,0.98366
2025-07-13T06:48:00,342,58.3,20,0.97431
2025-07-13T06:51:00,343,58.2,20,0.97665
2025-07-13T06:54:00,342,59.4,20,0.94861
2025-07-13T06:57:00,342,57.5,20,0.993
2025-07-13T07:00:00,343,58.3,20,0.97431
2025-07-13T07:03:00,340,59.1,20,0.95562
2025-07-13T07:06:00,342,59.5,20,0.94627
2025-07-13T07:09:00,345,58.4,20,0.97198
2025-07-13T07:12:00,358,59.2,20,0.95328
2025-07-13T07:15:00,361,59.4,20,0.94861
2025-07-13T07:18:00,352,60,20,0.93459
2025-07-13T07:21:00,358.5,59.7,20,0.9416
2025-07-13T07:24:00,365,59.4,20,0.94861
2025-07-13T07:27:00,364,60.1,20,0.93226
2025-07-13T07:30:00,380,61.2,20,0.90655
2025-07-13T07:33:00,427,61.3,20,0.90422
2025-07-13T07:36:00,484,60.1,20,0.93226
2025-07-13T07:39:00,524,59.9,21,0.99655
2025-07-13T07:42:00,482,60.2,20,0.92992
2025-07-13T07:45:00,558,61.2,19,0.85192
2025-07-13T07:48:00,495,61.2,20,0.90655
2025-07-13T07:51:00,467,60,21,0.99406
2025-07-13T07:54:00,456,65,20,0.81777
2025-07-13T07:57:00,443,72.6,19,0.60161
2025-07-13T08:00:00,518,73.5,19,0.58185
2025-07-13T08:03:00,497,70.9,20,0.67992
2025-07-13T08:06:00,561,69,20,0.72431
2025-07-13T08:09:00,419,72.6,18,0.56508
2025-07-13T08:12:00,480,76.4,18,0.48671
2025-07-13T08:15:00,480,77.6,18,0.46196
2025-07-13T08:18:00,514,73.8,19,0.57526
2025-07-13T08:21:00,546,74.9,18,0.51765
2025-07-13T08:24:00,487,78.8,18,0.43721
2025-07-13T08:27:00,418,74.9,19,0.55111
2025-07-13T08:30:00,399,74.5,19,0.55989
2025-07-13T08:33:00,401,74.8,19,0.55331
2025-07-13T08:36:00,450,72.7,20,0.63786
2025-07-13T08:39:00,509,70.2,20,0.69627
2025-07-13T08:42:00,570,76.8,18,0.47846
2025-07-13T08:45:00,499,78.2,18,0.44959
2025-07-13T08:48:00,613,78.3,18,0.44753
2025-07-13T08:51:00,616,76.3,18,0.48877
2025-07-13T08:54:00,604,78.1,18,0.45165
2025-07-13T08:57:00,563,79.1,18,0.43103
2025-07-13T09:00:00,449,78.7,18,0.43928
2025-07-13T09:03:00,421,77.6,18,0.46196
2025-07-13T09:06:00,457,78.9,18,0.43515
2025-07-13T09:09:00,394,80,18,0.41247
2025-07-13T09:12:00,434,78.5,18,0.4434
2025-07-13T09:15:00,436,80.5,18,0.40215
2025-07-13T09:18:00,430,78.6,18,0.44134
2025-07-13T09:21:00,391,79.3,18,0.4269
2025-07-13T09:24:00,390,80.3,18,0.40628
2025-07-13T09:27:00,391,79.3,18,0.4269
2025-07-13T09:30:00,383,79.5,18,0.42278
2025-07-13T09:33:00,374,79.2,18,0.42897
2025-07-13T09:36:00,395,79.8,18,0.41659
2025-07-13T09:39:00,395,79.9,18,0.41453
2025-07-13T09:42:00,401,79.1,18,0.43103
2025-07-13T09:45:00,446,78.6,18,0.44134
2025-07-13T09:48:00,449,79.2,18,0.42897
2025-07-13T09:51:00,445,79.4,19,0.45231
2025-07-13T09:54:00,449,79.4,19,0.45231
2025-07-13T09:57:00,479,78.9,19,0.46328
2025-07-13T10:00:00,416,78.7,19,0.46768
2025-07-13T10:03:00,460,77,19,0.505
2025-07-13T10:06:00,508,77.8,20,0.5187
2025-07-13T10:09:00,396,76.5,19,0.51598
2025-07-13T10:12:00,552,76.8,19,0.50939
2025-07-13T10:15:00,493,76.3,19,0.52037
2025-07-13T10:18:00,462,75.7,19,0.53354
2025-07-13T10:21:00,471,74.9,19,0.55111
2025-07-13T10:24:00,393,73.9,19,0.57307
2025-07-13T10:27:00,421,74.8,19,0.55331
2025-07-13T10:30:00,457,75,19,0.54891
2025-07-13T10:33:00,447,74.9,19,0.55111
2025-07-13T10:36:00,460,75.6,20,0.5701
2025-07-13T10:39:00,444,73.4,20,0.6215
2025-07-13T10:42:00,441,73.5,19,0.58185
2025-07-13T10:45:00,404,73.2,19,0.58844
2025-07-13T10:48:00,407,75.2,19,0.54452
2025-07-13T10:51:00,424,74.5,19,0.55989
2025-07-13T10:54:00,430,74.3,19,0.56428
2025-07-13T10:57:00,434.5,74.6,19,0.5577
2025-07-13T11:00:00,439,74.9,19,0.55111
2025-07-13T11:03:00,411,74.6,19,0.5577
2025-07-13T11:06:00,472,75.5,19,0.53794
2025-07-13T11:09:00,413,75.7,20,0.56776
2025-07-13T11:12:00,417,74.7,20,0.59113
2025-07-13T11:15:00,399,75.6,19,0.53574
2025-07-13T11:18:00,410,74.7,19,0.5555
2025-07-13T11:21:00,409,74.3,19,0.56428
2025-07-13T11:24:00,382,74.3,19,0.56428
2025-07-13T11:27:00,367,73.9,19,0.57307
2025-07-13T11:30:00,358,74.7,19,0.5555
2025-07-13T11:33:00,348,75.7,18,0.50115
2025-07-13T11:36:00,344,76,18,0.49496
2025-07-13T11:39:00,344,77,18,0.47434
2025-07-13T11:42:00,345,76.9,18,0.4764
2025-07-13T11:45:00,347,77.3,18,0.46815
2025-07-13T11:48:00,347,77.3,18,0.46815
2025-07-13T11:51:00,345,77.3,18,0.46815
2025-07-13T11:54:00,348,78.3,18,0.44753
2025-07-13T11:57:00,343,77.8,18,0.45784
2025-07-13T12:00:00,341,77.6,18,0.46196
2025-07-13T12:03:00,345,77.4,18,0.46609
2025-07-13T12:06:00,347,78.5,18,0.4434
2025-07-13T12:09:00,344,78.2,18,0.44959
2025-07-13T12:12:00,344,79,18,0.43309
2025-07-13T12:15:00,345,80.1,18,0.4104
2025-07-13T12:18:00,354,80.4,18,0.40422
2025-07-13T12:21:00,361,78.8,18,0.43721
2025-07-13T12:24:00,362,78.7,17,0.4124
2025-07-13T12:27:00,364,79.3,17,0.40079
2025-07-13T12:30:00,367,79.3,17,0.40079
2025-07-13T12:33:00,375,79.5,17,0.39691
2025-07-13T12:36:00,390,80,17,0.38723
2025-07-13T12:39:00,395,79.5,17,0.39691
2025-07-13T12:42:00,411,78.8,17,0.41047
2025-07-13T12:45:00,410,78.8,17,0.41047
2025-07-13T12:48:00,445,78.9,18,0.43515
2025-07-13T12:51:00,460,78.3,18,0.44753
2025-07-13T12:54:00,397,78.5,18,0.4434
2025-07-13T12:57:00,383,79.1,18,0.43103
2025-07-13T13:00:00,382,79.8,18,0.41659
2025-07-13T13:03:00,375,80.1,18,0.4104
2025-07-13T13:06:00,375,80.2,18,0.40834
2025-07-13T13:09:00,378,79.2,18,0.42897
2025-07-13T13:12:00,396,79.5,18,0.42278
2025-07-13T13:15:00,429,79.4,18,0.42484
2025-07-13T13:18:00,473,79,18,0.43309
2025-07-13T13:21:00,463,78.6,18,0.44134
2025-07-13T13:24:00,476,78.5,19,0.47207
2025-07-13T13:27:00,457,78.1,19,0.48085
2025-07-13T13:30:00,401,77.7,19,0.48963
2025-07-13T13:33:00,449,78,19,0.48304
2025-07-13T13:36:00,472,78.2,19,0.47865
2025-07-13T13:39:00,412,78,19,0.48304
2025-07-13T13:42:00,473,77.9,19,0.48524
2025-07-13T13:45:00,412,77.4,19,0.49622
2025-07-13T13:48:00,481,76.4,19,0.51818
2025-07-13T13:51:00,412,76.1,19,0.52476
2025-07-13T13:54:00,468,76.4,19,0.51818
2025-07-13T13:57:00,391,76.2,19,0.52257
2025-07-13T14:00:00,471,75.3,19,0.54233
2025-07-13T14:03:00,454,76.3,19,0.52037
2025-07-13T14:06:00,443,75.9,19,0.52915
2025-07-13T14:09:00,441,75.2,19,0.54452
2025-07-13T14:12:00,438,74.4,19,0.56209
2025-07-13T14:15:00,427,75.7,19,0.53354
2025-07-13T14:18:00,433,74.9,19,0.55111
2025-07-13T14:21:00,455,74.6,20,0.59347
2025-07-13T14:24:00,432,73.4,20,0.6215
2025-07-13T14:27:00,440,75.9,20,0.56309
2025-07-13T14:30:00,449,75.1,20,0.58178
2025-07-13T14:33:00,449,73.8,20,0.61216
2025-07-13T14:36:00,452,74.5,20,0.5958
2025-07-13T14:39:00,400,74.3,20,0.60048
2025-07-13T14:42:00,430,75.2,20,0.57945
2025-07-13T14:45:00,451,75.8,20,0.56543
2025-07-13T14:48:00,449,74.1,20,0.60515
2025-07-13T14:51:00,446,73.7,20,0.61449
2025-07-13T14:54:00,446,72.9,20,0.63319
2025-07-13T14:57:00,445,73,20,0.63085
2025-07-13T15:00:00,443,73.3,20,0.62384
2025-07-13T15:03:00,439,73.9,20,0.60982
2025-07-13T15:06:00,430,73.9,20,0.60982
2025-07-13T15:09:00,439,73.3,20,0.62384
2025-07-13T15:12:00,437,72.9,20,0.63319
2025-07-13T15:15:00,436,72.6,20,0.6402
2025-07-13T15:18:00,435,73.2,20,0.62618
2025-07-13T15:21:00,436,72.5,20,0.64253
2025-07-13T15:24:00,436,74,20,0.60748
2025-07-13T15:27:00,436,73.1,20,0.62851
2025-07-13T15:30:00,435,73.8,20,0.61216
2025-07-13T15:33:00,435,72.8,20,0.63552
2025-07-13T15:36:00,435.5,73,20,0.63085
2025-07-13T15:39:00,436,73.2,20,0.62618
2025-07-13T15:42:00,435,72.8,20,0.63552
2025-07-13T15:45:00,436,73.4,20,0.6215
2025-07-13T15:48:00,436,73.9,20,0.60982
2025-07-13T15:51:00,437,74.1,20,0.60515
2025-07-13T15:54:00,439,71.2,20,0.67291
2025-07-13T15:57:00,439,71.9,20,0.65655
2025-07-13T16:00:00,443,72.3,20,0.6472
2025-07-13T16:03:00,438,72.5,20,0.64253
2025-07-13T16:06:00,433,72.3,20,0.6472
2025-07-13T16:09:00,430,72.7,20,0.63786
2025-07-13T16:12:00,430,73.3,20,0.62384
2025-07-13T16:15:00,427,73,20,0.63085
2025-07-13T16:18:00,430,72.4,20,0.64487
2025-07-13T16:21:00,431,72.4,20,0.64487
2025-07-13T16:24:00,432,73.8,20,0.61216
2025-07-13T16:27:00,479,73.7,20,0.61449
2025-07-13T16:30:00,510,73.8,21,0.65111
2025-07-13T16:33:00,467,73.1,21,0.66851
2025-07-13T16:36:00,459,72.7,20,0.63786
2025-07-13T16:39:00,430,72.9,20,0.63319
2025-07-13T16:42:00,458,73.1,20,0.62851
2025-07-13T16:45:00,464,73,21,0.67099
2025-07-13T16:48:00,440,73.7,20,0.61449
2025-07-13T16:51:00,377,73.4,20,0.6215
2025-07-13T16:54:00,418,73.5,20,0.61917
2025-07-13T16:57:00,416,73.4,20,0.6215
2025-07-13T17:00:00,410,73.8,20,0.61216
2025-07-13T17:03:00,413,73.6,20,0.61683
2025-07-13T17:06:00,417,74,20,0.60748
2025-07-13T17:09:00,406,73.8,20,0.61216
2025-07-13T17:12:00,404,73.2,20,0.62618
2025-07-13T17:15:00,395,73,20,0.63085
2025-07-13T17:18:00,406,73.1,20,0.62851
2025-07-13T17:21:00,413,74.2,20,0.60281
2025-07-13T17:24:00,433,73.5,20,0.61917
2025-07-13T17:27:00,410,74.1,20,0.60515
2025-07-13T17:30:00,404,74.4,20,0.59814
2025-07-13T17:33:00,393,74,20,0.60748
2025-07-13T17:36:00,397,73.8,20,0.61216
2025-07-13T17:39:00,408,74.1,20,0.60515
2025-07-13T17:42:00,395,73.9,20,0.60982
2025-07-13T17:45:00,473,73.7,20,0.61449
2025-07-13T17:48:00,507,73.2,20,0.62618
2025-07-13T17:51:00,523,74.1,20,0.60515
2025-07-13T17:54:00,503,74.2,20,0.60281
2025-07-13T17:57:00,471,74,20,0.60748
2025-07-13T18:00:00,448,73.9,20,0.60982
2025-07-13T18:03:00,397,74.6,20,0.59347
2025-07-13T18:06:00,431,74.4,20,0.59814
2025-07-13T18:09:00,460,74.4,20,0.59814
2025-07-13T18:12:00,542,75,20,0.58412
2025-07-13T18:15:00,393,73.6,20,0.61683
2025-07-13T18:18:00,367,74.5,20,0.5958
2025-07-13T18:21:00,389,75.1,20,0.58178
2025-07-13T18:24:00,421,73.7,20,0.61449
2025-07-13T18:27:00,388,74.1,20,0.60515
2025-07-13T18:30:00,371,74.6,20,0.59347
2025-07-13T18:33:00,364,74.3,20,0.60048
2025-07-13T18:36:00,359,75.1,20,0.58178
2025-07-13T18:39:00,366,76.1,20,0.55842
2025-07-13T18:42:00,362,75.3,20,0.57711
2025-07-13T18:45:00,358,75.4,20,0.57477
2025-07-13T18:48:00,356,75.9,19,0.52915
2025-07-13T18:51:00,353,75.8,19,0.53135
2025-07-13T18:54:00,354,76,20,0.56076
2025-07-13T18:57:00,352,75.9,20,0.56309
2025-07-13T19:00:00,347,74.9,19,0.55111
2025-07-13T19:03:00,349,75.1,19,0.54672
2025-07-13T19:06:00,350,76.1,19,0.52476
2025-07-13T19:09:00,345,76.1,19,0.52476
2025-07-13T19:12:00,348,76.2,19,0.52257
2025-07-13T19:15:00,347,75.8,19,0.53135
2025-07-13T19:18:00,347,76.7,19,0.51159
2025-07-13T19:21:00,342,76.8,19,0.50939
2025-07-13T19:24:00,341,76.8,19,0.50939
2025-07-13T19:27:00,340,76,19,0.52696
2025-07-13T19:30:00,339,76.5,19,0.51598
2025-07-13T19:33:00,333,77.6,19,0.49183
2025-07-13T19:36:00,334,76.9,19,0.5072
2025-07-13T19:39:00,334,76.8,19,0.50939
2025-07-13T19:42:00,332,77.6,19,0.49183
2025-07-13T19:45:00,332,78,19,0.48304
2025-07-13T19:48:00,335,77.9,19,0.48524
2025-07-13T19:51:00,334,78.6,19,0.46987
2025-07-13T19:54:00,332,78.9,19,0.46328
2025-07-13T19:57:00,331,78.6,19,0.46987
2025-07-13T20:00:00,22,79.9,19,0.44133
2025-07-13T20:03:00,10,79.2,18,0.42897
2025-07-13T20:06:00,9,79.7,18,0.41865
2025-07-13T20:09:00,0,80.2,18,0.40834
2025-07-13T20:12:00,0,80.4,18,0.40422
2025-07-13T20:15:00,0,80,18,0.41247
2025-07-13T20:18:00,10,81.2,18,0.38772
2025-07-13T20:21:00,10,80.7,18,0.39803
2025-07-13T20:24:00,10,80.6,18,0.40009
2025-07-13T20:27:00,0,81.9,18,0.37328
2025-07-13T20:30:00,0,81.6,18,0.37947
2025-07-13T20:33:00,0,81.3,18,0.38566
2025-07-13T20:36:00,0,81.8,18,0.37534
2025-07-13T20:39:00,0,81.6,18,0.37947
2025-07-13T20:42:00,0,82.1,18,0.36916
2025-07-13T20:45:00,0,81.7,18,0.37741
2025-07-13T20:48:00,0,81.9,18,0.37328
2025-07-13T20:51:00,0,82.1,18,0.36916
2025-07-13T20:54:00,0,82.5,18,0.36091
2025-07-13T20:57:00,0,81.2,18,0.38772
2025-07-13T21:00:00,0,81.2,18,0.38772
2025-07-13T21:03:00,0,80.2,18,0.40834
2025-07-13T21:06:00,0,80.5,18,0.40215
2025-07-13T21:09:00,0,81.6,18,0.37947
2025-07-13T21:12:00,0,81.5,18,0.38153
2025-07-13T21:15:00,0,81.3,18,0.38566
2025-07-13T21:18:00,0,80.9,18,0.39391
2025-07-13T21:21:00,0,79.8,18,0.41659
2025-07-13T21:24:00,0,79.3,19,0.4545
2025-07-13T21:27:00,0,78.1,19,0.48085
2025-07-13T21:30:00,0,79.3,18,0.4269
2025-07-13T21:33:00,0,80,18,0.41247
2025-07-13T21:36:00,0,80.6,18,0.40009
2025-07-13T21:39:00,0,79.3,19,0.4545
2025-07-13T21:42:00,0,79,18,0.43309
2025-07-13T21:45:00,0,78,19,0.48304
2025-07-13T21:48:00,0,76.9,19,0.5072
2025-07-13T21:51:00,0,79.7,19,0.44572
2025-07-13T21:54:00,0,80.4,19,0.43035
2025-07-13T21:57:00,0,80.4,18,0.40422
2025-07-13T22:00:00,0,78.8,18,0.43721
2025-07-13T22:03:00,0,77.8,19,0.48744
2025-07-13T22:06:00,0,77.3,19,0.49841
2025-07-13T22:09:00,0,78.9,19,0.46328
2025-07-13T22:12:00,0,79.3,19,0.4545
2025-07-13T22:15:00,0,76.3,19,0.52037
2025-07-13T22:18:00,0,77.2,19,0.50061
2025-07-13T22:21:00,0,77.4,19,0.49622
2025-07-13T22:24:00,0,77.4,19,0.49622
2025-07-13T22:27:00,0,77.1,19,0.50281
2025-07-13T22:30:00,0,78.2,19,0.47865
2025-07-13T22:33:00,0,76.9,19,0.5072
2025-07-13T22:36:00,0,77.9,19,0.48524
2025-07-13T22:39:00,0,77.4,19,0.49622
2025-07-13T22:42:00,0,77,19,0.505
2025-07-13T22:45:00,0,77.7,19,0.48963
2025-07-13T22:48:00,0,77.8,19,0.48744
2025-07-13T22:51:00,0,77.9,19,0.48524
2025-07-13T22:54:00,0,76.4,19,0.51818
2025-07-13T22:57:00,0,76.5,19,0.51598
2025-07-13T23:00:00,0,76.6,19,0.51378
2025-07-13T23:03:00,0,77,19,0.505
2025-07-13T23:06:00,0,76.6,19,0.51378
2025-07-13T23:09:00,0,75.7,19,0.53354
2025-07-13T23:12:00,0,76.4,19,0.51818
2025-07-13T23:15:00,0,76.8,19,0.50939
2025-07-13T23:18:00,0,76.6,19,0.51378
2025-07-13T23:21:00,0,77,19,0.505
2025-07-13T23:24:00,0,78.5,19,0.47207
2025-07-13T23:27:00,0,79.1,19,0.45889
2025-07-13T23:30:00,0,76.7,19,0.51159
2025-07-13T23:33:00,0,74.4,19,0.56209
2025-07-13T23:36:00,0,72.9,19,0.59502
2025-07-13T23:39:00,0,74.6,19,0.5577
2025-07-13T23:42:00,0,76.9,19,0.5072
2025-07-13T23:45:00,0,75,19,0.54891
2025-07-13T23:48:00,0,75.5,19,0.53794
2025-07-13T23:51:00,0,76,19,0.52696
2025-07-13T23:54:00,0,75.5,19,0.53794
2025-07-13T23:57:00,0,76.6,19,0.51378
2025-07-14T00:00:00,0,75.1,19,0.54672
2025-07-14T00:03:00,0,77.6,19,0.49183
2025-07-14T00:06:00,0,76.3,19,0.52037
2025-07-14T00:09:00,0,75.3,19,0.54233
2025-07-14T00:12:00,0,76.4,19,0.51818
2025-07-14T00:15:00,0,74.1,19,0.56868
2025-07-14T00:18:00,0,76.6,19,0.51378
2025-07-14T00:21:00,0,74.8,19,0.55331
2025-07-14T00:24:00,0,75.3,19,0.54233
2025-07-14T00:27:00,0,75.7,19,0.53354
2025-07-14T00:30:00,0,73.2,19,0.58844
2025-07-14T00:33:00,0,75.6,19,0.53574
2025-07-14T00:36:00,0,74.6,19,0.5577
2025-07-14T00:39:00,0,76.7,19,0.51159
2025-07-14T00:42:00,0,76.5,19,0.51598
2025-07-14T00:45:00,0,75.6,19,0.53574
2025-07-14T00:48:00,0,78.1,19,0.48085
2025-07-14T00:51:00,0,76.1,19,0.52476
2025-07-14T00:54:00,0,74.8,19,0.55331
2025-07-14T00:57:00,0,76.6,19,0.51378
2025-07-14T01:00:00,0,75.5,19,0.53794
2025-07-14T01:03:00,0,74.8,19,0.55331
2025-07-14T01:06:00,0,74.5,19,0.55989
2025-07-14T01:09:00,0,75.9,19,0.52915
2025-07-14T01:12:00,0,75.4,19,0.54013
2025-07-14T01:15:00,0,75.1,19,0.54672
2025-07-14T01:18:00,0,74.6,19,0.5577
2025-07-14T01:21:00,0,74.3,19,0.56428
2025-07-14T01:24:00,0,74.1,19,0.56868
2025-07-14T01:27:00,0,74.2,19,0.56648
2025-07-14T01:30:00,0,73.7,19,0.57746
2025-07-14T01:33:00,0,73.7,19,0.57746
2025-07-14T01:36:00,0,73.5,19,0.58185
2025-07-14T01:39:00,0,73.3,19,0.58624
2025-07-14T01:42:00,0,73.2,19,0.58844
2025-07-14T01:45:00,0,73.5,19,0.58185
2025-07-14T01:48:00,0,73,19,0.59283
2025-07-14T01:51:00,0,72.8,19,0.59722
2025-07-14T01:54:00,0,72.7,19,0.59941
2025-07-14T01:57:00,0,72.7,19,0.59941
2025-07-14T02:00:00,0,72.7,19,0.59941
2025-07-14T02:03:00,0,73,19,0.59283
2025-07-14T02:06:00,0,73.5,19,0.58185
2025-07-14T02:09:00,0,74,19,0.57087
2025-07-14T02:12:00,0,74.4,19,0.56209
2025-07-14T02:15:00,0,74.9,19,0.55111
2025-07-14T02:18:00,0,74.8,19,0.55331
2025-07-14T02:21:00,0,74.8,19,0.55331
2025-07-14T02:24:00,0,74.6,19,0.5577
2025-07-14T02:27:00,0,74.9,19,0.55111
2025-07-14T02:30:00,0,75.1,19,0.54672
2025-07-14T02:33:00,0,74.9,19,0.55111
2025-07-14T02:36:00,0,75.1,19,0.54672
2025-07-14T02:39:00,0,75,19,0.54891
2025-07-14T02:42:00,0,75,19,0.54891
2025-07-14T02:45:00,0,74.9,19,0.55111
2025-07-14T02:48:00,0,74.7,19,0.5555
2025-07-14T02:51:00,0,75,19,0.54891
2025-07-14T02:54:00,0,75,19,0.54891
2025-07-14T02:57:00,0,74.9,19,0.55111
2025-07-14T03:00:00,0,74.8,19,0.55331
2025-07-14T03:03:00,0,74.9,19,0.55111
2025-07-14T03:06:00,0,75.3,19,0.54233
2025-07-14T03:09:00,0,75.7,19,0.53354
2025-07-14T03:12:00,0,75.7,19,0.53354
2025-07-14T03:15:00,0,75.9,19,0.52915
2025-07-14T03:18:00,0,75.9,19,0.52915
2025-07-14T03:21:00,0,76,19,0.52696
2025-07-14T03:24:00,0,76,19,0.52696
2025-07-14T03:27:00,0,76.1,19,0.52476
2025-07-14T03:30:00,0,76.2,19,0.52257
2025-07-14T03:33:00,0,76.1,19,0.52476
2025-07-14T03:36:00,0,76.1,19,0.52476
2025-07-14T03:39:00,0,76.1,19,0.52476
2025-07-14T03:42:00,0,76,19,0.52696
2025-07-14T03:45:00,0,76.2,19,0.52257
2025-07-14T03:48:00,0,76.6,19,0.51378
2025-07-14T03:51:00,0,76.9,19,0.5072
2025-07-14T03:54:00,0,76.8,19,0.50939
2025-07-14T03:57:00,0,76.8,19,0.50939
2025-07-14T04:00:00,0,77.1,19,0.50281
2025-07-14T04:03:00,349,76.5,19,0.51598
2025-07-14T04:06:00,347,75.1,19,0.54672
2025-07-14T04:09:00,344,74.6,19,0.5577
2025-07-14T04:12:00,342,74.3,19,0.56428
2025-07-14T04:15:00,339,73.9,20,0.60982
2025-07-14T04:18:00,338,73.2,20,0.62618
2025-07-14T04:21:00,336,72.9,20,0.63319
2025-07-14T04:24:00,336,72.6,20,0.6402
2025-07-14T04:27:00,335,72.3,20,0.6472
2025-07-14T04:30:00,334,71.9,20,0.65655
2025-07-14T04:33:00,334,71.1,20,0.67524
2025-07-14T04:36:00,334,70.5,20,0.68926
2025-07-14T04:39:00,333,69.6,20,0.71029
2025-07-14T04:42:00,333,70.3,20,0.69393
2025-07-14T04:45:00,331,69.7,20,0.70795
2025-07-14T04:48:00,332,68.8,20,0.72898
2025-07-14T04:51:00,332,68.5,20,0.73599
2025-07-14T04:54:00,332,68.5,20,0.73599
2025-07-14T04:57:00,331,69.5,20,0.71263
2025-07-14T05:00:00,330,69.4,20,0.71496
2025-07-14T05:03:00,331,68.9,20,0.72665
2025-07-14T05:06:00,331,69.3,20,0.7173
2025-07-14T05:09:00,331,69.4,20,0.71496
2025-07-14T05:12:00,331,68.9,20,0.72665
2025-07-14T05:15:00,330,68,20,0.74767
2025-07-14T05:18:00,330,67.9,20,0.75001
2025-07-14T05:21:00,331,67.8,20,0.75235
2025-07-14T05:24:00,331,67,20,0.77104
2025-07-14T05:27:00,331,65.5,20,0.80609
2025-07-14T05:30:00,331,65.6,20,0.80375
2025-07-14T05:33:00,330,65.5,19,0.7575
2025-07-14T05:36:00,331,65.3,20,0.81076
2025-07-14T05:39:00,331,64.1,20,0.8388
2025-07-14T05:42:00,331,63.7,19,0.79702
2025-07-14T05:45:00,331,64.3,19,0.78385
2025-07-14T05:48:00,330,64.3,20,0.83412
2025-07-14T05:51:00,331,63.2,20,0.85982
2025-07-14T05:54:00,332,63.4,20,0.85515
2025-07-14T05:57:00,332,63.1,20,0.86216
2025-07-14T06:00:00,333,62.4,20,0.87852
2025-07-14T06:03:00,332,62.5,20,0.87618
2025-07-14T06:06:00,333,62.2,20,0.88319
2025-07-14T06:09:00,334,62.2,20,0.88319
2025-07-14T06:12:00,334,61.6,20,0.89721
2025-07-14T06:15:00,333,62.3,19,0.82776
2025-07-14T06:18:00,332.5,62.2,19.5,0.85621
2025-07-14T06:21:00,332,62.1,20,0.88553
2025-07-14T06:24:00,334,62,20,0.88786
2025-07-14T06:27:00,334,61.7,20,0.89487
2025-07-14T06:30:00,334,62.7,19,0.81898
2025-07-14T06:33:00,335,61.9,20,0.8902
2025-07-14T06:36:00,336,61.5,20,0.89954
2025-07-14T06:39:00,334,61.8,20,0.89254
2025-07-14T06:42:00,335,62.1,19,0.83215
2025-07-14T06:45:00,334,62.8,19,0.81678
2025-07-14T06:48:00,334,61.9,19,0.83655
2025-07-14T06:51:00,335,60.8,19,0.8607
2025-07-14T06:54:00,334,61.2,19,0.85192
2025-07-14T06:57:00,335,61.2,20,0.90655
2025-07-14T07:00:00,336,60.8,19,0.8607
2025-07-14T07:03:00,336,60.8,19,0.8607
2025-07-14T07:06:00,336,60.9,19,0.8585
2025-07-14T07:09:00,337,60.7,19,0.86289
2025-07-14T07:12:00,336,60.7,19,0.86289
2025-07-14T07:15:00,337,61,20,0.91123
2025-07-14T07:18:00,337,60.6,20,0.92057
2025-07-14T07:21:00,339,60.3,20,0.92758
2025-07-14T07:24:00,339,60.8,20,0.9159
2025-07-14T07:27:00,340,60.8,20,0.9159
2025-07-14T07:30:00,342,60.4,20,0.92525
2025-07-14T07:33:00,345,60.2,20,0.92992
2025-07-14T07:36:00,345,60.8,20,0.9159
2025-07-14T07:39:00,345,61,20,0.91123
2025-07-14T07:42:00,347,60.8,20,0.9159
2025-07-14T07:45:00,348,60.6,20,0.92057
2025-07-14T07:48:00,345,61.5,20,0.89954
2025-07-14T07:51:00,344,61.7,20,0.89487
2025-07-14T07:54:00,344,61.2,20,0.90655
2025-07-14T07:57:00,347,61.3,20,0.90422
2025-07-14T08:00:00,347,61.7,20,0.89487
2025-07-14T08:03:00,347,61.2,20,0.90655
2025-07-14T08:06:00,345,62.9,20,0.86683
2025-07-14T08:09:00,343,62.6,20,0.87384
2025-07-14T08:12:00,345,63.5,20,0.85281
2025-07-14T08:15:00,347,62.4,20,0.87852
2025-07-14T08:18:00,345,61.8,20,0.89254
2025-07-14T08:21:00,346,62.3,20,0.88085
2025-07-14T08:24:00,350,62.3,20,0.88085
2025-07-14T08:27:00,350,63.1,20,0.86216
2025-07-14T08:30:00,348,63.1,20,0.86216
2025-07-14T08:33:00,347,63.1,20,0.86216
2025-07-14T08:36:00,348,64.1,20,0.8388
2025-07-14T08:39:00,348,62.5,20,0.87618
2025-07-14T08:42:00,351,64,20,0.84113
2025-07-14T08:45:00,352,63.8,20,0.84581
2025-07-14T08:48:00,355,62.8,20,0.86917
2025-07-14T08:51:00,358,62.5,20,0.87618
2025-07-14T08:54:00,360,62.8,21,0.92448
2025-07-14T08:57:00,360,62.8,20,0.86917
2025-07-14T09:00:00,362,62.1,20,0.88553
2025-07-14T09:03:00,366,62.2,20,0.88319
2025-07-14T09:06:00,367,62.5,20,0.87618
2025-07-14T09:09:00,366,62.4,21,0.93442
2025-07-14T09:12:00,365,61.8,21,0.94933
2025-07-14T09:15:00,364,62.4,20,0.87852
2025-07-14T09:18:00,362,62.7,21,0.92696
2025-07-14T09:21:00,364,62.2,20,0.88319
2025-07-14T09:24:00,365,62.3,20,0.88085
2025-07-14T09:27:00,365,62.6,21,0.92945
2025-07-14T09:30:00,367,61.8,21,0.94933
2025-07-14T09:33:00,367,60.7,20,0.91824
2025-07-14T09:36:00,371,62.6,20,0.87384
2025-07-14T09:39:00,370,62.9,21,0.92199
2025-07-14T09:42:00,367,62.8,21,0.92448
2025-07-14T09:45:00,362,65.8,19,0.75091
2025-07-14T09:48:00,361,66,20,0.7944
2025-07-14T09:51:00,360,64.8,20,0.82244
2025-07-14T09:54:00,361,65.3,20,0.81076
2025-07-14T09:57:00,364,67.3,19,0.71798
2025-07-14T10:00:00,364,65.3,20,0.81076
2025-07-14T10:03:00,367,65.1,20,0.81543
2025-07-14T10:06:00,356,75.5,19,0.53794
2025-07-14T10:09:00,354,74.8,19,0.55331
2025-07-14T10:12:00,351,74,20,0.60748
2025-07-14T10:15:00,350,75,20,0.58412
2025-07-14T10:18:00,345,73.1,20,0.62851
2025-07-14T10:21:00,345,71.6,20,0.66356
2025-07-14T10:24:00,349,71.2,20,0.67291
2025-07-14T10:27:00,353,71.5,20,0.6659
2025-07-14T10:30:00,355,71.9,20,0.65655
2025-07-14T10:33:00,356,72.4,20,0.64487
2025-07-14T10:36:00,356,71.7,20,0.66122
2025-07-14T10:39:00,358,71,20,0.67758
2025-07-14T10:42:00,363,70.3,20,0.69393
2025-07-14T10:45:00,364,71.5,20,0.6659
2025-07-14T10:48:00,364,71.7,20,0.66122
2025-07-14T10:51:00,364,71.6,20,0.66356
2025-07-14T10:54:00,368,72,20,0.65421
2025-07-14T10:57:00,372,72.1,20,0.65188
2025-07-14T11:00:00,369,72.4,20,0.64487
2025-07-14T11:03:00,369,73.6,19,0.57965
2025-07-14T11:06:00,368,73.6,20,0.61683
2025-07-14T11:09:00,368,73.9,20,0.60982
2025-07-14T11:12:00,365,73.9,20,0.60982
2025-07-14T11:15:00,364,73.7,20,0.61449
2025-07-14T11:18:00,364,74.6,20,0.59347
2025-07-14T11:21:00,364,73.8,20,0.61216
2025-07-14T11:24:00,365,73.4,20,0.6215
2025-07-14T11:27:00,360,73.1,20,0.62851
2025-07-14T11:30:00,356,73.5,20,0.61917
2025-07-14T11:33:00,358,73.5,20,0.61917
2025-07-14T11:36:00,358,73.4,20,0.6215
2025-07-14T11:39:00,360,72.5,20,0.64253
2025-07-14T11:42:00,355,72.7,20,0.63786
2025-07-14T11:45:00,354,72.9,20,0.63319
2025-07-14T11:48:00,351,72,20,0.65421
2025-07-14T11:51:00,356,72.7,20,0.63786
2025-07-14T11:54:00,357,72.4,20,0.64487
2025-07-14T11:57:00,358,72.2,20,0.64954
2025-07-14T12:00:00,360,72.2,20,0.64954
2025-07-14T12:03:00,362,72.2,20,0.64954
2025-07-14T12:06:00,358,72.8,20,0.63552
2025-07-14T12:09:00,358,72,20,0.65421
2025-07-14T12:12:00,365,71.4,20,0.66823
2025-07-14T12:15:00,362,72,20,0.65421
2025-07-14T12:18:00,362,70.9,20,0.67992
2025-07-14T12:21:00,365,70,20,0.70094
2025-07-14T12:24:00,364,70.1,20,0.69861
2025-07-14T12:27:00,372,70,20,0.70094
2025-07-14T12:30:00,388,70,20,0.70094
2025-07-14T12:33:00,392,69.1,20,0.72197
2025-07-14T12:36:00,379,69.6,20,0.71029
2025-07-14T12:39:00,377,67.7,20,0.75468
2025-07-14T12:42:00,383,67.3,20,0.76403
2025-07-14T12:45:00,385,67.3,20,0.76403
2025-07-14T12:48:00,385,66.9,20,0.77337
2025-07-14T12:51:00,387,66.3,21,0.8375
2025-07-14T12:54:00,389,65.5,21,0.85738
2025-07-14T12:57:00,395,65.1,21,0.86732
2025-07-14T13:00:00,402,64.9,20,0.8201
2025-07-14T13:03:00,409,64.3,21,0.8872
2025-07-14T13:06:00,422,63.5,21,0.90708
2025-07-14T13:09:00,424,71.7,19,0.62137
2025-07-14T13:12:00,412,77.2,18,0.47021
2025-07-14T13:15:00,392,75.4,19,0.54013
2025-07-14T13:18:00,389,72.6,19,0.60161
2025-07-14T13:21:00,389,74.2,19,0.56648
2025-07-14T13:24:00,377,74.4,19,0.56209
2025-07-14T13:27:00,364,73.9,19,0.57307
2025-07-14T13:30:00,367,71.2,20,0.67291
2025-07-14T13:33:00,369,70.6,20,0.68692
2025-07-14T13:36:00,371,70.7,20,0.68459
2025-07-14T13:39:00,378,70.4,20,0.6916
2025-07-14T13:42:00,383,70.5,20,0.68926
2025-07-14T13:45:00,386,71.5,20,0.6659
2025-07-14T13:48:00,386,70.7,20,0.68459
2025-07-14T13:51:00,387,69.4,20,0.71496
2025-07-14T13:54:00,384,70.3,20,0.69393
2025-07-14T13:57:00,380,71.7,20,0.66122
2025-07-14T14:00:00,379,71.5,20,0.6659
2025-07-14T14:03:00,378,70.6,20,0.68692
2025-07-14T14:06:00,379,69.5,20,0.71263
2025-07-14T14:09:00,380,68.4,21,0.78531
2025-07-14T14:12:00,382,68.3,20,0.74066
2025-07-14T14:15:00,380,70.2,20,0.69627
2025-07-14T14:18:00,381,69.7,20,0.70795
2025-07-14T14:21:00,380,69.5,20,0.71263
2025-07-14T14:24:00,383,69.6,20,0.71029
2025-07-14T14:27:00,386,68.8,20,0.72898
2025-07-14T14:30:00,389,69.4,20,0.71496
2025-07-14T14:33:00,391,69.2,20,0.71964
2025-07-14T14:36:00,393,68.8,20,0.72898
2025-07-14T14:39:00,395,68.6,20,0.73365
2025-07-14T14:42:00,398,68.3,20,0.74066
2025-07-14T14:45:00,400,65.8,20,0.79908
2025-07-14T14:48:00,397,65.4,20,0.80842
2025-07-14T14:51:00,397,65,20,0.81777
2025-07-14T14:54:00,392,70.6,20,0.68692
2025-07-14T14:57:00,393,71.2,20,0.67291
2025-07-14T15:00:00,389,70.4,19,0.64991
2025-07-14T15:03:00,382,74.5,19,0.55989
2025-07-14T15:06:00,382,71.9,20,0.65655
2025-07-14T15:09:00,381,71.1,20,0.67524
2025-07-14T15:12:00,380,72.7,20,0.63786
2025-07-14T15:15:00,379,71.7,20,0.66122
2025-07-14T15:18:00,377,72.7,20,0.63786
2025-07-14T15:21:00,373,71.8,20,0.65889
2025-07-14T15:24:00,374,71.5,20,0.6659
2025-07-14T15:27:00,373,71.1,20,0.67524
2025-07-14T15:30:00,374,71.4,20,0.66823
2025-07-14T15:33:00,375,71.2,20,0.67291
2025-07-14T15:36:00,375,70.2,20,0.69627
2025-07-14T15:39:00,376,70.5,20,0.68926
2025-07-14T15:42:00,374,69.1,21,0.76791
2025-07-14T15:45:00,371,70.8,20,0.68225
2025-07-14T15:48:00,370,70.7,20,0.68459
2025-07-14T15:51:00,366,70,20,0.70094
2025-07-14T15:54:00,365,70.2,20,0.69627
2025-07-14T15:57:00,362,70,20,0.70094
2025-07-14T16:00:00,358,70.1,20,0.69861
2025-07-14T16:03:00,356,70.5,20,0.68926
2025-07-14T16:06:00,355,69.3,20,0.7173
2025-07-14T16:09:00,355,69.4,20,0.71496
2025-07-14T16:12:00,354,68.9,20,0.72665
2025-07-14T16:15:00,357,68.1,21,0.79276
2025-07-14T16:18:00,358,68.1,21,0.79276
2025-07-14T16:21:00,360,67.9,21,0.79773
2025-07-14T16:24:00,365,68.4,20,0.73833
2025-07-14T16:27:00,366,69.2,20,0.71964
2025-07-14T16:30:00,370,68.6,20,0.73365
2025-07-14T16:33:00,372,67.8,20,0.75235
2025-07-14T16:36:00,370,66.8,20,0.77571
2025-07-14T16:39:00,367,66.9,20,0.77337
2025-07-14T16:42:00,367,66.9,20,0.77337
2025-07-14T16:45:00,367,63.9,21,0.89714
2025-07-14T16:48:00,366,67.9,20,0.75001
2025-07-14T16:51:00,361,74.6,19,0.5577
2025-07-14T16:54:00,360,72.9,20,0.63319
2025-07-14T16:57:00,359,71.9,20,0.65655
2025-07-14T17:00:00,358,73.8,19,0.57526
2025-07-14T17:03:00,359,71.5,20,0.6659
2025-07-14T17:06:00,359,70.5,20,0.68926
2025-07-14T17:09:00,361,70.8,20,0.68225
2025-07-14T17:12:00,365,71.2,19,0.63235
2025-07-14T17:15:00,369,72.8,19,0.59722
2025-07-14T17:18:00,366,73.2,19,0.58844
2025-07-14T17:21:00,364,71.8,20,0.65889
2025-07-14T17:24:00,365,71.1,20,0.67524
2025-07-14T17:27:00,365,70.7,20,0.68459
2025-07-14T17:30:00,364,70.3,20,0.69393
2025-07-14T17:33:00,364,69.9,20,0.70328
2025-07-14T17:36:00,364,69.9,20,0.70328
2025-07-14T17:39:00,362,68.9,20,0.72665
2025-07-14T17:42:00,363,68,20,0.74767
2025-07-14T17:45:00,361,68.7,20,0.73132
2025-07-14T17:48:00,361,68.6,20,0.73365
2025-07-14T17:51:00,359,68.5,20,0.73599
2025-07-14T17:54:00,358,69.2,20,0.71964
2025-07-14T17:57:00,356,69.5,20,0.71263
2025-07-14T18:00:00,356,68.8,20,0.72898
2025-07-14T18:03:00,356,68.4,20,0.73833
2025-07-14T18:06:00,358,68.3,20,0.74066
2025-07-14T18:09:00,356,67.6,20,0.75702
2025-07-14T18:12:00,355,68.2,20,0.743
2025-07-14T18:15:00,355,67.4,20,0.76169
2025-07-14T18:18:00,355,67.4,20,0.76169
2025-07-14T18:21:00,357,65.7,20,0.80141
2025-07-14T18:24:00,354,65.3,21,0.86235
2025-07-14T18:27:00,353,64.5,21,0.88223
2025-07-14T18:30:00,353,63.6,21,0.9046
2025-07-14T18:33:00,350,62.5,21,0.93193
2025-07-14T18:36:00,350,62,21,0.94436
2025-07-14T18:39:00,350,62,21,0.94436
2025-07-14T18:42:00,350,61.6,21,0.9543
2025-07-14T18:45:00,348,61.1,20,0.90889
2025-07-14T18:48:00,349,68.3,20,0.74066
2025-07-14T18:51:00,347,69.1,20,0.72197
2025-07-14T18:54:00,346,71.5,19,0.62576
2025-07-14T18:57:00,345,70.7,20,0.68459
2025-07-14T19:00:00,344,69.1,20,0.72197
2025-07-14T19:03:00,345,67,20,0.77104
2025-07-14T19:06:00,343,68.6,20,0.73365
2025-07-14T19:09:00,341,69.2,20,0.71964
2025-07-14T19:12:00,342,69,20,0.72431
2025-07-14T19:15:00,340,68.9,20,0.72665
2025-07-14T19:18:00,340,68.1,20,0.74534
2025-07-14T19:21:00,339,67.6,19,0.71139
2025-07-14T19:24:00,340,65.5,20,0.80609
2025-07-14T19:27:00,338,66,20,0.7944
2025-07-14T19:30:00,339,67.7,19,0.7092
2025-07-14T19:33:00,339,68.1,20,0.74534
2025-07-14T19:36:00,339,66.3,20,0.78739
2025-07-14T19:39:00,338,66,19,0.74652
2025-07-14T19:42:00,338,64.5,20,0.82945
2025-07-14T19:45:00,338,64,20,0.84113
2025-07-14T19:48:00,339,65.4,20,0.80842
2025-07-14T19:51:00,339,66.1,20,0.79207
2025-07-14T19:54:00,337,65.9,20,0.79674
2025-07-14T19:57:00,337,65.4,20,0.80842
2025-07-14T20:00:00,10,64.5,20,0.82945
2025-07-14T20:03:00,0,63.4,20,0.85515
2025-07-14T20:06:00,0,63.6,20,0.85048
2025-07-14T20:09:00,0,65.4,19,0.7597
2025-07-14T20:12:00,0,66,19,0.74652
2025-07-14T20:15:00,10,65.5,19,0.7575
2025-07-14T20:18:00,10,64.7,19,0.77507
2025-07-14T20:21:00,9,62.6,19,0.82118
2025-07-14T20:24:00,0,62.6,19,0.82118
2025-07-14T20:27:00,0,65.5,19,0.7575
2025-07-14T20:30:00,0,63.6,19,0.79922
2025-07-14T20:33:00,0,62.5,19,0.82337
2025-07-14T20:36:00,0,61.4,19,0.84752
2025-07-14T20:39:00,0,63.2,19,0.808
2025-07-14T20:42:00,0,65.9,19,0.74872
2025-07-14T20:45:00,0,62.9,19,0.81459
2025-07-14T20:48:00,0,60.9,19,0.8585
2025-07-14T20:51:00,0,60.9,19,0.8585
2025-07-14T20:54:00,0,66.1,19,0.74433
2025-07-14T20:57:00,0,66.4,19,0.73774
2025-07-14T21:00:00,0,65.2,19,0.76409
2025-07-14T21:03:00,0,67.2,19,0.72018
2025-07-14T21:06:00,0,68.4,19,0.69383
2025-07-14T21:09:00,0,66.6,19,0.73335
2025-07-14T21:12:00,0,67.9,19,0.70481
2025-07-14T21:15:00,0,67.6,19,0.71139
2025-07-14T21:18:00,0,68.5,19,0.69163
2025-07-14T21:21:00,0,67.7,19,0.7092
2025-07-14T21:24:00,0,67.2,19,0.72018
2025-07-14T21:27:00,0,66.3,19,0.73994
2025-07-14T21:30:00,0,65.6,19,0.75531
2025-07-14T21:33:00,0,64.7,19,0.77507
2025-07-14T21:36:00,0,64.1,19,0.78824
2025-07-14T21:39:00,0,63.9,19,0.79263
2025-07-14T21:42:00,0,63.7,19,0.79702
2025-07-14T21:45:00,0,63.6,19,0.79922
2025-07-14T21:48:00,0,63.6,19,0.79922
2025-07-14T21:51:00,0,63.5,19,0.80142
2025-07-14T21:54:00,0,63.6,19,0.79922
2025-07-14T21:57:00,0,63.6,19,0.79922
2025-07-14T22:00:00,0,63.5,19,0.80142
2025-07-14T22:03:00,0,63.5,19,0.80142
2025-07-14T22:06:00,0,63.7,19,0.79702
2025-07-14T22:09:00,0,63.7,19,0.79702
2025-07-14T22:12:00,0,63.9,19,0.79263
2025-07-14T22:15:00,0,63.9,19,0.79263
2025-07-14T22:18:00,0,64.2,19,0.78605
2025-07-14T22:21:00,0,64.5,19,0.77946
2025-07-14T22:24:00,0,64.9,18,0.72388
2025-07-14T22:27:00,0,65.3,18,0.71563
2025-07-14T22:30:00,0,66,18,0.70119
2025-07-14T22:33:00,0,67.3,18,0.67438
2025-07-14T22:36:00,0,67.6,18,0.6682
2025-07-14T22:39:00,0,68.4,19,0.69383
2025-07-14T22:42:00,0,69.5,18,0.62901
2025-07-14T22:45:00,0,70.1,18,0.61664
2025-07-14T22:48:00,0,70.9,19,0.63894
2025-07-14T22:51:00,0,71.3,19,0.63015
2025-07-14T22:54:00,0,71.9,19,0.61698
2025-07-14T22:57:00,0,72.4,19,0.606
2025-07-14T23:00:00,0,72.8,19,0.59722
2025-07-14T23:03:00,0,73.1,19,0.59063
2025-07-14T23:06:00,0,73.9,19,0.57307
2025-07-14T23:09:00,0,75.4,19,0.54013
2025-07-14T23:12:00,0,76.5,19,0.51598
2025-07-14T23:15:00,0,77.4,19,0.49622
2025-07-14T23:18:00,0,78.1,19,0.48085
2025-07-14T23:21:00,0,78.7,19,0.46768
2025-07-14T23:24:00,0,79,19,0.46109
2025-07-14T23:27:00,0,79.5,19,0.45011
2025-07-14T23:30:00,0,79.7,19,0.44572
2025-07-14T23:33:00,0,80,19,0.43913
2025-07-14T23:36:00,0,80.2,18,0.40834
2025-07-14T23:39:00,0,80.3,19,0.43254
2025-07-14T23:42:00,0,80.5,18,0.40215
2025-07-14T23:45:00,0,80.6,18,0.40009
2025-07-14T23:48:00,0,80.7,18,0.39803
2025-07-14T23:51:00,0,80.7,18,0.39803
2025-07-14T23:54:00,0,80.7,18,0.39803
2025-07-14T23:57:00,0,80.7,18,0.39803
2025-07-15T00:00:00,0,80.8,18,0.39597
2025-07-15T00:03:00,0,80.7,18,0.39803
2025-07-15T00:06:00,0,80.7,18,0.39803
2025-07-15T00:09:00,0,80.9,18,0.39391
2025-07-15T00:12:00,0,80.9,18,0.39391
2025-07-15T00:15:00,0,80.8,18,0.39597
2025-07-15T00:18:00,0,80.8,18,0.39597
2025-07-15T00:21:00,0,80.8,18,0.39597
2025-07-15T00:24:00,0,80.8,18,0.39597
2025-07-15T00:27:00,0,80.9,18,0.39391
2025-07-15T00:30:00,0,81,18,0.39184
2025-07-15T00:33:00,0,81,18,0.39184
2025-07-15T00:36:00,0,81.5,18,0.38153
2025-07-15T00:39:00,0,82,18,0.37122
2025-07-15T00:42:00,0,82.3,18,0.36503
2025-07-15T00:45:00,0,82.5,18,0.36091
2025-07-15T00:48:00,0,82.6,18,0.35885
2025-07-15T00:51:00,0,82.6,18,0.35885
2025-07-15T00:54:00,0,82.8,18,0.35472
2025-07-15T00:57:00,0,82.7,18,0.35678
2025-07-15T01:00:00,0,82.8,18,0.35472
2025-07-15T01:03:00,0,82.8,18,0.35472
2025-07-15T01:06:00,0,82.8,18,0.35472
2025-07-15T01:09:00,0,82.8,18,0.35472
2025-07-15T01:12:00,0,82.8,18,0.35472
2025-07-15T01:15:00,0,82.6,18,0.35885
2025-07-15T01:18:00,0,82.6,18,0.35885
2025-07-15T01:21:00,0,82.5,18,0.36091
2025-07-15T01:24:00,0,82.4,18,0.36297
2025-07-15T01:27:00,0,82.4,18,0.36297
2025-07-15T01:30:00,0,82.3,18,0.36503
2025-07-15T01:33:00,0,82.2,18,0.3671
2025-07-15T01:36:00,0,82.2,18,0.3671
2025-07-15T01:39:00,0,82.2,18,0.3671
2025-07-15T01:42:00,0,82,18,0.37122
2025-07-15T01:45:00,0,82,18,0.37122
2025-07-15T01:48:00,0,81.9,18,0.37328
2025-07-15T01:51:00,0,81.9,18,0.37328
2025-07-15T01:54:00,0,81.8,18,0.37534
2025-07-15T01:57:00,0,81.6,18,0.37947
2025-07-15T02:00:00,0,81.6,18,0.37947
2025-07-15T02:03:00,0,81.6,18,0.37947
2025-07-15T02:06:00,0,82,18,0.37122
2025-07-15T02:09:00,0,82.4,18,0.36297
2025-07-15T02:12:00,0,82.6,18,0.35885
2025-07-15T02:15:00,0,82.6,18,0.35885
2025-07-15T02:18:00,0,82.8,18,0.35472
2025-07-15T02:21:00,0,82.6,18,0.35885
2025-07-15T02:24:00,0,82.7,18,0.35678
2025-07-15T02:27:00,0,82.6,18,0.35885
2025-07-15T02:30:00,0,82.6,18,0.35885
2025-07-15T02:33:00,0,82.6,18,0.35885
2025-07-15T02:36:00,0,82.6,17,0.33689
2025-07-15T02:39:00,0,82.5,17,0.33883
2025-07-15T02:42:00,0,82.3,17,0.3427
2025-07-15T02:45:00,0,82.3,17,0.3427
2025-07-15T02:48:00,0,82.3,17,0.3427
2025-07-15T02:51:00,0,82.1,17,0.34657
2025-07-15T02:54:00,0,82,17,0.34851
2025-07-15T02:57:00,0,81.9,17,0.35045
2025-07-15T03:00:00,0,81.9,17,0.35045
2025-07-15T03:03:00,0,81.9,17,0.35045
2025-07-15T03:06:00,0,81.7,17,0.35432
2025-07-15T03:09:00,0,81.6,17,0.35625
2025-07-15T03:12:00,0,81.6,17,0.35625
2025-07-15T03:15:00,0,81.5,17,0.35819
2025-07-15T03:18:00,0,81.4,17,0.36013
2025-07-15T03:21:00,0,81.3,17,0.36206
2025-07-15T03:24:00,0,81.3,17,0.36206
2025-07-15T03:27:00,0,81.2,17,0.364
2025-07-15T03:30:00,0,81.2,17,0.364
2025-07-15T03:33:00,0,81.1,17,0.36593
2025-07-15T03:36:00,0,81,17,0.36787
2025-07-15T03:39:00,0,80.8,17,0.37174
2025-07-15T03:42:00,0,80.8,17,0.37174
2025-07-15T03:45:00,0,80.7,17,0.37368
2025-07-15T03:48:00,0,80.7,17,0.37368
2025-07-15T03:51:00,0,80.6,17,0.37562
2025-07-15T03:54:00,0,80.5,17,0.37755
2025-07-15T03:57:00,0,80.5,17,0.37755
2025-07-15T04:00:00,0,80.4,17,0.37949
2025-07-15T04:03:00,347,80,17,0.38723
2025-07-15T04:06:00,344,79.5,17,0.39691
2025-07-15T04:09:00,341,78.6,17,0.41434
2025-07-15T04:12:00,339,78.1,17,0.42402
2025-07-15T04:15:00,337,77.7,18,0.4599
2025-07-15T04:18:00,336,77.3,18,0.46815
2025-07-15T04:21:00,334,76.9,18,0.4764
2025-07-15T04:24:00,334,76.4,18,0.48671
2025-07-15T04:27:00,333,76.4,18,0.48671
2025-07-15T04:30:00,332,75.6,18,0.50321
2025-07-15T04:33:00,331,75.6,18,0.50321
2025-07-15T04:36:00,331,75.5,18,0.50527
2025-07-15T04:39:00,331,75.1,19,0.54672
2025-07-15T04:42:00,330,74.7,19,0.5555
2025-07-15T04:45:00,330,74.7,19,0.5555
2025-07-15T04:48:00,330,74.4,19,0.56209
2025-07-15T04:51:00,331,74.3,19,0.56428
2025-07-15T04:54:00,331,74,19,0.57087
2025-07-15T04:57:00,329,73.9,19,0.57307
2025-07-15T05:00:00,330,73.8,19,0.57526
2025-07-15T05:03:00,331,73.5,19,0.58185
2025-07-15T05:06:00,331,73.3,19,0.58624
2025-07-15T05:09:00,330,73.3,19,0.58624
2025-07-15T05:12:00,330,73,19,0.59283
2025-07-15T05:15:00,331,72.9,20,0.63319
2025-07-15T05:18:00,330,72.8,20,0.63552
2025-07-15T05:21:00,331,72.7,20,0.63786
2025-07-15T05:24:00,332,72.4,20,0.64487
2025-07-15T05:27:00,332,72.2,20,0.64954
2025-07-15T05:30:00,332,71.2,20,0.67291
2025-07-15T05:33:00,332,70,20,0.70094
2025-07-15T05:36:00,331,69.1,20,0.72197
2025-07-15T05:39:00,332,68.7,20,0.73132
2025-07-15T05:42:00,332,68,20,0.74767
2025-07-15T05:45:00,333,67.6,20,0.75702
2025-07-15T05:48:00,331,65.8,20,0.79908
2025-07-15T05:51:00,331,67,20,0.77104
2025-07-15T05:54:00,332,65.9,20,0.79674
2025-07-15T05:57:00,333,65.1,20,0.81543
2025-07-15T06:00:00,333,63.6,20,0.85048
2025-07-15T06:03:00,332,64.2,20,0.83646
2025-07-15T06:06:00,334,63.9,20,0.84347
2025-07-15T06:09:00,334,63.4,20,0.85515
2025-07-15T06:12:00,332,62.7,20,0.87151
2025-07-15T06:15:00,332,61.6,19,0.84313
2025-07-15T06:18:00,333,62.6,19,0.82118
2025-07-15T06:21:00,334,61.3,19,0.84972
2025-07-15T06:24:00,333,61.3,20,0.90422
2025-07-15T06:27:00,334,60.8,20,0.9159
2025-07-15T06:30:00,334,61.5,19,0.84533
2025-07-15T06:33:00,335,60.5,20,0.92291
2025-07-15T06:36:00,336,60,20,0.93459
2025-07-15T06:39:00,336,59.7,20,0.9416
2025-07-15T06:42:00,336,60.7,20,0.91824
2025-07-15T06:45:00,337,59.8,20,0.93926
2025-07-15T06:48:00,337,59.2,20,0.95328
2025-07-15T06:51:00,338,59.3,20,0.95095
2025-07-15T06:54:00,337,60,20,0.93459
2025-07-15T06:57:00,337,59.5,20,0.94627
2025-07-15T07:00:00,338,58.8,19,0.90461
2025-07-15T07:03:00,337,58.8,19,0.90461
2025-07-15T07:06:00,339,59.1,20,0.95562
2025-07-15T07:09:00,339,58.3,20,0.97431
2025-07-15T07:12:00,339,58.1,20,0.97898
2025-07-15T07:15:00,339,57.9,20,0.98366
2025-07-15T07:18:00,342,57.9,20,0.98366
2025-07-15T07:21:00,342,57.7,20,0.98833
2025-07-15T07:24:00,344,57.7,20,0.98833
2025-07-15T07:27:00,347,57.8,19,0.92657
2025-07-15T07:30:00,348,57.1,20,1.00235
2025-07-15T07:33:00,350,57.4,20,0.99534
2025-07-15T07:36:00,352,57.3,20,0.99768
2025-07-15T07:39:00,353,57,20,1.00469
2025-07-15T07:42:00,356,57.3,20,0.99768
2025-07-15T07:45:00,359,57.3,20,0.99768
2025-07-15T07:48:00,361,57.4,20,0.99534
2025-07-15T07:51:00,366,56.8,20,1.00936
2025-07-15T07:54:00,369,56.5,20,1.01637
2025-07-15T07:57:00,370,56.9,20,1.00702
2025-07-15T08:00:00,375,59,21,1.01891
2025-07-15T08:03:00,379,57.8,20,0.98599
2025-07-15T08:06:00,378,56.6,21,1.07856
2025-07-15T08:09:00,375,57.4,20,0.99534
2025-07-15T08:12:00,374,58.4,20,0.97198
2025-07-15T08:15:00,378,58.6,20,0.9673
2025-07-15T08:18:00,381,57.6,20,0.99067
2025-07-15T08:21:00,382,57.4,20,0.99534
2025-07-15T08:24:00,383,57.3,20,0.99768
2025-07-15T08:27:00,386,59.4,20,0.94861
2025-07-15T08:30:00,389,54.7,21,1.12577
2025-07-15T08:33:00,396,56,21,1.09347
2025-07-15T08:36:00,400,55.4,21,1.10838
2025-07-15T08:39:00,407,54.7,21,1.12577
2025-07-15T08:42:00,414,54.4,20,1.06543
2025-07-15T08:45:00,417,54.7,20,1.05843
2025-07-15T08:48:00,421,55,20,1.05142
2025-07-15T08:51:00,423,55,20,1.05142
2025-07-15T08:54:00,438,53.9,21,1.14566
2025-07-15T08:57:00,414,53.9,21,1.14566
2025-07-15T09:00:00,443,52.8,21,1.17299
2025-07-15T09:03:00,457,52.7,21,1.17548
2025-07-15T09:06:00,466,55.4,20,1.04207
2025-07-15T09:09:00,463,53.9,21,1.14566
2025-07-15T09:12:00,456,53.9,21,1.14566
2025-07-15T09:15:00,458,56.2,19,0.9617
2025-07-15T09:18:00,402,55.5,20,1.03973
2025-07-15T09:21:00,428,54.3,20,1.06777
2025-07-15T09:24:00,427,53.2,20,1.09347
2025-07-15T09:27:00,409,57.7,19,0.92876
2025-07-15T09:30:00,393,56.5,20,1.01637
2025-07-15T09:33:00,425,56.5,19,0.95511
2025-07-15T09:36:00,424,58.6,18,0.85381
2025-07-15T09:39:00,421,57.5,20,0.993
2025-07-15T09:42:00,421,58.5,18,0.85587
2025-07-15T09:45:00,436,57.2,19,0.93974
2025-07-15T09:48:00,407,55.6,20,1.0374
2025-07-15T09:51:00,427,56.6,20,1.01403
2025-07-15T09:54:00,400,55.3,19,0.98146
2025-07-15T09:57:00,432,59.8,18,0.82906
2025-07-15T10:00:00,405,58.1,19,0.91998
2025-07-15T10:03:00,402,57.6,19,0.93096
2025-07-15T10:06:00,386,59.8,19,0.88265
2025-07-15T10:09:00,391,59.7,18,0.83112
2025-07-15T10:12:00,405,57.6,19,0.93096
2025-07-15T10:15:00,406,59.4,18,0.83731
2025-07-15T10:18:00,403,58.2,19,0.91778
2025-07-15T10:21:00,416,57.2,20,1.00001
2025-07-15T10:24:00,423,57.4,19,0.93535
2025-07-15T10:27:00,424,57.8,19,0.92657
2025-07-15T10:30:00,431,56.8,20,1.00936
2025-07-15T10:33:00,426,55,20,1.05142
2025-07-15T10:36:00,428,60.1,19,0.87607
2025-07-15T10:39:00,419,57,19,0.94413
2025-07-15T10:42:00,413,59.7,18,0.83112
2025-07-15T10:45:00,398,57.9,20,0.98366
2025-07-15T10:48:00,395,55.4,19,0.97926
2025-07-15T10:51:00,383,60,19,0.87826
2025-07-15T10:54:00,391,59.4,18,0.83731
2025-07-15T10:57:00,376,58.6,19,0.909
2025-07-15T11:00:00,391,59.1,19,0.89802
2025-07-15T11:03:00,397,55.4,20,1.04207
2025-07-15T11:06:00,395,54.6,20,1.06076
2025-07-15T11:09:00,401,56.3,19,0.9595
2025-07-15T11:12:00,400,54.9,20,1.05375
2025-07-15T11:15:00,403,59.3,20,0.95095
2025-07-15T11:18:00,391,62.8,18,0.76719
2025-07-15T11:21:00,430,67.3,18,0.67438
2025-07-15T11:24:00,402,70.7,18,0.60426
2025-07-15T11:27:00,402,67.5,17,0.62925
2025-07-15T11:30:00,416,69.7,18,0.62489
2025-07-15T11:33:00,393,67.5,19,0.71359
2025-07-15T11:36:00,408,69,18,0.63932
2025-07-15T11:39:00,421,67.7,19,0.7092
2025-07-15T11:42:00,438,65.2,19,0.76409
2025-07-15T11:45:00,437,64.8,20,0.82244
2025-07-15T11:48:00,437,66.8,19,0.72896
2025-07-15T11:51:00,418,65.5,19,0.7575
2025-07-15T11:54:00,424,64.8,20,0.82244
2025-07-15T11:57:00,432,63.8,20,0.84581
2025-07-15T12:00:00,412,63.7,20,0.84814
2025-07-15T12:03:00,402,67.1,19,0.72237
2025-07-15T12:06:00,402,65.8,19,0.75091
2025-07-15T12:09:00,404,65.15,19.5,0.78939
2025-07-15T12:12:00,406,64.5,20,0.82945
2025-07-15T12:15:00,426,63.7,19,0.79702
2025-07-15T12:18:00,430,64.4,19,0.78165
2025-07-15T12:21:00,416,64.8,19,0.77287
2025-07-15T12:24:00,420,64.7,19,0.77507
2025-07-15T12:27:00,443,63.6,20,0.85048
2025-07-15T12:30:00,439,63.2,20,0.85982
2025-07-15T12:33:00,441,62.9,20,0.86683
2025-07-15T12:36:00,422,61.2,20,0.90655
2025-07-15T12:39:00,435,59.5,20,0.94627
2025-07-15T12:42:00,438,60.5,20,0.92291
2025-07-15T12:45:00,413,64.2,18,0.73832
2025-07-15T12:48:00,438,61.3,19,0.84972
2025-07-15T12:51:00,433,59.8,20,0.93926
2025-07-15T12:54:00,408,58.8,19,0.90461
2025-07-15T12:57:00,404,56.1,20,1.02571
2025-07-15T13:00:00,407,55.3,19,0.98146
2025-07-15T13:03:00,394,52.3,19,1.04733
2025-07-15T13:06:00,397,52,19,1.05392
2025-07-15T13:09:00,377,53.5,20,1.08646
2025-07-15T13:12:00,403,51.3,20,1.13787
2025-07-15T13:15:00,399,53.9,19,1.0122
2025-07-15T13:18:00,378,52.5,20,1.10983
2025-07-15T13:21:00,376,52.6,20,1.10749
2025-07-15T13:24:00,373,55.2,20,1.04674
2025-07-15T13:27:00,391,52.2,21,1.1879
2025-07-15T13:30:00,379,58.5,20,0.96964
2025-07-15T13:33:00,407,61.7,19,0.84094
2025-07-15T13:36:00,372,69.8,17,0.58472
2025-07-15T13:39:00,391,63.7,18,0.74863
2025-07-15T13:42:00,401,68.1,18,0.65788
2025-07-15T13:45:00,378,67.5,19,0.71359
2025-07-15T13:48:00,386,62.5,19,0.82337
2025-07-15T13:51:00,382,66.4,19,0.73774
2025-07-15T13:54:00,391,63,19,0.81239
2025-07-15T13:57:00,408,65.1,19,0.76628
2025-07-15T14:00:00,418,64.8,19,0.77287
2025-07-15T14:03:00,394,63.8,19,0.79483
2025-07-15T14:06:00,399,64.1,20,0.8388
2025-07-15T14:09:00,399,65.9,18,0.70326
2025-07-15T14:12:00,401,64.5,19,0.77946
2025-07-15T14:15:00,404,63.7,20,0.84814
2025-07-15T14:18:00,404,67.1,18,0.67851
2025-07-15T14:21:00,400,64.3,19,0.78385
2025-07-15T14:24:00,406,62.7,20,0.87151
2025-07-15T14:27:00,401,62.2,20,0.88319
2025-07-15T14:30:00,403,62.6,19,0.82118
2025-07-15T14:33:00,402,61.4,19,0.84752
2025-07-15T14:36:00,389,63.8,19,0.79483
2025-07-15T14:39:00,391,62.6,19,0.82118
2025-07-15T14:42:00,391,61.1,20,0.90889
2025-07-15T14:45:00,397,58.6,20,0.9673
2025-07-15T14:48:00,399,58,19,0.92218
2025-07-15T14:51:00,397,61,19,0.85631
2025-07-15T14:54:00,380,58.8,20,0.96263
2025-07-15T14:57:00,368,58.1,20,0.97898
2025-07-15T15:00:00,369,56.3,20,1.02104
2025-07-15T15:03:00,363,55.6,20,1.0374
2025-07-15T15:06:00,373,55.5,21,1.10589
2025-07-15T15:09:00,367,53.9,20,1.07712
2025-07-15T15:12:00,361,53.1,21,1.16554
2025-07-15T15:15:00,359,52.4,21,1.18293
2025-07-15T15:18:00,377,49.2,21,1.26246
2025-07-15T15:21:00,380,50.8,20,1.14955
2025-07-15T15:24:00,389,48.4,20,1.20562
2025-07-15T15:27:00,390,52.3,19,1.04733
2025-07-15T15:30:00,400,50.5,20,1.15656
2025-07-15T15:33:00,401,61.2,18,0.80019
2025-07-15T15:36:00,377,67.2,18,0.67645
2025-07-15T15:39:00,373,65.7,19,0.75311
2025-07-15T15:42:00,371,61.9,20,0.8902
2025-07-15T15:45:00,371,64.3,20,0.83412
2025-07-15T15:48:00,376,62.5,20,0.87618
2025-07-15T15:51:00,385,61.6,20,0.89721
2025-07-15T15:54:00,382,61.8,20,0.89254
2025-07-15T15:57:00,394,60.4,19,0.86948
2025-07-15T16:00:00,413,65.7,18,0.70738
2025-07-15T16:03:00,434,64.7,19,0.77507
2025-07-15T16:06:00,427,63.8,19,0.79483
2025-07-15T16:09:00,410,61.2,19,0.85192
2025-07-15T16:12:00,384,64.4,19,0.78165
2025-07-15T16:15:00,399,63.1,20,0.86216
2025-07-15T16:18:00,407,60.3,20,0.92758
2025-07-15T16:21:00,407,63.4,19,0.80361
2025-07-15T16:24:00,409,62.6,19,0.82118
2025-07-15T16:27:00,410,61,20,0.91123
2025-07-15T16:30:00,400,60.5,20,0.92291
2025-07-15T16:33:00,389,63,19,0.81239
2025-07-15T16:36:00,384,59.7,20,0.9416
2025-07-15T16:39:00,376,59.7,20,0.9416
2025-07-15T16:42:00,373,57.3,20,0.99768
2025-07-15T16:45:00,373,56.9,20,1.00702
2025-07-15T16:48:00,388,55.3,20,1.04441
2025-07-15T16:51:00,408,51.1,20,1.14254
2025-07-15T16:54:00,409,52,20,1.12151
2025-07-15T16:57:00,394,50.4,20,1.15889
2025-07-15T17:00:00,365,50.3,21,1.23512
2025-07-15T17:03:00,364,46,21,1.34198
2025-07-15T17:06:00,375,49,21,1.26743
2025-07-15T17:09:00,395,51.4,21,1.20778
2025-07-15T17:12:00,392,63,17,0.71638
2025-07-15T17:15:00,380,60.5,18,0.81462
2025-07-15T17:18:00,379,65,19,0.76848
2025-07-15T17:21:00,389,61.7,18,0.78987
2025-07-15T17:24:00,394,63,19,0.81239
2025-07-15T17:27:00,397,58.8,19,0.90461
2025-07-15T17:30:00,389,65.4,18,0.71357
2025-07-15T17:33:00,385,62,19,0.83435
2025-07-15T17:36:00,382,62.8,18,0.76719
2025-07-15T17:39:00,379,63.2,18,0.75894
2025-07-15T17:42:00,380,62.1,19,0.83215
2025-07-15T17:45:00,373,59.8,20,0.93926
2025-07-15T17:48:00,386,59.6,20,0.94394
2025-07-15T17:51:00,390,60.2,20,0.92992
2025-07-15T17:54:00,377,60.4,20,0.92525
2025-07-15T17:57:00,388,57.7,21,1.05122
2025-07-15T18:00:00,389,57.2,20,1.00001
2025-07-15T18:03:00,380,57.3,20,0.99768
2025-07-15T18:06:00,378,58.3,20,0.97431
2025-07-15T18:09:00,392,58.1,20,0.97898
2025-07-15T18:12:00,380,57.8,20,0.98599
2025-07-15T18:15:00,376,56.7,20,1.0117
2025-07-15T18:18:00,375,57.3,20,0.99768
2025-07-15T18:21:00,374,54.8,20,1.05609
2025-07-15T18:24:00,393,56.4,19,0.95731
2025-07-15T18:27:00,372,54.5,20,1.0631
2025-07-15T18:30:00,369,52.2,20,1.11684
2025-07-15T18:33:00,361,52,20,1.12151
2025-07-15T18:36:00,360,52.5,21,1.18045
2025-07-15T18:39:00,358,50.5,21,1.23015
2025-07-15T18:42:00,357,47.7,21,1.29974
2025-07-15T18:45:00,356,49.8,20,1.17291
2025-07-15T18:48:00,358,48.8,21,1.2724
2025-07-15T18:51:00,356,47.1,21,1.31465
2025-07-15T18:54:00,356,48.2,21,1.28731
2025-07-15T18:57:00,354,48.5,21,1.27985
2025-07-15T19:00:00,352,46.7,21,1.32459
2025-07-15T19:03:00,352,47.2,21,1.31216
2025-07-15T19:06:00,350,47.8,21,1.29725
2025-07-15T19:09:00,347,48.8,21,1.2724
2025-07-15T19:12:00,347,48.5,20,1.20329
2025-07-15T19:15:00,346,49.7,21,1.25003
2025-07-15T19:18:00,345,46,20,1.2617
2025-07-15T19:21:00,342,50.7,20,1.15188
2025-07-15T19:24:00,342,49.7,20,1.17525
2025-07-15T19:27:00,342,49.2,20,1.18693
2025-07-15T19:30:00,340,50.7,20,1.15188
2025-07-15T19:33:00,342,48.9,20,1.19394
2025-07-15T19:36:00,340,49.8,20,1.17291
2025-07-15T19:39:00,340,49,20,1.1916
2025-07-15T19:42:00,339,51.5,19,1.06489
2025-07-15T19:45:00,339,51.3,20,1.13787
2025-07-15T19:48:00,338,49.4,20,1.18226
2025-07-15T19:51:00,335,50.8,19,1.08026
2025-07-15T19:54:00,336,51.8,19,1.05831
2025-07-15T19:57:00,334,53,20,1.09815
2025-07-15T20:00:00,335,52.9,20,1.10048
2025-07-15T20:03:00,0,50.7,20,1.15188
2025-07-15T20:06:00,0,53.1,20,1.09581
2025-07-15T20:09:00,0,52.8,20,1.10282
2025-07-15T20:12:00,0,53.7,19,1.01659
2025-07-15T20:15:00,0,56.2,19,0.9617
2025-07-15T20:18:00,0,57.9,19,0.92437
2025-07-15T20:21:00,0,59.4,19,0.89144
2025-07-15T20:24:00,0,61.1,19,0.85411
2025-07-15T20:27:00,0,61,19,0.85631
2025-07-15T20:30:00,0,62.6,19,0.82118
2025-07-15T20:33:00,0,63.4,19,0.80361
2025-07-15T20:36:00,0,64.1,18,0.74038
2025-07-15T20:39:00,0,64.9,18,0.72388
2025-07-15T20:42:00,0,65.3,18,0.71563
2025-07-15T20:45:00,0,65.5,18,0.7115
2025-07-15T20:48:00,0,64.7,18,0.728
2025-07-15T20:51:00,0,63.9,18,0.7445
2025-07-15T20:54:00,0,65.5,18,0.7115
2025-07-15T20:57:00,0,64,18,0.74244
2025-07-15T21:00:00,0,63,18,0.76306
2025-07-15T21:03:00,0,61.6,18,0.79194
2025-07-15T21:06:00,0,60.7,18,0.8105
2025-07-15T21:09:00,0,59.8,18,0.82906
2025-07-15T21:12:00,0,59.3,18,0.83937
2025-07-15T21:15:00,0,59,18,0.84556
2025-07-15T21:18:00,0,60.1,18,0.82287
2025-07-15T21:21:00,0,60.4,19,0.86948
2025-07-15T21:24:00,0,61.1,19,0.85411
2025-07-15T21:27:00,0,61.8,19,0.83874
2025-07-15T21:30:00,0,62.5,19,0.82337
2025-07-15T21:33:00,0,63.3,19,0.80581
2025-07-15T21:36:00,0,64,19,0.79044
2025-07-15T21:39:00,0,64.6,19,0.77726
2025-07-15T21:42:00,0,65.3,19,0.76189
2025-07-15T21:45:00,0,66,19,0.74652
2025-07-15T21:48:00,0,66.4,19,0.73774
2025-07-15T21:51:00,0,67,19,0.72457
2025-07-15T21:54:00,0,67.5,19,0.71359
2025-07-15T21:57:00,0,67.9,19,0.70481
2025-07-15T22:00:00,0,68.3,19,0.69602
2025-07-15T22:03:00,0,68.7,19,0.68724
2025-07-15T22:06:00,0,69,19,0.68065
2025-07-15T22:09:00,0,69.2,19,0.67626
2025-07-15T22:12:00,0,69.5,19,0.66968
2025-07-15T22:15:00,0,69.8,19,0.66309
2025-07-15T22:18:00,0,70,19,0.6587
2025-07-15T22:21:00,0,70.3,19,0.65211
2025-07-15T22:24:00,0,70.3,18,0.61251
2025-07-15T22:27:00,0,70.5,19,0.64772
2025-07-15T22:30:00,0,70.9,18,0.60014
2025-07-15T22:33:00,0,70.9,18,0.60014
2025-07-15T22:36:00,0,71,18,0.59808
2025-07-15T22:39:00,0,71.2,18,0.59395
2025-07-15T22:42:00,0,71.5,18,0.58776
2025-07-15T22:45:00,0,71.5,18,0.58776
2025-07-15T22:48:00,0,71.5,18,0.58776
2025-07-15T22:51:00,0,71.5,18,0.58776
2025-07-15T22:54:00,0,71.8,18,0.58158
2025-07-15T22:57:00,0,71.8,18,0.58158
2025-07-15T23:00:00,0,72,18,0.57745
2025-07-15T23:03:00,0,72,18,0.57745
2025-07-15T23:06:00,0,73,18,0.55683
2025-07-15T23:09:00,0,74.4,18,0.52796
2025-07-15T23:12:00,0,75.1,18,0.51352
2025-07-15T23:15:00,0,75.8,18,0.49908
2025-07-15T23:18:00,0,76.5,18,0.48465
2025-07-15T23:21:00,0,76.9,18,0.4764
2025-07-15T23:24:00,0,77.4,18,0.46609
2025-07-15T23:27:00,0,77.7,18,0.4599
2025-07-15T23:30:00,0,77.8,18,0.45784
2025-07-15T23:33:00,0,78,18,0.45371
2025-07-15T23:36:00,0,78.2,18,0.44959
2025-07-15T23:39:00,0,78.2,18,0.44959
2025-07-15T23:42:00,0,78.3,18,0.44753
2025-07-15T23:45:00,0,78.4,18,0.44546
2025-07-15T23:48:00,0,78.4,18,0.44546
2025-07-15T23:51:00,0,78.5,18,0.4434
2025-07-15T23:54:00,0,78.5,18,0.4434
2025-07-15T23:57:00,0,78.5,18,0.4434
2025-07-16T00:00:00,0,78.5,18,0.4434
2025-07-16T00:03:00,0,78.5,18,0.4434
2025-07-16T00:06:00,0,78.3,18,0.44753
2025-07-16T00:09:00,0,78.4,18,0.44546
2025-07-16T00:12:00,0,78.5,18,0.4434
2025-07-16T00:15:00,0,78.4,18,0.44546
2025-07-16T00:18:00,0,78.3,18,0.44753
2025-07-16T00:21:00,0,78.5,18,0.4434
2025-07-16T00:24:00,0,78.3,18,0.44753
2025-07-16T00:27:00,0,78.4,18,0.44546
2025-07-16T00:30:00,0,78.2,18,0.44959
2025-07-16T00:33:00,0,78.6,18,0.44134
2025-07-16T00:36:00,0,79.2,18,0.42897
2025-07-16T00:39:00,0,79.7,18,0.41865
2025-07-16T00:42:00,0,80,18,0.41247
2025-07-16T00:45:00,0,80.2,18,0.40834
2025-07-16T00:48:00,0,80.4,18,0.40422
2025-07-16T00:51:00,0,80.4,18,0.40422
2025-07-16T00:54:00,0,80.6,18,0.40009
2025-07-16T00:57:00,0,80.6,18,0.40009
2025-07-16T01:00:00,0,80.6,18,0.40009
2025-07-16T01:03:00,0,80.6,18,0.40009
2025-07-16T01:06:00,0,80.7,18,0.39803
2025-07-16T01:09:00,0,80.6,18,0.40009
2025-07-16T01:12:00,0,80.6,17,0.37562
2025-07-16T01:15:00,0,80.6,17,0.37562
2025-07-16T01:18:00,0,80.5,17,0.37755
2025-07-16T01:21:00,0,80.4,17,0.37949
2025-07-16T01:24:00,0,80.4,17,0.37949
2025-07-16T01:27:00,0,80.3,17,0.38142
2025-07-16T01:30:00,0,80.2,17,0.38336
2025-07-16T01:33:00,0,80.3,17,0.38142
2025-07-16T01:36:00,0,80.1,17,0.3853
2025-07-16T01:39:00,0,80,17,0.38723
2025-07-16T01:42:00,0,80,17,0.38723
2025-07-16T01:45:00,0,80,17,0.38723
2025-07-16T01:48:00,0,80,17,0.38723
2025-07-16T01:51:00,0,79.9,17,0.38917
2025-07-16T01:54:00,0,79.8,17,0.3911
2025-07-16T01:57:00,0,79.8,17,0.3911
2025-07-16T02:00:00,0,79.7,17,0.39304
2025-07-16T02:03:00,0,80,17,0.38723
2025-07-16T02:06:00,0,80.5,17,0.37755
2025-07-16T02:09:00,0,80.8,17,0.37174
2025-07-16T02:12:00,0,81.1,17,0.36593
2025-07-16T02:15:00,0,81.2,17,0.364
2025-07-16T02:18:00,0,81.4,17,0.36013
2025-07-16T02:21:00,0,81.5,17,0.35819
2025-07-16T02:24:00,0,81.3,17,0.36206
2025-07-16T02:27:00,0,81.4,17,0.36013
2025-07-16T02:30:00,0,81.5,17,0.35819
2025-07-16T02:33:00,0,81.4,17,0.36013
2025-07-16T02:36:00,0,81.3,17,0.36206
2025-07-16T02:39:00,0,81.2,17,0.364
2025-07-16T02:42:00,0,81.3,17,0.36206
2025-07-16T02:45:00,0,81.2,17,0.364
2025-07-16T02:48:00,0,81.1,17,0.36593
2025-07-16T02:51:00,0,81,17,0.36787
2025-07-16T02:54:00,0,81.1,17,0.36593
2025-07-16T02:57:00,0,80.9,17,0.36981
2025-07-16T03:00:00,0,80.8,17,0.37174
2025-07-16T03:03:00,0,80.7,17,0.37368
2025-07-16T03:06:00,0,80.7,17,0.37368
2025-07-16T03:09:00,0,80.65,17,0.37465
2025-07-16T03:12:00,0,80.6,17,0.37562
2025-07-16T03:15:00,0,80.5,17,0.37755
2025-07-16T03:18:00,0,80.5,17,0.37755
2025-07-16T03:21:00,0,80.4,17,0.37949
2025-07-16T03:24:00,0,80.4,17,0.37949
2025-07-16T03:27:00,0,80.3,17,0.38142
2025-07-16T03:30:00,0,80.3,17,0.38142
2025-07-16T03:33:00,0,80.2,17,0.38336
2025-07-16T03:36:00,0,80.1,17,0.3853
2025-07-16T03:39:00,0,80,17,0.38723
2025-07-16T03:42:00,0,80,17,0.38723
2025-07-16T03:45:00,0,80,16,0.36336
2025-07-16T03:48:00,0,79.9,16,0.36518
2025-07-16T03:51:00,0,79.8,16,0.367
2025-07-16T03:54:00,0,79.9,16,0.36518
2025-07-16T03:57:00,0,79.7,16,0.36881
2025-07-16T04:00:00,0,79.7,16,0.36881
2025-07-16T04:03:00,346,79.3,17,0.40079
2025-07-16T04:06:00,343,78.6,17,0.41434
2025-07-16T04:09:00,340,78,17,0.42596
2025-07-16T04:12:00,338,77.5,17,0.43564
2025-07-16T04:15:00,336,76.9,17,0.44725
2025-07-16T04:18:00,334,76.5,17,0.455
2025-07-16T04:21:00,334,76.3,18,0.48877
2025-07-16T04:24:00,333,75.7,18,0.50115
2025-07-16T04:27:00,332,75.6,18,0.50321
2025-07-16T04:30:00,331,75.3,18,0.5094
2025-07-16T04:33:00,331,75.2,18,0.51146
2025-07-16T04:36:00,330,74.6,18,0.52383
2025-07-16T04:39:00,330,74.3,18,0.53002
2025-07-16T04:42:00,330,74.1,18,0.53414
2025-07-16T04:45:00,329,74,18,0.53621
2025-07-16T04:48:00,329,73.6,18,0.54446
2025-07-16T04:51:00,329,73.6,19,0.57965
2025-07-16T04:54:00,329,73.7,19,0.57746
2025-07-16T04:57:00,329,73.4,19,0.58404
2025-07-16T05:00:00,328,73.2,19,0.58844
2025-07-16T05:03:00,329,73.2,19,0.58844
2025-07-16T05:06:00,331,72.9,19,0.59502
2025-07-16T05:09:00,331,72.6,19,0.60161
2025-07-16T05:12:00,331,72.8,19,0.59722
2025-07-16T05:15:00,331,72.5,19,0.60381
2025-07-16T05:18:00,331,72.4,19,0.606
2025-07-16T05:21:00,331,72.3,19,0.6082
2025-07-16T05:24:00,331,72.1,19,0.61259
2025-07-16T05:27:00,333,72.2,19,0.61039
2025-07-16T05:30:00,333,72.1,20,0.65188
2025-07-16T05:33:00,334,72,20,0.65421
2025-07-16T05:36:00,334,71.7,20,0.66122
2025-07-16T05:39:00,334,71.7,20,0.66122
2025-07-16T05:42:00,334,70.8,20,0.68225
2025-07-16T05:45:00,334,69.4,20,0.71496
2025-07-16T05:48:00,336,68.5,20,0.73599
2025-07-16T05:51:00,336,68.7,20,0.73132
2025-07-16T05:54:00,336,68,20,0.74767
2025-07-16T05:57:00,337,67,20,0.77104
2025-07-16T06:00:00,338,67.1,20,0.7687
2025-07-16T06:03:00,337,67.2,20,0.76637
2025-07-16T06:06:00,339,65.8,20,0.79908
2025-07-16T06:09:00,339,64.2,20,0.83646
2025-07-16T06:12:00,340,63.4,19,0.80361
2025-07-16T06:15:00,340,64.5,20,0.82945
2025-07-16T06:18:00,341,65,20,0.81777
2025-07-16T06:21:00,342,63.9,20,0.84347
2025-07-16T06:24:00,343,62.6,20,0.87384
2025-07-16T06:27:00,345,62.3,20,0.88085
2025-07-16T06:30:00,345,62.1,20,0.88553
2025-07-16T06:33:00,345,61.6,20,0.89721
2025-07-16T06:36:00,347,61.5,20,0.89954
2025-07-16T06:39:00,349,61.6,20,0.89721
2025-07-16T06:42:00,350,61.3,20,0.90422
2025-07-16T06:45:00,350,61,20,0.91123
2025-07-16T06:48:00,350,60.8,20,0.9159
2025-07-16T06:51:00,352,60.4,20,0.92525
2025-07-16T06:54:00,353,60.5,20,0.92291
2025-07-16T06:57:00,352,60,20,0.93459
2025-07-16T07:00:00,354,60.1,20,0.93226
2025-07-16T07:03:00,355,59.5,20,0.94627
2025-07-16T07:06:00,356,59.7,20,0.9416
2025-07-16T07:09:00,358,59.7,20,0.9416
2025-07-16T07:12:00,358,59.6,20,0.94394
2025-07-16T07:15:00,359,57.6,20,0.99067
2025-07-16T07:18:00,360,59.2,20,0.95328
2025-07-16T07:21:00,361,57.9,20,0.98366
2025-07-16T07:24:00,361,58.3,20,0.97431
2025-07-16T07:27:00,363,58.8,20,0.96263
2025-07-16T07:30:00,364,58.1,20,0.97898
2025-07-16T07:33:00,371,57.9,20,0.98366
2025-07-16T07:36:00,381,58.3,20,0.97431
2025-07-16T07:39:00,387,57.6,20,0.99067
2025-07-16T07:42:00,392,57.1,20,1.00235
2025-07-16T07:45:00,393,55.9,20,1.03039
2025-07-16T07:48:00,397,56.3,20,1.02104
2025-07-16T07:51:00,398,56.4,20,1.01871
2025-07-16T07:54:00,397,56,20,1.02805
2025-07-16T07:57:00,406,55.7,20,1.03506
2025-07-16T08:00:00,419,53.6,20,1.08413
2025-07-16T08:03:00,428,53.6,20,1.08413
2025-07-16T08:06:00,435,52.7,20,1.10515
2025-07-16T08:09:00,419,53.2,20,1.09347
2025-07-16T08:12:00,404,51.8,20,1.12618
2025-07-16T08:15:00,416,52.6,20,1.10749
2025-07-16T08:18:00,438,52,20,1.12151
2025-07-16T08:21:00,438,51.6,20,1.13086
2025-07-16T08:24:00,435,51.5,20,1.13319
2025-07-16T08:27:00,444,51,20,1.14487
2025-07-16T08:30:00,445,51.1,20,1.14254
2025-07-16T08:33:00,462,50.8,21,1.2227
2025-07-16T08:36:00,473,49.4,21,1.25749
2025-07-16T08:39:00,481,50.1,20,1.1659
2025-07-16T08:42:00,502,51.1,20,1.14254
2025-07-16T08:45:00,520,51.2,20,1.1402
2025-07-16T08:48:00,520,50.3,21,1.23512
2025-07-16T08:51:00,520,49.8,21,1.24755
2025-07-16T08:54:00,530,49,21,1.26743
2025-07-16T08:57:00,526,49.3,21,1.25997
2025-07-16T09:00:00,532,48.9,21,1.26991
2025-07-16T09:03:00,539,49.3,21,1.25997
2025-07-16T09:06:00,542,49.8,20,1.17291
2025-07-16T09:09:00,535,49.2,21,1.26246
2025-07-16T09:12:00,528,48,21,1.29228
2025-07-16T09:15:00,524,47.9,20,1.21731
2025-07-16T09:18:00,468,58.3,18,0.85999
2025-07-16T09:21:00,440,64.1,19,0.78824
2025-07-16T09:24:00,435,62.2,20,0.88319
2025-07-16T09:27:00,430,69,17,0.60021
2025-07-16T09:30:00,432,64.7,18,0.728
2025-07-16T09:33:00,431,65.5,18,0.7115
2025-07-16T09:36:00,433,61.7,19,0.84094
2025-07-16T09:39:00,432,63,19,0.81239
2025-07-16T09:42:00,432,63.2,19,0.808
2025-07-16T09:45:00,440,63.2,19,0.808
2025-07-16T09:48:00,443,61.9,20,0.8902
2025-07-16T09:51:00,435,65.3,18,0.71563
2025-07-16T09:54:00,436,63,19,0.81239
2025-07-16T09:57:00,437,62.4,19,0.82557
2025-07-16T10:00:00,435,65.3,18,0.71563
2025-07-16T10:03:00,438,63.7,19,0.79702
2025-07-16T10:06:00,439,61.7,19,0.84094
2025-07-16T10:09:00,454,60.4,20,0.92525
2025-07-16T10:12:00,454,61.2,20,0.90655
2025-07-16T10:15:00,446,67.8,18,0.66407
2025-07-16T10:18:00,440,67.6,18,0.6682
2025-07-16T10:21:00,437,68.9,18,0.64139
2025-07-16T10:24:00,435,67.2,18,0.67645
2025-07-16T10:27:00,439,64.5,19,0.77946
2025-07-16T10:30:00,442,62.6,20,0.87384
2025-07-16T10:33:00,445,60.8,21,0.97418
2025-07-16T10:36:00,442,67.3,16,0.5941
2025-07-16T10:39:00,441,66.6,19,0.73335
2025-07-16T10:42:00,439,68.2,17,0.6157
2025-07-16T10:45:00,438,70.9,18,0.60014
2025-07-16T10:48:00,438,71.1,17,0.55955
2025-07-16T10:51:00,441,67.5,17,0.62925
2025-07-16T10:54:00,441,65.5,18,0.7115
2025-07-16T10:57:00,446,67.3,18,0.67438
2025-07-16T11:00:00,391,70.2,17,0.57698
2025-07-16T11:03:00,448,67.1,17,0.637
2025-07-16T11:06:00,447,67.1,17,0.637
2025-07-16T11:09:00,446,65.3,17,0.67185
2025-07-16T11:12:00,450,64.9,18,0.72388
2025-07-16T11:15:00,451,64.5,18,0.73213
2025-07-16T11:18:00,447,68.8,18,0.64345
2025-07-16T11:21:00,481,62.9,18,0.76513
2025-07-16T11:24:00,513,65.4,18,0.71357
2025-07-16T11:27:00,476,66.3,19,0.73994
2025-07-16T11:30:00,421,63.6,20,0.85048
2025-07-16T11:33:00,395,64.7,18,0.728
2025-07-16T11:36:00,385,66.9,18,0.68263
2025-07-16T11:39:00,381,64.9,19,0.77068
2025-07-16T11:42:00,381,61.4,19,0.84752
2025-07-16T11:45:00,397,65.2,18,0.71769
2025-07-16T11:48:00,445,68.4,17,0.61183
2025-07-16T11:51:00,454,66.4,17,0.65055
2025-07-16T11:54:00,457,64.7,18,0.728
2025-07-16T11:57:00,465,64.5,18,0.73213
2025-07-16T12:00:00,460,65,18,0.72182
2025-07-16T12:03:00,455,67.3,18,0.67438
2025-07-16T12:06:00,457,65.6,18,0.70944
2025-07-16T12:09:00,455,65.8,19,0.75091
2025-07-16T12:12:00,457,60.3,20,0.92758
2025-07-16T12:15:00,455,65.8,17,0.66217
2025-07-16T12:18:00,447,67.5,17,0.62925
2025-07-16T12:21:00,451,66.6,19,0.73335
2025-07-16T12:24:00,452,68.7,17,0.60602
2025-07-16T12:27:00,453,67.5,17,0.62925
2025-07-16T12:30:00,454,69.1,17,0.59827
2025-07-16T12:33:00,459,67.3,19,0.71798
2025-07-16T12:36:00,454,69,17,0.60021
2025-07-16T12:39:00,452,67.7,17,0.62538
2025-07-16T12:42:00,444,69.3,17,0.5944
2025-07-16T12:45:00,442,69.4,17,0.59247
2025-07-16T12:48:00,442,65.5,17,0.66798
2025-07-16T12:51:00,383,69.5,17,0.59053
2025-07-16T12:54:00,389,65.2,19,0.76409
2025-07-16T12:57:00,387,63.3,18,0.75688
2025-07-16T13:00:00,435,66.6,18,0.68882
2025-07-16T13:03:00,369,68.6,17,0.60796
2025-07-16T13:06:00,366,65,19,0.76848
2025-07-16T13:09:00,369,63.5,19,0.80142
2025-07-16T13:12:00,376,62.8,19,0.81678
2025-07-16T13:15:00,397,64.6,18,0.73007
2025-07-16T13:18:00,443,65.8,18,0.70532
2025-07-16T13:21:00,448,66.4,18,0.69294
2025-07-16T13:24:00,452,66.3,18,0.69501
2025-07-16T13:27:00,454,65.2,18,0.71769
2025-07-16T13:30:00,454,65,18,0.72182
2025-07-16T13:33:00,448,64.8,19,0.77287
2025-07-16T13:36:00,452,61.9,20,0.8902
2025-07-16T13:39:00,446,67.1,17,0.637
2025-07-16T13:42:00,393,69.2,18,0.6352
2025-07-16T13:45:00,391,67.4,17,0.63119
2025-07-16T13:48:00,400,68.9,18,0.64139
2025-07-16T13:51:00,445,67,18,0.68057
2025-07-16T13:54:00,452,69.3,18,0.63314
2025-07-16T13:57:00,432,68.8,18,0.64345
2025-07-16T14:00:00,383,65.2,19,0.76409
2025-07-16T14:03:00,447,69.6,17,0.58859
2025-07-16T14:06:00,447,65.3,19,0.76189
2025-07-16T14:09:00,385,61.4,18,0.79606
2025-07-16T14:12:00,374,66.4,19,0.73774
2025-07-16T14:15:00,369,63.5,20,0.85281
2025-07-16T14:18:00,375,62.7,20,0.87151
2025-07-16T14:21:00,449,65.9,18,0.70326
2025-07-16T14:24:00,462,67.3,17,0.63313
2025-07-16T14:27:00,456,67,19,0.72457
2025-07-16T14:30:00,454,64,20,0.84113
2025-07-16T14:33:00,376,68.9,18,0.64139
2025-07-16T14:36:00,374,65.5,19,0.7575
2025-07-16T14:39:00,372,64.5,19,0.77946
2025-07-16T14:42:00,381,64.6,19,0.77726
2025-07-16T14:45:00,388,64.4,19,0.78165
2025-07-16T14:48:00,456,65.9,17,0.66023
2025-07-16T14:51:00,422,66,19,0.74652
2025-07-16T14:54:00,456,67.9,17,0.62151
2025-07-16T14:57:00,452,65.1,17,0.67572
2025-07-16T15:00:00,435,68,18,0.65995
2025-07-16T15:03:00,393,68.2,18,0.65582
2025-07-16T15:06:00,438,66.8,17,0.64281
2025-07-16T15:09:00,386,66.6,18,0.68882
2025-07-16T15:12:00,383,62.3,18,0.7775
2025-07-16T15:15:00,377,62.6,19,0.82118
2025-07-16T15:18:00,374,60.9,20,0.91356
2025-07-16T15:21:00,388,59.1,20,0.95562
2025-07-16T15:24:00,449,57,19,0.94413
2025-07-16T15:27:00,387,61.4,20,0.90188
2025-07-16T15:30:00,382,61.6,20,0.89721
2025-07-16T15:33:00,405,60,19,0.87826
2025-07-16T15:36:00,443,67,18,0.68057
2025-07-16T15:39:00,443,65.1,19,0.76628
2025-07-16T15:42:00,438,62.2,20,0.88319
2025-07-16T15:45:00,381,66.2,18,0.69707
2025-07-16T15:48:00,371,66.4,19,0.73774
2025-07-16T15:51:00,372,66,19,0.74652
2025-07-16T15:54:00,378,66.3,19,0.73994
2025-07-16T15:57:00,424,70,18,0.6187
2025-07-16T16:00:00,433,70.2,18,0.61458
2025-07-16T16:03:00,430,70.7,17,0.5673
2025-07-16T16:06:00,424,70.1,18,0.61664
2025-07-16T16:09:00,391,69.9,18,0.62076
2025-07-16T16:12:00,402,68.3,19,0.69602
2025-07-16T16:15:00,375,67.9,18,0.66201
2025-07-16T16:18:00,422,67.2,19,0.72018
2025-07-16T16:21:00,425,66.9,19,0.72676
2025-07-16T16:24:00,400,64.8,19,0.77287
2025-07-16T16:27:00,421,65.3,19,0.76189
2025-07-16T16:30:00,428,60.1,20,0.93226
2025-07-16T16:33:00,371,62.1,19,0.83215
2025-07-16T16:36:00,427,60.3,20,0.92758
2025-07-16T16:39:00,426,55.9,20,1.03039
2025-07-16T16:42:00,372,52.3,21,1.18542
2025-07-16T16:45:00,369,50.7,21,1.22518
2025-07-16T16:48:00,381,48,22,1.37386
2025-07-16T16:51:00,421,60.6,19,0.86509
2025-07-16T16:54:00,421,64.5,18,0.73213
2025-07-16T16:57:00,415,65.3,18,0.71563
2025-07-16T17:00:00,391,65,18,0.72182
2025-07-16T17:03:00,378,66.2,19,0.74213
2025-07-16T17:06:00,397,65.7,20,0.80141
2025-07-16T17:09:00,370,65.9,19,0.74872
2025-07-16T17:12:00,388,65.8,19,0.75091
2025-07-16T17:15:00,391,68.2,18,0.65582
2025-07-16T17:18:00,363,68.1,18,0.65788
2025-07-16T17:21:00,358,67.6,19,0.71139
2025-07-16T17:24:00,393,66.2,18,0.69707
2025-07-16T17:27:00,357,68.4,19,0.69383
2025-07-16T17:30:00,356,66.6,19,0.73335
2025-07-16T17:33:00,367,65.9,19,0.74872
2025-07-16T17:36:00,361,64.5,19,0.77946
2025-07-16T17:39:00,364,67.1,19,0.72237
2025-07-16T17:42:00,396,63.8,20,0.84581
2025-07-16T17:45:00,363,65.1,19,0.76628
2025-07-16T17:48:00,435,65,19,0.76848
2025-07-16T17:51:00,380,64.7,20,0.82478
2025-07-16T17:54:00,374,65,20,0.81777
2025-07-16T17:57:00,360,65.2,20,0.81309
2025-07-16T18:00:00,358,63.8,20,0.84581
2025-07-16T18:03:00,360,64.9,20,0.8201
2025-07-16T18:06:00,359,62.6,20,0.87384
2025-07-16T18:09:00,353,64.6,20,0.82711
2025-07-16T18:12:00,356,62.4,20,0.87852
2025-07-16T18:15:00,354,62.8,20,0.86917
2025-07-16T18:18:00,369,63.3,20,0.85749
2025-07-16T18:21:00,358,61.9,20,0.8902
2025-07-16T18:24:00,357,60.5,20,0.92291
2025-07-16T18:27:00,358,59.2,20,0.95328
2025-07-16T18:30:00,356,56.9,20,1.00702
2025-07-16T18:33:00,356,55.8,20,1.03272
2025-07-16T18:36:00,361,53.8,21,1.14814
2025-07-16T18:39:00,356,52.7,21,1.17548
2025-07-16T18:42:00,370,48.6,21,1.27737
2025-07-16T18:45:00,367,50.2,21,1.23761
2025-07-16T18:48:00,366,49.9,21,1.24506
2025-07-16T18:51:00,364,59,21,1.01891
2025-07-16T18:54:00,360,65.6,20,0.80375
2025-07-16T18:57:00,356,65.8,20,0.79908
2025-07-16T19:00:00,356,65.8,20,0.79908
2025-07-16T19:03:00,353,66,20,0.7944
2025-07-16T19:06:00,352,65.5,20,0.80609
2025-07-16T19:09:00,350,63.4,20,0.85515
2025-07-16T19:12:00,350,63.7,20,0.84814
2025-07-16T19:15:00,350,63.3,20,0.85749
2025-07-16T19:18:00,349,64,20,0.84113
2025-07-16T19:21:00,347,65.4,20,0.80842
2025-07-16T19:24:00,345,65.2,20,0.81309
2025-07-16T19:27:00,342,64.8,19,0.77287
2025-07-16T19:30:00,342,65.6,19,0.75531
2025-07-16T19:33:00,342,64.1,20,0.8388
2025-07-16T19:36:00,343,63.9,20,0.84347
2025-07-16T19:39:00,342,63.2,20,0.85982
2025-07-16T19:42:00,343,64,20,0.84113
2025-07-16T19:45:00,342,64.4,20,0.83179
2025-07-16T19:48:00,342,64.1,20,0.8388
2025-07-16T19:51:00,342,62.9,20,0.86683
2025-07-16T19:54:00,342,63.2,20,0.85982
2025-07-16T19:57:00,341,62.1,20,0.88553
2025-07-16T20:00:00,341,63.5,20,0.85281
2025-07-16T20:03:00,12,63.1,20,0.86216
2025-07-16T20:06:00,12,63.2,20,0.85982
2025-07-16T20:09:00,10,63.1,20,0.86216
2025-07-16T20:12:00,10,64.4,20,0.83179
2025-07-16T20:15:00,9,62.6,20,0.87384
2025-07-16T20:18:00,0,62.3,20,0.88085
2025-07-16T20:21:00,0,62,20,0.88786
2025-07-16T20:24:00,0,62.1,20,0.88553
2025-07-16T20:27:00,0,64.6,20,0.82711
2025-07-16T20:30:00,0,63.9,20,0.84347
2025-07-16T20:33:00,0,63.6,19,0.79922
2025-07-16T20:36:00,0,65.5,19,0.7575
2025-07-16T20:39:00,0,65.5,19,0.7575
2025-07-16T20:42:00,0,62.7,19,0.81898
2025-07-16T20:45:00,0,64,19,0.79044
2025-07-16T20:48:00,0,63.9,19,0.79263
2025-07-16T20:51:00,0,64.1,19,0.78824
2025-07-16T20:54:00,0,65,19,0.76848
2025-07-16T20:57:00,0,67.5,19,0.71359
2025-07-16T21:00:00,0,64.7,19,0.77507
2025-07-16T21:03:00,0,63,19,0.81239
2025-07-16T21:06:00,0,62.3,19,0.82776
2025-07-16T21:09:00,0,61.7,19,0.84094
2025-07-16T21:12:00,0,61.5,19,0.84533
2025-07-16T21:15:00,0,61.4,19,0.84752
2025-07-16T21:18:00,0,61.5,19,0.84533
2025-07-16T21:21:00,0,61.4,19,0.84752
2025-07-16T21:24:00,0,61.3,19,0.84972
2025-07-16T21:27:00,0,61.2,19,0.85192
2025-07-16T21:30:00,0,60.8,19,0.8607
2025-07-16T21:33:00,0,60.8,19,0.8607
2025-07-16T21:36:00,0,60.9,19,0.8585
2025-07-16T21:39:00,0,60.9,19,0.8585
2025-07-16T21:42:00,0,61.2,19,0.85192
2025-07-16T21:45:00,0,61,19,0.85631
2025-07-16T21:48:00,0,60.8,19,0.8607
2025-07-16T21:51:00,0,61,19,0.85631
2025-07-16T21:54:00,0,60.8,19,0.8607
2025-07-16T21:57:00,0,60.9,19,0.8585
2025-07-16T22:00:00,0,60.8,19,0.8607
2025-07-16T22:03:00,0,60.8,19,0.8607
2025-07-16T22:06:00,0,60.7,19,0.86289
2025-07-16T22:09:00,0,60.8,19,0.8607
2025-07-16T22:12:00,0,60.8,19,0.8607
2025-07-16T22:15:00,0,60.9,19,0.8585
2025-07-16T22:18:00,0,61,19,0.85631
2025-07-16T22:21:00,0,61.1,19,0.85411
2025-07-16T22:24:00,0,61.1,18,0.80225
2025-07-16T22:27:00,0,61.7,19,0.84094
2025-07-16T22:30:00,0,62.8,19,0.81678
2025-07-16T22:33:00,0,63,19,0.81239
2025-07-16T22:36:00,0,63.5,18,0.75275
2025-07-16T22:39:00,0,65,19,0.76848
2025-07-16T22:42:00,0,65.9,19,0.74872
2025-07-16T22:45:00,0,66.8,19,0.72896
2025-07-16T22:48:00,0,67.5,19,0.71359
2025-07-16T22:51:00,0,68.3,19,0.69602
2025-07-16T22:54:00,0,69,19,0.68065
2025-07-16T22:57:00,0,69.4,19,0.67187
2025-07-16T23:00:00,0,70.1,19,0.6565
2025-07-16T23:03:00,0,70.8,19,0.64113
2025-07-16T23:06:00,0,72,19,0.61478
2025-07-16T23:09:00,0,73.5,19,0.58185
2025-07-16T23:12:00,0,74.7,19,0.5555
2025-07-16T23:15:00,0,75.7,19,0.53354
2025-07-16T23:18:00,0,76.6,19,0.51378
2025-07-16T23:21:00,0,77.2,19,0.50061
2025-07-16T23:24:00,0,77.8,19,0.48744
2025-07-16T23:27:00,0,78.2,19,0.47865
2025-07-16T23:30:00,0,78.6,19,0.46987
2025-07-16T23:33:00,0,78.9,19,0.46328
2025-07-16T23:36:00,0,79.2,19,0.4567
2025-07-16T23:39:00,0,79.5,19,0.45011
2025-07-16T23:42:00,0,79.8,19,0.44352
2025-07-16T23:45:00,0,79.9,19,0.44133
2025-07-16T23:48:00,0,80,19,0.43913
2025-07-16T23:51:00,0,80.2,19,0.43474
2025-07-16T23:54:00,0,80.3,19,0.43254
2025-07-16T23:57:00,0,80.4,19,0.43035
2025-07-17T00:00:00,0,80.5,19,0.42815
2025-07-17T00:03:00,0,80.5,19,0.42815
2025-07-17T00:06:00,0,80.5,19,0.42815
2025-07-17T00:09:00,0,80.7,19,0.42376
2025-07-17T00:12:00,0,80.7,19,0.42376
2025-07-17T00:15:00,0,80.8,19,0.42157
2025-07-17T00:18:00,0,80.8,19,0.42157
2025-07-17T00:21:00,0,80.8,19,0.42157
2025-07-17T00:24:00,0,80.9,19,0.41937
2025-07-17T00:27:00,0,80.9,19,0.41937
2025-07-17T00:30:00,0,80.9,19,0.41937
2025-07-17T00:33:00,0,81.1,19,0.41498
2025-07-17T00:36:00,0,81.6,19,0.404
2025-07-17T00:39:00,0,82,19,0.39522
2025-07-17T00:42:00,0,82.3,19,0.38863
2025-07-17T00:45:00,0,82.6,19,0.38204
2025-07-17T00:48:00,0,82.7,19,0.37985
2025-07-17T00:51:00,0,82.8,19,0.37765
2025-07-17T00:54:00,0,82.8,19,0.37765
2025-07-17T00:57:00,0,82.8,18,0.35472
2025-07-17T01:00:00,0,82.9,18,0.35266
2025-07-17T01:03:00,0,83,18,0.3506
2025-07-17T01:06:00,0,83,18,0.3506
2025-07-17T01:09:00,0,82.9,18,0.35266
2025-07-17T01:12:00,0,82.8,18,0.35472
2025-07-17T01:15:00,0,82.8,18,0.35472
2025-07-17T01:18:00,0,82.8,18,0.35472
2025-07-17T01:21:00,0,82.7,18,0.35678
2025-07-17T01:24:00,0,82.7,18,0.35678
2025-07-17T01:27:00,0,82.7,18,0.35678
2025-07-17T01:30:00,0,82.6,18,0.35885
2025-07-17T01:33:00,0,82.6,18,0.35885
2025-07-17T01:36:00,0,82.4,18,0.36297
2025-07-17T01:39:00,0,82.4,18,0.36297
2025-07-17T01:42:00,0,82.2,18,0.3671
2025-07-17T01:45:00,0,82.1,18,0.36916
2025-07-17T01:48:00,0,82.1,18,0.36916
2025-07-17T01:51:00,0,82,18,0.37122
2025-07-17T01:54:00,0,81.8,18,0.37534
2025-07-17T01:57:00,0,81.8,18,0.37534
2025-07-17T02:00:00,0,81.8,18,0.37534
2025-07-17T02:03:00,0,81.8,18,0.37534
2025-07-17T02:06:00,0,82.1,18,0.36916
2025-07-17T02:09:00,0,82.5,18,0.36091
2025-07-17T02:12:00,0,82.7,18,0.35678
2025-07-17T02:15:00,0,82.8,18,0.35472
2025-07-17T02:18:00,0,83,18,0.3506
2025-07-17T02:21:00,0,83.1,18,0.34853
2025-07-17T02:24:00,0,83.1,18,0.34853
2025-07-17T02:27:00,0,83.1,18,0.34853
2025-07-17T02:30:00,0,83.1,18,0.34853
2025-07-17T02:33:00,0,83.2,18,0.34647
2025-07-17T02:36:00,0,83.1,18,0.34853
2025-07-17T02:39:00,0,83.2,18,0.34647
2025-07-17T02:42:00,0,83.2,18,0.34647
2025-07-17T02:45:00,0,83,18,0.3506
2025-07-17T02:48:00,0,83.2,18,0.34647
2025-07-17T02:51:00,0,83.2,18,0.34647
2025-07-17T02:54:00,0,83.1,18,0.34853
2025-07-17T02:57:00,0,83.2,18,0.34647
2025-07-17T03:00:00,0,83,18,0.3506
2025-07-17T03:03:00,0,83,18,0.3506
2025-07-17T03:06:00,0,83,18,0.3506
2025-07-17T03:09:00,0,83,18,0.3506
2025-07-17T03:12:00,0,83,18,0.3506
2025-07-17T03:15:00,0,82.9,18,0.35266
2025-07-17T03:18:00,0,82.9,18,0.35266
2025-07-17T03:21:00,0,82.9,18,0.35266
2025-07-17T03:24:00,0,82.8,18,0.35472
2025-07-17T03:27:00,0,82.6,18,0.35885
2025-07-17T03:30:00,0,82.8,18,0.35472
2025-07-17T03:33:00,0,82.8,18,0.35472
2025-07-17T03:36:00,0,82.7,18,0.35678
2025-07-17T03:39:00,0,82.7,18,0.35678
2025-07-17T03:42:00,0,82.7,18,0.35678
2025-07-17T03:45:00,0,82.6,18,0.35885
2025-07-17T03:48:00,0,82.6,18,0.35885
2025-07-17T03:51:00,0,82.6,18,0.35885
2025-07-17T03:54:00,0,82.5,18,0.36091
2025-07-17T03:57:00,0,82.5,18,0.36091
2025-07-17T04:00:00,0,82.5,18,0.36091
2025-07-17T04:03:00,347,82.1,18,0.36916
2025-07-17T04:06:00,345,81.4,18,0.38359
2025-07-17T04:09:00,342,80.7,18,0.39803
2025-07-17T04:12:00,339,80.3,18,0.40628
2025-07-17T04:15:00,339,79.8,19,0.44352
2025-07-17T04:18:00,337,79.4,19,0.45231
2025-07-17T04:21:00,336,79.2,19,0.4567
2025-07-17T04:24:00,335,78.8,19,0.46548
2025-07-17T04:27:00,332,78.6,19,0.46987
2025-07-17T04:30:00,333,78.3,19,0.47646
2025-07-17T04:33:00,333,78,19,0.48304
2025-07-17T04:36:00,331,77.9,19,0.48524
2025-07-17T04:39:00,333,77.6,20,0.52337
2025-07-17T04:42:00,331,77.3,20,0.53038
2025-07-17T04:45:00,332,77.1,20,0.53505
2025-07-17T04:48:00,331,76.4,20,0.55141
2025-07-17T04:51:00,331,75.5,20,0.57244
2025-07-17T04:54:00,331,74,20,0.60748
2025-07-17T04:57:00,329,73.8,20,0.61216
2025-07-17T05:00:00,330,72.8,20,0.63552
2025-07-17T05:03:00,330,71.3,20,0.67057
2025-07-17T05:06:00,330,70.7,20,0.68459
2025-07-17T05:09:00,329,70.2,20,0.69627
2025-07-17T05:12:00,330,68.7,20,0.73132
2025-07-17T05:15:00,330,67.8,20,0.75235
2025-07-17T05:18:00,330,66.8,20,0.77571
2025-07-17T05:21:00,329,66.3,20,0.78739
2025-07-17T05:24:00,330,66.2,20,0.78973
2025-07-17T05:27:00,331,65.5,20,0.80609
2025-07-17T05:30:00,330,65.1,19,0.76628
2025-07-17T05:33:00,331,64.6,19,0.77726
2025-07-17T05:36:00,332,64.4,19,0.78165
2025-07-17T05:39:00,332,64.1,20,0.8388
2025-07-17T05:42:00,333,63.5,20,0.85281
2025-07-17T05:45:00,332,63.4,20,0.85515
2025-07-17T05:48:00,334,63,19,0.81239
2025-07-17T05:51:00,334,62.8,19,0.81678
2025-07-17T05:54:00,334,62.8,19,0.81678
2025-07-17T05:57:00,334,62.7,20,0.87151
2025-07-17T06:00:00,334,62.3,20,0.88085
2025-07-17T06:03:00,335,61.9,19,0.83655
2025-07-17T06:06:00,335,61.8,20,0.89254
2025-07-17T06:09:00,336,61.8,19,0.83874
2025-07-17T06:12:00,336,61.7,20,0.89487
2025-07-17T06:15:00,336,61.3,20,0.90422
2025-07-17T06:18:00,337,61.1,20,0.90889
2025-07-17T06:21:00,339,60.8,20,0.9159
2025-07-17T06:24:00,340,61,20,0.91123
2025-07-17T06:27:00,341,60.6,20,0.92057
2025-07-17T06:30:00,340,60.9,20,0.91356
2025-07-17T06:33:00,342,60.5,20,0.92291
2025-07-17T06:36:00,342,60.5,20,0.92291
2025-07-17T06:39:00,344,59.3,20,0.95095
2025-07-17T06:42:00,345,60.2,20,0.92992
2025-07-17T06:45:00,345,58.7,20,0.96497
2025-07-17T06:48:00,345,59.8,20,0.93926
2025-07-17T06:51:00,346,59,20,0.95796
2025-07-17T06:54:00,347,58.6,19,0.909
2025-07-17T06:57:00,348,59.2,19,0.89583
2025-07-17T07:00:00,351,59.5,20,0.94627
2025-07-17T07:03:00,350,58.3,20,0.97431
2025-07-17T07:06:00,350,58.8,20,0.96263
2025-07-17T07:09:00,350,58.2,20,0.97665
2025-07-17T07:12:00,353,59.1,19,0.89802
2025-07-17T07:15:00,353,57.8,20,0.98599
2025-07-17T07:18:00,355,58,20,0.98132
2025-07-17T07:21:00,358,58.1,20,0.97898
2025-07-17T07:24:00,361,57.2,20,1.00001
2025-07-17T07:27:00,362,58.4,19,0.91339
2025-07-17T07:30:00,364,57.4,19,0.93535
2025-07-17T07:33:00,375,57.3,20,0.99768
2025-07-17T07:36:00,390,56.7,20,1.0117
2025-07-17T07:39:00,398,58,20,0.98132
2025-07-17T07:42:00,410,56.8,20,1.00936
2025-07-17T07:45:00,412,57.2,20,1.00001
2025-07-17T07:48:00,422,57.1,20,1.00235
2025-07-17T07:51:00,438,58.1,20,0.97898
2025-07-17T07:54:00,443,55.9,20,1.03039
2025-07-17T07:57:00,467,55.7,20,1.03506
2025-07-17T08:00:00,479,56.6,20,1.01403
2025-07-17T08:03:00,490,56,20,1.02805
2025-07-17T08:06:00,490,57.4,20,0.99534
2025-07-17T08:09:00,473,57.2,20,1.00001
2025-07-17T08:12:00,438,57.6,20,0.99067
2025-07-17T08:15:00,450,56.4,21,1.08353
2025-07-17T08:18:00,533,54.9,21,1.1208
2025-07-17T08:21:00,536,54.9,21,1.1208
2025-07-17T08:24:00,531,58.4,20,0.97198
2025-07-17T08:27:00,534,56.1,21,1.09098
2025-07-17T08:30:00,536,55,21,1.11832
2025-07-17T08:33:00,568,61.5,20,0.89954
2025-07-17T08:36:00,575,71.2,19,0.63235
2025-07-17T08:39:00,588,69.3,20,0.7173
2025-07-17T08:42:00,622,67.4,21,0.81016
2025-07-17T08:45:00,646,66.8,21,0.82507
2025-07-17T08:48:00,644,65.5,19,0.7575
2025-07-17T08:51:00,638,74.6,18,0.52383
2025-07-17T08:54:00,662,70.2,19,0.65431
2025-07-17T08:57:00,654,67.8,19,0.707
2025-07-17T09:00:00,659,75.4,18,0.50733
2025-07-17T09:03:00,668,71,20,0.67758
2025-07-17T09:06:00,651,67,19,0.72457
2025-07-17T09:09:00,576,75.2,17,0.48017
2025-07-17T09:12:00,639,74.1,18,0.53414
2025-07-17T09:15:00,635,69.6,20,0.71029
2025-07-17T09:18:00,534,76.4,17,0.45693
2025-07-17T09:21:00,430,77.3,17,0.43951
2025-07-17T09:24:00,427,74.3,19,0.56428
2025-07-17T09:27:00,422,70.3,20,0.69393
2025-07-17T09:30:00,434,75.9,18,0.49702
2025-07-17T09:33:00,433,77.2,17,0.44145
2025-07-17T09:36:00,434,76.9,17,0.44725
2025-07-17T09:39:00,435,77.5,17,0.43564
2025-07-17T09:42:00,442,75.9,18,0.49702
2025-07-17T09:45:00,448,77.2,17,0.44145
2025-07-17T09:48:00,443,76.6,17,0.45306
2025-07-17T09:51:00,442,73.9,18,0.53827
2025-07-17T09:54:00,441,76.5,17,0.455
2025-07-17T09:57:00,443,76.8,17,0.44919
2025-07-17T10:00:00,446,77.8,18,0.45784
2025-07-17T10:03:00,448,76.2,17,0.46081
2025-07-17T10:06:00,443,77.9,17,0.42789
2025-07-17T10:09:00,452,76.9,18,0.4764
2025-07-17T10:12:00,456,75.5,18,0.50527
2025-07-17T10:15:00,452,78,17,0.42596
2025-07-17T10:18:00,445,78.3,17,0.42015
2025-07-17T10:21:00,442,79.1,18,0.43103
2025-07-17T10:24:00,439,78.8,17,0.41047
2025-07-17T10:27:00,441,77.6,17,0.4337
2025-07-17T10:30:00,441,76.7,17,0.45113
2025-07-17T10:33:00,440,77.1,17,0.44338
2025-07-17T10:36:00,441,78.2,18,0.44959
2025-07-17T10:39:00,442,77.3,18,0.46815
2025-07-17T10:42:00,443,77.9,18,0.45578
2025-07-17T10:45:00,441,76.8,18,0.47846
2025-07-17T10:48:00,442,76.5,18,0.48465
2025-07-17T10:51:00,443,75.7,18,0.50115
2025-07-17T10:54:00,441,75.3,18,0.5094
2025-07-17T10:57:00,441,75.3,18,0.5094
2025-07-17T11:00:00,441,76,18,0.49496
2025-07-17T11:03:00,429,75.7,18,0.50115
2025-07-17T11:06:00,418,74.9,18,0.51765
2025-07-17T11:09:00,442,74.6,18,0.52383
2025-07-17T11:12:00,421,75.4,18,0.50733
2025-07-17T11:15:00,438,75,18,0.51558
2025-07-17T11:18:00,377,75.9,18,0.49702
2025-07-17T11:21:00,364,76.1,18,0.4929
2025-07-17T11:24:00,365,76.4,17,0.45693
2025-07-17T11:27:00,363,77.2,17,0.44145
2025-07-17T11:30:00,361,77.1,17,0.44338
2025-07-17T11:33:00,358,77.4,17,0.43757
2025-07-17T11:36:00,364,77.3,17,0.43951
2025-07-17T11:39:00,376,76.8,17,0.44919
2025-07-17T11:42:00,386,76.7,17,0.45113
2025-07-17T11:45:00,386,76.1,17,0.46274
2025-07-17T11:48:00,376,76,17,0.46468
2025-07-17T11:51:00,389,76.6,17,0.45306
2025-07-17T11:54:00,391,75.9,17,0.46662
2025-07-17T11:57:00,403,73.7,17,0.50921
2025-07-17T12:00:00,416,75.2,17,0.48017
2025-07-17T12:03:00,436,74.5,17,0.49372
2025-07-17T12:06:00,435,74.7,18,0.52177
2025-07-17T12:09:00,447,75.2,18,0.51146
2025-07-17T12:12:00,460,75.4,18,0.50733
2025-07-17T12:15:00,456,75.1,18,0.51352
2025-07-17T12:18:00,452,73.7,18,0.54239
2025-07-17T12:21:00,448,73.9,18,0.53827
2025-07-17T12:24:00,446,73.4,18,0.54858
2025-07-17T12:27:00,440,73.8,18,0.54033
2025-07-17T12:30:00,439,73.6,18,0.54446
2025-07-17T12:33:00,439,72.4,18,0.5692
2025-07-17T12:36:00,440,72.4,18,0.5692
2025-07-17T12:39:00,439,72,18,0.57745
2025-07-17T12:42:00,439,72.6,19,0.60161
2025-07-17T12:45:00,437,72.6,19,0.60161
2025-07-17T12:48:00,438,69.8,19,0.66309
2025-07-17T12:51:00,438,68.7,18,0.64551
2025-07-17T12:54:00,443,70.4,18,0.61045
2025-07-17T12:57:00,451,69.9,19,0.66089
2025-07-17T13:00:00,452,69.6,19,0.66748
2025-07-17T13:03:00,454,67.4,19,0.71578
2025-07-17T13:06:00,460,68.8,19,0.68505
2025-07-17T13:09:00,463,69.2,19,0.67626
2025-07-17T13:12:00,462,69.1,19,0.67846
2025-07-17T13:15:00,449,69.2,19,0.67626
2025-07-17T13:18:00,369,68.4,19,0.69383
2025-07-17T13:21:00,366,70.9,18,0.60014
2025-07-17T13:24:00,444,71.6,18,0.5857
2025-07-17T13:27:00,443,70.8,19,0.64113
2025-07-17T13:30:00,445,70.2,19,0.65431
2025-07-17T13:33:00,443,70.5,18,0.60839
2025-07-17T13:36:00,443,70,18,0.6187
2025-07-17T13:39:00,439,70.7,18,0.60426
2025-07-17T13:42:00,442,68.8,18,0.64345
2025-07-17T13:45:00,441,69.2,18,0.6352
2025-07-17T13:48:00,445,69.6,19,0.66748
2025-07-17T13:51:00,447,68.5,18,0.64963
2025-07-17T13:54:00,424,68.8,18,0.64345
2025-07-17T13:57:00,456,68.8,18,0.64345
2025-07-17T14:00:00,432,69.2,18,0.6352
2025-07-17T14:03:00,424,68.5,18,0.64963
2025-07-17T14:06:00,423,68.3,18,0.65376
2025-07-17T14:09:00,427,70.5,18,0.60839
2025-07-17T14:12:00,413,69.5,19,0.66968
2025-07-17T14:15:00,468,69.3,18,0.63314
2025-07-17T14:18:00,435,70.5,19,0.64772
2025-07-17T14:21:00,460,71.2,19,0.63235
2025-07-17T14:24:00,439,71.7,19,0.62137
2025-07-17T14:27:00,400,70.2,19,0.65431
2025-07-17T14:30:00,383,70.6,19,0.64552
2025-07-17T14:33:00,375,70.8,18,0.6022
2025-07-17T14:36:00,405,73.1,18,0.55477
2025-07-17T14:39:00,457,72.4,18,0.5692
2025-07-17T14:42:00,399,71.8,18,0.58158
2025-07-17T14:45:00,390,70.9,18,0.60014
2025-07-17T14:48:00,396,71.2,18,0.59395
2025-07-17T14:51:00,408,71.2,18,0.59395
2025-07-17T14:54:00,423,72.3,18,0.57127
2025-07-17T14:57:00,479,72.3,18,0.57127
2025-07-17T15:00:00,448,72.2,18,0.57333
2025-07-17T15:03:00,473,69.8,18,0.62282
2025-07-17T15:06:00,396,70.4,18,0.61045
2025-07-17T15:09:00,429,71.5,18,0.58776
2025-07-17T15:12:00,466,71.2,18,0.59395
2025-07-17T15:15:00,454,71.6,18,0.5857
2025-07-17T15:18:00,403,71.7,18,0.58364
2025-07-17T15:21:00,392,71,18,0.59808
2025-07-17T15:24:00,430,70.6,18,0.60633
2025-07-17T15:27:00,442,71.5,18,0.58776
2025-07-17T15:30:00,439,70.4,18,0.61045
2025-07-17T15:33:00,438,71.7,18,0.58364
2025-07-17T15:36:00,441,71.4,18,0.58983
2025-07-17T15:39:00,438,70.2,18,0.61458
2025-07-17T15:42:00,440,70.2,18,0.61458
2025-07-17T15:45:00,439,71.6,18,0.5857
2025-07-17T15:48:00,440,70.2,18,0.61458
2025-07-17T15:51:00,404,70.1,18,0.61664
2025-07-17T15:54:00,458,70.7,18,0.60426
2025-07-17T15:57:00,403,71.2,18,0.59395
2025-07-17T16:00:00,408,71.7,18,0.58364
2025-07-17T16:03:00,416,70.6,18,0.60633
2025-07-17T16:06:00,424,71.5,18,0.58776
2025-07-17T16:09:00,395,70.5,18,0.60839
2025-07-17T16:12:00,423,71.9,18,0.57952
2025-07-17T16:15:00,409,71.3,18,0.59189
2025-07-17T16:18:00,339,71.3,18,0.59189
2025-07-17T16:21:00,334,71.9,18,0.57952
2025-07-17T16:24:00,331,71.7,18,0.58364
2025-07-17T16:27:00,325,73.2,18,0.55271
2025-07-17T16:30:00,320,74.6,17,0.49179
2025-07-17T16:33:00,320,74.9,18,0.51765
2025-07-17T16:36:00,319,75.4,17,0.4763
2025-07-17T16:39:00,317,75.7,17,0.47049
2025-07-17T16:42:00,318,77.5,17,0.43564
2025-07-17T16:45:00,317,80.6,17,0.37562
2025-07-17T16:48:00,320,81.7,17,0.35432
2025-07-17T16:51:00,319,82.5,16,0.31794
2025-07-17T16:54:00,318,82.9,16,0.31068
2025-07-17T16:57:00,320,81.5,17,0.35819
2025-07-17T17:00:00,320,84.4,16,0.28342
2025-07-17T17:03:00,323,83.3,17,0.32334
2025-07-17T17:06:00,325,80.3,18,0.40628
2025-07-17T17:09:00,326,79.7,18,0.41865
2025-07-17T17:12:00,328,78.7,18,0.43928
2025-07-17T17:15:00,328,78,18,0.45371
2025-07-17T17:18:00,328,77.8,18,0.45784
2025-07-17T17:21:00,328,76.8,18,0.47846
2025-07-17T17:24:00,328,76.9,18,0.4764
2025-07-17T17:27:00,330,75.3,18,0.5094
2025-07-17T17:30:00,331,73.6,19,0.57965
2025-07-17T17:33:00,331,73.1,19,0.59063
2025-07-17T17:36:00,332,72.5,19,0.60381
2025-07-17T17:39:00,332,73,19,0.59283
2025-07-17T17:42:00,332,74,19,0.57087
2025-07-17T17:45:00,334,72.8,19,0.59722
2025-07-17T17:48:00,333,73.9,19,0.57307
2025-07-17T17:51:00,333,72.9,19,0.59502
2025-07-17T17:54:00,332,72.8,19,0.59722
2025-07-17T17:57:00,334,73.6,19,0.57965
2025-07-17T18:00:00,333,73.9,19,0.57307
2025-07-17T18:03:00,334,74.3,19,0.56428
2025-07-17T18:06:00,334,74.6,19,0.5577
2025-07-17T18:09:00,334,74.6,19,0.5577
2025-07-17T18:12:00,334,75.4,20,0.57477
2025-07-17T18:15:00,334,74.6,19,0.5577
2025-07-17T18:18:00,336,75.5,19,0.53794
2025-07-17T18:21:00,336,75.4,20,0.57477
2025-07-17T18:24:00,337,74.2,20,0.60281
2025-07-17T18:27:00,337,73.4,20,0.6215
2025-07-17T18:30:00,336,73.8,19,0.57526
2025-07-17T18:33:00,337,74.3,20,0.60048
2025-07-17T18:36:00,337,74.5,20,0.5958
2025-07-17T18:39:00,336,72.3,20,0.6472
2025-07-17T18:42:00,337,72.6,20,0.6402
2025-07-17T18:45:00,336,72.9,19,0.59502
2025-07-17T18:48:00,336,73.2,19,0.58844
2025-07-17T18:51:00,337,72.5,20,0.64253
2025-07-17T18:54:00,338,72,20,0.65421
2025-07-17T18:57:00,338,71.6,20,0.66356
2025-07-17T19:00:00,338,72.6,20,0.6402
2025-07-17T19:03:00,339,71.7,20,0.66122
2025-07-17T19:06:00,340,71.5,20,0.6659
2025-07-17T19:09:00,339,71.7,20,0.66122
2025-07-17T19:12:00,341,71.3,19,0.63015
2025-07-17T19:15:00,341,72.1,19,0.61259
2025-07-17T19:18:00,341,71.3,20,0.67057
2025-07-17T19:21:00,342,68.9,20,0.72665
2025-07-17T19:24:00,344,69.9,20,0.70328
2025-07-17T19:27:00,343,70.7,20,0.68459
2025-07-17T19:30:00,342,70.9,20,0.67992
2025-07-17T19:33:00,341,72.2,20,0.64954
2025-07-17T19:36:00,342,72.2,20,0.64954
2025-07-17T19:39:00,342,72,20,0.65421
2025-07-17T19:42:00,339,72.2,20,0.64954
2025-07-17T19:45:00,339,71.8,20,0.65889
2025-07-17T19:48:00,338,71.1,20,0.67524
2025-07-17T19:51:00,338,72.6,20,0.6402
2025-07-17T19:54:00,336,73,20,0.63085
2025-07-17T19:57:00,337,72.6,20,0.6402
2025-07-17T20:00:00,338,72.8,20,0.63552
2025-07-17T20:03:00,9,73.1,20,0.62851
2025-07-17T20:06:00,9,74.2,19,0.56648
2025-07-17T20:09:00,9,76.5,19,0.51598
2025-07-17T20:12:00,9,77.5,19,0.49402
2025-07-17T20:15:00,0,77.5,19,0.49402
2025-07-17T20:18:00,0,77.2,19,0.50061
2025-07-17T20:21:00,0,76.8,19,0.50939
2025-07-17T20:24:00,0,78.5,19,0.47207
2025-07-17T20:27:00,0,76.9,19,0.5072
2025-07-17T20:30:00,0,76.8,19,0.50939
2025-07-17T20:33:00,0,76.6,19,0.51378
2025-07-17T20:36:00,0,78.1,19,0.48085
2025-07-17T20:39:00,0,76.9,19,0.5072
2025-07-17T20:42:00,0,76.6,19,0.51378
2025-07-17T20:45:00,0,76.4,19,0.51818
2025-07-17T20:48:00,0,76.4,19,0.51818
2025-07-17T20:51:00,0,76.3,19,0.52037
2025-07-17T20:54:00,0,76.3,19,0.52037
2025-07-17T20:57:00,0,76.6,19,0.51378
2025-07-17T21:00:00,0,76.5,19,0.51598
2025-07-17T21:03:00,0,76.6,19,0.51378
2025-07-17T21:06:00,0,76.5,19,0.51598
2025-07-17T21:09:00,0,76.5,19,0.51598
2025-07-17T21:12:00,0,76.5,19,0.51598
2025-07-17T21:15:00,0,76.5,19,0.51598
2025-07-17T21:18:00,0,76.7,19,0.51159
2025-07-17T21:21:00,0,76.7,19,0.51159
2025-07-17T21:24:00,0,76.8,19,0.50939
2025-07-17T21:27:00,0,76.8,19,0.50939
2025-07-17T21:30:00,0,77.1,19,0.50281
2025-07-17T21:33:00,0,77.3,19,0.49841
2025-07-17T21:36:00,0,77.9,18,0.45578
2025-07-17T21:39:00,0,78.3,19,0.47646
2025-07-17T21:42:00,0,78.1,19,0.48085
2025-07-17T21:45:00,0,78.5,19,0.47207
2025-07-17T21:48:00,0,79.1,19,0.45889
2025-07-17T21:51:00,0,79.5,19,0.45011
2025-07-17T21:54:00,0,79.7,19,0.44572
2025-07-17T21:57:00,0,79.9,19,0.44133
2025-07-17T22:00:00,0,80,19,0.43913
2025-07-17T22:03:00,0,80.4,19,0.43035
2025-07-17T22:06:00,0,80.3,19,0.43254
2025-07-17T22:09:00,0,80.4,19,0.43035
2025-07-17T22:12:00,0,80.5,19,0.42815
2025-07-17T22:15:00,0,80.8,19,0.42157
2025-07-17T22:18:00,0,80.7,19,0.42376
2025-07-17T22:21:00,0,80.7,19,0.42376
2025-07-17T22:24:00,0,80.7,19,0.42376
2025-07-17T22:27:00,0,80.9,19,0.41937
2025-07-17T22:30:00,0,81,18,0.39184
2025-07-17T22:33:00,0,80.9,18,0.39391
2025-07-17T22:36:00,0,81.1,18,0.38978
2025-07-17T22:39:00,0,81.2,19,0.41278
2025-07-17T22:42:00,0,81.3,18,0.38566
2025-07-17T22:45:00,0,81.3,18,0.38566
2025-07-17T22:48:00,0,81.3,18,0.38566
2025-07-17T22:51:00,0,81.5,18,0.38153
2025-07-17T22:54:00,0,81.6,18,0.37947
2025-07-17T22:57:00,0,81.7,18,0.37741
2025-07-17T23:00:00,0,81.6,18,0.37947
2025-07-17T23:03:00,0,81.7,18,0.37741
2025-07-17T23:06:00,0,82.1,18,0.36916
2025-07-17T23:09:00,0,82.8,18,0.35472
2025-07-17T23:12:00,0,83.4,18,0.34235
2025-07-17T23:15:00,0,84,18,0.32997
2025-07-17T23:18:00,0,84.2,18,0.32585
2025-07-17T23:21:00,0,84.4,18,0.32172
2025-07-17T23:24:00,0,84.6,18,0.3176
2025-07-17T23:27:00,0,84.8,18,0.31347
2025-07-17T23:30:00,0,84.9,18,0.31141
2025-07-17T23:33:00,0,84.9,18,0.31141
2025-07-17T23:36:00,0,85,18,0.30935
2025-07-17T23:39:00,0,85.1,18,0.30729
2025-07-17T23:42:00,0,85,18,0.30935
2025-07-17T23:45:00,0,85,18,0.30935
2025-07-17T23:48:00,0,85.1,18,0.30729
2025-07-17T23:51:00,0,85.1,18,0.30729
2025-07-17T23:54:00,0,85.1,18,0.30729
2025-07-17T23:57:00,0,85.1,18,0.30729
2025-07-18T00:00:00,0,85.1,18,0.30729
2025-07-18T00:03:00,0,85.1,18,0.30729
2025-07-18T00:06:00,0,85.1,18,0.30729
2025-07-18T00:09:00,0,85.1,18,0.30729
2025-07-18T00:12:00,0,85.1,18,0.30729
2025-07-18T00:15:00,0,85,18,0.30935
2025-07-18T00:18:00,0,84.9,18,0.31141
2025-07-18T00:21:00,0,84.9,18,0.31141
2025-07-18T00:24:00,0,84.8,18,0.31347
2025-07-18T00:27:00,0,84.8,18,0.31347
2025-07-18T00:30:00,0,84.7,18,0.31554
2025-07-18T00:33:00,0,84.9,18,0.31141
2025-07-18T00:36:00,0,85.2,18,0.30523
2025-07-18T00:39:00,0,85.6,18,0.29698
2025-07-18T00:42:00,0,85.8,18,0.29285
2025-07-18T00:45:00,0,85.9,18,0.29079
2025-07-18T00:48:00,0,86,18,0.28873
2025-07-18T00:51:00,0,86.1,18,0.28666
2025-07-18T00:54:00,0,86,18,0.28873
2025-07-18T00:57:00,0,86.1,18,0.28666
2025-07-18T01:00:00,0,86.2,18,0.2846
2025-07-18T01:03:00,0,86.1,18,0.28666
2025-07-18T01:06:00,0,86.2,18,0.2846
2025-07-18T01:09:00,0,86.1,18,0.28666
2025-07-18T01:12:00,0,86.1,18,0.28666
2025-07-18T01:15:00,0,86.1,18,0.28666
2025-07-18T01:18:00,0,86.2,18,0.2846
2025-07-18T01:21:00,0,86.1,18,0.28666
2025-07-18T01:24:00,0,86,18,0.28873
2025-07-18T01:27:00,0,86,18,0.28873
2025-07-18T01:30:00,0,85.9,18,0.29079
2025-07-18T01:33:00,0,85.9,18,0.29079
2025-07-18T01:36:00,0,85.8,18,0.29285
2025-07-18T01:39:00,0,85.7,18,0.29491
2025-07-18T01:42:00,0,85.8,18,0.29285
2025-07-18T01:45:00,0,85.7,17,0.27687
2025-07-18T01:48:00,0,85.6,17,0.27881
2025-07-18T01:51:00,0,85.6,17,0.27881
2025-07-18T01:54:00,0,85.6,17,0.27881
2025-07-18T01:57:00,0,85.5,17,0.28074
2025-07-18T02:00:00,0,85.5,17,0.28074
2025-07-18T02:03:00,0,85.6,17,0.27881
2025-07-18T02:06:00,0,85.8,17,0.27494
2025-07-18T02:09:00,0,86.1,17,0.26913
2025-07-18T02:12:00,0,86.3,17,0.26525
2025-07-18T02:15:00,0,86.4,17,0.26332
2025-07-18T02:18:00,0,86.4,17,0.26332
2025-07-18T02:21:00,0,86.5,17,0.26138
2025-07-18T02:24:00,0,86.5,17,0.26138
2025-07-18T02:27:00,0,86.5,17,0.26138
2025-07-18T02:30:00,0,86.4,17,0.26332
2025-07-18T02:33:00,0,86.5,17,0.26138
2025-07-18T02:36:00,0,86.5,17,0.26138
2025-07-18T02:39:00,0,86.4,17,0.26332
2025-07-18T02:42:00,0,86.4,17,0.26332
2025-07-18T02:45:00,0,86.3,17,0.26525
2025-07-18T02:48:00,0,86.3,17,0.26525
2025-07-18T02:51:00,0,86.2,17,0.26719
2025-07-18T02:54:00,0,86.2,17,0.26719
2025-07-18T02:57:00,0,86.1,17,0.26913
2025-07-18T03:00:00,0,86,17,0.27106
2025-07-18T03:03:00,0,86,17,0.27106
2025-07-18T03:06:00,0,85.9,17,0.273
2025-07-18T03:09:00,0,85.9,17,0.273
2025-07-18T03:12:00,0,85.8,17,0.27494
2025-07-18T03:15:00,0,85.8,17,0.27494
2025-07-18T03:18:00,0,85.7,17,0.27687
2025-07-18T03:21:00,0,85.7,17,0.27687
2025-07-18T03:24:00,0,85.6,17,0.27881
2025-07-18T03:27:00,0,85.5,17,0.28074
2025-07-18T03:30:00,0,85.5,17,0.28074
2025-07-18T03:33:00,0,85.3,17,0.28462
2025-07-18T03:36:00,0,85.4,17,0.28268
2025-07-18T03:39:00,0,85.2,17,0.28655
2025-07-18T03:42:00,0,85.3,17,0.28462
2025-07-18T03:45:00,0,85.2,17,0.28655
2025-07-18T03:48:00,0,85.1,17,0.28849
2025-07-18T03:51:00,0,85,17,0.29042
2025-07-18T03:54:00,0,85,17,0.29042
2025-07-18T03:57:00,0,84.8,17,0.2943
2025-07-18T04:00:00,0,84.7,17,0.29623
2025-07-18T04:03:00,347,84.6,17,0.29817
2025-07-18T04:06:00,343,84,17,0.30979
2025-07-18T04:09:00,342,83.4,17,0.3214
2025-07-18T04:12:00,339,82.8,18,0.35472
2025-07-18T04:15:00,338,82.2,18,0.3671
2025-07-18T04:18:00,336,81.8,18,0.37534
2025-07-18T04:21:00,335,81.3,18,0.38566
2025-07-18T04:24:00,333,80.9,18,0.39391
2025-07-18T04:27:00,333,80.7,18,0.39803
2025-07-18T04:30:00,333,80.5,18,0.40215
2025-07-18T04:33:00,331,80.1,19,0.43694
2025-07-18T04:36:00,331,80,19,0.43913
2025-07-18T04:39:00,331,79.8,19,0.44352
2025-07-18T04:42:00,329,79.5,19,0.45011
2025-07-18T04:45:00,330,79.3,19,0.4545
2025-07-18T04:48:00,330,79.2,19,0.4567
2025-07-18T04:51:00,330,78.8,19,0.46548
2025-07-18T04:54:00,330,78.5,19,0.47207
2025-07-18T04:57:00,330,78.3,19,0.47646
2025-07-18T05:00:00,331,78,19,0.48304
2025-07-18T05:03:00,330,77.6,19,0.49183
2025-07-18T05:06:00,330,77.7,20,0.52103
2025-07-18T05:09:00,330,77.4,20,0.52804
2025-07-18T05:12:00,331,77.1,20,0.53505
2025-07-18T05:15:00,331,74.8,20,0.58879
2025-07-18T05:18:00,330,72.8,20,0.63552
2025-07-18T05:21:00,331,71.5,19,0.62576
2025-07-18T05:24:00,331,72.1,19,0.61259
2025-07-18T05:27:00,331,72.6,20,0.6402
2025-07-18T05:30:00,332,71,20,0.67758
2025-07-18T05:33:00,331,69.6,19,0.66748
2025-07-18T05:36:00,331,69,19,0.68065
2025-07-18T05:39:00,331,69.6,19,0.66748
2025-07-18T05:42:00,332,70,20,0.70094
2025-07-18T05:45:00,333,69,20,0.72431
2025-07-18T05:48:00,332,68,20,0.74767
2025-07-18T05:51:00,334,66.9,19,0.72676
2025-07-18T05:54:00,335,67.3,20,0.76403
2025-07-18T05:57:00,336,67.1,20,0.7687
2025-07-18T06:00:00,335,67.1,20,0.7687
2025-07-18T06:03:00,336,66.6,20,0.78038
2025-07-18T06:06:00,336,65.7,20,0.80141
2025-07-18T06:09:00,338,65.5,20,0.80609
2025-07-18T06:12:00,338,65.2,20,0.81309
2025-07-18T06:15:00,339,65.1,20,0.81543
2025-07-18T06:18:00,340,65.2,20,0.81309
2025-07-18T06:21:00,340,65.1,20,0.81543
2025-07-18T06:24:00,342,64.6,20,0.82711
2025-07-18T06:27:00,343,65,20,0.81777
2025-07-18T06:30:00,343,64.1,20,0.8388
2025-07-18T06:33:00,345,64.4,20,0.83179
2025-07-18T06:36:00,345,64.7,20,0.82478
2025-07-18T06:39:00,346,64,20,0.84113
2025-07-18T06:42:00,348,64.1,20,0.8388
2025-07-18T06:45:00,349,63.9,20,0.84347
2025-07-18T06:48:00,350,63.7,20,0.84814
2025-07-18T06:51:00,350,63.5,20,0.85281
2025-07-18T06:54:00,352,63.7,20,0.84814
2025-07-18T06:57:00,353,63.5,20,0.85281
2025-07-18T07:00:00,354,63.7,20,0.84814
2025-07-18T07:03:00,355,63.5,20,0.85281
2025-07-18T07:06:00,356,63.4,20,0.85515
2025-07-18T07:09:00,358,63.3,20,0.85749
2025-07-18T07:12:00,358,62.6,20,0.87384
2025-07-18T07:15:00,361,62.9,20,0.86683
2025-07-18T07:18:00,361,62,20,0.88786
2025-07-18T07:21:00,363,61.8,20,0.89254
2025-07-18T07:24:00,364,62.3,20,0.88085
2025-07-18T07:27:00,364,60.8,20,0.9159
2025-07-18T07:30:00,366.5,61.3,20,0.90422
2025-07-18T07:33:00,369,61.8,20,0.89254
2025-07-18T07:36:00,379,61.8,20,0.89254
2025-07-18T07:39:00,389,60.7,20,0.91824
2025-07-18T07:42:00,395,62.2,20,0.88319
2025-07-18T07:45:00,395,61,20,0.91123
2025-07-18T07:48:00,396,61.9,20,0.8902
2025-07-18T07:51:00,420,62.1,20,0.88553
2025-07-18T07:54:00,423,61.9,19,0.83655
2025-07-18T07:57:00,442,61.5,20,0.89954
2025-07-18T08:00:00,458,61.2,20,0.90655
2025-07-18T08:03:00,486,60.9,20,0.91356
2025-07-18T08:06:00,476,60.6,20,0.92057
2025-07-18T08:09:00,457,60.3,20,0.92758
2025-07-18T08:12:00,438,61.2,20,0.90655
2025-07-18T08:15:00,421,61.5,20,0.89954
2025-07-18T08:18:00,463,60.1,21,0.99158
2025-07-18T08:21:00,476,59.9,21,0.99655
2025-07-18T08:24:00,481,59.9,21,0.99655
2025-07-18T08:27:00,485,59.7,20,0.9416
2025-07-18T08:30:00,501,60.6,21,0.97915
2025-07-18T08:33:00,509,59.5,21,1.00649
2025-07-18T08:36:00,520,59.3,21,1.01146
2025-07-18T08:39:00,534,63.4,19,0.80361
2025-07-18T08:42:00,561,68.9,20,0.72665
2025-07-18T08:45:00,600,66.8,21,0.82507
2025-07-18T08:48:00,573,71.3,18,0.59189
2025-07-18T08:51:00,562,71,19,0.63674
2025-07-18T08:54:00,580,69.8,20,0.70562
2025-07-18T08:57:00,574,70.2,19,0.65431
2025-07-18T09:00:00,569,72.6,18,0.56508
2025-07-18T09:03:00,583,70.4,19,0.64991
2025-07-18T09:06:00,580,72.7,18,0.56302
2025-07-18T09:09:00,579,72,19,0.61478
2025-07-18T09:12:00,590,71.1,19,0.63455
2025-07-18T09:15:00,586,68.8,20,0.72898
2025-07-18T09:18:00,547,67.8,20,0.75235
2025-07-18T09:21:00,475,68.8,20,0.72898
2025-07-18T09:24:00,444,77.5,18,0.46402
2025-07-18T09:27:00,438,73.3,19,0.58624
2025-07-18T09:30:00,438,68.8,20,0.72898
2025-07-18T09:33:00,433,76.3,17,0.45887
2025-07-18T09:36:00,427,78.1,17,0.42402
2025-07-18T09:39:00,427,78.4,17,0.41821
2025-07-18T09:42:00,430,73.1,19,0.59063
2025-07-18T09:45:00,432,76.6,17,0.45306
2025-07-18T09:48:00,432,78.5,18,0.4434
2025-07-18T09:51:00,436,73.2,19,0.58844
2025-07-18T09:54:00,434,79,17,0.40659
2025-07-18T09:57:00,431,78.4,17,0.41821
2025-07-18T10:00:00,430,77.7,17,0.43176
2025-07-18T10:03:00,433,78.7,17,0.4124
2025-07-18T10:06:00,438,75.6,17,0.47242
2025-07-18T10:09:00,443,77.8,17,0.42983
2025-07-18T10:12:00,439,77.7,17,0.43176
2025-07-18T10:15:00,437,77.3,18,0.46815
2025-07-18T10:18:00,438,80.1,17,0.3853
2025-07-18T10:21:00,435,78.8,17,0.41047
2025-07-18T10:24:00,433,77.8,17,0.42983
2025-07-18T10:27:00,432,78,17,0.42596
2025-07-18T10:30:00,432,78.9,17,0.40853
2025-07-18T10:33:00,432,78.9,17,0.40853
2025-07-18T10:36:00,432,78.7,17,0.4124
2025-07-18T10:39:00,432,79.5,17,0.39691
2025-07-18T10:42:00,434,80.2,17,0.38336
2025-07-18T10:45:00,433,77.2,17,0.44145
2025-07-18T10:48:00,432,77.5,17,0.43564
2025-07-18T10:51:00,431,79.3,17,0.40079
2025-07-18T10:54:00,432,76.7,17,0.45113
2025-07-18T10:57:00,432,75.8,17,0.46855
2025-07-18T11:00:00,432,76.6,17,0.45306
2025-07-18T11:03:00,433,76.6,17,0.45306
2025-07-18T11:06:00,433,76,17,0.46468
2025-07-18T11:09:00,435,75.4,17,0.4763
2025-07-18T11:12:00,438,76.5,17,0.455
2025-07-18T11:15:00,438,75.9,17,0.46662
2025-07-18T11:18:00,472,77.5,17,0.43564
2025-07-18T11:21:00,533,77.3,18,0.46815
2025-07-18T11:24:00,543,76.5,18,0.48465
2025-07-18T11:27:00,446,74.6,18,0.52383
2025-07-18T11:30:00,437,75.7,17,0.47049
2025-07-18T11:33:00,436,75.2,17,0.48017
2025-07-18T11:36:00,435,74.9,18,0.51765
2025-07-18T11:39:00,435,73.6,17,0.51115
2025-07-18T11:42:00,435,75.8,18,0.49908
2025-07-18T11:45:00,435,75.5,18,0.50527
2025-07-18T11:48:00,435,75,18,0.51558
2025-07-18T11:51:00,435,75,18,0.51558
2025-07-18T11:54:00,435,75.7,18,0.50115
2025-07-18T11:57:00,435,74.5,18,0.52589
2025-07-18T12:00:00,433,75,18,0.51558
2025-07-18T12:03:00,433,75.7,18,0.50115
2025-07-18T12:06:00,432,74.1,18,0.53414
2025-07-18T12:09:00,432,74.35,18,0.52899
2025-07-18T12:12:00,432,74.6,18,0.52383
2025-07-18T12:15:00,432,74.8,18,0.51971
2025-07-18T12:18:00,431,74.4,18,0.52796
2025-07-18T12:21:00,430,75.5,18,0.50527
2025-07-18T12:24:00,430,74.4,18,0.52796
2025-07-18T12:27:00,430,74.1,18,0.53414
2025-07-18T12:30:00,429,74.3,18,0.53002
2025-07-18T12:33:00,430,74.5,19,0.55989
2025-07-18T12:36:00,430,73.4,18,0.54858
2025-07-18T12:39:00,428,73.3,18,0.55064
2025-07-18T12:42:00,428,73.5,18,0.54652
2025-07-18T12:45:00,430,73.6,18,0.54446
2025-07-18T12:48:00,429,73.2,18,0.55271
2025-07-18T12:51:00,429,72.8,18,0.56095
2025-07-18T12:54:00,430,73.7,19,0.57746
2025-07-18T12:57:00,430,74,18,0.53621
2025-07-18T13:00:00,431,75.7,18,0.50115
2025-07-18T13:03:00,432,72.7,19,0.59941
2025-07-18T13:06:00,431,73.6,19,0.57965
2025-07-18T13:09:00,435,73.1,19,0.59063
2025-07-18T13:12:00,432,72.4,19,0.606
2025-07-18T13:15:00,432,72.9,19,0.59502
2025-07-18T13:18:00,434,73.3,19,0.58624
2025-07-18T13:21:00,432,72.9,19,0.59502
2025-07-18T13:24:00,431,72.5,19,0.60381
2025-07-18T13:27:00,430,71.4,19,0.62796
2025-07-18T13:30:00,430,73.3,19,0.58624
2025-07-18T13:33:00,435,71.4,19,0.62796
2025-07-18T13:36:00,435,73.9,19,0.57307
2025-07-18T13:39:00,432,72.9,19,0.59502
2025-07-18T13:42:00,432,73,18,0.55683
2025-07-18T13:45:00,431,73.1,18,0.55477
2025-07-18T13:48:00,432,72,19,0.61478
2025-07-18T13:51:00,434,72.7,19,0.59941
2025-07-18T13:54:00,436,72.7,19,0.59941
2025-07-18T13:57:00,435,71.4,19,0.62796
2025-07-18T14:00:00,434,72.5,19,0.60381
2025-07-18T14:03:00,433,72.1,19,0.61259
2025-07-18T14:06:00,434,71.8,19,0.61918
2025-07-18T14:09:00,437,72.8,19,0.59722
2025-07-18T14:12:00,441,71.5,19,0.62576
2025-07-18T14:15:00,442,71.3,19,0.63015
2025-07-18T14:18:00,442,73.5,19,0.58185
2025-07-18T14:21:00,439,72.2,19,0.61039
2025-07-18T14:24:00,436,71.9,19,0.61698
2025-07-18T14:27:00,443,71.4,19,0.62796
2025-07-18T14:30:00,444,73.1,19,0.59063
2025-07-18T14:33:00,442,69.7,19,0.66528
2025-07-18T14:36:00,437,72.4,19,0.606
2025-07-18T14:39:00,435,71,19,0.63674
2025-07-18T14:42:00,436,72.1,19,0.61259
2025-07-18T14:45:00,438,69.5,19,0.66968
2025-07-18T14:48:00,441,72.4,19,0.606
2025-07-18T14:51:00,471,70.1,19,0.6565
2025-07-18T14:54:00,452,71,19,0.63674
2025-07-18T14:57:00,442,71.6,19,0.62357
2025-07-18T15:00:00,441,71.5,19,0.62576
2025-07-18T15:03:00,442,72.4,19,0.606
2025-07-18T15:06:00,440,71,20,0.67758
2025-07-18T15:09:00,438,69.9,19,0.66089
2025-07-18T15:12:00,439,70.8,19,0.64113
2025-07-18T15:15:00,440,71.8,19,0.61918
2025-07-18T15:18:00,442,71.8,19,0.61918
2025-07-18T15:21:00,439,69.7,19,0.66528
2025-07-18T15:24:00,436,71,19,0.63674
2025-07-18T15:27:00,432,70.4,19,0.64991
2025-07-18T15:30:00,426,68.8,19,0.68505
2025-07-18T15:33:00,428,72.4,19,0.606
2025-07-18T15:36:00,429,69.1,19,0.67846
2025-07-18T15:39:00,426,71.1,19,0.63455
2025-07-18T15:42:00,427,71.5,19,0.62576
2025-07-18T15:45:00,428.5,71.1,19,0.63455
2025-07-18T15:48:00,430,70.7,19,0.64333
2025-07-18T15:51:00,429,70.4,19,0.64991
2025-07-18T15:54:00,426,70.6,19,0.64552
2025-07-18T15:57:00,427,71.2,19,0.63235
2025-07-18T16:00:00,421,71.4,19,0.62796
2025-07-18T16:03:00,420,72.4,19,0.606
2025-07-18T16:06:00,419,70.8,19,0.64113
2025-07-18T16:09:00,422,70,19,0.6587
2025-07-18T16:12:00,419,70.8,19,0.64113
2025-07-18T16:15:00,419,70.3,19,0.65211
2025-07-18T16:18:00,413,72.4,19,0.606
2025-07-18T16:21:00,410,70.9,19,0.63894
2025-07-18T16:24:00,405,73.4,19,0.58404
2025-07-18T16:27:00,402,70.6,19,0.64552
2025-07-18T16:30:00,406,72.9,19,0.59502
2025-07-18T16:33:00,408,71.1,19,0.63455
2025-07-18T16:36:00,424,71.4,20,0.66823
2025-07-18T16:39:00,435,72,19,0.61478
2025-07-18T16:42:00,420,72.5,19,0.60381
2025-07-18T16:45:00,403,70.9,19,0.63894
2025-07-18T16:48:00,401,71,19,0.63674
2025-07-18T16:51:00,404,71.2,19,0.63235
2025-07-18T16:54:00,400,71.6,19,0.62357
2025-07-18T16:57:00,397,71.6,19,0.62357
2025-07-18T17:00:00,391,70.8,19,0.64113
2025-07-18T17:03:00,391,71.8,19,0.61918
2025-07-18T17:06:00,390,70,19,0.6587
2025-07-18T17:09:00,388,72.7,19,0.59941
2025-07-18T17:12:00,386,71,19,0.63674
2025-07-18T17:15:00,385,72,19,0.61478
2025-07-18T17:18:00,388,71.8,19,0.61918
2025-07-18T17:21:00,386,72.5,19,0.60381
2025-07-18T17:24:00,388,72.2,19,0.61039
2025-07-18T17:27:00,392,71.3,19,0.63015
2025-07-18T17:30:00,406,70.6,19,0.64552
2025-07-18T17:33:00,386,71.8,19,0.61918
2025-07-18T17:36:00,386,71.3,19,0.63015
2025-07-18T17:39:00,385,72.5,19,0.60381
2025-07-18T17:42:00,431,73.6,19,0.57965
2025-07-18T17:45:00,455,70.7,19,0.64333
2025-07-18T17:48:00,454,71.8,19,0.61918
2025-07-18T17:51:00,463,71.9,19,0.61698
2025-07-18T17:54:00,466,73.7,19,0.57746
2025-07-18T17:57:00,453,71.5,19,0.62576
2025-07-18T18:00:00,467,71.1,19,0.63455
2025-07-18T18:03:00,408,72.2,19,0.61039
2025-07-18T18:06:00,401,72.3,19,0.6082
2025-07-18T18:09:00,402,72,19,0.61478
2025-07-18T18:12:00,380,71.3,19,0.63015
2025-07-18T18:15:00,380,72,19,0.61478
2025-07-18T18:18:00,380,72.8,19,0.59722
2025-07-18T18:21:00,438,71.1,19,0.63455
2025-07-18T18:24:00,355,71.9,19,0.61698
2025-07-18T18:27:00,367,72.2,19,0.61039
2025-07-18T18:30:00,354,70.9,18,0.60014
2025-07-18T18:33:00,348,72.2,18,0.57333
2025-07-18T18:36:00,349,72.5,18,0.56714
2025-07-18T18:39:00,353,73.2,18,0.55271
2025-07-18T18:42:00,364,72.2,18,0.57333
2025-07-18T18:45:00,361,73.1,18,0.55477
2025-07-18T18:48:00,359,73.3,19,0.58624
2025-07-18T18:51:00,357,73.6,19,0.57965
2025-07-18T18:54:00,353,74.5,19,0.55989
2025-07-18T18:57:00,347,73,18,0.55683
2025-07-18T19:00:00,347,73.4,18,0.54858
2025-07-18T19:03:00,342,74.1,18,0.53414
2025-07-18T19:06:00,342,73.9,18,0.53827
2025-07-18T19:09:00,343,74.2,18,0.53208
2025-07-18T19:12:00,342,73.8,18,0.54033
2025-07-18T19:15:00,341,73,18,0.55683
2025-07-18T19:18:00,342,74.4,18,0.52796
2025-07-18T19:21:00,344,74.4,18,0.52796
2025-07-18T19:24:00,342,73.8,18,0.54033
2025-07-18T19:27:00,341,73.6,18,0.54446
2025-07-18T19:30:00,339,74.1,18,0.53414
2025-07-18T19:33:00,336,75,18,0.51558
2025-07-18T19:36:00,336,74.4,18,0.52796
2025-07-18T19:39:00,336,76,18,0.49496
2025-07-18T19:42:00,333,74.2,18,0.53208
2025-07-18T19:45:00,332,74.1,18,0.53414
2025-07-18T19:48:00,331,74.2,18,0.53208
2025-07-18T19:51:00,331,75.3,18,0.5094
2025-07-18T19:54:00,328,74.3,18,0.53002
2025-07-18T19:57:00,328,74.5,18,0.52589
2025-07-18T20:00:00,315,75,18,0.51558
2025-07-18T20:03:00,11,75.3,17,0.47823
2025-07-18T20:06:00,10.5,75.35,17,0.47726
2025-07-18T20:09:00,10,75.4,17,0.4763
2025-07-18T20:12:00,9,75.7,17,0.47049
2025-07-18T20:15:00,0,76.4,17,0.45693
2025-07-18T20:18:00,0,76.6,17,0.45306
2025-07-18T20:21:00,0,77.8,17,0.42983
2025-07-18T20:24:00,0,76.7,17,0.45113
2025-07-18T20:27:00,0,77,17,0.44532
2025-07-18T20:30:00,0,78.3,17,0.42015
2025-07-18T20:33:00,0,78.5,17,0.41628
2025-07-18T20:36:00,0,79.3,17,0.40079
2025-07-18T20:39:00,0,77.7,17,0.43176
2025-07-18T20:42:00,0,77.2,17,0.44145
2025-07-18T20:45:00,0,78.4,18,0.44546
2025-07-18T20:48:00,0,78.7,17,0.4124
2025-07-18T20:51:00,0,78.7,18,0.43928
2025-07-18T20:54:00,0,78,18,0.45371
2025-07-18T20:57:00,0,76.9,18,0.4764
2025-07-18T21:00:00,0,77.1,18,0.47227
2025-07-18T21:03:00,0,77.3,18,0.46815
2025-07-18T21:06:00,0,76.6,18,0.48259
2025-07-18T21:09:00,0,77.1,18,0.47227
2025-07-18T21:12:00,0,76.5,18,0.48465
2025-07-18T21:15:00,0,76.5,18,0.48465
2025-07-18T21:18:00,0,76.8,18,0.47846
2025-07-18T21:21:00,0,77.2,18,0.47021
2025-07-18T21:24:00,0,78.8,18,0.43721
2025-07-18T21:27:00,0,79.4,18,0.42484
2025-07-18T21:30:00,0,79.6,18,0.42072
2025-07-18T21:33:00,0,77.1,18,0.47227
2025-07-18T21:36:00,0,77.6,18,0.46196
2025-07-18T21:39:00,0,76.8,18,0.47846
2025-07-18T21:42:00,0,77.4,18,0.46609
2025-07-18T21:45:00,0,78.6,18,0.44134
2025-07-18T21:48:00,0,76,19,0.52696
2025-07-18T21:51:00,0,77.2,19,0.50061
2025-07-18T21:54:00,0,77.9,19,0.48524
2025-07-18T21:57:00,0,76.3,19,0.52037
2025-07-18T22:00:00,0,76.8,19,0.50939
2025-07-18T22:03:00,0,77.8,19,0.48744
2025-07-18T22:06:00,0,75.7,19,0.53354
2025-07-18T22:09:00,0,75.4,19,0.54013
2025-07-18T22:12:00,0,76.1,19,0.52476
2025-07-18T22:15:00,0,74.2,19,0.56648
2025-07-18T22:18:00,0,73.8,19,0.57526
2025-07-18T22:21:00,0,74.8,19,0.55331
2025-07-18T22:24:00,0,73.3,19,0.58624
2025-07-18T22:27:00,0,72.2,19,0.61039
2025-07-18T22:30:00,0,71.5,19,0.62576
2025-07-18T22:33:00,0,70.7,19,0.64333
2025-07-18T22:36:00,0,70.3,19,0.65211
2025-07-18T22:39:00,0,70,19,0.6587
2025-07-18T22:42:00,0,69.5,19,0.66968
2025-07-18T22:45:00,0,69.7,19,0.66528
2025-07-18T22:48:00,0,69.4,19,0.67187
2025-07-18T22:51:00,0,69.3,19,0.67407
2025-07-18T22:54:00,0,68.8,19,0.68505
2025-07-18T22:57:00,0,68.5,19,0.69163
2025-07-18T23:00:00,0,68.5,19,0.69163
2025-07-18T23:03:00,0,68.3,19,0.69602
2025-07-18T23:06:00,0,68.5,19,0.69163
2025-07-18T23:09:00,0,69.5,19,0.66968
2025-07-18T23:12:00,0,70.3,19,0.65211
2025-07-18T23:15:00,0,70.7,19,0.64333
2025-07-18T23:18:00,0,70.8,19,0.64113
2025-07-18T23:21:00,0,71,19,0.63674
2025-07-18T23:24:00,0,71.3,19,0.63015
2025-07-18T23:27:00,0,71.5,19,0.62576
2025-07-18T23:30:00,0,71.5,19,0.62576
2025-07-18T23:33:00,0,71.1,19,0.63455
2025-07-18T23:36:00,0,71.3,19,0.63015
2025-07-18T23:39:00,0,71.4,19,0.62796
2025-07-18T23:42:00,0,71.4,19,0.62796
2025-07-18T23:45:00,0,71.3,19,0.63015
2025-07-18T23:48:00,0,71.3,19,0.63015
2025-07-18T23:51:00,0,71.2,19,0.63235
2025-07-18T23:54:00,0,71.2,19,0.63235
2025-07-18T23:57:00,0,71,19,0.63674
2025-07-19T00:00:00,0,71.1,19,0.63455
2025-07-19T00:03:00,0,71.2,19,0.63235
2025-07-19T00:06:00,0,71.3,19,0.63015
2025-07-19T00:09:00,0,71.3,19,0.63015
2025-07-19T00:12:00,0,71.6,19,0.62357
2025-07-19T00:15:00,0,72,19,0.61478
2025-07-19T00:18:00,0,72.1,19,0.61259
2025-07-19T00:21:00,0,73.4,19,0.58404
2025-07-19T00:24:00,0,75.1,19,0.54672
2025-07-19T00:27:00,0,76.1,19,0.52476
2025-07-19T00:30:00,0,76.8,19,0.50939
2025-07-19T00:33:00,0,78.3,19,0.47646
2025-07-19T00:36:00,0,79.35,19,0.4534
2025-07-19T00:39:00,0,80.4,19,0.43035
2025-07-19T00:42:00,0,81.5,19,0.4062
2025-07-19T00:45:00,0,82.2,19,0.39083
2025-07-19T00:48:00,0,82.8,19,0.37765
2025-07-19T00:51:00,0,83.1,19,0.37107
2025-07-19T00:54:00,0,83.5,19,0.36228
2025-07-19T00:57:00,0,83.8,19,0.3557
2025-07-19T01:00:00,0,83.9,19,0.3535
2025-07-19T01:03:00,0,84.1,19,0.34911
2025-07-19T01:06:00,0,84.3,19,0.34472
2025-07-19T01:09:00,0,84.4,19,0.34252
2025-07-19T01:12:00,0,84.5,19,0.34033
2025-07-19T01:15:00,0,84.6,19,0.33813
2025-07-19T01:18:00,0,84.6,19,0.33813
2025-07-19T01:21:00,0,84.5,19,0.34033
2025-07-19T01:24:00,0,84.6,19,0.33813
2025-07-19T01:27:00,0,84.6,19,0.33813
2025-07-19T01:30:00,0,84.6,19,0.33813
2025-07-19T01:33:00,0,84.6,19,0.33813
2025-07-19T01:36:00,0,84.7,19,0.33594
2025-07-19T01:39:00,0,84.6,19,0.33813
2025-07-19T01:42:00,0,84.6,19,0.33813
2025-07-19T01:45:00,0,84.6,18,0.3176
2025-07-19T01:48:00,0,84.6,18,0.3176
2025-07-19T01:51:00,0,84.7,18,0.31554
2025-07-19T01:54:00,0,84.7,18,0.31554
2025-07-19T01:57:00,0,84.7,18,0.31554
2025-07-19T02:00:00,0,84.7,18,0.31554
2025-07-19T02:03:00,0,84.7,18,0.31554
2025-07-19T02:06:00,0,85.1,18,0.30729
2025-07-19T02:09:00,0,85.4,18,0.3011
2025-07-19T02:12:00,0,85.6,18,0.29698
2025-07-19T02:15:00,0,85.7,18,0.29491
2025-07-19T02:18:00,0,85.9,18,0.29079
2025-07-19T02:21:00,0,86,18,0.28873
2025-07-19T02:24:00,0,86,18,0.28873
2025-07-19T02:27:00,0,86.2,18,0.2846
2025-07-19T02:30:00,0,86.1,18,0.28666
2025-07-19T02:33:00,0,86,18,0.28873
2025-07-19T02:36:00,0,86.1,18,0.28666
2025-07-19T02:39:00,0,86.1,18,0.28666
2025-07-19T02:42:00,0,86.1,18,0.28666
2025-07-19T02:45:00,0,86.2,18,0.2846
2025-07-19T02:48:00,0,86.1,18,0.28666
2025-07-19T02:51:00,0,86.1,18,0.28666
2025-07-19T02:54:00,0,86.2,18,0.2846
2025-07-19T02:57:00,0,86.1,18,0.28666
2025-07-19T03:00:00,0,86.1,18,0.28666
2025-07-19T03:03:00,0,86.1,18,0.28666
2025-07-19T03:06:00,0,86,18,0.28873
2025-07-19T03:09:00,0,86,18,0.28873
2025-07-19T03:12:00,0,85.9,18,0.29079
2025-07-19T03:15:00,0,85.9,18,0.29079
2025-07-19T03:18:00,0,85.8,18,0.29285
2025-07-19T03:21:00,0,85.9,18,0.29079
2025-07-19T03:24:00,0,85.8,18,0.29285
2025-07-19T03:27:00,0,85.8,18,0.29285
2025-07-19T03:30:00,0,85.7,18,0.29491
2025-07-19T03:33:00,0,85.7,18,0.29491
2025-07-19T03:36:00,0,85.6,18,0.29698
2025-07-19T03:39:00,0,85.6,18,0.29698
2025-07-19T03:42:00,0,85.7,18,0.29491
2025-07-19T03:45:00,0,85.6,18,0.29698
2025-07-19T03:48:00,0,85.5,18,0.29904
2025-07-19T03:51:00,0,85.5,18,0.29904
2025-07-19T03:54:00,0,85.3,18,0.30316
2025-07-19T03:57:00,0,85.5,18,0.29904
2025-07-19T04:00:00,0,85.4,18,0.3011
2025-07-19T04:03:00,347,85.2,18,0.30523
2025-07-19T04:06:00,345,84.5,18,0.31966
2025-07-19T04:09:00,343,84,18,0.32997
2025-07-19T04:12:00,340,83.4,19,0.36448
2025-07-19T04:15:00,339,83.1,19,0.37107
2025-07-19T04:18:00,337,82.6,19,0.38204
2025-07-19T04:21:00,336,82.2,19,0.39083
2025-07-19T04:24:00,335,82,19,0.39522
2025-07-19T04:27:00,334,81.7,19,0.40181
2025-07-19T04:30:00,332,81.5,19,0.4062
2025-07-19T04:33:00,333,81.1,20,0.44159
2025-07-19T04:36:00,332,80.9,20,0.44627
2025-07-19T04:39:00,331,80.2,20,0.46262
2025-07-19T04:42:00,331,78.8,20,0.49533
2025-07-19T04:45:00,331,79.4,20,0.48131
2025-07-19T04:48:00,331,78.4,20,0.50468
2025-07-19T04:51:00,331,75.2,20,0.57945
2025-07-19T04:54:00,329,73.8,20,0.61216
2025-07-19T04:57:00,330,73.7,20,0.61449
2025-07-19T05:00:00,329,71.9,20,0.65655
2025-07-19T05:03:00,330,70.5,20,0.68926
2025-07-19T05:06:00,330,69.6,20,0.71029
2025-07-19T05:09:00,329,68.7,20,0.73132
2025-07-19T05:12:00,329,67.7,20,0.75468
2025-07-19T05:15:00,330,67.5,19,0.71359
2025-07-19T05:18:00,330,67,19,0.72457
2025-07-19T05:21:00,331,66.6,19,0.73335
2025-07-19T05:24:00,331,66.6,19,0.73335
2025-07-19T05:27:00,331,66.5,20,0.78272
2025-07-19T05:30:00,331,66.2,20,0.78973
2025-07-19T05:33:00,333,65.9,20,0.79674
2025-07-19T05:36:00,334,65.8,20,0.79908
2025-07-19T05:39:00,333,65.8,20,0.79908
2025-07-19T05:42:00,334,65.6,20,0.80375
2025-07-19T05:45:00,335,65.4,20,0.80842
2025-07-19T05:48:00,336,65,20,0.81777
2025-07-19T05:51:00,336,64.7,20,0.82478
2025-07-19T05:54:00,337,64.3,20,0.83412
2025-07-19T05:57:00,336,64.1,20,0.8388
2025-07-19T06:00:00,337,63.6,20,0.85048
2025-07-19T06:03:00,337,64.2,20,0.83646
2025-07-19T06:06:00,336,65.7,20,0.80141
2025-07-19T06:09:00,336,64.9,20,0.8201
2025-07-19T06:12:00,336,63.4,20,0.85515
2025-07-19T06:15:00,338,63,19,0.81239
2025-07-19T06:18:00,338,62.6,19,0.82118
2025-07-19T06:21:00,339,62.8,20,0.86917
2025-07-19T06:24:00,339,63.9,20,0.84347
2025-07-19T06:27:00,340,63.6,20,0.85048
2025-07-19T06:30:00,341,62.5,20,0.87618
2025-07-19T06:33:00,342,62.4,19,0.82557
2025-07-19T06:36:00,342,62.5,19,0.82337
2025-07-19T06:39:00,343,63,19,0.81239
2025-07-19T06:42:00,345,62.1,20,0.88553
2025-07-19T06:45:00,346,62.1,19,0.83215
2025-07-19T06:48:00,347,62.8,19,0.81678
2025-07-19T06:51:00,349,61.9,19,0.83655
2025-07-19T06:54:00,350,62.2,20,0.88319
2025-07-19T06:57:00,350,62,20,0.88786
2025-07-19T07:00:00,353,61.9,20,0.8902
2025-07-19T07:03:00,358,61.2,20,0.90655
2025-07-19T07:06:00,358,61.6,20,0.89721
2025-07-19T07:09:00,358,60.4,20,0.92525
2025-07-19T07:12:00,360,61.2,20,0.90655
2025-07-19T07:15:00,359,60.5,20,0.92291
2025-07-19T07:18:00,361,60.6,20,0.92057
2025-07-19T07:21:00,362,61.3,20,0.90422
2025-07-19T07:24:00,368,60.8,20,0.9159
2025-07-19T07:27:00,370,60.5,20,0.92291
2025-07-19T07:30:00,373,60.8,20,0.9159
2025-07-19T07:33:00,378,59.2,20,0.95328
2025-07-19T07:36:00,383,60,20,0.93459
2025-07-19T07:39:00,386,60,20,0.93459
2025-07-19T07:42:00,394,59.6,20,0.94394
2025-07-19T07:45:00,395,60.2,20,0.92992
2025-07-19T07:48:00,399,60.3,20,0.92758
2025-07-19T07:51:00,421,59.7,20,0.9416
2025-07-19T07:54:00,436,59.1,20,0.95562
2025-07-19T07:57:00,453,57.8,21,1.04873
2025-07-19T08:00:00,464,57.6,21,1.05371
2025-07-19T08:03:00,488,59.2,20,0.95328
2025-07-19T08:06:00,476,58,20,0.98132
2025-07-19T08:09:00,463,57.7,21,1.05122
2025-07-19T08:12:00,430,65.2,19,0.76409
2025-07-19T08:15:00,383,70.2,19,0.65431
2025-07-19T08:18:00,374,70.9,19,0.63894
2025-07-19T08:21:00,370,70.1,19,0.6565
2025-07-19T08:24:00,368,69.2,19,0.67626
2025-07-19T08:27:00,369,68.8,19,0.68505
2025-07-19T08:30:00,375,68.8,19,0.68505
2025-07-19T08:33:00,377,69,20,0.72431
2025-07-19T08:36:00,405,67.8,20,0.75235
2025-07-19T08:39:00,460,69.3,19,0.67407
2025-07-19T08:42:00,409,68.3,20,0.74066
2025-07-19T08:45:00,422,68.7,20,0.73132
2025-07-19T08:48:00,446,68.2,20,0.743
2025-07-19T08:51:00,492,68,20,0.74767
2025-07-19T08:54:00,520,68.7,19,0.68724
2025-07-19T08:57:00,495,69.6,20,0.71029
2025-07-19T09:00:00,470,69.7,20,0.70795
2025-07-19T09:03:00,416,68.2,20,0.743
2025-07-19T09:06:00,415,68.2,20,0.743
2025-07-19T09:09:00,410,68.7,20,0.73132
2025-07-19T09:12:00,391,68.7,20,0.73132
2025-07-19T09:15:00,405,70,19,0.6587
2025-07-19T09:18:00,386,69.3,19,0.67407
2025-07-19T09:21:00,383,69.2,20,0.71964
2025-07-19T09:24:00,389,69,20,0.72431
2025-07-19T09:27:00,395,68.1,20,0.74534
2025-07-19T09:30:00,383,67.9,20,0.75001
2025-07-19T09:33:00,380,67.3,20,0.76403
2025-07-19T09:36:00,381,67.5,20,0.75936
2025-07-19T09:39:00,383,68.6,20,0.73365
2025-07-19T09:42:00,382,67.8,20,0.75235
2025-07-19T09:45:00,385,66.4,20,0.78506
2025-07-19T09:48:00,386,65.1,20,0.81543
2025-07-19T09:51:00,390,63.8,21,0.89963
2025-07-19T09:54:00,389,62.5,21,0.93193
2025-07-19T09:57:00,385,62.4,21,0.93442
2025-07-19T10:00:00,386,62.2,21,0.93939
2025-07-19T10:03:00,385,62.9,20,0.86683
2025-07-19T10:06:00,387,61.4,21,0.95927
2025-07-19T10:09:00,384,60.4,21,0.98412
2025-07-19T10:12:00,380,69.3,19,0.67407
2025-07-19T10:15:00,380,71.1,19,0.63455
2025-07-19T10:18:00,380,70.6,20,0.68692
2025-07-19T10:21:00,377,71.4,19,0.62796
2025-07-19T10:24:00,376,72,19,0.61478
2025-07-19T10:27:00,375,71.4,19,0.62796
2025-07-19T10:30:00,375,70.8,20,0.68225
2025-07-19T10:33:00,377,70.8,20,0.68225
2025-07-19T10:36:00,378,70.6,20,0.68692
2025-07-19T10:39:00,377,70.8,20,0.68225
2025-07-19T10:42:00,376,70.8,20,0.68225
2025-07-19T10:45:00,375,70.2,20,0.69627
2025-07-19T10:48:00,375,70.7,20,0.68459
2025-07-19T10:51:00,376,70.7,20,0.68459
2025-07-19T10:54:00,375,71,20,0.67758
2025-07-19T10:57:00,378,70.8,20,0.68225
2025-07-19T11:00:00,378,70.8,20,0.68225
2025-07-19T11:03:00,381,71.4,20,0.66823
2025-07-19T11:06:00,380,69.7,20,0.70795
2025-07-19T11:09:00,382,69.8,20,0.70562
2025-07-19T11:12:00,383,69.8,20,0.70562
2025-07-19T11:15:00,383,70.9,20,0.67992
2025-07-19T11:18:00,383,69.6,20,0.71029
2025-07-19T11:21:00,382,69.9,20,0.70328
2025-07-19T11:24:00,383,68.4,20,0.73833
2025-07-19T11:27:00,386,68.2,21,0.79028
2025-07-19T11:30:00,383,70.9,19,0.63894
2025-07-19T11:33:00,382,74.6,19,0.5577
2025-07-19T11:36:00,382,73.1,20,0.62851
2025-07-19T11:39:00,382,74.2,19,0.56648
2025-07-19T11:42:00,383,76.8,19,0.50939
2025-07-19T11:45:00,385,74.4,20,0.59814
2025-07-19T11:48:00,389,71.8,20,0.65889
2025-07-19T11:51:00,391,76.8,18,0.47846
2025-07-19T11:54:00,393,77.5,18,0.46402
2025-07-19T11:57:00,399,74.6,19,0.5577
2025-07-19T12:00:00,397,75.65,18.5,0.51819
2025-07-19T12:03:00,395,76.7,18,0.48052
2025-07-19T12:06:00,397,76,19,0.52696
2025-07-19T12:09:00,397,73.3,20,0.62384
2025-07-19T12:12:00,392,77.2,18,0.47021
2025-07-19T12:15:00,391,77.2,19,0.50061
2025-07-19T12:18:00,394,75.2,20,0.57945
2025-07-19T12:21:00,394,76.6,19,0.51378
2025-07-19T12:24:00,394,77.7,18,0.4599
2025-07-19T12:27:00,396,76.4,19,0.51818
2025-07-19T12:30:00,396,74.4,19,0.56209
2025-07-19T12:33:00,391,77.7,18,0.4599
2025-07-19T12:36:00,389,77.5,19,0.49402
2025-07-19T12:39:00,386,74.3,19,0.56428
2025-07-19T12:42:00,384,76.6,18,0.48259
2025-07-19T12:45:00,383,77.5,19,0.49402
2025-07-19T12:48:00,384,75.1,20,0.58178
2025-07-19T12:51:00,382,74.9,19,0.55111
2025-07-19T12:54:00,378,76.4,18,0.48671
2025-07-19T12:57:00,379,73.9,19,0.57307
2025-07-19T13:00:00,377,74.2,19,0.56648
2025-07-19T13:03:00,377,75.6,19,0.53574
2025-07-19T13:06:00,377,74,20,0.60748
2025-07-19T13:09:00,378,70.7,20,0.68459
2025-07-19T13:12:00,374,75.3,19,0.54233
2025-07-19T13:15:00,372,72.8,19,0.59722
2025-07-19T13:18:00,372,73.1,20,0.62851
2025-07-19T13:21:00,374,75.1,19,0.54672
2025-07-19T13:24:00,378,73.9,19,0.57307
2025-07-19T13:27:00,385,72.9,20,0.63319
2025-07-19T13:30:00,387,74.1,19,0.56868
2025-07-19T13:33:00,391,76.6,18,0.48259
2025-07-19T13:36:00,391,76.2,19,0.52257
2025-07-19T13:39:00,391,74.3,19,0.56428
2025-07-19T13:42:00,391,76.2,19,0.52257
2025-07-19T13:45:00,391,76.8,19,0.50939
2025-07-19T13:48:00,389,75.8,20,0.56543
2025-07-19T13:51:00,383,76.3,19,0.52037
2025-07-19T13:54:00,378,78.7,19,0.46768
2025-07-19T13:57:00,383,75.4,20,0.57477
2025-07-19T14:00:00,383,75.6,19,0.53574
2025-07-19T14:03:00,381,77,19,0.505
2025-07-19T14:06:00,383,77.2,19,0.50061
2025-07-19T14:09:00,384,73.8,19,0.57526
2025-07-19T14:12:00,383,76.3,19,0.52037
2025-07-19T14:15:00,378,76,19,0.52696
2025-07-19T14:18:00,375,73.9,20,0.60982
2025-07-19T14:21:00,369,75.6,19,0.53574
2025-07-19T14:24:00,366,75,20,0.58412
2025-07-19T14:27:00,365,73.5,20,0.61917
2025-07-19T14:30:00,361,74.3,19,0.56428
2025-07-19T14:33:00,361,73.3,20,0.62384
2025-07-19T14:36:00,362,73.1,20,0.62851
2025-07-19T14:39:00,365,73.1,19,0.59063
2025-07-19T14:42:00,370,74.6,20,0.59347
2025-07-19T14:45:00,372,73.1,20,0.62851
2025-07-19T14:48:00,369,71.9,20,0.65655
2025-07-19T14:51:00,363,73.1,19,0.59063
2025-07-19T14:54:00,360,71.9,20,0.65655
2025-07-19T14:57:00,366,71.4,20,0.66823
2025-07-19T15:00:00,366,74,19,0.57087
2025-07-19T15:03:00,363,72.7,20,0.63786
2025-07-19T15:06:00,361,70.7,20,0.68459
2025-07-19T15:09:00,360,69.5,20,0.71263
2025-07-19T15:12:00,362,68.7,20,0.73132
2025-07-19T15:15:00,363,68.1,20,0.74534
2025-07-19T15:18:00,361,68.5,20,0.73599
2025-07-19T15:21:00,359,67.5,20,0.75936
2025-07-19T15:24:00,358,66.1,21,0.84247
2025-07-19T15:27:00,359,66.8,20,0.77571
2025-07-19T15:30:00,355,71.4,19,0.62796
2025-07-19T15:33:00,353,71.9,20,0.65655
2025-07-19T15:36:00,351,71.8,19,0.61918
2025-07-19T15:39:00,350,74.7,19,0.5555
2025-07-19T15:42:00,350,73.8,20,0.61216
2025-07-19T15:45:00,352,72,19,0.61478
2025-07-19T15:48:00,356,74.9,19,0.55111
2025-07-19T15:51:00,358,74,20,0.60748
2025-07-19T15:54:00,356,72.7,20,0.63786
2025-07-19T15:57:00,356,74.1,19,0.56868
2025-07-19T16:00:00,359,74,19,0.57087
2025-07-19T16:03:00,362,73.9,20,0.60982
2025-07-19T16:06:00,356,75,19,0.54891
2025-07-19T16:09:00,349,74.3,19,0.56428
2025-07-19T16:12:00,346,74,19,0.57087
2025-07-19T16:15:00,341,73.8,20,0.61216
2025-07-19T16:18:00,344,73.4,20,0.6215
2025-07-19T16:21:00,346,72.5,20,0.64253
2025-07-19T16:24:00,340,72.5,20,0.64253
2025-07-19T16:27:00,335,72.3,19,0.6082
2025-07-19T16:30:00,336,72,20,0.65421
2025-07-19T16:33:00,330,71.9,20,0.65655
2025-07-19T16:36:00,330,71.4,20,0.66823
2025-07-19T16:39:00,329.5,71.15,20,0.67407
2025-07-19T16:42:00,329,70.9,20,0.67992
2025-07-19T16:45:00,331,70.9,20,0.67992
2025-07-19T16:48:00,331,72,20,0.65421
2025-07-19T16:51:00,334,70.9,20,0.67992
2025-07-19T16:54:00,333,69.1,20,0.72197
2025-07-19T16:57:00,335,67.6,20,0.75702
2025-07-19T17:00:00,335,65.2,20,0.81309
2025-07-19T17:03:00,337,63.3,20,0.85749
2025-07-19T17:06:00,339,61.6,21,0.9543
2025-07-19T17:09:00,341,64.3,21,0.8872
2025-07-19T17:12:00,339,70.8,19,0.64113
2025-07-19T17:15:00,342,71.2,19,0.63235
2025-07-19T17:18:00,346,71.8,19,0.61918
2025-07-19T17:21:00,347,72.5,19,0.60381
2025-07-19T17:24:00,350,72.5,19,0.60381
2025-07-19T17:27:00,353,72.3,19,0.6082
2025-07-19T17:30:00,353,72.6,19,0.60161
2025-07-19T17:33:00,353,73.1,19,0.59063
2025-07-19T17:36:00,351,72.5,19,0.60381
2025-07-19T17:39:00,347,73.1,19,0.59063
2025-07-19T17:42:00,345,73,19,0.59283
2025-07-19T17:45:00,341,73.2,19,0.58844
2025-07-19T17:48:00,342,73.6,19,0.57965
2025-07-19T17:51:00,345,73.7,19,0.57746
2025-07-19T17:54:00,345,73.5,19,0.58185
2025-07-19T17:57:00,345,73.4,19,0.58404
2025-07-19T18:00:00,345,73.1,19,0.59063
2025-07-19T18:03:00,343,72.7,19,0.59941
2025-07-19T18:06:00,342,72.8,19,0.59722
2025-07-19T18:09:00,340,72.7,19,0.59941
2025-07-19T18:12:00,339,71.2,19,0.63235
2025-07-19T18:15:00,339,71.3,20,0.67057
2025-07-19T18:18:00,338,71.2,20,0.67291
2025-07-19T18:21:00,337,70.4,20,0.6916
2025-07-19T18:24:00,336,69.4,20,0.71496
2025-07-19T18:27:00,334,68.6,20,0.73365
2025-07-19T18:30:00,334,68,20,0.74767
2025-07-19T18:33:00,334,67.8,20,0.75235
2025-07-19T18:36:00,334,66.4,20,0.78506
2025-07-19T18:39:00,333,65.2,20,0.81309
2025-07-19T18:42:00,335,64,20,0.84113
2025-07-19T18:45:00,336,63.6,20,0.85048
2025-07-19T18:48:00,336,63.5,20,0.85281
2025-07-19T18:51:00,336,63.6,20,0.85048
2025-07-19T18:54:00,337,63.4,20,0.85515
2025-07-19T18:57:00,336,63,21,0.91951
2025-07-19T19:00:00,335,63.5,21,0.90708
2025-07-19T19:03:00,337,63.9,21,0.89714
2025-07-19T19:06:00,336,65.4,21,0.85986
2025-07-19T19:09:00,334,66.5,20,0.78272
2025-07-19T19:12:00,332,68.4,20,0.73833
2025-07-19T19:15:00,332,69.1,20,0.72197
2025-07-19T19:18:00,332,69.3,20,0.7173
2025-07-19T19:21:00,332,69.5,20,0.71263
2025-07-19T19:24:00,332,69.3,20,0.7173
2025-07-19T19:27:00,332,69.7,20,0.70795
2025-07-19T19:30:00,332,70.2,20,0.69627
2025-07-19T19:33:00,331,69.7,20,0.70795
2025-07-19T19:36:00,331,69.9,20,0.70328
2025-07-19T19:39:00,331,70.1,20,0.69861
2025-07-19T19:42:00,331,69.6,20,0.71029
2025-07-19T19:45:00,331,69.2,20,0.71964
2025-07-19T19:48:00,331,69.7,20,0.70795
2025-07-19T19:51:00,331,70,20,0.70094
2025-07-19T19:54:00,329,70,19,0.6587
2025-07-19T19:57:00,329,70.8,19,0.64113
2025-07-19T20:00:00,328,70,19,0.6587
2025-07-19T20:03:00,0,70,19,0.6587
2025-07-19T20:06:00,0,70.5,19,0.64772
2025-07-19T20:09:00,0,71,19,0.63674
2025-07-19T20:12:00,0,70.7,19,0.64333
2025-07-19T20:15:00,0,70.5,19,0.64772
2025-07-19T20:18:00,0,70.8,19,0.64113
2025-07-19T20:21:00,0,71.8,19,0.61918
2025-07-19T20:24:00,0,72.4,19,0.606
2025-07-19T20:27:00,0,72.7,19,0.59941
2025-07-19T20:30:00,0,73.3,19,0.58624
2025-07-19T20:33:00,0,74.9,19,0.55111
2025-07-19T20:36:00,0,76.3,19,0.52037
2025-07-19T20:39:00,0,76.6,19,0.51378
2025-07-19T20:42:00,0,77.8,19,0.48744
2025-07-19T20:45:00,0,78.4,19,0.47426
2025-07-19T20:48:00,0,77.5,19,0.49402
2025-07-19T20:51:00,0,77.1,19,0.50281
2025-07-19T20:54:00,0,76.8,19,0.50939
2025-07-19T20:57:00,0,76.2,19,0.52257
2025-07-19T21:00:00,0,76,19,0.52696
2025-07-19T21:03:00,0,75.9,19,0.52915
2025-07-19T21:06:00,0,75.7,19,0.53354
2025-07-19T21:09:00,0,75.7,19,0.53354
2025-07-19T21:12:00,0,75.6,19,0.53574
2025-07-19T21:15:00,0,75.7,19,0.53354
2025-07-19T21:18:00,0,75.5,19,0.53794
2025-07-19T21:21:00,0,75.7,19,0.53354
2025-07-19T21:24:00,0,75.6,19,0.53574
2025-07-19T21:27:00,0,75.7,19,0.53354
2025-07-19T21:30:00,0,75.6,19,0.53574
2025-07-19T21:33:00,0,75.7,19,0.53354
2025-07-19T21:36:00,0,75.6,19,0.53574
2025-07-19T21:39:00,0,75.6,19,0.53574
2025-07-19T21:42:00,0,75.6,19,0.53574
2025-07-19T21:45:00,0,75.6,19,0.53574
2025-07-19T21:48:00,0,75.5,19,0.53794
2025-07-19T21:51:00,0,75.7,19,0.53354
2025-07-19T21:54:00,0,75.6,19,0.53574
2025-07-19T21:57:00,0,75.7,19,0.53354
2025-07-19T22:00:00,0,75.9,19,0.52915
2025-07-19T22:03:00,0,75.9,19,0.52915
2025-07-19T22:06:00,0,76.1,19,0.52476
2025-07-19T22:09:00,0,76.1,19,0.52476
2025-07-19T22:12:00,0,76.1,19,0.52476
2025-07-19T22:15:00,0,76,19,0.52696
2025-07-19T22:18:00,0,76.2,19,0.52257
2025-07-19T22:21:00,0,76.8,19,0.50939
2025-07-19T22:24:00,0,76.7,19,0.51159
2025-07-19T22:27:00,0,76.5,19,0.51598
2025-07-19T22:30:00,0,76.9,19,0.5072
2025-07-19T22:33:00,0,77.5,19,0.49402
2025-07-19T22:36:00,0,77.5,19,0.49402
2025-07-19T22:39:00,0,77.6,19,0.49183
2025-07-19T22:42:00,0,78.2,19,0.47865
2025-07-19T22:45:00,0,78.4,19,0.47426
2025-07-19T22:48:00,0,78.7,19,0.46768
2025-07-19T22:51:00,0,78.8,19,0.46548
2025-07-19T22:54:00,0,79.3,19,0.4545
2025-07-19T22:57:00,0,79.5,19,0.45011
2025-07-19T23:00:00,0,80,19,0.43913
2025-07-19T23:03:00,0,80,19,0.43913
2025-07-19T23:06:00,0,80.7,19,0.42376
2025-07-19T23:09:00,0,81.6,19,0.404
2025-07-19T23:12:00,0,82.2,19,0.39083
2025-07-19T23:15:00,0,82.6,19,0.38204
2025-07-19T23:18:00,0,83.3,19,0.36667
2025-07-19T23:21:00,0,83.6,19,0.36009
2025-07-19T23:24:00,0,83.8,19,0.3557
2025-07-19T23:27:00,0,84,19,0.35131
2025-07-19T23:30:00,0,84.3,19,0.34472
2025-07-19T23:33:00,0,84.4,19,0.34252
2025-07-19T23:36:00,0,84.4,19,0.34252
2025-07-19T23:39:00,0,84.6,19,0.33813
2025-07-19T23:42:00,0,84.7,19,0.33594
2025-07-19T23:45:00,0,84.5,19,0.34033
2025-07-19T23:48:00,0,84.4,19,0.34252
2025-07-19T23:51:00,0,84.8,19,0.33374
2025-07-19T23:54:00,0,84.7,19,0.33594
2025-07-19T23:57:00,0,84.5,19,0.34033
2025-07-20T00:00:00,0,84.7,19,0.33594
2025-07-20T00:03:00,0,84.7,19,0.33594
2025-07-20T00:06:00,0,84.6,19,0.33813
2025-07-20T00:09:00,0,84.5,19,0.34033
2025-07-20T00:12:00,0,84.8,19,0.33374
2025-07-20T00:15:00,0,84.8,19,0.33374
2025-07-20T00:18:00,0,84.8,19,0.33374
2025-07-20T00:21:00,0,84.9,19,0.33154
2025-07-20T00:24:00,0,85.1,19,0.32715
2025-07-20T00:27:00,0,85.1,19,0.32715
2025-07-20T00:30:00,0,85.2,19,0.32496
2025-07-20T00:33:00,0,85.4,19,0.32057
2025-07-20T00:36:00,0,85.7,19,0.31398
2025-07-20T00:39:00,0,85.9,19,0.30959
2025-07-20T00:42:00,0,86.2,19,0.303
2025-07-20T00:45:00,0,86.3,19,0.30081
2025-07-20T00:48:00,0,86.3,19,0.30081
2025-07-20T00:51:00,0,86.5,19,0.29641
2025-07-20T00:54:00,0,86.7,19,0.29202
2025-07-20T00:57:00,0,86.7,19,0.29202
2025-07-20T01:00:00,0,86.8,19,0.28983
2025-07-20T01:03:00,0,86.9,19,0.28763
2025-07-20T01:06:00,0,86.9,19,0.28763
2025-07-20T01:09:00,0,86.9,19,0.28763
2025-07-20T01:12:00,0,86.9,19,0.28763
2025-07-20T01:15:00,0,87,19,0.28544
2025-07-20T01:18:00,0,87.1,19,0.28324
2025-07-20T01:21:00,0,87.1,19,0.28324
2025-07-20T01:24:00,0,87.1,19,0.28324
2025-07-20T01:27:00,0,87.2,19,0.28104
2025-07-20T01:30:00,0,87.25,19,0.27995
2025-07-20T01:33:00,0,87.3,19,0.27885
2025-07-20T01:36:00,0,87.3,19,0.27885
2025-07-20T01:39:00,0,87.3,19,0.27885
2025-07-20T01:42:00,0,87.3,19,0.27885
2025-07-20T01:45:00,0,87.3,19,0.27885
2025-07-20T01:48:00,0,87.3,19,0.27885
2025-07-20T01:51:00,0,87.3,19,0.27885
2025-07-20T01:54:00,0,87.3,19,0.27885
2025-07-20T01:57:00,0,87.3,19,0.27885
2025-07-20T02:00:00,0,87.3,19,0.27885
2025-07-20T02:03:00,0,87.3,19,0.27885
2025-07-20T02:06:00,0,87.5,19,0.27446
2025-07-20T02:09:00,0,87.6,19,0.27226
2025-07-20T02:12:00,0,87.8,19,0.26787
2025-07-20T02:15:00,0,87.9,19,0.26567
2025-07-20T02:18:00,0,88,19,0.26348
2025-07-20T02:21:00,0,88.1,19,0.26128
2025-07-20T02:24:00,0,88.1,19,0.26128
2025-07-20T02:27:00,0,88.2,19,0.25909
2025-07-20T02:30:00,0,88.3,19,0.25689
2025-07-20T02:33:00,0,88.2,19,0.25909
2025-07-20T02:36:00,0,88.3,19,0.25689
2025-07-20T02:39:00,0,88.3,19,0.25689
2025-07-20T02:42:00,0,88.3,19,0.25689
2025-07-20T02:45:00,0,88.4,19,0.2547
2025-07-20T02:48:00,0,88.3,19,0.25689
2025-07-20T02:51:00,0,88.4,19,0.2547
2025-07-20T02:54:00,0,88.4,19,0.2547
2025-07-20T02:57:00,0,88.5,19,0.2525
2025-07-20T03:00:00,0,88.4,19,0.2547
2025-07-20T03:03:00,0,88.5,19,0.2525
2025-07-20T03:06:00,0,88.5,19,0.2525
2025-07-20T03:09:00,0,88.5,19,0.2525
2025-07-20T03:12:00,0,88.6,19,0.2503
2025-07-20T03:15:00,0,88.5,19,0.2525
2025-07-20T03:18:00,0,88.6,19,0.2503
2025-07-20T03:21:00,0,88.5,19,0.2525
2025-07-20T03:24:00,0,88.6,19,0.2503
2025-07-20T03:27:00,0,88.6,19,0.2503
2025-07-20T03:30:00,0,88.7,19,0.24811
2025-07-20T03:33:00,0,88.7,19,0.24811
2025-07-20T03:36:00,0,88.6,19,0.2503
2025-07-20T03:39:00,0,88.7,19,0.24811
2025-07-20T03:42:00,0,88.7,19,0.24811
2025-07-20T03:45:00,0,88.6,19,0.2503
2025-07-20T03:48:00,0,88.7,19,0.24811
2025-07-20T03:51:00,0,88.6,19,0.2503
2025-07-20T03:54:00,0,88.6,19,0.2503
2025-07-20T03:57:00,0,88.6,19,0.2503
2025-07-20T04:00:00,0,88.6,19,0.2503
2025-07-20T04:03:00,347,88.4,19,0.2547
2025-07-20T04:06:00,345,87.9,19,0.26567
2025-07-20T04:09:00,342,87.2,19,0.28104
2025-07-20T04:12:00,340,86.7,20,0.31075
2025-07-20T04:15:00,339,86.2,20,0.32243
2025-07-20T04:18:00,337,85.7,20,0.33412
2025-07-20T04:21:00,335,84.4,20,0.36449
2025-07-20T04:24:00,334,83.8,20,0.37851
2025-07-20T04:27:00,334,83.2,20,0.39253
2025-07-20T04:30:00,333,82.4,20,0.41122
2025-07-20T04:33:00,333,81.9,20,0.4229
2025-07-20T04:36:00,331,81.3,20,0.43692
2025-07-20T04:39:00,331,80.9,20,0.44627
2025-07-20T04:42:00,331,80.4,20,0.45795
2025-07-20T04:45:00,331,80.2,20,0.46262
2025-07-20T04:48:00,330,79.7,20,0.47431
2025-07-20T04:51:00,329,79.2,20,0.48599
2025-07-20T04:54:00,330,79,20,0.49066
2025-07-20T04:57:00,330,78.8,20,0.49533
2025-07-20T05:00:00,331,78.5,20,0.50234
2025-07-20T05:03:00,328,78.1,20,0.51169
2025-07-20T05:06:00,328,77.7,20,0.52103
2025-07-20T05:09:00,329,77.4,20,0.52804
2025-07-20T05:12:00,328,77.2,20,0.53272
2025-07-20T05:15:00,329,76.4,20,0.55141
2025-07-20T05:18:00,329,76.8,20,0.54206
2025-07-20T05:21:00,328,76.9,20,0.53973
2025-07-20T05:24:00,327,77,20,0.53739
2025-07-20T05:27:00,328,75.7,20,0.56776
2025-07-20T05:30:00,328,76.4,20,0.55141
2025-07-20T05:33:00,328,76,20,0.56076
2025-07-20T05:36:00,328,75.9,20,0.56309
2025-07-20T05:39:00,328,75.5,19,0.53794
2025-07-20T05:42:00,328,76.6,20,0.54674
2025-07-20T05:45:00,328,75.8,20,0.56543
2025-07-20T05:48:00,328,76,20,0.56076
2025-07-20T05:51:00,328,75.9,20,0.56309
2025-07-20T05:54:00,328,75.2,20,0.57945
2025-07-20T05:57:00,328,75.7,19,0.53354
2025-07-20T06:00:00,328,76.4,19,0.51818
2025-07-20T06:03:00,330,76.1,19,0.52476
2025-07-20T06:06:00,331,75.9,19,0.52915
2025-07-20T06:09:00,329,75.9,19,0.52915
2025-07-20T06:12:00,331,76.2,20,0.55608
2025-07-20T06:15:00,331,75,19,0.54891
2025-07-20T06:18:00,331,75.5,19,0.53794
2025-07-20T06:21:00,332,75.6,19,0.53574
2025-07-20T06:24:00,332,75.9,20,0.56309
2025-07-20T06:27:00,331,75.2,20,0.57945
2025-07-20T06:30:00,331,75.2,19,0.54452
2025-07-20T06:33:00,331,76.2,19,0.52257
2025-07-20T06:36:00,332,75.2,20,0.57945
2025-07-20T06:39:00,332,75.3,20,0.57711
2025-07-20T06:42:00,334,75.3,20,0.57711
2025-07-20T06:45:00,333,75.4,19,0.54013
2025-07-20T06:48:00,332,75.7,19,0.53354
2025-07-20T06:51:00,334,75.6,20,0.5701
2025-07-20T06:54:00,338,74.9,20,0.58646
2025-07-20T06:57:00,339,74.6,20,0.59347
2025-07-20T07:00:00,340,75.3,19,0.54233
2025-07-20T07:03:00,340,75,20,0.58412
2025-07-20T07:06:00,340,74.9,20,0.58646
2025-07-20T07:09:00,340,74.5,20,0.5958
2025-07-20T07:12:00,336,74.9,20,0.58646
2025-07-20T07:15:00,335,74.3,19,0.56428
2025-07-20T07:18:00,332,75.3,20,0.57711
2025-07-20T07:21:00,334,74.6,20,0.59347
2025-07-20T07:24:00,334,73.9,20,0.60982
2025-07-20T07:27:00,331,74.4,19,0.56209
2025-07-20T07:30:00,334,74.8,20,0.58879
2025-07-20T07:33:00,335,74.1,20,0.60515
2025-07-20T07:36:00,334,74.5,19,0.55989
2025-07-20T07:39:00,334,74.6,19,0.5577
2025-07-20T07:42:00,334,75.4,20,0.57477
2025-07-20T07:45:00,335,74.9,20,0.58646
2025-07-20T07:48:00,334,74.1,19,0.56868
2025-07-20T07:51:00,335,75.4,19,0.54013
2025-07-20T07:54:00,334,75.1,19,0.54672
2025-07-20T07:57:00,333,74.3,20,0.60048
2025-07-20T08:00:00,333,73.8,20,0.61216
2025-07-20T08:03:00,334,74.1,19,0.56868
2025-07-20T08:06:00,334,74.3,19,0.56428
2025-07-20T08:09:00,335,74.8,20,0.58879
2025-07-20T08:12:00,337,74.6,20,0.59347
2025-07-20T08:15:00,336,74,19,0.57087
2025-07-20T08:18:00,341,74.1,19,0.56868
2025-07-20T08:21:00,339,75,19,0.54891
2025-07-20T08:24:00,339,74.3,20,0.60048
2025-07-20T08:27:00,341,74.4,20,0.59814
2025-07-20T08:30:00,342,74.7,19,0.5555
2025-07-20T08:33:00,339,74.4,19,0.56209
2025-07-20T08:36:00,336,74.9,20,0.58646
2025-07-20T08:39:00,336,73.5,20,0.61917
2025-07-20T08:42:00,337,73.8,19,0.57526
2025-07-20T08:45:00,336,74,19,0.57087
2025-07-20T08:48:00,336,74.2,20,0.60281
2025-07-20T08:51:00,336,73.6,20,0.61683
2025-07-20T08:54:00,338,73.6,19,0.57965
2025-07-20T08:57:00,339,74.6,19,0.5577
2025-07-20T09:00:00,341,74.4,19,0.56209
2025-07-20T09:03:00,343,73.8,20,0.61216
2025-07-20T09:06:00,345,73.4,20,0.6215
2025-07-20T09:09:00,345,74,19,0.57087
2025-07-20T09:12:00,344,74.3,20,0.60048
2025-07-20T09:15:00,346,73.8,20,0.61216
2025-07-20T09:18:00,342,73.5,20,0.61917
2025-07-20T09:21:00,341,74.1,19,0.56868
2025-07-20T09:24:00,342,74.3,20,0.60048
2025-07-20T09:27:00,343,74.1,20,0.60515
2025-07-20T09:30:00,344,73.5,20,0.61917
2025-07-20T09:33:00,343,73.3,20,0.62384
2025-07-20T09:36:00,342,74.1,20,0.60515
2025-07-20T09:39:00,344,72.8,20,0.63552
2025-07-20T09:42:00,346,74.3,20,0.60048
2025-07-20T09:45:00,343,75.5,19,0.53794
2025-07-20T09:48:00,342,74.6,20,0.59347
2025-07-20T09:51:00,347,74.1,20,0.60515
2025-07-20T09:54:00,345,75,20,0.58412
2025-07-20T09:57:00,343,74.3,20,0.60048
2025-07-20T10:00:00,344,74,20,0.60748
2025-07-20T10:03:00,343.5,74.5,19.5,0.5776
2025-07-20T10:06:00,343,75,19,0.54891
2025-07-20T10:09:00,342,74.7,20,0.59113
2025-07-20T10:12:00,340,74.4,20,0.59814
2025-07-20T10:15:00,342,74,20,0.60748
2025-07-20T10:18:00,342,74.1,20,0.60515
2025-07-20T10:21:00,345,74.2,20,0.60281
2025-07-20T10:24:00,348,73.5,20,0.61917
2025-07-20T10:27:00,352,74.7,20,0.59113
2025-07-20T10:30:00,357,73.8,20,0.61216
2025-07-20T10:33:00,351,73.5,20,0.61917
2025-07-20T10:36:00,345,73.9,20,0.60982
2025-07-20T10:39:00,342,73.8,20,0.61216
2025-07-20T10:42:00,345,74,20,0.60748
2025-07-20T10:45:00,347,74.1,20,0.60515
2025-07-20T10:48:00,347,74,20,0.60748
2025-07-20T10:51:00,347,73.6,20,0.61683
2025-07-20T10:54:00,350,72.8,20,0.63552
2025-07-20T10:57:00,347,73.8,20,0.61216
2025-07-20T11:00:00,346,73.9,19,0.57307
2025-07-20T11:03:00,347,74.2,20,0.60281
2025-07-20T11:06:00,347,74,20,0.60748
2025-07-20T11:09:00,347,73.2,20,0.62618
2025-07-20T11:12:00,345,73.3,20,0.62384
2025-07-20T11:15:00,341,74,20,0.60748
2025-07-20T11:18:00,342,74.6,20,0.59347
2025-07-20T11:21:00,342,73.9,20,0.60982
2025-07-20T11:24:00,342,73.1,20,0.62851
2025-07-20T11:27:00,343,73.9,20,0.60982
2025-07-20T11:30:00,341,73.6,20,0.61683
2025-07-20T11:33:00,342,73.4,20,0.6215
2025-07-20T11:36:00,341,73.9,20,0.60982
2025-07-20T11:39:00,346,74.2,20,0.60281
2025-07-20T11:42:00,347,73.9,20,0.60982
2025-07-20T11:45:00,352,74.1,20,0.60515
2025-07-20T11:48:00,347,75.2,20,0.57945
2025-07-20T11:51:00,351,74.7,20,0.59113
2025-07-20T11:54:00,355,74.3,20,0.60048
2025-07-20T11:57:00,354,75.7,20,0.56776
2025-07-20T12:00:00,348,74.9,20,0.58646
2025-07-20T12:03:00,360,75.6,20,0.5701
2025-07-20T12:06:00,362,75.3,20,0.57711
2025-07-20T12:09:00,358,75.2,20,0.57945
2025-07-20T12:12:00,355,76,20,0.56076
2025-07-20T12:15:00,357,74.4,20,0.59814
2025-07-20T12:18:00,355,75.5,20,0.57244
2025-07-20T12:21:00,357,75,20,0.58412
2025-07-20T12:24:00,350,74.9,20,0.58646
2025-07-20T12:27:00,353,74.6,20,0.59347
2025-07-20T12:30:00,356,75.1,20,0.58178
2025-07-20T12:33:00,358,75.8,20,0.56543
2025-07-20T12:36:00,359,75.1,20,0.58178
2025-07-20T12:39:00,375,75.9,20,0.56309
2025-07-20T12:42:00,367,75,20,0.58412
2025-07-20T12:45:00,360,75.2,20,0.57945
2025-07-20T12:48:00,371,75.4,20,0.57477
2025-07-20T12:51:00,375,76.2,20,0.55608
2025-07-20T12:54:00,360,76.5,20,0.54907
2025-07-20T12:57:00,361,76.6,20,0.54674
2025-07-20T13:00:00,362,75.4,20,0.57477
2025-07-20T13:03:00,361,75.5,20,0.57244
2025-07-20T13:06:00,369,75.8,20,0.56543
2025-07-20T13:09:00,358,75.5,20,0.57244
2025-07-20T13:12:00,369,76.4,20,0.55141
2025-07-20T13:15:00,375,76.9,20,0.53973
2025-07-20T13:18:00,361,76.1,20,0.55842
2025-07-20T13:21:00,354,75.4,20,0.57477
2025-07-20T13:24:00,353,75.9,20,0.56309
2025-07-20T13:27:00,365,76.3,20,0.55375
2025-07-20T13:30:00,364,76.2,20,0.55608
2025-07-20T13:33:00,375,77,20,0.53739
2025-07-20T13:36:00,381,77,20,0.53739
2025-07-20T13:39:00,393,76.6,20,0.54674
2025-07-20T13:42:00,400,76.4,21,0.5865
2025-07-20T13:45:00,391,75.6,21,0.60638
2025-07-20T13:48:00,383,74.6,21,0.63123
2025-07-20T13:51:00,375,75.2,21,0.61632
2025-07-20T13:54:00,367,75.1,21,0.6188
2025-07-20T13:57:00,387,74.2,21,0.64117
2025-07-20T14:00:00,378,77,20,0.53739
2025-07-20T14:03:00,356,75.9,20,0.56309
2025-07-20T14:06:00,362,75,20,0.58412
2025-07-20T14:09:00,372,75.4,20,0.57477
2025-07-20T14:12:00,373,75.4,20,0.57477
2025-07-20T14:15:00,372,75.3,21,0.61383
2025-07-20T14:18:00,380,77.9,21,0.54922
2025-07-20T14:21:00,376,83.3,19,0.36667
2025-07-20T14:24:00,378,82.6,20,0.40655
2025-07-20T14:27:00,372,80.5,20,0.45561
2025-07-20T14:30:00,352,82.6,20,0.40655
2025-07-20T14:33:00,350,81.4,20,0.43459
2025-07-20T14:36:00,368,81.3,20,0.43692
2025-07-20T14:39:00,372,82.1,19,0.39302
2025-07-20T14:42:00,366,84.2,19,0.34691
2025-07-20T14:45:00,359,82.3,20,0.41356
2025-07-20T14:48:00,360,81.3,20,0.43692
2025-07-20T14:51:00,354,82.3,20,0.41356
2025-07-20T14:54:00,349,80.9,20,0.44627
2025-07-20T14:57:00,349,81.5,20,0.43225
2025-07-20T15:00:00,346,83,20,0.3972
2025-07-20T15:03:00,342,82,20,0.42057
2025-07-20T15:06:00,340,81.6,20,0.42991
2025-07-20T15:09:00,338,81.7,20,0.42758
2025-07-20T15:12:00,336,81.8,20,0.42524
2025-07-20T15:15:00,339,82.4,20,0.41122
2025-07-20T15:18:00,340,82.9,20,0.39954
2025-07-20T15:21:00,343,83,20,0.3972
2025-07-20T15:24:00,349,82.9,20,0.39954
2025-07-20T15:27:00,354,82.7,20,0.40421
2025-07-20T15:30:00,356,82.4,20,0.41122
2025-07-20T15:33:00,345,82.6,20,0.40655
2025-07-20T15:36:00,347,83,20,0.3972
2025-07-20T15:39:00,348,83.8,19,0.3557
2025-07-20T15:42:00,347,83.3,20,0.39019
2025-07-20T15:45:00,345,83.6,20,0.38318
2025-07-20T15:48:00,350,83.5,20,0.38552
2025-07-20T15:51:00,350,83.3,20,0.39019
2025-07-20T15:54:00,353,83.6,20,0.38318
2025-07-20T15:57:00,356,84.1,20,0.3715
2025-07-20T16:00:00,357,84.2,20,0.36916
2025-07-20T16:03:00,358,83.6,20,0.38318
2025-07-20T16:06:00,361,83.5,20,0.38552
2025-07-20T16:09:00,367,83.4,20,0.38786
2025-07-20T16:12:00,373,83.2,20,0.39253
2025-07-20T16:15:00,375,83.9,20,0.37617
2025-07-20T16:18:00,375,84.2,20,0.36916
2025-07-20T16:21:00,382,84.2,20,0.36916
2025-07-20T16:24:00,379,83.5,20,0.38552
2025-07-20T16:27:00,386,83.6,20,0.38318
2025-07-20T16:30:00,388,85,20,0.35047
2025-07-20T16:33:00,375,83.9,20,0.37617
2025-07-20T16:36:00,365,83.7,20,0.38085
2025-07-20T16:39:00,362,83.4,20,0.38786
2025-07-20T16:42:00,361,83.1,20,0.39487
2025-07-20T16:45:00,358,82.6,20,0.40655
2025-07-20T16:48:00,362,81.9,20,0.4229
2025-07-20T16:51:00,366,81.4,20,0.43459
2025-07-20T16:54:00,364,82.4,20,0.41122
2025-07-20T16:57:00,369,82.4,20,0.41122
2025-07-20T17:00:00,387,82,20,0.42057
2025-07-20T17:03:00,378,85.8,19,0.31178
2025-07-20T17:06:00,372,87.5,19,0.27446
2025-07-20T17:09:00,365,86,20,0.32711
2025-07-20T17:12:00,368,85.1,19,0.32715
2025-07-20T17:15:00,353,87.1,19,0.28324
2025-07-20T17:18:00,350,85.1,20,0.34814
2025-07-20T17:21:00,347,83.4,20,0.38786
2025-07-20T17:24:00,342,87.3,19,0.27885
2025-07-20T17:27:00,338,86.7,19,0.29202
2025-07-20T17:30:00,343,84.9,20,0.35281
2025-07-20T17:33:00,339,87.3,19,0.27885
2025-07-20T17:36:00,336,87.3,19,0.27885
2025-07-20T17:39:00,338,85.2,20,0.3458
2025-07-20T17:42:00,342,85.1,19,0.32715
2025-07-20T17:45:00,342,87.5,19,0.27446
2025-07-20T17:48:00,343,86,19,0.30739
2025-07-20T17:51:00,344,84.7,19,0.33594
2025-07-20T17:54:00,342,87.6,19,0.27226
2025-07-20T17:57:00,343,85.9,19,0.30959
2025-07-20T18:00:00,356,84.9,20,0.35281
2025-07-20T18:03:00,367,87.4,19,0.27665
2025-07-20T18:06:00,357,89,19,0.24152
2025-07-20T18:09:00,345,87.7,19,0.27007
2025-07-20T18:12:00,338,85.9,20,0.32944
2025-07-20T18:15:00,335,86.5,19,0.29641
2025-07-20T18:18:00,333,87.4,19,0.27665
2025-07-20T18:21:00,333,86.1,19,0.3052
2025-07-20T18:24:00,335,85.5,19,0.31837
2025-07-20T18:27:00,331,87.1,19,0.28324
2025-07-20T18:30:00,331,85.3,19,0.32276
2025-07-20T18:33:00,332,85,20,0.35047
2025-07-20T18:36:00,334,85.8,19,0.31178
2025-07-20T18:39:00,339,85.3,19,0.32276
2025-07-20T18:42:00,339,86,19,0.30739
2025-07-20T18:45:00,342,85.7,19,0.31398
2025-07-20T18:48:00,345,85.3,20,0.34346
2025-07-20T18:51:00,345,85.2,20,0.3458
2025-07-20T18:54:00,343,85.1,20,0.34814
2025-07-20T18:57:00,344,84.4,20,0.36449
2025-07-20T19:00:00,342,84.1,20,0.3715
2025-07-20T19:03:00,339,84.3,20,0.36683
2025-07-20T19:06:00,339,83.9,20,0.37617
2025-07-20T19:09:00,335,84.5,20,0.36215
2025-07-20T19:12:00,329,84.8,20,0.35514
2025-07-20T19:15:00,328,84.6,20,0.35982
2025-07-20T19:18:00,328,84.4,20,0.36449
2025-07-20T19:21:00,333,84.1,20,0.3715
2025-07-20T19:24:00,336,83.9,20,0.37617
2025-07-20T19:27:00,333,84,20,0.37384
2025-07-20T19:30:00,329,84.6,20,0.35982
2025-07-20T19:33:00,328,85.2,20,0.3458
2025-07-20T19:36:00,327,84.6,20,0.35982
2025-07-20T19:39:00,328,84.7,20,0.35748
2025-07-20T19:42:00,332,84.5,20,0.36215
2025-07-20T19:45:00,333,84.4,20,0.36449
2025-07-20T19:48:00,332,85.1,19,0.32715
2025-07-20T19:51:00,332,85.3,19,0.32276
2025-07-20T19:54:00,333,85.8,19,0.31178
2025-07-20T19:57:00,335,85.2,19,0.32496
2025-07-20T20:00:00,334,85.4,19,0.32057
2025-07-20T20:03:00,10,85.5,19,0.31837
2025-07-20T20:06:00,10,85.6,19,0.31617
2025-07-20T20:09:00,0,85.8,19,0.31178
2025-07-20T20:12:00,9,86.1,19,0.3052
2025-07-20T20:15:00,9,86.5,19,0.29641
2025-07-20T20:18:00,9,86.8,19,0.28983
2025-07-20T20:21:00,0,86.6,19,0.29422
2025-07-20T20:24:00,0,86.7,19,0.29202
2025-07-20T20:27:00,0,86.9,19,0.28763
2025-07-20T20:30:00,0,86.9,19,0.28763
2025-07-20T20:33:00,0,87.1,19,0.28324
2025-07-20T20:36:00,0,87.3,19,0.27885
2025-07-20T20:39:00,0,87.3,19,0.27885
2025-07-20T20:42:00,0,87,19,0.28544
2025-07-20T20:45:00,0,86.6,19,0.29422
2025-07-20T20:48:00,0,86.9,19,0.28763
2025-07-20T20:51:00,0,86.8,19,0.28983
2025-07-20T20:54:00,0,86.5,19,0.29641
2025-07-20T20:57:00,0,86.8,19,0.28983
2025-07-20T21:00:00,0,86.9,19,0.28763
2025-07-20T21:03:00,0,86.5,19,0.29641
2025-07-20T21:06:00,0,85.9,19,0.30959
2025-07-20T21:09:00,0,85.5,19,0.31837
2025-07-20T21:12:00,0,85.4,19,0.32057
2025-07-20T21:15:00,0,85.4,19,0.32057
2025-07-20T21:18:00,0,85.5,19,0.31837
2025-07-20T21:21:00,0,85.5,19,0.31837
2025-07-20T21:24:00,0,85.8,19,0.31178
2025-07-20T21:27:00,0,85.9,19,0.30959
2025-07-20T21:30:00,0,86,19,0.30739
2025-07-20T21:33:00,0,86,19,0.30739
2025-07-20T21:36:00,0,86,19,0.30739
2025-07-20T21:39:00,0,85.9,19,0.30959
2025-07-20T21:42:00,0,85.9,19,0.30959
2025-07-20T21:45:00,0,85.8,19,0.31178
2025-07-20T21:48:00,0,85.8,19,0.31178
2025-07-20T21:51:00,0,85.8,19,0.31178
2025-07-20T21:54:00,0,85.7,19,0.31398
2025-07-20T21:57:00,0,85.5,19,0.31837
2025-07-20T22:00:00,0,85.5,19,0.31837
2025-07-20T22:03:00,0,85.4,19,0.32057
2025-07-20T22:06:00,0,85.3,19,0.32276
2025-07-20T22:09:00,0,85.2,19,0.32496
2025-07-20T22:12:00,0,85.1,19,0.32715
2025-07-20T22:15:00,0,85.1,19,0.32715
2025-07-20T22:18:00,0,85.1,19,0.32715
2025-07-20T22:21:00,0,85.2,19,0.32496
2025-07-20T22:24:00,0,85.3,19,0.32276
2025-07-20T22:27:00,0,85.3,19,0.32276
2025-07-20T22:30:00,0,85.3,19,0.32276
2025-07-20T22:33:00,0,85.3,19,0.32276
2025-07-20T22:36:00,0,85.4,19,0.32057
2025-07-20T22:39:00,0,85.4,19,0.32057
2025-07-20T22:42:00,0,85.4,19,0.32057
2025-07-20T22:45:00,0,85.5,19,0.31837
2025-07-20T22:48:00,0,85.7,19,0.31398
2025-07-20T22:51:00,0,85.6,19,0.31617
2025-07-20T22:54:00,0,85.8,19,0.31178
2025-07-20T22:57:00,0,86.3,19,0.30081
2025-07-20T23:00:00,0,86.3,19,0.30081
2025-07-20T23:03:00,0,86.3,19,0.30081
2025-07-20T23:06:00,0,86.7,19,0.29202
2025-07-20T23:09:00,0,87.5,19,0.27446
2025-07-20T23:12:00,0,87.8,19,0.26787
2025-07-20T23:15:00,0,88.1,19,0.26128
2025-07-20T23:18:00,0,88.6,19,0.2503
2025-07-20T23:21:00,0,89,19,0.24152
2025-07-20T23:24:00,0,89.1,19,0.23933
2025-07-20T23:27:00,0,89.3,19,0.23494
2025-07-20T23:30:00,0,89.5,19,0.23054
2025-07-20T23:33:00,0,89.7,19,0.22615
2025-07-20T23:36:00,0,89.8,19,0.22396
2025-07-20T23:39:00,0,89.8,19,0.22396
2025-07-20T23:42:00,0,90.1,19,0.21737
2025-07-20T23:45:00,0,90.3,19,0.21298
2025-07-20T23:48:00,0,90.2,19,0.21517
2025-07-20T23:51:00,0,90.2,19,0.21517
2025-07-20T23:54:00,0,90.5,19,0.20859
2025-07-20T23:57:00,0,90.4,19,0.21078
2025-07-21T00:00:00,0,90.4,19,0.21078
2025-07-21T00:03:00,0,90.5,19,0.20859
2025-07-21T00:06:00,0,90.5,19,0.20859
2025-07-21T00:09:00,0,90.5,19,0.20859
2025-07-21T00:12:00,0,90.5,19,0.20859
2025-07-21T00:15:00,0,90.6,19,0.20639
2025-07-21T00:18:00,0,90.5,19,0.20859
2025-07-21T00:21:00,0,90.6,19,0.20639
2025-07-21T00:24:00,0,90.5,19,0.20859
2025-07-21T00:27:00,0,90.7,19,0.2042
2025-07-21T00:30:00,0,90.6,19,0.20639
2025-07-21T00:33:00,0,90.6,19,0.20639
2025-07-21T00:36:00,0,90.7,19,0.2042
2025-07-21T00:39:00,0,90.8,19,0.202
2025-07-21T00:42:00,0,90.9,19,0.1998
2025-07-21T00:45:00,0,90.8,19,0.202
2025-07-21T00:48:00,0,91,19,0.19761
2025-07-21T00:51:00,0,91,19,0.19761
2025-07-21T00:54:00,0,91,19,0.19761
2025-07-21T00:57:00,0,90.9,19,0.1998
2025-07-21T01:00:00,0,91.1,19,0.19541
2025-07-21T01:03:00,0,91.1,19,0.19541
2025-07-21T01:06:00,0,91.1,19,0.19541
2025-07-21T01:09:00,0,91,19,0.19761
2025-07-21T01:12:00,0,91.1,19,0.19541
2025-07-21T01:15:00,0,91.1,19,0.19541
2025-07-21T01:18:00,0,91.1,19,0.19541
2025-07-21T01:21:00,0,91.2,19,0.19322
2025-07-21T01:24:00,0,91.1,19,0.19541
2025-07-21T01:27:00,0,91.1,19,0.19541
2025-07-21T01:30:00,0,91,19,0.19761
2025-07-21T01:33:00,0,91.2,19,0.19322
2025-07-21T01:36:00,0,91.1,19,0.19541
2025-07-21T01:39:00,0,91,19,0.19761
2025-07-21T01:42:00,0,90.9,19,0.1998
2025-07-21T01:45:00,0,91.1,19,0.19541
2025-07-21T01:48:00,0,91.1,19,0.19541
2025-07-21T01:51:00,0,91,19,0.19761
2025-07-21T01:54:00,0,91,19,0.19761
2025-07-21T01:57:00,0,91,19,0.19761
2025-07-21T02:00:00,0,90.9,19,0.1998
2025-07-21T02:03:00,0,90.9,19,0.1998
2025-07-21T02:06:00,0,91.1,19,0.19541
2025-07-21T02:09:00,0,91,19,0.19761
2025-07-21T02:12:00,0,91,19,0.19761
2025-07-21T02:15:00,0,90.9,19,0.1998
2025-07-21T02:18:00,0,91.2,19,0.19322
2025-07-21T02:21:00,0,91.1,19,0.19541
2025-07-21T02:24:00,0,91.1,19,0.19541
2025-07-21T02:27:00,0,91.1,19,0.19541
2025-07-21T02:30:00,0,91.1,19,0.19541
2025-07-21T02:33:00,0,91,19,0.19761
2025-07-21T02:36:00,0,90.9,19,0.1998
2025-07-21T02:39:00,0,91,19,0.19761
2025-07-21T02:42:00,0,91,19,0.19761
2025-07-21T02:45:00,0,91.1,19,0.19541
2025-07-21T02:48:00,0,91.1,19,0.19541
2025-07-21T02:51:00,0,91.1,19,0.19541
2025-07-21T02:54:00,0,91.1,19,0.19541
2025-07-21T02:57:00,0,91.1,19,0.19541
2025-07-21T03:00:00,0,91.1,19,0.19541
2025-07-21T03:03:00,0,91,19,0.19761
2025-07-21T03:06:00,0,91,19,0.19761
2025-07-21T03:09:00,0,91,19,0.19761
2025-07-21T03:12:00,0,91,19,0.19761
2025-07-21T03:15:00,0,91,19,0.19761
2025-07-21T03:18:00,0,90.9,19,0.1998
2025-07-21T03:21:00,0,91,19,0.19761
2025-07-21T03:24:00,0,90.9,19,0.1998
2025-07-21T03:27:00,0,90.9,19,0.1998
2025-07-21T03:30:00,0,90.9,19,0.1998
2025-07-21T03:33:00,0,90.9,19,0.1998
2025-07-21T03:36:00,0,90.8,19,0.202
2025-07-21T03:39:00,0,90.9,19,0.1998
2025-07-21T03:42:00,0,90.8,19,0.202
2025-07-21T03:45:00,0,90.8,19,0.202
2025-07-21T03:48:00,0,90.7,19,0.2042
2025-07-21T03:51:00,0,90.7,19,0.2042
2025-07-21T03:54:00,0,90.7,19,0.2042
2025-07-21T03:57:00,0,90.7,19,0.2042
2025-07-21T04:00:00,0,90.7,19,0.2042
2025-07-21T04:03:00,345,90.6,19,0.20639
2025-07-21T04:06:00,344,90,19,0.21957
2025-07-21T04:09:00,341,89.4,19,0.23274
2025-07-21T04:12:00,339,88.8,19,0.24591
2025-07-21T04:15:00,336,88.3,20,0.27337
2025-07-21T04:18:00,336,87.8,20,0.28505
2025-07-21T04:21:00,334,86.5,20,0.31542
2025-07-21T04:24:00,332,85.7,20,0.33412
2025-07-21T04:27:00,333,84.9,20,0.35281
2025-07-21T04:30:00,331,83.7,20,0.38085
2025-07-21T04:33:00,330,83.1,20,0.39487
2025-07-21T04:36:00,331,82.2,20,0.41589
2025-07-21T04:39:00,328,81.5,20,0.43225
2025-07-21T04:42:00,329,81,20,0.44393
2025-07-21T04:45:00,329,80.4,20,0.45795
2025-07-21T04:48:00,328,79.8,20,0.47197
2025-07-21T04:51:00,328,79.5,20,0.47898
2025-07-21T04:54:00,328,79.3,20,0.48365
2025-07-21T04:57:00,328,78.9,20,0.493
2025-07-21T05:00:00,328,78.5,20,0.50234
2025-07-21T05:03:00,328,78.3,20,0.50702
2025-07-21T05:06:00,328,77.9,20,0.51636
2025-07-21T05:09:00,328,77.5,20,0.52571
2025-07-21T05:12:00,327,78.5,20,0.50234
2025-07-21T05:15:00,327,78.9,20,0.493
2025-07-21T05:18:00,328,78,20,0.51403
2025-07-21T05:21:00,328,75.9,20,0.56309
2025-07-21T05:24:00,327,76.3,20,0.55375
2025-07-21T05:27:00,328,76.9,20,0.53973
2025-07-21T05:30:00,326,77.5,20,0.52571
2025-07-21T05:33:00,328,76.8,20,0.54206
2025-07-21T05:36:00,328,76.8,20,0.54206
2025-07-21T05:39:00,327,76.6,20,0.54674
2025-07-21T05:42:00,328,77.1,20,0.53505
2025-07-21T05:45:00,328,76.8,20,0.54206
2025-07-21T05:48:00,328,76,20,0.56076
2025-07-21T05:51:00,328,75,19,0.54891
2025-07-21T05:54:00,328,75.2,19,0.54452
2025-07-21T05:57:00,328,75.8,20,0.56543
2025-07-21T06:00:00,328,76.1,20,0.55842
2025-07-21T06:03:00,328,75.8,20,0.56543
2025-07-21T06:06:00,328,75.6,20,0.5701
2025-07-21T06:09:00,329,76.3,20,0.55375
2025-07-21T06:12:00,330,75.8,20,0.56543
2025-07-21T06:15:00,331,75.6,20,0.5701
2025-07-21T06:18:00,331,75.7,20,0.56776
2025-07-21T06:21:00,331,75.3,20,0.57711
2025-07-21T06:24:00,332,74.6,20,0.59347
2025-07-21T06:27:00,331,74.1,20,0.60515
2025-07-21T06:30:00,332,74.6,19,0.5577
2025-07-21T06:33:00,331,75.3,19,0.54233
2025-07-21T06:36:00,333,75,20,0.58412
2025-07-21T06:39:00,334,74.9,20,0.58646
2025-07-21T06:42:00,334,74,19,0.57087
2025-07-21T06:45:00,336,74.4,19,0.56209
2025-07-21T06:48:00,335,75,19,0.54891
2025-07-21T06:51:00,337,74.7,19,0.5555
2025-07-21T06:54:00,338,74.8,20,0.58879
2025-07-21T06:57:00,337,73.8,20,0.61216
2025-07-21T07:00:00,338,74,20,0.60748
2025-07-21T07:03:00,339,74.4,20,0.59814
2025-07-21T07:06:00,339,74.4,20,0.59814
2025-07-21T07:09:00,336,74.4,19,0.56209
2025-07-21T07:12:00,337,74.2,20,0.60281
2025-07-21T07:15:00,342,74,20,0.60748
2025-07-21T07:18:00,337,73.5,20,0.61917
2025-07-21T07:21:00,335,73.5,20,0.61917
2025-07-21T07:24:00,332,74.4,19,0.56209
2025-07-21T07:27:00,331,74,20,0.60748
2025-07-21T07:30:00,331,73.9,20,0.60982
2025-07-21T07:33:00,331,73.5,20,0.61917
2025-07-21T07:36:00,330,74.8,19,0.55331
2025-07-21T07:39:00,331,74.3,19,0.56428
2025-07-21T07:42:00,331,73.7,20,0.61449
2025-07-21T07:45:00,331,74.2,20,0.60281
2025-07-21T07:48:00,332,75.7,20,0.56776
2025-07-21T07:51:00,333,75.3,20,0.57711
2025-07-21T07:54:00,334,74.4,20,0.59814
2025-07-21T07:57:00,335,73.5,19,0.58185
2025-07-21T08:00:00,337,74.1,20,0.60515
2025-07-21T08:03:00,339,74.3,20,0.60048
2025-07-21T08:06:00,341,73.6,20,0.61683
2025-07-21T08:09:00,348,72.8,20,0.63552
2025-07-21T08:12:00,347,73.1,20,0.62851
2025-07-21T08:15:00,350,72.1,20,0.65188
2025-07-21T08:18:00,353,72.8,20,0.63552
2025-07-21T08:21:00,360,72.9,20,0.63319
2025-07-21T08:24:00,357,71.7,20,0.66122
2025-07-21T08:27:00,353,71.8,20,0.65889
2025-07-21T08:30:00,361,71.5,20,0.6659
2025-07-21T08:33:00,359,72.1,20,0.65188
2025-07-21T08:36:00,357,71.5,20,0.6659
2025-07-21T08:39:00,361,71.3,20,0.67057
2025-07-21T08:42:00,369,70.7,20,0.68459
2025-07-21T08:45:00,361,71.4,20,0.66823
2025-07-21T08:48:00,364,70.8,20,0.68225
2025-07-21T08:51:00,361,71.2,20,0.67291
2025-07-21T08:54:00,354,71.3,20,0.67057
2025-07-21T08:57:00,388,71.5,20,0.6659
2025-07-21T09:00:00,463,70.9,20,0.67992
2025-07-21T09:03:00,401,70.1,20,0.69861
2025-07-21T09:06:00,445,71.2,20,0.67291
2025-07-21T09:09:00,413,70.4,20,0.6916
2025-07-21T09:12:00,397,70.2,20,0.69627
2025-07-21T09:15:00,380,69.5,20,0.71263
2025-07-21T09:18:00,386,69.4,20,0.71496
2025-07-21T09:21:00,390,68.5,21,0.78282
2025-07-21T09:24:00,372,69.2,21,0.76543
2025-07-21T09:27:00,376,68.7,20,0.73132
2025-07-21T09:30:00,365,69.2,20,0.71964
2025-07-21T09:33:00,376,68.9,20,0.72665
2025-07-21T09:36:00,350,69.1,20,0.72197
2025-07-21T09:39:00,354,69.2,20,0.71964
2025-07-21T09:42:00,363,68.8,21,0.77537
2025-07-21T09:45:00,383,68.1,21,0.79276
2025-07-21T09:48:00,430,67.6,20,0.75702
2025-07-21T09:51:00,361,70.5,20,0.68926
2025-07-21T09:54:00,350,69.6,20,0.71029
2025-07-21T09:57:00,344,68.8,20,0.72898
2025-07-21T10:00:00,347,69.3,20,0.7173
2025-07-21T10:03:00,356,68.7,20,0.73132
2025-07-21T10:06:00,366,69.2,20,0.71964
2025-07-21T10:09:00,392,69.7,20,0.70795
2025-07-21T10:12:00,376,70.9,20,0.67992
2025-07-21T10:15:00,361,69.9,20,0.70328
2025-07-21T10:18:00,420,68,20,0.74767
2025-07-21T10:21:00,411,73.9,19,0.57307
2025-07-21T10:24:00,383,78.8,18,0.43721
2025-07-21T10:27:00,378,78,19,0.48304
2025-07-21T10:30:00,372,76.8,19,0.50939
2025-07-21T10:33:00,365,76.2,20,0.55608
2025-07-21T10:36:00,370,75.3,20,0.57711
2025-07-21T10:39:00,391,75.1,20,0.58178
2025-07-21T10:42:00,470,76,19,0.52696
2025-07-21T10:45:00,427,78.6,19,0.46987
2025-07-21T10:48:00,394,76.4,20,0.55141
2025-07-21T10:51:00,374,75.6,20,0.5701
2025-07-21T10:54:00,375,76.4,19,0.51818
2025-07-21T10:57:00,366,76.8,19,0.50939
2025-07-21T11:00:00,359,75.9,20,0.56309
2025-07-21T11:03:00,359,75.6,20,0.5701
2025-07-21T11:06:00,378,75.9,20,0.56309
2025-07-21T11:09:00,408,75.4,20,0.57477
2025-07-21T11:12:00,384,78.5,19,0.47207
2025-07-21T11:15:00,367,77.9,19,0.48524
2025-07-21T11:18:00,363,76.1,20,0.55842
2025-07-21T11:21:00,374,75.4,20,0.57477
2025-07-21T11:24:00,375,75.9,19,0.52915
2025-07-21T11:27:00,347,78.6,19,0.46987
2025-07-21T11:30:00,341,77.3,19,0.49841
2025-07-21T11:33:00,355,76.8,20,0.54206
2025-07-21T11:36:00,372,75.7,20,0.56776
2025-07-21T11:39:00,390,75.2,19,0.54452
2025-07-21T11:42:00,384,76,19,0.52696
2025-07-21T11:45:00,380,76.9,19,0.5072
2025-07-21T11:48:00,386,75.5,20,0.57244
2025-07-21T11:51:00,383,75.6,20,0.5701
2025-07-21T11:54:00,396,74.9,20,0.58646
2025-07-21T11:57:00,404,74.1,20,0.60515
2025-07-21T12:00:00,403,73.8,20,0.61216
2025-07-21T12:03:00,401,72.6,20,0.6402
2025-07-21T12:06:00,416,72.2,21,0.69087
2025-07-21T12:09:00,405,73.1,20,0.62851
2025-07-21T12:12:00,373,73.8,20,0.61216
2025-07-21T12:15:00,362,72.6,20,0.6402
2025-07-21T12:18:00,349,71.3,20,0.67057
2025-07-21T12:21:00,347,70.7,20,0.68459
2025-07-21T12:24:00,361,69.8,21,0.75052
2025-07-21T12:27:00,367,67.1,21,0.81762
2025-07-21T12:30:00,366,68.8,20,0.72898
2025-07-21T12:33:00,375,68.2,21,0.79028
2025-07-21T12:36:00,354,67.1,21,0.81762
2025-07-21T12:39:00,350,65.5,21,0.85738
2025-07-21T12:42:00,353,67.4,20,0.76169
2025-07-21T12:45:00,363,66.8,21,0.82507
2025-07-21T12:48:00,394,69.1,20,0.72197
2025-07-21T12:51:00,422,77.7,18,0.4599
2025-07-21T12:54:00,424,80.5,18,0.40215
2025-07-21T12:57:00,417,81.1,18,0.38978
2025-07-21T13:00:00,402,81.7,18,0.37741
2025-07-21T13:03:00,394,81.8,18,0.37534
2025-07-21T13:06:00,400,81.7,18,0.37741
2025-07-21T13:09:00,394,83.2,18,0.34647
2025-07-21T13:12:00,375,82.3,18,0.36503
2025-07-21T13:15:00,381,82.2,18,0.3671
2025-07-21T13:18:00,359,82.9,18,0.35266
2025-07-21T13:21:00,362,82.5,18,0.36091
2025-07-21T13:24:00,402,83.5,18,0.34028
2025-07-21T13:27:00,402,83.7,18,0.33616
2025-07-21T13:30:00,396,83.8,18,0.3341
2025-07-21T13:33:00,404,83.4,18,0.34235
2025-07-21T13:36:00,393,83.4,18,0.34235
2025-07-21T13:39:00,405,83.1,18,0.34853
2025-07-21T13:42:00,410,83.7,18,0.33616
2025-07-21T13:45:00,402,83,18,0.3506
2025-07-21T13:48:00,380,82.7,18,0.35678
2025-07-21T13:51:00,358,82.5,18,0.36091
2025-07-21T13:54:00,356,82.4,18,0.36297
2025-07-21T13:57:00,342,82.6,18,0.35885
2025-07-21T14:00:00,350,82.7,18,0.35678
2025-07-21T14:03:00,350,81.3,19,0.41059
2025-07-21T14:06:00,369,81.2,18,0.38772
2025-07-21T14:09:00,394,83.6,18,0.33822
2025-07-21T14:12:00,400,83.5,18,0.34028
2025-07-21T14:15:00,370,84.5,18,0.31966
2025-07-21T14:18:00,353,83.1,18,0.34853
2025-07-21T14:21:00,345,83.1,18,0.34853
2025-07-21T14:24:00,367,80.7,19,0.42376
2025-07-21T14:27:00,394,83.7,18,0.33616
2025-07-21T14:30:00,419,83.8,18,0.3341
2025-07-21T14:33:00,389,83.6,18,0.33822
2025-07-21T14:36:00,372,83.9,18,0.33204
2025-07-21T14:39:00,371,84.2,18,0.32585
2025-07-21T14:42:00,350,84.1,18,0.32791
2025-07-21T14:45:00,341,83.2,18,0.34647
2025-07-21T14:48:00,355,83.5,18,0.34028
2025-07-21T14:51:00,369,83.7,18,0.33616
2025-07-21T14:54:00,369,84,18,0.32997
2025-07-21T14:57:00,354,83.8,18,0.3341
2025-07-21T15:00:00,353,84.4,18,0.32172
2025-07-21T15:03:00,366,84.7,18,0.31554
2025-07-21T15:06:00,364,83.7,18,0.33616
2025-07-21T15:09:00,362,84.1,18,0.32791
2025-07-21T15:12:00,351,84.4,18,0.32172
2025-07-21T15:15:00,350,84.6,18,0.3176
2025-07-21T15:18:00,366,84.4,18,0.32172
2025-07-21T15:21:00,365,84,18,0.32997
2025-07-21T15:24:00,353,84.4,18,0.32172
2025-07-21T15:27:00,356,84.1,18,0.32791
2025-07-21T15:30:00,364,83.8,18,0.3341
2025-07-21T15:33:00,364,83.6,18,0.33822
2025-07-21T15:36:00,363,84.4,18,0.32172
2025-07-21T15:39:00,360,84.1,18,0.32791
2025-07-21T15:42:00,352,84.5,18,0.31966
2025-07-21T15:45:00,352,84,18,0.32997
2025-07-21T15:48:00,356,84.5,18,0.31966
2025-07-21T15:51:00,358,83.9,18,0.33204
2025-07-21T15:54:00,361,83.9,18,0.33204
2025-07-21T15:57:00,363,84.3,18,0.32379
2025-07-21T16:00:00,359,84.4,18,0.32172
2025-07-21T16:03:00,359,84.1,18,0.32791
2025-07-21T16:06:00,361,83.8,18,0.3341
2025-07-21T16:09:00,358,84.3,18,0.32379
2025-07-21T16:12:00,359,84.3,18,0.32379
2025-07-21T16:15:00,360,84.4,18,0.32172
2025-07-21T16:18:00,359,84.6,18,0.3176
2025-07-21T16:21:00,360,84,18,0.32997
2025-07-21T16:24:00,361,84.4,18,0.32172
2025-07-21T16:27:00,360,84.4,18,0.32172
2025-07-21T16:30:00,362,84.5,18,0.31966
2025-07-21T16:33:00,363,84,18,0.32997
2025-07-21T16:36:00,358,84.3,18,0.32379
2025-07-21T16:39:00,364,84,18,0.32997
2025-07-21T16:42:00,366,83.7,18,0.33616
2025-07-21T16:45:00,367,84,18,0.32997
2025-07-21T16:48:00,363,84.4,18,0.32172
2025-07-21T16:51:00,359,84,18,0.32997
2025-07-21T16:54:00,356,84.6,18,0.3176
2025-07-21T16:57:00,361,83.8,18,0.3341
2025-07-21T17:00:00,359,83.7,18,0.33616
2025-07-21T17:03:00,358,84.2,18,0.32585
2025-07-21T17:06:00,358,84.6,18,0.3176
2025-07-21T17:09:00,356,84.3,18,0.32379
2025-07-21T17:12:00,352,84.1,18,0.32791
2025-07-21T17:15:00,353,84.7,18,0.31554
2025-07-21T17:18:00,352,84,18,0.32997
2025-07-21T17:21:00,352,84.6,18,0.3176
2025-07-21T17:24:00,353,84,18,0.32997
2025-07-21T17:27:00,348,84.6,18,0.3176
2025-07-21T17:30:00,351,83.4,18,0.34235
2025-07-21T17:33:00,349,84,18,0.32997
2025-07-21T17:36:00,347,84.1,18,0.32791
2025-07-21T17:39:00,345,83.5,18,0.34028
2025-07-21T17:42:00,343,83.2,18,0.34647
2025-07-21T17:45:00,342,83.4,18,0.34235
2025-07-21T17:48:00,343,84,18,0.32997
2025-07-21T17:51:00,339,84.4,18,0.32172
2025-07-21T17:54:00,339,83.4,18,0.34235
2025-07-21T17:57:00,338,83.7,18,0.33616
2025-07-21T18:00:00,337,84.5,18,0.31966
2025-07-21T18:03:00,336,84.6,18,0.3176
2025-07-21T18:06:00,334,85.1,18,0.30729
2025-07-21T18:09:00,334,84.9,18,0.31141
2025-07-21T18:12:00,334,84.6,18,0.3176
2025-07-21T18:15:00,331,84.7,18,0.31554
2025-07-21T18:18:00,332,84.6,18,0.3176
2025-07-21T18:21:00,332,84.7,18,0.31554
2025-07-21T18:24:00,331,84.1,18,0.32791
2025-07-21T18:27:00,328,84.6,18,0.3176
2025-07-21T18:30:00,331,84,18,0.32997
2025-07-21T18:33:00,330,84.4,18,0.32172
2025-07-21T18:36:00,328,84.1,18,0.32791
2025-07-21T18:39:00,327,84.4,18,0.32172
2025-07-21T18:42:00,328,84.8,18,0.31347
2025-07-21T18:45:00,327,84.8,18,0.31347
2025-07-21T18:48:00,328,84.5,18,0.31966
2025-07-21T18:51:00,326,84.9,18,0.31141
2025-07-21T18:54:00,327,84.6,18,0.3176
2025-07-21T18:57:00,325,84.9,18,0.31141
2025-07-21T19:00:00,323,84.8,18,0.31347
2025-07-21T19:03:00,323,85.2,18,0.30523
2025-07-21T19:06:00,323,84.9,18,0.31141
2025-07-21T19:09:00,322,85.2,17,0.28655
2025-07-21T19:12:00,323,85.6,18,0.29698
2025-07-21T19:15:00,323,85.9,18,0.29079
2025-07-21T19:18:00,320,85.7,18,0.29491
2025-07-21T19:21:00,322,85.5,18,0.29904
2025-07-21T19:24:00,321,85,18,0.30935
2025-07-21T19:27:00,321,85.5,18,0.29904
2025-07-21T19:30:00,321,85.5,17,0.28074
2025-07-21T19:33:00,320,86,18,0.28873
2025-07-21T19:36:00,318,85.9,18,0.29079
2025-07-21T19:39:00,317,85.9,18,0.29079
2025-07-21T19:42:00,317,84.9,18,0.31141
2025-07-21T19:45:00,317,84.8,18,0.31347
2025-07-21T19:48:00,317,84.2,18,0.32585
2025-07-21T19:51:00,317,84.6,18,0.3176
2025-07-21T19:54:00,317,85.1,18,0.30729
2025-07-21T19:57:00,320,82.9,18,0.35266
2025-07-21T20:00:00,318,83.7,18,0.33616
2025-07-21T20:03:00,0,83,18,0.3506
2025-07-21T20:06:00,0,82.5,18,0.36091
2025-07-21T20:09:00,0,83.6,18,0.33822
2025-07-21T20:12:00,0,83.5,18,0.34028
2025-07-21T20:15:00,0,82.9,18,0.35266
2025-07-21T20:18:00,0,82.4,18,0.36297
2025-07-21T20:21:00,0,82.2,18,0.3671
2025-07-21T20:24:00,0,83.3,18,0.34441
2025-07-21T20:27:00,0,84.4,18,0.32172
2025-07-21T20:30:00,0,84.8,18,0.31347
2025-07-21T20:33:00,0,85.3,18,0.30316
2025-07-21T20:36:00,0,85.4,18,0.3011
2025-07-21T20:39:00,0,84.9,18,0.31141
2025-07-21T20:42:00,0,84.9,18,0.31141
2025-07-21T20:45:00,0,84.6,18,0.3176
2025-07-21T20:48:00,0,84.7,18,0.31554
2025-07-21T20:51:00,0,84.9,18,0.31141
2025-07-21T20:54:00,0,84.9,18,0.31141
2025-07-21T20:57:00,0,85,18,0.30935
2025-07-21T21:00:00,0,85.1,19,0.32715
2025-07-21T21:03:00,0,84.7,19,0.33594
2025-07-21T21:06:00,0,84.6,19,0.33813
2025-07-21T21:09:00,0,83.8,19,0.3557
2025-07-21T21:12:00,0,84,19,0.35131
2025-07-21T21:15:00,0,83.6,19,0.36009
2025-07-21T21:18:00,0,83.3,19,0.36667
2025-07-21T21:21:00,0,82.9,19,0.37546
2025-07-21T21:24:00,0,82.5,19,0.38424
2025-07-21T21:27:00,0,82.3,19,0.38863
2025-07-21T21:30:00,0,82.1,19,0.39302
2025-07-21T21:33:00,0,81.8,19,0.39961
2025-07-21T21:36:00,0,81.5,19,0.4062
2025-07-21T21:39:00,0,81.5,19,0.4062
2025-07-21T21:42:00,0,81.4,19,0.40839
2025-07-21T21:45:00,0,81.4,19,0.40839
2025-07-21T21:48:00,0,81.4,19,0.40839
2025-07-21T21:51:00,0,81,19,0.41717
2025-07-21T21:54:00,0,80.8,19,0.42157
2025-07-21T21:57:00,0,80.7,19,0.42376
2025-07-21T22:00:00,0,80.4,19,0.43035
2025-07-21T22:03:00,0,80.2,18,0.40834
2025-07-21T22:06:00,0,80.7,18,0.39803
2025-07-21T22:09:00,0,81,18,0.39184
2025-07-21T22:12:00,0,81,19,0.41717
2025-07-21T22:15:00,0,81.3,18,0.38566
2025-07-21T22:18:00,0,82.3,19,0.38863
2025-07-21T22:21:00,0,82.6,19,0.38204
2025-07-21T22:24:00,0,83,19,0.37326
2025-07-21T22:27:00,0,83.1,19,0.37107
2025-07-21T22:30:00,0,83.6,19,0.36009
2025-07-21T22:33:00,0,83.6,19,0.36009
2025-07-21T22:36:00,0,83.8,19,0.3557
2025-07-21T22:39:00,0,83.8,19,0.3557
2025-07-21T22:42:00,0,84,19,0.35131
2025-07-21T22:45:00,0,83.9,19,0.3535
2025-07-21T22:48:00,0,84.1,19,0.34911
2025-07-21T22:51:00,0,84.1,19,0.34911
2025-07-21T22:54:00,0,84.2,19,0.34691
2025-07-21T22:57:00,0,84.1,19,0.34911
2025-07-21T23:00:00,0,84.2,19,0.34691
2025-07-21T23:03:00,0,84.3,19,0.34472
2025-07-21T23:06:00,0,84.7,19,0.33594
2025-07-21T23:09:00,0,85.3,19,0.32276
2025-07-21T23:12:00,0,85.8,19,0.31178
2025-07-21T23:15:00,0,86.2,19,0.303
2025-07-21T23:18:00,0,86.6,19,0.29422
2025-07-21T23:21:00,0,86.9,19,0.28763
2025-07-21T23:24:00,0,87.1,19,0.28324
2025-07-21T23:27:00,0,87.3,19,0.27885
2025-07-21T23:30:00,0,87.5,19,0.27446
2025-07-21T23:33:00,0,87.6,19,0.27226
2025-07-21T23:36:00,0,87.7,19,0.27007
2025-07-21T23:39:00,0,87.8,19,0.26787
2025-07-21T23:42:00,0,88,19,0.26348
2025-07-21T23:45:00,0,88,19,0.26348
2025-07-21T23:48:00,0,88.2,19,0.25909
2025-07-21T23:51:00,0,88.1,19,0.26128
2025-07-21T23:54:00,0,88.2,19,0.25909
2025-07-21T23:57:00,0,88.2,19,0.25909
2025-07-22T00:00:00,0,88.2,19,0.25909
2025-07-22T00:03:00,0,88.2,19,0.25909
2025-07-22T00:06:00,0,88.2,19,0.25909
2025-07-22T00:09:00,0,88.1,19,0.26128
2025-07-22T00:12:00,0,88,19,0.26348
2025-07-22T00:15:00,0,88,19,0.26348
2025-07-22T00:18:00,0,88,19,0.26348
2025-07-22T00:21:00,0,88,19,0.26348
2025-07-22T00:24:00,0,88,19,0.26348
2025-07-22T00:27:00,0,87.9,19,0.26567
2025-07-22T00:30:00,0,87.9,19,0.26567
2025-07-22T00:33:00,0,87.9,19,0.26567
2025-07-22T00:36:00,0,88.1,19,0.26128
2025-07-22T00:39:00,0,88.2,19,0.25909
2025-07-22T00:42:00,0,88.3,19,0.25689
2025-07-22T00:45:00,0,88.4,19,0.2547
2025-07-22T00:48:00,0,88.6,19,0.2503
2025-07-22T00:51:00,0,88.6,19,0.2503
2025-07-22T00:54:00,0,88.6,19,0.2503
2025-07-22T00:57:00,0,88.6,18,0.23511
2025-07-22T01:00:00,0,88.7,19,0.24811
2025-07-22T01:03:00,0,88.6,18,0.23511
2025-07-22T01:06:00,0,88.7,19,0.24811
2025-07-22T01:09:00,0,88.7,18,0.23304
2025-07-22T01:12:00,0,88.7,18,0.23304
2025-07-22T01:15:00,0,88.7,19,0.24811
2025-07-22T01:18:00,0,88.7,18,0.23304
2025-07-22T01:21:00,0,88.7,18,0.23304
2025-07-22T01:24:00,0,88.7,18,0.23304
2025-07-22T01:27:00,0,88.7,18,0.23304
2025-07-22T01:30:00,0,88.8,18,0.23098
2025-07-22T01:33:00,0,88.8,18,0.23098
2025-07-22T01:36:00,0,88.8,18,0.23098
2025-07-22T01:39:00,0,88.9,18,0.22892
2025-07-22T01:42:00,0,88.8,18,0.23098
2025-07-22T01:45:00,0,88.9,18,0.22892
2025-07-22T01:48:00,0,88.8,18,0.23098
2025-07-22T01:51:00,0,88.8,18,0.23098
2025-07-22T01:54:00,0,88.9,18,0.22892
2025-07-22T01:57:00,0,88.9,18,0.22892
2025-07-22T02:00:00,0,88.9,18,0.22892
2025-07-22T02:03:00,0,89,18,0.22686
2025-07-22T02:06:00,0,89.1,18,0.22479
2025-07-22T02:09:00,0,89.3,18,0.22067
2025-07-22T02:12:00,0,89.4,18,0.21861
2025-07-22T02:15:00,0,89.4,18,0.21861
2025-07-22T02:18:00,0,89.5,18,0.21654
2025-07-22T02:21:00,0,89.5,18,0.21654
2025-07-22T02:24:00,0,89.6,18,0.21448
2025-07-22T02:27:00,0,89.7,18,0.21242
2025-07-22T02:30:00,0,89.7,18,0.21242
2025-07-22T02:33:00,0,89.7,18,0.21242
2025-07-22T02:36:00,0,89.8,18,0.21036
2025-07-22T02:39:00,0,89.8,18,0.21036
2025-07-22T02:42:00,0,89.8,18,0.21036
2025-07-22T02:45:00,0,89.8,18,0.21036
2025-07-22T02:48:00,0,89.9,18,0.2083
2025-07-22T02:51:00,0,89.9,18,0.2083
2025-07-22T02:54:00,0,89.9,18,0.2083
2025-07-22T02:57:00,0,90,18,0.20623
2025-07-22T03:00:00,0,89.9,18,0.2083
2025-07-22T03:03:00,0,89.9,18,0.2083
2025-07-22T03:06:00,0,89.9,18,0.2083
2025-07-22T03:09:00,0,89.8,18,0.21036
2025-07-22T03:12:00,0,89.8,18,0.21036
2025-07-22T03:15:00,0,89.7,18,0.21242
2025-07-22T03:18:00,0,89.6,18,0.21448
2025-07-22T03:21:00,0,89.6,18,0.21448
2025-07-22T03:24:00,0,89.5,18,0.21654
2025-07-22T03:27:00,0,89.5,18,0.21654
2025-07-22T03:30:00,0,89.4,18,0.21861
2025-07-22T03:33:00,0,89.4,18,0.21861
2025-07-22T03:36:00,0,89.2,18,0.22273
2025-07-22T03:39:00,0,89.3,18,0.22067
2025-07-22T03:42:00,0,89.3,18,0.22067
2025-07-22T03:45:00,0,89.3,18,0.22067
2025-07-22T03:48:00,0,89.3,18,0.22067
2025-07-22T03:51:00,0,89.3,18,0.22067
2025-07-22T03:54:00,0,89.3,18,0.22067
2025-07-22T03:57:00,0,89.2,18,0.22273
2025-07-22T04:00:00,0,89.2,18,0.22273
2025-07-22T04:03:00,344,89,18,0.22686
2025-07-22T04:06:00,336,88.5,18,0.23717
2025-07-22T04:09:00,334,88,19,0.26348
2025-07-22T04:12:00,332,87.5,19,0.27446
2025-07-22T04:15:00,331,87,19,0.28544
2025-07-22T04:18:00,330,86.7,19,0.29202
2025-07-22T04:21:00,327,86.5,19,0.29641
2025-07-22T04:24:00,326,86.1,19,0.3052
2025-07-22T04:27:00,326,85.9,20,0.32944
2025-07-22T04:30:00,319,85.7,20,0.33412
2025-07-22T04:33:00,318,85.4,20,0.34113
2025-07-22T04:36:00,317,84.4,20,0.36449
2025-07-22T04:39:00,317,84.5,20,0.36215
2025-07-22T04:42:00,316,83.2,20,0.39253
2025-07-22T04:45:00,315,81.6,20,0.42991
2025-07-22T04:48:00,313,81.1,20,0.44159
2025-07-22T04:51:00,313,80,20,0.4673
2025-07-22T04:54:00,313,78.7,20,0.49767
2025-07-22T04:57:00,313,77.8,20,0.5187
2025-07-22T05:00:00,313,76.9,20,0.53973
2025-07-22T05:03:00,312,76,20,0.56076
2025-07-22T05:06:00,312,75.7,20,0.56776
2025-07-22T05:09:00,312,75.3,20,0.57711
2025-07-22T05:12:00,312,75.2,20,0.57945
2025-07-22T05:15:00,313,74.7,19,0.5555
2025-07-22T05:18:00,313,74.4,20,0.59814
2025-07-22T05:21:00,312,74.2,19,0.56648
2025-07-22T05:24:00,313,73.4,19,0.58404
2025-07-22T05:27:00,313,73.2,19,0.58844
2025-07-22T05:30:00,312,73.4,19,0.58404
2025-07-22T05:33:00,312,73.1,19,0.59063
2025-07-22T05:36:00,312,72.8,19,0.59722
2025-07-22T05:39:00,312,72.7,19,0.59941
2025-07-22T05:42:00,313,72.7,19,0.59941
2025-07-22T05:45:00,312,72.8,19,0.59722
2025-07-22T05:48:00,313,72.2,19,0.61039
2025-07-22T05:51:00,312,72,19,0.61478
2025-07-22T05:54:00,313,71.8,19,0.61918
2025-07-22T05:57:00,312,71.9,19,0.61698
2025-07-22T06:00:00,314,71.6,19,0.62357
2025-07-22T06:03:00,313,71.4,19,0.62796
2025-07-22T06:06:00,315,71.8,19,0.61918
2025-07-22T06:09:00,315,71.4,19,0.62796
2025-07-22T06:12:00,314,71.6,19,0.62357
2025-07-22T06:15:00,314,71.8,19,0.61918
2025-07-22T06:18:00,315,71.5,19,0.62576
2025-07-22T06:21:00,314,71.2,19,0.63235
2025-07-22T06:24:00,314,71.3,19,0.63015
2025-07-22T06:27:00,314,71.6,19,0.62357
2025-07-22T06:30:00,314,71,19,0.63674
2025-07-22T06:33:00,315,71.1,19,0.63455
2025-07-22T06:36:00,315,71,19,0.63674
2025-07-22T06:39:00,314,71.2,19,0.63235
2025-07-22T06:42:00,314,70.9,19,0.63894
2025-07-22T06:45:00,313,70.7,19,0.64333
2025-07-22T06:48:00,313,70.6,19,0.64552
2025-07-22T06:51:00,313,70.5,19,0.64772
2025-07-22T06:54:00,315,70.5,19,0.64772
2025-07-22T06:57:00,313,70.5,19,0.64772
2025-07-22T07:00:00,314,70.3,19,0.65211
2025-07-22T07:03:00,314,70.1,19,0.6565
2025-07-22T07:06:00,314,70.1,19,0.6565
2025-07-22T07:09:00,313,69.7,19,0.66528
2025-07-22T07:12:00,315,69.6,19,0.66748
2025-07-22T07:15:00,314,69.6,19,0.66748
2025-07-22T07:18:00,314,69.7,19,0.66528
2025-07-22T07:21:00,315,69.5,19,0.66968
2025-07-22T07:24:00,315,69.3,19,0.67407
2025-07-22T07:27:00,314,69.3,19,0.67407
2025-07-22T07:30:00,315,68.8,19,0.68505
2025-07-22T07:33:00,315,69.1,19,0.67846
2025-07-22T07:36:00,315,68.7,19,0.68724
2025-07-22T07:39:00,316,68.9,19,0.68285
2025-07-22T07:42:00,316,68.8,19,0.68505
2025-07-22T07:45:00,317,69,19,0.68065
2025-07-22T07:48:00,317,69.3,19,0.67407
2025-07-22T07:51:00,317,69.4,19,0.67187
2025-07-22T07:54:00,319,69.4,19,0.67187
2025-07-22T07:57:00,318,69.1,19,0.67846
2025-07-22T08:00:00,318,69,19,0.68065
2025-07-22T08:03:00,319,69.5,19,0.66968
2025-07-22T08:06:00,318,69,19,0.68065
2025-07-22T08:09:00,317,68.5,19,0.69163
2025-07-22T08:12:00,319,68,19,0.70261
2025-07-22T08:15:00,319,68.2,19,0.69822
2025-07-22T08:18:00,320,68.1,19,0.70041
2025-07-22T08:21:00,320,68.1,19,0.70041
2025-07-22T08:24:00,319,67.9,19,0.70481
2025-07-22T08:27:00,317,67.8,19,0.707
2025-07-22T08:30:00,317,67.6,19,0.71139
2025-07-22T08:33:00,316,67.7,19,0.7092
2025-07-22T08:36:00,317,67.7,19,0.7092
2025-07-22T08:39:00,318,67.8,19,0.707
2025-07-22T08:42:00,320,67.7,19,0.7092
2025-07-22T08:45:00,320,67.6,19,0.71139
2025-07-22T08:48:00,320,67.2,19,0.72018
2025-07-22T08:51:00,321,66.8,19,0.72896
2025-07-22T08:54:00,320,66.6,19,0.73335
2025-07-22T08:57:00,320,66.5,19,0.73555
2025-07-22T09:00:00,318,66.8,19,0.72896
2025-07-22T09:03:00,318,66.3,19,0.73994
2025-07-22T09:06:00,318,66.5,19,0.73555
2025-07-22T09:09:00,320,66.1,19,0.74433
2025-07-22T09:12:00,320,66.2,19,0.74213
2025-07-22T09:15:00,319,65.8,19,0.75091
2025-07-22T09:18:00,320,65.6,19,0.75531
2025-07-22T09:21:00,320,65.3,19,0.76189
2025-07-22T09:24:00,318,65.6,19,0.75531
2025-07-22T09:27:00,317,65.3,19,0.76189
2025-07-22T09:30:00,318,65.2,19,0.76409
2025-07-22T09:33:00,316,65.7,19,0.75311
2025-07-22T09:36:00,320,66.1,19,0.74433
2025-07-22T09:39:00,323,65.9,19,0.74872
2025-07-22T09:42:00,323,65.6,19,0.75531
2025-07-22T09:45:00,326,65.9,19,0.74872
2025-07-22T09:48:00,329,65.9,19,0.74872
2025-07-22T09:51:00,331,66,19,0.74652
2025-07-22T09:54:00,333,66.1,19,0.74433
2025-07-22T09:57:00,334,65.9,19,0.74872
2025-07-22T10:00:00,336,66.7,19,0.73115
2025-07-22T10:03:00,337,65.5,19,0.7575
2025-07-22T10:06:00,338,66.6,19,0.73335
2025-07-22T10:09:00,335,66.2,19,0.74213
2025-07-22T10:12:00,334,67.1,20,0.7687
2025-07-22T10:15:00,336,66.9,19,0.72676
2025-07-22T10:18:00,335,65.5,19,0.7575
2025-07-22T10:21:00,334,67,19,0.72457
2025-07-22T10:24:00,330,66.3,19,0.73994
2025-07-22T10:27:00,328,66.2,20,0.78973
2025-07-22T10:30:00,328,66.8,19,0.72896
2025-07-22T10:33:00,328,64.7,19,0.77507
2025-07-22T10:36:00,328,65.8,19,0.75091
2025-07-22T10:39:00,328,65.5,19,0.7575
2025-07-22T10:42:00,328,65.6,20,0.80375
2025-07-22T10:45:00,328,65.2,19,0.76409
2025-07-22T10:48:00,327,64.4,20,0.83179
2025-07-22T10:51:00,327,64.7,20,0.82478
2025-07-22T10:54:00,327,64.2,19,0.78605
2025-07-22T10:57:00,329,63.7,19,0.79702
2025-07-22T11:00:00,328,64.1,19,0.78824
2025-07-22T11:03:00,327,63.5,20,0.85281
2025-07-22T11:06:00,326,63.5,19,0.80142
2025-07-22T11:09:00,326,63.6,20,0.85048
2025-07-22T11:12:00,327,63.5,20,0.85281
2025-07-22T11:15:00,328,63,19,0.81239
2025-07-22T11:18:00,329,62.7,19,0.81898
2025-07-22T11:21:00,330,62.6,20,0.87384
2025-07-22T11:24:00,331,61.4,19,0.84752
2025-07-22T11:27:00,332,62.9,19,0.81459
2025-07-22T11:30:00,333,62.3,19,0.82776
2025-07-22T11:33:00,334,62.6,19,0.82118
2025-07-22T11:36:00,335,60.7,19,0.86289
2025-07-22T11:39:00,336,62.4,19,0.82557
2025-07-22T11:42:00,332,61.9,20,0.8902
2025-07-22T11:45:00,330,61.4,20,0.90188
2025-07-22T11:48:00,330,61.8,19,0.83874
2025-07-22T11:51:00,331,61.7,19,0.84094
2025-07-22T11:54:00,330,62.2,19,0.82996
2025-07-22T11:57:00,331,61.5,19,0.84533
2025-07-22T12:00:00,331,60.5,19,0.86728
2025-07-22T12:03:00,330,61.9,19,0.83655
2025-07-22T12:06:00,332,61.7,20,0.89487
2025-07-22T12:09:00,334,61.5,20,0.89954
2025-07-22T12:12:00,338,59.7,20,0.9416
2025-07-22T12:15:00,341,61.2,19,0.85192
2025-07-22T12:18:00,345,60.7,19,0.86289
2025-07-22T12:21:00,342,59.3,20,0.95095
2025-07-22T12:24:00,342,59.9,20,0.93693
2025-07-22T12:27:00,343,60.1,20,0.93226
2025-07-22T12:30:00,346,59.2,19,0.89583
2025-07-22T12:33:00,347,58.4,19,0.91339
2025-07-22T12:36:00,346,59.2,20,0.95328
2025-07-22T12:39:00,343,58.8,20,0.96263
2025-07-22T12:42:00,345,59,20,0.95796
2025-07-22T12:45:00,347,58.7,20,0.96497
2025-07-22T12:48:00,341,57.4,20,0.99534
2025-07-22T12:51:00,339,57.9,20,0.98366
2025-07-22T12:54:00,336,57.9,20,0.98366
2025-07-22T12:57:00,336,57.6,20,0.99067
2025-07-22T13:00:00,337,57.8,20,0.98599
2025-07-22T13:03:00,341,57.6,20,0.99067
2025-07-22T13:06:00,342,56.9,20,1.00702
2025-07-22T13:09:00,342,57.5,20,0.993
2025-07-22T13:12:00,341,57.9,20,0.98366
2025-07-22T13:15:00,343,57.2,20,1.00001
2025-07-22T13:18:00,347,58.2,20,0.97665
2025-07-22T13:21:00,348,56.1,20,1.02571
2025-07-22T13:24:00,342,57.9,20,0.98366
2025-07-22T13:27:00,342,57.2,20,1.00001
2025-07-22T13:30:00,341,56.7,20,1.0117
2025-07-22T13:33:00,338,57.1,19,0.94194
2025-07-22T13:36:00,339,57.1,20,1.00235
2025-07-22T13:39:00,339,57.2,20,1.00001
2025-07-22T13:42:00,343,56.3,20,1.02104
2025-07-22T13:45:00,342,56.9,20,1.00702
2025-07-22T13:48:00,344,57.3,20,0.99768
2025-07-22T13:51:00,342,58.4,19,0.91339
2025-07-22T13:54:00,340,58.4,19,0.91339
2025-07-22T13:57:00,336,58.7,20,0.96497
2025-07-22T14:00:00,335,59.3,20,0.95095
2025-07-22T14:03:00,333,58.9,20,0.96029
2025-07-22T14:06:00,336,58.6,20,0.9673
2025-07-22T14:09:00,336,58.8,20,0.96263
2025-07-22T14:12:00,336,58.5,20,0.96964
2025-07-22T14:15:00,334,57.6,20,0.99067
2025-07-22T14:18:00,331,58.4,19,0.91339
2025-07-22T14:21:00,329,58.1,19,0.91998
2025-07-22T14:24:00,328,58.6,20,0.9673
2025-07-22T14:27:00,328,58.5,20,0.96964
2025-07-22T14:30:00,326,59.3,20,0.95095
2025-07-22T14:33:00,327,58.3,19,0.91559
2025-07-22T14:36:00,326,58.3,20,0.97431
2025-07-22T14:39:00,324,58.9,20,0.96029
2025-07-22T14:42:00,323,57.7,19,0.92876
2025-07-22T14:45:00,323,58.1,20,0.97898
2025-07-22T14:48:00,323,58.4,20,0.97198
2025-07-22T14:51:00,323,58.4,20,0.97198
2025-07-22T14:54:00,295,59.1,20,0.95562
2025-07-22T14:57:00,294,58.3,19,0.91559
2025-07-22T15:00:00,297,57.8,19,0.92657
2025-07-22T15:03:00,296,58.2,19,0.91778
2025-07-22T15:06:00,295,58.2,19,0.91778
2025-07-22T15:09:00,295,58.8,19,0.90461
2025-07-22T15:12:00,297,58,19,0.92218
2025-07-22T15:15:00,297,59.2,19,0.89583
2025-07-22T15:18:00,298,59.5,19,0.88924
2025-07-22T15:21:00,298,58.7,19,0.90681
2025-07-22T15:24:00,298,59.9,19,0.88046
2025-07-22T15:27:00,299,59.7,20,0.9416
2025-07-22T15:30:00,300,59.9,20,0.93693
2025-07-22T15:33:00,301,58.5,19,0.9112
2025-07-22T15:36:00,304,60.1,19,0.87607
2025-07-22T15:39:00,303,58.7,19,0.90681
2025-07-22T15:42:00,304,58.1,19,0.91998
2025-07-22T15:45:00,304,59.1,20,0.95562
2025-07-22T15:48:00,303,59,20,0.95796
2025-07-22T15:51:00,300,57.9,20,0.98366
2025-07-22T15:54:00,300,59.3,19,0.89363
2025-07-22T15:57:00,299,59.2,20,0.95328
2025-07-22T16:00:00,301,59,19,0.90022
2025-07-22T16:03:00,298,59.7,19,0.88485
2025-07-22T16:06:00,301,60.2,19,0.87387
2025-07-22T16:09:00,302,59.8,19,0.88265
2025-07-22T16:12:00,306,58.6,20,0.9673
2025-07-22T16:15:00,306,59.8,19,0.88265
2025-07-22T16:18:00,306,60.5,19,0.86728
2025-07-22T16:21:00,303,60.7,19,0.86289
2025-07-22T16:24:00,303,60.2,19,0.87387
2025-07-22T16:27:00,304,61.5,20,0.89954
2025-07-22T16:30:00,307,61,20,0.91123
2025-07-22T16:33:00,306,60.7,19,0.86289
2025-07-22T16:36:00,308,60.7,19,0.86289
2025-07-22T16:39:00,305,61.3,20,0.90422
2025-07-22T16:42:00,305,61.7,19,0.84094
2025-07-22T16:45:00,302,62.1,20,0.88553
2025-07-22T16:48:00,301,61.6,20,0.89721
2025-07-22T16:51:00,300,61.2,19,0.85192
2025-07-22T16:54:00,301,61.4,19,0.84752
2025-07-22T16:57:00,301,62.1,19,0.83215
2025-07-22T17:00:00,301,61.6,20,0.89721
2025-07-22T17:03:00,302,62.1,19,0.83215
2025-07-22T17:06:00,303,63,19,0.81239
2025-07-22T17:09:00,304,62.2,19,0.82996
2025-07-22T17:12:00,306,60.9,20,0.91356
2025-07-22T17:15:00,306,61.9,19,0.83655
2025-07-22T17:18:00,308,61,20,0.91123
2025-07-22T17:21:00,308,61.1,20,0.90889
2025-07-22T17:24:00,308,60.4,19,0.86948
2025-07-22T17:27:00,307,59.7,19,0.88485
2025-07-22T17:30:00,306,59.6,20,0.94394
2025-07-22T17:33:00,305,59.8,19,0.88265
2025-07-22T17:36:00,304,60.1,19,0.87607
2025-07-22T17:39:00,304,60.7,19,0.86289
2025-07-22T17:42:00,302,60.5,20,0.92291
2025-07-22T17:45:00,301,59.8,19,0.88265
2025-07-22T17:48:00,300,60.1,19,0.87607
2025-07-22T17:51:00,298,60.5,20,0.92291
2025-07-22T17:54:00,298,60.7,20,0.91824
2025-07-22T17:57:00,298,60.9,20,0.91356
2025-07-22T18:00:00,298,61.5,19,0.84533
2025-07-22T18:03:00,167,61.6,19,0.84313
2025-07-22T18:06:00,172,61,19,0.85631
2025-07-22T18:09:00,169,61.6,19,0.84313
2025-07-22T18:12:00,170,61,19,0.85631
2025-07-22T18:15:00,168,61.5,20,0.89954
2025-07-22T18:18:00,166,61.5,19,0.84533
2025-07-22T18:21:00,164,62.4,19,0.82557
2025-07-22T18:24:00,161,62.1,19,0.83215
2025-07-22T18:27:00,161,62.1,20,0.88553
2025-07-22T18:30:00,160,63,19,0.81239
2025-07-22T18:33:00,167,62.3,19,0.82776
2025-07-22T18:36:00,162,63.9,19,0.79263
2025-07-22T18:39:00,164,63.2,19,0.808
2025-07-22T18:42:00,166,63.7,20,0.84814
2025-07-22T18:45:00,167,63.4,20,0.85515
2025-07-22T18:48:00,165,64.3,19,0.78385
2025-07-22T18:51:00,164,64.6,19,0.77726
2025-07-22T18:54:00,164,64.6,20,0.82711
2025-07-22T18:57:00,163,64,19,0.79044
2025-07-22T19:00:00,163,65.2,19,0.76409
2025-07-22T19:03:00,164,64.5,20,0.82945
2025-07-22T19:06:00,164,64.6,20,0.82711
2025-07-22T19:09:00,166,63.7,19,0.79702
2025-07-22T19:12:00,166,65.2,19,0.76409
2025-07-22T19:15:00,165,64.8,20,0.82244
2025-07-22T19:18:00,165,64.9,20,0.8201
2025-07-22T19:21:00,166,64.6,20,0.82711
2025-07-22T19:24:00,167,63.6,19,0.79922
2025-07-22T19:27:00,217,64.4,19,0.78165
2025-07-22T19:30:00,217,62.6,19,0.82118
2025-07-22T19:33:00,216,62.8,19,0.81678
2025-07-22T19:36:00,211,61.9,19,0.83655
2025-07-22T19:39:00,211,62.1,19,0.83215
2025-07-22T19:42:00,210,61.8,19,0.83874
2025-07-22T19:45:00,178,61.9,19,0.83655
2025-07-22T19:48:00,178,62.1,19,0.83215
2025-07-22T19:51:00,178,60.7,19,0.86289
2025-07-22T19:54:00,178,61.7,19,0.84094
2025-07-22T19:57:00,178,61.8,19,0.83874
2025-07-22T20:00:00,178,61.9,19,0.83655
2025-07-22T20:03:00,0,62.4,19,0.82557
2025-07-22T20:06:00,0,62.8,19,0.81678
2025-07-22T20:09:00,0,63,19,0.81239
2025-07-22T20:12:00,0,63.3,19,0.80581
2025-07-22T20:15:00,0,63.8,19,0.79483
2025-07-22T20:18:00,0,64,19,0.79044
2025-07-22T20:21:00,0,64.1,19,0.78824
2025-07-22T20:24:00,0,64,19,0.79044
2025-07-22T20:27:00,0,64.2,18,0.73832
2025-07-22T20:30:00,0,64.3,18,0.73625
2025-07-22T20:33:00,0,64.7,18,0.728
2025-07-22T20:36:00,0,64.8,18,0.72594
2025-07-22T20:39:00,0,64.9,18,0.72388
2025-07-22T20:42:00,0,65.2,18,0.71769
2025-07-22T20:45:00,0,65.6,18,0.70944
2025-07-22T20:48:00,0,65.9,18,0.70326
2025-07-22T20:51:00,0,66.3,18,0.69501
2025-07-22T20:54:00,0,66.5,18,0.69088
2025-07-22T20:57:00,0,67.2,18,0.67645
2025-07-22T21:00:00,0,67.6,18,0.6682
2025-07-22T21:03:00,0,68,18,0.65995
2025-07-22T21:06:00,0,68.4,18,0.6517
2025-07-22T21:09:00,0,68.8,18,0.64345
2025-07-22T21:12:00,0,69.2,19,0.67626
2025-07-22T21:15:00,0,69.6,18,0.62695
2025-07-22T21:18:00,0,70,18,0.6187
2025-07-22T21:21:00,0,70.3,18,0.61251
2025-07-22T21:24:00,0,70.7,18,0.60426
2025-07-22T21:27:00,0,71,18,0.59808
2025-07-22T21:30:00,0,71.4,18,0.58983
2025-07-22T21:33:00,0,71.7,18,0.58364
2025-07-22T21:36:00,0,72,18,0.57745
2025-07-22T21:39:00,0,72.3,18,0.57127
2025-07-22T21:42:00,0,72.5,18,0.56714
2025-07-22T21:45:00,0,72.7,18,0.56302
2025-07-22T21:48:00,0,73,18,0.55683
2025-07-22T21:51:00,0,73.3,18,0.55064
2025-07-22T21:54:00,0,73.4,18,0.54858
2025-07-22T21:57:00,0,73.6,18,0.54446
2025-07-22T22:00:00,0,73.9,18,0.53827
2025-07-22T22:03:00,0,74,18,0.53621
2025-07-22T22:06:00,0,74.1,18,0.53414
2025-07-22T22:09:00,0,74.2,18,0.53208
2025-07-22T22:12:00,0,74.4,18,0.52796
2025-07-22T22:15:00,0,74.6,18,0.52383
2025-07-22T22:18:00,0,74.6,18,0.52383
2025-07-22T22:21:00,0,74.8,18,0.51971
2025-07-22T22:24:00,0,75,18,0.51558
2025-07-22T22:27:00,0,75,18,0.51558
2025-07-22T22:30:00,0,75.1,18,0.51352
2025-07-22T22:33:00,0,75.2,18,0.51146
2025-07-22T22:36:00,0,75.3,18,0.5094
2025-07-22T22:39:00,0,75.3,18,0.5094
2025-07-22T22:42:00,0,75.3,18,0.5094
2025-07-22T22:45:00,0,75.5,18,0.50527
2025-07-22T22:48:00,0,75.6,18,0.50321
2025-07-22T22:51:00,0,75.7,18,0.50115
2025-07-22T22:54:00,0,75.8,18,0.49908
2025-07-22T22:57:00,0,75.9,18,0.49702
2025-07-22T23:00:00,0,76,18,0.49496
2025-07-22T23:03:00,0,76.1,18,0.4929
2025-07-22T23:06:00,0,76.7,18,0.48052
2025-07-22T23:09:00,0,77.6,18,0.46196
2025-07-22T23:12:00,0,78.5,18,0.4434
2025-07-22T23:15:00,0,79.1,18,0.43103
2025-07-22T23:18:00,0,79.4,18,0.42484
2025-07-22T23:21:00,0,79.9,18,0.41453
2025-07-22T23:24:00,0,80,18,0.41247
2025-07-22T23:27:00,0,80.2,18,0.40834
2025-07-22T23:30:00,0,80.4,18,0.40422
2025-07-22T23:33:00,0,80.5,18,0.40215
2025-07-22T23:36:00,0,80.4,18,0.40422
2025-07-22T23:39:00,0,80.4,18,0.40422
2025-07-22T23:42:00,0,80.4,18,0.40422
2025-07-22T23:45:00,0,80.3,18,0.40628
2025-07-22T23:48:00,0,80.4,18,0.40422
2025-07-22T23:51:00,0,80.3,18,0.40628
2025-07-22T23:54:00,0,80.3,18,0.40628
2025-07-22T23:57:00,0,80.3,18,0.40628
2025-07-23T00:00:00,0,80.2,18,0.40834
2025-07-23T00:03:00,0,80.3,18,0.40628
2025-07-23T00:06:00,0,80.2,18,0.40834
2025-07-23T00:09:00,0,80.2,18,0.40834
2025-07-23T00:12:00,0,80.3,18,0.40628
2025-07-23T00:15:00,0,80.3,18,0.40628
2025-07-23T00:18:00,0,80.4,18,0.40422
2025-07-23T00:21:00,0,80.4,18,0.40422
2025-07-23T00:24:00,0,80.4,18,0.40422
2025-07-23T00:27:00,0,80.3,18,0.40628
2025-07-23T00:30:00,0,80.4,18,0.40422
2025-07-23T00:33:00,0,80.5,18,0.40215
2025-07-23T00:36:00,0,81.1,18,0.38978
2025-07-23T00:39:00,0,81.5,18,0.38153
2025-07-23T00:42:00,0,82,18,0.37122
2025-07-23T00:45:00,0,82.1,18,0.36916
2025-07-23T00:48:00,0,82.3,18,0.36503
2025-07-23T00:51:00,0,82.3,18,0.36503
2025-07-23T00:54:00,0,82.4,18,0.36297
2025-07-23T00:57:00,0,82.3,18,0.36503
2025-07-23T01:00:00,0,82.3,17,0.3427
2025-07-23T01:03:00,0,82.2,18,0.3671
2025-07-23T01:06:00,0,82.2,17,0.34464
2025-07-23T01:09:00,0,82.1,17,0.34657
2025-07-23T01:12:00,0,82,17,0.34851
2025-07-23T01:15:00,0,81.9,17,0.35045
2025-07-23T01:18:00,0,82,17,0.34851
2025-07-23T01:21:00,0,81.9,17,0.35045
2025-07-23T01:24:00,0,81.7,17,0.35432
2025-07-23T01:27:00,0,81.6,17,0.35625
2025-07-23T01:30:00,0,81.5,17,0.35819
2025-07-23T01:33:00,0,81.4,17,0.36013
2025-07-23T01:36:00,0,81.4,17,0.36013
2025-07-23T01:39:00,0,81.2,17,0.364
2025-07-23T01:42:00,0,81.2,17,0.364
2025-07-23T01:45:00,0,81.2,17,0.364
2025-07-23T01:48:00,0,81.1,17,0.36593
2025-07-23T01:51:00,0,81.1,17,0.36593
2025-07-23T01:54:00,0,81.1,17,0.36593
2025-07-23T01:57:00,0,81.1,17,0.36593
2025-07-23T02:00:00,0,80.9,17,0.36981
2025-07-23T02:03:00,0,81.3,17,0.36206
2025-07-23T02:06:00,0,81.7,17,0.35432
2025-07-23T02:09:00,0,82.1,17,0.34657
2025-07-23T02:12:00,0,82.4,17,0.34076
2025-07-23T02:15:00,0,82.6,17,0.33689
2025-07-23T02:18:00,0,82.8,17,0.33302
2025-07-23T02:21:00,0,82.8,17,0.33302
2025-07-23T02:24:00,0,82.9,17,0.33108
2025-07-23T02:27:00,0,82.9,17,0.33108
2025-07-23T02:30:00,0,82.9,17,0.33108
2025-07-23T02:33:00,0,82.9,17,0.33108
2025-07-23T02:36:00,0,83,17,0.32915
2025-07-23T02:39:00,0,83.1,17,0.32721
2025-07-23T02:42:00,0,83.2,17,0.32528
2025-07-23T02:45:00,0,83.3,17,0.32334
2025-07-23T02:48:00,0,83.3,17,0.32334
2025-07-23T02:51:00,0,83.3,17,0.32334
2025-07-23T02:54:00,0,83.5,17,0.31947
2025-07-23T02:57:00,0,83.5,17,0.31947
2025-07-23T03:00:00,0,83.5,17,0.31947
2025-07-23T03:03:00,0,83.6,17,0.31753
2025-07-23T03:06:00,0,83.6,17,0.31753
2025-07-23T03:09:00,0,83.6,17,0.31753
2025-07-23T03:12:00,0,83.7,17,0.31559
2025-07-23T03:15:00,0,83.8,17,0.31366
2025-07-23T03:18:00,0,83.8,17,0.31366
2025-07-23T03:21:00,0,83.8,17,0.31366
2025-07-23T03:24:00,0,83.8,17,0.31366
2025-07-23T03:27:00,0,83.8,17,0.31366
2025-07-23T03:30:00,0,83.8,17,0.31366
2025-07-23T03:33:00,0,83.8,17,0.31366
2025-07-23T03:36:00,0,83.7,17,0.31559
2025-07-23T03:39:00,0,83.7,17,0.31559
2025-07-23T03:42:00,0,83.6,17,0.31753
2025-07-23T03:45:00,0,83.5,17,0.31947
2025-07-23T03:48:00,0,83.4,17,0.3214
2025-07-23T03:51:00,0,83.4,17,0.3214
2025-07-23T03:54:00,0,83.3,17,0.32334
2025-07-23T03:57:00,0,83.2,17,0.32528
2025-07-23T04:00:00,0,83.2,17,0.32528
2025-07-23T04:03:00,188,82.9,17,0.33108
2025-07-23T04:06:00,190,82.2,17,0.34464
2025-07-23T04:09:00,189,81.5,17,0.35819
2025-07-23T04:12:00,191,80.9,18,0.39391
2025-07-23T04:15:00,191,80.5,18,0.40215
2025-07-23T04:18:00,190,80,18,0.41247
2025-07-23T04:21:00,190,79.5,18,0.42278
2025-07-23T04:24:00,190,79.3,18,0.4269
2025-07-23T04:27:00,190,79,18,0.43309
2025-07-23T04:30:00,189,78.7,18,0.43928
2025-07-23T04:33:00,189,78.4,19,0.47426
2025-07-23T04:36:00,188,78,19,0.48304
2025-07-23T04:39:00,187,77.8,19,0.48744
2025-07-23T04:42:00,186,77.5,19,0.49402
2025-07-23T04:45:00,186,77.1,19,0.50281
2025-07-23T04:48:00,185,76.6,19,0.51378
2025-07-23T04:51:00,184,76.5,19,0.51598
2025-07-23T04:54:00,183,76,19,0.52696
2025-07-23T04:57:00,183,76.1,19,0.52476
2025-07-23T05:00:00,183,75.7,19,0.53354
2025-07-23T05:03:00,183,75.2,19,0.54452
2025-07-23T05:06:00,184,75,19,0.54891
2025-07-23T05:09:00,184,74.6,19,0.5577
2025-07-23T05:12:00,183,74.2,19,0.56648
2025-07-23T05:15:00,185,73.1,19,0.59063
2025-07-23T05:18:00,185,72.1,19,0.61259
2025-07-23T05:21:00,186,71.7,19,0.62137
2025-07-23T05:24:00,186,71.4,19,0.62796
2025-07-23T05:27:00,185,71.1,19,0.63455
2025-07-23T05:30:00,186,70.7,19,0.64333
2025-07-23T05:33:00,186,70.2,19,0.65431
2025-07-23T05:36:00,185,69.5,19,0.66968
2025-07-23T05:39:00,186,68.5,19,0.69163
2025-07-23T05:42:00,187,68.3,19,0.69602
2025-07-23T05:45:00,187,68.3,19,0.69602
2025-07-23T05:48:00,186,68.1,19,0.70041
2025-07-23T05:51:00,187,67.7,19,0.7092
2025-07-23T05:54:00,188,67.5,19,0.71359
2025-07-23T05:57:00,188,67.1,19,0.72237
2025-07-23T06:00:00,189,67.1,19,0.72237
2025-07-23T06:03:00,189,66.6,19,0.73335
2025-07-23T06:06:00,188,66.9,19,0.72676
2025-07-23T06:09:00,189,66.5,19,0.73555
2025-07-23T06:12:00,189,67,19,0.72457
2025-07-23T06:15:00,189,66.6,19,0.73335
2025-07-23T06:18:00,191,66.2,19,0.74213
2025-07-23T06:21:00,191,66.2,19,0.74213
2025-07-23T06:24:00,191,66.4,20,0.78506
2025-07-23T06:27:00,193,66.4,20,0.78506
2025-07-23T06:30:00,193,66.5,20,0.78272
2025-07-23T06:33:00,194,66.1,20,0.79207
2025-07-23T06:36:00,196,66.3,20,0.78739
2025-07-23T06:39:00,197,66.4,20,0.78506
2025-07-23T06:42:00,200,65.4,20,0.80842
2025-07-23T06:45:00,199,65.3,20,0.81076
2025-07-23T06:48:00,202,65.4,20,0.80842
2025-07-23T06:51:00,201,65.2,20,0.81309
2025-07-23T06:54:00,203,65.1,20,0.81543
2025-07-23T06:57:00,205,65.5,20,0.80609
2025-07-23T07:00:00,206,64.8,20,0.82244
2025-07-23T07:03:00,211,64.7,20,0.82478
2025-07-23T07:06:00,216,62.2,20,0.88319
2025-07-23T07:09:00,219,63,20,0.8645
2025-07-23T07:12:00,216,60.7,20,0.91824
2025-07-23T07:15:00,218,61.2,20,0.90655
2025-07-23T07:18:00,205,62.3,20,0.88085
2025-07-23T07:21:00,202,61.6,20,0.89721
2025-07-23T07:24:00,202,62.2,20,0.88319
2025-07-23T07:27:00,203,62.7,20,0.87151
2025-07-23T07:30:00,205,60.6,20,0.92057
2025-07-23T07:33:00,205,62,20,0.88786
2025-07-23T07:36:00,205,62,20,0.88786
2025-07-23T07:39:00,205,61.9,20,0.8902
2025-07-23T07:42:00,205,62.2,20,0.88319
2025-07-23T07:45:00,208,61.4,20,0.90188
2025-07-23T07:48:00,212,62.5,20,0.87618
2025-07-23T07:51:00,213,62.2,20,0.88319
2025-07-23T07:54:00,212,61.3,20,0.90422
2025-07-23T07:57:00,210,62.4,20,0.87852
2025-07-23T08:00:00,211,61.3,20,0.90422
2025-07-23T08:03:00,210,62.2,20,0.88319
2025-07-23T08:06:00,209.5,62.15,20,0.88436
2025-07-23T08:09:00,209,62.1,20,0.88553
2025-07-23T08:12:00,210,62.1,20,0.88553
2025-07-23T08:15:00,212,62.2,20,0.88319
2025-07-23T08:18:00,216,62.6,20,0.87384
2025-07-23T08:21:00,221,62,20,0.88786
2025-07-23T08:24:00,230,61.7,20,0.89487
2025-07-23T08:27:00,254,63.3,20,0.85749
2025-07-23T08:30:00,271,62.5,20,0.87618
2025-07-23T08:33:00,319,62.5,20,0.87618
2025-07-23T08:36:00,377,63.6,20,0.85048
2025-07-23T08:39:00,390,61.2,19,0.85192
2025-07-23T08:42:00,287,63.1,20,0.86216
2025-07-23T08:45:00,383,62.5,20,0.87618
2025-07-23T08:48:00,390,60.6,21,0.97915
2025-07-23T08:51:00,509,58.9,21,1.0214
2025-07-23T08:54:00,502,58.1,21,1.04128
2025-07-23T08:57:00,492,58.5,21,1.03134
2025-07-23T09:00:00,483,59.9,21,0.99655
2025-07-23T09:03:00,461,57.2,21,1.06365
2025-07-23T09:06:00,423,59.2,20,0.95328
2025-07-23T09:09:00,424,57.6,21,1.05371
2025-07-23T09:12:00,402,61.7,20,0.89487
2025-07-23T09:15:00,432,73.3,18,0.55064
2025-07-23T09:18:00,358,73.2,18,0.55271
2025-07-23T09:21:00,331,71.9,18,0.57952
2025-07-23T09:24:00,303,71.3,18,0.59189
2025-07-23T09:27:00,253,69.4,18,0.63107
2025-07-23T09:30:00,230,71.7,19,0.62137
2025-07-23T09:33:00,231,70,18,0.6187
2025-07-23T09:36:00,229,69.4,18,0.63107
2025-07-23T09:39:00,223,70.1,18,0.61664
2025-07-23T09:42:00,220,68.2,19,0.69822
2025-07-23T09:45:00,220,67.1,19,0.72237
2025-07-23T09:48:00,217,65.5,20,0.80609
2025-07-23T09:51:00,221,61.5,20,0.89954
2025-07-23T09:54:00,216,73.8,17,0.50727
2025-07-23T09:57:00,216,69.1,19,0.67846
2025-07-23T10:00:00,216,68.2,17,0.6157
2025-07-23T10:03:00,212,75,16,0.4542
2025-07-23T10:06:00,213,69.3,18,0.63314
2025-07-23T10:09:00,216,72.8,16,0.49417
2025-07-23T10:12:00,213,73.3,17,0.51696
2025-07-23T10:15:00,214,67.4,18,0.67232
2025-07-23T10:18:00,213,73.8,16,0.47601
2025-07-23T10:21:00,210,72.3,17,0.53632
2025-07-23T10:24:00,213,68.8,17,0.60408
2025-07-23T10:27:00,210,74.4,16,0.46511
2025-07-23T10:30:00,209,69.9,18,0.62076
2025-07-23T10:33:00,211,75,16,0.4542
2025-07-23T10:36:00,211,73.9,16,0.47419
2025-07-23T10:39:00,210,70.3,18,0.61251
2025-07-23T10:42:00,213,70.3,17,0.57504
2025-07-23T10:45:00,210,74.8,16,0.45784
2025-07-23T10:48:00,209,70.1,18,0.61664
2025-07-23T10:51:00,212,71.5,16,0.51779
2025-07-23T10:54:00,210,73.3,17,0.51696
2025-07-23T10:57:00,210,70.6,17,0.56923
2025-07-23T11:00:00,210,75.3,16,0.44875
2025-07-23T11:03:00,210,71.7,18,0.58364
2025-07-23T11:06:00,211,72.3,16,0.50326
2025-07-23T11:09:00,230,74.3,16,0.46692
2025-07-23T11:12:00,215,70.4,18,0.61045
2025-07-23T11:15:00,221,72.2,16,0.50508
2025-07-23T11:18:00,220,73,17,0.52276
2025-07-23T11:21:00,239,67.9,19,0.70481
2025-07-23T11:24:00,246,73.6,16,0.47964
2025-07-23T11:27:00,259,74.4,17,0.49566
2025-07-23T11:30:00,221,66,18,0.70119
2025-07-23T11:33:00,213,73.5,16,0.48146
2025-07-23T11:36:00,213,70.9,18,0.60014
2025-07-23T11:39:00,213,70.8,17,0.56536
2025-07-23T11:42:00,209,74.5,16,0.46329
2025-07-23T11:45:00,208,71.5,16,0.51779
2025-07-23T11:48:00,210,69.8,18,0.62282
2025-07-23T11:51:00,211,70.3,16,0.5396
2025-07-23T11:54:00,208,75.2,17,0.48017
2025-07-23T11:57:00,210,70.2,18,0.61458
2025-07-23T12:00:00,208,74,16,0.47237
2025-07-23T12:03:00,210,73.6,16,0.47964
2025-07-23T12:06:00,207,74.4,17,0.49566
2025-07-23T12:09:00,212,69.4,17,0.59247
2025-07-23T12:12:00,205,73.5,16,0.48146
2025-07-23T12:15:00,208,72.9,17,0.5247
2025-07-23T12:18:00,209,72.1,18,0.57539
2025-07-23T12:21:00,213,71.8,16,0.51234
2025-07-23T12:24:00,208,70.7,16,0.53233
2025-07-23T12:27:00,183,71.9,16.5,0.52706
2025-07-23T12:30:00,158,73.1,17,0.52083
2025-07-23T12:33:00,202,66.6,18,0.68882
2025-07-23T12:36:00,208,68.5,17,0.60989
2025-07-23T12:39:00,180,73.4,17,0.51502
2025-07-23T12:42:00,191,73.1,17,0.52083
2025-07-23T12:45:00,211,69.7,19,0.66528
2025-07-23T12:48:00,167,67.1,20,0.7687
2025-07-23T12:51:00,167,64.1,20,0.8388
2025-07-23T12:54:00,178,64.2,19,0.78605
2025-07-23T12:57:00,173,69.6,17,0.58859
2025-07-23T13:00:00,169,71.5,17,0.55181
2025-07-23T13:03:00,182,69,19,0.68065
2025-07-23T13:06:00,183,68.9,18,0.64139
2025-07-23T13:09:00,165,70.1,18,0.61664
2025-07-23T13:12:00,167,67.7,19,0.7092
2025-07-23T13:15:00,169,66.3,19,0.73994
2025-07-23T13:18:00,203,65.7,20,0.80141
2025-07-23T13:21:00,172,68.3,18,0.65376
2025-07-23T13:24:00,172,66.5,19,0.73555
2025-07-23T13:27:00,178,66.6,19,0.73335
2025-07-23T13:30:00,210,64.6,20,0.82711
2025-07-23T13:33:00,223,65.5,20,0.80609
2025-07-23T13:36:00,198,66.7,19,0.73115
2025-07-23T13:39:00,202,65.3,19,0.76189
2025-07-23T13:42:00,207,64.5,20,0.82945
2025-07-23T13:45:00,210,62.2,20,0.88319
2025-07-23T13:48:00,200,60.3,19,0.87168
2025-07-23T13:51:00,194,65.7,18,0.70738
2025-07-23T13:54:00,200,63,18,0.76306
2025-07-23T13:57:00,204,66.3,19,0.73994
2025-07-23T14:00:00,201,67.2,19,0.72018
2025-07-23T14:03:00,200,64.4,19,0.78165
2025-07-23T14:06:00,199,66,19,0.74652
2025-07-23T14:09:00,198,63.9,20,0.84347
2025-07-23T14:12:00,196,63.3,20,0.85749
2025-07-23T14:15:00,197,66.7,18,0.68676
2025-07-23T14:18:00,195,69.6,18,0.62695
2025-07-23T14:21:00,196,65.6,19,0.75531
2025-07-23T14:24:00,195,66.9,18,0.68263
2025-07-23T14:27:00,196,71.7,18,0.58364
2025-07-23T14:30:00,200,68.4,19,0.69383
2025-07-23T14:33:00,206,64.1,20,0.8388
2025-07-23T14:36:00,204,69.9,17,0.58279
2025-07-23T14:39:00,205,69.8,18,0.62282
2025-07-23T14:42:00,208,66.6,20,0.78038
2025-07-23T14:45:00,205,68.6,17,0.60796
2025-07-23T14:48:00,210,69.4,19,0.67187
2025-07-23T14:51:00,216,64.8,20,0.82244
2025-07-23T14:54:00,224,68.6,17,0.60796
2025-07-23T14:57:00,252,72.2,17,0.53825
2025-07-23T15:00:00,221,71.5,17,0.55181
2025-07-23T15:03:00,193,67.2,19,0.72018
2025-07-23T15:06:00,183,71.3,17,0.55568
2025-07-23T15:09:00,200,70.4,17,0.5731
2025-07-23T15:12:00,221,70.5,18,0.60839
2025-07-23T15:15:00,221,64.6,20,0.82711
2025-07-23T15:18:00,213,71.5,17,0.55181
2025-07-23T15:21:00,215,72.7,17,0.52857
2025-07-23T15:24:00,226,70.4,17,0.5731
2025-07-23T15:27:00,218,68.4,19,0.69383
2025-07-23T15:30:00,205,73.3,17,0.51696
2025-07-23T15:33:00,202,73.9,17,0.50534
2025-07-23T15:36:00,202,74.2,17,0.49953
2025-07-23T15:39:00,200,73.8,17,0.50727
2025-07-23T15:42:00,201,74.5,17,0.49372
2025-07-23T15:45:00,199,73.1,16,0.48872
2025-07-23T15:48:00,226,73,16,0.49054
2025-07-23T15:51:00,216,74.1,16,0.47056
2025-07-23T15:54:00,211,75.2,16,0.45057
2025-07-23T15:57:00,212,73.7,16,0.47782
2025-07-23T16:00:00,209,73.6,16,0.47964
2025-07-23T16:03:00,204,73.9,17,0.50534
2025-07-23T16:06:00,178,73.6,17,0.51115
2025-07-23T16:09:00,186,73.2,16,0.48691
2025-07-23T16:12:00,193,72.9,17,0.5247
2025-07-23T16:15:00,217,71.1,17,0.55955
2025-07-23T16:18:00,188,72.8,17,0.52664
2025-07-23T16:21:00,188,68.7,19,0.68724
2025-07-23T16:24:00,193,66.2,20,0.78973
2025-07-23T16:27:00,205,67.1,18,0.67851
2025-07-23T16:30:00,220,71.7,17,0.54793
2025-07-23T16:33:00,233,72.6,16,0.49781
2025-07-23T16:36:00,216,72.6,16,0.49781
2025-07-23T16:39:00,219.5,71.85,17,0.54503
2025-07-23T16:42:00,223,71.1,18,0.59601
2025-07-23T16:45:00,197,67.4,18,0.67232
2025-07-23T16:48:00,195,71.1,17,0.55955
2025-07-23T16:51:00,197,71,18,0.59808
2025-07-23T16:54:00,196,69.3,19,0.67407
2025-07-23T16:57:00,205,68.2,19,0.69822
2025-07-23T17:00:00,213,69.9,18,0.62076
2025-07-23T17:03:00,249,72.6,17,0.53051
2025-07-23T17:06:00,219,70.8,18,0.6022
2025-07-23T17:09:00,214,67.7,19,0.7092
2025-07-23T17:12:00,193,67.5,19,0.71359
2025-07-23T17:15:00,186,67.7,19,0.7092
2025-07-23T17:18:00,189,69.1,19,0.67846
2025-07-23T17:21:00,200,69.3,19,0.67407
2025-07-23T17:24:00,213,69.2,19,0.67626
2025-07-23T17:27:00,215,68,18,0.65995
2025-07-23T17:30:00,202,70.2,18,0.61458
2025-07-23T17:33:00,219,70.2,18,0.61458
2025-07-23T17:36:00,199,66.3,19,0.73994
2025-07-23T17:39:00,215,66.5,19,0.73555
2025-07-23T17:42:00,241,67.6,18,0.6682
2025-07-23T17:45:00,166,69,19,0.68065
2025-07-23T17:48:00,209,68,19,0.70261
2025-07-23T17:51:00,169,68.5,19,0.69163
2025-07-23T17:54:00,164,67.9,19,0.70481
2025-07-23T17:57:00,164,67.9,19,0.70481
2025-07-23T18:00:00,168,67.2,19,0.72018
2025-07-23T18:03:00,168,67.2,19,0.72018
2025-07-23T18:06:00,169,67.1,19,0.72237
2025-07-23T18:09:00,167,67.5,19,0.71359
2025-07-23T18:12:00,166,67.3,19,0.71798
2025-07-23T18:15:00,167,67.5,20,0.75936
2025-07-23T18:18:00,166,68.3,20,0.74066
2025-07-23T18:21:00,167,66.6,19,0.73335
2025-07-23T18:24:00,167,66.2,20,0.78973
2025-07-23T18:27:00,165,68,20,0.74767
2025-07-23T18:30:00,168,65.4,20,0.80842
2025-07-23T18:33:00,178,65.5,20,0.80609
2025-07-23T18:36:00,181,65.9,20,0.79674
2025-07-23T18:39:00,183,65.7,20,0.80141
2025-07-23T18:42:00,180,66.1,20,0.79207
2025-07-23T18:45:00,173,64.4,20,0.83179
2025-07-23T18:48:00,185,63.7,20,0.84814
2025-07-23T18:51:00,189,62.7,20,0.87151
2025-07-23T18:54:00,186,63.1,20,0.86216
2025-07-23T18:57:00,188,61.3,20,0.90422
2025-07-23T19:00:00,172,61.7,21,0.95181
2025-07-23T19:03:00,170,58.8,21,1.02388
2025-07-23T19:06:00,169,58.5,21,1.03134
2025-07-23T19:09:00,168,57,21,1.06862
2025-07-23T19:12:00,165,57.1,21,1.06613
2025-07-23T19:15:00,166,54.7,21,1.12577
2025-07-23T19:18:00,169,54.9,21,1.1208
2025-07-23T19:21:00,169,54.9,21,1.1208
2025-07-23T19:24:00,167,55.1,21,1.11583
2025-07-23T19:27:00,167,54.6,21,1.12826
2025-07-23T19:30:00,172,61.5,20,0.89954
2025-07-23T19:33:00,169,66.4,20,0.78506
2025-07-23T19:36:00,169,67.3,20,0.76403
2025-07-23T19:39:00,171,67.9,20,0.75001
2025-07-23T19:42:00,172,68.4,20,0.73833
2025-07-23T19:45:00,171,68.5,20,0.73599
2025-07-23T19:48:00,172,68.4,20,0.73833
2025-07-23T19:51:00,172,69.4,20,0.71496
2025-07-23T19:54:00,172,69.2,20,0.71964
2025-07-23T19:57:00,173,69.1,20,0.72197
2025-07-23T20:00:00,0,69.1,19,0.67846
2025-07-23T20:03:00,0,69.3,20,0.7173
2025-07-23T20:06:00,0,69.95,19.5,0.68067
2025-07-23T20:09:00,0,70.6,19,0.64552
2025-07-23T20:12:00,0,70.3,19,0.65211
2025-07-23T20:15:00,0,70.1,19,0.6565
2025-07-23T20:18:00,0,70.2,19,0.65431
2025-07-23T20:21:00,0,71.5,19,0.62576
2025-07-23T20:24:00,0,71.2,19,0.63235
2025-07-23T20:27:00,0,69.8,19,0.66309
2025-07-23T20:30:00,0,69.8,19,0.66309
2025-07-23T20:33:00,0,69.5,19,0.66968
2025-07-23T20:36:00,0,73,19,0.59283
2025-07-23T20:39:00,0,71.5,19,0.62576
2025-07-23T20:42:00,0,72.8,19,0.59722
2025-07-23T20:45:00,0,72.7,19,0.59941
2025-07-23T20:48:00,0,73.1,19,0.59063
2025-07-23T20:51:00,0,73.7,19,0.57746
2025-07-23T20:54:00,0,71.5,19,0.62576
2025-07-23T20:57:00,0,70.2,19,0.65431
2025-07-23T21:00:00,0,71.5,19,0.62576
2025-07-23T21:03:00,0,69.9,19,0.66089
2025-07-23T21:06:00,0,68.5,19,0.69163
2025-07-23T21:09:00,0,68.1,19,0.70041
2025-07-23T21:12:00,0,68,19,0.70261
2025-07-23T21:15:00,0,67.7,19,0.7092
2025-07-23T21:18:00,0,67.7,19,0.7092
2025-07-23T21:21:00,0,67.4,19,0.71578
2025-07-23T21:24:00,0,67.7,19,0.7092
2025-07-23T21:27:00,0,67.7,19,0.7092
2025-07-23T21:30:00,0,67.6,19,0.71139
2025-07-23T21:33:00,0,67.5,19,0.71359
2025-07-23T21:36:00,0,67.4,19,0.71578
2025-07-23T21:39:00,0,67.4,19,0.71578
2025-07-23T21:42:00,0,67.5,19,0.71359
2025-07-23T21:45:00,0,67.6,19,0.71139
2025-07-23T21:48:00,0,67.7,19,0.7092
2025-07-23T21:51:00,0,67.9,19,0.70481
2025-07-23T21:54:00,0,67.9,19,0.70481
2025-07-23T21:57:00,0,68.3,19,0.69602
2025-07-23T22:00:00,0,68.2,19,0.69822
2025-07-23T22:03:00,0,68.7,18,0.64551
2025-07-23T22:06:00,0,69.5,19,0.66968
2025-07-23T22:09:00,0,71.2,18,0.59395
2025-07-23T22:12:00,0,71.9,19,0.61698
2025-07-23T22:15:00,0,72.7,19,0.59941
2025-07-23T22:18:00,0,74.1,19,0.56868
2025-07-23T22:21:00,0,74.9,19,0.55111
2025-07-23T22:24:00,0,75.8,19,0.53135
2025-07-23T22:27:00,0,76.5,19,0.51598
2025-07-23T22:30:00,0,77,19,0.505
2025-07-23T22:33:00,0,77.6,19,0.49183
2025-07-23T22:36:00,0,77.9,19,0.48524
2025-07-23T22:39:00,0,78.3,19,0.47646
2025-07-23T22:42:00,0,78.5,19,0.47207
2025-07-23T22:45:00,0,79,19,0.46109
2025-07-23T22:48:00,0,79.1,19,0.45889
2025-07-23T22:51:00,0,79.3,19,0.4545
2025-07-23T22:54:00,0,79.4,19,0.45231
2025-07-23T22:57:00,0,79.7,19,0.44572
2025-07-23T23:00:00,0,79.9,19,0.44133
2025-07-23T23:03:00,0,79.9,19,0.44133
2025-07-23T23:06:00,0,80.4,19,0.43035
2025-07-23T23:09:00,0,81.2,19,0.41278
2025-07-23T23:12:00,0,81.9,19,0.39741
2025-07-23T23:15:00,0,82.3,19,0.38863
2025-07-23T23:18:00,0,82.9,19,0.37546
2025-07-23T23:21:00,0,83.3,19,0.36667
2025-07-23T23:24:00,0,83.5,19,0.36228
2025-07-23T23:27:00,0,83.7,19,0.35789
2025-07-23T23:30:00,0,84,19,0.35131
2025-07-23T23:33:00,0,84.2,19,0.34691
2025-07-23T23:36:00,0,84.3,19,0.34472
2025-07-23T23:39:00,0,84.6,19,0.33813
2025-07-23T23:42:00,0,84.7,19,0.33594
2025-07-23T23:45:00,0,84.8,19,0.33374
2025-07-23T23:48:00,0,84.9,19,0.33154
2025-07-23T23:51:00,0,85,19,0.32935
2025-07-23T23:54:00,0,85.1,19,0.32715
2025-07-23T23:57:00,0,85.1,19,0.32715
2025-07-24T00:00:00,0,85.3,19,0.32276
2025-07-24T00:03:00,0,85.4,19,0.32057
2025-07-24T00:06:00,0,85.5,19,0.31837
2025-07-24T00:09:00,0,85.5,19,0.31837
2025-07-24T00:12:00,0,85.5,19,0.31837
2025-07-24T00:15:00,0,85.5,19,0.31837
2025-07-24T00:18:00,0,85.5,19,0.31837
2025-07-24T00:21:00,0,85.5,19,0.31837
2025-07-24T00:24:00,0,85.5,19,0.31837
2025-07-24T00:27:00,0,85.6,19,0.31617
2025-07-24T00:30:00,0,85.6,19,0.31617
2025-07-24T00:33:00,0,85.7,19,0.31398
2025-07-24T00:36:00,0,86,19,0.30739
2025-07-24T00:39:00,0,86.3,19,0.30081
2025-07-24T00:42:00,0,86.5,19,0.29641
2025-07-24T00:45:00,0,86.7,19,0.29202
2025-07-24T00:48:00,0,86.9,19,0.28763
2025-07-24T00:51:00,0,87,19,0.28544
2025-07-24T00:54:00,0,87.1,19,0.28324
2025-07-24T00:57:00,0,87.2,19,0.28104
2025-07-24T01:00:00,0,87.2,19,0.28104
2025-07-24T01:03:00,0,87.2,19,0.28104
2025-07-24T01:06:00,0,87.2,19,0.28104
2025-07-24T01:09:00,0,87.3,19,0.27885
2025-07-24T01:12:00,0,87.3,18,0.26192
2025-07-24T01:15:00,0,87.3,18,0.26192
2025-07-24T01:18:00,0,87.4,19,0.27665
2025-07-24T01:21:00,0,87.4,18,0.25985
2025-07-24T01:24:00,0,87.4,18,0.25985
2025-07-24T01:27:00,0,87.4,18,0.25985
2025-07-24T01:30:00,0,87.3,18,0.26192
2025-07-24T01:33:00,0,87.4,18,0.25985
2025-07-24T01:36:00,0,87.3,18,0.26192
2025-07-24T01:39:00,0,87.3,18,0.26192
2025-07-24T01:42:00,0,87.3,18,0.26192
2025-07-24T01:45:00,0,87.3,18,0.26192
2025-07-24T01:48:00,0,87.3,18,0.26192
2025-07-24T01:51:00,0,87.3,18,0.26192
2025-07-24T01:54:00,0,87.3,18,0.26192
2025-07-24T01:57:00,0,87.3,18,0.26192
2025-07-24T02:00:00,0,87.3,18,0.26192
2025-07-24T02:03:00,0,87.5,18,0.25779
2025-07-24T02:06:00,0,87.6,18,0.25573
2025-07-24T02:09:00,0,87.9,18,0.24954
2025-07-24T02:12:00,0,88,18,0.24748
2025-07-24T02:15:00,0,88.1,18,0.24542
2025-07-24T02:18:00,0,88.3,18,0.24129
2025-07-24T02:21:00,0,88.3,18,0.24129
2025-07-24T02:24:00,0,88.4,18,0.23923
2025-07-24T02:27:00,0,88.4,18,0.23923
2025-07-24T02:30:00,0,88.6,18,0.23511
2025-07-24T02:33:00,0,88.5,18,0.23717
2025-07-24T02:36:00,0,88.5,18,0.23717
2025-07-24T02:39:00,0,88.6,18,0.23511
2025-07-24T02:42:00,0,88.6,18,0.23511
2025-07-24T02:45:00,0,88.6,18,0.23511
2025-07-24T02:48:00,0,88.6,18,0.23511
2025-07-24T02:51:00,0,88.6,18,0.23511
2025-07-24T02:54:00,0,88.6,18,0.23511
2025-07-24T02:57:00,0,88.5,18,0.23717
2025-07-24T03:00:00,0,88.5,18,0.23717
2025-07-24T03:03:00,0,88.6,18,0.23511
2025-07-24T03:06:00,0,88.6,18,0.23511
2025-07-24T03:09:00,0,88.5,18,0.23717
2025-07-24T03:12:00,0,88.4,18,0.23923
2025-07-24T03:15:00,0,88.6,18,0.23511
2025-07-24T03:18:00,0,88.5,18,0.23717
2025-07-24T03:21:00,0,88.4,18,0.23923
2025-07-24T03:24:00,0,88.4,18,0.23923
2025-07-24T03:27:00,0,88.4,18,0.23923
2025-07-24T03:30:00,0,88.3,18,0.24129
2025-07-24T03:33:00,0,88.4,18,0.23923
2025-07-24T03:36:00,0,88.3,18,0.24129
2025-07-24T03:39:00,0,88.3,18,0.24129
2025-07-24T03:42:00,0,88.1,18,0.24542
2025-07-24T03:45:00,0,88.1,18,0.24542
2025-07-24T03:48:00,0,88.1,18,0.24542
2025-07-24T03:51:00,0,88.1,18,0.24542
2025-07-24T03:54:00,0,88.05,18,0.24645
2025-07-24T03:57:00,0,88,18,0.24748
2025-07-24T04:00:00,0,88,18,0.24748
2025-07-24T04:03:00,324,88,18,0.24748
2025-07-24T04:06:00,320,87.4,19,0.27665
2025-07-24T04:09:00,314,86.7,19,0.29202
2025-07-24T04:12:00,310,86.1,19,0.3052
2025-07-24T04:15:00,306,85.6,19,0.31617
2025-07-24T04:18:00,302,85.1,19,0.32715
2025-07-24T04:21:00,297,84.7,19,0.33594
2025-07-24T04:24:00,293,84.3,20,0.36683
2025-07-24T04:27:00,287,83.9,20,0.37617
2025-07-24T04:30:00,283,83.5,20,0.38552
2025-07-24T04:33:00,279,82.3,20,0.41356
2025-07-24T04:36:00,273,80.4,20,0.45795
2025-07-24T04:39:00,270,78.6,20,0.50001
2025-07-24T04:42:00,267,77.5,20,0.52571
2025-07-24T04:45:00,267,76.4,20,0.55141
2025-07-24T04:48:00,267,75.4,20,0.57477
2025-07-24T04:51:00,266,75,20,0.58412
2025-07-24T04:54:00,267,74.7,20,0.59113
2025-07-24T04:57:00,267,73.9,20,0.60982
2025-07-24T05:00:00,267,73.4,20,0.6215
2025-07-24T05:03:00,267,72.6,20,0.6402
2025-07-24T05:06:00,266,72.4,20,0.64487
2025-07-24T05:09:00,267,72.3,20,0.6472
2025-07-24T05:12:00,268,71.4,20,0.66823
2025-07-24T05:15:00,268,71.3,20,0.67057
2025-07-24T05:18:00,267,70.9,20,0.67992
2025-07-24T05:21:00,268,70.6,20,0.68692
2025-07-24T05:24:00,270,70.5,19,0.64772
2025-07-24T05:27:00,271,70.2,20,0.69627
2025-07-24T05:30:00,272,70.1,20,0.69861
2025-07-24T05:33:00,273,70,20,0.70094
2025-07-24T05:36:00,273,69.8,20,0.70562
2025-07-24T05:39:00,273,69.4,20,0.71496
2025-07-24T05:42:00,275,69.3,20,0.7173
2025-07-24T05:45:00,276,69.3,20,0.7173
2025-07-24T05:48:00,277,69.2,20,0.71964
2025-07-24T05:51:00,278,69.1,20,0.72197
2025-07-24T05:54:00,278,69,20,0.72431
2025-07-24T05:57:00,282,68.8,20,0.72898
2025-07-24T06:00:00,279,68.8,20,0.72898
2025-07-24T06:03:00,280,69,20,0.72431
2025-07-24T06:06:00,282,69.1,20,0.72197
2025-07-24T06:09:00,288,68.6,20,0.73365
2025-07-24T06:12:00,286,68.4,20,0.73833
2025-07-24T06:15:00,288,68.9,20,0.72665
2025-07-24T06:18:00,287,68.5,20,0.73599
2025-07-24T06:21:00,290,68.7,20,0.73132
2025-07-24T06:24:00,289,67.6,20,0.75702
2025-07-24T06:27:00,290,67.4,20,0.76169
2025-07-24T06:30:00,286,67.3,20,0.76403
2025-07-24T06:33:00,288,67.3,19,0.71798
2025-07-24T06:36:00,284,67.3,20,0.76403
2025-07-24T06:39:00,283,67.7,20,0.75468
2025-07-24T06:42:00,279,66.5,20,0.78272
2025-07-24T06:45:00,281,66.5,20,0.78272
2025-07-24T06:48:00,282,66.5,19,0.73555
2025-07-24T06:51:00,278,67.1,19,0.72237
2025-07-24T06:54:00,281,67.1,20,0.7687
2025-07-24T06:57:00,281,67.3,20,0.76403
2025-07-24T07:00:00,284,65.9,19,0.74872
2025-07-24T07:03:00,288,67.3,19,0.71798
2025-07-24T07:06:00,295,66.7,20,0.77805
2025-07-24T07:09:00,297,66.6,20,0.78038
2025-07-24T07:12:00,296,66,20,0.7944
2025-07-24T07:15:00,300,66,20,0.7944
2025-07-24T07:18:00,301,65.6,20,0.80375
2025-07-24T07:21:00,301,66.2,20,0.78973
2025-07-24T07:24:00,303,65.4,20,0.80842
2025-07-24T07:27:00,303,65.6,20,0.80375
2025-07-24T07:30:00,305,65,20,0.81777
2025-07-24T07:33:00,306,65.4,20,0.80842
2025-07-24T07:36:00,308,64.3,20,0.83412
2025-07-24T07:39:00,312,65.8,20,0.79908
2025-07-24T07:42:00,315,65.1,20,0.81543
2025-07-24T07:45:00,317,64.9,20,0.8201
2025-07-24T07:48:00,318,65.2,20,0.81309
2025-07-24T07:51:00,324,66.3,20,0.78739
2025-07-24T07:54:00,347,66.7,20,0.77805
2025-07-24T07:57:00,426,66,20,0.7944
2025-07-24T08:00:00,438,66.7,19,0.73115
2025-07-24T08:03:00,440,66.3,20,0.78739
2025-07-24T08:06:00,444.5,65.8,20,0.79908
2025-07-24T08:09:00,449,65.3,20,0.81076
2025-07-24T08:12:00,444,64.3,20,0.83412
2025-07-24T08:15:00,417,63.7,21,0.90211
2025-07-24T08:18:00,397,63.5,21,0.90708
2025-07-24T08:21:00,374,64.6,21,0.87974
2025-07-24T08:24:00,412,64.2,21,0.88968
2025-07-24T08:27:00,443,63.6,21,0.9046
2025-07-24T08:30:00,462,63.9,21,0.89714
2025-07-24T08:33:00,503,62.9,21,0.92199
2025-07-24T08:36:00,500,64,22,0.95114
2025-07-24T08:39:00,551,66.5,20,0.78272
2025-07-24T08:42:00,531,76.6,18,0.48259
2025-07-24T08:45:00,550,73.6,20,0.61683
2025-07-24T08:48:00,558,71.2,20,0.67291
2025-07-24T08:51:00,603,77,18,0.47434
2025-07-24T08:54:00,589,73,20,0.63085
2025-07-24T08:57:00,586,70.7,21,0.72815
2025-07-24T09:00:00,601,74.6,19,0.5577
2025-07-24T09:03:00,566,79.5,18,0.42278
2025-07-24T09:06:00,556,74.4,19,0.56209
2025-07-24T09:09:00,568,73.5,19,0.58185
2025-07-24T09:12:00,573,79,18,0.43309
2025-07-24T09:15:00,572,74.9,19,0.55111
2025-07-24T09:18:00,564,72.2,19,0.61039
2025-07-24T09:21:00,556,80.2,17,0.38336
2025-07-24T09:24:00,488,80.7,17,0.37368
2025-07-24T09:27:00,412,80.5,18,0.40215
2025-07-24T09:30:00,400,75.2,18,0.51146
2025-07-24T09:33:00,384,80.4,18,0.40422
2025-07-24T09:36:00,383,81,17,0.36787
2025-07-24T09:39:00,385,75.9,19,0.52915
2025-07-24T09:42:00,380,81.8,17,0.35238
2025-07-24T09:45:00,378,81.2,17,0.364
2025-07-24T09:48:00,374,81.8,17,0.35238
2025-07-24T09:51:00,382,81,17,0.36787
2025-07-24T09:54:00,374,80.4,17,0.37949
2025-07-24T09:57:00,379,81.3,17,0.36206
2025-07-24T10:00:00,385,81.5,17,0.35819
2025-07-24T10:03:00,379,81.5,18,0.38153
2025-07-24T10:06:00,383,81.4,17,0.36013
2025-07-24T10:09:00,386,82.7,17,0.33496
2025-07-24T10:12:00,383,83.2,17,0.32528
2025-07-24T10:15:00,391,82.8,17,0.33302
2025-07-24T10:18:00,386,83.7,17,0.31559
2025-07-24T10:21:00,390,83,17,0.32915
2025-07-24T10:24:00,399,82.6,17,0.33689
2025-07-24T10:27:00,379,82.8,17,0.33302
2025-07-24T10:30:00,383,82.4,17,0.34076
2025-07-24T10:33:00,369,81.8,17,0.35238
2025-07-24T10:36:00,357,83,17,0.32915
2025-07-24T10:39:00,388,82.4,17,0.34076
2025-07-24T10:42:00,384,81.4,17,0.36013
2025-07-24T10:45:00,385,82.6,18,0.35885
2025-07-24T10:48:00,368,81.3,18,0.38566
2025-07-24T10:51:00,391,81.3,18,0.38566
2025-07-24T10:54:00,382,81.2,18,0.38772
2025-07-24T10:57:00,368,81.1,18,0.38978
2025-07-24T11:00:00,391,81.1,18,0.38978
2025-07-24T11:03:00,380,80.9,18,0.39391
2025-07-24T11:06:00,391,81.2,18,0.38772
2025-07-24T11:09:00,403,81.1,18,0.38978
2025-07-24T11:12:00,402,80.4,18,0.40422
2025-07-24T11:15:00,393,81.4,18,0.38359
2025-07-24T11:18:00,399,81.5,18,0.38153
2025-07-24T11:21:00,461,79.9,18,0.41453
2025-07-24T11:24:00,431,80.3,18,0.40628
2025-07-24T11:27:00,486,80.1,18,0.4104
2025-07-24T11:30:00,419,79.6,18,0.42072
2025-07-24T11:33:00,413,79.6,18,0.42072
2025-07-24T11:36:00,405,79.7,18,0.41865
2025-07-24T11:39:00,427,78.8,18,0.43721
2025-07-24T11:42:00,384,79.7,18,0.41865
2025-07-24T11:45:00,361,79.8,18,0.41659
2025-07-24T11:48:00,369,80.1,18,0.4104
2025-07-24T11:51:00,408,79.8,18,0.41659
2025-07-24T11:54:00,407,79.1,18,0.43103
2025-07-24T11:57:00,427,78.7,18,0.43928
2025-07-24T12:00:00,391,78.9,18,0.43515
2025-07-24T12:03:00,372,79.1,18,0.43103
2025-07-24T12:06:00,368,80.2,18,0.40834
2025-07-24T12:09:00,375,80.5,18,0.40215
2025-07-24T12:12:00,377,80.2,19,0.43474
2025-07-24T12:15:00,397,78.6,19,0.46987
2025-07-24T12:18:00,405,78.6,19,0.46987
2025-07-24T12:21:00,393,79.8,19,0.44352
2025-07-24T12:24:00,368,80.4,18,0.40422
2025-07-24T12:27:00,391,80.5,18,0.40215
2025-07-24T12:30:00,367,79.8,19,0.44352
2025-07-24T12:33:00,399,79.5,19,0.45011
2025-07-24T12:36:00,404,78.4,19,0.47426
2025-07-24T12:39:00,392,79,19,0.46109
2025-07-24T12:42:00,383,78.6,19,0.46987
2025-07-24T12:45:00,383,79.6,19,0.44791
2025-07-24T12:48:00,378,79.6,19,0.44791
2025-07-24T12:51:00,378,78.8,19,0.46548
2025-07-24T12:54:00,383,78.7,19,0.46768
2025-07-24T12:57:00,389,78.2,19,0.47865
2025-07-24T13:00:00,397,78.4,19,0.47426
2025-07-24T13:03:00,391,78,20,0.51403
2025-07-24T13:06:00,373,79.3,19,0.4545
2025-07-24T13:09:00,383,78.9,19,0.46328
2025-07-24T13:12:00,379,79,20,0.49066
2025-07-24T13:15:00,386,77.2,20,0.53272
2025-07-24T13:18:00,402,76.5,20,0.54907
2025-07-24T13:21:00,394,76.6,19,0.51378
2025-07-24T13:24:00,383,77.2,19,0.50061
2025-07-24T13:27:00,378,76.9,20,0.53973
2025-07-24T13:30:00,387,76.2,20,0.55608
2025-07-24T13:33:00,377,76.2,19,0.52257
2025-07-24T13:36:00,383,76.3,20,0.55375
2025-07-24T13:39:00,402,77.2,20,0.53272
2025-07-24T13:42:00,397,75.9,20,0.56309
2025-07-24T13:45:00,388,77.8,20,0.5187
2025-07-24T13:48:00,378,78.2,20,0.50935
2025-07-24T13:51:00,382,78.5,20,0.50234
2025-07-24T13:54:00,394,77.5,20,0.52571
2025-07-24T13:57:00,391,78.3,20,0.50702
2025-07-24T14:00:00,397,77,20,0.53739
2025-07-24T14:03:00,386,75.7,20,0.56776
2025-07-24T14:06:00,387,77.6,20,0.52337
2025-07-24T14:09:00,386,77.5,20,0.52571
2025-07-24T14:12:00,388,76.9,20,0.53973
2025-07-24T14:15:00,403,75.8,20,0.56543
2025-07-24T14:18:00,397,77.8,21,0.5517
2025-07-24T14:21:00,413,77.9,21,0.54922
2025-07-24T14:24:00,403,76.7,21,0.57904
2025-07-24T14:27:00,392,76,21,0.59644
2025-07-24T14:30:00,394,75.1,20,0.58178
2025-07-24T14:33:00,400,76.1,20,0.55842
2025-07-24T14:36:00,408,74.6,20,0.59347
2025-07-24T14:39:00,403,73.4,20,0.6215
2025-07-24T14:42:00,417,72.3,20,0.6472
2025-07-24T14:45:00,429,72.8,20,0.63552
2025-07-24T14:48:00,392,72.8,20,0.63552
2025-07-24T14:51:00,420,74.6,20,0.59347
2025-07-24T14:54:00,558,72.8,20,0.63552
2025-07-24T14:57:00,541,72.6,20,0.6402
2025-07-24T15:00:00,417,72.5,20,0.64253
2025-07-24T15:03:00,419,74.4,20,0.59814
2025-07-24T15:06:00,405,73.9,20,0.60982
2025-07-24T15:09:00,402,73.9,20,0.60982
2025-07-24T15:12:00,391,74.6,20,0.59347
2025-07-24T15:15:00,410,73.4,20,0.6215
2025-07-24T15:18:00,410,74.1,20,0.60515
2025-07-24T15:21:00,402,73.8,20,0.61216
2025-07-24T15:24:00,391,74,20,0.60748
2025-07-24T15:27:00,400,75.2,21,0.61632
2025-07-24T15:30:00,387,74.1,20,0.60515
2025-07-24T15:33:00,391,74.5,20,0.5958
2025-07-24T15:36:00,405,73.4,20,0.6215
2025-07-24T15:39:00,402,72,20,0.65421
2025-07-24T15:42:00,400,72.5,20,0.64253
2025-07-24T15:45:00,399,73.9,20,0.60982
2025-07-24T15:48:00,389,74.4,21,0.6362
2025-07-24T15:51:00,387,73.8,21,0.65111
2025-07-24T15:54:00,403,73.6,21,0.65608
2025-07-24T15:57:00,394,72.5,20,0.64253
2025-07-24T16:00:00,404,73.2,20,0.62618
2025-07-24T16:03:00,396,73.1,20,0.62851
2025-07-24T16:06:00,380,74.7,21,0.62874
2025-07-24T16:09:00,375,73.5,21,0.65857
2025-07-24T16:12:00,394,73.2,21,0.66602
2025-07-24T16:15:00,399,73.4,21,0.66105
2025-07-24T16:18:00,389,73.3,21,0.66354
2025-07-24T16:21:00,390,71.8,20,0.65889
2025-07-24T16:24:00,385,73.3,20,0.62384
2025-07-24T16:27:00,375,72.4,20,0.64487
2025-07-24T16:30:00,389,73,21,0.67099
2025-07-24T16:33:00,380,72.8,21,0.67596
2025-07-24T16:36:00,389,71.7,21,0.7033
2025-07-24T16:39:00,383,73.7,21,0.6536
2025-07-24T16:42:00,394,72.4,21,0.6859
2025-07-24T16:45:00,382,72.4,21,0.6859
2025-07-24T16:48:00,380,73.5,21,0.65857
2025-07-24T16:51:00,366,73.1,21,0.66851
2025-07-24T16:54:00,388,71.4,21,0.71075
2025-07-24T16:57:00,390,71.3,21,0.71324
2025-07-24T17:00:00,386,72.3,21,0.68839
2025-07-24T17:03:00,387,71.9,21,0.69833
2025-07-24T17:06:00,357,74.2,21,0.64117
2025-07-24T17:09:00,374,72.6,21,0.68093
2025-07-24T17:12:00,387,73.3,21,0.66354
2025-07-24T17:15:00,364,72.8,21,0.67596
2025-07-24T17:18:00,319,73.5,21,0.65857
2025-07-24T17:21:00,333,72.9,20,0.63319
2025-07-24T17:24:00,402,74.2,20,0.60281
2025-07-24T17:27:00,370,73.1,20,0.62851
2025-07-24T17:30:00,340,74.2,20,0.60281
2025-07-24T17:33:00,367,74.8,21,0.62626
2025-07-24T17:36:00,346,74.2,20,0.60281
2025-07-24T17:39:00,342,74.5,20,0.5958
2025-07-24T17:42:00,348.5,74.8,20,0.58879
2025-07-24T17:45:00,355,75.1,20,0.58178
2025-07-24T17:48:00,403,75.7,20,0.56776
2025-07-24T17:51:00,421,75.6,20,0.5701
2025-07-24T17:54:00,460,75.3,21,0.61383
2025-07-24T17:57:00,496,75.8,21,0.60141
2025-07-24T18:00:00,401,76.2,21,0.59147
2025-07-24T18:03:00,509,75.1,21,0.6188
2025-07-24T18:06:00,356,75.6,21,0.60638
2025-07-24T18:09:00,345,76.7,21,0.57904
2025-07-24T18:12:00,324,76.5,21,0.58401
2025-07-24T18:15:00,325,77.5,21,0.55916
2025-07-24T18:18:00,322,76.1,20,0.55842
2025-07-24T18:21:00,320,75.7,20,0.56776
2025-07-24T18:24:00,320,78.4,20,0.50468
2025-07-24T18:27:00,327,77.4,20,0.52804
2025-07-24T18:30:00,323,76.8,20,0.54206
2025-07-24T18:33:00,326,78.3,20,0.50702
2025-07-24T18:36:00,327,77.1,20,0.53505
2025-07-24T18:39:00,320,78.1,20,0.51169
2025-07-24T18:42:00,328,77.8,20,0.5187
2025-07-24T18:45:00,331,77.5,20,0.52571
2025-07-24T18:48:00,330,78.1,20,0.51169
2025-07-24T18:51:00,343,78.6,20,0.50001
2025-07-24T18:54:00,353,78.6,20,0.50001
2025-07-24T18:57:00,347,77.9,20,0.51636
2025-07-24T19:00:00,350,77.8,21,0.5517
2025-07-24T19:03:00,342,77.8,21,0.5517
2025-07-24T19:06:00,335,78.1,21,0.54425
2025-07-24T19:09:00,333,78,21,0.54673
2025-07-24T19:12:00,327,78.5,21,0.53431
2025-07-24T19:15:00,331,78.3,21,0.53928
2025-07-24T19:18:00,328,78.7,21,0.52934
2025-07-24T19:21:00,327,78.4,21,0.53679
2025-07-24T19:24:00,324,76.9,21,0.57407
2025-07-24T19:27:00,315,78.4,20,0.50468
2025-07-24T19:30:00,319,77.5,20,0.52571
2025-07-24T19:33:00,319,76.9,20,0.53973
2025-07-24T19:36:00,317,77.5,20,0.52571
2025-07-24T19:39:00,316,78.2,20,0.50935
2025-07-24T19:42:00,317,77.1,20,0.53505
2025-07-24T19:45:00,312,77.9,20,0.51636
2025-07-24T19:48:00,314,78.7,20,0.49767
2025-07-24T19:51:00,312,79.5,20,0.47898
2025-07-24T19:54:00,314,78.2,20,0.50935
2025-07-24T19:57:00,314,78.9,20,0.493
2025-07-24T20:00:00,312,79.5,20,0.47898
2025-07-24T20:03:00,0,78.8,20,0.49533
2025-07-24T20:06:00,0,79.9,20,0.46963
2025-07-24T20:09:00,0,81.6,20,0.42991
2025-07-24T20:12:00,0,81,20,0.44393
2025-07-24T20:15:00,0,81.6,20,0.42991
2025-07-24T20:18:00,0,81.7,20,0.42758
2025-07-24T20:21:00,0,82.3,20,0.41356
2025-07-24T20:24:00,0,82.9,20,0.39954
2025-07-24T20:27:00,0,82.9,20,0.39954
2025-07-24T20:30:00,0,82.6,20,0.40655
2025-07-24T20:33:00,0,83.7,20,0.38085
2025-07-24T20:36:00,0,83,20,0.3972
2025-07-24T20:39:00,0,82.9,20,0.39954
2025-07-24T20:42:00,0,83.5,20,0.38552
2025-07-24T20:45:00,0,83.1,19,0.37107
2025-07-24T20:48:00,0,83.5,19,0.36228
2025-07-24T20:51:00,0,83.6,19,0.36009
2025-07-24T20:54:00,0,84,19,0.35131
2025-07-24T20:57:00,0,84.1,19,0.34911
2025-07-24T21:00:00,0,84.5,19,0.34033
2025-07-24T21:03:00,0,84.9,19,0.33154
2025-07-24T21:06:00,0,84.7,19,0.33594
2025-07-24T21:09:00,0,84.85,19,0.33264
2025-07-24T21:12:00,0,85,19,0.32935
2025-07-24T21:15:00,0,85.3,19,0.32276
2025-07-24T21:18:00,0,85.4,19,0.32057
2025-07-24T21:21:00,0,84.9,19,0.33154
2025-07-24T21:24:00,0,85.5,19,0.31837
2025-07-24T21:27:00,0,85.5,19,0.31837
2025-07-24T21:30:00,0,85.9,19,0.30959
2025-07-24T21:33:00,0,86.2,19,0.303
2025-07-24T21:36:00,0,85.5,19,0.31837
2025-07-24T21:39:00,0,86,19,0.30739
2025-07-24T21:42:00,0,86.2,19,0.303
2025-07-24T21:45:00,0,86.3,19,0.30081
2025-07-24T21:48:00,0,86.6,19,0.29422
2025-07-24T21:51:00,0,87,19,0.28544
2025-07-24T21:54:00,0,87.1,18,0.26604
2025-07-24T21:57:00,0,87.3,18,0.26192
2025-07-24T22:00:00,0,86.7,19,0.29202
2025-07-24T22:03:00,0,86.8,18,0.27223
2025-07-24T22:06:00,0,87.4,18,0.25985
2025-07-24T22:09:00,0,87.3,18,0.26192
2025-07-24T22:12:00,0,87.9,18,0.24954
2025-07-24T22:15:00,0,87.8,18,0.2516
2025-07-24T22:18:00,0,87.6,18,0.25573
2025-07-24T22:21:00,0,88.1,18,0.24542
2025-07-24T22:24:00,0,88.2,18,0.24336
2025-07-24T22:27:00,0,88,18,0.24748
2025-07-24T22:30:00,0,88.3,18,0.24129
2025-07-24T22:33:00,0,88.5,18,0.23717
2025-07-24T22:36:00,0,88.3,18,0.24129
2025-07-24T22:39:00,0,88.7,18,0.23304
2025-07-24T22:42:00,0,88.7,18,0.23304
2025-07-24T22:45:00,0,88.5,18,0.23717
2025-07-24T22:48:00,0,89.1,18,0.22479
2025-07-24T22:51:00,0,88.8,18,0.23098
2025-07-24T22:54:00,0,88.5,18,0.23717
2025-07-24T22:57:00,0,88.8,18,0.23098
2025-07-24T23:00:00,0,88.5,18,0.23717
2025-07-24T23:03:00,0,88,18,0.24748
2025-07-24T23:06:00,0,88.1,18,0.24542
2025-07-24T23:09:00,0,88.2,18,0.24336
2025-07-24T23:12:00,0,88.3,18,0.24129
2025-07-24T23:15:00,0,88.5,18,0.23717
2025-07-24T23:18:00,0,87.9,18,0.24954
2025-07-24T23:21:00,0,87.9,18,0.24954
2025-07-24T23:24:00,0,87.7,18,0.25367
2025-07-24T23:27:00,0,88.2,18,0.24336
2025-07-24T23:30:00,0,88.5,18,0.23717
2025-07-24T23:33:00,0,88.7,18,0.23304
2025-07-24T23:36:00,0,88.2,18,0.24336
2025-07-24T23:39:00,0,87.4,18,0.25985
2025-07-24T23:42:00,0,87.3,18,0.26192
2025-07-24T23:45:00,0,87.6,18,0.25573
2025-07-24T23:48:00,0,87.9,18,0.24954
2025-07-24T23:51:00,0,87.5,18,0.25779
2025-07-24T23:54:00,0,87,18,0.2681
2025-07-24T23:57:00,0,86.7,18,0.27429
2025-07-25T00:00:00,0,86.7,19,0.29202
2025-07-25T00:03:00,0,86.3,19,0.30081
2025-07-25T00:06:00,0,85.3,19,0.32276
2025-07-25T00:09:00,0,85.1,19,0.32715
2025-07-25T00:12:00,0,85.9,19,0.30959
2025-07-25T00:15:00,0,85.6,19,0.31617
2025-07-25T00:18:00,0,84,19,0.35131
2025-07-25T00:21:00,0,84.3,19,0.34472
2025-07-25T00:24:00,0,84.7,19,0.33594
2025-07-25T00:27:00,0,83.5,19,0.36228
2025-07-25T00:30:00,0,83.8,19,0.3557
2025-07-25T00:33:00,0,82.8,19,0.37765
2025-07-25T00:36:00,0,82.3,19,0.38863
2025-07-25T00:39:00,0,82.2,19,0.39083
2025-07-25T00:42:00,0,81.6,19,0.404
2025-07-25T00:45:00,0,81.5,19,0.4062
2025-07-25T00:48:00,0,81.2,19,0.41278
2025-07-25T00:51:00,0,80.9,19,0.41937
2025-07-25T00:54:00,0,80.7,19,0.42376
2025-07-25T00:57:00,0,80.4,19,0.43035
2025-07-25T01:00:00,0,80.6,19,0.42596
2025-07-25T01:03:00,0,83.1,19,0.37107
2025-07-25T01:06:00,0,82,19,0.39522
2025-07-25T01:09:00,0,81.1,19,0.41498
2025-07-25T01:12:00,0,80.7,19,0.42376
2025-07-25T01:15:00,0,81.7,19,0.40181
2025-07-25T01:18:00,0,82.2,19,0.39083
2025-07-25T01:21:00,0,81.2,19,0.41278
2025-07-25T01:24:00,0,80.5,19,0.42815
2025-07-25T01:27:00,0,80,19,0.43913
2025-07-25T01:30:00,0,79.8,19,0.44352
2025-07-25T01:33:00,0,79.6,19,0.44791
2025-07-25T01:36:00,0,79.2,19,0.4567
2025-07-25T01:39:00,0,82.1,19,0.39302
2025-07-25T01:42:00,0,82.1,19,0.39302
2025-07-25T01:45:00,0,81.1,19,0.41498
2025-07-25T01:48:00,0,80.3,19,0.43254
2025-07-25T01:51:00,0,79.9,19,0.44133
2025-07-25T01:54:00,0,79.5,19,0.45011
2025-07-25T01:57:00,0,79.5,19,0.45011
2025-07-25T02:00:00,0,79.1,19,0.45889
2025-07-25T02:03:00,0,79.1,19,0.45889
2025-07-25T02:06:00,0,79.5,19,0.45011
2025-07-25T02:09:00,0,79.7,19,0.44572
2025-07-25T02:12:00,0,79.7,19,0.44572
2025-07-25T02:15:00,0,79.8,19,0.44352
2025-07-25T02:18:00,0,79.8,19,0.44352
2025-07-25T02:21:00,0,79.8,19,0.44352
2025-07-25T02:24:00,0,79.7,19,0.44572
2025-07-25T02:27:00,0,79.7,19,0.44572
2025-07-25T02:30:00,0,79.4,19,0.45231
2025-07-25T02:33:00,0,79.5,19,0.45011
2025-07-25T02:36:00,0,79.5,19,0.45011
2025-07-25T02:39:00,0,79.3,19,0.4545
2025-07-25T02:42:00,0,79.3,19,0.4545
2025-07-25T02:45:00,0,79.2,19,0.4567
2025-07-25T02:48:00,0,79.4,19,0.45231
2025-07-25T02:51:00,0,79.5,19,0.45011
2025-07-25T02:54:00,0,79.4,19,0.45231
2025-07-25T02:57:00,0,79.5,19,0.45011
2025-07-25T03:00:00,0,79.5,19,0.45011
2025-07-25T03:03:00,0,79.2,19,0.4567
2025-07-25T03:06:00,0,79.2,19,0.4567
2025-07-25T03:09:00,0,79.3,19,0.4545
2025-07-25T03:12:00,0,79.2,19,0.4567
2025-07-25T03:15:00,0,79.1,19,0.45889
2025-07-25T03:18:00,0,79,19,0.46109
2025-07-25T03:21:00,0,79,19,0.46109
2025-07-25T03:24:00,0,78.9,19,0.46328
2025-07-25T03:27:00,0,78.9,19,0.46328
2025-07-25T03:30:00,0,78.8,19,0.46548
2025-07-25T03:33:00,0,78.7,19,0.46768
2025-07-25T03:36:00,0,78.8,19,0.46548
2025-07-25T03:39:00,0,78.7,19,0.46768
2025-07-25T03:42:00,0,78.6,19,0.46987
2025-07-25T03:45:00,0,78.6,19,0.46987
2025-07-25T03:48:00,0,78.7,19,0.46768
2025-07-25T03:51:00,0,79.6,19,0.44791
2025-07-25T03:54:00,0,79.7,19,0.44572
2025-07-25T03:57:00,0,79.9,19,0.44133
2025-07-25T04:00:00,0,80.4,19,0.43035
2025-07-25T04:03:00,331,81.2,19,0.41278
2025-07-25T04:06:00,328,80,19,0.43913
2025-07-25T04:09:00,324,78.7,19,0.46768
2025-07-25T04:12:00,321,78.1,19,0.48085
2025-07-25T04:15:00,317,77.6,19,0.49183
2025-07-25T04:18:00,313,77.1,20,0.53505
2025-07-25T04:21:00,308,76.6,20,0.54674
2025-07-25T04:24:00,305,76.2,20,0.55608
2025-07-25T04:27:00,301,75.9,20,0.56309
2025-07-25T04:30:00,298,75.7,20,0.56776
2025-07-25T04:33:00,298,75.3,20,0.57711
2025-07-25T04:36:00,298,75.1,20,0.58178
2025-07-25T04:39:00,299,75.1,20,0.58178
2025-07-25T04:42:00,301,74.9,20,0.58646
2025-07-25T04:45:00,301,74.1,20,0.60515
2025-07-25T04:48:00,300,72.9,20,0.63319
2025-07-25T04:51:00,306,75,20,0.58412
2025-07-25T04:54:00,306,75,20,0.58412
2025-07-25T04:57:00,306,74.6,20,0.59347
2025-07-25T05:00:00,306,74.8,20,0.58879
2025-07-25T05:03:00,306,75.2,20,0.57945
2025-07-25T05:06:00,306,75.6,20,0.5701
2025-07-25T05:09:00,306,75.2,20,0.57945
2025-07-25T05:12:00,307,75.2,20,0.57945
2025-07-25T05:15:00,306,74.3,20,0.60048
2025-07-25T05:18:00,306,74.4,20,0.59814
2025-07-25T05:21:00,306,75,20,0.58412
2025-07-25T05:24:00,307,75.1,20,0.58178
2025-07-25T05:27:00,308,74.9,20,0.58646
2025-07-25T05:30:00,307,74.7,20,0.59113
2025-07-25T05:33:00,308,74.6,19,0.5577
2025-07-25T05:36:00,308,75,20,0.58412
2025-07-25T05:39:00,310,74.9,20,0.58646
2025-07-25T05:42:00,311,73.9,20,0.60982
2025-07-25T05:45:00,310,74,20,0.60748
2025-07-25T05:48:00,310,74.1,20,0.60515
2025-07-25T05:51:00,311,74.4,20,0.59814
2025-07-25T05:54:00,310,74.2,20,0.60281
2025-07-25T05:57:00,312,74.3,20,0.60048
2025-07-25T06:00:00,312,73.8,19,0.57526
2025-07-25T06:03:00,312,74.4,20,0.59814
2025-07-25T06:06:00,312,73.8,20,0.61216
2025-07-25T06:09:00,312,73,20,0.63085
2025-07-25T06:12:00,313,73.1,20,0.62851
2025-07-25T06:15:00,312,73.6,20,0.61683
2025-07-25T06:18:00,314,73.1,20,0.62851
2025-07-25T06:21:00,312,73,20,0.63085
2025-07-25T06:24:00,315,72.5,20,0.64253
2025-07-25T06:27:00,315,72.8,19,0.59722
2025-07-25T06:30:00,316,72.8,20,0.63552
2025-07-25T06:33:00,315,73.3,20,0.62384
2025-07-25T06:36:00,317,72.5,20,0.64253
2025-07-25T06:39:00,320,72.4,20,0.64487
2025-07-25T06:42:00,321,73.1,19,0.59063
2025-07-25T06:45:00,322,72.8,20,0.63552
2025-07-25T06:48:00,325,73.2,20,0.62618
2025-07-25T06:51:00,324,72.1,20,0.65188
2025-07-25T06:54:00,326,71.9,20,0.65655
2025-07-25T06:57:00,325,71.5,20,0.6659
2025-07-25T07:00:00,326,71.5,20,0.6659
2025-07-25T07:03:00,328,70.7,20,0.68459
2025-07-25T07:06:00,328,70.3,20,0.69393
2025-07-25T07:09:00,329,70,20,0.70094
2025-07-25T07:12:00,329,69.2,20,0.71964
2025-07-25T07:15:00,332,69.2,20,0.71964
2025-07-25T07:18:00,334,68.8,20,0.72898
2025-07-25T07:21:00,332,68.4,21,0.78531
2025-07-25T07:24:00,334,67.9,21,0.79773
2025-07-25T07:27:00,338,67.1,21,0.81762
2025-07-25T07:30:00,339,66,21,0.84495
2025-07-25T07:33:00,340,64.7,21,0.87726
2025-07-25T07:36:00,343,65.9,21,0.84744
2025-07-25T07:39:00,346,65.4,21,0.85986
2025-07-25T07:42:00,350,68.1,21,0.79276
2025-07-25T07:45:00,347,74.2,19,0.56648
2025-07-25T07:48:00,352.5,75.45,19,0.53903
2025-07-25T07:51:00,358,76.7,19,0.51159
2025-07-25T07:54:00,353,73.9,20,0.60982
2025-07-25T07:57:00,441,79,18,0.43309
2025-07-25T08:00:00,512,80.8,18,0.39597
2025-07-25T08:03:00,523,81.6,18,0.37947
2025-07-25T08:06:00,520,80.3,18,0.40628
2025-07-25T08:09:00,540,82.8,17,0.33302
2025-07-25T08:12:00,539,82,18,0.37122
2025-07-25T08:15:00,465,82.5,17,0.33883
2025-07-25T08:18:00,475,82.4,18,0.36297
2025-07-25T08:21:00,408,82.6,18,0.35885
2025-07-25T08:24:00,435,82.6,18,0.35885
2025-07-25T08:27:00,520,82.8,18,0.35472
2025-07-25T08:30:00,523,83,18,0.3506
2025-07-25T08:33:00,597,83.3,18,0.34441
2025-07-25T08:36:00,571,83.1,18,0.34853
2025-07-25T08:39:00,613,82.8,18,0.35472
2025-07-25T08:42:00,635,83,18,0.3506
2025-07-25T08:45:00,632,83,18,0.3506
2025-07-25T08:48:00,655,82.6,19,0.38204
2025-07-25T08:51:00,727,82.4,19,0.38644
2025-07-25T08:54:00,701,82.2,19,0.39083
2025-07-25T08:57:00,704,80.9,19,0.41937
2025-07-25T09:00:00,679,81.5,19,0.4062
2025-07-25T09:03:00,657,81.9,19,0.39741
2025-07-25T09:06:00,641,81.8,19,0.39961
2025-07-25T09:09:00,657,81.4,19,0.40839
2025-07-25T09:12:00,651,81.7,19,0.40181
2025-07-25T09:15:00,654,81.5,19,0.4062
2025-07-25T09:18:00,636,81.3,19,0.41059
2025-07-25T09:21:00,627,82.1,19,0.39302
2025-07-25T09:24:00,567,81.2,19,0.41278
2025-07-25T09:27:00,460,81.7,19,0.40181
2025-07-25T09:30:00,424,82.2,19,0.39083
2025-07-25T09:33:00,408,81.5,19,0.4062
2025-07-25T09:36:00,410,82.3,19,0.38863
2025-07-25T09:39:00,387,82.2,19,0.39083
2025-07-25T09:42:00,378,82.3,19,0.38863
2025-07-25T09:45:00,394,82.4,19,0.38644
2025-07-25T09:48:00,402,81.3,19,0.41059
2025-07-25T09:51:00,397,82,19,0.39522
2025-07-25T09:54:00,397,82.5,19,0.38424
2025-07-25T09:57:00,403,81.4,20,0.43459
2025-07-25T10:00:00,403,81.2,20,0.43926
2025-07-25T10:03:00,400,80.4,20,0.45795
2025-07-25T10:06:00,398,81.4,20,0.43459
2025-07-25T10:09:00,400,81.3,20,0.43692
2025-07-25T10:12:00,405,81.2,20,0.43926
2025-07-25T10:15:00,402,82,20,0.42057
2025-07-25T10:18:00,402,82.2,20,0.41589
2025-07-25T10:21:00,405,81.4,20,0.43459
2025-07-25T10:24:00,400,81,21,0.47218
2025-07-25T10:27:00,400,81.1,20,0.44159
2025-07-25T10:30:00,397,81,20,0.44393
2025-07-25T10:33:00,404,82.3,21,0.43987
2025-07-25T10:36:00,404,81.9,20,0.4229
2025-07-25T10:39:00,402,81.2,21,0.46721
2025-07-25T10:42:00,402,80,21,0.49703
2025-07-25T10:45:00,407,80.5,21,0.4846
2025-07-25T10:48:00,399,81.2,21,0.46721
2025-07-25T10:51:00,398,81,21,0.47218
2025-07-25T10:54:00,404,82.2,21,0.44236
2025-07-25T10:57:00,401,82.2,21,0.44236
2025-07-25T11:00:00,408,81.8,21,0.4523
2025-07-25T11:03:00,408,81.8,21,0.4523
2025-07-25T11:06:00,403,81.7,21,0.45478
2025-07-25T11:09:00,410,81.8,21,0.4523
2025-07-25T11:12:00,415,80.7,21,0.47963
2025-07-25T11:15:00,449,81.5,21,0.45975
2025-07-25T11:18:00,431,81,21,0.47218
2025-07-25T11:21:00,435,81.7,21,0.45478
2025-07-25T11:24:00,433,80.8,21,0.47715
2025-07-25T11:27:00,503,80.6,21,0.48212
2025-07-25T11:30:00,427,81,21,0.47218
2025-07-25T11:33:00,409,81.2,21,0.46721
2025-07-25T11:36:00,404,81.6,21,0.45727
2025-07-25T11:39:00,405,80.9,21,0.47466
2025-07-25T11:42:00,400,80.7,21,0.47963
2025-07-25T11:45:00,401,80.5,21,0.4846
2025-07-25T11:48:00,401,79.7,21,0.50449
2025-07-25T11:51:00,401,81.3,21,0.46472
2025-07-25T11:54:00,401,80.5,21,0.4846
2025-07-25T11:57:00,397,81.2,21,0.46721
2025-07-25T12:00:00,400,80.5,21,0.4846
2025-07-25T12:03:00,396,79.5,21,0.50946
2025-07-25T12:06:00,396,79.3,22,0.5469
2025-07-25T12:09:00,400,79.7,21,0.50449
2025-07-25T12:12:00,396,80.3,22,0.52048
2025-07-25T12:15:00,396,80,21,0.49703
2025-07-25T12:18:00,395,79.6,22,0.53898
2025-07-25T12:21:00,396,80.4,22,0.51784
2025-07-25T12:24:00,391,80,22,0.52841
2025-07-25T12:27:00,390,78.9,22,0.55747
2025-07-25T12:30:00,390,79.2,22,0.54955
2025-07-25T12:33:00,394,79.4,22,0.54426
2025-07-25T12:36:00,395,80,22,0.52841
2025-07-25T12:39:00,396,80,22,0.52841
2025-07-25T12:42:00,390,79.8,22,0.53369
2025-07-25T12:45:00,392,78.6,22,0.5654
2025-07-25T12:48:00,393,79.6,22,0.53898
2025-07-25T12:51:00,392,80,22,0.52841
2025-07-25T12:54:00,393,79.5,22,0.54162
2025-07-25T12:57:00,392,79.6,22,0.53898
2025-07-25T13:00:00,397,80.2,22,0.52313
2025-07-25T13:03:00,394,77.9,22,0.58389
2025-07-25T13:06:00,395,77.6,22,0.59182
2025-07-25T13:09:00,397,79.3,22,0.5469
2025-07-25T13:12:00,396,78.9,22,0.55747
2025-07-25T13:15:00,398,78.1,22,0.57861
2025-07-25T13:18:00,400,78.9,22,0.55747
2025-07-25T13:21:00,404,78.6,22,0.5654
2025-07-25T13:24:00,414,79,23,0.58958
2025-07-25T13:27:00,419,78.3,23,0.60924
2025-07-25T13:30:00,427,77.7,23,0.62608
2025-07-25T13:33:00,358,78.8,23,0.5952
2025-07-25T13:36:00,345,79.7,23,0.56993
2025-07-25T13:39:00,416,79.3,23,0.58116
2025-07-25T13:42:00,421,79.9,23,0.56432
2025-07-25T13:45:00,380,79.3,23,0.58116
2025-07-25T13:48:00,372,79.6,23,0.57274
2025-07-25T13:51:00,410,79.8,23,0.56712
2025-07-25T13:54:00,408,80.8,23,0.53905
2025-07-25T13:57:00,349,80.4,23,0.55028
2025-07-25T14:00:00,404,79.9,23,0.56432
2025-07-25T14:03:00,413,79.6,23,0.57274
2025-07-25T14:06:00,397,77.8,23,0.62327
2025-07-25T14:09:00,405,79.2,23,0.58397
2025-07-25T14:12:00,403,79.2,23,0.58397
2025-07-25T14:15:00,405,79.4,23,0.57835
2025-07-25T14:18:00,403,79.7,23,0.56993
2025-07-25T14:21:00,402,79.7,23,0.56993
2025-07-25T14:24:00,412,77.8,23,0.62327
2025-07-25T14:27:00,408,79.1,23,0.58678
2025-07-25T14:30:00,408,78.5,23,0.60362
2025-07-25T14:33:00,353,79.7,23,0.56993
2025-07-25T14:36:00,409,78.8,23,0.5952
2025-07-25T14:39:00,415,79.1,23,0.58678
2025-07-25T14:42:00,416,78.1,23,0.61485
2025-07-25T14:45:00,410,78.4,23,0.60643
2025-07-25T14:48:00,427,79.1,23,0.58678
2025-07-25T14:51:00,537,78.8,23,0.5952
2025-07-25T14:54:00,548,79,23,0.58958
2025-07-25T14:57:00,525,78.4,23,0.60643
2025-07-25T15:00:00,420,78.9,23,0.59239
2025-07-25T15:03:00,419,79.1,23,0.58678
2025-07-25T15:06:00,355,78.6,23,0.60081
2025-07-25T15:09:00,328,79.3,22,0.5469
2025-07-25T15:12:00,389,80.2,22,0.52313
2025-07-25T15:15:00,357,80.5,22,0.5152
2025-07-25T15:18:00,350,79.1,22,0.55219
2025-07-25T15:21:00,413,80.3,22,0.52048
2025-07-25T15:24:00,317,79,22,0.55483
2025-07-25T15:27:00,319,80,22,0.52841
2025-07-25T15:30:00,334,80,22,0.52841
2025-07-25T15:33:00,345,81,22,0.50199
2025-07-25T15:36:00,350,80.5,22,0.5152
2025-07-25T15:39:00,328,81,22,0.50199
2025-07-25T15:42:00,331,80.4,22,0.51784
2025-07-25T15:45:00,331,80.5,22,0.5152
2025-07-25T15:48:00,412,81.2,22,0.49671
2025-07-25T15:51:00,410,80.3,22,0.52048
2025-07-25T15:54:00,420,79.9,22,0.53105
2025-07-25T15:57:00,413,80,22,0.52841
2025-07-25T16:00:00,344,79.6,22,0.53898
2025-07-25T16:03:00,333,79.4,22,0.54426
2025-07-25T16:06:00,324,80.6,22,0.51256
2025-07-25T16:09:00,388,78.9,22,0.55747
2025-07-25T16:12:00,407,80.7,22,0.50992
2025-07-25T16:15:00,386,81,22,0.50199
2025-07-25T16:18:00,334,80.5,22,0.5152
2025-07-25T16:21:00,349,81,22,0.50199
2025-07-25T16:24:00,402,79.5,22,0.54162
2025-07-25T16:27:00,383,79.3,22,0.5469
2025-07-25T16:30:00,404,79.5,22,0.54162
2025-07-25T16:33:00,350,79.6,22,0.53898
2025-07-25T16:36:00,353,80,22,0.52841
2025-07-25T16:39:00,351,79.1,22,0.55219
2025-07-25T16:42:00,385,78.9,22,0.55747
2025-07-25T16:45:00,391,79.1,22,0.55219
2025-07-25T16:48:00,345,78.7,22,0.56276
2025-07-25T16:51:00,336,78.9,22,0.55747
2025-07-25T16:54:00,383,79.8,22,0.53369
2025-07-25T16:57:00,382,78.9,22,0.55747
2025-07-25T17:00:00,379,78.6,22,0.5654
2025-07-25T17:03:00,377,78.3,22,0.57332
2025-07-25T17:06:00,369,78.7,22,0.56276
2025-07-25T17:09:00,370,78.3,22,0.57332
2025-07-25T17:12:00,383,78.8,22,0.56011
2025-07-25T17:15:00,317,79,22,0.55483
2025-07-25T17:18:00,344,79.5,22,0.54162
2025-07-25T17:21:00,391,79.6,22,0.53898
2025-07-25T17:24:00,404,78.8,22,0.56011
2025-07-25T17:27:00,333,78.1,22,0.57861
2025-07-25T17:30:00,372,79.2,22,0.54955
2025-07-25T17:33:00,372,78.9,22,0.55747
2025-07-25T17:36:00,478,78.9,22,0.55747
2025-07-25T17:39:00,382,77.9,22,0.58389
2025-07-25T17:42:00,370,78.4,22,0.57068
2025-07-25T17:45:00,451,79.1,22,0.55219
2025-07-25T17:48:00,545,78.4,22,0.57068
2025-07-25T17:51:00,536,77.9,22,0.58389
2025-07-25T17:54:00,323,79.2,22,0.54955
2025-07-25T17:57:00,309,79.7,21,0.50449
2025-07-25T18:00:00,316,80.3,21,0.48958
2025-07-25T18:03:00,365,80.2,21,0.49206
2025-07-25T18:06:00,356,79.6,21,0.50697
2025-07-25T18:09:00,356,78.8,21,0.52685
2025-07-25T18:12:00,375,79,21,0.52188
2025-07-25T18:15:00,307,79.7,21,0.50449
2025-07-25T18:18:00,317,80.4,21,0.48709
2025-07-25T18:21:00,326,80,21,0.49703
2025-07-25T18:24:00,311,80.8,21,0.47715
2025-07-25T18:27:00,336,79.6,21,0.50697
2025-07-25T18:30:00,334,79.8,21,0.502
2025-07-25T18:33:00,330,79.5,21,0.50946
2025-07-25T18:36:00,325,80.3,21,0.48958
2025-07-25T18:39:00,323,80.1,21,0.49455
2025-07-25T18:42:00,317,79.3,21,0.51443
2025-07-25T18:45:00,318,79.8,20,0.47197
2025-07-25T18:48:00,318,79.1,20,0.48832
2025-07-25T18:51:00,315,79.3,20,0.48365
2025-07-25T18:54:00,314,79.4,20,0.48131
2025-07-25T18:57:00,309,80.2,20,0.46262
2025-07-25T19:00:00,309,80.4,20,0.45795
2025-07-25T19:03:00,303,80.3,20,0.46029
2025-07-25T19:06:00,308,80.3,20,0.46029
2025-07-25T19:09:00,307,80.4,20,0.45795
2025-07-25T19:12:00,304,80.7,20,0.45094
2025-07-25T19:15:00,305,80.7,20,0.45094
2025-07-25T19:18:00,301,80.5,20,0.45561
2025-07-25T19:21:00,301,80.7,20,0.45094
2025-07-25T19:24:00,298,80.6,20,0.45328
2025-07-25T19:27:00,297,80.8,20,0.4486
2025-07-25T19:30:00,292,81,20,0.44393
2025-07-25T19:33:00,293,81.7,20,0.42758
2025-07-25T19:36:00,293,81.4,20,0.43459
2025-07-25T19:39:00,292,81.6,20,0.42991
2025-07-25T19:42:00,293,82.4,20,0.41122
2025-07-25T19:45:00,291,82,20,0.42057
2025-07-25T19:48:00,290,82.6,20,0.40655
2025-07-25T19:51:00,289,81.6,20,0.42991
2025-07-25T19:54:00,293,81.8,19,0.39961
2025-07-25T19:57:00,290,82,19,0.39522
2025-07-25T20:00:00,0,81.3,19,0.41059
2025-07-25T20:03:00,0,82,19,0.39522
2025-07-25T20:06:00,0,82.3,19,0.38863
2025-07-25T20:09:00,0,82.9,19,0.37546
2025-07-25T20:12:00,0,82.2,19,0.39083
2025-07-25T20:15:00,0,82.9,19,0.37546
2025-07-25T20:18:00,0,83.1,19,0.37107
2025-07-25T20:21:00,0,83.1,19,0.37107
2025-07-25T20:24:00,0,82.6,19,0.38204
2025-07-25T20:27:00,0,82.7,19,0.37985
2025-07-25T20:30:00,0,81.9,19,0.39741
2025-07-25T20:33:00,0,82.6,19,0.38204
2025-07-25T20:36:00,0,82.8,19,0.37765
2025-07-25T20:39:00,0,82.3,18,0.36503
2025-07-25T20:42:00,0,82.6,18,0.35885
2025-07-25T20:45:00,0,82.6,18,0.35885
2025-07-25T20:48:00,0,82.2,18,0.3671
2025-07-25T20:51:00,0,82.2,18,0.3671
2025-07-25T20:54:00,0,82.6,18,0.35885
2025-07-25T20:57:00,0,82.4,18,0.36297
2025-07-25T21:00:00,0,82.6,18,0.35885
2025-07-25T21:03:00,0,82.6,18,0.35885
2025-07-25T21:06:00,0,82.8,18,0.35472
2025-07-25T21:09:00,0,82.9,18,0.35266
2025-07-25T21:12:00,0,83.1,18,0.34853
2025-07-25T21:15:00,0,83.1,18,0.34853
2025-07-25T21:18:00,0,83.7,18,0.33616
2025-07-25T21:21:00,0,83.6,18,0.33822
2025-07-25T21:24:00,0,82.3,18,0.36503
2025-07-25T21:27:00,0,82.7,18,0.35678
2025-07-25T21:30:00,0,81.8,18,0.37534
2025-07-25T21:33:00,0,82.6,17,0.33689
2025-07-25T21:36:00,0,82.65,17.5,0.34672
2025-07-25T21:39:00,0,82.7,18,0.35678
2025-07-25T21:42:00,0,81.5,18,0.38153
2025-07-25T21:45:00,0,81.7,18,0.37741
2025-07-25T21:48:00,0,80.3,18,0.40628
2025-07-25T21:51:00,0,80.7,18,0.39803
2025-07-25T21:54:00,0,79.7,18,0.41865
2025-07-25T21:57:00,0,80.3,18,0.40628
2025-07-25T22:00:00,0,80.4,18,0.40422
2025-07-25T22:03:00,0,80.3,18,0.40628
2025-07-25T22:06:00,0,78,18,0.45371
2025-07-25T22:09:00,0,76.9,18,0.4764
2025-07-25T22:12:00,0,77.1,18,0.47227
2025-07-25T22:15:00,0,77.2,18,0.47021
2025-07-25T22:18:00,0,79.6,18,0.42072
2025-07-25T22:21:00,0,80.6,18,0.40009
2025-07-25T22:24:00,0,80.8,18,0.39597
2025-07-25T22:27:00,0,79.7,18,0.41865
2025-07-25T22:30:00,0,79.3,18,0.4269
2025-07-25T22:33:00,0,80.3,18,0.40628
2025-07-25T22:36:00,0,81.1,18,0.38978
2025-07-25T22:39:00,0,80.3,19,0.43254
2025-07-25T22:42:00,0,79.5,19,0.45011
2025-07-25T22:45:00,0,79.5,19,0.45011
2025-07-25T22:48:00,0,80,19,0.43913
2025-07-25T22:51:00,0,81.5,19,0.4062
2025-07-25T22:54:00,0,80.3,19,0.43254
2025-07-25T22:57:00,0,78.6,19,0.46987
2025-07-25T23:00:00,0,78.7,19,0.46768
2025-07-25T23:03:00,0,79.8,19,0.44352
2025-07-25T23:06:00,0,80,19,0.43913
2025-07-25T23:09:00,0,80.6,19,0.42596
2025-07-25T23:12:00,0,79.7,19,0.44572
2025-07-25T23:15:00,0,78.4,19,0.47426
2025-07-25T23:18:00,0,80,19,0.43913
2025-07-25T23:21:00,0,78.3,19,0.47646
2025-07-25T23:24:00,0,77.4,19,0.49622
2025-07-25T23:27:00,0,76.4,19,0.51818
2025-07-25T23:30:00,0,76,19,0.52696
2025-07-25T23:33:00,0,75.2,19,0.54452
2025-07-25T23:36:00,0,79.3,19,0.4545
2025-07-25T23:39:00,0,77.1,19,0.50281
2025-07-25T23:42:00,0,76.2,19,0.52257
2025-07-25T23:45:00,0,75.2,19,0.54452
2025-07-25T23:48:00,0,78.7,19,0.46768
2025-07-25T23:51:00,0,76.8,19,0.50939
2025-07-25T23:54:00,0,75.5,19,0.53794
2025-07-25T23:57:00,0,74.8,19,0.55331
2025-07-26T00:00:00,0,74.1,19,0.56868
2025-07-26T00:03:00,0,73.9,19,0.57307
2025-07-26T00:06:00,0,73.4,19,0.58404
2025-07-26T00:09:00,0,73.9,19,0.57307
2025-07-26T00:12:00,0,73.9,19,0.57307
2025-07-26T00:15:00,0,73.6,19,0.57965
2025-07-26T00:18:00,0,73.7,19,0.57746
2025-07-26T00:21:00,0,73.4,19,0.58404
2025-07-26T00:24:00,0,73.3,19,0.58624
2025-07-26T00:27:00,0,73.1,19,0.59063
2025-07-26T00:30:00,0,72.8,19,0.59722
2025-07-26T00:33:00,0,72.8,19,0.59722
2025-07-26T00:36:00,0,73.5,19,0.58185
2025-07-26T00:39:00,0,73.8,19,0.57526
2025-07-26T00:42:00,0,74.2,19,0.56648
2025-07-26T00:45:00,0,74.4,19,0.56209
2025-07-26T00:48:00,0,74.6,19,0.5577
2025-07-26T00:51:00,0,74.7,19,0.5555
2025-07-26T00:54:00,0,74.6,19,0.5577
2025-07-26T00:57:00,0,74.6,19,0.5577
2025-07-26T01:00:00,0,74.8,19,0.55331
2025-07-26T01:03:00,0,75,19,0.54891
2025-07-26T01:06:00,0,75,19,0.54891
2025-07-26T01:09:00,0,75,19,0.54891
2025-07-26T01:12:00,0,75,19,0.54891
2025-07-26T01:15:00,0,75.2,19,0.54452
2025-07-26T01:18:00,0,75,19,0.54891
2025-07-26T01:21:00,0,75,19,0.54891
2025-07-26T01:24:00,0,75,19,0.54891
2025-07-26T01:27:00,0,75,19,0.54891
2025-07-26T01:30:00,0,75,19,0.54891
2025-07-26T01:33:00,0,75,19,0.54891
2025-07-26T01:36:00,0,75,19,0.54891
2025-07-26T01:39:00,0,74.8,19,0.55331
2025-07-26T01:42:00,0,74.7,19,0.5555
2025-07-26T01:45:00,0,74.7,19,0.5555
2025-07-26T01:48:00,0,74.5,19,0.55989
2025-07-26T01:51:00,0,74.4,19,0.56209
2025-07-26T01:54:00,0,74.4,19,0.56209
2025-07-26T01:57:00,0,74.9,19,0.55111
2025-07-26T02:00:00,0,75.6,19,0.53574
2025-07-26T02:03:00,0,75.6,19,0.53574
2025-07-26T02:06:00,0,76.1,19,0.52476
2025-07-26T02:09:00,0,78.1,19,0.48085
2025-07-26T02:12:00,0,79.3,19,0.4545
2025-07-26T02:15:00,0,79.9,19,0.44133
2025-07-26T02:18:00,0,80.4,19,0.43035
2025-07-26T02:21:00,0,81.6,19,0.404
2025-07-26T02:24:00,0,82.4,19,0.38644
2025-07-26T02:27:00,0,83,19,0.37326
2025-07-26T02:30:00,0,83.4,19,0.36448
2025-07-26T02:33:00,0,83.7,19,0.35789
2025-07-26T02:36:00,0,83.9,19,0.3535
2025-07-26T02:39:00,0,84,19,0.35131
2025-07-26T02:42:00,0,84.2,19,0.34691
2025-07-26T02:45:00,0,84.4,19,0.34252
2025-07-26T02:48:00,0,84.5,19,0.34033
2025-07-26T02:51:00,0,84.6,19,0.33813
2025-07-26T02:54:00,0,84.6,19,0.33813
2025-07-26T02:57:00,0,84.7,19,0.33594
2025-07-26T03:00:00,0,84.7,19,0.33594
2025-07-26T03:03:00,0,84.7,19,0.33594
2025-07-26T03:06:00,0,84.7,19,0.33594
2025-07-26T03:09:00,0,84.7,19,0.33594
2025-07-26T03:12:00,0,84.7,19,0.33594
2025-07-26T03:15:00,0,84.8,19,0.33374
2025-07-26T03:18:00,0,84.9,19,0.33154
2025-07-26T03:21:00,0,84.9,19,0.33154
2025-07-26T03:24:00,0,85,19,0.32935
2025-07-26T03:27:00,0,85.1,19,0.32715
2025-07-26T03:30:00,0,85.1,19,0.32715
2025-07-26T03:33:00,0,85.1,19,0.32715
2025-07-26T03:36:00,0,85.1,19,0.32715
2025-07-26T03:39:00,0,85.2,19,0.32496
2025-07-26T03:42:00,0,85.2,19,0.32496
2025-07-26T03:45:00,0,85.2,19,0.32496
2025-07-26T03:48:00,0,85.2,19,0.32496
2025-07-26T03:51:00,0,85.2,19,0.32496
2025-07-26T03:54:00,0,85.2,19,0.32496
2025-07-26T03:57:00,0,85.2,19,0.32496
2025-07-26T04:00:00,0,85.2,19,0.32496
2025-07-26T04:03:00,339,85,19,0.32935
2025-07-26T04:06:00,336,84.4,19,0.34252
2025-07-26T04:09:00,334,83.8,19,0.3557
2025-07-26T04:12:00,332,83.2,19,0.36887
2025-07-26T04:15:00,329,82.8,20,0.40187
2025-07-26T04:18:00,328,82.1,20,0.41823
2025-07-26T04:21:00,327,81,20,0.44393
2025-07-26T04:24:00,326,81.2,20,0.43926
2025-07-26T04:27:00,324,79.1,20,0.48832
2025-07-26T04:30:00,323,77.3,20,0.53038
2025-07-26T04:33:00,322,76,20,0.56076
2025-07-26T04:36:00,321,75.1,20,0.58178
2025-07-26T04:39:00,321,73.3,20,0.62384
2025-07-26T04:42:00,320,72.2,20,0.64954
2025-07-26T04:45:00,320,71.3,20,0.67057
2025-07-26T04:48:00,320,70.6,20,0.68692
2025-07-26T04:51:00,319,69.6,20,0.71029
2025-07-26T04:54:00,320,69.3,20,0.7173
2025-07-26T04:57:00,320,68.8,20,0.72898
2025-07-26T05:00:00,319,68.3,20,0.74066
2025-07-26T05:03:00,320,67.9,20,0.75001
2025-07-26T05:06:00,320,69.1,20,0.72197
2025-07-26T05:09:00,319,68.5,20,0.73599
2025-07-26T05:12:00,319,66.5,20,0.78272
2025-07-26T05:15:00,320,64.6,20,0.82711
2025-07-26T05:18:00,319,64.9,20,0.8201
2025-07-26T05:21:00,320,66,20,0.7944
2025-07-26T05:24:00,320,65.2,19,0.76409
2025-07-26T05:27:00,320,63.7,19,0.79702
2025-07-26T05:30:00,320,65.2,19,0.76409
2025-07-26T05:33:00,320,65.1,19,0.76628
2025-07-26T05:36:00,321,67,20,0.77104
2025-07-26T05:39:00,322,66.5,20,0.78272
2025-07-26T05:42:00,323,64.9,19,0.77068
2025-07-26T05:45:00,322,65.8,20,0.79908
2025-07-26T05:48:00,322,67.2,20,0.76637
2025-07-26T05:51:00,323,66.6,20,0.78038
2025-07-26T05:54:00,323,65.1,20,0.81543
2025-07-26T05:57:00,323,65.5,19,0.7575
2025-07-26T06:00:00,323,65.4,20,0.80842
2025-07-26T06:03:00,324,65.5,20,0.80609
2025-07-26T06:06:00,325,64.5,20,0.82945
2025-07-26T06:09:00,326,64.4,19,0.78165
2025-07-26T06:12:00,324,63.8,19,0.79483
2025-07-26T06:15:00,326,65,19,0.76848
2025-07-26T06:18:00,325,65.5,20,0.80609
2025-07-26T06:21:00,326,65.2,20,0.81309
2025-07-26T06:24:00,327,64.4,19,0.78165
2025-07-26T06:27:00,328,64.1,19,0.78824
2025-07-26T06:30:00,328,64.6,19,0.77726
2025-07-26T06:33:00,331,64.5,19,0.77946
2025-07-26T06:36:00,334,65,20,0.81777
2025-07-26T06:39:00,334,62.8,20,0.86917
2025-07-26T06:42:00,336,64,19,0.79044
2025-07-26T06:45:00,336,63.5,20,0.85281
2025-07-26T06:48:00,338,64.1,20,0.8388
2025-07-26T06:51:00,339,63.1,20,0.86216
2025-07-26T06:54:00,340,64.2,19,0.78605
2025-07-26T06:57:00,342,63.6,20,0.85048
2025-07-26T07:00:00,342,63.2,20,0.85982
2025-07-26T07:03:00,343,63.6,20,0.85048
2025-07-26T07:06:00,345,61.7,20,0.89487
2025-07-26T07:09:00,345,63.5,20,0.85281
2025-07-26T07:12:00,346,61.7,20,0.89487
2025-07-26T07:15:00,347,61.9,20,0.8902
2025-07-26T07:18:00,350,61.6,20,0.89721
2025-07-26T07:21:00,352,61.4,20,0.90188
2025-07-26T07:24:00,353,61.7,20,0.89487
2025-07-26T07:27:00,353,62.2,20,0.88319
2025-07-26T07:30:00,356,62.5,20,0.87618
2025-07-26T07:33:00,358,61.9,20,0.8902
2025-07-26T07:36:00,364,61.3,20,0.90422
2025-07-26T07:39:00,367,60.3,21,0.98661
2025-07-26T07:42:00,368,60.8,20,0.9159
2025-07-26T07:45:00,369,60.4,20,0.92525
2025-07-26T07:48:00,372,60.4,20,0.92525
2025-07-26T07:51:00,379,60.2,21,0.98909
2025-07-26T07:54:00,385,61.3,19,0.84972
2025-07-26T07:57:00,447,60.9,20,0.91356
2025-07-26T08:00:00,550,64.5,21,0.88223
2025-07-26T08:03:00,558,69.2,19,0.67626
2025-07-26T08:06:00,568,75.5,17,0.47436
2025-07-26T08:09:00,605,72.4,19,0.606
2025-07-26T08:12:00,588,68.8,19,0.68505
2025-07-26T08:15:00,523,75.1,17,0.4821
2025-07-26T08:18:00,535,75.5,18,0.50527
2025-07-26T08:21:00,459,71.2,18,0.59395
2025-07-26T08:24:00,422,77.6,17,0.4337
2025-07-26T08:27:00,576,76.2,18,0.49084
2025-07-26T08:30:00,569,76.8,18,0.47846
2025-07-26T08:33:00,651,72.7,19,0.59941
2025-07-26T08:36:00,636,69.7,19,0.66528
2025-07-26T08:39:00,665,75.6,18,0.50321
2025-07-26T08:42:00,682,76.6,18,0.48259
2025-07-26T08:45:00,697,72.1,20,0.65188
2025-07-26T08:48:00,716,76.5,17,0.455
2025-07-26T08:51:00,778,78.1,17,0.42402
2025-07-26T08:54:00,747,78.6,17,0.41434
2025-07-26T08:57:00,758,73.2,19,0.58844
2025-07-26T09:00:00,720,76.3,17,0.45887
2025-07-26T09:03:00,698,78.2,17,0.42208
2025-07-26T09:06:00,698,75.4,19,0.54013
2025-07-26T09:09:00,705,75.3,18,0.5094
2025-07-26T09:12:00,689,79.1,17,0.40466
2025-07-26T09:15:00,684,79.1,17,0.40466
2025-07-26T09:18:00,676,80.1,17,0.3853
2025-07-26T09:21:00,671,74.7,18,0.52177
2025-07-26T09:24:00,608,80,17,0.38723
2025-07-26T09:27:00,490,81.4,17,0.36013
2025-07-26T09:30:00,449,81.8,16,0.33066
2025-07-26T09:33:00,432,82.2,17,0.34464
2025-07-26T09:36:00,426,82.8,17,0.33302
2025-07-26T09:39:00,421,83,17,0.32915
2025-07-26T09:42:00,422,82,17,0.34851
2025-07-26T09:45:00,422,82.5,17,0.33883
2025-07-26T09:48:00,421,82.1,17,0.34657
2025-07-26T09:51:00,424,82.1,17,0.34657
2025-07-26T09:54:00,439,82.3,17,0.3427
2025-07-26T09:57:00,389,81.6,17,0.35625
2025-07-26T10:00:00,405,82.3,17,0.3427
2025-07-26T10:03:00,434,81.6,17,0.35625
2025-07-26T10:06:00,428,81.2,17,0.364
2025-07-26T10:09:00,422,80.9,17,0.36981
2025-07-26T10:12:00,423,81.1,17,0.36593
2025-07-26T10:15:00,418,81.5,17,0.35819
2025-07-26T10:18:00,416,81.9,17,0.35045
2025-07-26T10:21:00,416,81.5,17,0.35819
2025-07-26T10:24:00,416,80.7,17,0.37368
2025-07-26T10:27:00,413,80,17,0.38723
2025-07-26T10:30:00,415,80.3,17,0.38142
2025-07-26T10:33:00,413,80.7,17,0.37368
2025-07-26T10:36:00,415,81.8,17,0.35238
2025-07-26T10:39:00,418,79.7,17,0.39304
2025-07-26T10:42:00,419,80.3,17,0.38142
2025-07-26T10:45:00,421,79.7,17,0.39304
2025-07-26T10:48:00,427,79.7,17,0.39304
2025-07-26T10:51:00,426,79.3,17,0.40079
2025-07-26T10:54:00,421,80,17,0.38723
2025-07-26T10:57:00,419,79.8,17,0.3911
2025-07-26T11:00:00,421,81.1,17,0.36593
2025-07-26T11:03:00,419,79.9,17,0.38917
2025-07-26T11:06:00,424,78.8,18,0.43721
2025-07-26T11:09:00,446,79.3,17,0.40079
2025-07-26T11:12:00,433,79.6,17,0.39498
2025-07-26T11:15:00,463,80.5,18,0.40215
2025-07-26T11:18:00,443,81.2,18,0.38772
2025-07-26T11:21:00,452,80,18,0.41247
2025-07-26T11:24:00,463,79.5,18,0.42278
2025-07-26T11:27:00,528,79.7,18,0.41865
2025-07-26T11:30:00,459,79.6,18,0.42072
2025-07-26T11:33:00,433,79.8,18,0.41659
2025-07-26T11:36:00,445,80.5,18,0.40215
2025-07-26T11:39:00,367,79.3,18,0.4269
2025-07-26T11:42:00,359,80.05,17.5,0.39868
2025-07-26T11:45:00,351,80.8,17,0.37174
2025-07-26T11:48:00,374,80.7,18,0.39803
2025-07-26T11:51:00,449,80.4,18,0.40422
2025-07-26T11:54:00,432,81.2,17,0.364
2025-07-26T11:57:00,410,80.4,18,0.40422
2025-07-26T12:00:00,352,80.2,18,0.40834
2025-07-26T12:03:00,438,79.8,18,0.41659
2025-07-26T12:06:00,367,81,18,0.39184
2025-07-26T12:09:00,350,80.7,17,0.37368
2025-07-26T12:12:00,443,80.7,18,0.39803
2025-07-26T12:15:00,442,80,18,0.41247
2025-07-26T12:18:00,369,80.1,18,0.4104
2025-07-26T12:21:00,369,79.2,18,0.42897
2025-07-26T12:24:00,435,79,17,0.40659
2025-07-26T12:27:00,420,80,18,0.41247
2025-07-26T12:30:00,416,80.3,18,0.40628
2025-07-26T12:33:00,430,79.8,18,0.41659
2025-07-26T12:36:00,402,79.9,18,0.41453
2025-07-26T12:39:00,349,78.7,18,0.43928
2025-07-26T12:42:00,423,80.7,18,0.39803
2025-07-26T12:45:00,416,79.5,18,0.42278
2025-07-26T12:48:00,419,79.7,18,0.41865
2025-07-26T12:51:00,438,77.8,18,0.45784
2025-07-26T12:54:00,350,77.2,18,0.47021
2025-07-26T12:57:00,431,77.8,18,0.45784
2025-07-26T13:00:00,420,78.4,18,0.44546
2025-07-26T13:03:00,425,78.2,18,0.44959
2025-07-26T13:06:00,431,79,18,0.43309
2025-07-26T13:09:00,426,77.7,18,0.4599
2025-07-26T13:12:00,432,77.3,18,0.46815
2025-07-26T13:15:00,400,76.7,18,0.48052
2025-07-26T13:18:00,428,76.4,18,0.48671
2025-07-26T13:21:00,406,77.2,18,0.47021
2025-07-26T13:24:00,432,77.8,18,0.45784
2025-07-26T13:27:00,430,76.9,18,0.4764
2025-07-26T13:30:00,418,76.8,18,0.47846
2025-07-26T13:33:00,417,76.6,18,0.48259
2025-07-26T13:36:00,419,75.5,18,0.50527
2025-07-26T13:39:00,420,77.3,18,0.46815
2025-07-26T13:42:00,430,76.5,18,0.48465
2025-07-26T13:45:00,432,77.8,18,0.45784
2025-07-26T13:48:00,421,77.1,18,0.47227
2025-07-26T13:51:00,419,76.3,18,0.48877
2025-07-26T13:54:00,421,75.6,18,0.50321
2025-07-26T13:57:00,435,75.9,18,0.49702
2025-07-26T14:00:00,455,76.8,18,0.47846
2025-07-26T14:03:00,402,75.9,19,0.52915
2025-07-26T14:06:00,346,76.1,18,0.4929
2025-07-26T14:09:00,353,77.1,18,0.47227
2025-07-26T14:12:00,350,78.6,18,0.44134
2025-07-26T14:15:00,350,77.5,18,0.46402
2025-07-26T14:18:00,431,77.5,18,0.46402
2025-07-26T14:21:00,426,78.1,18,0.45165
2025-07-26T14:24:00,429,77.2,18,0.47021
2025-07-26T14:27:00,430,76.2,18,0.49084
2025-07-26T14:30:00,424,76.3,18,0.48877
2025-07-26T14:33:00,429,77.5,19,0.49402
2025-07-26T14:36:00,427,76.3,19,0.52037
2025-07-26T14:39:00,430,76.1,19,0.52476
2025-07-26T14:42:00,441,76.6,19,0.51378
2025-07-26T14:45:00,449,75.4,19,0.54013
2025-07-26T14:48:00,506,76.4,19,0.51818
2025-07-26T14:51:00,369,76.2,19,0.52257
2025-07-26T14:54:00,362,75.9,18,0.49702
2025-07-26T14:57:00,569,76.8,18,0.47846
2025-07-26T15:00:00,439,76.5,19,0.51598
2025-07-26T15:03:00,432,76,19,0.52696
2025-07-26T15:06:00,539,75.4,19,0.54013
2025-07-26T15:09:00,446,76.6,19,0.51378
2025-07-26T15:12:00,441,75.8,19,0.53135
2025-07-26T15:15:00,430,76.3,19,0.52037
2025-07-26T15:18:00,433,75.3,19,0.54233
2025-07-26T15:21:00,423,75.2,19,0.54452
2025-07-26T15:24:00,422,75.4,19,0.54013
2025-07-26T15:27:00,421,76.1,19,0.52476
2025-07-26T15:30:00,418,76,19,0.52696
2025-07-26T15:33:00,418,76.1,19,0.52476
2025-07-26T15:36:00,419,76.8,19,0.50939
2025-07-26T15:39:00,421,75.4,19,0.54013
2025-07-26T15:42:00,414,74.7,19,0.5555
2025-07-26T15:45:00,412,75.7,18,0.50115
2025-07-26T15:48:00,413,76.1,19,0.52476
2025-07-26T15:51:00,398,77,19,0.505
2025-07-26T15:54:00,410,75.6,19,0.53574
2025-07-26T15:57:00,409,75.2,19,0.54452
2025-07-26T16:00:00,471,76,19,0.52696
2025-07-26T16:03:00,412,76.6,19,0.51378
2025-07-26T16:06:00,406,76.4,19,0.51818
2025-07-26T16:09:00,403,75.8,19,0.53135
2025-07-26T16:12:00,404,76.3,19,0.52037
2025-07-26T16:15:00,405,75.5,19,0.53794
2025-07-26T16:18:00,415,75.3,19,0.54233
2025-07-26T16:21:00,405,75.7,19,0.53354
2025-07-26T16:24:00,410,76.8,19,0.50939
2025-07-26T16:27:00,327,75.1,19,0.54672
2025-07-26T16:30:00,328,75.8,18,0.49908
2025-07-26T16:33:00,398,76.6,18,0.48259
2025-07-26T16:36:00,379,77.4,18,0.46609
2025-07-26T16:39:00,323,78.1,18,0.45165
2025-07-26T16:42:00,324,78.1,18,0.45165
2025-07-26T16:45:00,397,77.2,18,0.47021
2025-07-26T16:48:00,398,78.1,18,0.45165
2025-07-26T16:51:00,397,77.3,18,0.46815
2025-07-26T16:54:00,395,76.3,18,0.48877
2025-07-26T16:57:00,392,77.1,18,0.47227
2025-07-26T17:00:00,393,77.1,19,0.50281
2025-07-26T17:03:00,390,77.7,19,0.48963
2025-07-26T17:06:00,389,76.1,19,0.52476
2025-07-26T17:09:00,390,76,19,0.52696
2025-07-26T17:12:00,408,76.3,19,0.52037
2025-07-26T17:15:00,415,76.5,19,0.51598
2025-07-26T17:18:00,393,76.5,18,0.48465
2025-07-26T17:21:00,439,76.9,19,0.5072
2025-07-26T17:24:00,398,75.5,19,0.53794
2025-07-26T17:27:00,387,75.6,19,0.53574
2025-07-26T17:30:00,385,76.1,19,0.52476
2025-07-26T17:33:00,408,75.9,19,0.52915
2025-07-26T17:36:00,523,76.4,19,0.51818
2025-07-26T17:39:00,454,75.9,19,0.52915
2025-07-26T17:42:00,395,75.9,19,0.52915
2025-07-26T17:45:00,413,76.4,19,0.51818
2025-07-26T17:48:00,578,76.1,19,0.52476
2025-07-26T17:51:00,575,76.8,19,0.50939
2025-07-26T17:54:00,539,77.8,19,0.48744
2025-07-26T17:57:00,394,76.7,18,0.48052
2025-07-26T18:00:00,547,77.4,18,0.46609
2025-07-26T18:03:00,327,75.7,18,0.50115
2025-07-26T18:06:00,378,76.8,18,0.47846
2025-07-26T18:09:00,377,76.6,18,0.48259
2025-07-26T18:12:00,435,76.3,18,0.48877
2025-07-26T18:15:00,449,77,18,0.47434
2025-07-26T18:18:00,363,77.3,18,0.46815
2025-07-26T18:21:00,358,77.7,18,0.4599
2025-07-26T18:24:00,354,77.1,18,0.47227
2025-07-26T18:27:00,350,77.4,18,0.46609
2025-07-26T18:30:00,347,77.2,18,0.47021
2025-07-26T18:33:00,345,77.5,18,0.46402
2025-07-26T18:36:00,342,77.2,18,0.47021
2025-07-26T18:39:00,341,77.8,18,0.45784
2025-07-26T18:42:00,341,77.9,18,0.45578
2025-07-26T18:45:00,340,77.8,18,0.45784
2025-07-26T18:48:00,339,78.2,18,0.44959
2025-07-26T18:51:00,338,78.2,18,0.44959
2025-07-26T18:54:00,337,78.5,18,0.4434
2025-07-26T18:57:00,335,78.7,18,0.43928
2025-07-26T19:00:00,335,78.3,18,0.44753
2025-07-26T19:03:00,333,77.8,18,0.45784
2025-07-26T19:06:00,334,77.8,18,0.45784
2025-07-26T19:09:00,332,78.4,18,0.44546
2025-07-26T19:12:00,331,78.3,18,0.44753
2025-07-26T19:15:00,328,79.2,18,0.42897
2025-07-26T19:18:00,328,79.3,18,0.4269
2025-07-26T19:21:00,327,79.6,18,0.42072
2025-07-26T19:24:00,326,79.3,18,0.4269
2025-07-26T19:27:00,323,80.1,18,0.4104
2025-07-26T19:30:00,323,80.3,18,0.40628
2025-07-26T19:33:00,320,80.3,18,0.40628
2025-07-26T19:36:00,320,80.6,18,0.40009
2025-07-26T19:39:00,317,80.2,17,0.38336
2025-07-26T19:42:00,315,79.8,17,0.3911
2025-07-26T19:45:00,317,80.6,17,0.37562
2025-07-26T19:48:00,317,79.8,17,0.3911
2025-07-26T19:51:00,316,80.6,17,0.37562
2025-07-26T19:54:00,315,80.5,17,0.37755
2025-07-26T19:57:00,315,80.4,17,0.37949
2025-07-26T20:00:00,315,80.3,17,0.38142
2025-07-26T20:03:00,0,80.5,17,0.37755
2025-07-26T20:06:00,0,81,17,0.36787
2025-07-26T20:09:00,0,81.4,17,0.36013
2025-07-26T20:12:00,0,81.1,17,0.36593
2025-07-26T20:15:00,0,81,17,0.36787
2025-07-26T20:18:00,0,81.2,17,0.364
2025-07-26T20:21:00,0,81.5,17,0.35819
2025-07-26T20:24:00,0,79.9,17,0.38917
2025-07-26T20:27:00,0,80.3,17,0.38142
2025-07-26T20:30:00,0,79.4,18,0.42484
2025-07-26T20:33:00,0,80.6,17,0.37562
2025-07-26T20:36:00,0,80.2,18,0.40834
2025-07-26T20:39:00,0,79.7,18,0.41865
2025-07-26T20:42:00,0,79.1,18,0.43103
2025-07-26T20:45:00,0,78.5,18,0.4434
2025-07-26T20:48:00,0,77.5,18,0.46402
2025-07-26T20:51:00,0,78.3,18,0.44753
2025-07-26T20:54:00,0,78.1,18,0.45165
2025-07-26T20:57:00,0,77.8,18,0.45784
2025-07-26T21:00:00,0,75.8,19,0.53135
2025-07-26T21:03:00,0,76,19,0.52696
2025-07-26T21:06:00,0,75.7,19,0.53354
2025-07-26T21:09:00,0,77.2,19,0.50061
2025-07-26T21:12:00,0,78.4,18,0.44546
2025-07-26T21:15:00,0,79.3,18,0.4269
2025-07-26T21:18:00,0,79.3,18,0.4269
2025-07-26T21:21:00,0,79.3,18,0.4269
2025-07-26T21:24:00,0,79.5,18,0.42278
2025-07-26T21:27:00,0,80,18,0.41247
2025-07-26T21:30:00,0,79.4,18,0.42484
2025-07-26T21:33:00,0,78.3,18,0.44753
2025-07-26T21:36:00,0,79.1,18,0.43103
2025-07-26T21:39:00,0,80.4,18,0.40422
2025-07-26T21:42:00,0,79.6,19,0.44791
2025-07-26T21:45:00,0,78.2,19,0.47865
2025-07-26T21:48:00,0,78.2,19,0.47865
2025-07-26T21:51:00,0,78.1,19,0.48085
2025-07-26T21:54:00,0,77.5,19,0.49402
2025-07-26T21:57:00,0,76,19,0.52696
2025-07-26T22:00:00,0,76.6,19,0.51378
2025-07-26T22:03:00,0,76.2,19,0.52257
2025-07-26T22:06:00,0,75.1,19,0.54672
2025-07-26T22:09:00,0,75.7,19,0.53354
2025-07-26T22:12:00,0,74.7,19,0.5555
2025-07-26T22:15:00,0,75.7,19,0.53354
2025-07-26T22:18:00,0,74.6,19,0.5577
2025-07-26T22:21:00,0,73.6,19,0.57965
2025-07-26T22:24:00,0,72.9,19,0.59502
2025-07-26T22:27:00,0,72.3,19,0.6082
2025-07-26T22:30:00,0,71.9,19,0.61698
2025-07-26T22:33:00,0,71.5,19,0.62576
2025-07-26T22:36:00,0,71.3,19,0.63015
2025-07-26T22:39:00,0,70.7,19,0.64333
2025-07-26T22:42:00,0,70.6,19,0.64552
2025-07-26T22:45:00,0,70.2,19,0.65431
2025-07-26T22:48:00,0,70.4,19,0.64991
2025-07-26T22:51:00,0,70.1,19,0.6565
2025-07-26T22:54:00,0,70.4,19,0.64991
2025-07-26T22:57:00,0,70.5,19,0.64772
2025-07-26T23:00:00,0,70.1,19,0.6565
2025-07-26T23:03:00,0,70.1,19,0.6565
2025-07-26T23:06:00,0,70.6,19,0.64552
2025-07-26T23:09:00,0,72,19,0.61478
2025-07-26T23:12:00,0,73,19,0.59283
2025-07-26T23:15:00,0,73.7,19,0.57746
2025-07-26T23:18:00,0,74.3,19,0.56428
2025-07-26T23:21:00,0,74.6,19,0.5577
2025-07-26T23:24:00,0,74.8,19,0.55331
2025-07-26T23:27:00,0,75,19,0.54891
2025-07-26T23:30:00,0,75.4,19,0.54013
2025-07-26T23:33:00,0,75.1,19,0.54672
2025-07-26T23:36:00,0,75.2,19,0.54452
2025-07-26T23:39:00,0,75.2,19,0.54452
2025-07-26T23:42:00,0,75,19,0.54891
2025-07-26T23:45:00,0,75,19,0.54891
2025-07-26T23:48:00,0,75.1,19,0.54672
2025-07-26T23:51:00,0,75,19,0.54891
2025-07-26T23:54:00,0,75,19,0.54891
2025-07-26T23:57:00,0,74.9,19,0.55111
2025-07-27T00:00:00,0,74.8,19,0.55331
2025-07-27T00:03:00,0,74.6,19,0.5577
2025-07-27T00:06:00,0,74.8,19,0.55331
2025-07-27T00:09:00,0,74.9,19,0.55111
2025-07-27T00:12:00,0,74.9,19,0.55111
2025-07-27T00:15:00,0,75.2,19,0.54452
2025-07-27T00:18:00,0,75.5,19,0.53794
2025-07-27T00:21:00,0,75.7,19,0.53354
2025-07-27T00:24:00,0,75.5,19,0.53794
2025-07-27T00:27:00,0,75.7,19,0.53354
2025-07-27T00:30:00,0,75.7,19,0.53354
2025-07-27T00:33:00,0,75.9,19,0.52915
2025-07-27T00:36:00,0,76.9,19,0.5072
2025-07-27T00:39:00,0,77.8,19,0.48744
2025-07-27T00:42:00,0,78.3,19,0.47646
2025-07-27T00:45:00,0,79.1,19,0.45889
2025-07-27T00:48:00,0,79.3,19,0.4545
2025-07-27T00:51:00,0,79.9,19,0.44133
2025-07-27T00:54:00,0,81,19,0.41717
2025-07-27T00:57:00,0,82,19,0.39522
2025-07-27T01:00:00,0,82.4,19,0.38644
2025-07-27T01:03:00,0,82.8,19,0.37765
2025-07-27T01:06:00,0,83.9,19,0.3535
2025-07-27T01:09:00,0,84.3,19,0.34472
2025-07-27T01:12:00,0,84.6,19,0.33813
2025-07-27T01:15:00,0,85.1,19,0.32715
2025-07-27T01:18:00,0,85.5,19,0.31837
2025-07-27T01:21:00,0,85.8,19,0.31178
2025-07-27T01:24:00,0,85.9,19,0.30959
2025-07-27T01:27:00,0,86.1,19,0.3052
2025-07-27T01:30:00,0,86.2,19,0.303
2025-07-27T01:33:00,0,86.4,19,0.29861
2025-07-27T01:36:00,0,86.4,19,0.29861
2025-07-27T01:39:00,0,86.4,19,0.29861
2025-07-27T01:42:00,0,86.5,19,0.29641
2025-07-27T01:45:00,0,86.5,19,0.29641
2025-07-27T01:48:00,0,86.6,19,0.29422
2025-07-27T01:51:00,0,86.7,19,0.29202
2025-07-27T01:54:00,0,86.8,19,0.28983
2025-07-27T01:57:00,0,86.8,19,0.28983
2025-07-27T02:00:00,0,86.9,19,0.28763
2025-07-27T02:03:00,0,87,19,0.28544
2025-07-27T02:06:00,0,87.4,19,0.27665
2025-07-27T02:09:00,0,87.6,19,0.27226
2025-07-27T02:12:00,0,87.8,19,0.26787
2025-07-27T02:15:00,0,88,19,0.26348
2025-07-27T02:18:00,0,88,19,0.26348
2025-07-27T02:21:00,0,88.2,19,0.25909
2025-07-27T02:24:00,0,88.2,19,0.25909
2025-07-27T02:27:00,0,88.3,19,0.25689
2025-07-27T02:30:00,0,88.3,19,0.25689
2025-07-27T02:33:00,0,88.4,19,0.2547
2025-07-27T02:36:00,0,88.3,19,0.25689
2025-07-27T02:39:00,0,88.4,19,0.2547
2025-07-27T02:42:00,0,88.3,19,0.25689
2025-07-27T02:45:00,0,88.3,19,0.25689
2025-07-27T02:48:00,0,88.3,19,0.25689
2025-07-27T02:51:00,0,88.3,19,0.25689
2025-07-27T02:54:00,0,88.3,19,0.25689
2025-07-27T02:57:00,0,88.4,19,0.2547
2025-07-27T03:00:00,0,88.3,19,0.25689
2025-07-27T03:03:00,0,88.3,19,0.25689
2025-07-27T03:06:00,0,88.3,19,0.25689
2025-07-27T03:09:00,0,88.3,19,0.25689
2025-07-27T03:12:00,0,88.2,19,0.25909
2025-07-27T03:15:00,0,88.2,19,0.25909
2025-07-27T03:18:00,0,88.2,19,0.25909
2025-07-27T03:21:00,0,88.3,19,0.25689
2025-07-27T03:24:00,0,88.4,19,0.2547
2025-07-27T03:27:00,0,88.3,19,0.25689
2025-07-27T03:30:00,0,88.3,19,0.25689
2025-07-27T03:33:00,0,88.2,19,0.25909
2025-07-27T03:36:00,0,88.2,19,0.25909
2025-07-27T03:39:00,0,88.2,19,0.25909
2025-07-27T03:42:00,0,88.2,19,0.25909
2025-07-27T03:45:00,0,88.1,19,0.26128
2025-07-27T03:48:00,0,88.2,19,0.25909
2025-07-27T03:51:00,0,88.1,19,0.26128
2025-07-27T03:54:00,0,88.1,19,0.26128
2025-07-27T03:57:00,0,88,19,0.26348
2025-07-27T04:00:00,0,88.1,19,0.26128
2025-07-27T04:03:00,342,87.9,19,0.26567
2025-07-27T04:06:00,339,87.2,19,0.28104
2025-07-27T04:09:00,338,86.4,20,0.31776
2025-07-27T04:12:00,336,84.7,20,0.35748
2025-07-27T04:15:00,334,82.3,20,0.41356
2025-07-27T04:18:00,333,80.7,20,0.45094
2025-07-27T04:21:00,331,79.5,20,0.47898
2025-07-27T04:24:00,330,77.8,20,0.5187
2025-07-27T04:27:00,328,77.4,20,0.52804
2025-07-27T04:30:00,327,76.7,20,0.5444
2025-07-27T04:33:00,328,76.1,20,0.55842
2025-07-27T04:36:00,326,75.7,20,0.56776
2025-07-27T04:39:00,326,74.7,20,0.59113
2025-07-27T04:42:00,326,74.2,20,0.60281
2025-07-27T04:45:00,326,73.9,20,0.60982
2025-07-27T04:48:00,326,72.9,20,0.63319
2025-07-27T04:51:00,326,72.5,20,0.64253
2025-07-27T04:54:00,323,71.9,20,0.65655
2025-07-27T04:57:00,323,72.2,20,0.64954
2025-07-27T05:00:00,325,71.8,20,0.65889
2025-07-27T05:03:00,323,72.4,20,0.64487
2025-07-27T05:06:00,325,70.1,20,0.69861
2025-07-27T05:09:00,324,70.4,20,0.6916
2025-07-27T05:12:00,323,71.6,20,0.66356
2025-07-27T05:15:00,324,72.2,20,0.64954
2025-07-27T05:18:00,323,72.1,20,0.65188
2025-07-27T05:21:00,323,71,20,0.67758
2025-07-27T05:24:00,324,70.8,20,0.68225
2025-07-27T05:27:00,324,71.3,20,0.67057
2025-07-27T05:30:00,324,71,20,0.67758
2025-07-27T05:33:00,326,71.3,20,0.67057
2025-07-27T05:36:00,326,70.2,20,0.69627
2025-07-27T05:39:00,325,69.6,20,0.71029
2025-07-27T05:42:00,324,70.7,20,0.68459
2025-07-27T05:45:00,325,70.6,20,0.68692
2025-07-27T05:48:00,325,70.4,20,0.6916
2025-07-27T05:51:00,327,69.7,20,0.70795
2025-07-27T05:54:00,327,68.5,20,0.73599
2025-07-27T05:57:00,327,69.2,19,0.67626
2025-07-27T06:00:00,327,69.5,20,0.71263
2025-07-27T06:03:00,326,69.4,20,0.71496
2025-07-27T06:06:00,327,69.2,20,0.71964
2025-07-27T06:09:00,328,68.6,20,0.73365
2025-07-27T06:12:00,327,69.1,19,0.67846
2025-07-27T06:15:00,328,68.8,19,0.68505
2025-07-27T06:18:00,328,69.2,20,0.71964
2025-07-27T06:21:00,328,69.1,20,0.72197
2025-07-27T06:24:00,328,68.9,19,0.68285
2025-07-27T06:27:00,328,69.7,20,0.70795
2025-07-27T06:30:00,327,68.5,19,0.69163
2025-07-27T06:33:00,329,68.3,20,0.74066
2025-07-27T06:36:00,332,67.4,20,0.76169
2025-07-27T06:39:00,337,68.7,19,0.68724
2025-07-27T06:42:00,343,68.9,19,0.68285
2025-07-27T06:45:00,342,68.2,19,0.69822
2025-07-27T06:48:00,341,68.7,20,0.73132
2025-07-27T06:51:00,338,66.9,20,0.77337
2025-07-27T06:54:00,332,67.6,20,0.75702
2025-07-27T06:57:00,332,67.2,20,0.76637
2025-07-27T07:00:00,331,67.3,20,0.76403
2025-07-27T07:03:00,331,68.5,19,0.69163
2025-07-27T07:06:00,331,68.2,19,0.69822
2025-07-27T07:09:00,333,68.5,20,0.73599
2025-07-27T07:12:00,334,67.3,20,0.76403
2025-07-27T07:15:00,336,67.3,19,0.71798
2025-07-27T07:18:00,341,68.7,19,0.68724
2025-07-27T07:21:00,339,68.2,20,0.743
2025-07-27T07:24:00,341,67.9,20,0.75001
2025-07-27T07:27:00,342,67.7,20,0.75468
2025-07-27T07:30:00,337,67,20,0.77104
2025-07-27T07:33:00,339,67.1,19,0.72237
2025-07-27T07:36:00,340,67.9,19,0.70481
2025-07-27T07:39:00,345,67.7,20,0.75468
2025-07-27T07:42:00,369,67.5,20,0.75936
2025-07-27T07:45:00,369,68.2,20,0.743
2025-07-27T07:48:00,373,67.4,20,0.76169
2025-07-27T07:51:00,378,66.9,20,0.77337
2025-07-27T07:54:00,383,66.7,20,0.77805
2025-07-27T07:57:00,398,66.2,20,0.78973
2025-07-27T08:00:00,467,66.4,20,0.78506
2025-07-27T08:03:00,523,65.9,20,0.79674
2025-07-27T08:06:00,532,66,20,0.7944
2025-07-27T08:09:00,564,63.9,21,0.89714
2025-07-27T08:12:00,535,64.9,21,0.87229
2025-07-27T08:15:00,496,63.3,21,0.91205
2025-07-27T08:18:00,504,65.2,21,0.86483
2025-07-27T08:21:00,410,76.4,18,0.48671
2025-07-27T08:24:00,410,79.6,18,0.42072
2025-07-27T08:27:00,361,75.5,19,0.53794
2025-07-27T08:30:00,356,74.6,19,0.5577
2025-07-27T08:33:00,361,75.7,19,0.53354
2025-07-27T08:36:00,367,74.1,20,0.60515
2025-07-27T08:39:00,369,74.3,19,0.56428
2025-07-27T08:42:00,350,77.2,19,0.50061
2025-07-27T08:45:00,345,75.6,20,0.5701
2025-07-27T08:48:00,343,76.1,19,0.52476
2025-07-27T08:51:00,346,74.5,20,0.5958
2025-07-27T08:54:00,349,73.4,20,0.6215
2025-07-27T08:57:00,351,76,19,0.52696
2025-07-27T09:00:00,358,76.2,19,0.52257
2025-07-27T09:03:00,360,75.7,20,0.56776
2025-07-27T09:06:00,367,74.8,20,0.58879
2025-07-27T09:09:00,400,76.1,19,0.52476
2025-07-27T09:12:00,385,76.8,18,0.47846
2025-07-27T09:15:00,440,77.8,19,0.48744
2025-07-27T09:18:00,535,77.9,19,0.48524
2025-07-27T09:21:00,626,76.8,19,0.50939
2025-07-27T09:24:00,600,77.4,18,0.46609
2025-07-27T09:27:00,503,80.1,18,0.4104
2025-07-27T09:30:00,463,76.4,20,0.55141
2025-07-27T09:33:00,447,74.7,19,0.5555
2025-07-27T09:36:00,435,81.1,17,0.36593
2025-07-27T09:39:00,430,81.7,17,0.35432
2025-07-27T09:42:00,425,81.7,17,0.35432
2025-07-27T09:45:00,424,82.3,17,0.3427
2025-07-27T09:48:00,421,82.4,17,0.34076
2025-07-27T09:51:00,419,82.9,17,0.33108
2025-07-27T09:54:00,421,82,17,0.34851
2025-07-27T09:57:00,419,81.9,17,0.35045
2025-07-27T10:00:00,420,81.7,17,0.35432
2025-07-27T10:03:00,421,81.7,17,0.35432
2025-07-27T10:06:00,423,82.6,17,0.33689
2025-07-27T10:09:00,424,82.2,18,0.3671
2025-07-27T10:12:00,435,81.9,18,0.37328
2025-07-27T10:15:00,421,80.6,18,0.40009
2025-07-27T10:18:00,421,81.6,18,0.37947
2025-07-27T10:21:00,421,81.6,18,0.37947
2025-07-27T10:24:00,422,81.2,18,0.38772
2025-07-27T10:27:00,421,80.4,18,0.40422
2025-07-27T10:30:00,424,80.3,18,0.40628
2025-07-27T10:33:00,431,82,18,0.37122
2025-07-27T10:36:00,419,81.7,18,0.37741
2025-07-27T10:39:00,437,81.1,19,0.41498
2025-07-27T10:42:00,420,81.7,18,0.37741
2025-07-27T10:45:00,421,79.7,18,0.41865
2025-07-27T10:48:00,419,80.6,18,0.40009
2025-07-27T10:51:00,419,80.8,18,0.39597
2025-07-27T10:54:00,426,79.7,18,0.41865
2025-07-27T10:57:00,422,79.8,18,0.41659
2025-07-27T11:00:00,422,79.9,18,0.41453
2025-07-27T11:03:00,425,80.4,19,0.43035
2025-07-27T11:06:00,441,79.4,19,0.45231
2025-07-27T11:09:00,449,80.6,19,0.42596
2025-07-27T11:12:00,460,79.2,19,0.4567
2025-07-27T11:15:00,453,78.8,19,0.46548
2025-07-27T11:18:00,443,79.1,19,0.45889
2025-07-27T11:21:00,470,80.4,19,0.43035
2025-07-27T11:24:00,408,78.8,19,0.46548
2025-07-27T11:27:00,495,77.2,19,0.50061
2025-07-27T11:30:00,411,78.5,19,0.47207
2025-07-27T11:33:00,424,79.4,19,0.45231
2025-07-27T11:36:00,380,78.6,19,0.46987
2025-07-27T11:39:00,402,76.6,19,0.51378
2025-07-27T11:42:00,433,76.5,19,0.51598
2025-07-27T11:45:00,432,77.9,19,0.48524
2025-07-27T11:48:00,432,78.8,19,0.46548
2025-07-27T11:51:00,441,79.6,20,0.47664
2025-07-27T11:54:00,368,77.6,20,0.52337
2025-07-27T11:57:00,359,79.1,19,0.45889
2025-07-27T12:00:00,466,78.9,19,0.46328
2025-07-27T12:03:00,405,78.6,20,0.50001
2025-07-27T12:06:00,416,77.6,19,0.49183
2025-07-27T12:09:00,457,78.4,20,0.50468
2025-07-27T12:12:00,386,78,19,0.48304
2025-07-27T12:15:00,452,78.3,19,0.47646
2025-07-27T12:18:00,379,79.3,19,0.4545
2025-07-27T12:21:00,367,79.2,19,0.4567
2025-07-27T12:24:00,359,79.5,19,0.45011
2025-07-27T12:27:00,357,79.4,19,0.45231
2025-07-27T12:30:00,351,79.9,19,0.44133
2025-07-27T12:33:00,345,80.1,19,0.43694
2025-07-27T12:36:00,349,79.7,19,0.44572
2025-07-27T12:39:00,390,79.1,19,0.45889
2025-07-27T12:42:00,374,79.3,19,0.4545
2025-07-27T12:45:00,376,79.4,18,0.42484
2025-07-27T12:48:00,416,78.3,18,0.44753
2025-07-27T12:51:00,433,77.5,18,0.46402
2025-07-27T12:54:00,408,77.3,19,0.49841
2025-07-27T12:57:00,419,77.9,19,0.48524
2025-07-27T13:00:00,435,78,19,0.48304
2025-07-27T13:03:00,408,76.4,19,0.51818
2025-07-27T13:06:00,368,76.6,19,0.51378
2025-07-27T13:09:00,363,77.8,19,0.48744
2025-07-27T13:12:00,353,78.8,19,0.46548
2025-07-27T13:15:00,361,78.2,19,0.47865
2025-07-27T13:18:00,361,78.2,19,0.47865
2025-07-27T13:21:00,391,78.9,19,0.46328
2025-07-27T13:24:00,400,79.2,19,0.4567
2025-07-27T13:27:00,391,78,19,0.48304
2025-07-27T13:30:00,384,77.4,19,0.49622
2025-07-27T13:33:00,388,78,19,0.48304
2025-07-27T13:36:00,420,77.7,19,0.48963
2025-07-27T13:39:00,392,76.4,19,0.51818
2025-07-27T13:42:00,386,78.2,19,0.47865
2025-07-27T13:45:00,381,76.8,19,0.50939
2025-07-27T13:48:00,383,77.8,19,0.48744
2025-07-27T13:51:00,394,78.6,19,0.46987
2025-07-27T13:54:00,424,78.4,19,0.47426
2025-07-27T13:57:00,461,77.9,19,0.48524
2025-07-27T14:00:00,476,78,19,0.48304
2025-07-27T14:03:00,470,78.4,20,0.50468
2025-07-27T14:06:00,439,77.5,20,0.52571
2025-07-27T14:09:00,443,78.6,20,0.50001
2025-07-27T14:12:00,386,76.7,19,0.51159
2025-07-27T14:15:00,383,77.8,19,0.48744
2025-07-27T14:18:00,425,78.6,19,0.46987
2025-07-27T14:21:00,400,77.8,19,0.48744
2025-07-27T14:24:00,446,77.9,19,0.48524
2025-07-27T14:27:00,397,77.1,19,0.50281
2025-07-27T14:30:00,380,76.3,19,0.52037
2025-07-27T14:33:00,386,77.3,19,0.49841
2025-07-27T14:36:00,422,76.3,19,0.52037
2025-07-27T14:39:00,421,76.2,19,0.52257
2025-07-27T14:42:00,447,75.8,19,0.53135
2025-07-27T14:45:00,446,75.1,20,0.58178
2025-07-27T14:48:00,516,75.2,20,0.57945
2025-07-27T14:51:00,495,75.4,20,0.57477
2025-07-27T14:54:00,353,74.6,19,0.5577
2025-07-27T14:57:00,539,76.4,19,0.51818
2025-07-27T15:00:00,353,77.1,19,0.50281
2025-07-27T15:03:00,453,75.8,19,0.53135
2025-07-27T15:06:00,424,75.8,19,0.53135
2025-07-27T15:09:00,408,74.8,19,0.55331
2025-07-27T15:12:00,412,75.7,19,0.53354
2025-07-27T15:15:00,462,76.6,19,0.51378
2025-07-27T15:18:00,408,76.4,19,0.51818
2025-07-27T15:21:00,380,75,19,0.54891
2025-07-27T15:24:00,370,75.9,19,0.52915
2025-07-27T15:27:00,367,77,19,0.505
2025-07-27T15:30:00,369,77.2,19,0.50061
2025-07-27T15:33:00,387,76.8,19,0.50939
2025-07-27T15:36:00,369,76.4,19,0.51818
2025-07-27T15:39:00,371,77.6,19,0.49183
2025-07-27T15:42:00,386,77.6,19,0.49183
2025-07-27T15:45:00,372,77.5,19,0.49402
2025-07-27T15:48:00,363,77.3,19,0.49841
2025-07-27T15:51:00,354,78.1,19,0.48085
2025-07-27T15:54:00,351,77.6,18,0.46196
2025-07-27T15:57:00,349,78,18,0.45371
2025-07-27T16:00:00,351,77.9,18,0.45578
2025-07-27T16:03:00,354,78.3,18,0.44753
2025-07-27T16:06:00,358,77.1,18,0.47227
2025-07-27T16:09:00,362,77.9,18,0.45578
2025-07-27T16:12:00,359,77.5,18,0.46402
2025-07-27T16:15:00,356,77.8,18,0.45784
2025-07-27T16:18:00,356,78,18,0.45371
2025-07-27T16:21:00,357,77.8,18,0.45784
2025-07-27T16:24:00,358,77.8,18,0.45784
2025-07-27T16:27:00,364,77,18,0.47434
2025-07-27T16:30:00,379,77.7,18,0.4599
2025-07-27T16:33:00,381,76.2,18,0.49084
2025-07-27T16:36:00,386,76.5,18,0.48465
2025-07-27T16:39:00,378,77.2,18,0.47021
2025-07-27T16:42:00,419,76.8,18,0.47846
2025-07-27T16:45:00,366,77.1,18,0.47227
2025-07-27T16:48:00,404,76.4,18,0.48671
2025-07-27T16:51:00,401,76.8,18,0.47846
2025-07-27T16:54:00,394,77.4,18,0.46609
2025-07-27T16:57:00,372,75.5,18,0.50527
2025-07-27T17:00:00,383,76.4,18,0.48671
2025-07-27T17:03:00,391,76.5,18,0.48465
2025-07-27T17:06:00,390,76,18,0.49496
2025-07-27T17:09:00,393,76.4,18,0.48671
2025-07-27T17:12:00,410,76.4,18,0.48671
2025-07-27T17:15:00,401,76.1,18,0.4929
2025-07-27T17:18:00,394,75.3,18,0.5094
2025-07-27T17:21:00,345,75.4,18,0.50733
2025-07-27T17:24:00,391,75.6,18,0.50321
2025-07-27T17:27:00,389,75.6,18,0.50321
2025-07-27T17:30:00,389,75.9,19,0.52915
2025-07-27T17:33:00,419,76,18,0.49496
2025-07-27T17:36:00,481,76.1,19,0.52476
2025-07-27T17:39:00,460,75.4,19,0.54013
2025-07-27T17:42:00,391,75,19,0.54891
2025-07-27T17:45:00,394,75.4,18,0.50733
2025-07-27T17:48:00,486,76.2,19,0.52257
2025-07-27T17:51:00,498,75.3,19,0.54233
2025-07-27T17:54:00,441,75.9,18,0.49702
2025-07-27T17:57:00,386,76.8,18,0.47846
2025-07-27T18:00:00,415,76,18,0.49496
2025-07-27T18:03:00,377,76,18,0.49496
2025-07-27T18:06:00,375,74.8,18,0.51971
2025-07-27T18:09:00,375,75.2,18,0.51146
2025-07-27T18:12:00,457,76,18,0.49496
2025-07-27T18:15:00,369,76,18,0.49496
2025-07-27T18:18:00,358,75,18,0.51558
2025-07-27T18:21:00,356,77,18,0.47434
2025-07-27T18:24:00,353,76.9,18,0.4764
2025-07-27T18:27:00,351,77.1,18,0.47227
2025-07-27T18:30:00,349,76.2,18,0.49084
2025-07-27T18:33:00,350,75.9,18,0.49702
2025-07-27T18:36:00,345,76.5,18,0.48465
2025-07-27T18:39:00,342,76.9,18,0.4764
2025-07-27T18:42:00,342,75.9,18,0.49702
2025-07-27T18:45:00,342,77.6,18,0.46196
2025-07-27T18:48:00,334,76.5,18,0.48465
2025-07-27T18:51:00,331,77.5,18,0.46402
2025-07-27T18:54:00,328,77.8,18,0.45784
2025-07-27T18:57:00,329,77.9,18,0.45578
2025-07-27T19:00:00,338,78.1,18,0.45165
2025-07-27T19:03:00,333,77.7,18,0.4599
2025-07-27T19:06:00,331,78.5,18,0.4434
2025-07-27T19:09:00,328,77.8,18,0.45784
2025-07-27T19:12:00,331,78.7,18,0.43928
2025-07-27T19:15:00,331,78.8,18,0.43721
2025-07-27T19:18:00,326,78.8,18,0.43721
2025-07-27T19:21:00,325,79.3,17,0.40079
2025-07-27T19:24:00,327,78.8,17,0.41047
2025-07-27T19:27:00,325,79.2,17,0.40272
2025-07-27T19:30:00,320,78.9,17,0.40853
2025-07-27T19:33:00,320,79.8,17,0.3911
2025-07-27T19:36:00,318,79.3,17,0.40079
2025-07-27T19:39:00,317,79.8,17,0.3911
2025-07-27T19:42:00,315,80.4,17,0.37949
2025-07-27T19:45:00,312,80.4,17,0.37949
2025-07-27T19:48:00,311,81,17,0.36787
2025-07-27T19:51:00,309,81,17,0.36787
2025-07-27T19:54:00,310,81.2,17,0.364
2025-07-27T19:57:00,310,81.9,17,0.35045
2025-07-27T20:00:00,310,83.1,17,0.32721
2025-07-27T20:03:00,0,85.2,17,0.28655
2025-07-27T20:06:00,0,84.2,17,0.30591
2025-07-27T20:09:00,0,84.4,17,0.30204
2025-07-27T20:12:00,0,84.2,17,0.30591
2025-07-27T20:15:00,0,83.2,17,0.32528
2025-07-27T20:18:00,0,81.8,18,0.37534
2025-07-27T20:21:00,0,80.5,18,0.40215
2025-07-27T20:24:00,0,80.4,18,0.40422
2025-07-27T20:27:00,0,80.5,18,0.40215
2025-07-27T20:30:00,0,81.3,18,0.38566
2025-07-27T20:33:00,0,80.1,18,0.4104
2025-07-27T20:36:00,0,80.8,18,0.39597
2025-07-27T20:39:00,0,81.1,18,0.38978
2025-07-27T20:42:00,0,82.2,18,0.3671
2025-07-27T20:45:00,0,82.4,18,0.36297
2025-07-27T20:48:00,0,81.9,18,0.37328
2025-07-27T20:51:00,0,82,18,0.37122
2025-07-27T20:54:00,0,81.6,18,0.37947
2025-07-27T20:57:00,0,81,18,0.39184
2025-07-27T21:00:00,0,81.6,18,0.37947
2025-07-27T21:03:00,0,80,18,0.41247
2025-07-27T21:06:00,0,79.1,18,0.43103
2025-07-27T21:09:00,0,77.9,18,0.45578
2025-07-27T21:12:00,0,77.1,18,0.47227
2025-07-27T21:15:00,0,76.6,18,0.48259
2025-07-27T21:18:00,0,76,18,0.49496
2025-07-27T21:21:00,0,75.7,18,0.50115
2025-07-27T21:24:00,0,75.2,18,0.51146
2025-07-27T21:27:00,0,75,18,0.51558
2025-07-27T21:30:00,0,74.8,18,0.51971
2025-07-27T21:33:00,0,74.6,18,0.52383
2025-07-27T21:36:00,0,74.6,18,0.52383
2025-07-27T21:39:00,0,74.4,18,0.52796
2025-07-27T21:42:00,0,74.2,18,0.53208
2025-07-27T21:45:00,0,74.4,18,0.52796
2025-07-27T21:48:00,0,74.5,18,0.52589
2025-07-27T21:51:00,0,74.6,18,0.52383
2025-07-27T21:54:00,0,74.7,18,0.52177
2025-07-27T21:57:00,0,74.8,18,0.51971
2025-07-27T22:00:00,0,75.4,18,0.50733
2025-07-27T22:03:00,0,75.8,18,0.49908
2025-07-27T22:06:00,0,76,18,0.49496
2025-07-27T22:09:00,0,76,19,0.52696
2025-07-27T22:12:00,0,77.1,19,0.50281
2025-07-27T22:15:00,0,77.4,19,0.49622
2025-07-27T22:18:00,0,77.6,19,0.49183
2025-07-27T22:21:00,0,78.1,19,0.48085
2025-07-27T22:24:00,0,79.3,19,0.4545
2025-07-27T22:27:00,0,79.5,19,0.45011
2025-07-27T22:30:00,0,80,19,0.43913
2025-07-27T22:33:00,0,80.7,19,0.42376
2025-07-27T22:36:00,0,81.1,19,0.41498
2025-07-27T22:39:00,0,81.6,19,0.404
2025-07-27T22:42:00,0,81.9,19,0.39741
2025-07-27T22:45:00,0,82.1,19,0.39302
2025-07-27T22:48:00,0,82.4,19,0.38644
2025-07-27T22:51:00,0,82.7,19,0.37985
2025-07-27T22:54:00,0,82.8,19,0.37765
2025-07-27T22:57:00,0,82.8,19,0.37765
2025-07-27T23:00:00,0,82.9,19,0.37546
2025-07-27T23:03:00,0,82.9,19,0.37546
2025-07-27T23:06:00,0,83.4,19,0.36448
2025-07-27T23:09:00,0,84.2,19,0.34691
2025-07-27T23:12:00,0,84.8,19,0.33374
2025-07-27T23:15:00,0,85.2,19,0.32496
2025-07-27T23:18:00,0,85.6,19,0.31617
2025-07-27T23:21:00,0,85.8,19,0.31178
2025-07-27T23:24:00,0,86.1,19,0.3052
2025-07-27T23:27:00,0,86.2,19,0.303
2025-07-27T23:30:00,0,86.3,19,0.30081
2025-07-27T23:33:00,0,86.5,19,0.29641
2025-07-27T23:36:00,0,86.5,19,0.29641
2025-07-27T23:39:00,0,86.6,19,0.29422
2025-07-27T23:42:00,0,86.8,19,0.28983
2025-07-27T23:45:00,0,86.9,19,0.28763
2025-07-27T23:48:00,0,86.9,19,0.28763
2025-07-27T23:51:00,0,87,19,0.28544
2025-07-27T23:54:00,0,87.1,19,0.28324
2025-07-27T23:57:00,0,87,19,0.28544
2025-07-28T00:00:00,0,87,19,0.28544
2025-07-28T00:03:00,0,86.9,19,0.28763
2025-07-28T00:06:00,0,86.9,19,0.28763
2025-07-28T00:09:00,0,86.9,19,0.28763
2025-07-28T00:12:00,0,86.9,19,0.28763
2025-07-28T00:15:00,0,86.9,19,0.28763
2025-07-28T00:18:00,0,86.8,19,0.28983
2025-07-28T00:21:00,0,86.9,19,0.28763
2025-07-28T00:24:00,0,86.8,19,0.28983
2025-07-28T00:27:00,0,86.8,19,0.28983
2025-07-28T00:30:00,0,86.8,19,0.28983
2025-07-28T00:33:00,0,87,19,0.28544
2025-07-28T00:36:00,0,87.3,19,0.27885
2025-07-28T00:39:00,0,87.4,19,0.27665
2025-07-28T00:42:00,0,87.6,19,0.27226
2025-07-28T00:45:00,0,87.8,19,0.26787
2025-07-28T00:48:00,0,87.9,19,0.26567
2025-07-28T00:51:00,0,87.9,19,0.26567
2025-07-28T00:54:00,0,87.9,19,0.26567
2025-07-28T00:57:00,0,87.8,19,0.26787
2025-07-28T01:00:00,0,87.9,19,0.26567
2025-07-28T01:03:00,0,87.9,19,0.26567
2025-07-28T01:06:00,0,87.8,19,0.26787
2025-07-28T01:09:00,0,87.9,19,0.26567
2025-07-28T01:12:00,0,87.9,19,0.26567
2025-07-28T01:15:00,0,87.8,19,0.26787
2025-07-28T01:18:00,0,87.9,19,0.26567
2025-07-28T01:21:00,0,87.8,19,0.26787
2025-07-28T01:24:00,0,87.8,19,0.26787
2025-07-28T01:27:00,0,87.8,19,0.26787
2025-07-28T01:30:00,0,87.8,19,0.26787
2025-07-28T01:33:00,0,87.8,19,0.26787
2025-07-28T01:36:00,0,87.7,19,0.27007
2025-07-28T01:39:00,0,87.7,19,0.27007
2025-07-28T01:42:00,0,87.7,19,0.27007
2025-07-28T01:45:00,0,87.6,19,0.27226
2025-07-28T01:48:00,0,87.5,19,0.27446
2025-07-28T01:51:00,0,87.5,19,0.27446
2025-07-28T01:54:00,0,87.4,19,0.27665
2025-07-28T01:57:00,0,87.4,19,0.27665
2025-07-28T02:00:00,0,87.2,18,0.26398
2025-07-28T02:03:00,0,87.2,18,0.26398
2025-07-28T02:06:00,0,87.4,19,0.27665
2025-07-28T02:09:00,0,87.6,19,0.27226
2025-07-28T02:12:00,0,87.7,19,0.27007
2025-07-28T02:15:00,0,87.8,18,0.2516
2025-07-28T02:18:00,0,87.8,18,0.2516
2025-07-28T02:21:00,0,87.8,18,0.2516
2025-07-28T02:24:00,0,87.7,18,0.25367
2025-07-28T02:27:00,0,87.8,18,0.2516
2025-07-28T02:30:00,0,87.9,18,0.24954
2025-07-28T02:33:00,0,87.7,18,0.25367
2025-07-28T02:36:00,0,87.7,18,0.25367
2025-07-28T02:39:00,0,87.6,18,0.25573
2025-07-28T02:42:00,0,87.8,18,0.2516
2025-07-28T02:45:00,0,87.8,18,0.2516
2025-07-28T02:48:00,0,87.8,18,0.2516
2025-07-28T02:51:00,0,87.8,18,0.2516
2025-07-28T02:54:00,0,87.8,18,0.2516
2025-07-28T02:57:00,0,87.8,18,0.2516
2025-07-28T03:00:00,0,87.7,18,0.25367
2025-07-28T03:03:00,0,87.7,18,0.25367
2025-07-28T03:06:00,0,87.6,18,0.25573
2025-07-28T03:09:00,0,87.6,18,0.25573
2025-07-28T03:12:00,0,87.6,18,0.25573
2025-07-28T03:15:00,0,87.6,18,0.25573
2025-07-28T03:18:00,0,87.5,18,0.25779
2025-07-28T03:21:00,0,87.5,18,0.25779
2025-07-28T03:24:00,0,87.6,18,0.25573
2025-07-28T03:27:00,0,87.5,18,0.25779
2025-07-28T03:30:00,0,87.4,18,0.25985
2025-07-28T03:33:00,0,87.4,18,0.25985
2025-07-28T03:36:00,0,87.4,18,0.25985
2025-07-28T03:39:00,0,87.4,18,0.25985
2025-07-28T03:42:00,0,87.3,18,0.26192
2025-07-28T03:45:00,0,87.3,18,0.26192
2025-07-28T03:48:00,0,87.2,18,0.26398
2025-07-28T03:51:00,0,87.2,18,0.26398
2025-07-28T03:54:00,0,87.1,18,0.26604
2025-07-28T03:57:00,0,87.2,17,0.24783
2025-07-28T04:00:00,0,87.1,17,0.24977
2025-07-28T04:03:00,338,86.9,18,0.27017
2025-07-28T04:06:00,336,86.2,18,0.2846
2025-07-28T04:09:00,333,85.4,18,0.3011
2025-07-28T04:12:00,331,85,18,0.30935
2025-07-28T04:15:00,330,84.6,18,0.3176
2025-07-28T04:18:00,328,84.3,19,0.34472
2025-07-28T04:21:00,327,84,19,0.35131
2025-07-28T04:24:00,327,83.6,19,0.36009
2025-07-28T04:27:00,326,83.3,19,0.36667
2025-07-28T04:30:00,326,83,19,0.37326
2025-07-28T04:33:00,324,82.9,19,0.37546
2025-07-28T04:36:00,324,82.6,19,0.38204
2025-07-28T04:39:00,324,82.5,19,0.38424
2025-07-28T04:42:00,324,82.2,19,0.39083
2025-07-28T04:45:00,323,82,19,0.39522
2025-07-28T04:48:00,322,81.7,20,0.42758
2025-07-28T04:51:00,323,81.8,20,0.42524
2025-07-28T04:54:00,323,80.1,20,0.46496
2025-07-28T04:57:00,322,80.2,20,0.46262
2025-07-28T05:00:00,322,78.7,20,0.49767
2025-07-28T05:03:00,323,78.8,20,0.49533
2025-07-28T05:06:00,323,77.5,20,0.52571
2025-07-28T05:09:00,322,77.1,20,0.53505
2025-07-28T05:12:00,323,75.7,20,0.56776
2025-07-28T05:15:00,323,76.6,20,0.54674
2025-07-28T05:18:00,323,76.1,20,0.55842
2025-07-28T05:21:00,322,75.6,20,0.5701
2025-07-28T05:24:00,323,74.6,20,0.59347
2025-07-28T05:27:00,323,75.6,20,0.5701
2025-07-28T05:30:00,323,74.3,20,0.60048
2025-07-28T05:33:00,323,74.3,20,0.60048
2025-07-28T05:36:00,323,72.9,20,0.63319
2025-07-28T05:39:00,324,73.5,20,0.61917
2025-07-28T05:42:00,325,72.8,20,0.63552
2025-07-28T05:45:00,326,72.2,20,0.64954
2025-07-28T05:48:00,325,71.9,20,0.65655
2025-07-28T05:51:00,325,71.4,20,0.66823
2025-07-28T05:54:00,326,72.2,20,0.64954
2025-07-28T05:57:00,326,71.5,20,0.6659
2025-07-28T06:00:00,326,71.2,20,0.67291
2025-07-28T06:03:00,328,70.8,20,0.68225
2025-07-28T06:06:00,328,70.4,20,0.6916
2025-07-28T06:09:00,327,70,20,0.70094
2025-07-28T06:12:00,328,69.2,20,0.71964
2025-07-28T06:15:00,328,68.8,20,0.72898
2025-07-28T06:18:00,329,70.3,20,0.69393
2025-07-28T06:21:00,329,69.4,20,0.71496
2025-07-28T06:24:00,330,68.2,20,0.743
2025-07-28T06:27:00,330,67.9,20,0.75001
2025-07-28T06:30:00,332,69.2,20,0.71964
2025-07-28T06:33:00,333,68,20,0.74767
2025-07-28T06:36:00,334,67.4,20,0.76169
2025-07-28T06:39:00,334,67,20,0.77104
2025-07-28T06:42:00,336,67,20,0.77104
2025-07-28T06:45:00,337,66.3,20,0.78739
2025-07-28T06:48:00,339,65.6,20,0.80375
2025-07-28T06:51:00,339,65.4,20,0.80842
2025-07-28T06:54:00,339,64.9,20,0.8201
2025-07-28T06:57:00,342,64.7,20,0.82478
2025-07-28T07:00:00,343,64.2,20,0.83646
2025-07-28T07:03:00,345,63.7,20,0.84814
2025-07-28T07:06:00,346,63.6,20,0.85048
2025-07-28T07:09:00,347,63.2,20,0.85982
2025-07-28T07:12:00,347,62.7,20,0.87151
2025-07-28T07:15:00,349,64.5,20,0.82945
2025-07-28T07:18:00,351,63.1,20,0.86216
2025-07-28T07:21:00,353,61.4,20,0.90188
2025-07-28T07:24:00,354,61.7,20,0.89487
2025-07-28T07:27:00,355,61.9,20,0.8902
2025-07-28T07:30:00,356,60.2,20,0.92992
2025-07-28T07:33:00,358,61,20,0.91123
2025-07-28T07:36:00,361,61.4,20,0.90188
2025-07-28T07:39:00,364,60.2,20,0.92992
2025-07-28T07:42:00,366,58.3,20,0.97431
2025-07-28T07:45:00,368,57.2,20,1.00001
2025-07-28T07:48:00,369,59.5,20,0.94627
2025-07-28T07:51:00,375,60.1,20,0.93226
2025-07-28T07:54:00,379,57.7,20,0.98833
2025-07-28T07:57:00,387,58.1,20,0.97898
2025-07-28T08:00:00,484,57.3,20,0.99768
2025-07-28T08:03:00,523,57.6,20,0.99067
2025-07-28T08:06:00,545,55.9,20,1.03039
2025-07-28T08:09:00,556,55.7,20,1.03506
2025-07-28T08:12:00,551,56.1,21,1.09098
2025-07-28T08:15:00,509,53.8,20,1.07945
2025-07-28T08:18:00,501,54.4,21,1.13323
2025-07-28T08:21:00,502,54.3,20,1.06777
2025-07-28T08:24:00,458,55.7,20,1.03506
2025-07-28T08:27:00,496,55.8,19,0.97048
2025-07-28T08:30:00,595,55.7,20,1.03506
2025-07-28T08:33:00,591,53.5,20,1.08646
2025-07-28T08:36:00,654,55.1,19,0.98585
2025-07-28T08:39:00,604,62,20,0.88786
2025-07-28T08:42:00,649,68.6,17,0.60796
2025-07-28T08:45:00,668,67.2,18,0.67645
2025-07-28T08:48:00,676,67.4,18,0.67232
2025-07-28T08:51:00,684,68.1,19,0.70041
2025-07-28T08:54:00,739,65.9,20,0.79674
2025-07-28T08:57:00,701,61.9,19,0.83655
2025-07-28T09:00:00,673,64.9,19,0.77068
2025-07-28T09:03:00,671,65.9,18,0.70326
2025-07-28T09:06:00,678,64.5,19,0.77946
2025-07-28T09:09:00,669,64,19,0.79044
2025-07-28T09:12:00,667,61.9,20,0.8902
2025-07-28T09:15:00,652,63.4,20,0.85515
2025-07-28T09:18:00,655,64.6,19,0.77726
2025-07-28T09:21:00,644,64.2,20,0.83646
2025-07-28T09:24:00,608,63.4,20,0.85515
2025-07-28T09:27:00,534,62.2,21,0.93939
2025-07-28T09:30:00,476,71.6,17,0.54987
2025-07-28T09:33:00,457,71.5,17,0.55181
2025-07-28T09:36:00,417,70.2,18,0.61458
2025-07-28T09:39:00,432,71.7,17,0.54793
2025-07-28T09:42:00,428,71,17,0.56149
2025-07-28T09:45:00,427,72.4,17,0.53438
2025-07-28T09:48:00,425,72.5,17,0.53244
2025-07-28T09:51:00,424,72.3,17,0.53632
2025-07-28T09:54:00,424,71.7,17,0.54793
2025-07-28T09:57:00,425,71.7,17,0.54793
2025-07-28T10:00:00,426,68.6,18,0.64757
2025-07-28T10:03:00,428,66.2,19,0.74213
2025-07-28T10:06:00,432,63.6,20,0.85048
2025-07-28T10:09:00,443,69.9,17,0.58279
2025-07-28T10:12:00,448,71.7,17,0.54793
2025-07-28T10:15:00,426,70.5,17,0.57117
2025-07-28T10:18:00,421,75,16,0.4542
2025-07-28T10:21:00,426,67,18,0.68057
2025-07-28T10:24:00,421,72.7,16,0.49599
2025-07-28T10:27:00,419,71.8,17,0.546
2025-07-28T10:30:00,423,69.2,17,0.59634
2025-07-28T10:33:00,419,74,16,0.47237
2025-07-28T10:36:00,423,69.1,18,0.63726
2025-07-28T10:39:00,423,70.4,16,0.53778
2025-07-28T10:42:00,420,72.5,17,0.53244
2025-07-28T10:45:00,423,69.1,17,0.59827
2025-07-28T10:48:00,420,74.1,16,0.47056
2025-07-28T10:51:00,423,69.3,18,0.63314
2025-07-28T10:54:00,424,71.7,16,0.51416
2025-07-28T10:57:00,421,72,16,0.50871
2025-07-28T11:00:00,425,68.7,18,0.64551
2025-07-28T11:03:00,425,71.3,16,0.52143
2025-07-28T11:06:00,451,70.7,18,0.60426
2025-07-28T11:09:00,440,67.5,17,0.62925
2025-07-28T11:12:00,428,72.1,16,0.50689
2025-07-28T11:15:00,429,70.9,17,0.56342
2025-07-28T11:18:00,471,68.8,17,0.60408
2025-07-28T11:21:00,443,73.3,16,0.48509
2025-07-28T11:24:00,472,69.1,18,0.63726
2025-07-28T11:27:00,519,71,16,0.52688
2025-07-28T11:30:00,487,71.3,16,0.52143
2025-07-28T11:33:00,432,68.8,18,0.64345
2025-07-28T11:36:00,427,71,16,0.52688
2025-07-28T11:39:00,423,72.3,17,0.53632
2025-07-28T11:42:00,427,65.5,18,0.7115
2025-07-28T11:45:00,426,71.3,16,0.52143
2025-07-28T11:48:00,424,71.6,16,0.51598
2025-07-28T11:51:00,424,69.4,18,0.63107
2025-07-28T11:54:00,425,70.9,16,0.52869
2025-07-28T11:57:00,430,72.8,16,0.49417
2025-07-28T12:00:00,427,70.8,18,0.6022
2025-07-28T12:03:00,424,70.2,16,0.54141
2025-07-28T12:06:00,423,71.8,16,0.51234
2025-07-28T12:09:00,421,72.5,17,0.53244
2025-07-28T12:12:00,430,69.7,17,0.58666
2025-07-28T12:15:00,429,72.1,16,0.50689
2025-07-28T12:18:00,426,71,18,0.59808
2025-07-28T12:21:00,426,71,17,0.56149
2025-07-28T12:24:00,419,72,16,0.50871
2025-07-28T12:27:00,427,71.9,16,0.51053
2025-07-28T12:30:00,430,66.9,18,0.68263
2025-07-28T12:33:00,432,71,16,0.52688
2025-07-28T12:36:00,434,70.6,17,0.56923
2025-07-28T12:39:00,361,70.2,18,0.61458
2025-07-28T12:42:00,417,70.6,16,0.53414
2025-07-28T12:45:00,375,72.2,16,0.50508
2025-07-28T12:48:00,413,72.4,17,0.53438
2025-07-28T12:51:00,426,66.1,18,0.69913
2025-07-28T12:54:00,430,69.3,17,0.5944
2025-07-28T12:57:00,428,71.9,17,0.54406
2025-07-28T13:00:00,428,73,17,0.52276
2025-07-28T13:03:00,430,67.8,18,0.66407
2025-07-28T13:06:00,432,71.2,16,0.52324
2025-07-28T13:09:00,420,72.1,17,0.54019
2025-07-28T13:12:00,424,70.9,18,0.60014
2025-07-28T13:15:00,415,69.1,17,0.59827
2025-07-28T13:18:00,416,69.5,17,0.59053
2025-07-28T13:21:00,421,68.6,16,0.57048
2025-07-28T13:24:00,417,69.6,17,0.58859
2025-07-28T13:27:00,422,69.2,17,0.59634
2025-07-28T13:30:00,419,68.4,17,0.61183
2025-07-28T13:33:00,419,68.2,18,0.65582
2025-07-28T13:36:00,422,68.3,17,0.61376
2025-07-28T13:39:00,419,68.6,16,0.57048
2025-07-28T13:42:00,419,70.9,16,0.52869
2025-07-28T13:45:00,417,69.2,18,0.6352
2025-07-28T13:48:00,416,70.2,17,0.57698
2025-07-28T13:51:00,415,68.4,16,0.57412
2025-07-28T13:54:00,414,69.2,16,0.55958
2025-07-28T13:57:00,415,69.2,18,0.6352
2025-07-28T14:00:00,416,70.2,17,0.57698
2025-07-28T14:03:00,416,70,17,0.58085
2025-07-28T14:06:00,416,69.8,17,0.58472
2025-07-28T14:09:00,417,69.3,18,0.63314
2025-07-28T14:12:00,424,67.6,17,0.62732
2025-07-28T14:15:00,422,68.5,17,0.60989
2025-07-28T14:18:00,421,70.4,17,0.5731
2025-07-28T14:21:00,427,66.4,17,0.65055
2025-07-28T14:24:00,425,69.1,17,0.59827
2025-07-28T14:27:00,383,67.8,17,0.62344
2025-07-28T14:30:00,434,67.6,19,0.71139
2025-07-28T14:33:00,428,69.7,17,0.58666
2025-07-28T14:36:00,420,69.2,17,0.59634
2025-07-28T14:39:00,424,68.5,17,0.60989
2025-07-28T14:42:00,427,70.2,17,0.57698
2025-07-28T14:45:00,435,66.2,17,0.65442
2025-07-28T14:48:00,517,67.5,17,0.62925
2025-07-28T14:51:00,537,70.2,17,0.57698
2025-07-28T14:54:00,558,65.6,18,0.70944
2025-07-28T14:57:00,498,68.2,17,0.6157
2025-07-28T15:00:00,431,67.6,17,0.62732
2025-07-28T15:03:00,433,69,17,0.60021
2025-07-28T15:06:00,513,63.6,19,0.79922
2025-07-28T15:09:00,429,66.6,17,0.64668
2025-07-28T15:12:00,438,67.7,17,0.62538
2025-07-28T15:15:00,423,69.3,17,0.5944
2025-07-28T15:18:00,424,66.1,18,0.69913
2025-07-28T15:21:00,424,66.4,17,0.65055
2025-07-28T15:24:00,422,69,17,0.60021
2025-07-28T15:27:00,423,65.4,19,0.7597
2025-07-28T15:30:00,422,67,17,0.63893
2025-07-28T15:33:00,418,67.5,17,0.62925
2025-07-28T15:36:00,416,68.2,17,0.6157
2025-07-28T15:39:00,416,66.4,19,0.73774
2025-07-28T15:42:00,417,66,17,0.6583
2025-07-28T15:45:00,414,68.4,18,0.6517
2025-07-28T15:48:00,416,64.7,19,0.77507
2025-07-28T15:51:00,413,68.8,16,0.56685
2025-07-28T15:54:00,411,69.4,17,0.59247
2025-07-28T15:57:00,409,69.2,17,0.59634
2025-07-28T16:00:00,454,67.5,19,0.71359
2025-07-28T16:03:00,438,66.4,17,0.65055
2025-07-28T16:06:00,411,69,17,0.60021
2025-07-28T16:09:00,408,66.6,19,0.73335
2025-07-28T16:12:00,406,67.65,18,0.66716
2025-07-28T16:15:00,404,68.7,17,0.60602
2025-07-28T16:18:00,401,69.5,17,0.59053
2025-07-28T16:21:00,403,70,17,0.58085
2025-07-28T16:24:00,408,65.9,18,0.70326
2025-07-28T16:27:00,406,69.2,17,0.59634
2025-07-28T16:30:00,367,69.2,17,0.59634
2025-07-28T16:33:00,358,69,17,0.60021
2025-07-28T16:36:00,350,67,18,0.68057
2025-07-28T16:39:00,350,65.9,19,0.74872
2025-07-28T16:42:00,358,65.8,19,0.75091
2025-07-28T16:45:00,367,64,19,0.79044
2025-07-28T16:48:00,363,65.4,18,0.71357
2025-07-28T16:51:00,377,64.7,18,0.728
2025-07-28T16:54:00,394,64.2,19,0.78605
2025-07-28T16:57:00,410,63.4,19,0.80361
2025-07-28T17:00:00,422,65.1,18,0.71975
2025-07-28T17:03:00,383,64,19,0.79044
2025-07-28T17:06:00,414,65.7,18,0.70738
2025-07-28T17:09:00,424,61.5,19,0.84533
2025-07-28T17:12:00,460,63.5,19,0.80142
2025-07-28T17:15:00,394,63.2,19,0.808
2025-07-28T17:18:00,418,62,19,0.83435
2025-07-28T17:21:00,431,62.3,19,0.82776
2025-07-28T17:24:00,421,59.7,20,0.9416
2025-07-28T17:27:00,422,56.2,21,1.0885
2025-07-28T17:30:00,382,59.4,19,0.89144
2025-07-28T17:33:00,384,62.4,19,0.82557
2025-07-28T17:36:00,391,63,18,0.76306
2025-07-28T17:39:00,368,65.9,18,0.70326
2025-07-28T17:42:00,374,64.4,19,0.78165
2025-07-28T17:45:00,384,62.7,20,0.87151
2025-07-28T17:48:00,367,62.6,20,0.87384
2025-07-28T17:51:00,391,61.6,20,0.89721
2025-07-28T17:54:00,383,61.4,20,0.90188
2025-07-28T17:57:00,389,60,20,0.93459
2025-07-28T18:00:00,407,63,19,0.81239
2025-07-28T18:03:00,363,60.2,20,0.92992
2025-07-28T18:06:00,404,57.5,20,0.993
2025-07-28T18:09:00,425,62.4,19,0.82557
2025-07-28T18:12:00,387,61.2,20,0.90655
2025-07-28T18:15:00,353,61.2,19,0.85192
2025-07-28T18:18:00,352,56.9,19,0.94633
2025-07-28T18:21:00,371,60.2,19,0.87387
2025-07-28T18:24:00,355,59.3,20,0.95095
2025-07-28T18:27:00,375,59.5,19,0.88924
2025-07-28T18:30:00,384,58.2,20,0.97665
2025-07-28T18:33:00,350,58.4,19,0.91339
2025-07-28T18:36:00,351,56.5,20,1.01637
2025-07-28T18:39:00,348,53.7,21,1.15063
2025-07-28T18:42:00,347,51.8,20,1.12618
2025-07-28T18:45:00,348,47.6,21,1.30222
2025-07-28T18:48:00,340,47.3,21,1.30968
2025-07-28T18:51:00,339,47.2,21,1.31216
2025-07-28T18:54:00,337,47.8,21,1.29725
2025-07-28T18:57:00,338,45.9,21,1.34447
2025-07-28T19:00:00,336,52.8,19,1.03635
2025-07-28T19:03:00,334,57.1,19,0.94194
2025-07-28T19:06:00,335,59.8,19,0.88265
2025-07-28T19:09:00,339,59.8,20,0.93926
2025-07-28T19:12:00,339,59.6,20,0.94394
2025-07-28T19:15:00,336,57.2,20,1.00001
2025-07-28T19:18:00,334,60.9,19,0.8585
2025-07-28T19:21:00,332,59.7,20,0.9416
2025-07-28T19:24:00,331,60.3,20,0.92758
2025-07-28T19:27:00,331,59.4,20,0.94861
2025-07-28T19:30:00,331,57.3,20,0.99768
2025-07-28T19:33:00,330,59.1,20,0.95562
2025-07-28T19:36:00,331,59.9,20,0.93693
2025-07-28T19:39:00,331,60.6,20,0.92057
2025-07-28T19:42:00,330,60.6,19,0.86509
2025-07-28T19:45:00,331,57.9,20,0.98366
2025-07-28T19:48:00,330,57,20,1.00469
2025-07-28T19:51:00,329,56.1,20,1.02571
2025-07-28T19:54:00,328,56.5,20,1.01637
2025-07-28T19:57:00,328,57.8,20,0.98599
2025-07-28T20:00:00,328,57.6,20,0.99067
2025-07-28T20:03:00,0,57.9,20,0.98366
2025-07-28T20:06:00,0,58.3,20,0.97431
2025-07-28T20:09:00,0,60.2,19,0.87387
2025-07-28T20:12:00,0,60.2,19,0.87387
2025-07-28T20:15:00,0,60.8,19,0.8607
2025-07-28T20:18:00,0,58.1,19,0.91998
2025-07-28T20:21:00,0,55.1,19,0.98585
2025-07-28T20:24:00,0,53.4,19,1.02318
2025-07-28T20:27:00,0,57.5,19,0.93315
2025-07-28T20:30:00,0,59.6,19,0.88705
2025-07-28T20:33:00,0,58.1,19,0.91998
2025-07-28T20:36:00,0,55.5,19,0.97707
2025-07-28T20:39:00,0,54.8,19,0.99244
2025-07-28T20:42:00,0,53.7,19,1.01659
2025-07-28T20:45:00,0,58.4,19,0.91339
2025-07-28T20:48:00,0,58.5,19,0.9112
2025-07-28T20:51:00,0,57,19,0.94413
2025-07-28T20:54:00,0,55.7,19,0.97268
2025-07-28T20:57:00,0,57.3,19,0.93755
2025-07-28T21:00:00,0,56.6,19,0.95292
2025-07-28T21:03:00,0,56.4,19,0.95731
2025-07-28T21:06:00,0,55.9,19,0.96828
2025-07-28T21:09:00,0,55.5,19,0.97707
2025-07-28T21:12:00,0,55.2,19,0.98365
2025-07-28T21:15:00,0,55,19,0.98805
2025-07-28T21:18:00,0,54.5,19,0.99902
2025-07-28T21:21:00,0,54.2,19,1.00561
2025-07-28T21:24:00,0,54,19,1.01
2025-07-28T21:27:00,0,53.9,19,1.0122
2025-07-28T21:30:00,0,53.9,19,1.0122
2025-07-28T21:33:00,0,53.8,19,1.01439
2025-07-28T21:36:00,0,54,19,1.01
2025-07-28T21:39:00,0,54.2,19,1.00561
2025-07-28T21:42:00,0,54.3,19,1.00342
2025-07-28T21:45:00,0,54.3,19,1.00342
2025-07-28T21:48:00,0,54.4,19,1.00122
2025-07-28T21:51:00,0,54.4,19,1.00122
2025-07-28T21:54:00,0,54.4,19,1.00122
2025-07-28T21:57:00,0,54.4,19,1.00122
2025-07-28T22:00:00,0,54.5,19,0.99902
2025-07-28T22:03:00,0,54.6,19,0.99683
2025-07-28T22:06:00,0,54.8,18,0.93217
2025-07-28T22:09:00,0,55.7,18,0.91361
2025-07-28T22:12:00,0,56.9,18,0.88887
2025-07-28T22:15:00,0,57.6,18,0.87443
2025-07-28T22:18:00,0,58.6,18,0.85381
2025-07-28T22:21:00,0,60.6,19,0.86509
2025-07-28T22:24:00,0,61.8,19,0.83874
2025-07-28T22:27:00,0,63,19,0.81239
2025-07-28T22:30:00,0,63.9,19,0.79263
2025-07-28T22:33:00,0,64.9,19,0.77068
2025-07-28T22:36:00,0,65.9,19,0.74872
2025-07-28T22:39:00,0,66.5,19,0.73555
2025-07-28T22:42:00,0,67.1,19,0.72237
2025-07-28T22:45:00,0,67.7,19,0.7092
2025-07-28T22:48:00,0,68,19,0.70261
2025-07-28T22:51:00,0,68.5,19,0.69163
2025-07-28T22:54:00,0,68.8,19,0.68505
2025-07-28T22:57:00,0,69.2,19,0.67626
2025-07-28T23:00:00,0,69.5,19,0.66968
2025-07-28T23:03:00,0,69.8,19,0.66309
2025-07-28T23:06:00,0,70.9,19,0.63894
2025-07-28T23:09:00,0,72.4,19,0.606
2025-07-28T23:12:00,0,73.6,19,0.57965
2025-07-28T23:15:00,0,74.6,19,0.5577
2025-07-28T23:18:00,0,75.3,19,0.54233
2025-07-28T23:21:00,0,75.9,19,0.52915
2025-07-28T23:24:00,0,76.4,19,0.51818
2025-07-28T23:27:00,0,76.6,19,0.51378
2025-07-28T23:30:00,0,77,19,0.505
2025-07-28T23:33:00,0,77.2,19,0.50061
2025-07-28T23:36:00,0,77.4,19,0.49622
2025-07-28T23:39:00,0,77.6,19,0.49183
2025-07-28T23:42:00,0,77.8,19,0.48744
2025-07-28T23:45:00,0,77.9,19,0.48524
2025-07-28T23:48:00,0,78,19,0.48304
2025-07-28T23:51:00,0,78.2,19,0.47865
2025-07-28T23:54:00,0,78.4,19,0.47426
2025-07-28T23:57:00,0,78.4,19,0.47426
2025-07-29T00:00:00,0,78.3,19,0.47646
2025-07-29T00:03:00,0,78.4,19,0.47426
2025-07-29T00:06:00,0,78.3,19,0.47646
2025-07-29T00:09:00,0,78.4,18,0.44546
2025-07-29T00:12:00,0,78.3,18,0.44753
2025-07-29T00:15:00,0,78.4,18,0.44546
2025-07-29T00:18:00,0,78.5,18,0.4434
2025-07-29T00:21:00,0,78.4,18,0.44546
2025-07-29T00:24:00,0,78.4,18,0.44546
2025-07-29T00:27:00,0,78.3,18,0.44753
2025-07-29T00:30:00,0,78.3,18,0.44753
2025-07-29T00:33:00,0,78.3,18,0.44753
2025-07-29T00:36:00,0,79,18,0.43309
2025-07-29T00:39:00,0,79.8,18,0.41659
2025-07-29T00:42:00,0,80.2,18,0.40834
2025-07-29T00:45:00,0,80.4,18,0.40422
2025-07-29T00:48:00,0,80.7,18,0.39803
2025-07-29T00:51:00,0,80.7,18,0.39803
2025-07-29T00:54:00,0,80.9,18,0.39391
2025-07-29T00:57:00,0,81.1,18,0.38978
2025-07-29T01:00:00,0,81.1,18,0.38978
2025-07-29T01:03:00,0,81.1,18,0.38978
2025-07-29T01:06:00,0,81.1,18,0.38978
2025-07-29T01:09:00,0,81.1,18,0.38978
2025-07-29T01:12:00,0,81.1,18,0.38978
2025-07-29T01:15:00,0,81,18,0.39184
2025-07-29T01:18:00,0,80.9,18,0.39391
2025-07-29T01:21:00,0,80.8,18,0.39597
2025-07-29T01:24:00,0,80.8,18,0.39597
2025-07-29T01:27:00,0,80.8,18,0.39597
2025-07-29T01:30:00,0,80.6,18,0.40009
2025-07-29T01:33:00,0,80.7,18,0.39803
2025-07-29T01:36:00,0,80.6,18,0.40009
2025-07-29T01:39:00,0,80.6,18,0.40009
2025-07-29T01:42:00,0,80.4,18,0.40422
2025-07-29T01:45:00,0,80.4,18,0.40422
2025-07-29T01:48:00,0,80.2,18,0.40834
2025-07-29T01:51:00,0,80.1,18,0.4104
2025-07-29T01:54:00,0,80.1,18,0.4104
2025-07-29T01:57:00,0,80,18,0.41247
2025-07-29T02:00:00,0,79.9,18,0.41453
2025-07-29T02:03:00,0,80.2,18,0.40834
2025-07-29T02:06:00,0,80.6,18,0.40009
2025-07-29T02:09:00,0,81,18,0.39184
2025-07-29T02:12:00,0,81.5,18,0.38153
2025-07-29T02:15:00,0,81.5,18,0.38153
2025-07-29T02:18:00,0,81.6,18,0.37947
2025-07-29T02:21:00,0,81.8,18,0.37534
2025-07-29T02:24:00,0,81.7,18,0.37741
2025-07-29T02:27:00,0,81.7,18,0.37741
2025-07-29T02:30:00,0,81.8,18,0.37534
2025-07-29T02:33:00,0,81.7,18,0.37741
2025-07-29T02:36:00,0,81.8,17,0.35238
2025-07-29T02:39:00,0,81.7,17,0.35432
2025-07-29T02:42:00,0,81.7,17,0.35432
2025-07-29T02:45:00,0,81.5,17,0.35819
2025-07-29T02:48:00,0,81.6,18,0.37947
2025-07-29T02:51:00,0,81.6,17,0.35625
2025-07-29T02:54:00,0,81.5,17,0.35819
2025-07-29T02:57:00,0,81.4,17,0.36013
2025-07-29T03:00:00,0,81.5,17,0.35819
2025-07-29T03:03:00,0,81.3,17,0.36206
2025-07-29T03:06:00,0,81.3,17,0.36206
2025-07-29T03:09:00,0,81.2,17,0.364
2025-07-29T03:12:00,0,81.1,17,0.36593
2025-07-29T03:15:00,0,80.9,17,0.36981
2025-07-29T03:18:00,0,81,17,0.36787
2025-07-29T03:21:00,0,80.9,17,0.36981
2025-07-29T03:24:00,0,80.9,17,0.36981
2025-07-29T03:27:00,0,80.9,17,0.36981
2025-07-29T03:30:00,0,80.8,17,0.37174
2025-07-29T03:33:00,0,80.7,17,0.37368
2025-07-29T03:36:00,0,80.6,17,0.37562
2025-07-29T03:39:00,0,80.5,17,0.37755
2025-07-29T03:42:00,0,80.5,17,0.37755
2025-07-29T03:45:00,0,80.4,17,0.37949
2025-07-29T03:48:00,0,80.5,17,0.37755
2025-07-29T03:51:00,0,80.4,17,0.37949
2025-07-29T03:54:00,0,80.4,17,0.37949
2025-07-29T03:57:00,0,80.4,17,0.37949
2025-07-29T04:00:00,338,80.4,17,0.37949
2025-07-29T04:03:00,336,79.9,17,0.38917
2025-07-29T04:06:00,334,79.4,17,0.39885
2025-07-29T04:09:00,332,78.8,17,0.41047
2025-07-29T04:12:00,330,78.2,18,0.44959
2025-07-29T04:15:00,328,77.8,18,0.45784
2025-07-29T04:18:00,328,77.3,18,0.46815
2025-07-29T04:21:00,326,77,18,0.47434
2025-07-29T04:24:00,324,76.9,18,0.4764
2025-07-29T04:27:00,323,76.5,18,0.48465
2025-07-29T04:30:00,323,76.4,18,0.48671
2025-07-29T04:33:00,322,76.1,19,0.52476
2025-07-29T04:36:00,322,75.9,19,0.52915
2025-07-29T04:39:00,321,75.5,19,0.53794
2025-07-29T04:42:00,322,75.3,19,0.54233
2025-07-29T04:45:00,321,75.2,19,0.54452
2025-07-29T04:48:00,321,75,19,0.54891
2025-07-29T04:51:00,321,74.5,19,0.55989
2025-07-29T04:54:00,320,74.2,19,0.56648
2025-07-29T04:57:00,320,74.1,19,0.56868
2025-07-29T05:00:00,321,73.9,19,0.57307
2025-07-29T05:03:00,320,73.7,19,0.57746
2025-07-29T05:06:00,321,73.5,19,0.58185
2025-07-29T05:09:00,321,73.1,19,0.59063
2025-07-29T05:12:00,321,72.8,20,0.63552
2025-07-29T05:15:00,322,72.7,20,0.63786
2025-07-29T05:18:00,321,72.5,20,0.64253
2025-07-29T05:21:00,321,71.5,20,0.6659
2025-07-29T05:24:00,321,71,20,0.67758
2025-07-29T05:27:00,320,68.9,20,0.72665
2025-07-29T05:30:00,321,67.7,20,0.75468
2025-07-29T05:33:00,320,66.6,19,0.73335
2025-07-29T05:36:00,321,66.5,20,0.78272
2025-07-29T05:39:00,321,65.4,19,0.7597
2025-07-29T05:42:00,322,66.1,19,0.74433
2025-07-29T05:45:00,322,65.1,19,0.76628
2025-07-29T05:48:00,323,65,19,0.76848
2025-07-29T05:51:00,323,64.2,19,0.78605
2025-07-29T05:54:00,324,64.1,19,0.78824
2025-07-29T05:57:00,324,63.2,19,0.808
2025-07-29T06:00:00,323,62.6,19,0.82118
2025-07-29T06:03:00,324,63.1,19,0.8102
2025-07-29T06:06:00,325,62.9,19,0.81459
2025-07-29T06:09:00,326,63.5,19,0.80142
2025-07-29T06:12:00,326,62.6,19,0.82118
2025-07-29T06:15:00,327,62.7,19,0.81898
2025-07-29T06:18:00,327,61.7,19,0.84094
2025-07-29T06:21:00,327,61.5,19,0.84533
2025-07-29T06:24:00,328,61.2,19,0.85192
2025-07-29T06:27:00,329,61.3,19,0.84972
2025-07-29T06:30:00,330,61.7,20,0.89487
2025-07-29T06:33:00,331,61.5,20,0.89954
2025-07-29T06:36:00,331,61.5,20,0.89954
2025-07-29T06:39:00,334,60.7,20,0.91824
2025-07-29T06:42:00,335,60.4,20,0.92525
2025-07-29T06:45:00,335,60.9,20,0.91356
2025-07-29T06:48:00,336,60.4,20,0.92525
2025-07-29T06:51:00,337,59.9,20,0.93693
2025-07-29T06:54:00,339,59.7,20,0.9416
2025-07-29T06:57:00,341,59.7,20,0.9416
2025-07-29T07:00:00,342,59.7,20,0.9416
2025-07-29T07:03:00,345,59.4,20,0.94861
2025-07-29T07:06:00,345,59.1,20,0.95562
2025-07-29T07:09:00,346,55.8,20,1.03272
2025-07-29T07:12:00,343,56.5,20,1.01637
2025-07-29T07:15:00,345,54.2,20,1.07011
2025-07-29T07:18:00,347,55.3,20,1.04441
2025-07-29T07:21:00,349,54.7,20,1.05843
2025-07-29T07:24:00,351,51.9,20,1.12385
2025-07-29T07:27:00,354,53.6,20,1.08413
2025-07-29T07:30:00,353,52.1,20,1.11917
2025-07-29T07:33:00,356,52.1,20,1.11917
2025-07-29T07:36:00,358,52.6,20,1.10749
2025-07-29T07:39:00,361,52.3,20,1.1145
2025-07-29T07:42:00,363,52.1,20,1.11917
2025-07-29T07:45:00,365,51.4,20,1.13553
2025-07-29T07:48:00,368,51.8,20,1.12618
2025-07-29T07:51:00,372,52.2,20,1.11684
2025-07-29T07:54:00,377,52.4,20,1.11216
2025-07-29T07:57:00,383,52,21,1.19287
2025-07-29T08:00:00,445,50.8,21,1.2227
2025-07-29T08:03:00,525,51.3,20,1.13787
2025-07-29T08:06:00,548,51,20,1.14487
2025-07-29T08:09:00,571,50.7,20,1.15188
2025-07-29T08:12:00,543,59.1,19,0.89802
2025-07-29T08:15:00,499,63,20,0.8645
2025-07-29T08:18:00,491,63.1,19,0.8102
2025-07-29T08:21:00,498,66.3,17,0.65249
2025-07-29T08:24:00,487,67.5,19,0.71359
2025-07-29T08:27:00,448,66.9,18,0.68263
2025-07-29T08:30:00,531,63.2,20,0.85982
2025-07-29T08:33:00,589,62.8,20,0.86917
2025-07-29T08:36:00,612,69.2,17,0.59634
2025-07-29T08:39:00,526,66.7,19,0.73115
2025-07-29T08:42:00,649,64.9,20,0.8201
2025-07-29T08:45:00,641,69.4,16,0.55595
2025-07-29T08:48:00,545,73.1,17,0.52083
2025-07-29T08:51:00,676,68.2,17,0.6157
2025-07-29T08:54:00,712,72.3,17,0.53632
2025-07-29T08:57:00,632,67.3,17,0.63313
2025-07-29T09:00:00,668,71.6,18,0.5857
2025-07-29T09:03:00,485,69.8,18,0.62282
2025-07-29T09:06:00,418,70.6,17,0.56923
2025-07-29T09:09:00,619,67.7,19,0.7092
2025-07-29T09:12:00,641,70.9,17,0.56342
2025-07-29T09:15:00,534,71.1,17,0.55955
2025-07-29T09:18:00,445,71.7,17,0.54793
2025-07-29T09:21:00,492,68.1,19,0.70041
2025-07-29T09:24:00,408,67.2,18,0.67645
2025-07-29T09:27:00,391,65.9,19,0.74872
2025-07-29T09:30:00,432,67.6,18,0.6682
2025-07-29T09:33:00,440,65.4,19,0.7597
2025-07-29T09:36:00,476,64,18,0.74244
2025-07-29T09:39:00,425,67.4,19,0.71578
2025-07-29T09:42:00,442,66.3,19,0.73994
2025-07-29T09:45:00,429,65.5,18,0.7115
2025-07-29T09:48:00,426,68.4,18,0.6517
2025-07-29T09:51:00,422,68.5,18,0.64963
2025-07-29T09:54:00,424,65.9,19,0.74872
2025-07-29T09:57:00,426,63,20,0.8645
2025-07-29T10:00:00,429,62.8,18,0.76719
2025-07-29T10:03:00,426,68.9,17,0.60215
2025-07-29T10:06:00,427,69.7,18,0.62489
2025-07-29T10:09:00,445,65,18,0.72182
2025-07-29T10:12:00,487,69.2,17,0.59634
2025-07-29T10:15:00,397,70,16,0.54505
2025-07-29T10:18:00,379,67.7,18,0.66613
2025-07-29T10:21:00,382,61.9,18,0.78575
2025-07-29T10:24:00,405,70.6,17,0.56923
2025-07-29T10:27:00,407,66.5,19,0.73555
2025-07-29T10:30:00,427,66.8,17,0.64281
2025-07-29T10:33:00,435,69.9,17,0.58279
2025-07-29T10:36:00,423,70.1,17,0.57891
2025-07-29T10:39:00,434,63.9,19,0.79263
2025-07-29T10:42:00,427,69.1,17,0.59827
2025-07-29T10:45:00,424,68.8,17,0.60408
2025-07-29T10:48:00,421,69.7,17,0.58666
2025-07-29T10:51:00,424,67.7,19,0.7092
2025-07-29T10:54:00,424,69.7,16,0.5505
2025-07-29T10:57:00,430,70.1,17,0.57891
2025-07-29T11:00:00,431,70.1,17,0.57891
2025-07-29T11:03:00,450,67.5,18,0.67026
2025-07-29T11:06:00,422,69.4,17,0.59247
2025-07-29T11:09:00,443,69.5,17,0.59053
2025-07-29T11:12:00,430,69.4,17,0.59247
2025-07-29T11:15:00,435,67,18,0.68057
2025-07-29T11:18:00,449,69.5,17,0.59053
2025-07-29T11:21:00,447,69,17,0.60021
2025-07-29T11:24:00,478,68.5,17,0.60989
2025-07-29T11:27:00,535,69.4,17,0.59247
2025-07-29T11:30:00,515,68,17,0.61957
2025-07-29T11:33:00,429,69.3,17,0.5944
2025-07-29T11:36:00,423,69.7,17,0.58666
2025-07-29T11:39:00,425,66.5,17,0.64861
2025-07-29T11:42:00,421,69.3,17,0.5944
2025-07-29T11:45:00,423,67.4,17,0.63119
2025-07-29T11:48:00,423,66,17,0.6583
2025-07-29T11:51:00,426,64.6,17,0.6854
2025-07-29T11:54:00,422,67.2,17,0.63506
2025-07-29T11:57:00,422,67.6,17,0.62732
2025-07-29T12:00:00,421,67.7,17,0.62538
2025-07-29T12:03:00,421,67.1,17,0.637
2025-07-29T12:06:00,421,65.8,17,0.66217
2025-07-29T12:09:00,422.5,65.2,17.5,0.69543
2025-07-29T12:12:00,424,64.6,18,0.73007
2025-07-29T12:15:00,424,68.7,17,0.60602
2025-07-29T12:18:00,426,68.1,16,0.57957
2025-07-29T12:21:00,425,67.7,18,0.66613
2025-07-29T12:24:00,417,67.3,17,0.63313
2025-07-29T12:27:00,414,68.5,17,0.60989
2025-07-29T12:30:00,419,69.2,17,0.59634
2025-07-29T12:33:00,421,69.1,17,0.59827
2025-07-29T12:36:00,425,68.1,17,0.61764
2025-07-29T12:39:00,413,68.9,16,0.56503
2025-07-29T12:42:00,408,67.5,17,0.62925
2025-07-29T12:45:00,410,66.5,18,0.69088
2025-07-29T12:48:00,410,68.4,17,0.61183
2025-07-29T12:51:00,434,67.9,16,0.5832
2025-07-29T12:54:00,438,67,17,0.63893
2025-07-29T12:57:00,438,69.2,17,0.59634
2025-07-29T13:00:00,438,69.8,17,0.58472
2025-07-29T13:03:00,435,69.6,17,0.58859
2025-07-29T13:06:00,448,68.3,17,0.61376
2025-07-29T13:09:00,438,69,17,0.60021
2025-07-29T13:12:00,435,69.5,17,0.59053
2025-07-29T13:15:00,413,69.2,17,0.59634
2025-07-29T13:18:00,410,69.7,17,0.58666
2025-07-29T13:21:00,434,68.7,17,0.60602
2025-07-29T13:24:00,429,68.6,17,0.60796
2025-07-29T13:27:00,430,68.6,17,0.60796
2025-07-29T13:30:00,432,69.6,17,0.58859
2025-07-29T13:33:00,429,69.8,17,0.58472
2025-07-29T13:36:00,421,69.5,17,0.59053
2025-07-29T13:39:00,421,68.3,18,0.65376
2025-07-29T13:42:00,415,68.3,17,0.61376
2025-07-29T13:45:00,411,68.3,18,0.65376
2025-07-29T13:48:00,410,68.9,17,0.60215
2025-07-29T13:51:00,412,68.5,17,0.60989
2025-07-29T13:54:00,412,68.1,18,0.65788
2025-07-29T13:57:00,413,68.1,17,0.61764
2025-07-29T14:00:00,419,69.3,17,0.5944
2025-07-29T14:03:00,424,70.1,18,0.61664
2025-07-29T14:06:00,432,68,17,0.61957
2025-07-29T14:09:00,438,68.8,17,0.60408
2025-07-29T14:12:00,443,67.7,18,0.66613
2025-07-29T14:15:00,441,67.8,18,0.66407
2025-07-29T14:18:00,440,68.3,18,0.65376
2025-07-29T14:21:00,442,68.2,18,0.65582
2025-07-29T14:24:00,441,67.9,18,0.66201
2025-07-29T14:27:00,440,68,18,0.65995
2025-07-29T14:30:00,420,67.8,18,0.66407
2025-07-29T14:33:00,460,68.8,18,0.64345
2025-07-29T14:36:00,465,67.4,18,0.67232
2025-07-29T14:39:00,419,66.2,18,0.69707
2025-07-29T14:42:00,380,66.7,18,0.68676
2025-07-29T14:45:00,372,68.4,17,0.61183
2025-07-29T14:48:00,400,70.2,18,0.61458
2025-07-29T14:51:00,491,70.1,18,0.61664
2025-07-29T14:54:00,522,66.4,18,0.69294
2025-07-29T14:57:00,423,68.2,18,0.65582
2025-07-29T15:00:00,459,68.1,18,0.65788
2025-07-29T15:03:00,460,69,18,0.63932
2025-07-29T15:06:00,419,70.2,19,0.65431
2025-07-29T15:09:00,400,68.3,18,0.65376
2025-07-29T15:12:00,405,68.8,18,0.64345
2025-07-29T15:15:00,387,69,18,0.63932
2025-07-29T15:18:00,383,69.1,18,0.63726
2025-07-29T15:21:00,380,67.8,18,0.66407
2025-07-29T15:24:00,372,69.4,18,0.63107
2025-07-29T15:27:00,362,69.8,18,0.62282
2025-07-29T15:30:00,359,69.4,17,0.59247
2025-07-29T15:33:00,359,70.4,17,0.5731
2025-07-29T15:36:00,363,69.7,17,0.58666
2025-07-29T15:39:00,360,70.3,17,0.57504
2025-07-29T15:42:00,357,72.4,17,0.53438
2025-07-29T15:45:00,358,70.3,17,0.57504
2025-07-29T15:48:00,354,70.1,17,0.57891
2025-07-29T15:51:00,356,71,17,0.56149
2025-07-29T15:54:00,353,70.9,17,0.56342
2025-07-29T15:57:00,350,70.8,17,0.56536
2025-07-29T16:00:00,361,71.3,17,0.55568
2025-07-29T16:03:00,370,71.4,17,0.55374
2025-07-29T16:06:00,380,71.5,17,0.55181
2025-07-29T16:09:00,376,71,17,0.56149
2025-07-29T16:12:00,372,71.1,17,0.55955
2025-07-29T16:15:00,386,72.1,17,0.54019
2025-07-29T16:18:00,380,70.1,17,0.57891
2025-07-29T16:21:00,423,71,17,0.56149
2025-07-29T16:24:00,369,70.9,17,0.56342
2025-07-29T16:27:00,378,71.6,17,0.54987
2025-07-29T16:30:00,378,71.3,17,0.55568
2025-07-29T16:33:00,369,70.3,17,0.57504
2025-07-29T16:36:00,399,72.6,17,0.53051
2025-07-29T16:39:00,400,72,17,0.54213
2025-07-29T16:42:00,393,72,17,0.54213
2025-07-29T16:45:00,393,72.1,18,0.57539
2025-07-29T16:48:00,393,71.3,18,0.59189
2025-07-29T16:51:00,389,71.3,17,0.55568
2025-07-29T16:54:00,386,71.7,17,0.54793
2025-07-29T16:57:00,386,71.9,18,0.57952
2025-07-29T17:00:00,385,70.2,18,0.61458
2025-07-29T17:03:00,383,70.6,17,0.56923
2025-07-29T17:06:00,384,71.3,17,0.55568
2025-07-29T17:09:00,394,71.5,17,0.55181
2025-07-29T17:12:00,409,70.3,18,0.61251
2025-07-29T17:15:00,389,70.8,17,0.56536
2025-07-29T17:18:00,422,70.6,17,0.56923
2025-07-29T17:21:00,396,69.2,18,0.6352
2025-07-29T17:24:00,384,69.1,17,0.59827
2025-07-29T17:27:00,384,69.2,17,0.59634
2025-07-29T17:30:00,409,70.9,18,0.60014
2025-07-29T17:33:00,396,69.7,18,0.62489
2025-07-29T17:36:00,501,69.9,17,0.58279
2025-07-29T17:39:00,528,69.2,18,0.6352
2025-07-29T17:42:00,458,68.5,18,0.64963
2025-07-29T17:45:00,416,69,17,0.60021
2025-07-29T17:48:00,401,70.2,17,0.57698
2025-07-29T17:51:00,517,70.1,17,0.57891
2025-07-29T17:54:00,387,71.7,17,0.54793
2025-07-29T17:57:00,484,70.8,17,0.56536
2025-07-29T18:00:00,374,70.3,17,0.57504
2025-07-29T18:03:00,371,70.3,17,0.57504
2025-07-29T18:06:00,371,68.7,17,0.60602
2025-07-29T18:09:00,381,69.2,17,0.59634
2025-07-29T18:12:00,426,69.8,17,0.58472
2025-07-29T18:15:00,353,70.8,17,0.56536
2025-07-29T18:18:00,352,71.3,17,0.55568
2025-07-29T18:21:00,347,71.3,17,0.55568
2025-07-29T18:24:00,343,71.4,17,0.55374
2025-07-29T18:27:00,342,70.9,17,0.56342
2025-07-29T18:30:00,340,71.5,17,0.55181
2025-07-29T18:33:00,339,71.9,17,0.54406
2025-07-29T18:36:00,338,72.3,17,0.53632
2025-07-29T18:39:00,338,72.5,17,0.53244
2025-07-29T18:42:00,334,73.4,17,0.51502
2025-07-29T18:45:00,335,72.5,17,0.53244
2025-07-29T18:48:00,334,72.8,17,0.52664
2025-07-29T18:51:00,333,73.1,17,0.52083
2025-07-29T18:54:00,331,73.1,17,0.52083
2025-07-29T18:57:00,331,74.2,17,0.49953
2025-07-29T19:00:00,330,73.4,17,0.51502
2025-07-29T19:03:00,328,73.9,17,0.50534
2025-07-29T19:06:00,328,73,17,0.52276
2025-07-29T19:09:00,326,73.8,17,0.50727
2025-07-29T19:12:00,325,73.5,16,0.48146
2025-07-29T19:15:00,323,73.5,17,0.51308
2025-07-29T19:18:00,323,74.6,17,0.49179
2025-07-29T19:21:00,321,74.9,16,0.45602
2025-07-29T19:24:00,321,74.8,16,0.45784
2025-07-29T19:27:00,318,75.6,16,0.4433
2025-07-29T19:30:00,316,75.3,16,0.44875
2025-07-29T19:33:00,314,75,16,0.4542
2025-07-29T19:36:00,314,75.3,16,0.44875
2025-07-29T19:39:00,314,73.2,17,0.51889
2025-07-29T19:42:00,315,74.3,17,0.49759
2025-07-29T19:45:00,317,71.8,17,0.546
2025-07-29T19:48:00,316,73.1,17,0.52083
2025-07-29T19:51:00,317,72.2,18,0.57333
2025-07-29T19:54:00,319,69.7,18,0.62489
2025-07-29T19:57:00,318,71.3,18,0.59189
2025-07-29T20:00:00,319,69.5,19,0.66968
2025-07-29T20:03:00,0,68.5,19,0.69163
2025-07-29T20:06:00,0,69.7,18,0.62489
2025-07-29T20:09:00,0,68.1,19,0.70041
2025-07-29T20:12:00,0,67.4,19,0.71578
2025-07-29T20:15:00,0,66.7,19,0.73115
2025-07-29T20:18:00,0,67.3,19,0.71798
2025-07-29T20:21:00,0,68.2,19,0.69822
2025-07-29T20:24:00,0,68.9,19,0.68285
2025-07-29T20:27:00,0,68.8,19,0.68505
2025-07-29T20:30:00,0,67,19,0.72457
2025-07-29T20:33:00,0,66.2,19,0.74213
2025-07-29T20:36:00,0,66,19,0.74652
2025-07-29T20:39:00,0,68.8,19,0.68505
2025-07-29T20:42:00,0,70.4,19,0.64991
2025-07-29T20:45:00,0,70.2,19,0.65431
2025-07-29T20:48:00,0,69.5,19,0.66968
2025-07-29T20:51:00,0,69.2,19,0.67626
2025-07-29T20:54:00,0,68.9,19,0.68285
2025-07-29T20:57:00,0,68.5,19,0.69163
2025-07-29T21:00:00,0,70.3,19,0.65211
2025-07-29T21:03:00,0,67.7,19,0.7092
2025-07-29T21:06:00,0,70.3,19,0.65211
2025-07-29T21:09:00,0,72.5,19,0.60381
2025-07-29T21:12:00,0,69.2,19,0.67626
2025-07-29T21:15:00,0,69.4,19,0.67187
2025-07-29T21:18:00,0,69.2,19,0.67626
2025-07-29T21:21:00,0,67.1,19,0.72237
2025-07-29T21:24:00,0,68.2,19,0.69822
2025-07-29T21:27:00,0,66.3,19,0.73994
2025-07-29T21:30:00,0,68.2,19,0.69822
2025-07-29T21:33:00,0,66.2,19,0.74213
2025-07-29T21:36:00,0,65.1,19,0.76628
2025-07-29T21:39:00,0,63.9,19,0.79263
2025-07-29T21:42:00,0,63.2,19,0.808
2025-07-29T21:45:00,0,62.8,19,0.81678
2025-07-29T21:48:00,0,62.7,19,0.81898
2025-07-29T21:51:00,0,62.7,19,0.81898
2025-07-29T21:54:00,0,62.6,19,0.82118
2025-07-29T21:57:00,0,62.3,19,0.82776
2025-07-29T22:00:00,0,62.5,19,0.82337
2025-07-29T22:03:00,0,62.6,19,0.82118
2025-07-29T22:06:00,0,62.7,19,0.81898
2025-07-29T22:09:00,0,62.6,19,0.82118
2025-07-29T22:12:00,0,62.4,19,0.82557
2025-07-29T22:15:00,0,62.4,19,0.82557
2025-07-29T22:18:00,0,62.7,19,0.81898
2025-07-29T22:21:00,0,62.5,19,0.82337
2025-07-29T22:24:00,0,62.5,19,0.82337
2025-07-29T22:27:00,0,62.2,19,0.82996
2025-07-29T22:30:00,0,62,19,0.83435
2025-07-29T22:33:00,0,61.9,19,0.83655
2025-07-29T22:36:00,0,62.1,19,0.83215
2025-07-29T22:39:00,0,62,19,0.83435
2025-07-29T22:42:00,0,62.2,19,0.82996
2025-07-29T22:45:00,0,62.1,19,0.83215
2025-07-29T22:48:00,0,63.2,19,0.808
2025-07-29T22:51:00,0,65.9,19,0.74872
2025-07-29T22:54:00,0,66.5,19,0.73555
2025-07-29T22:57:00,0,67.4,19,0.71578
2025-07-29T23:00:00,0,69.4,19,0.67187
2025-07-29T23:03:00,0,71.4,19,0.62796
2025-07-29T23:06:00,0,73.1,19,0.59063
2025-07-29T23:09:00,0,75.2,19,0.54452
2025-07-29T23:12:00,0,76.8,19,0.50939
2025-07-29T23:15:00,0,78.1,19,0.48085
2025-07-29T23:18:00,0,79.3,19,0.4545
2025-07-29T23:21:00,0,80.1,19,0.43694
2025-07-29T23:24:00,0,80.8,19,0.42157
2025-07-29T23:27:00,0,81.3,19,0.41059
2025-07-29T23:30:00,0,81.7,19,0.40181
2025-07-29T23:33:00,0,82,19,0.39522
2025-07-29T23:36:00,0,82.3,19,0.38863
2025-07-29T23:39:00,0,82.6,18,0.35885
2025-07-29T23:42:00,0,82.7,18,0.35678
2025-07-29T23:45:00,0,82.9,18,0.35266
2025-07-29T23:48:00,0,82.9,18,0.35266
2025-07-29T23:51:00,0,83,18,0.3506
2025-07-29T23:54:00,0,83.1,18,0.34853
2025-07-29T23:57:00,0,83.1,18,0.34853
2025-07-30T00:00:00,0,83.1,18,0.34853
2025-07-30T00:03:00,0,83.1,18,0.34853
2025-07-30T00:06:00,0,83.1,18,0.34853
2025-07-30T00:09:00,0,83.1,18,0.34853
2025-07-30T00:12:00,0,83.2,18,0.34647
2025-07-30T00:15:00,0,83.3,18,0.34441
2025-07-30T00:18:00,0,83.3,18,0.34441
2025-07-30T00:21:00,0,83.3,18,0.34441
2025-07-30T00:24:00,0,83.3,18,0.34441
2025-07-30T00:27:00,0,83.4,18,0.34235
2025-07-30T00:30:00,0,83.4,18,0.34235
2025-07-30T00:33:00,0,83.7,18,0.33616
2025-07-30T00:36:00,0,84.2,18,0.32585
2025-07-30T00:39:00,0,84.6,18,0.3176
2025-07-30T00:42:00,0,84.9,18,0.31141
2025-07-30T00:45:00,0,85.1,18,0.30729
2025-07-30T00:48:00,0,85.4,18,0.3011
2025-07-30T00:51:00,0,85.5,18,0.29904
2025-07-30T00:54:00,0,85.6,18,0.29698
2025-07-30T00:57:00,0,85.7,18,0.29491
2025-07-30T01:00:00,0,85.7,18,0.29491
2025-07-30T01:03:00,0,85.8,18,0.29285
2025-07-30T01:06:00,0,85.8,18,0.29285
2025-07-30T01:09:00,0,85.8,18,0.29285
2025-07-30T01:12:00,0,85.8,18,0.29285
2025-07-30T01:15:00,0,85.8,18,0.29285
2025-07-30T01:18:00,0,85.8,18,0.29285
2025-07-30T01:21:00,0,85.8,18,0.29285
2025-07-30T01:24:00,0,85.7,18,0.29491
2025-07-30T01:27:00,0,85.8,18,0.29285
2025-07-30T01:30:00,0,85.8,18,0.29285
2025-07-30T01:33:00,0,85.7,18,0.29491
2025-07-30T01:36:00,0,85.6,18,0.29698
2025-07-30T01:39:00,0,85.6,18,0.29698
2025-07-30T01:42:00,0,85.6,18,0.29698
2025-07-30T01:45:00,0,85.6,18,0.29698
2025-07-30T01:48:00,0,85.5,18,0.29904
2025-07-30T01:51:00,0,85.5,18,0.29904
2025-07-30T01:54:00,0,85.5,18,0.29904
2025-07-30T01:57:00,0,85.5,18,0.29904
2025-07-30T02:00:00,0,85.5,18,0.29904
2025-07-30T02:03:00,0,85.7,18,0.29491
2025-07-30T02:06:00,0,86,18,0.28873
2025-07-30T02:09:00,0,86.2,18,0.2846
2025-07-30T02:12:00,0,86.3,18,0.28254
2025-07-30T02:15:00,0,86.5,18,0.27841
2025-07-30T02:18:00,0,86.6,18,0.27635
2025-07-30T02:21:00,0,86.7,18,0.27429
2025-07-30T02:24:00,0,86.8,18,0.27223
2025-07-30T02:27:00,0,86.8,18,0.27223
2025-07-30T02:30:00,0,86.8,18,0.27223
2025-07-30T02:33:00,0,86.8,18,0.27223
2025-07-30T02:36:00,0,86.8,18,0.27223
2025-07-30T02:39:00,0,86.9,18,0.27017
2025-07-30T02:42:00,0,86.9,18,0.27017
2025-07-30T02:45:00,0,87,18,0.2681
2025-07-30T02:48:00,0,86.9,18,0.27017
2025-07-30T02:51:00,0,87,18,0.2681
2025-07-30T02:54:00,0,87,18,0.2681
2025-07-30T02:57:00,0,86.9,18,0.27017
2025-07-30T03:00:00,0,86.9,18,0.27017
2025-07-30T03:03:00,0,86.9,18,0.27017
2025-07-30T03:06:00,0,86.9,18,0.27017
2025-07-30T03:09:00,0,86.9,18,0.27017
2025-07-30T03:12:00,0,86.8,18,0.27223
2025-07-30T03:15:00,0,86.9,18,0.27017
2025-07-30T03:18:00,0,86.9,18,0.27017
2025-07-30T03:21:00,0,87,18,0.2681
2025-07-30T03:24:00,0,87,18,0.2681
2025-07-30T03:27:00,0,86.9,18,0.27017
2025-07-30T03:30:00,0,86.9,18,0.27017
2025-07-30T03:33:00,0,86.9,18,0.27017
2025-07-30T03:36:00,0,86.9,18,0.27017
2025-07-30T03:39:00,0,86.7,18,0.27429
2025-07-30T03:42:00,0,86.6,18,0.27635
2025-07-30T03:45:00,0,86.5,18,0.27841
2025-07-30T03:48:00,0,86.3,18,0.28254
2025-07-30T03:51:00,0,86.2,18,0.2846
2025-07-30T03:54:00,0,86.2,18,0.2846
2025-07-30T03:57:00,0,86.2,18,0.2846
2025-07-30T04:00:00,0,86.2,18,0.2846
2025-07-30T04:03:00,332,85.8,18,0.29285
2025-07-30T04:06:00,329,85.1,18,0.30729
2025-07-30T04:09:00,328,84.4,18,0.32172
2025-07-30T04:12:00,325,83.8,19,0.3557
2025-07-30T04:15:00,323,83.5,19,0.36228
2025-07-30T04:18:00,322,82.9,19,0.37546
2025-07-30T04:21:00,321,82.4,19,0.38644
2025-07-30T04:24:00,320,82.1,19,0.39302
2025-07-30T04:27:00,319,81.6,19,0.404
2025-07-30T04:30:00,318,81.3,19,0.41059
2025-07-30T04:33:00,318,80.9,19,0.41937
2025-07-30T04:36:00,318,80.6,20,0.45328
2025-07-30T04:39:00,317,80.3,20,0.46029
2025-07-30T04:42:00,317,80,20,0.4673
2025-07-30T04:45:00,316,79.3,20,0.48365
2025-07-30T04:48:00,317,77.5,20,0.52571
2025-07-30T04:51:00,317,75.5,20,0.57244
2025-07-30T04:54:00,317,74.2,20,0.60281
2025-07-30T04:57:00,316,73.4,20,0.6215
2025-07-30T05:00:00,315,72.6,20,0.6402
2025-07-30T05:03:00,315,72.1,20,0.65188
2025-07-30T05:06:00,315,71.3,20,0.67057
2025-07-30T05:09:00,315,69.5,20,0.71263
2025-07-30T05:12:00,315,70.1,20,0.69861
2025-07-30T05:15:00,315,69.7,20,0.70795
2025-07-30T05:18:00,315,68.5,20,0.73599
2025-07-30T05:21:00,315,66.5,20,0.78272
2025-07-30T05:24:00,315,67.3,20,0.76403
2025-07-30T05:27:00,315,66.7,20,0.77805
2025-07-30T05:30:00,315,65.9,20,0.79674
2025-07-30T05:33:00,316,64.8,19,0.77287
2025-07-30T05:36:00,316,64.8,20,0.82244
2025-07-30T05:39:00,316,64.7,20,0.82478
2025-07-30T05:42:00,317,65.1,20,0.81543
2025-07-30T05:45:00,316,63.6,19,0.79922
2025-07-30T05:48:00,317,63,19,0.81239
2025-07-30T05:51:00,316,63.7,20,0.84814
2025-07-30T05:54:00,317,63.7,20,0.84814
2025-07-30T05:57:00,317,62.7,19,0.81898
2025-07-30T06:00:00,317,62.5,19,0.82337
2025-07-30T06:03:00,318,61.8,19,0.83874
2025-07-30T06:06:00,319,61.8,19,0.83874
2025-07-30T06:09:00,319,61,19,0.85631
2025-07-30T06:12:00,319,60.7,19,0.86289
2025-07-30T06:15:00,320,60.8,19,0.8607
2025-07-30T06:18:00,320,61.4,19,0.84752
2025-07-30T06:21:00,321,60.7,19,0.86289
2025-07-30T06:24:00,322,60.3,20,0.92758
2025-07-30T06:27:00,323,59.9,19,0.88046
2025-07-30T06:30:00,324,60.4,19,0.86948
2025-07-30T06:33:00,324,59.6,19,0.88705
2025-07-30T06:36:00,326,59.6,19,0.88705
2025-07-30T06:39:00,326,59.4,19,0.89144
2025-07-30T06:42:00,328,59,19,0.90022
2025-07-30T06:45:00,327,58.7,19,0.90681
2025-07-30T06:48:00,328,58.4,19,0.91339
2025-07-30T06:51:00,330,57.8,20,0.98599
2025-07-30T06:54:00,331,58,20,0.98132
2025-07-30T06:57:00,332,57.7,20,0.98833
2025-07-30T07:00:00,334,57.9,20,0.98366
2025-07-30T07:03:00,333,57.6,20,0.99067
2025-07-30T07:06:00,335,57.1,20,1.00235
2025-07-30T07:09:00,336,57.2,20,1.00001
2025-07-30T07:12:00,337,54.9,20,1.05375
2025-07-30T07:15:00,339,56.3,20,1.02104
2025-07-30T07:18:00,341,55.8,20,1.03272
2025-07-30T07:21:00,342,55,20,1.05142
2025-07-30T07:24:00,343,54,20,1.07478
2025-07-30T07:27:00,342,54.5,20,1.0631
2025-07-30T07:30:00,345,54.9,20,1.05375
2025-07-30T07:33:00,353,53.6,20,1.08413
2025-07-30T07:36:00,351,54,20,1.07478
2025-07-30T07:39:00,352,53.3,20,1.09114
2025-07-30T07:42:00,355,52.5,20,1.10983
2025-07-30T07:45:00,356,52.6,20,1.10749
2025-07-30T07:48:00,358,52.8,20,1.10282
2025-07-30T07:51:00,361,52.5,20,1.10983
2025-07-30T07:54:00,364,52.6,20,1.10749
2025-07-30T07:57:00,367,52.1,20,1.11917
2025-07-30T08:00:00,372,51.4,20,1.13553
2025-07-30T08:03:00,441,51.4,20,1.13553
2025-07-30T08:06:00,465,52.9,20,1.10048
2025-07-30T08:09:00,474,52.6,20,1.10749
2025-07-30T08:12:00,457,51.4,21,1.20778
2025-07-30T08:15:00,444,50.2,21,1.23761
2025-07-30T08:18:00,443,48.9,21,1.26991
2025-07-30T08:21:00,440,55.7,21,1.10092
2025-07-30T08:24:00,442,58.5,21,1.03134
2025-07-30T08:27:00,409,64.8,19,0.77287
2025-07-30T08:30:00,444,65,19,0.76848
2025-07-30T08:33:00,485,66.3,20,0.78739
2025-07-30T08:36:00,493,68.5,18,0.64963
2025-07-30T08:39:00,517,65.6,19,0.75531
2025-07-30T08:42:00,502,63.3,20,0.85749
2025-07-30T08:45:00,521,64.1,20,0.8388
2025-07-30T08:48:00,536,62.9,20,0.86683
2025-07-30T08:51:00,542,67.6,19,0.71139
2025-07-30T08:54:00,552,69.9,18,0.62076
2025-07-30T08:57:00,541,67.2,19,0.72018
2025-07-30T09:00:00,536,67.7,19,0.7092
2025-07-30T09:03:00,545,69.6,19,0.66748
2025-07-30T09:06:00,536,67.6,19,0.71139
2025-07-30T09:09:00,528,65.7,19,0.75311
2025-07-30T09:12:00,527,66,20,0.7944
2025-07-30T09:15:00,515,65.9,20,0.79674
2025-07-30T09:18:00,523,64.8,19,0.77287
2025-07-30T09:21:00,499,68.1,18,0.65788
2025-07-30T09:24:00,482,71.1,18,0.59601
2025-07-30T09:27:00,464.5,68.55,19,0.69053
2025-07-30T09:30:00,447,66,20,0.7944
2025-07-30T09:33:00,427,68.6,18,0.64757
2025-07-30T09:36:00,419,72.1,17,0.54019
2025-07-30T09:39:00,412,72,19,0.61478
2025-07-30T09:42:00,412,65.6,19,0.75531
2025-07-30T09:45:00,408,72.8,17,0.52664
2025-07-30T09:48:00,405,73,17,0.52276
2025-07-30T09:51:00,406,73.5,17,0.51308
2025-07-30T09:54:00,407,71,18,0.59808
2025-07-30T09:57:00,408,73.3,17,0.51696
2025-07-30T10:00:00,406,75.2,17,0.48017
2025-07-30T10:03:00,406,73.3,17,0.51696
2025-07-30T10:06:00,409,73.7,17,0.50921
2025-07-30T10:09:00,425,74.8,17,0.48791
2025-07-30T10:12:00,432,75.7,17,0.47049
2025-07-30T10:15:00,408,75,17,0.48404
2025-07-30T10:18:00,406,74.9,17,0.48598
2025-07-30T10:21:00,408,76.1,17,0.46274
2025-07-30T10:24:00,406,75.4,17,0.4763
2025-07-30T10:27:00,404,76,17,0.46468
2025-07-30T10:30:00,408,73.9,17,0.50534
2025-07-30T10:33:00,407,74,17,0.5034
2025-07-30T10:36:00,406,75.5,17,0.47436
2025-07-30T10:39:00,406,74.8,17,0.48791
2025-07-30T10:42:00,405,74.4,17,0.49566
2025-07-30T10:45:00,409,75.6,18,0.50321
2025-07-30T10:48:00,408,75,18,0.51558
2025-07-30T10:51:00,410,74.3,18,0.53002
2025-07-30T10:54:00,416,74,18,0.53621
2025-07-30T10:57:00,415,73,18,0.55683
2025-07-30T11:00:00,413,73,18,0.55683
2025-07-30T11:03:00,411,71.5,17,0.55181
2025-07-30T11:06:00,413,73.4,18,0.54858
2025-07-30T11:09:00,412,72.2,18,0.57333
2025-07-30T11:12:00,417,72.3,18,0.57127
2025-07-30T11:15:00,427,74.7,18,0.52177
2025-07-30T11:18:00,443,73.1,18,0.55477
2025-07-30T11:21:00,429,73.3,18,0.55064
2025-07-30T11:24:00,454,74.3,18,0.53002
2025-07-30T11:27:00,489,71.9,18,0.57952
2025-07-30T11:30:00,501,72.8,18,0.56095
2025-07-30T11:33:00,425,71.2,18,0.59395
2025-07-30T11:36:00,419,71.8,18,0.58158
2025-07-30T11:39:00,417,71.7,18,0.58364
2025-07-30T11:42:00,416,72.7,18,0.56302
2025-07-30T11:45:00,416,71.7,18,0.58364
2025-07-30T11:48:00,415,72.1,18,0.57539
2025-07-30T11:51:00,410,72.1,18,0.57539
2025-07-30T11:54:00,410,71,18,0.59808
2025-07-30T11:57:00,408,73.7,18,0.54239
2025-07-30T12:00:00,416,72.3,18,0.57127
2025-07-30T12:03:00,413,73,18,0.55683
2025-07-30T12:06:00,408,73.3,18,0.55064
2025-07-30T12:09:00,413,71.4,19,0.62796
2025-07-30T12:12:00,423,71.4,18,0.58983
2025-07-30T12:15:00,448,70.6,18,0.60633
2025-07-30T12:18:00,446,72,18,0.57745
2025-07-30T12:21:00,424,74.1,18,0.53414
2025-07-30T12:24:00,409,72.8,19,0.59722
2025-07-30T12:27:00,413,72.1,19,0.61259
2025-07-30T12:30:00,424,72,19,0.61478
2025-07-30T12:33:00,426,70.4,19,0.64991
2025-07-30T12:36:00,421,70.7,19,0.64333
2025-07-30T12:39:00,418,71.4,19,0.62796
2025-07-30T12:42:00,405,72.4,19,0.606
2025-07-30T12:45:00,408,72.8,19,0.59722
2025-07-30T12:48:00,412,70.3,18,0.61251
2025-07-30T12:51:00,442,71.4,19,0.62796
2025-07-30T12:54:00,435,71.2,19,0.63235
2025-07-30T12:57:00,439,72.3,19,0.6082
2025-07-30T13:00:00,447,72.9,19,0.59502
2025-07-30T13:03:00,438,72.1,19,0.61259
2025-07-30T13:06:00,443,72.2,19,0.61039
2025-07-30T13:09:00,443,70.9,19,0.63894
2025-07-30T13:12:00,435,71,19,0.63674
2025-07-30T13:15:00,410,70.6,19,0.64552
2025-07-30T13:18:00,422,73,19,0.59283
2025-07-30T13:21:00,445,71.5,19,0.62576
2025-07-30T13:24:00,445,72,20,0.65421
2025-07-30T13:27:00,449,69.5,19,0.66968
2025-07-30T13:30:00,441,70,19,0.6587
2025-07-30T13:33:00,430,70.3,19,0.65211
2025-07-30T13:36:00,410,71.6,19,0.62357
2025-07-30T13:39:00,416,71.9,19,0.61698
2025-07-30T13:42:00,422,70.6,20,0.68692
2025-07-30T13:45:00,428,72.4,20,0.64487
2025-07-30T13:48:00,426,69.6,20,0.71029
2025-07-30T13:51:00,431,69.3,20,0.7173
2025-07-30T13:54:00,437,67.7,19,0.7092
2025-07-30T13:57:00,410,71.3,19,0.63015
2025-07-30T14:00:00,391,71.8,19,0.61918
2025-07-30T14:03:00,385,70.3,19,0.65211
2025-07-30T14:06:00,382,71.9,19,0.61698
2025-07-30T14:09:00,416,70.5,19,0.64772
2025-07-30T14:12:00,419,70.6,19,0.64552
2025-07-30T14:15:00,420,71.7,20,0.66122
2025-07-30T14:18:00,416,71,19,0.63674
2025-07-30T14:21:00,416,70.9,19,0.63894
2025-07-30T14:24:00,414,72.3,20,0.6472
2025-07-30T14:27:00,419,70.3,20,0.69393
2025-07-30T14:30:00,417,70.9,20,0.67992
2025-07-30T14:33:00,416,69.9,20,0.70328
2025-07-30T14:36:00,415,71.2,20,0.67291
2025-07-30T14:39:00,418,70.3,20,0.69393
2025-07-30T14:42:00,420.5,69.3,19.5,0.69539
2025-07-30T14:45:00,423,68.3,19,0.69602
2025-07-30T14:48:00,498,70.4,19,0.64991
2025-07-30T14:51:00,531,67.1,19,0.72237
2025-07-30T14:54:00,524,68.1,19,0.70041
2025-07-30T14:57:00,471,68.3,19,0.69602
2025-07-30T15:00:00,427,68.7,19,0.68724
2025-07-30T15:03:00,424,68.7,19,0.68724
2025-07-30T15:06:00,444,71.4,19,0.62796
2025-07-30T15:09:00,415,68.8,19,0.68505
2025-07-30T15:12:00,419,69.2,19,0.67626
2025-07-30T15:15:00,448,67.7,19,0.7092
2025-07-30T15:18:00,424,68.3,19,0.69602
2025-07-30T15:21:00,421,70.4,19,0.64991
2025-07-30T15:24:00,424,70.2,20,0.69627
2025-07-30T15:27:00,367,71.1,19,0.63455
2025-07-30T15:30:00,353,69.8,19,0.66309
2025-07-30T15:33:00,371,71.8,19,0.61918
2025-07-30T15:36:00,410,70,19,0.6587
2025-07-30T15:39:00,416,71,20,0.67758
2025-07-30T15:42:00,410,70.5,19,0.64772
2025-07-30T15:45:00,406,69.1,19,0.67846
2025-07-30T15:48:00,375,71.4,20,0.66823
2025-07-30T15:51:00,403,72.4,20,0.64487
2025-07-30T15:54:00,410,70.8,20,0.68225
2025-07-30T15:57:00,364,70.9,19,0.63894
2025-07-30T16:00:00,388,71.3,19,0.63015
2025-07-30T16:03:00,386,71.4,19,0.62796
2025-07-30T16:06:00,365,69.4,19,0.67187
2025-07-30T16:09:00,431,71.1,19,0.63455
2025-07-30T16:12:00,396,71.8,19,0.61918
2025-07-30T16:15:00,349,71.7,20,0.66122
2025-07-30T16:18:00,345,70.9,19,0.63894
2025-07-30T16:21:00,345,71.1,19,0.63455
2025-07-30T16:24:00,347,71.1,19,0.63455
2025-07-30T16:27:00,350,72.8,19,0.59722
2025-07-30T16:30:00,354,71.7,19,0.62137
2025-07-30T16:33:00,353,72.9,19,0.59502
2025-07-30T16:36:00,355,72.2,19,0.61039
2025-07-30T16:39:00,371,72.1,19,0.61259
2025-07-30T16:42:00,353,72.2,19,0.61039
2025-07-30T16:45:00,348,72.1,19,0.61259
2025-07-30T16:48:00,350,73.1,19,0.59063
2025-07-30T16:51:00,359,72.5,19,0.60381
2025-07-30T16:54:00,402,71.6,19,0.62357
2025-07-30T16:57:00,402,72.1,19,0.61259
2025-07-30T17:00:00,408,72.9,19,0.59502
2025-07-30T17:03:00,401,73.3,19,0.58624
2025-07-30T17:06:00,397,72.4,19,0.606
2025-07-30T17:09:00,405,72.1,19,0.61259
2025-07-30T17:12:00,400,72.4,19,0.606
2025-07-30T17:15:00,392,72.6,19,0.60161
2025-07-30T17:18:00,426,71.4,20,0.66823
2025-07-30T17:21:00,389,72.5,20,0.64253
2025-07-30T17:24:00,386,71.7,19,0.62137
2025-07-30T17:27:00,386,71.9,20,0.65655
2025-07-30T17:30:00,446,71.7,20,0.66122
2025-07-30T17:33:00,409,71.9,20,0.65655
2025-07-30T17:36:00,434,71.3,19,0.63015
2025-07-30T17:39:00,347,72,19,0.61478
2025-07-30T17:42:00,331,73.3,19,0.58624
2025-07-30T17:45:00,376,73.5,19,0.58185
2025-07-30T17:48:00,352,72.5,19,0.60381
2025-07-30T17:51:00,424,73.4,19,0.58404
2025-07-30T17:54:00,425,73.2,19,0.58844
2025-07-30T17:57:00,408,72.2,19,0.61039
2025-07-30T18:00:00,367,73.4,19,0.58404
2025-07-30T18:03:00,366,75.9,19,0.52915
2025-07-30T18:06:00,367,72.8,20,0.63552
2025-07-30T18:09:00,377,72.8,19,0.59722
2025-07-30T18:12:00,358,73.6,19,0.57965
2025-07-30T18:15:00,350,73.5,19,0.58185
2025-07-30T18:18:00,348,74.3,19,0.56428
2025-07-30T18:21:00,344,73.9,19,0.57307
2025-07-30T18:24:00,342,74.5,19,0.55989
2025-07-30T18:27:00,340,74.8,19,0.55331
2025-07-30T18:30:00,337,74.1,19,0.56868
2025-07-30T18:33:00,336,74,19,0.57087
2025-07-30T18:36:00,336,74.1,19,0.56868
2025-07-30T18:39:00,334,74.5,19,0.55989
2025-07-30T18:42:00,335,76.9,19,0.5072
2025-07-30T18:45:00,333,74.7,19,0.5555
2025-07-30T18:48:00,331,75,19,0.54891
2025-07-30T18:51:00,331,75.2,19,0.54452
2025-07-30T18:54:00,330,74.8,19,0.55331
2025-07-30T18:57:00,330,74.8,19,0.55331
2025-07-30T19:00:00,328,74.9,19,0.55111
2025-07-30T19:03:00,328,75,19,0.54891
2025-07-30T19:06:00,325,76,19,0.52696
2025-07-30T19:09:00,325,76,19,0.52696
2025-07-30T19:12:00,325,74.8,19,0.55331
2025-07-30T19:15:00,322,75.1,19,0.54672
2025-07-30T19:18:00,323,76.1,19,0.52476
2025-07-30T19:21:00,320,75,19,0.54891
2025-07-30T19:24:00,320,75.5,18,0.50527
2025-07-30T19:27:00,319,76.4,19,0.51818
2025-07-30T19:30:00,317,76.5,18,0.48465
2025-07-30T19:33:00,317,76.1,18,0.4929
2025-07-30T19:36:00,316,77,18,0.47434
2025-07-30T19:39:00,315,76.5,18,0.48465
2025-07-30T19:42:00,315,76.5,18,0.48465
2025-07-30T19:45:00,313,77,18,0.47434
2025-07-30T19:48:00,314,77.7,18,0.4599
2025-07-30T19:51:00,313,76.9,18,0.4764
2025-07-30T19:54:00,312,77,18,0.47434
2025-07-30T19:57:00,311,77.4,18,0.46609
2025-07-30T20:00:00,312,77.3,18,0.46815
2025-07-30T20:03:00,0,77.4,18,0.46609
2025-07-30T20:06:00,0,77.9,18,0.45578
2025-07-30T20:09:00,0,79,18,0.43309
2025-07-30T20:12:00,0,79.8,18,0.41659
2025-07-30T20:15:00,0,78.2,18,0.44959
2025-07-30T20:18:00,0,78.7,18,0.43928
2025-07-30T20:21:00,0,78.3,18,0.44753
2025-07-30T20:24:00,0,78.3,18,0.44753
2025-07-30T20:27:00,0,80,18,0.41247
2025-07-30T20:30:00,0,79.6,18,0.42072
2025-07-30T20:33:00,0,80.5,18,0.40215
2025-07-30T20:36:00,0,79.3,18,0.4269
2025-07-30T20:39:00,0,80.4,18,0.40422
2025-07-30T20:42:00,0,79.8,18,0.41659
2025-07-30T20:45:00,0,80,17,0.38723
2025-07-30T20:48:00,0,79.5,18,0.42278
2025-07-30T20:51:00,0,80.1,17,0.3853
2025-07-30T20:54:00,0,80.1,17,0.3853
2025-07-30T20:57:00,0,79.7,18,0.41865
2025-07-30T21:00:00,0,80.4,18,0.40422
2025-07-30T21:03:00,0,78.8,18,0.43721
2025-07-30T21:06:00,0,80,17,0.38723
2025-07-30T21:09:00,0,79.3,18,0.4269
2025-07-30T21:12:00,0,78.7,18,0.43928
2025-07-30T21:15:00,0,79.8,18,0.41659
2025-07-30T21:18:00,0,78.8,18,0.43721
2025-07-30T21:21:00,0,79.1,18,0.43103
2025-07-30T21:24:00,0,79.3,18,0.4269
2025-07-30T21:27:00,0,79.1,18,0.43103
2025-07-30T21:30:00,0,79.6,18,0.42072
2025-07-30T21:33:00,0,76,18,0.49496
2025-07-30T21:36:00,0,75.3,19,0.54233
2025-07-30T21:39:00,0,75.4,19,0.54013
2025-07-30T21:42:00,0,77.3,19,0.49841
2025-07-30T21:45:00,0,78.7,18,0.43928
2025-07-30T21:48:00,0,79.3,18,0.4269
2025-07-30T21:51:00,0,78.3,18,0.44753
2025-07-30T21:54:00,0,77.9,18,0.45578
2025-07-30T21:57:00,0,77.7,18,0.4599
2025-07-30T22:00:00,0,77.3,18,0.46815
2025-07-30T22:03:00,0,79,18,0.43309
2025-07-30T22:06:00,0,79,18,0.43309
2025-07-30T22:09:00,0,78.8,19,0.46548
2025-07-30T22:12:00,0,78.7,19,0.46768
2025-07-30T22:15:00,0,79.3,19,0.4545
2025-07-30T22:18:00,0,77.2,19,0.50061
2025-07-30T22:21:00,0,77.8,19,0.48744
2025-07-30T22:24:00,0,75.7,19,0.53354
2025-07-30T22:27:00,0,76.4,19,0.51818
2025-07-30T22:30:00,0,77.5,19,0.49402
2025-07-30T22:33:00,0,76.4,19,0.51818
2025-07-30T22:36:00,0,76,19,0.52696
2025-07-30T22:39:00,0,76.9,19,0.5072
2025-07-30T22:42:00,0,74.9,19,0.55111
2025-07-30T22:45:00,0,76.3,19,0.52037
2025-07-30T22:48:00,0,74.6,19,0.5577
2025-07-30T22:51:00,0,73.5,19,0.58185
2025-07-30T22:54:00,0,71.6,19,0.62357
2025-07-30T22:57:00,0,70.9,19,0.63894
2025-07-30T23:00:00,0,70,19,0.6587
2025-07-30T23:03:00,0,69.3,19,0.67407
2025-07-30T23:06:00,0,71.2,19,0.63235
2025-07-30T23:09:00,0,73.2,19,0.58844
2025-07-30T23:12:00,0,72.3,19,0.6082
2025-07-30T23:15:00,0,71.5,19,0.62576
2025-07-30T23:18:00,0,71,19,0.63674
2025-07-30T23:21:00,0,70,19,0.6587
2025-07-30T23:24:00,0,69.6,19,0.66748
2025-07-30T23:27:00,0,68.4,19,0.69383
2025-07-30T23:30:00,0,68,19,0.70261
2025-07-30T23:33:00,0,67.6,19,0.71139
2025-07-30T23:36:00,0,66.8,19,0.72896
2025-07-30T23:39:00,0,66.6,19,0.73335
2025-07-30T23:42:00,0,65.9,19,0.74872
2025-07-30T23:45:00,0,65.1,19,0.76628
2025-07-30T23:48:00,0,64.6,19,0.77726
2025-07-30T23:51:00,0,64.2,19,0.78605
2025-07-30T23:54:00,0,63.6,19,0.79922
2025-07-30T23:57:00,0,63.3,19,0.80581
2025-07-31T00:00:00,0,63,19,0.81239
2025-07-31T00:03:00,0,62.9,19,0.81459
2025-07-31T00:06:00,0,62.3,19,0.82776
2025-07-31T00:09:00,0,62.2,19,0.82996
2025-07-31T00:12:00,0,62,19,0.83435
2025-07-31T00:15:00,0,62,19,0.83435
2025-07-31T00:18:00,0,61.9,19,0.83655
2025-07-31T00:21:00,0,62.1,19,0.83215
2025-07-31T00:24:00,0,62,19,0.83435
2025-07-31T00:27:00,0,61.9,19,0.83655
2025-07-31T00:30:00,0,61.7,19,0.84094
2025-07-31T00:33:00,0,62.4,19,0.82557
2025-07-31T00:36:00,0,63.9,19,0.79263
2025-07-31T00:39:00,0,64.9,19,0.77068
2025-07-31T00:42:00,0,65.5,19,0.7575
2025-07-31T00:45:00,0,65.9,19,0.74872
2025-07-31T00:48:00,0,66.1,19,0.74433
2025-07-31T00:51:00,0,66.2,19,0.74213
2025-07-31T00:54:00,0,66.2,19,0.74213
2025-07-31T00:57:00,0,65.9,19,0.74872
2025-07-31T01:00:00,0,66.4,19,0.73774
2025-07-31T01:03:00,0,67.5,18,0.67026
2025-07-31T01:06:00,0,68,18,0.65995
2025-07-31T01:09:00,0,70.5,19,0.64772
2025-07-31T01:12:00,0,71.8,18.5,0.60012
2025-07-31T01:15:00,0,73.1,18,0.55477
2025-07-31T01:18:00,0,75.2,18,0.51146
2025-07-31T01:21:00,0,76.5,18,0.48465
2025-07-31T01:24:00,0,77.6,18,0.46196
2025-07-31T01:27:00,0,78.5,18,0.4434
2025-07-31T01:30:00,0,79.3,18,0.4269
2025-07-31T01:33:00,0,79.7,18,0.41865
2025-07-31T01:36:00,0,80.2,18,0.40834
2025-07-31T01:39:00,0,80.6,18,0.40009
2025-07-31T01:42:00,0,81,18,0.39184
2025-07-31T01:45:00,0,81.2,18,0.38772
2025-07-31T01:48:00,0,81.6,18,0.37947
2025-07-31T01:51:00,0,81.7,18,0.37741
2025-07-31T01:54:00,0,81.9,18,0.37328
2025-07-31T01:57:00,0,81.9,18,0.37328
2025-07-31T02:00:00,0,82.2,18,0.3671
2025-07-31T02:03:00,0,82.4,18,0.36297
2025-07-31T02:06:00,0,82.9,18,0.35266
2025-07-31T02:09:00,0,83.4,19,0.36448
2025-07-31T02:12:00,0,83.8,18,0.3341
2025-07-31T02:15:00,0,84,18,0.32997
2025-07-31T02:18:00,0,84.4,18,0.32172
2025-07-31T02:21:00,0,84.5,18,0.31966
2025-07-31T02:24:00,0,84.6,18,0.3176
2025-07-31T02:27:00,0,84.7,18,0.31554
2025-07-31T02:30:00,0,84.8,18,0.31347
2025-07-31T02:33:00,0,84.9,18,0.31141
2025-07-31T02:36:00,0,84.9,18,0.31141
2025-07-31T02:39:00,0,85,18,0.30935
2025-07-31T02:42:00,0,85.1,18,0.30729
2025-07-31T02:45:00,0,85,18,0.30935
2025-07-31T02:48:00,0,85.1,18,0.30729
2025-07-31T02:51:00,0,85.1,18,0.30729
2025-07-31T02:54:00,0,85.1,18,0.30729
2025-07-31T02:57:00,0,85.1,18,0.30729
2025-07-31T03:00:00,0,85.1,18,0.30729
2025-07-31T03:03:00,0,85.1,18,0.30729
2025-07-31T03:06:00,0,85.1,18,0.30729
2025-07-31T03:09:00,0,85,18,0.30935
2025-07-31T03:12:00,0,85.1,18,0.30729
2025-07-31T03:15:00,0,85.1,18,0.30729
2025-07-31T03:18:00,0,85.1,18,0.30729
2025-07-31T03:21:00,0,85.2,18,0.30523
2025-07-31T03:24:00,0,85.1,18,0.30729
2025-07-31T03:27:00,0,85.1,18,0.30729
2025-07-31T03:30:00,0,85.1,18,0.30729
2025-07-31T03:33:00,0,85,18,0.30935
2025-07-31T03:36:00,0,85,18,0.30935
2025-07-31T03:39:00,0,85,18,0.30935
2025-07-31T03:42:00,0,84.9,18,0.31141
2025-07-31T03:45:00,0,84.9,18,0.31141
2025-07-31T03:48:00,0,84.7,18,0.31554
2025-07-31T03:51:00,0,84.7,18,0.31554
2025-07-31T03:54:00,0,84.8,18,0.31347
2025-07-31T03:57:00,0,84.6,18,0.3176
2025-07-31T04:00:00,0,84.6,18,0.3176
2025-07-31T04:03:00,331,84.4,18,0.32172
2025-07-31T04:06:00,328,83.6,18,0.33822
2025-07-31T04:09:00,326,83.1,19,0.37107
2025-07-31T04:12:00,325,82.7,19,0.37985
2025-07-31T04:15:00,323,82.4,19,0.38644
2025-07-31T04:18:00,321,82.1,19,0.39302
2025-07-31T04:21:00,320,81.6,19,0.404
2025-07-31T04:24:00,319,81.5,19,0.4062
2025-07-31T04:27:00,320,81.2,19,0.41278
2025-07-31T04:30:00,317,81,20,0.44393
2025-07-31T04:33:00,317,80.7,20,0.45094
2025-07-31T04:36:00,316,80.1,20,0.46496
2025-07-31T04:39:00,316,79.7,20,0.47431
2025-07-31T04:42:00,315,76.3,20,0.55375
2025-07-31T04:45:00,315,75.7,20,0.56776
2025-07-31T04:48:00,315,74.6,20,0.59347
2025-07-31T04:51:00,315,72.8,20,0.63552
2025-07-31T04:54:00,314,71.9,20,0.65655
2025-07-31T04:57:00,313,70.4,20,0.6916
2025-07-31T05:00:00,314,70.9,20,0.67992
2025-07-31T05:03:00,313,68.8,20,0.72898
2025-07-31T05:06:00,313,68.7,20,0.73132
2025-07-31T05:09:00,313,67.7,20,0.75468
2025-07-31T05:12:00,313,68,20,0.74767
2025-07-31T05:15:00,313,66.8,19,0.72896
2025-07-31T05:18:00,312,66.5,20,0.78272
2025-07-31T05:21:00,313,66.1,19,0.74433
2025-07-31T05:24:00,313,65.6,19,0.75531
2025-07-31T05:27:00,313,65.7,20,0.80141
2025-07-31T05:30:00,312,64.8,19,0.77287
2025-07-31T05:33:00,312,63.5,19,0.80142
2025-07-31T05:36:00,314,63.4,19,0.80361
2025-07-31T05:39:00,314,63.5,19,0.80142
2025-07-31T05:42:00,314,63.4,19,0.80361
2025-07-31T05:45:00,314,63.2,19,0.808
2025-07-31T05:48:00,315,62.8,19,0.81678
2025-07-31T05:51:00,315,62.6,19,0.82118
2025-07-31T05:54:00,315,62.1,19,0.83215
2025-07-31T05:57:00,315,61.7,19,0.84094
2025-07-31T06:00:00,316,61.8,19,0.83874
2025-07-31T06:03:00,316,61.9,19,0.83655
2025-07-31T06:06:00,316,61.8,19,0.83874
2025-07-31T06:09:00,317,61.5,19,0.84533
2025-07-31T06:12:00,317,61.7,19,0.84094
2025-07-31T06:15:00,317,61.2,19,0.85192
2025-07-31T06:18:00,318,61.3,19,0.84972
2025-07-31T06:21:00,318,61.3,19,0.84972
2025-07-31T06:24:00,318,61.3,19,0.84972
2025-07-31T06:27:00,318,61.3,19,0.84972
2025-07-31T06:30:00,320,61.2,19,0.85192
2025-07-31T06:33:00,321,60.9,19,0.8585
2025-07-31T06:36:00,321,60.9,19,0.8585
2025-07-31T06:39:00,321,60.9,19,0.8585
2025-07-31T06:42:00,323,61,19,0.85631
2025-07-31T06:45:00,324,60.9,20,0.91356
2025-07-31T06:48:00,326,60.8,20,0.9159
2025-07-31T06:51:00,326,60.8,20,0.9159
2025-07-31T06:54:00,327,61,20,0.91123
2025-07-31T06:57:00,328,60.5,20,0.92291
2025-07-31T07:00:00,331,59.7,20,0.9416
2025-07-31T07:03:00,330,60.2,20,0.92992
2025-07-31T07:06:00,329,58.7,20,0.96497
2025-07-31T07:09:00,331,60.1,20,0.93226
2025-07-31T07:12:00,333,58.7,20,0.96497
2025-07-31T07:15:00,334,59.1,20,0.95562
2025-07-31T07:18:00,336,59.1,20,0.95562
2025-07-31T07:21:00,336,57.8,20,0.98599
2025-07-31T07:24:00,337,59.3,20,0.95095
2025-07-31T07:27:00,339,57.3,20,0.99768
2025-07-31T07:30:00,340,58.4,20,0.97198
2025-07-31T07:33:00,342,57.4,20,0.99534
2025-07-31T07:36:00,346,57.3,20,0.99768
2025-07-31T07:39:00,345,58.2,20,0.97665
2025-07-31T07:42:00,347,57.2,20,1.00001
2025-07-31T07:45:00,348,57.5,20,0.993
2025-07-31T07:48:00,351,57.1,20,1.00235
2025-07-31T07:51:00,353,57.6,20,0.99067
2025-07-31T07:54:00,356,57.3,20,0.99768
2025-07-31T07:57:00,360,57.5,20,0.993
2025-07-31T08:00:00,364,57.4,20,0.99534
2025-07-31T08:03:00,410,58.4,20,0.97198
2025-07-31T08:06:00,435,58.8,20,0.96263
2025-07-31T08:09:00,441,58.1,21,1.04128
2025-07-31T08:12:00,430,57.4,21,1.05868
2025-07-31T08:15:00,427,56.8,20,1.00936
2025-07-31T08:18:00,438,59.2,20,0.95328
2025-07-31T08:21:00,430,57.4,21,1.05868
2025-07-31T08:24:00,440,61.5,21,0.95678
2025-07-31T08:27:00,408,68.3,20,0.74066
2025-07-31T08:30:00,428,66.9,21,0.82259
2025-07-31T08:33:00,490,66.8,21,0.82507
2025-07-31T08:36:00,479,69.9,19,0.66089
2025-07-31T08:39:00,494,73.2,19,0.58844
2025-07-31T08:42:00,498,69.7,20,0.70795
2025-07-31T08:45:00,513,70.5,19,0.64772
2025-07-31T08:48:00,519,73.2,19,0.58844
2025-07-31T08:51:00,523,70.95,20,0.67875
2025-07-31T08:54:00,527,68.7,21,0.77785
2025-07-31T08:57:00,524,72.5,18,0.56714
2025-07-31T09:00:00,510,77.2,17,0.44145
2025-07-31T09:03:00,508,73.5,19,0.58185
2025-07-31T09:06:00,523,72.2,19,0.61039
2025-07-31T09:09:00,505,77.3,18,0.46815
2025-07-31T09:12:00,505,73.9,19,0.57307
2025-07-31T09:15:00,499,71.7,20,0.66122
2025-07-31T09:18:00,489,75.5,18,0.50527
2025-07-31T09:21:00,471,77.9,18,0.45578
2025-07-31T09:24:00,467,74,19,0.57087
2025-07-31T09:27:00,446,76,18,0.49496
2025-07-31T09:30:00,438,78.3,18,0.44753
2025-07-31T09:33:00,421,78.2,18,0.44959
2025-07-31T09:36:00,416,75.2,18,0.51146
2025-07-31T09:39:00,406,77.9,18,0.45578
2025-07-31T09:42:00,403,79.1,18,0.43103
2025-07-31T09:45:00,403,77.9,18,0.45578
2025-07-31T09:48:00,404,78.7,18,0.43928
2025-07-31T09:51:00,405,77.7,18,0.4599
2025-07-31T09:54:00,405,79.7,17,0.39304
2025-07-31T09:57:00,406,79.7,17,0.39304
2025-07-31T10:00:00,404,80.4,17,0.37949
2025-07-31T10:03:00,408,79.4,17,0.39885
2025-07-31T10:06:00,416,80.5,17,0.37755
2025-07-31T10:09:00,422,79.1,18,0.43103
2025-07-31T10:12:00,410,78.8,18,0.43721
2025-07-31T10:15:00,404,79,18,0.43309
2025-07-31T10:18:00,405,78.6,18,0.44134
2025-07-31T10:21:00,404,78.2,18,0.44959
2025-07-31T10:24:00,405,77.6,18,0.46196
2025-07-31T10:27:00,404,77.7,18,0.4599
2025-07-31T10:30:00,405,77.9,18,0.45578
2025-07-31T10:33:00,406,79.7,18,0.41865
2025-07-31T10:36:00,407,75.7,18,0.50115
2025-07-31T10:39:00,406,77.6,18,0.46196
2025-07-31T10:42:00,408,76.5,18,0.48465
2025-07-31T10:45:00,408,75.3,18,0.5094
2025-07-31T10:48:00,408,75.2,18,0.51146
2025-07-31T10:51:00,410,74.5,18,0.52589
2025-07-31T10:54:00,416,74.1,18,0.53414
2025-07-31T10:57:00,407,75.3,18,0.5094
2025-07-31T11:00:00,408,76.2,18,0.49084
2025-07-31T11:03:00,410,75.6,18,0.50321
2025-07-31T11:06:00,409,75,18,0.51558
2025-07-31T11:09:00,421,74.2,18,0.53208
2025-07-31T11:12:00,430,73.8,18,0.54033
2025-07-31T11:15:00,432,73.8,18,0.54033
2025-07-31T11:18:00,451,75.8,18,0.49908
2025-07-31T11:21:00,434,74.3,18,0.53002
2025-07-31T11:24:00,438,75.3,18,0.5094
2025-07-31T11:27:00,471,74,19,0.57087
2025-07-31T11:30:00,470,74.5,19,0.55989
2025-07-31T11:33:00,424,73.4,19,0.58404
2025-07-31T11:36:00,417,74.4,19,0.56209
2025-07-31T11:39:00,412,74.2,19,0.56648
2025-07-31T11:42:00,414,73.3,18,0.55064
2025-07-31T11:45:00,416,75.3,19,0.54233
2025-07-31T11:48:00,416,74.3,19,0.56428
2025-07-31T11:51:00,415,73.8,19,0.57526
2025-07-31T11:54:00,416,74.1,19,0.56868
2025-07-31T11:57:00,420,74.2,19,0.56648
2025-07-31T12:00:00,424,74.6,19,0.5577
2025-07-31T12:03:00,421,74.4,19,0.56209
2025-07-31T12:06:00,413,74.8,19,0.55331
2025-07-31T12:09:00,413,74.1,19,0.56868
2025-07-31T12:12:00,430,72.9,19,0.59502
2025-07-31T12:15:00,453,73.9,19,0.57307
2025-07-31T12:18:00,454,74.6,19,0.5577
2025-07-31T12:21:00,432,73.9,19,0.57307
2025-07-31T12:24:00,405,73.7,19,0.57746
2025-07-31T12:27:00,405,74.2,19,0.56648
2025-07-31T12:30:00,410,73.3,19,0.58624
2025-07-31T12:33:00,419,72.2,19,0.61039
2025-07-31T12:36:00,424,71.4,19,0.62796
2025-07-31T12:39:00,416,73.7,19,0.57746
2025-07-31T12:42:00,408,71.5,19,0.62576
2025-07-31T12:45:00,402,72.2,19,0.61039
2025-07-31T12:48:00,404,70.8,19,0.64113
2025-07-31T12:51:00,410,72.1,19,0.61259
2025-07-31T12:54:00,424,71.8,19,0.61918
2025-07-31T12:57:00,422,73.7,19,0.57746
2025-07-31T13:00:00,423,74.2,20,0.60281
2025-07-31T13:03:00,419,73.2,20,0.62618
2025-07-31T13:06:00,417,72.1,19,0.61259
2025-07-31T13:09:00,416,70.5,19,0.64772
2025-07-31T13:12:00,413,71.9,19,0.61698
2025-07-31T13:15:00,401,70.1,19,0.6565
2025-07-31T13:18:00,401,72.1,19,0.61259
2025-07-31T13:21:00,421,72.6,19,0.60161
2025-07-31T13:24:00,419,72.7,19,0.59941
2025-07-31T13:27:00,417,70.5,19,0.64772
2025-07-31T13:30:00,423,71.3,19,0.63015
2025-07-31T13:33:00,424,70.5,19,0.64772
2025-07-31T13:36:00,425,71.9,19,0.61698
2025-07-31T13:39:00,422,72,19,0.61478
2025-07-31T13:42:00,425,72.2,19,0.61039
2025-07-31T13:45:00,412,71.3,19,0.63015
2025-07-31T13:48:00,408,71,19,0.63674
2025-07-31T13:51:00,408,70.7,20,0.68459
2025-07-31T13:54:00,409,68.8,20,0.72898
2025-07-31T13:57:00,412,71.5,19,0.62576
2025-07-31T14:00:00,413,72.1,20,0.65188
2025-07-31T14:03:00,414,71.8,20,0.65889
2025-07-31T14:06:00,405,72,20,0.65421
2025-07-31T14:09:00,405,71.7,20,0.66122
2025-07-31T14:12:00,414,71.7,20,0.66122
2025-07-31T14:15:00,415,71.5,20,0.6659
2025-07-31T14:18:00,413,71.7,20,0.66122
2025-07-31T14:21:00,412,71.3,20,0.67057
2025-07-31T14:24:00,408,71.7,20,0.66122
2025-07-31T14:27:00,410,71,20,0.67758
2025-07-31T14:30:00,410,70.7,20,0.68459
2025-07-31T14:33:00,406,71.3,20,0.67057
2025-07-31T14:36:00,409,72.1,20,0.65188
2025-07-31T14:39:00,404,73.5,20,0.61917
2025-07-31T14:42:00,408,73.3,20,0.62384
2025-07-31T14:45:00,409,73.7,20,0.61449
2025-07-31T14:48:00,465,71.2,20,0.67291
2025-07-31T14:51:00,466,72,20,0.65421
2025-07-31T14:54:00,463,72.6,20,0.6402
2025-07-31T14:57:00,420,72.9,20,0.63319
2025-07-31T15:00:00,407,73,20,0.63085
2025-07-31T15:03:00,407,72.9,21,0.67348
2025-07-31T15:06:00,408,71.5,20,0.6659
2025-07-31T15:09:00,402,71.8,20,0.65889
2025-07-31T15:12:00,404,71.3,20,0.67057
2025-07-31T15:15:00,455,71.4,20,0.66823
2025-07-31T15:18:00,427,72.3,20,0.6472
2025-07-31T15:21:00,416,70.6,20,0.68692
2025-07-31T15:24:00,404,73.3,20,0.62384
2025-07-31T15:27:00,406,71.2,20,0.67291
2025-07-31T15:30:00,407,70.8,20,0.68225
2025-07-31T15:33:00,405,70.2,20,0.69627
2025-07-31T15:36:00,402,70.2,20,0.69627
2025-07-31T15:39:00,404,71.4,20,0.66823
2025-07-31T15:42:00,400,71.2,20,0.67291
2025-07-31T15:45:00,400,71.2,20,0.67291
2025-07-31T15:48:00,394,69.3,20,0.7173
2025-07-31T15:51:00,397,70.2,20,0.69627
2025-07-31T15:54:00,394,69,19,0.68065
2025-07-31T15:57:00,394,71,20,0.67758
2025-07-31T16:00:00,390,70.1,20,0.69861
2025-07-31T16:03:00,391,70.3,20,0.69393
2025-07-31T16:06:00,394,71.1,20,0.67524
2025-07-31T16:09:00,406,70.2,20,0.69627
2025-07-31T16:12:00,389,68.9,20,0.72665
2025-07-31T16:15:00,389,68.4,20,0.73833
2025-07-31T16:18:00,387,72.4,20,0.64487
2025-07-31T16:21:00,386,70.4,20,0.6916
2025-07-31T16:24:00,383,70.1,19,0.6565
2025-07-31T16:27:00,381,69.5,20,0.71263
2025-07-31T16:30:00,383,69.9,20,0.70328
2025-07-31T16:33:00,380,69.7,20,0.70795
2025-07-31T16:36:00,382,70.6,19,0.64552
2025-07-31T16:39:00,380,73,19,0.59283
2025-07-31T16:42:00,380,72.2,20,0.64954
2025-07-31T16:45:00,378,72.9,20,0.63319
2025-07-31T16:48:00,376,72,20,0.65421
2025-07-31T16:51:00,376,71.6,20,0.66356
2025-07-31T16:54:00,374,70.8,20,0.68225
2025-07-31T16:57:00,370,71.8,20,0.65889
2025-07-31T17:00:00,369,72.8,20,0.63552
2025-07-31T17:03:00,369,72.9,20,0.63319
2025-07-31T17:06:00,372,71.9,20,0.65655
2025-07-31T17:09:00,378,72.5,20,0.64253
2025-07-31T17:12:00,368,72.1,20,0.65188
2025-07-31T17:15:00,370,72.4,20,0.64487
2025-07-31T17:18:00,375,73.8,20,0.61216
2025-07-31T17:21:00,365,73.9,20,0.60982
2025-07-31T17:24:00,365,74.1,20,0.60515
2025-07-31T17:27:00,366,74.3,20,0.60048
2025-07-31T17:30:00,408,73.5,20,0.61917
2025-07-31T17:33:00,389,73.9,20,0.60982
2025-07-31T17:36:00,375,74.3,20,0.60048
2025-07-31T17:39:00,407,74.2,20,0.60281
2025-07-31T17:42:00,405,74.4,20,0.59814
2025-07-31T17:45:00,373,74.7,20,0.59113
2025-07-31T17:48:00,358,74.6,20,0.59347
2025-07-31T17:51:00,360,75.1,20,0.58178
2025-07-31T17:54:00,394,74.6,20,0.59347
2025-07-31T17:57:00,353,76.4,20,0.55141
2025-07-31T18:00:00,353,76.5,20,0.54907
2025-07-31T18:03:00,351,76.1,20,0.55842
2025-07-31T18:06:00,353,75,20,0.58412
2025-07-31T18:09:00,353,75.8,20,0.56543
2025-07-31T18:12:00,343,76.1,20,0.55842
2025-07-31T18:15:00,341,76.2,20,0.55608
2025-07-31T18:18:00,341,76.6,20,0.54674
2025-07-31T18:21:00,337,76.5,20,0.54907
2025-07-31T18:24:00,337,76.8,20,0.54206
2025-07-31T18:27:00,334,76.3,20,0.55375
2025-07-31T18:30:00,334,76.2,20,0.55608
2025-07-31T18:33:00,333,76.4,20,0.55141
2025-07-31T18:36:00,329,76.8,19,0.50939
2025-07-31T18:39:00,330,77.3,19,0.49841
2025-07-31T18:42:00,328,77.1,19,0.50281
2025-07-31T18:45:00,327,75.9,19,0.52915
2025-07-31T18:48:00,327,77.3,19,0.49841
2025-07-31T18:51:00,327,77.1,19,0.50281
2025-07-31T18:54:00,326,77.5,19,0.49402
2025-07-31T18:57:00,324,77.8,19,0.48744
2025-07-31T19:00:00,324,77.4,19,0.49622
2025-07-31T19:03:00,324,78.6,19,0.46987
2025-07-31T19:06:00,324,77.7,19,0.48963
2025-07-31T19:09:00,321,76.8,19,0.50939
2025-07-31T19:12:00,321,77.3,19,0.49841
2025-07-31T19:15:00,319,76.5,19,0.51598
2025-07-31T19:18:00,319,77.8,19,0.48744
2025-07-31T19:21:00,317,79.1,19,0.45889
2025-07-31T19:24:00,318,78.8,19,0.46548
2025-07-31T19:27:00,318,79.2,19,0.4567
2025-07-31T19:30:00,316,79.1,19,0.45889
2025-07-31T19:33:00,315,78.7,19,0.46768
2025-07-31T19:36:00,314,79,19,0.46109
2025-07-31T19:39:00,314,79.7,19,0.44572
2025-07-31T19:42:00,314,79.7,19,0.44572
2025-07-31T19:45:00,315,80,19,0.43913
2025-07-31T19:48:00,312,80.1,19,0.43694
2025-07-31T19:51:00,312,79.7,19,0.44572
2025-07-31T19:54:00,312,79.9,19,0.44133
2025-07-31T19:57:00,311,80.3,19,0.43254
2025-07-31T20:00:00,310,80.5,19,0.42815
2025-07-31T20:03:00,0,81.5,19,0.4062
2025-07-31T20:06:00,0,81.4,19,0.40839
2025-07-31T20:09:00,0,81,18,0.39184
2025-07-31T20:12:00,0,81.5,18,0.38153
2025-07-31T20:15:00,0,81.7,18,0.37741
2025-07-31T20:18:00,0,82.1,18,0.36916
2025-07-31T20:21:00,0,82.1,18,0.36916
2025-07-31T20:24:00,0,82.6,18,0.35885
2025-07-31T20:27:00,0,82.1,18,0.36916
2025-07-31T20:30:00,0,81.8,18,0.37534
2025-07-31T20:33:00,0,82.3,18,0.36503
2025-07-31T20:36:00,0,83.1,18,0.34853
2025-07-31T20:39:00,0,82.6,18,0.35885
2025-07-31T20:42:00,0,83.3,18,0.34441
2025-07-31T20:45:00,0,83.1,18,0.34853
2025-07-31T20:48:00,0,82.9,18,0.35266
2025-07-31T20:51:00,0,83,18,0.3506
2025-07-31T20:54:00,0,83.2,18,0.34647
2025-07-31T20:57:00,0,82.8,18,0.35472
2025-07-31T21:00:00,0,83.1,18,0.34853
2025-07-31T21:03:00,0,83.3,18,0.34441
2025-07-31T21:06:00,0,83.6,18,0.33822
2025-07-31T21:09:00,0,83,18,0.3506
2025-07-31T21:12:00,0,83.8,18,0.3341
2025-07-31T21:15:00,0,83.4,18,0.34235
2025-07-31T21:18:00,0,82,18,0.37122
2025-07-31T21:21:00,0,83.3,18,0.34441
2025-07-31T21:24:00,0,81.8,18,0.37534
2025-07-31T21:27:00,0,81.8,18,0.37534
2025-07-31T21:30:00,0,81.4,18,0.38359
2025-07-31T21:33:00,0,80.7,18,0.39803
2025-07-31T21:36:00,0,79.4,18,0.42484
2025-07-31T21:39:00,0,78.3,18,0.44753
2025-07-31T21:42:00,0,79.1,18,0.43103
2025-07-31T21:45:00,0,79.2,18,0.42897
2025-07-31T21:48:00,0,80.1,18,0.4104
2025-07-31T21:51:00,0,80.7,18,0.39803
2025-07-31T21:54:00,0,79.4,18,0.42484
2025-07-31T21:57:00,0,79.1,18,0.43103
2025-07-31T22:00:00,0,78.3,18,0.44753
2025-07-31T22:03:00,0,78.6,18,0.44134
2025-07-31T22:06:00,0,79.2,18,0.42897
2025-07-31T22:09:00,0,79.4,18,0.42484
2025-07-31T22:12:00,0,80,18,0.41247
2025-07-31T22:15:00,0,77.1,19,0.50281
2025-07-31T22:18:00,0,77.3,19,0.49841
2025-07-31T22:21:00,0,78.9,19,0.46328
2025-07-31T22:24:00,0,76.8,19,0.50939
2025-07-31T22:27:00,0,75.9,19,0.52915
2025-07-31T22:30:00,0,75.7,19,0.53354
2025-07-31T22:33:00,0,73.8,19,0.57526
2025-07-31T22:36:00,0,75.9,19,0.52915
2025-07-31T22:39:00,0,74,19,0.57087
2025-07-31T22:42:00,0,74.9,19,0.55111
2025-07-31T22:45:00,0,73.1,19,0.59063
2025-07-31T22:48:00,0,71.7,19,0.62137
2025-07-31T22:51:00,0,70.8,19,0.64113
2025-07-31T22:54:00,0,70,19,0.6587
2025-07-31T22:57:00,0,69.5,19,0.66968
2025-07-31T23:00:00,0,68.8,19,0.68505
2025-07-31T23:03:00,0,69,19,0.68065
2025-07-31T23:06:00,0,74.4,19,0.56209
2025-07-31T23:09:00,0,74.4,19,0.56209
2025-07-31T23:12:00,0,73.9,19,0.57307
2025-07-31T23:15:00,0,74.1,19,0.56868
2025-07-31T23:18:00,0,74.2,19,0.56648
2025-07-31T23:21:00,0,77.6,19,0.49183
2025-07-31T23:24:00,0,77.4,19,0.49622
2025-07-31T23:27:00,0,76.2,19,0.52257
2025-07-31T23:30:00,0,75.9,19,0.52915
2025-07-31T23:33:00,0,75.7,19,0.53354
2025-07-31T23:36:00,0,75.2,19,0.54452
2025-07-31T23:39:00,0,75.1,19,0.54672
2025-07-31T23:42:00,0,74.8,19,0.55331
2025-07-31T23:45:00,0,74.9,19,0.55111
2025-07-31T23:48:00,0,74.8,19,0.55331
2025-07-31T23:51:00,0,74.8,19,0.55331
2025-07-31T23:54:00,0,74.8,19,0.55331
2025-07-31T23:57:00,0,74.9,19,0.55111
2025-08-01T00:00:00,0,75,19,0.54891
2025-08-01T00:03:00,0,75,19,0.54891
2025-08-01T00:06:00,0,75.1,19,0.54672
2025-08-01T00:09:00,0,75.2,19,0.54452
2025-08-01T00:12:00,0,75.1,19,0.54672
2025-08-01T00:15:00,0,75.2,19,0.54452
2025-08-01T00:18:00,0,75.3,19,0.54233
2025-08-01T00:21:00,0,75.4,19,0.54013
2025-08-01T00:24:00,0,75.5,19,0.53794
2025-08-01T00:27:00,0,75.5,19,0.53794
2025-08-01T00:30:00,0,75.7,19,0.53354
2025-08-01T00:33:00,0,76,19,0.52696
2025-08-01T00:36:00,0,76.9,19,0.5072
2025-08-01T00:39:00,0,77.5,19,0.49402
2025-08-01T00:42:00,0,77.7,19,0.48963
2025-08-01T00:45:00,0,77.6,19,0.49183
2025-08-01T00:48:00,0,77.5,19,0.49402
2025-08-01T00:51:00,0,77.6,19,0.49183
2025-08-01T00:54:00,0,77.5,19,0.49402
2025-08-01T00:57:00,0,77.5,19,0.49402
2025-08-01T01:00:00,0,77.4,19,0.49622
2025-08-01T01:03:00,0,77.3,19,0.49841
2025-08-01T01:06:00,0,77.3,19,0.49841
2025-08-01T01:09:00,0,77.4,19,0.49622
2025-08-01T01:12:00,0,77.2,19,0.50061
2025-08-01T01:15:00,0,77.1,19,0.50281
2025-08-01T01:18:00,0,77.1,19,0.50281
2025-08-01T01:21:00,0,77.2,19,0.50061
2025-08-01T01:24:00,0,77.2,19,0.50061
2025-08-01T01:27:00,0,77.4,19,0.49622
2025-08-01T01:30:00,0,78.2,19,0.47865
2025-08-01T01:33:00,0,78.6,19,0.46987
2025-08-01T01:36:00,0,78.9,19,0.46328
2025-08-01T01:39:00,0,80.6,19,0.42596
2025-08-01T01:42:00,0,81.3,19,0.41059
2025-08-01T01:45:00,0,81.9,19,0.39741
2025-08-01T01:48:00,0,82.7,19,0.37985
2025-08-01T01:51:00,0,83.1,19,0.37107
2025-08-01T01:54:00,0,83.6,19,0.36009
2025-08-01T01:57:00,0,84,19,0.35131
2025-08-01T02:00:00,0,84.4,19,0.34252
2025-08-01T02:03:00,0,84.7,19,0.33594
2025-08-01T02:06:00,0,85.1,19,0.32715
2025-08-01T02:09:00,0,85.7,19,0.31398
2025-08-01T02:12:00,0,86,19,0.30739
2025-08-01T02:15:00,0,86.2,19,0.303
2025-08-01T02:18:00,0,86.5,19,0.29641
2025-08-01T02:21:00,0,86.6,19,0.29422
2025-08-01T02:24:00,0,86.7,19,0.29202
2025-08-01T02:27:00,0,86.9,19,0.28763
2025-08-01T02:30:00,0,86.9,19,0.28763
2025-08-01T02:33:00,0,86.9,19,0.28763
2025-08-01T02:36:00,0,87,19,0.28544
2025-08-01T02:39:00,0,87,19,0.28544
2025-08-01T02:42:00,0,87.1,19,0.28324
2025-08-01T02:45:00,0,87.2,19,0.28104
2025-08-01T02:48:00,0,87.2,19,0.28104
2025-08-01T02:51:00,0,87.2,19,0.28104
2025-08-01T02:54:00,0,87.2,19,0.28104
2025-08-01T02:57:00,0,87.2,19,0.28104
2025-08-01T03:00:00,0,87.2,19,0.28104
2025-08-01T03:03:00,0,87.3,19,0.27885
2025-08-01T03:06:00,0,87.3,19,0.27885
2025-08-01T03:09:00,0,87.3,19,0.27885
2025-08-01T03:12:00,0,87.3,19,0.27885
2025-08-01T03:15:00,0,87.3,19,0.27885
2025-08-01T03:18:00,0,87.4,19,0.27665
2025-08-01T03:21:00,0,87.3,19,0.27885
2025-08-01T03:24:00,0,87.4,19,0.27665
2025-08-01T03:27:00,0,87.4,19,0.27665
2025-08-01T03:30:00,0,87.4,19,0.27665
2025-08-01T03:33:00,0,87.4,19,0.27665
2025-08-01T03:36:00,0,87.4,19,0.27665
2025-08-01T03:39:00,0,87.5,19,0.27446
2025-08-01T03:42:00,0,87.5,19,0.27446
2025-08-01T03:45:00,0,87.5,19,0.27446
2025-08-01T03:48:00,0,87.5,19,0.27446
2025-08-01T03:51:00,0,87.5,19,0.27446
2025-08-01T03:54:00,0,87.6,19,0.27226
2025-08-01T03:57:00,0,87.6,19,0.27226
2025-08-01T04:00:00,0,87.5,19,0.27446
2025-08-01T04:03:00,332,87.3,19,0.27885
2025-08-01T04:06:00,331,86.6,19,0.29422
2025-08-01T04:09:00,327,86.1,19,0.3052
2025-08-01T04:12:00,325,85.6,19,0.31617
2025-08-01T04:15:00,323,85.2,20,0.3458
2025-08-01T04:18:00,322,84.8,20,0.35514
2025-08-01T04:21:00,321,84.4,20,0.36449
2025-08-01T04:24:00,320,83.2,20,0.39253
2025-08-01T04:27:00,320,82.5,20,0.40888
2025-08-01T04:30:00,319,81.5,20,0.43225
2025-08-01T04:33:00,317,80.2,20,0.46262
2025-08-01T04:36:00,317,79.4,20,0.48131
2025-08-01T04:39:00,317,78.7,20,0.49767
2025-08-01T04:42:00,316,78.1,20,0.51169
2025-08-01T04:45:00,316,77.5,20,0.52571
2025-08-01T04:48:00,315,77,20,0.53739
2025-08-01T04:51:00,315,76.8,20,0.54206
2025-08-01T04:54:00,315,76.4,20,0.55141
2025-08-01T04:57:00,315,76.3,20,0.55375
2025-08-01T05:00:00,315,75.7,20,0.56776
2025-08-01T05:03:00,315,75.4,20,0.57477
2025-08-01T05:06:00,315,75.3,20,0.57711
2025-08-01T05:09:00,315,74.1,20,0.60515
2025-08-01T05:12:00,315,74.4,20,0.59814
2025-08-01T05:15:00,315,74.3,20,0.60048
2025-08-01T05:18:00,315,75.3,20,0.57711
2025-08-01T05:21:00,315,75.1,20,0.58178
2025-08-01T05:24:00,315,75.6,20,0.5701
2025-08-01T05:27:00,315,75,20,0.58412
2025-08-01T05:30:00,315,74.6,20,0.59347
2025-08-01T05:33:00,315,74.8,20,0.58879
2025-08-01T05:36:00,315,75.6,20,0.5701
2025-08-01T05:39:00,315,75.3,20,0.57711
2025-08-01T05:42:00,315,74.9,20,0.58646
2025-08-01T05:45:00,315,74.2,20,0.60281
2025-08-01T05:48:00,315,74.3,20,0.60048
2025-08-01T05:51:00,315,75,20,0.58412
2025-08-01T05:54:00,315,75,20,0.58412
2025-08-01T05:57:00,315,74.6,20,0.59347
2025-08-01T06:00:00,317,74.2,20,0.60281
2025-08-01T06:03:00,318,74.1,19,0.56868
2025-08-01T06:06:00,315,74.8,20,0.58879
2025-08-01T06:09:00,315,74.8,20,0.58879
2025-08-01T06:12:00,315,74,20,0.60748
2025-08-01T06:15:00,316,74.4,20,0.59814
2025-08-01T06:18:00,316,74.4,20,0.59814
2025-08-01T06:21:00,317,74.3,20,0.60048
2025-08-01T06:24:00,317,73.6,20,0.61683
2025-08-01T06:27:00,316,74.1,20,0.60515
2025-08-01T06:30:00,314,73.9,20,0.60982
2025-08-01T06:33:00,317,74.7,20,0.59113
2025-08-01T06:36:00,317,74.2,20,0.60281
2025-08-01T06:39:00,316,74.7,19,0.5555
2025-08-01T06:42:00,317,74.9,20,0.58646
2025-08-01T06:45:00,318,74.9,20,0.58646
2025-08-01T06:48:00,317,74.1,20,0.60515
2025-08-01T06:51:00,319,74,19,0.57087
2025-08-01T06:54:00,319,74.2,20,0.60281
2025-08-01T06:57:00,320,74.6,20,0.59347
2025-08-01T07:00:00,321,74,20,0.60748
2025-08-01T07:03:00,320,74.6,20,0.59347
2025-08-01T07:06:00,320,74.6,20,0.59347
2025-08-01T07:09:00,324,74.1,20,0.60515
2025-08-01T07:12:00,328,74.4,20,0.59814
2025-08-01T07:15:00,327,74.4,20,0.59814
2025-08-01T07:18:00,331,75,20,0.58412
2025-08-01T07:21:00,333,74.4,20,0.59814
2025-08-01T07:24:00,330,74,20,0.60748
2025-08-01T07:27:00,331,74.6,20,0.59347
2025-08-01T07:30:00,338,74.9,20,0.58646
2025-08-01T07:33:00,341,74.4,20,0.59814
2025-08-01T07:36:00,342,74.1,20,0.60515
2025-08-01T07:39:00,341,73.9,20,0.60982
2025-08-01T07:42:00,336,74.1,20,0.60515
2025-08-01T07:45:00,331,75,20,0.58412
2025-08-01T07:48:00,334,74.2,20,0.60281
2025-08-01T07:51:00,332,74.6,20,0.59347
2025-08-01T07:54:00,336,74.7,20,0.59113
2025-08-01T07:57:00,337,74.3,20,0.60048
2025-08-01T08:00:00,350,74.3,20,0.60048
2025-08-01T08:03:00,346,74.6,20,0.59347
2025-08-01T08:06:00,337,74.6,20,0.59347
2025-08-01T08:09:00,342,74.5,21,0.63371
2025-08-01T08:12:00,426,72.9,21,0.67348
2025-08-01T08:15:00,361,73,21,0.67099
2025-08-01T08:18:00,419,74.1,20,0.60515
2025-08-01T08:21:00,408,72.9,20,0.63319
2025-08-01T08:24:00,347,74.8,20,0.58879
2025-08-01T08:27:00,406,73.5,20,0.61917
2025-08-01T08:30:00,399,76.5,19,0.51598
2025-08-01T08:33:00,480,74.4,20,0.59814
2025-08-01T08:36:00,490,78.1,19,0.48085
2025-08-01T08:39:00,503,81.5,19,0.4062
2025-08-01T08:42:00,523,80.3,20,0.46029
2025-08-01T08:45:00,523,81.3,19,0.41059
2025-08-01T08:48:00,515,83.3,19,0.36667
2025-08-01T08:51:00,null,null,null,null
2025-08-01T09:00:00,540,84,18,0.32997
2025-08-01T09:03:00,548,83.9,19,0.3535
2025-08-01T09:06:00,525,84.6,18,0.3176
2025-08-01T09:09:00,488,84.6,19,0.33813
2025-08-01T09:12:00,440,85,18,0.30935
2025-08-01T09:15:00,370,85.1,19,0.32715
2025-08-01T09:18:00,352,86,18,0.28873
2025-08-01T09:21:00,416,85.8,18,0.29285
2025-08-01T09:24:00,463,86,18,0.28873
2025-08-01T09:27:00,405,85.8,19,0.31178
2025-08-01T09:30:00,441,86.2,19,0.303
2025-08-01T09:33:00,429,86.2,19,0.303
2025-08-01T09:36:00,424,85.5,19,0.31837
2025-08-01T09:39:00,416,85.6,19,0.31617
2025-08-01T09:42:00,413,85.4,19,0.32057
2025-08-01T09:45:00,414,85.4,19,0.32057
2025-08-01T09:48:00,410,85.5,19,0.31837
2025-08-01T09:51:00,420,84.9,20,0.35281
2025-08-01T09:54:00,408,84.8,19,0.33374
2025-08-01T09:57:00,418,84.9,20,0.35281
2025-08-01T10:00:00,434,85.1,20,0.34814
2025-08-01T10:03:00,440,84.7,20,0.35748
2025-08-01T10:06:00,430,85.1,20,0.34814
2025-08-01T10:09:00,418,84.9,20,0.35281
2025-08-01T10:12:00,413,84.9,20,0.35281
2025-08-01T10:15:00,413,84.9,20,0.35281
2025-08-01T10:18:00,413,84.6,20,0.35982
2025-08-01T10:21:00,413,84,20,0.37384
2025-08-01T10:24:00,414,84.6,20,0.35982
2025-08-01T10:27:00,414,84.2,20,0.36916
2025-08-01T10:30:00,416,84.6,21,0.38271
2025-08-01T10:33:00,416,84.3,21,0.39017
2025-08-01T10:36:00,419,83.1,21,0.41999
2025-08-01T10:39:00,419,83.1,21,0.41999
2025-08-01T10:42:00,420,83.8,21,0.40259
2025-08-01T10:45:00,420,83.8,21,0.40259
2025-08-01T10:48:00,421,83.7,21,0.40508
2025-08-01T10:51:00,425,83.2,21,0.41751
2025-08-01T10:54:00,421,82.8,21,0.42745
2025-08-01T10:57:00,421,82.8,22,0.45443
2025-08-01T11:00:00,421,82.4,21,0.43739
2025-08-01T11:03:00,419,82.8,22,0.45443
2025-08-01T11:06:00,432,83,22,0.44915
2025-08-01T11:09:00,451,83.3,22,0.44122
2025-08-01T11:12:00,454,82.4,22,0.465
2025-08-01T11:15:00,470,83.4,22,0.43858
2025-08-01T11:18:00,454,81.8,22,0.48085
2025-08-01T11:21:00,444,81.6,22,0.48614
2025-08-01T11:24:00,490,81.8,22,0.48085
2025-08-01T11:27:00,498,82.5,22,0.46236
2025-08-01T11:30:00,502,81.8,22,0.48085
2025-08-01T11:33:00,428,82,22,0.47557
2025-08-01T11:36:00,423,81,22,0.50199
2025-08-01T11:39:00,422,81.8,22,0.48085
2025-08-01T11:42:00,431,82.2,22,0.47028
2025-08-01T11:45:00,432,82.1,22,0.47293
2025-08-01T11:48:00,452,81.4,23,0.5222
2025-08-01T11:51:00,471,81.3,23,0.52501
2025-08-01T11:54:00,450,80.5,23,0.54747
2025-08-01T11:57:00,462,81.5,23,0.5194
2025-08-01T12:00:00,445,81,23,0.53343
2025-08-01T12:03:00,423,81.3,23,0.52501
2025-08-01T12:06:00,429,81,23,0.53343
2025-08-01T12:09:00,458,81.3,23,0.52501
2025-08-01T12:12:00,488,80.7,23,0.54186
2025-08-01T12:15:00,486,80.4,23,0.55028
2025-08-01T12:18:00,482,80.4,23,0.55028
2025-08-01T12:21:00,432,80.3,23,0.55309
2025-08-01T12:24:00,414,80.8,23,0.53905
2025-08-01T12:27:00,415,81.3,23,0.52501
2025-08-01T12:30:00,440,80.8,23,0.53905
2025-08-01T12:33:00,445,80.4,24,0.58448
2025-08-01T12:36:00,438,78.6,24,0.63816
2025-08-01T12:39:00,436,79.2,23,0.58397
2025-08-01T12:42:00,408,79.8,23,0.56712
2025-08-01T12:45:00,408,79.7,23,0.56993
2025-08-01T12:48:00,414,80,23,0.56151
2025-08-01T12:51:00,430,80.3,23,0.55309
2025-08-01T12:54:00,410,79.4,23,0.57835
2025-08-01T12:57:00,424,78.5,23,0.60362
2025-08-01T13:00:00,435,78.7,23,0.59801
2025-08-01T13:03:00,441,79.5,24,0.61132
2025-08-01T13:06:00,440,79.8,24,0.60237
2025-08-01T13:09:00,437,79.7,24,0.60535
2025-08-01T13:12:00,431,79.7,24,0.60535
2025-08-01T13:15:00,412,78.1,24,0.65307
2025-08-01T13:18:00,423,78.1,24,0.65307
2025-08-01T13:21:00,448,77.8,24,0.66201
2025-08-01T13:24:00,438,78.1,24,0.65307
2025-08-01T13:27:00,452,78.1,24,0.65307
2025-08-01T13:30:00,455,78.8,23,0.5952
2025-08-01T13:33:00,444,78,24,0.65605
2025-08-01T13:36:00,451,78,24,0.65605
2025-08-01T13:39:00,354,77.1,24,0.68289
2025-08-01T13:42:00,416,77.5,24,0.67096
2025-08-01T13:45:00,399,77.6,24,0.66798
2025-08-01T13:48:00,402,77.5,24,0.67096
2025-08-01T13:51:00,367,78,24,0.65605
2025-08-01T13:54:00,416,77.4,24,0.67394
2025-08-01T13:57:00,413,77.2,24,0.67991
2025-08-01T14:00:00,420,76.9,24,0.68885
2025-08-01T14:03:00,449,76.9,24,0.68885
2025-08-01T14:06:00,399,77.8,24,0.66201
2025-08-01T14:09:00,429,77.3,24,0.67692
2025-08-01T14:12:00,483,76.4,24,0.70376
2025-08-01T14:15:00,475,76,24,0.71569
2025-08-01T14:18:00,459,75.3,24,0.73656
2025-08-01T14:21:00,438,75.8,24,0.72165
2025-08-01T14:24:00,419,75.7,24,0.72464
2025-08-01T14:27:00,419,76,24,0.71569
2025-08-01T14:30:00,419,75.8,24,0.72165
2025-08-01T14:33:00,417,75.6,23,0.68504
2025-08-01T14:36:00,415,75.3,24,0.73656
2025-08-01T14:39:00,420,75.6,24,0.72762
2025-08-01T14:42:00,423,75.2,24,0.73955
2025-08-01T14:45:00,444,75.6,24,0.72762
2025-08-01T14:48:00,536,75.3,24,0.73656
2025-08-01T14:51:00,552,75.3,24,0.73656
2025-08-01T14:54:00,539,74.8,24,0.75147
2025-08-01T14:57:00,426,74.9,23,0.70469
2025-08-01T15:00:00,421,74.8,24,0.75147
2025-08-01T15:03:00,419,74.3,24,0.76638
2025-08-01T15:06:00,421,74.8,23,0.7075
2025-08-01T15:09:00,420,74.4,23,0.71873
2025-08-01T15:12:00,443,74.6,24,0.75744
2025-08-01T15:15:00,580,74.9,24,0.74849
2025-08-01T15:18:00,524,74,24,0.77533
2025-08-01T15:21:00,524,74,24,0.77533
2025-08-01T15:24:00,456,74.4,24,0.7634
2025-08-01T15:27:00,425,73.5,24,0.79024
2025-08-01T15:30:00,419,74.1,24,0.77235
2025-08-01T15:33:00,420,74.3,24,0.76638
2025-08-01T15:36:00,413,73.1,24,0.80217
2025-08-01T15:39:00,379,74,24,0.77533
2025-08-01T15:42:00,408,74.4,24,0.7634
2025-08-01T15:45:00,409,74.2,24,0.76937
2025-08-01T15:48:00,404,75.1,24,0.74253
2025-08-01T15:51:00,407,74.3,24,0.76638
2025-08-01T15:54:00,400,74.7,24,0.75446
2025-08-01T15:57:00,398,74.1,24,0.77235
2025-08-01T16:00:00,401,74.1,24,0.77235
2025-08-01T16:03:00,350,74.7,24,0.75446
2025-08-01T16:06:00,402,75.8,23,0.67943
2025-08-01T16:09:00,405,76.3,24,0.70674
2025-08-01T16:12:00,340,75.1,24,0.74253
2025-08-01T16:15:00,398,74.3,24,0.76638
2025-08-01T16:18:00,337,74,24,0.77533
2025-08-01T16:21:00,387,75.4,23,0.69066
2025-08-01T16:24:00,357,75.5,23,0.68785
2025-08-01T16:27:00,337,75.5,23,0.68785
2025-08-01T16:30:00,336,75.5,23,0.68785
2025-08-01T16:33:00,395,76,23,0.67381
2025-08-01T16:36:00,392,75.7,24,0.72464
2025-08-01T16:39:00,393,75.7,24,0.72464
2025-08-01T16:42:00,336,75.6,24,0.72762
2025-08-01T16:45:00,347,75.6,24,0.72762
2025-08-01T16:48:00,324,75.7,24,0.72464
2025-08-01T16:51:00,320,75.4,23,0.69066
2025-08-01T16:54:00,322,76.2,23,0.6682
2025-08-01T16:57:00,320,76.4,23,0.66258
2025-08-01T17:00:00,324,76.9,23,0.64854
2025-08-01T17:03:00,358,76.9,23,0.64854
2025-08-01T17:06:00,343,77.8,23,0.62327
2025-08-01T17:09:00,394,76.7,23,0.65416
2025-08-01T17:12:00,372,76.3,23,0.66539
2025-08-01T17:15:00,378,76.7,23,0.65416
2025-08-01T17:18:00,345,75.3,23,0.69346
2025-08-01T17:21:00,338,75.7,23,0.68223
2025-08-01T17:24:00,337,76.3,23,0.66539
2025-08-01T17:27:00,387,77.5,23,0.6317
2025-08-01T17:30:00,426,75.4,23,0.69066
2025-08-01T17:33:00,452,75.3,23,0.69346
2025-08-01T17:36:00,402,74.8,23,0.7075
2025-08-01T17:39:00,325,74.6,23,0.71312
2025-08-01T17:42:00,324,75.5,23,0.68785
2025-08-01T17:45:00,325,76.3,23,0.66539
2025-08-01T17:48:00,323,76.5,23,0.65977
2025-08-01T17:51:00,315,75.9,23,0.67662
2025-08-01T17:54:00,315,76.6,23,0.65697
2025-08-01T17:57:00,313,76.4,22,0.62352
2025-08-01T18:00:00,312,76.6,22,0.61824
2025-08-01T18:03:00,312,76.8,22,0.61296
2025-08-01T18:06:00,313,77.7,22,0.58918
2025-08-01T18:09:00,315,77.5,22,0.59446
2025-08-01T18:12:00,316,77.1,22,0.60503
2025-08-01T18:15:00,315,77.1,22,0.60503
2025-08-01T18:18:00,315,77.5,22,0.59446
2025-08-01T18:21:00,312,79.3,22,0.5469
2025-08-01T18:24:00,315,79.5,22,0.54162
2025-08-01T18:27:00,315,79.9,22,0.53105
2025-08-01T18:30:00,315,79.6,22,0.53898
2025-08-01T18:33:00,317,80,22,0.52841
2025-08-01T18:36:00,316,80.1,21,0.49455
2025-08-01T18:39:00,315,82.4,22,0.465
2025-08-01T18:42:00,315,81.5,22,0.48878
2025-08-01T18:45:00,315,81.6,22,0.48614
2025-08-01T18:48:00,315,82.9,22,0.45179
2025-08-01T18:51:00,316,81.6,22,0.48614
2025-08-01T18:54:00,314,82.4,22,0.465
2025-08-01T18:57:00,313,80,22,0.52841
2025-08-01T19:00:00,314,81.7,21,0.45478
2025-08-01T19:03:00,315,80.1,21,0.49455
2025-08-01T19:06:00,312,81.8,21,0.4523
2025-08-01T19:09:00,313,80.2,21,0.49206
2025-08-01T19:12:00,311,80.4,21,0.48709
2025-08-01T19:15:00,309,80.4,21,0.48709
2025-08-01T19:18:00,311,80.5,21,0.4846
2025-08-01T19:21:00,312,80.8,21,0.47715
2025-08-01T19:24:00,312,80.7,21,0.47963
2025-08-01T19:27:00,310,80.7,21,0.47963
2025-08-01T19:30:00,311,81,21,0.47218
2025-08-01T19:33:00,309,80.8,21,0.47715
2025-08-01T19:36:00,309,81.1,21,0.46969
2025-08-01T19:39:00,307,82.2,21,0.44236
2025-08-01T19:42:00,309,82.1,21,0.44484
2025-08-01T19:45:00,309,81.5,21,0.45975
2025-08-01T19:48:00,306,81.5,21,0.45975
2025-08-01T19:51:00,307,81.3,21,0.46472
2025-08-01T19:54:00,307,81.8,21,0.4523
2025-08-01T19:57:00,306,82.6,21,0.43242
2025-08-01T20:00:00,304,82.6,21,0.43242
2025-08-01T20:03:00,0,82.6,21,0.43242
2025-08-01T20:06:00,0,82.6,21,0.43242
2025-08-01T20:09:00,0,83.1,21,0.41999
2025-08-01T20:12:00,0,82.8,21,0.42745
2025-08-01T20:15:00,0,83.3,21,0.41502
2025-08-01T20:18:00,0,83.2,21,0.41751
2025-08-01T20:21:00,0,83.7,21,0.40508
2025-08-01T20:24:00,0,83.2,21,0.41751
2025-08-01T20:27:00,0,83.3,21,0.41502
2025-08-01T20:30:00,0,82.5,21,0.4349
2025-08-01T20:33:00,0,82.6,21,0.43242
2025-08-01T20:36:00,0,82.8,21,0.42745
2025-08-01T20:39:00,0,83.3,21,0.41502
2025-08-01T20:42:00,0,82.6,21,0.43242
2025-08-01T20:45:00,0,82.6,21,0.43242
2025-08-01T20:48:00,0,82.6,21,0.43242
2025-08-01T20:51:00,0,82.7,20,0.40421
2025-08-01T20:54:00,0,82.7,20,0.40421
2025-08-01T20:57:00,0,82.9,20,0.39954
2025-08-01T21:00:00,0,82.6,20,0.40655
2025-08-01T21:03:00,0,82.9,20,0.39954
2025-08-01T21:06:00,0,82.9,20,0.39954
2025-08-01T21:09:00,0,82.8,20,0.40187
2025-08-01T21:12:00,0,82.9,20,0.39954
2025-08-01T21:15:00,0,83.4,20,0.38786
2025-08-01T21:18:00,0,83,20,0.3972
2025-08-01T21:21:00,0,82.6,20,0.40655
2025-08-01T21:24:00,0,82.8,20,0.40187
2025-08-01T21:27:00,0,82.9,20,0.39954
2025-08-01T21:30:00,0,82.1,20,0.41823
2025-08-01T21:33:00,0,81.9,20,0.4229
2025-08-01T21:36:00,0,82.4,20,0.41122
2025-08-01T21:39:00,0,82.4,20,0.41122
2025-08-01T21:42:00,0,82.2,20,0.41589
2025-08-01T21:45:00,0,82.7,20,0.40421
2025-08-01T21:48:00,0,82.6,20,0.40655
2025-08-01T21:51:00,0,82.6,20,0.40655
2025-08-01T21:54:00,0,82.9,20,0.39954
2025-08-01T21:57:00,0,83.6,20,0.38318
2025-08-01T22:00:00,0,83.6,20,0.38318
2025-08-01T22:03:00,0,83.6,20,0.38318
2025-08-01T22:06:00,0,83.8,20,0.37851
2025-08-01T22:09:00,0,83.2,20,0.39253
2025-08-01T22:12:00,0,83.2,20,0.39253
2025-08-01T22:15:00,0,83.8,19,0.3557
2025-08-01T22:18:00,0,83.9,19,0.3535
2025-08-01T22:21:00,0,83.9,19,0.3535
2025-08-01T22:24:00,0,83.9,19,0.3535
2025-08-01T22:27:00,0,84,19,0.35131
2025-08-01T22:30:00,0,84.1,19,0.34911
2025-08-01T22:33:00,0,84.3,19,0.34472
2025-08-01T22:36:00,0,84.5,19,0.34033
2025-08-01T22:39:00,0,84.6,19,0.33813
2025-08-01T22:42:00,0,84.5,19,0.34033
2025-08-01T22:45:00,0,84.7,19,0.33594
2025-08-01T22:48:00,0,85,19,0.32935
2025-08-01T22:51:00,0,84.7,19,0.33594
2025-08-01T22:54:00,0,85.3,19,0.32276
2025-08-01T22:57:00,0,85.3,19,0.32276
2025-08-01T23:00:00,0,85.2,19,0.32496
2025-08-01T23:03:00,0,85.1,19,0.32715
2025-08-01T23:06:00,0,86,19,0.30739
2025-08-01T23:09:00,0,86.5,19,0.29641
2025-08-01T23:12:00,0,86.3,19,0.30081
2025-08-01T23:15:00,0,86.4,19,0.29861
2025-08-01T23:18:00,0,86.7,19,0.29202
2025-08-01T23:21:00,0,86.7,19,0.29202
2025-08-01T23:24:00,0,86.8,19,0.28983
2025-08-01T23:27:00,0,86.9,19,0.28763
2025-08-01T23:30:00,0,87.3,19,0.27885
2025-08-01T23:33:00,0,87.3,19,0.27885
2025-08-01T23:36:00,0,87.4,19,0.27665
2025-08-01T23:39:00,0,87.1,19,0.28324
2025-08-01T23:42:00,0,87.4,19,0.27665
2025-08-01T23:45:00,0,87.6,19,0.27226
2025-08-01T23:48:00,0,87.7,19,0.27007
2025-08-01T23:51:00,0,87.5,19,0.27446
2025-08-01T23:54:00,0,87.6,19,0.27226
2025-08-01T23:57:00,0,87.6,19,0.27226
2025-08-02T00:00:00,0,87.8,18,0.2516
2025-08-02T00:03:00,0,88.1,18,0.24542
2025-08-02T00:06:00,0,88.3,18,0.24129
2025-08-02T00:09:00,0,87.9,18,0.24954
2025-08-02T00:12:00,0,88.1,18,0.24542
2025-08-02T00:15:00,0,88.2,18,0.24336
2025-08-02T00:18:00,0,88.3,18,0.24129
2025-08-02T00:21:00,0,88.4,18,0.23923
2025-08-02T00:24:00,0,88.1,18,0.24542
2025-08-02T00:27:00,0,88.4,18,0.23923
2025-08-02T00:30:00,0,88.7,18,0.23304
2025-08-02T00:33:00,0,88.2,18,0.24336
2025-08-02T00:36:00,0,89.1,18,0.22479
2025-08-02T00:39:00,0,89.1,18,0.22479
2025-08-02T00:42:00,0,88.8,18,0.23098
2025-08-02T00:45:00,0,89.4,18,0.21861
2025-08-02T00:48:00,0,89.2,18,0.22273
2025-08-02T00:51:00,0,88.1,18,0.24542
2025-08-02T00:54:00,0,88.8,18,0.23098
2025-08-02T00:57:00,0,88.8,18,0.23098
2025-08-02T01:00:00,0,87.6,18,0.25573
2025-08-02T01:03:00,0,87.4,18,0.25985
2025-08-02T01:06:00,0,87.6,19,0.27226
2025-08-02T01:09:00,0,87.8,19,0.26787
2025-08-02T01:12:00,0,87.9,18,0.24954
2025-08-02T01:15:00,0,88.2,19,0.25909
2025-08-02T01:18:00,0,86.6,19,0.29422
2025-08-02T01:21:00,0,86.5,19,0.29641
2025-08-02T01:24:00,0,85.9,19,0.30959
2025-08-02T01:27:00,0,86.8,19,0.28983
2025-08-02T01:30:00,0,86.9,19,0.28763
2025-08-02T01:33:00,0,87.5,18,0.25779
2025-08-02T01:36:00,0,87.6,18,0.25573
2025-08-02T01:39:00,0,87.2,18,0.26398
2025-08-02T01:42:00,0,86.7,18,0.27429
2025-08-02T01:45:00,0,86.6,18,0.27635
2025-08-02T01:48:00,0,87.4,18,0.25985
2025-08-02T01:51:00,0,88,18,0.24748
2025-08-02T01:54:00,0,87.8,18,0.2516
2025-08-02T01:57:00,0,88,18,0.24748
2025-08-02T02:00:00,0,88.3,18,0.24129
2025-08-02T02:03:00,0,87.3,19,0.27885
2025-08-02T02:06:00,0,88.2,19,0.25909
2025-08-02T02:09:00,0,88.4,19,0.2547
2025-08-02T02:12:00,0,88.6,19,0.2503
2025-08-02T02:15:00,0,88.1,19,0.26128
2025-08-02T02:18:00,0,88.3,19,0.25689
2025-08-02T02:21:00,0,87.8,19,0.26787
2025-08-02T02:24:00,0,87.4,19,0.27665
2025-08-02T02:27:00,0,87.6,19,0.27226
2025-08-02T02:30:00,0,87.2,19,0.28104
2025-08-02T02:33:00,0,87,19,0.28544
2025-08-02T02:36:00,0,84.8,19,0.33374
2025-08-02T02:39:00,0,83.4,19,0.36448
2025-08-02T02:42:00,0,83.4,19,0.36448
2025-08-02T02:45:00,0,85.6,19,0.31617
2025-08-02T02:48:00,0,86,19,0.30739
2025-08-02T02:51:00,0,84.5,19,0.34033
2025-08-02T02:54:00,0,83.2,19,0.36887
2025-08-02T02:57:00,0,83.5,20,0.38552
2025-08-02T03:00:00,0,85.5,20,0.33879
2025-08-02T03:03:00,0,87.1,20,0.30141
2025-08-02T03:06:00,0,88.2,20,0.2757
2025-08-02T03:09:00,0,88.4,20,0.27103
2025-08-02T03:12:00,0,88.7,20,0.26402
2025-08-02T03:15:00,0,87.6,20,0.28972
2025-08-02T03:18:00,0,87.6,20,0.28972
2025-08-02T03:21:00,0,88.5,20,0.2687
2025-08-02T03:24:00,0,88.6,19,0.2503
2025-08-02T03:27:00,0,88.7,19,0.24811
2025-08-02T03:30:00,0,88.9,19,0.24372
2025-08-02T03:33:00,0,88.8,19,0.24591
2025-08-02T03:36:00,0,88.2,19,0.25909
2025-08-02T03:39:00,0,88.2,19,0.25909
2025-08-02T03:42:00,0,88.9,19,0.24372
2025-08-02T03:45:00,0,89.1,19,0.23933
2025-08-02T03:48:00,0,88.9,19,0.24372
2025-08-02T03:51:00,0,88.4,19,0.2547
2025-08-02T03:54:00,0,88.3,19,0.25689
2025-08-02T03:57:00,0,87.9,19,0.26567
2025-08-02T04:00:00,0,88.3,19,0.25689
2025-08-02T04:03:00,327,87.3,19,0.27885
2025-08-02T04:06:00,324,86.7,19,0.29202
2025-08-02T04:09:00,322,86.2,19,0.303
2025-08-02T04:12:00,318,85.6,19,0.31617
2025-08-02T04:15:00,317,85.7,20,0.33412
2025-08-02T04:18:00,316,85,20,0.35047
2025-08-02T04:21:00,314,84.9,19,0.33154
2025-08-02T04:24:00,314,85.6,20,0.33645
2025-08-02T04:27:00,312,85.1,20,0.34814
2025-08-02T04:30:00,312,84.6,20,0.35982
2025-08-02T04:33:00,311,84,20,0.37384
2025-08-02T04:36:00,311,84.1,20,0.3715
2025-08-02T04:39:00,309,84.4,20,0.36449
2025-08-02T04:42:00,309,84.1,20,0.3715
2025-08-02T04:45:00,310,83.9,20,0.37617
2025-08-02T04:48:00,310,84,20,0.37384
2025-08-02T04:51:00,310,83.6,20,0.38318
2025-08-02T04:54:00,309,83.6,20,0.38318
2025-08-02T04:57:00,310,83.7,20,0.38085
2025-08-02T05:00:00,309,82.9,20,0.39954
2025-08-02T05:03:00,309,83.4,20,0.38786
2025-08-02T05:06:00,310,82.9,20,0.39954
2025-08-02T05:09:00,309,83.8,20,0.37851
2025-08-02T05:12:00,309,83.6,20,0.38318
2025-08-02T05:15:00,308,82.8,20,0.40187
2025-08-02T05:18:00,309,83.4,20,0.38786
2025-08-02T05:21:00,310,82.7,20,0.40421
2025-08-02T05:24:00,310,83.1,20,0.39487
2025-08-02T05:27:00,309,82.8,20,0.40187
2025-08-02T05:30:00,309,82.9,20,0.39954
2025-08-02T05:33:00,311,83.1,20,0.39487
2025-08-02T05:36:00,309,82.6,20,0.40655
2025-08-02T05:39:00,310,83.2,20,0.39253
2025-08-02T05:42:00,311,83.5,20,0.38552
2025-08-02T05:45:00,310,82.9,20,0.39954
2025-08-02T05:48:00,311,83.2,20,0.39253
2025-08-02T05:51:00,313,83.4,20,0.38786
2025-08-02T05:54:00,313,83.3,20,0.39019
2025-08-02T05:57:00,313,82.9,20,0.39954
2025-08-02T06:00:00,315,82.9,20,0.39954
2025-08-02T06:03:00,315,83.2,20,0.39253
2025-08-02T06:06:00,315,83.6,20,0.38318
2025-08-02T06:09:00,317,83.9,20,0.37617
2025-08-02T06:12:00,320,84,20,0.37384
2025-08-02T06:15:00,320,84,20,0.37384
2025-08-02T06:18:00,320,84.2,20,0.36916
2025-08-02T06:21:00,320,84.5,20,0.36215
2025-08-02T06:24:00,321,84.5,20,0.36215
2025-08-02T06:27:00,322,84.4,20,0.36449
2025-08-02T06:30:00,324,84.1,20,0.3715
2025-08-02T06:33:00,321,83.9,20,0.37617
2025-08-02T06:36:00,321,83.5,20,0.38552
2025-08-02T06:39:00,323,83.1,20,0.39487
2025-08-02T06:42:00,323,82.9,20,0.39954
2025-08-02T06:45:00,321,82.8,21,0.42745
2025-08-02T06:48:00,320,82.4,21,0.43739
2025-08-02T06:51:00,321,82.4,21,0.43739
2025-08-02T06:54:00,323,82.5,21,0.4349
2025-08-02T06:57:00,327,82.5,21,0.4349
2025-08-02T07:00:00,331,83.6,20,0.38318
2025-08-02T07:03:00,332,83.3,21,0.41502
2025-08-02T07:06:00,334,82.5,21,0.4349
2025-08-02T07:09:00,336,82.2,21,0.44236
2025-08-02T07:12:00,332,87.3,20,0.29673
2025-08-02T07:15:00,326,87.2,20,0.29907
2025-08-02T07:18:00,324,86.1,20,0.32477
2025-08-02T07:21:00,323,87.6,20,0.28972
2025-08-02T07:24:00,321,88.9,19,0.24372
2025-08-02T07:27:00,324,88.7,20,0.26402
2025-08-02T07:30:00,326,87.5,20,0.29206
2025-08-02T07:33:00,324,89.4,19,0.23274
2025-08-02T07:36:00,322,89.5,19,0.23054
2025-08-02T07:39:00,325,88.1,20,0.27804
2025-08-02T07:42:00,324,89.4,19,0.23274
2025-08-02T07:45:00,326,89.7,19,0.22615
2025-08-02T07:48:00,327,90.1,19,0.21737
2025-08-02T07:51:00,323,90,19,0.21957
2025-08-02T07:54:00,319,91,19,0.19761
2025-08-02T07:57:00,317,90.4,19,0.21078
2025-08-02T08:00:00,319,90.5,19,0.20859
2025-08-02T08:03:00,317,90.8,19,0.202
2025-08-02T08:06:00,318,90.6,19,0.20639
2025-08-02T08:09:00,320,90.5,19,0.20859
2025-08-02T08:12:00,321,90.2,19,0.21517
2025-08-02T08:15:00,322,90.3,19,0.21298
2025-08-02T08:18:00,322,90.2,19,0.21517
2025-08-02T08:21:00,324,90.4,19,0.21078
2025-08-02T08:24:00,323,90.5,19,0.20859
2025-08-02T08:27:00,320,90,19,0.21957
2025-08-02T08:30:00,316,89.9,19,0.22176
2025-08-02T08:33:00,314,90.1,19,0.21737
2025-08-02T08:36:00,316,90.2,19,0.21517
2025-08-02T08:39:00,317,90.2,19,0.21517
2025-08-02T08:42:00,320,90.4,19,0.21078
2025-08-02T08:45:00,321,91,19,0.19761
2025-08-02T08:48:00,323,90.8,19,0.202
2025-08-02T08:51:00,325,90.3,19,0.21298
2025-08-02T08:54:00,324,90.4,19,0.21078
2025-08-02T08:57:00,329,90.7,19,0.2042
2025-08-02T09:00:00,332,90.8,19,0.202
2025-08-02T09:03:00,340,90.3,19,0.21298
2025-08-02T09:06:00,346,90.7,19,0.2042
2025-08-02T09:09:00,336,90.6,19,0.20639
2025-08-02T09:12:00,325,90.3,19,0.21298
2025-08-02T09:15:00,342,90,19,0.21957
2025-08-02T09:18:00,348,90,19,0.21957
2025-08-02T09:21:00,348,89.8,19,0.22396
2025-08-02T09:24:00,350,89.8,19,0.22396
2025-08-02T09:27:00,356,90.1,19,0.21737
2025-08-02T09:30:00,347,89.7,19,0.22615
2025-08-02T09:33:00,343,89.7,19,0.22615
2025-08-02T09:36:00,346,90.2,19,0.21517
2025-08-02T09:39:00,345,90.3,19,0.21298
2025-08-02T09:42:00,338,90.2,19,0.21517
2025-08-02T09:45:00,336,89.7,19,0.22615
2025-08-02T09:48:00,334,89.7,19,0.22615
2025-08-02T09:51:00,331,89.5,19,0.23054
2025-08-02T09:54:00,330,89.4,19,0.23274
2025-08-02T09:57:00,328,90.2,19,0.21517
2025-08-02T10:00:00,326,89.7,19,0.22615
2025-08-02T10:03:00,325,89.5,19,0.23054
2025-08-02T10:06:00,325,89.5,19,0.23054
2025-08-02T10:09:00,327,89.8,19,0.22396
2025-08-02T10:12:00,328,89.8,19,0.22396
2025-08-02T10:15:00,330,90.1,19,0.21737
2025-08-02T10:18:00,331,89.5,19,0.23054
2025-08-02T10:21:00,333,89.9,19,0.22176
2025-08-02T10:24:00,336,89.7,19,0.22615
2025-08-02T10:27:00,338,89.3,19,0.23494
2025-08-02T10:30:00,340,89.4,19,0.23274
2025-08-02T10:33:00,339,89.5,19,0.23054
2025-08-02T10:36:00,340,89.5,19,0.23054
2025-08-02T10:39:00,342,89.8,19,0.22396
2025-08-02T10:42:00,344,89.8,19,0.22396
2025-08-02T10:45:00,347,90.3,20,0.22664
2025-08-02T10:48:00,345,90,20,0.23365
2025-08-02T10:51:00,342,90.4,20,0.2243
2025-08-02T10:54:00,349,89.7,20,0.24066
2025-08-02T10:57:00,347,89.5,20,0.24533
2025-08-02T11:00:00,345,89.3,20,0.25
2025-08-02T11:03:00,342,89.1,20,0.25468
2025-08-02T11:06:00,350,89.8,20,0.23832
2025-08-02T11:09:00,353,89.1,20,0.25468
2025-08-02T11:12:00,364,88.8,20,0.26169
2025-08-02T11:15:00,401,89.1,20,0.25468
2025-08-02T11:18:00,444,88.8,20,0.26169
2025-08-02T11:21:00,430,88.4,20,0.27103
2025-08-02T11:24:00,450,88,21,0.29822
2025-08-02T11:27:00,493,87.7,21,0.30567
2025-08-02T11:30:00,484,86.7,21,0.33053
2025-08-02T11:33:00,399,86.5,21,0.3355
2025-08-02T11:36:00,409,86.9,21,0.32556
2025-08-02T11:39:00,374,86.8,21,0.32804
2025-08-02T11:42:00,394,87.8,21,0.30319
2025-08-02T11:45:00,369,86.6,21,0.33301
2025-08-02T11:48:00,350,86.6,21,0.33301
2025-08-02T11:51:00,357,86.9,21,0.32556
2025-08-02T11:54:00,354,87,21,0.32307
2025-08-02T11:57:00,353,87.4,21,0.31313
2025-08-02T12:00:00,345,87.5,21,0.31064
2025-08-02T12:03:00,342,87.7,21,0.30567
2025-08-02T12:06:00,339,87.3,21,0.31561
2025-08-02T12:09:00,336,86.8,21,0.32804
2025-08-02T12:12:00,334,87.4,21,0.31313
2025-08-02T12:15:00,334,87.6,21,0.30816
2025-08-02T12:18:00,334,88,21,0.29822
2025-08-02T12:21:00,338,87.7,21,0.30567
2025-08-02T12:24:00,342,87.8,21,0.30319
2025-08-02T12:27:00,347,87.6,21,0.30816
2025-08-02T12:30:00,351,87.5,21,0.31064
2025-08-02T12:33:00,366,88.2,21,0.29325
2025-08-02T12:36:00,413,87.9,21,0.3007
2025-08-02T12:39:00,383,86.5,22,0.35668
2025-08-02T12:42:00,387,86,21,0.34792
2025-08-02T12:45:00,396,85.1,21,0.37029
2025-08-02T12:48:00,394,85.9,21,0.35041
2025-08-02T12:51:00,397,85.8,21,0.35289
2025-08-02T12:54:00,388,85.6,22,0.38045
2025-08-02T12:57:00,389,83.9,22,0.42537
2025-08-02T13:00:00,380,84.4,22,0.41216
2025-08-02T13:03:00,null,null,null,null
2025-08-02T13:12:00,383,84.2,21,0.39265
2025-08-02T13:15:00,391,84.5,22,0.40952
2025-08-02T13:18:00,399,83.7,22,0.43065
2025-08-02T13:21:00,413,83.4,22,0.43858
2025-08-02T13:24:00,406,83.7,22,0.43065
2025-08-02T13:27:00,428,83.4,22,0.43858
2025-08-02T13:30:00,411,84,22,0.42273
2025-08-02T13:33:00,408,83.9,22,0.42537
2025-08-02T13:36:00,396,84.1,22,0.42009
2025-08-02T13:39:00,395,84,22,0.42273
2025-08-02T13:42:00,374,84.2,22,0.41744
2025-08-02T13:45:00,363,84.3,22,0.4148
2025-08-02T13:48:00,356,84.4,22,0.41216
2025-08-02T13:51:00,358,84.8,22,0.40159
2025-08-02T13:54:00,362,84.7,22,0.40423
2025-08-02T13:57:00,367,84.1,22,0.42009
2025-08-02T14:00:00,365,83.8,22,0.42801
2025-08-02T14:03:00,367,83.5,22,0.43594
2025-08-02T14:06:00,361,84.3,21,0.39017
2025-08-02T14:09:00,356,84.1,21,0.39514
2025-08-02T14:12:00,356,84.4,21,0.38768
2025-08-02T14:15:00,352,84.6,21,0.38271
2025-08-02T14:18:00,350,85.1,21,0.37029
2025-08-02T14:21:00,347,84.5,21,0.3852
2025-08-02T14:24:00,344,85.1,21,0.37029
2025-08-02T14:27:00,339,85.6,21,0.35786
2025-08-02T14:30:00,334,85.4,21,0.36283
2025-08-02T14:33:00,329,85.9,21,0.35041
2025-08-02T14:36:00,328,86.3,21,0.34047
2025-08-02T14:39:00,328,87.1,21,0.32058
2025-08-02T14:42:00,326,86.8,21,0.32804
2025-08-02T14:45:00,326,87.1,21,0.32058
2025-08-02T14:48:00,324,87.9,21,0.3007
2025-08-02T14:51:00,325,88.1,21,0.29573
2025-08-02T14:54:00,325,89,21,0.27337
2025-08-02T14:57:00,325,88.1,21,0.29573
2025-08-02T15:00:00,326,88.3,21,0.29076
2025-08-02T15:03:00,326,88.4,20,0.27103
2025-08-02T15:06:00,327,88.6,21,0.28331
2025-08-02T15:09:00,328,87.9,21,0.3007
2025-08-02T15:12:00,327,87.7,21,0.30567
2025-08-02T15:15:00,326,88.5,21,0.28579
2025-08-02T15:18:00,327,88,20,0.28038
2025-08-02T15:21:00,329,88.9,21,0.27585
2025-08-02T15:24:00,328,88.4,20,0.27103
2025-08-02T15:27:00,328,88.4,20,0.27103
2025-08-02T15:30:00,327,89.4,21,0.26343
2025-08-02T15:33:00,328,88.1,21,0.29573
2025-08-02T15:36:00,330,89.1,21,0.27088
2025-08-02T15:39:00,333,88.4,20,0.27103
2025-08-02T15:42:00,341,88.3,20,0.27337
2025-08-02T15:45:00,345,88,20,0.28038
2025-08-02T15:48:00,345,89,21,0.27337
2025-08-02T15:51:00,345,88.4,21,0.28828
2025-08-02T15:54:00,353,88.6,21,0.28331
2025-08-02T15:57:00,357,88.1,21,0.29573
2025-08-02T16:00:00,356,87.6,21,0.30816
2025-08-02T16:03:00,356,88.3,21,0.29076
2025-08-02T16:06:00,358,87.4,21,0.31313
2025-08-02T16:09:00,353,88,21,0.29822
2025-08-02T16:12:00,352,87.4,21,0.31313
2025-08-02T16:15:00,351,87.4,21,0.31313
2025-08-02T16:18:00,352,87.8,21,0.30319
2025-08-02T16:21:00,354,87.3,21,0.31561
2025-08-02T16:24:00,356,86.9,21,0.32556
2025-08-02T16:27:00,358,86.8,21,0.32804
2025-08-02T16:30:00,357,86.9,21,0.32556
2025-08-02T16:33:00,355,86.7,21,0.33053
2025-08-02T16:36:00,357,86.2,21,0.34295
2025-08-02T16:39:00,352,86,21,0.34792
2025-08-02T16:42:00,347,86.4,21,0.33798
2025-08-02T16:45:00,346,86.2,21,0.34295
2025-08-02T16:48:00,349,86.6,21,0.33301
2025-08-02T16:51:00,351,86.5,21,0.3355
2025-08-02T16:54:00,345,86.6,21,0.33301
2025-08-02T16:57:00,344,86.4,21,0.33798
2025-08-02T17:00:00,344,86.6,21,0.33301
2025-08-02T17:03:00,343,86.3,21,0.34047
2025-08-02T17:06:00,342,86.3,21,0.34047
2025-08-02T17:09:00,341,86.4,21,0.33798
2025-08-02T17:12:00,340,86.2,21,0.34295
2025-08-02T17:15:00,340,86.5,21,0.3355
2025-08-02T17:18:00,337,85.9,21,0.35041
2025-08-02T17:21:00,337,86.9,21,0.32556
2025-08-02T17:24:00,338,85.8,21,0.35289
2025-08-02T17:27:00,341,86.2,21,0.34295
2025-08-02T17:30:00,354,86.2,21,0.34295
2025-08-02T17:33:00,355,85.9,22,0.37253
2025-08-02T17:36:00,353,85.9,22,0.37253
2025-08-02T17:39:00,364,85.5,21,0.36035
2025-08-02T17:42:00,344,85.7,21,0.35538
2025-08-02T17:45:00,340,86.8,22,0.34875
2025-08-02T17:48:00,340,86.1,21,0.34544
2025-08-02T17:51:00,342,86.1,22,0.36724
2025-08-02T17:54:00,345,85.6,22,0.38045
2025-08-02T17:57:00,344,85.6,22,0.38045
2025-08-02T18:00:00,341,85.6,22,0.38045
2025-08-02T18:03:00,341,86,21,0.34792
2025-08-02T18:06:00,341,85.8,21,0.35289
2025-08-02T18:09:00,339,86.3,21,0.34047
2025-08-02T18:12:00,336,85.8,21,0.35289
2025-08-02T18:15:00,329,85.7,21,0.35538
2025-08-02T18:18:00,326,85.4,21,0.36283
2025-08-02T18:21:00,327,86.3,21,0.34047
2025-08-02T18:24:00,328,85.5,21,0.36035
2025-08-02T18:27:00,336,85.7,21,0.35538
2025-08-02T18:30:00,327,85.4,21,0.36283
2025-08-02T18:33:00,328,85.7,21,0.35538
2025-08-02T18:36:00,326,85.5,21,0.36035
2025-08-02T18:39:00,326,85.8,21,0.35289
2025-08-02T18:42:00,323,86.1,21,0.34544
2025-08-02T18:45:00,323,85.9,21,0.35041
2025-08-02T18:48:00,328,86.2,21,0.34295
2025-08-02T18:51:00,323,85.7,21,0.35538
2025-08-02T18:54:00,323,85.5,21,0.36035
2025-08-02T18:57:00,327,86.2,21,0.34295
2025-08-02T19:00:00,328,86.7,21,0.33053
2025-08-02T19:03:00,324,87,22,0.34347
2025-08-02T19:06:00,321,87.1,22,0.34082
2025-08-02T19:09:00,318,87.3,22,0.33554
2025-08-02T19:12:00,319,87.9,22,0.31969
2025-08-02T19:15:00,317,87.3,21,0.31561
2025-08-02T19:18:00,318,87.6,21,0.30816
2025-08-02T19:21:00,318,87.5,21,0.31064
2025-08-02T19:24:00,316,87.9,21,0.3007
2025-08-02T19:27:00,315,87.9,21,0.3007
2025-08-02T19:30:00,312,87.6,21,0.30816
2025-08-02T19:33:00,313,87.5,21,0.31064
2025-08-02T19:36:00,310,87.5,21,0.31064
2025-08-02T19:39:00,310,87.5,21,0.31064
2025-08-02T19:42:00,307,87.7,21,0.30567
2025-08-02T19:45:00,309,88,21,0.29822
2025-08-02T19:48:00,309,88.2,21,0.29325
2025-08-02T19:51:00,309,88.8,21,0.27834
2025-08-02T19:54:00,308,88.6,21,0.28331
2025-08-02T19:57:00,307,88.6,21,0.28331
2025-08-02T20:00:00,298,89,21,0.27337
2025-08-02T20:03:00,0,89,21,0.27337
2025-08-02T20:06:00,0,89.2,21,0.2684
2025-08-02T20:09:00,0,89.5,21,0.26094
2025-08-02T20:12:00,0,89.5,21,0.26094
2025-08-02T20:15:00,0,89.7,20,0.24066
2025-08-02T20:18:00,0,89.8,20,0.23832
2025-08-02T20:21:00,0,90,20,0.23365
2025-08-02T20:24:00,0,89.9,20,0.23598
2025-08-02T20:27:00,0,90,20,0.23365
2025-08-02T20:30:00,0,89.9,20,0.23598
2025-08-02T20:33:00,0,89.9,20,0.23598
2025-08-02T20:36:00,0,90.4,20,0.2243
2025-08-02T20:39:00,0,90.2,20,0.22897
2025-08-02T20:42:00,0,90.2,20,0.22897
2025-08-02T20:45:00,0,90.4,20,0.2243
2025-08-02T20:48:00,0,90.4,20,0.2243
2025-08-02T20:51:00,0,90.3,20,0.22664
2025-08-02T20:54:00,0,90.1,20,0.23131
2025-08-02T20:57:00,0,90.1,20,0.23131
2025-08-02T21:00:00,0,90,20,0.23365
2025-08-02T21:03:00,0,90,20,0.23365
2025-08-02T21:06:00,0,90,20,0.23365
2025-08-02T21:09:00,0,89.8,20,0.23832
2025-08-02T21:12:00,0,89.8,20,0.23832
2025-08-02T21:15:00,0,89.9,20,0.23598
2025-08-02T21:18:00,0,90.1,20,0.23131
2025-08-02T21:21:00,0,90.2,19,0.21517
2025-08-02T21:24:00,0,90.1,19,0.21737
2025-08-02T21:27:00,0,89.8,19,0.22396
2025-08-02T21:30:00,0,90.1,19,0.21737
2025-08-02T21:33:00,0,89.6,19,0.22835
2025-08-02T21:36:00,0,89.7,19,0.22615
2025-08-02T21:39:00,0,89.5,19,0.23054
2025-08-02T21:42:00,0,89.9,19,0.22176
2025-08-02T21:45:00,0,89.7,19,0.22615
2025-08-02T21:48:00,0,89.8,19,0.22396
2025-08-02T21:51:00,0,89.9,19,0.22176
2025-08-02T21:54:00,0,89.8,19,0.22396
2025-08-02T21:57:00,0,90.2,19,0.21517
2025-08-02T22:00:00,0,90.2,19,0.21517
2025-08-02T22:03:00,0,89.8,19,0.22396
2025-08-02T22:06:00,0,90.1,19,0.21737
2025-08-02T22:09:00,0,89.9,19,0.22176
2025-08-02T22:12:00,0,90.1,19,0.21737
2025-08-02T22:15:00,0,89.9,19,0.22176
2025-08-02T22:18:00,0,89.8,19,0.22396
2025-08-02T22:21:00,0,89.9,19,0.22176
2025-08-02T22:24:00,0,90,19,0.21957
2025-08-02T22:27:00,0,90,19,0.21957
2025-08-02T22:30:00,0,90.1,18,0.20417
2025-08-02T22:33:00,0,90.8,18,0.18973
2025-08-02T22:36:00,0,90.4,18,0.19798
2025-08-02T22:39:00,0,90.3,18,0.20005
2025-08-02T22:42:00,0,90.4,18,0.19798
2025-08-02T22:45:00,0,90.9,18,0.18767
2025-08-02T22:48:00,0,90.8,18,0.18973
2025-08-02T22:51:00,0,90.6,18,0.19386
2025-08-02T22:54:00,0,90.5,18,0.19592
2025-08-02T22:57:00,0,90.9,18,0.18767
2025-08-02T23:00:00,0,90.6,18,0.19386
2025-08-02T23:03:00,0,90.6,18,0.19386
2025-08-02T23:06:00,0,91.1,18,0.18355
2025-08-02T23:09:00,0,90.4,18,0.19798
2025-08-02T23:12:00,0,90.7,18,0.1918
2025-08-02T23:15:00,0,91.1,18,0.18355
2025-08-02T23:18:00,0,90.6,18,0.19386
2025-08-02T23:21:00,0,90.7,18,0.1918
2025-08-02T23:24:00,0,90.9,18,0.18767
2025-08-02T23:27:00,0,90.7,18,0.1918
2025-08-02T23:30:00,0,90.8,18,0.18973
2025-08-02T23:33:00,0,90.9,18,0.18767
2025-08-02T23:36:00,0,90.8,18,0.18973
2025-08-02T23:39:00,0,90.1,18,0.20417
2025-08-02T23:42:00,0,89.5,19,0.23054
2025-08-02T23:45:00,0,88.9,19,0.24372
2025-08-02T23:48:00,0,88.9,19,0.24372
2025-08-02T23:51:00,0,87.9,19,0.26567
2025-08-02T23:54:00,0,88,19,0.26348
2025-08-02T23:57:00,0,87.7,19,0.27007
2025-08-03T00:00:00,0,87.5,19,0.27446
2025-08-03T00:03:00,0,87.9,19,0.26567
2025-08-03T00:06:00,0,88.2,19,0.25909
2025-08-03T00:09:00,0,88.4,19,0.2547
2025-08-03T00:12:00,0,88.2,19,0.25909
2025-08-03T00:15:00,0,87.1,19,0.28324
2025-08-03T00:18:00,0,87.2,19,0.28104
2025-08-03T00:21:00,0,86.5,19,0.29641
2025-08-03T00:24:00,0,87.7,19,0.27007
2025-08-03T00:27:00,0,88.1,19,0.26128
2025-08-03T00:30:00,0,88.7,19,0.24811
2025-08-03T00:33:00,0,88.6,19,0.2503
2025-08-03T00:36:00,0,88.6,19,0.2503
2025-08-03T00:39:00,0,88,19,0.26348
2025-08-03T00:42:00,0,88.7,19,0.24811
2025-08-03T00:45:00,0,89.1,19,0.23933
2025-08-03T00:48:00,0,89.4,19,0.23274
2025-08-03T00:51:00,0,89.6,19,0.22835
2025-08-03T00:54:00,0,89.1,19,0.23933
2025-08-03T00:57:00,0,89.4,19,0.23274
2025-08-03T01:00:00,0,89.5,19,0.23054
2025-08-03T01:03:00,0,89.9,19,0.22176
2025-08-03T01:06:00,0,90.1,19,0.21737
2025-08-03T01:09:00,0,90.3,19,0.21298
2025-08-03T01:12:00,0,89.7,19,0.22615
2025-08-03T01:15:00,0,89.4,19,0.23274
2025-08-03T01:18:00,0,89.4,19,0.23274
2025-08-03T01:21:00,0,89.4,19,0.23274
2025-08-03T01:24:00,0,89.5,19,0.23054
2025-08-03T01:27:00,0,89.3,19,0.23494
2025-08-03T01:30:00,0,89.3,19,0.23494
2025-08-03T01:33:00,0,89.2,19,0.23713
2025-08-03T01:36:00,0,89.2,19,0.23713
2025-08-03T01:39:00,0,88.7,19,0.24811
2025-08-03T01:42:00,0,88.7,19,0.24811
2025-08-03T01:45:00,0,88.3,19,0.25689
2025-08-03T01:48:00,0,88.6,19,0.2503
2025-08-03T01:51:00,0,88.4,19,0.2547
2025-08-03T01:54:00,0,87.7,19,0.27007
2025-08-03T01:57:00,0,87.3,19,0.27885
2025-08-03T02:00:00,0,86.9,19,0.28763
2025-08-03T02:03:00,0,86.7,19,0.29202
2025-08-03T02:06:00,0,86.7,19,0.29202
2025-08-03T02:09:00,0,86.7,19,0.29202
2025-08-03T02:12:00,0,87.8,19,0.26787
2025-08-03T02:15:00,0,88.8,19,0.24591
2025-08-03T02:18:00,0,88.3,19,0.25689
2025-08-03T02:21:00,0,87.8,19,0.26787
2025-08-03T02:24:00,0,87.4,19,0.27665
2025-08-03T02:27:00,0,87,19,0.28544
2025-08-03T02:30:00,0,86.9,19,0.28763
2025-08-03T02:33:00,0,86.7,19,0.29202
2025-08-03T02:36:00,0,86.6,19,0.29422
2025-08-03T02:39:00,0,86.4,19,0.29861
2025-08-03T02:42:00,0,86.4,19,0.29861
2025-08-03T02:45:00,0,86.2,19,0.303
2025-08-03T02:48:00,0,86.3,19,0.30081
2025-08-03T02:51:00,0,86.1,19,0.3052
2025-08-03T02:54:00,0,86.2,19,0.303
2025-08-03T02:57:00,0,86.1,19,0.3052
2025-08-03T03:00:00,0,86.1,19,0.3052
2025-08-03T03:03:00,0,85.9,19,0.30959
2025-08-03T03:06:00,0,86,19,0.30739
2025-08-03T03:09:00,0,85.9,19,0.30959
2025-08-03T03:12:00,0,85.9,19,0.30959
2025-08-03T03:15:00,0,85.8,19,0.31178
2025-08-03T03:18:00,0,85.8,19,0.31178
2025-08-03T03:21:00,0,85.8,19,0.31178
2025-08-03T03:24:00,0,85.7,19,0.31398
2025-08-03T03:27:00,0,85.7,19,0.31398
2025-08-03T03:30:00,0,85.6,19,0.31617
2025-08-03T03:33:00,0,85.7,19,0.31398
2025-08-03T03:36:00,0,85.7,19,0.31398
2025-08-03T03:39:00,0,85.6,19,0.31617
2025-08-03T03:42:00,0,85.7,19,0.31398
2025-08-03T03:45:00,0,85.5,19,0.31837
2025-08-03T03:48:00,0,85.5,19,0.31837
2025-08-03T03:51:00,0,85.6,19,0.31617
2025-08-03T03:54:00,0,85.5,19,0.31837
2025-08-03T03:57:00,0,85.5,19,0.31837
2025-08-03T04:00:00,0,85.5,19,0.31837
2025-08-03T04:03:00,328,85.4,19,0.32057
2025-08-03T04:06:00,323,84.7,19,0.33594
2025-08-03T04:09:00,322,84,19,0.35131
2025-08-03T04:12:00,320,83.8,20,0.37851
2025-08-03T04:15:00,318,83.9,20,0.37617
2025-08-03T04:18:00,317,83.2,20,0.39253
2025-08-03T04:21:00,315,82.8,20,0.40187
2025-08-03T04:24:00,315,83.4,20,0.38786
2025-08-03T04:27:00,312,83.6,20,0.38318
2025-08-03T04:30:00,312,83.4,20,0.38786
2025-08-03T04:33:00,312,82.7,20,0.40421
2025-08-03T04:36:00,313,81,20,0.44393
2025-08-03T04:39:00,312,81.2,20,0.43926
2025-08-03T04:42:00,311,81.3,20,0.43692
2025-08-03T04:45:00,311,81.8,20,0.42524
2025-08-03T04:48:00,310,81.8,20,0.42524
2025-08-03T04:51:00,309,82,20,0.42057
2025-08-03T04:54:00,309,81.3,20,0.43692
2025-08-03T04:57:00,310,81.3,20,0.43692
2025-08-03T05:00:00,309,81.3,20,0.43692
2025-08-03T05:03:00,309,81.7,19,0.40181
2025-08-03T05:06:00,309,82.1,20,0.41823
2025-08-03T05:09:00,308,81.1,20,0.44159
2025-08-03T05:12:00,309,80.7,20,0.45094
2025-08-03T05:15:00,309,81.2,20,0.43926
2025-08-03T05:18:00,309,81.5,20,0.43225
2025-08-03T05:21:00,309,81.5,20,0.43225
2025-08-03T05:24:00,307,81.9,19,0.39741
2025-08-03T05:27:00,309,81.8,20,0.42524
2025-08-03T05:30:00,308,81.5,20,0.43225
2025-08-03T05:33:00,309,81.9,20,0.4229
2025-08-03T05:36:00,309,81.6,20,0.42991
2025-08-03T05:39:00,309,81.1,20,0.44159
2025-08-03T05:42:00,309,80.8,20,0.4486
2025-08-03T05:45:00,309,80.9,20,0.44627
2025-08-03T05:48:00,309,80.7,20,0.45094
2025-08-03T05:51:00,310,80.8,20,0.4486
2025-08-03T05:54:00,310,80.9,20,0.44627
2025-08-03T05:57:00,311,80.9,20,0.44627
2025-08-03T06:00:00,312,80.5,20,0.45561
2025-08-03T06:03:00,312,80.4,20,0.45795
2025-08-03T06:06:00,312,81.3,19,0.41059
2025-08-03T06:09:00,312,81,20,0.44393
2025-08-03T06:12:00,312,80.7,20,0.45094
2025-08-03T06:15:00,313,81.1,20,0.44159
2025-08-03T06:18:00,314,80.8,20,0.4486
2025-08-03T06:21:00,315,80.1,20,0.46496
2025-08-03T06:24:00,315,80.7,20,0.45094
2025-08-03T06:27:00,317,80.4,20,0.45795
2025-08-03T06:30:00,317,80.1,20,0.46496
2025-08-03T06:33:00,318,81,20,0.44393
2025-08-03T06:36:00,318,81.2,20,0.43926
2025-08-03T06:39:00,319,80.9,20,0.44627
2025-08-03T06:42:00,320,80.3,20,0.46029
2025-08-03T06:45:00,320,80.7,20,0.45094
2025-08-03T06:48:00,323,80.2,20,0.46262
2025-08-03T06:51:00,323,79.9,20,0.46963
2025-08-03T06:54:00,326,80.2,20,0.46262
2025-08-03T06:57:00,326,80.4,20,0.45795
2025-08-03T07:00:00,327,79.7,20,0.47431
2025-08-03T07:03:00,328,80,20,0.4673
2025-08-03T07:06:00,328,80.3,20,0.46029
2025-08-03T07:09:00,331,80.3,20,0.46029
2025-08-03T07:12:00,331,80.1,20,0.46496
2025-08-03T07:15:00,331,80.3,20,0.46029
2025-08-03T07:18:00,334,79.9,20,0.46963
2025-08-03T07:21:00,336,79.5,20,0.47898
2025-08-03T07:24:00,336,79.9,20,0.46963
2025-08-03T07:27:00,339,80.4,20,0.45795
2025-08-03T07:30:00,340,80.4,20,0.45795
2025-08-03T07:33:00,342,80.1,20,0.46496
2025-08-03T07:36:00,343,79.7,20,0.47431
2025-08-03T07:39:00,347,79,21,0.52188
2025-08-03T07:42:00,349,78.8,21,0.52685
2025-08-03T07:45:00,354,78.7,21,0.52934
2025-08-03T07:48:00,353,78.1,21,0.54425
2025-08-03T07:51:00,355,77.7,21,0.55419
2025-08-03T07:54:00,358,78.2,21,0.54176
2025-08-03T07:57:00,360,77.4,21,0.56164
2025-08-03T08:00:00,365,79.1,21,0.5194
2025-08-03T08:03:00,369,83.2,20,0.39253
2025-08-03T08:06:00,403,84.5,19.5,0.35109
2025-08-03T08:09:00,437,85.8,19,0.31178
2025-08-03T08:12:00,447,86.9,19,0.28763
2025-08-03T08:15:00,450,87.6,19,0.27226
2025-08-03T08:18:00,443,87.4,19,0.27665
2025-08-03T08:21:00,475,87.1,19,0.28324
2025-08-03T08:24:00,488,87.1,19,0.28324
2025-08-03T08:27:00,483,87.5,19,0.27446
2025-08-03T08:30:00,443,87.6,19,0.27226
2025-08-03T08:33:00,420,87.2,19,0.28104
2025-08-03T08:36:00,510,87.1,19,0.28324
2025-08-03T08:39:00,529,87.7,19,0.27007
2025-08-03T08:42:00,547,87.3,19,0.27885
2025-08-03T08:45:00,569,87.3,19,0.27885
2025-08-03T08:48:00,559,87.2,19,0.28104
2025-08-03T08:51:00,571,87.4,20,0.2944
2025-08-03T08:54:00,566,87.1,20,0.30141
2025-08-03T08:57:00,577,86.5,20,0.31542
2025-08-03T09:00:00,592,85.9,20,0.32944
2025-08-03T09:03:00,569,85.2,20,0.3458
2025-08-03T09:06:00,555,85.4,20,0.34113
2025-08-03T09:09:00,528,86.2,20,0.32243
2025-08-03T09:12:00,519,86.3,20,0.3201
2025-08-03T09:15:00,504,86.3,20,0.3201
2025-08-03T09:18:00,487,85.8,20,0.33178
2025-08-03T09:21:00,465,85.9,20,0.32944
2025-08-03T09:24:00,454,85.2,20,0.3458
2025-08-03T09:27:00,449,85.5,20,0.33879
2025-08-03T09:30:00,445,85.7,20,0.33412
2025-08-03T09:33:00,443,85.5,20,0.33879
2025-08-03T09:36:00,438,85.3,20,0.34346
2025-08-03T09:39:00,431,85.1,21,0.37029
2025-08-03T09:42:00,421,85.2,20,0.3458
2025-08-03T09:45:00,413,85,21,0.37277
2025-08-03T09:48:00,413,84.7,21,0.38023
2025-08-03T09:51:00,410,84.7,21,0.38023
2025-08-03T09:54:00,410,84.6,21,0.38271
2025-08-03T09:57:00,403,85.2,21,0.3678
2025-08-03T10:00:00,419,85,21,0.37277
2025-08-03T10:03:00,413,84.9,21,0.37526
2025-08-03T10:06:00,411,83.9,21,0.40011
2025-08-03T10:09:00,411,84,21,0.39762
2025-08-03T10:12:00,412,83.6,21,0.40757
2025-08-03T10:15:00,410,84.7,21,0.38023
2025-08-03T10:18:00,409,84.2,21,0.39265
2025-08-03T10:21:00,398,83.6,21,0.40757
2025-08-03T10:24:00,400,84.1,21,0.39514
2025-08-03T10:27:00,408,82.6,21,0.43242
2025-08-03T10:30:00,409,83.7,21,0.40508
2025-08-03T10:33:00,412,83.4,21,0.41254
2025-08-03T10:36:00,415,84.2,21,0.39265
2025-08-03T10:39:00,419,83.8,21,0.40259
2025-08-03T10:42:00,424,83,21,0.42248
2025-08-03T10:45:00,440,81.9,21,0.44981
2025-08-03T10:48:00,428,82.9,21,0.42496
2025-08-03T10:51:00,421,82.7,21,0.42993
2025-08-03T10:54:00,420,82.9,21,0.42496
2025-08-03T10:57:00,424,82.7,21,0.42993
2025-08-03T11:00:00,428,81.1,21,0.46969
2025-08-03T11:03:00,430,81.8,21,0.4523
2025-08-03T11:06:00,449,82.5,21,0.4349
2025-08-03T11:09:00,469,80.9,21,0.47466
2025-08-03T11:12:00,445,80.6,21,0.48212
2025-08-03T11:15:00,455,80.5,21,0.4846
2025-08-03T11:18:00,471,80.8,21,0.47715
2025-08-03T11:21:00,517,79.5,21,0.50946
2025-08-03T11:24:00,377,79.2,21,0.51691
2025-08-03T11:27:00,512,80.8,21,0.47715
2025-08-03T11:30:00,371,79.8,21,0.502
2025-08-03T11:33:00,457,79.6,21,0.50697
2025-08-03T11:36:00,424,80.3,21,0.48958
2025-08-03T11:39:00,425,80,21,0.49703
2025-08-03T11:42:00,412,78.7,21,0.52934
2025-08-03T11:45:00,416,80,20,0.4673
2025-08-03T11:48:00,430,79.8,21,0.502
2025-08-03T11:51:00,443,79.6,21,0.50697
2025-08-03T11:54:00,462,78.5,21,0.53431
2025-08-03T11:57:00,427,78.5,21,0.53431
2025-08-03T12:00:00,426,79.1,21,0.5194
2025-08-03T12:03:00,425,79.7,21,0.50449
2025-08-03T12:06:00,455,79.8,21,0.502
2025-08-03T12:09:00,432,79.5,21,0.50946
2025-08-03T12:12:00,460,79.9,21,0.49952
2025-08-03T12:15:00,432,77.7,21,0.55419
2025-08-03T12:18:00,391,77.7,21,0.55419
2025-08-03T12:21:00,411,78.4,21,0.53679
2025-08-03T12:24:00,368,78.3,21,0.53928
2025-08-03T12:27:00,414,78.2,21,0.54176
2025-08-03T12:30:00,411,77.8,21,0.5517
2025-08-03T12:33:00,395,78.3,21,0.53928
2025-08-03T12:36:00,397,78.5,21,0.53431
2025-08-03T12:39:00,390,78.4,21,0.53679
2025-08-03T12:42:00,398,79.1,21,0.5194
2025-08-03T12:45:00,421,78.7,21,0.52934
2025-08-03T12:48:00,422,78.8,21,0.52685
2025-08-03T12:51:00,385,78,21,0.54673
2025-08-03T12:54:00,419,78.1,21,0.54425
2025-08-03T12:57:00,409,77,21,0.57159
2025-08-03T13:00:00,411,77.8,21,0.5517
2025-08-03T13:03:00,424,77.2,22,0.60239
2025-08-03T13:06:00,426,78.1,22,0.57861
2025-08-03T13:09:00,433,79.3,22,0.5469
2025-08-03T13:12:00,435,77.7,22,0.58918
2025-08-03T13:15:00,415,78,22,0.58125
2025-08-03T13:18:00,424,76.2,22,0.62881
2025-08-03T13:21:00,431,77.5,22,0.59446
2025-08-03T13:24:00,416,78.2,22,0.57597
2025-08-03T13:27:00,454,76,22,0.63409
2025-08-03T13:30:00,457,75.4,22,0.64994
2025-08-03T13:33:00,456,76,22,0.63409
2025-08-03T13:36:00,465,75.9,22,0.63673
2025-08-03T13:39:00,350,76.4,22,0.62352
2025-08-03T13:42:00,463,78,22,0.58125
2025-08-03T13:45:00,457,76.3,22,0.62617
2025-08-03T13:48:00,452,76.6,22,0.61824
2025-08-03T13:51:00,350,75.9,22,0.63673
2025-08-03T13:54:00,423,76.4,22,0.62352
2025-08-03T13:57:00,427,77.8,22,0.58653
2025-08-03T14:00:00,441,77.3,22,0.59974
2025-08-03T14:03:00,342,77.2,22,0.60239
2025-08-03T14:06:00,342,77.6,22,0.59182
2025-08-03T14:09:00,332,79,22,0.55483
2025-08-03T14:12:00,378,79,22,0.55483
2025-08-03T14:15:00,542,78.4,22,0.57068
2025-08-03T14:18:00,344,79.2,22,0.54955
2025-08-03T14:21:00,507,78.8,22,0.56011
2025-08-03T14:24:00,484,78.9,22,0.55747
2025-08-03T14:27:00,340,78.9,22,0.55747
2025-08-03T14:30:00,333,80,22,0.52841
2025-08-03T14:33:00,371,78.4,22,0.57068
2025-08-03T14:36:00,444,78.9,22,0.55747
2025-08-03T14:39:00,347,79.8,22,0.53369
2025-08-03T14:42:00,450,80.3,22,0.52048
2025-08-03T14:45:00,356,79.6,22,0.53898
2025-08-03T14:48:00,351,79.7,22,0.53634
2025-08-03T14:51:00,512,78.5,22,0.56804
2025-08-03T14:54:00,423,79.6,22,0.53898
2025-08-03T14:57:00,430,79.4,23,0.57835
2025-08-03T15:00:00,388,79.4,23,0.57835
2025-08-03T15:03:00,358,79,23,0.58958
2025-08-03T15:06:00,352,79.6,22,0.53898
2025-08-03T15:09:00,358,80.4,22,0.51784
2025-08-03T15:12:00,391,79.4,22,0.54426
2025-08-03T15:15:00,437,79.3,22,0.5469
2025-08-03T15:18:00,408,79,22,0.55483
2025-08-03T15:21:00,539,78.9,22,0.55747
2025-08-03T15:24:00,559,79.3,22,0.5469
2025-08-03T15:27:00,455.5,79,22,0.55483
2025-08-03T15:30:00,352,78.7,22,0.56276
2025-08-03T15:33:00,449,78.2,22,0.57597
2025-08-03T15:36:00,369,78.9,22,0.55747
2025-08-03T15:39:00,430,78.7,22,0.56276
2025-08-03T15:42:00,383,79.1,22,0.55219
2025-08-03T15:45:00,357,78.7,22,0.56276
2025-08-03T15:48:00,347,78.6,22,0.5654
2025-08-03T15:51:00,378,78.3,22,0.57332
2025-08-03T15:54:00,353,78.3,22,0.57332
2025-08-03T15:57:00,408,77.5,22,0.59446
2025-08-03T16:00:00,339,77.8,22,0.58653
2025-08-03T16:03:00,353,78.4,22,0.57068
2025-08-03T16:06:00,369,79.3,22,0.5469
2025-08-03T16:09:00,361,77.9,22,0.58389
2025-08-03T16:12:00,410,78,22,0.58125
2025-08-03T16:15:00,408,77.4,22,0.5971
2025-08-03T16:18:00,410,76.8,22,0.61296
2025-08-03T16:21:00,353,77.4,22,0.5971
2025-08-03T16:24:00,353,77.4,22,0.5971
2025-08-03T16:27:00,353,78.1,22,0.57861
2025-08-03T16:30:00,394,77.7,22,0.58918
2025-08-03T16:33:00,362,77.1,22,0.60503
2025-08-03T16:36:00,396,76.8,22,0.61296
2025-08-03T16:39:00,391,77.5,22,0.59446
2025-08-03T16:42:00,339,78.9,22,0.55747
2025-08-03T16:45:00,348,77.5,22,0.59446
2025-08-03T16:48:00,353,78.2,22,0.57597
2025-08-03T16:51:00,386,77.2,22,0.60239
2025-08-03T16:54:00,363,77.6,22,0.59182
2025-08-03T16:57:00,360,77.4,22,0.5971
2025-08-03T17:00:00,355,78.5,22,0.56804
2025-08-03T17:03:00,348,78.2,22,0.57597
2025-08-03T17:06:00,350,78.8,22,0.56011
2025-08-03T17:09:00,355,78.1,22,0.57861
2025-08-03T17:12:00,346,78.2,22,0.57597
2025-08-03T17:15:00,335,78.3,21,0.53928
2025-08-03T17:18:00,378,78.6,22,0.5654
2025-08-03T17:21:00,333,78.7,22,0.56276
2025-08-03T17:24:00,332,79.1,22,0.55219
2025-08-03T17:27:00,346,78.5,21,0.53431
2025-08-03T17:30:00,391,79.3,22,0.5469
2025-08-03T17:33:00,334,79.1,21,0.5194
2025-08-03T17:36:00,327,78.8,21,0.52685
2025-08-03T17:39:00,332,79.6,21,0.50697
2025-08-03T17:42:00,338,78.8,21,0.52685
2025-08-03T17:45:00,335,79.3,21,0.51443
2025-08-03T17:48:00,340,79.1,21,0.5194
2025-08-03T17:51:00,345,79,21,0.52188
2025-08-03T17:54:00,341,79.3,21,0.51443
2025-08-03T17:57:00,320,78.6,21,0.53182
2025-08-03T18:00:00,313,79.4,21,0.51194
2025-08-03T18:03:00,311,80.3,21,0.48958
2025-08-03T18:06:00,309,79.4,21,0.51194
2025-08-03T18:09:00,309,79.8,21,0.502
2025-08-03T18:12:00,312,79.9,21,0.49952
2025-08-03T18:15:00,311,80.2,21,0.49206
2025-08-03T18:18:00,311,80.9,21,0.47466
2025-08-03T18:21:00,312,80.5,21,0.4846
2025-08-03T18:24:00,312,80.5,21,0.4846
2025-08-03T18:27:00,313,81.3,21,0.46472
2025-08-03T18:30:00,312,81.1,20,0.44159
2025-08-03T18:33:00,314,81.3,20,0.43692
2025-08-03T18:36:00,312,80.5,20,0.45561
2025-08-03T18:39:00,312,80.9,20,0.44627
2025-08-03T18:42:00,314,81.1,20,0.44159
2025-08-03T18:45:00,312,81.5,20,0.43225
2025-08-03T18:48:00,313,81.8,20,0.42524
2025-08-03T18:51:00,312,82,20,0.42057
2025-08-03T18:54:00,312,82.5,20,0.40888
2025-08-03T18:57:00,311,81.9,20,0.4229
2025-08-03T19:00:00,311,82,20,0.42057
2025-08-03T19:03:00,311,81.8,20,0.42524
2025-08-03T19:06:00,311,82.2,20,0.41589
2025-08-03T19:09:00,312,82.4,20,0.41122
2025-08-03T19:12:00,313,82.3,20,0.41356
2025-08-03T19:15:00,312,82.3,20,0.41356
2025-08-03T19:18:00,309,82.3,20,0.41356
2025-08-03T19:21:00,310,82.4,20,0.41122
2025-08-03T19:24:00,310,82.4,20,0.41122
2025-08-03T19:27:00,311,82.9,20,0.39954
2025-08-03T19:30:00,311,82.85,20,0.40071
2025-08-03T19:33:00,311,82.8,20,0.40187
2025-08-03T19:36:00,312,82.8,20,0.40187
2025-08-03T19:39:00,309,82.4,20,0.41122
2025-08-03T19:42:00,307,82.6,20,0.40655
2025-08-03T19:45:00,308,82.7,20,0.40421
2025-08-03T19:48:00,309,83.1,20,0.39487
2025-08-03T19:51:00,308,83.3,20,0.39019
2025-08-03T19:54:00,307,83.4,20,0.38786
2025-08-03T19:57:00,308,83.7,20,0.38085
2025-08-03T20:00:00,306,83.2,20,0.39253
2025-08-03T20:03:00,0,83.8,20,0.37851
2025-08-03T20:06:00,0,83.9,20,0.37617
2025-08-03T20:09:00,0,84.8,20,0.35514
2025-08-03T20:12:00,0,84.9,20,0.35281
2025-08-03T20:15:00,0,84.9,20,0.35281
2025-08-03T20:18:00,0,85,20,0.35047
2025-08-03T20:21:00,0,85.1,20,0.34814
2025-08-03T20:24:00,0,85.1,20,0.34814
2025-08-03T20:27:00,0,85.7,20,0.33412
2025-08-03T20:30:00,0,85.5,20,0.33879
2025-08-03T20:33:00,0,85.6,20,0.33645
2025-08-03T20:36:00,0,86.2,20,0.32243
2025-08-03T20:39:00,0,85.7,20,0.33412
2025-08-03T20:42:00,0,85.7,20,0.33412
2025-08-03T20:45:00,0,85.7,20,0.33412
2025-08-03T20:48:00,0,86.1,20,0.32477
2025-08-03T20:51:00,0,86.2,20,0.32243
2025-08-03T20:54:00,0,86.3,20,0.3201
2025-08-03T20:57:00,0,86.5,20,0.31542
2025-08-03T21:00:00,0,86.7,20,0.31075
2025-08-03T21:03:00,0,86.8,20,0.30842
2025-08-03T21:06:00,0,86.9,20,0.30608
2025-08-03T21:09:00,0,86.9,20,0.30608
2025-08-03T21:12:00,0,86.8,20,0.30842
2025-08-03T21:15:00,0,87.1,20,0.30141
2025-08-03T21:18:00,0,87,20,0.30374
2025-08-03T21:21:00,0,86.9,20,0.30608
2025-08-03T21:24:00,0,87,20,0.30374
2025-08-03T21:27:00,0,87.1,20,0.30141
2025-08-03T21:30:00,0,87.2,20,0.29907
2025-08-03T21:33:00,0,87.2,20,0.29907
2025-08-03T21:36:00,0,87.3,19,0.27885
2025-08-03T21:39:00,0,87.2,19,0.28104
2025-08-03T21:42:00,0,87,19,0.28544
2025-08-03T21:45:00,0,87.2,19,0.28104
2025-08-03T21:48:00,0,87.6,19,0.27226
2025-08-03T21:51:00,0,87.5,19,0.27446
2025-08-03T21:54:00,0,87.6,19,0.27226
2025-08-03T21:57:00,0,87.7,19,0.27007
2025-08-03T22:00:00,0,87.8,19,0.26787
2025-08-03T22:03:00,0,87.5,19,0.27446
2025-08-03T22:06:00,0,87.6,19,0.27226
2025-08-03T22:09:00,0,87.6,19,0.27226
2025-08-03T22:12:00,0,87.8,19,0.26787
2025-08-03T22:15:00,0,87.9,19,0.26567
2025-08-03T22:18:00,0,87.8,19,0.26787
2025-08-03T22:21:00,0,87.7,19,0.27007
2025-08-03T22:24:00,0,87.8,19,0.26787
2025-08-03T22:27:00,0,87.8,19,0.26787
2025-08-03T22:30:00,0,87.8,19,0.26787
2025-08-03T22:33:00,0,87.9,19,0.26567
2025-08-03T22:36:00,0,88,19,0.26348
2025-08-03T22:39:00,0,88,19,0.26348
2025-08-03T22:42:00,0,87.9,19,0.26567
2025-08-03T22:45:00,0,88,19,0.26348
2025-08-03T22:48:00,0,88.1,19,0.26128
2025-08-03T22:51:00,0,88.3,19,0.25689
2025-08-03T22:54:00,0,88.2,19,0.25909
2025-08-03T22:57:00,0,88.2,19,0.25909
2025-08-03T23:00:00,0,88,19,0.26348
2025-08-03T23:03:00,0,88,19,0.26348
2025-08-03T23:06:00,0,88.7,19,0.24811
2025-08-03T23:09:00,0,88.6,19,0.2503
2025-08-03T23:12:00,0,88.7,19,0.24811
2025-08-03T23:15:00,0,88.7,19,0.24811
2025-08-03T23:18:00,0,89,18,0.22686
2025-08-03T23:21:00,0,88.6,18,0.23511
2025-08-03T23:24:00,0,89,18,0.22686
2025-08-03T23:27:00,0,89.2,18,0.22273
2025-08-03T23:30:00,0,88.5,18,0.23717
2025-08-03T23:33:00,0,88.5,18,0.23717
2025-08-03T23:36:00,0,88.5,18,0.23717
2025-08-03T23:39:00,0,88.7,18,0.23304
2025-08-03T23:42:00,0,88.9,18,0.22892
2025-08-03T23:45:00,0,89.4,18,0.21861
2025-08-03T23:48:00,0,89,18,0.22686
2025-08-03T23:51:00,0,89.5,18,0.21654
2025-08-03T23:54:00,0,89.4,18,0.21861
2025-08-03T23:57:00,0,89,18,0.22686
2025-08-04T00:00:00,0,90,18,0.20623
2025-08-04T00:03:00,0,89.8,18,0.21036
2025-08-04T00:06:00,0,88.9,18,0.22892
2025-08-04T00:09:00,0,89.7,18,0.21242
2025-08-04T00:12:00,0,88.9,18,0.22892
2025-08-04T00:15:00,0,88.3,18,0.24129
2025-08-04T00:18:00,0,88.5,19,0.2525
2025-08-04T00:21:00,0,88.2,19,0.25909
2025-08-04T00:24:00,0,87.2,19,0.28104
2025-08-04T00:27:00,0,86.5,19,0.29641
2025-08-04T00:30:00,0,86.8,19,0.28983
2025-08-04T00:33:00,0,86.9,19,0.28763
2025-08-04T00:36:00,0,86.9,19,0.28763
2025-08-04T00:39:00,0,86.8,19,0.28983
2025-08-04T00:42:00,0,85.5,19,0.31837
2025-08-04T00:45:00,0,85.8,19,0.31178
2025-08-04T00:48:00,0,86.8,19,0.28983
2025-08-04T00:51:00,0,87.3,19,0.27885
2025-08-04T00:54:00,0,87.1,19,0.28324
2025-08-04T00:57:00,0,86,19,0.30739
2025-08-04T01:00:00,0,85.6,19,0.31617
2025-08-04T01:03:00,0,84.9,19,0.33154
2025-08-04T01:06:00,0,86.5,19,0.29641
2025-08-04T01:09:00,0,87.2,19,0.28104
2025-08-04T01:12:00,0,87.4,19,0.27665
2025-08-04T01:15:00,0,87,19,0.28544
2025-08-04T01:18:00,0,85.8,19,0.31178
2025-08-04T01:21:00,0,85.7,19,0.31398
2025-08-04T01:24:00,0,86.7,19,0.29202
2025-08-04T01:27:00,0,87.4,19,0.27665
2025-08-04T01:30:00,0,87.7,19,0.27007
2025-08-04T01:33:00,0,87.7,19,0.27007
2025-08-04T01:36:00,0,85.6,19,0.31617
2025-08-04T01:39:00,0,85.5,19,0.31837
2025-08-04T01:42:00,0,86.4,19,0.29861
2025-08-04T01:45:00,0,86.7,19,0.29202
2025-08-04T01:48:00,0,86.5,19,0.29641
2025-08-04T01:51:00,0,85.1,19,0.32715
2025-08-04T01:54:00,0,84.2,19,0.34691
2025-08-04T01:57:00,0,85.3,19,0.32276
2025-08-04T02:00:00,0,85.7,19,0.31398
2025-08-04T02:03:00,0,85.1,19,0.32715
2025-08-04T02:06:00,0,85.4,19,0.32057
2025-08-04T02:09:00,0,84.8,19,0.33374
2025-08-04T02:12:00,0,85.3,19,0.32276
2025-08-04T02:15:00,0,85.4,19,0.32057
2025-08-04T02:18:00,0,85.5,19,0.31837
2025-08-04T02:21:00,0,85.8,19,0.31178
2025-08-04T02:24:00,0,84.5,19,0.34033
2025-08-04T02:27:00,0,84.1,19,0.34911
2025-08-04T02:30:00,0,84.7,19,0.33594
2025-08-04T02:33:00,0,86,19,0.30739
2025-08-04T02:36:00,0,85.3,19,0.32276
2025-08-04T02:39:00,0,84.5,19,0.34033
2025-08-04T02:42:00,0,84.5,19,0.34033
2025-08-04T02:45:00,0,84.2,19,0.34691
2025-08-04T02:48:00,0,84,19,0.35131
2025-08-04T02:51:00,0,85.2,19,0.32496
2025-08-04T02:54:00,0,84.8,19,0.33374
2025-08-04T02:57:00,0,84.5,19,0.34033
2025-08-04T03:00:00,0,84.1,19,0.34911
2025-08-04T03:03:00,0,84.4,19,0.34252
2025-08-04T03:06:00,0,84.6,19,0.33813
2025-08-04T03:09:00,0,84.4,19,0.34252
2025-08-04T03:12:00,0,84.1,19,0.34911
2025-08-04T03:15:00,0,84.5,19,0.34033
2025-08-04T03:18:00,0,84.65,19,0.33703
2025-08-04T03:21:00,0,84.8,19,0.33374
2025-08-04T03:24:00,0,84.1,19,0.34911
2025-08-04T03:27:00,0,84.2,19,0.34691
2025-08-04T03:30:00,0,84.4,19,0.34252
2025-08-04T03:33:00,0,84.5,19,0.34033
2025-08-04T03:36:00,0,84.4,19,0.34252
2025-08-04T03:39:00,0,84.2,19,0.34691
2025-08-04T03:42:00,0,84.2,19,0.34691
2025-08-04T03:45:00,0,84.1,19,0.34911
2025-08-04T03:48:00,0,84.1,19,0.34911
2025-08-04T03:51:00,0,85.9,19,0.30959
2025-08-04T03:54:00,0,86.6,19,0.29422
2025-08-04T03:57:00,0,85.5,19,0.31837
2025-08-04T04:00:00,0,84.9,19,0.33154
2025-08-04T04:03:00,328,84.7,19,0.33594
2025-08-04T04:06:00,326,84.3,19,0.34472
2025-08-04T04:09:00,324,82,20,0.42057
2025-08-04T04:12:00,323,81.1,20,0.44159
2025-08-04T04:15:00,321,82.2,20,0.41589
2025-08-04T04:18:00,319,83,20,0.3972
2025-08-04T04:21:00,318,83,20,0.3972
2025-08-04T04:24:00,316,82.4,20,0.41122
2025-08-04T04:27:00,315,82.1,20,0.41823
2025-08-04T04:30:00,315,81.8,20,0.42524
2025-08-04T04:33:00,312,82.3,20,0.41356
2025-08-04T04:36:00,313,82.4,20,0.41122
2025-08-04T04:39:00,314,82.5,20,0.40888
2025-08-04T04:42:00,313,82,20,0.42057
2025-08-04T04:45:00,312,81.8,20,0.42524
2025-08-04T04:48:00,311,82.3,20,0.41356
2025-08-04T04:51:00,311,82.9,20,0.39954
2025-08-04T04:54:00,311,82.1,20,0.41823
2025-08-04T04:57:00,310,82.5,20,0.40888
2025-08-04T05:00:00,311,82.6,20,0.40655
2025-08-04T05:03:00,310,81.9,20,0.4229
2025-08-04T05:06:00,310,82.1,20,0.41823
2025-08-04T05:09:00,311,82.8,20,0.40187
2025-08-04T05:12:00,309,82.2,20,0.41589
2025-08-04T05:15:00,310,82.1,20,0.41823
2025-08-04T05:18:00,310,82,20,0.42057
2025-08-04T05:21:00,310,81.7,20,0.42758
2025-08-04T05:24:00,311,81.5,20,0.43225
2025-08-04T05:27:00,310,81.2,20,0.43926
2025-08-04T05:30:00,311,81.8,20,0.42524
2025-08-04T05:33:00,311,81.8,20,0.42524
2025-08-04T05:36:00,310,81.3,20,0.43692
2025-08-04T05:39:00,310,82,20,0.42057
2025-08-04T05:42:00,311,81.8,20,0.42524
2025-08-04T05:45:00,312,80.9,20,0.44627
2025-08-04T05:48:00,312,81.7,20,0.42758
2025-08-04T05:51:00,311,81.1,20,0.44159
2025-08-04T05:54:00,312,81.3,20,0.43692
2025-08-04T05:57:00,312,81.5,20,0.43225
2025-08-04T06:00:00,312,81.3,20,0.43692
2025-08-04T06:03:00,313,80.8,20,0.4486
2025-08-04T06:06:00,314,81.4,20,0.43459
2025-08-04T06:09:00,314,81,20,0.44393
2025-08-04T06:12:00,314,81.2,20,0.43926
2025-08-04T06:15:00,314,81.3,20,0.43692
2025-08-04T06:18:00,313,81.7,20,0.42758
2025-08-04T06:21:00,314,81.6,20,0.42991
2025-08-04T06:24:00,313,81.4,20,0.43459
2025-08-04T06:27:00,312,81.2,20,0.43926
2025-08-04T06:30:00,312,81.3,20,0.43692
2025-08-04T06:33:00,312,81.7,20,0.42758
2025-08-04T06:36:00,312,81.5,20,0.43225
2025-08-04T06:39:00,313,81.5,20,0.43225
2025-08-04T06:42:00,315,81.3,20,0.43692
2025-08-04T06:45:00,314,81,20,0.44393
2025-08-04T06:48:00,315,81.1,20,0.44159
2025-08-04T06:51:00,315,81.3,20,0.43692
2025-08-04T06:54:00,314,81.3,20,0.43692
2025-08-04T06:57:00,314,81.4,20,0.43459
2025-08-04T07:00:00,313,81.3,20,0.43692
2025-08-04T07:03:00,314,80.9,20,0.44627
2025-08-04T07:06:00,315,80.8,20,0.4486
2025-08-04T07:09:00,316,80.8,20,0.4486
2025-08-04T07:12:00,315,81.1,20,0.44159
2025-08-04T07:15:00,315,81,20,0.44393
2025-08-04T07:18:00,315,81.2,20,0.43926
2025-08-04T07:21:00,316,81.2,20,0.43926
2025-08-04T07:24:00,315,80.7,20,0.45094
2025-08-04T07:27:00,314,80.7,20,0.45094
2025-08-04T07:30:00,315,81.2,20,0.43926
2025-08-04T07:33:00,314,81.2,20,0.43926
2025-08-04T07:36:00,314,81.5,20,0.43225
2025-08-04T07:39:00,316,81.4,20,0.43459
2025-08-04T07:42:00,322,81.2,20,0.43926
2025-08-04T07:45:00,337,80.7,20,0.45094
2025-08-04T07:48:00,350,80.4,20,0.45795
2025-08-04T07:51:00,336,80.7,20,0.45094
2025-08-04T07:54:00,342,80.6,20,0.45328
2025-08-04T07:57:00,341,80.4,20,0.45795
2025-08-04T08:00:00,339,79.7,20,0.47431
2025-08-04T08:03:00,335,79.6,20,0.47664
2025-08-04T08:06:00,330,79.4,21,0.51194
2025-08-04T08:09:00,331,79,20,0.49066
2025-08-04T08:12:00,336,79.9,20,0.46963
2025-08-04T08:15:00,391,79.3,20.5,0.49883
2025-08-04T08:18:00,446,78.7,21,0.52934
2025-08-04T08:21:00,482,81.6,20,0.42991
2025-08-04T08:24:00,544,85.5,19,0.31837
2025-08-04T08:27:00,530,87.4,19,0.27665
2025-08-04T08:30:00,528,87.8,19,0.26787
2025-08-04T08:33:00,457,88.1,19,0.26128
2025-08-04T08:36:00,446,86.9,19,0.28763
2025-08-04T08:39:00,566,86.7,19,0.29202
2025-08-04T08:42:00,610,86.3,19,0.30081
2025-08-04T08:45:00,643,86.2,19,0.303
2025-08-04T08:48:00,609,85.8,19,0.31178
2025-08-04T08:51:00,647,86.1,19,0.3052
2025-08-04T08:54:00,484,86.1,19,0.3052
2025-08-04T08:57:00,555,85.8,19,0.31178
2025-08-04T09:00:00,679,85.7,19,0.31398
2025-08-04T09:03:00,641,85.1,20,0.34814
2025-08-04T09:06:00,616,84.8,20,0.35514
2025-08-04T09:09:00,583,84.7,20,0.35748
2025-08-04T09:12:00,536,84.4,20,0.36449
2025-08-04T09:15:00,531,84.5,20,0.36215
2025-08-04T09:18:00,501,84.5,20,0.36215
2025-08-04T09:21:00,483,85.1,19,0.32715
2025-08-04T09:24:00,471,84.9,20,0.35281
2025-08-04T09:27:00,347,84.3,20,0.36683
2025-08-04T09:30:00,335,84.9,20,0.35281
2025-08-04T09:33:00,463,85,20,0.35047
2025-08-04T09:36:00,477,84.7,20,0.35748
2025-08-04T09:39:00,365,85,20,0.35047
2025-08-04T09:42:00,422,85.3,20,0.34346
2025-08-04T09:45:00,432,84.7,20,0.35748
2025-08-04T09:48:00,418,84.7,20,0.35748
2025-08-04T09:51:00,373,84.9,20,0.35281
2025-08-04T09:54:00,391,85.1,20,0.34814
2025-08-04T09:57:00,336,85.5,20,0.33879
2025-08-04T10:00:00,353,85.8,20,0.33178
2025-08-04T10:03:00,402,86.1,20,0.32477
2025-08-04T10:06:00,350,85.4,20,0.34113
2025-08-04T10:09:00,355,85.4,20,0.34113
2025-08-04T10:12:00,368,85.1,20,0.34814
2025-08-04T10:15:00,341,85.2,20,0.3458
2025-08-04T10:18:00,355,85.5,19,0.31837
2025-08-04T10:21:00,372,85.4,20,0.34113
2025-08-04T10:24:00,427,85.8,20,0.33178
2025-08-04T10:27:00,417,84.9,20,0.35281
2025-08-04T10:30:00,400,85.1,20,0.34814
2025-08-04T10:33:00,345,85.1,20,0.34814
2025-08-04T10:36:00,416,85.4,20,0.34113
2025-08-04T10:39:00,435,85,20,0.35047
2025-08-04T10:42:00,484,85.7,20,0.33412
2025-08-04T10:45:00,438,84.4,20,0.36449
2025-08-04T10:48:00,465,84.1,20,0.3715
2025-08-04T10:51:00,442,84.5,20,0.36215
2025-08-04T10:54:00,367,85.2,20,0.3458
2025-08-04T10:57:00,441,84.2,21,0.39265
2025-08-04T11:00:00,445,83.3,21,0.41502
2025-08-04T11:03:00,443,83.4,21,0.41254
2025-08-04T11:06:00,441,83.6,21,0.40757
2025-08-04T11:09:00,432,83.7,21,0.40508
2025-08-04T11:12:00,430,82.5,21,0.4349
2025-08-04T11:15:00,445,82.4,21,0.43739
2025-08-04T11:18:00,461,82.2,21,0.44236
2025-08-04T11:21:00,356,80.7,21,0.47963
2025-08-04T11:24:00,468,81.5,21,0.45975
2025-08-04T11:27:00,522,81.7,21,0.45478
2025-08-04T11:30:00,520,82.2,21,0.44236
2025-08-04T11:33:00,497,80.9,21,0.47466
2025-08-04T11:36:00,428,80.9,21,0.47466
2025-08-04T11:39:00,498,81,21,0.47218
2025-08-04T11:42:00,335,81.7,21,0.45478
2025-08-04T11:45:00,339,81.1,20,0.44159
2025-08-04T11:48:00,445,81.7,20,0.42758
2025-08-04T11:51:00,473,81.2,21,0.46721
2025-08-04T11:54:00,435,81.1,21,0.46969
2025-08-04T11:57:00,434,80.4,21,0.48709
2025-08-04T12:00:00,476,79.7,21,0.50449
2025-08-04T12:03:00,501,79.7,21,0.50449
2025-08-04T12:06:00,482,80,21,0.49703
2025-08-04T12:09:00,484,81,21,0.47218
2025-08-04T12:12:00,408,81.3,21,0.46472
2025-08-04T12:15:00,531,80.9,21,0.47466
2025-08-04T12:18:00,541,80.9,21,0.47466
2025-08-04T12:21:00,349,80,21,0.49703
2025-08-04T12:24:00,441,80,21,0.49703
2025-08-04T12:27:00,435,81.1,21,0.46969
2025-08-04T12:30:00,444,79.6,21,0.50697
2025-08-04T12:33:00,444,79.5,21,0.50946
2025-08-04T12:36:00,452,80.5,22,0.5152
2025-08-04T12:39:00,339,80,21,0.49703
2025-08-04T12:42:00,344,80.5,21,0.4846
2025-08-04T12:45:00,432,80.1,21,0.49455
2025-08-04T12:48:00,430,80.6,21,0.48212
2025-08-04T12:51:00,339,79.8,21,0.502
2025-08-04T12:54:00,356,80.6,21,0.48212
2025-08-04T12:57:00,446,81.1,21,0.46969
2025-08-04T13:00:00,340,80.2,21,0.49206
2025-08-04T13:03:00,414,80,21,0.49703
2025-08-04T13:06:00,347,80.4,21,0.48709
2025-08-04T13:09:00,423,80.9,21,0.47466
2025-08-04T13:12:00,427,80.2,22,0.52313
2025-08-04T13:15:00,431,80.6,22,0.51256
2025-08-04T13:18:00,349,80.1,22,0.52577
2025-08-04T13:21:00,337,80.8,22,0.50727
2025-08-04T13:24:00,354,80.7,21,0.47963
2025-08-04T13:27:00,340,81.1,21,0.46969
2025-08-04T13:30:00,479,80.9,21,0.47466
2025-08-04T13:33:00,474,81.1,21,0.46969
2025-08-04T13:36:00,354,80.7,22,0.50992
2025-08-04T13:39:00,356,79.4,21,0.51194
2025-08-04T13:42:00,397,79.9,21,0.49952
2025-08-04T13:45:00,413,80.4,21,0.48709
2025-08-04T13:48:00,353,80.6,21,0.48212
2025-08-04T13:51:00,410,81.1,21,0.46969
2025-08-04T13:54:00,361,81.7,21,0.45478
2025-08-04T13:57:00,362,80.7,21,0.47963
2025-08-04T14:00:00,357,81.2,21,0.46721
2025-08-04T14:03:00,357,81.7,21,0.45478
2025-08-04T14:06:00,347,81.5,21,0.45975
2025-08-04T14:09:00,369,82,21,0.44733
2025-08-04T14:12:00,384,81.8,21,0.4523
2025-08-04T14:15:00,425,81.3,21,0.46472
2025-08-04T14:18:00,547,80.7,21,0.47963
2025-08-04T14:21:00,351,80.8,21,0.47715
2025-08-04T14:24:00,534,80.3,21,0.48958
2025-08-04T14:27:00,531,79.7,21,0.50449
2025-08-04T14:30:00,335,79.3,21,0.51443
2025-08-04T14:33:00,404,80,21,0.49703
2025-08-04T14:36:00,327,81.3,21,0.46472
2025-08-04T14:39:00,334,80.2,21,0.49206
2025-08-04T14:42:00,506,80.7,21,0.47963
2025-08-04T14:45:00,374,80.3,21,0.48958
2025-08-04T14:48:00,392,80.1,21,0.49455
2025-08-04T14:51:00,585,78.9,22,0.55747
2025-08-04T14:54:00,405,79.7,22,0.53634
2025-08-04T14:57:00,449,79.6,22,0.53898
2025-08-04T15:00:00,355,78.9,22,0.55747
2025-08-04T15:03:00,442,78.6,22,0.5654
2025-08-04T15:06:00,344,79.3,22,0.5469
2025-08-04T15:09:00,383,79.4,22,0.54426
2025-08-04T15:12:00,446,80,22,0.52841
2025-08-04T15:15:00,604,79.9,22,0.53105
2025-08-04T15:18:00,354,79,22,0.55483
2025-08-04T15:21:00,356,78.6,22,0.5654
2025-08-04T15:24:00,583,78.5,22,0.56804
2025-08-04T15:27:00,519,78.6,22,0.5654
2025-08-04T15:30:00,600,79,22,0.55483
2025-08-04T15:33:00,332,79.3,22,0.5469
2025-08-04T15:36:00,497,79.5,22,0.54162
2025-08-04T15:39:00,453,78.2,22,0.57597
2025-08-04T15:42:00,331,77.5,22,0.59446
2025-08-04T15:45:00,526,78.9,21,0.52437
2025-08-04T15:48:00,339,79.7,22,0.53634
2025-08-04T15:51:00,419,79.5,22,0.54162
2025-08-04T15:54:00,325,79.6,22,0.53898
2025-08-04T15:57:00,384,79.3,22,0.5469
2025-08-04T16:00:00,384,78.7,22,0.56276
2025-08-04T16:03:00,394,79.7,22,0.53634
2025-08-04T16:06:00,394,79.7,22,0.53634
2025-08-04T16:09:00,390,79.8,22,0.53369
2025-08-04T16:12:00,390,78.3,22,0.57332
2025-08-04T16:15:00,391,78.2,22,0.57597
2025-08-04T16:18:00,395,78.5,22,0.56804
2025-08-04T16:21:00,332,80.2,22,0.52313
2025-08-04T16:24:00,420,79.9,22,0.53105
2025-08-04T16:27:00,410,79,22,0.55483
2025-08-04T16:30:00,385,79.3,22,0.5469
2025-08-04T16:33:00,388,79.2,22,0.54955
2025-08-04T16:36:00,385,78.9,22,0.55747
2025-08-04T16:39:00,387,78.6,22,0.5654
2025-08-04T16:42:00,386,78.7,22,0.56276
2025-08-04T16:45:00,339,78.3,22,0.57332
2025-08-04T16:48:00,327,79.3,22,0.5469
2025-08-04T16:51:00,342,79.5,22,0.54162
2025-08-04T16:54:00,381,79.5,22,0.54162
2025-08-04T16:57:00,378,79.2,22,0.54955
2025-08-04T17:00:00,379,78.4,22,0.57068
2025-08-04T17:03:00,380,78.2,22,0.57597
2025-08-04T17:06:00,380,77.3,22,0.59974
2025-08-04T17:09:00,381,77.6,22,0.59182
2025-08-04T17:12:00,423,77.5,22,0.59446
2025-08-04T17:15:00,380,77.3,22,0.59974
2025-08-04T17:18:00,378,77.9,22,0.58389
2025-08-04T17:21:00,382,77.7,22,0.58918
2025-08-04T17:24:00,484,77.1,22,0.60503
2025-08-04T17:27:00,334,77.1,22,0.60503
2025-08-04T17:30:00,555,77.3,22,0.59974
2025-08-04T17:33:00,538,77.2,22,0.60239
2025-08-04T17:36:00,457,77.2,22,0.60239
2025-08-04T17:39:00,450,77.7,22,0.58918
2025-08-04T17:42:00,523,78.3,22,0.57332
2025-08-04T17:45:00,424,78.4,22,0.57068
2025-08-04T17:48:00,458,77.9,22,0.58389
2025-08-04T17:51:00,370,78,22,0.58125
2025-08-04T17:54:00,369,78.9,22,0.55747
2025-08-04T17:57:00,319,78.7,22,0.56276
2025-08-04T18:00:00,399,78.2,22,0.57597
2025-08-04T18:03:00,393,78.3,22,0.57332
2025-08-04T18:06:00,354,78.3,22,0.57332
2025-08-04T18:09:00,348,79.7,22,0.53634
2025-08-04T18:12:00,348,79.2,22,0.54955
2025-08-04T18:15:00,345,79.3,22,0.5469
2025-08-04T18:18:00,342,79.6,22,0.53898
2025-08-04T18:21:00,341,79.4,22,0.54426
2025-08-04T18:24:00,339,79.4,22,0.54426
2025-08-04T18:27:00,336,79.5,22,0.54162
2025-08-04T18:30:00,334,80,22,0.52841
2025-08-04T18:33:00,336,79.7,22,0.53634
2025-08-04T18:36:00,336,79.7,22,0.53634
2025-08-04T18:39:00,337,79.3,22,0.5469
2025-08-04T18:42:00,334,79.3,21,0.51443
2025-08-04T18:45:00,331,79.4,21,0.51194
2025-08-04T18:48:00,334,80.1,21,0.49455
2025-08-04T18:51:00,331,80.8,22,0.50727
2025-08-04T18:54:00,329.5,80.2,21.5,0.50738
2025-08-04T18:57:00,328,79.6,21,0.50697
2025-08-04T19:00:00,329,80.6,21,0.48212
2025-08-04T19:03:00,326,80.8,22,0.50727
2025-08-04T19:06:00,326,80.7,22,0.50992
2025-08-04T19:09:00,323,80.8,21,0.47715
2025-08-04T19:12:00,320,80.2,21,0.49206
2025-08-04T19:15:00,317,80.7,21,0.47963
2025-08-04T19:18:00,317,81.3,21,0.46472
2025-08-04T19:21:00,316,81.5,21,0.45975
2025-08-04T19:24:00,317,81.3,21,0.46472
2025-08-04T19:27:00,317,81.3,21,0.46472
2025-08-04T19:30:00,316,82.2,21,0.44236
2025-08-04T19:33:00,317,81.4,21,0.46224
2025-08-04T19:36:00,315,81.2,21,0.46721
2025-08-04T19:39:00,314,82.1,21,0.44484
2025-08-04T19:42:00,313,83,21,0.42248
2025-08-04T19:45:00,314,82.4,21,0.43739
2025-08-04T19:48:00,315,82.3,21,0.43987
2025-08-04T19:51:00,314,82.1,21,0.44484
2025-08-04T19:54:00,312,82.6,21,0.43242
2025-08-04T19:57:00,313,82.8,21,0.42745
2025-08-04T20:00:00,309,82.4,21,0.43739
2025-08-04T20:03:00,0,83.1,21,0.41999
2025-08-04T20:06:00,0,83.6,21,0.40757
2025-08-04T20:09:00,0,83.5,21,0.41005
2025-08-04T20:12:00,0,84.1,21,0.39514
2025-08-04T20:15:00,0,83.9,21,0.40011
2025-08-04T20:18:00,0,84.6,20,0.35982
2025-08-04T20:21:00,0,84.6,20,0.35982
2025-08-04T20:24:00,0,84.9,20,0.35281
2025-08-04T20:27:00,0,84.7,20,0.35748
2025-08-04T20:30:00,0,84.8,20,0.35514
2025-08-04T20:33:00,0,85.1,20,0.34814
2025-08-04T20:36:00,0,85.4,20,0.34113
2025-08-04T20:39:00,0,85.4,20,0.34113
2025-08-04T20:42:00,0,85,20,0.35047
2025-08-04T20:45:00,0,85.4,20,0.34113
2025-08-04T20:48:00,0,85,20,0.35047
2025-08-04T20:51:00,0,84.3,20,0.36683
2025-08-04T20:54:00,0,85,20,0.35047
2025-08-04T20:57:00,0,85.4,20,0.34113
2025-08-04T21:00:00,0,85.2,20,0.3458
2025-08-04T21:03:00,0,85.1,20,0.34814
2025-08-04T21:06:00,0,85.4,20,0.34113
2025-08-04T21:09:00,0,85.2,20,0.3458
2025-08-04T21:12:00,0,85.1,20,0.34814
2025-08-04T21:15:00,0,85.3,20,0.34346
2025-08-04T21:18:00,0,85.6,20,0.33645
2025-08-04T21:21:00,0,85.7,20,0.33412
2025-08-04T21:24:00,0,85.5,20,0.33879
2025-08-04T21:27:00,0,85.9,20,0.32944
2025-08-04T21:30:00,0,85.5,20,0.33879
2025-08-04T21:33:00,0,85.1,20,0.34814
2025-08-04T21:36:00,0,85.4,20,0.34113
2025-08-04T21:39:00,0,85.4,20,0.34113
2025-08-04T21:42:00,0,85.4,20,0.34113
2025-08-04T21:45:00,0,85.5,20,0.33879
2025-08-04T21:48:00,0,86.9,20,0.30608
2025-08-04T21:51:00,0,86.5,19,0.29641
2025-08-04T21:54:00,0,86.3,20,0.3201
2025-08-04T21:57:00,0,86.8,19,0.28983
2025-08-04T22:00:00,0,86,19,0.30739
2025-08-04T22:03:00,0,86.8,19,0.28983
2025-08-04T22:06:00,0,87,19,0.28544
2025-08-04T22:09:00,0,87.2,19,0.28104
2025-08-04T22:12:00,0,86.9,19,0.28763
2025-08-04T22:15:00,0,88,19,0.26348
2025-08-04T22:18:00,0,88.3,19,0.25689
2025-08-04T22:21:00,0,87.8,19,0.26787
2025-08-04T22:24:00,0,87.6,19,0.27226
2025-08-04T22:27:00,0,87.7,19,0.27007
2025-08-04T22:30:00,0,88.2,19,0.25909
2025-08-04T22:33:00,0,87.6,19,0.27226
2025-08-04T22:36:00,0,88,19,0.26348
2025-08-04T22:39:00,0,87.65,19,0.27116
2025-08-04T22:42:00,0,87.3,19,0.27885
2025-08-04T22:45:00,0,87.5,19,0.27446
2025-08-04T22:48:00,0,87.3,19,0.27885
2025-08-04T22:51:00,0,87,19,0.28544
2025-08-04T22:54:00,0,87.1,19,0.28324
2025-08-04T22:57:00,0,87.2,19,0.28104
2025-08-04T23:00:00,0,87.4,19,0.27665
2025-08-04T23:03:00,0,87.4,19,0.27665
2025-08-04T23:06:00,0,87.9,19,0.26567
2025-08-04T23:09:00,0,88.6,19,0.2503
2025-08-04T23:12:00,0,88.2,19,0.25909
2025-08-04T23:15:00,0,88.8,19,0.24591
2025-08-04T23:18:00,0,88.4,19,0.2547
2025-08-04T23:21:00,0,88.5,19,0.2525
2025-08-04T23:24:00,0,88.4,19,0.2547
2025-08-04T23:27:00,0,87.6,19,0.27226
2025-08-04T23:30:00,0,87.5,19,0.27446
2025-08-04T23:33:00,0,89.1,19,0.23933
2025-08-04T23:36:00,0,89.2,19,0.23713
2025-08-04T23:39:00,0,88.8,19,0.24591
2025-08-04T23:42:00,0,88.2,19,0.25909
2025-08-04T23:45:00,0,89.2,19,0.23713
2025-08-04T23:48:00,0,89.1,19,0.23933
2025-08-04T23:51:00,0,88.6,19,0.2503
2025-08-04T23:54:00,0,87.6,18,0.25573
2025-08-04T23:57:00,0,87.6,19,0.27226
2025-08-05T00:00:00,0,87.7,19,0.27007
2025-08-05T00:03:00,0,87.9,19,0.26567
2025-08-05T00:06:00,0,88.6,19,0.2503
2025-08-05T00:09:00,0,87.7,19,0.27007
2025-08-05T00:12:00,0,88.1,19,0.26128
2025-08-05T00:15:00,0,88.6,19,0.2503
2025-08-05T00:18:00,0,87.8,19,0.26787
2025-08-05T00:21:00,0,88,18,0.24748
2025-08-05T00:24:00,0,88.8,19,0.24591
2025-08-05T00:27:00,0,87.5,19,0.27446
2025-08-05T00:30:00,0,87.6,18,0.25573
2025-08-05T00:33:00,0,88.3,19,0.25689
2025-08-05T00:36:00,0,87.7,19,0.27007
2025-08-05T00:39:00,0,87.9,19,0.26567
2025-08-05T00:42:00,0,88.6,19,0.2503
2025-08-05T00:45:00,0,88.8,19,0.24591
2025-08-05T00:48:00,0,88,19,0.26348
2025-08-05T00:51:00,0,88.8,19,0.24591
2025-08-05T00:54:00,0,88.4,19,0.2547
2025-08-05T00:57:00,0,87.7,19,0.27007
2025-08-05T01:00:00,0,88,19,0.26348
2025-08-05T01:03:00,0,88,19,0.26348
2025-08-05T01:06:00,0,87.9,19,0.26567
2025-08-05T01:09:00,0,87.9,19,0.26567
2025-08-05T01:12:00,0,87.7,19,0.27007
2025-08-05T01:15:00,0,87.8,19,0.26787
2025-08-05T01:18:00,0,87.1,19,0.28324
2025-08-05T01:21:00,0,86.6,19,0.29422
2025-08-05T01:24:00,0,86,19,0.30739
2025-08-05T01:27:00,0,85.7,19,0.31398
2025-08-05T01:30:00,0,86.2,19,0.303
2025-08-05T01:33:00,0,86.6,19,0.29422
2025-08-05T01:36:00,0,87,19,0.28544
2025-08-05T01:39:00,0,86.6,19,0.29422
2025-08-05T01:42:00,0,86.9,19,0.28763
2025-08-05T01:45:00,0,87.2,19,0.28104
2025-08-05T01:48:00,0,87.8,19,0.26787
2025-08-05T01:51:00,0,88.1,19,0.26128
2025-08-05T01:54:00,0,88.8,19,0.24591
2025-08-05T01:57:00,0,88.9,19,0.24372
2025-08-05T02:00:00,0,89,19,0.24152
2025-08-05T02:03:00,0,89.1,19,0.23933
2025-08-05T02:06:00,0,88.7,19,0.24811
2025-08-05T02:09:00,0,89,19,0.24152
2025-08-05T02:12:00,0,89.4,19,0.23274
2025-08-05T02:15:00,0,90,19,0.21957
2025-08-05T02:18:00,0,89.8,19,0.22396
2025-08-05T02:21:00,0,89.8,19,0.22396
2025-08-05T02:24:00,0,89.7,19,0.22615
2025-08-05T02:27:00,0,89.2,19,0.23713
2025-08-05T02:30:00,0,89.8,19,0.22396
2025-08-05T02:33:00,0,90.2,19,0.21517
2025-08-05T02:36:00,0,90.5,19,0.20859
2025-08-05T02:39:00,0,89.8,19,0.22396
2025-08-05T02:42:00,0,89.6,19,0.22835
2025-08-05T02:45:00,0,89.8,19,0.22396
2025-08-05T02:48:00,0,90.2,19,0.21517
2025-08-05T02:51:00,0,90.2,19,0.21517
2025-08-05T02:54:00,0,90.6,19,0.20639
2025-08-05T02:57:00,0,90.7,19,0.2042
2025-08-05T03:00:00,0,90.9,19,0.1998
2025-08-05T03:03:00,0,90.5,19,0.20859
2025-08-05T03:06:00,0,90.2,19,0.21517
2025-08-05T03:09:00,0,89.8,19,0.22396
2025-08-05T03:12:00,0,90.5,19,0.20859
2025-08-05T03:15:00,0,91,19,0.19761
2025-08-05T03:18:00,0,90.9,19,0.1998
2025-08-05T03:21:00,0,90.9,19,0.1998
2025-08-05T03:24:00,0,90.9,19,0.1998
2025-08-05T03:27:00,0,91.1,19,0.19541
2025-08-05T03:30:00,0,91.1,19,0.19541
2025-08-05T03:33:00,0,90.9,19,0.1998
2025-08-05T03:36:00,0,90.8,19,0.202
2025-08-05T03:39:00,0,90.4,19,0.21078
2025-08-05T03:42:00,0,90.5,19,0.20859
2025-08-05T03:45:00,0,90.3,19,0.21298
2025-08-05T03:48:00,0,90.6,19,0.20639
2025-08-05T03:51:00,0,90.5,19,0.20859
2025-08-05T03:54:00,0,90.1,19,0.21737
2025-08-05T03:57:00,0,90.3,19,0.21298
2025-08-05T04:00:00,331,90.1,19,0.21737
2025-08-05T04:03:00,328.5,89.7,19,0.22615
2025-08-05T04:06:00,326,89.3,19,0.23494
2025-08-05T04:09:00,323,87.9,20,0.28271
2025-08-05T04:12:00,323,86.9,20,0.30608
2025-08-05T04:15:00,320,86.1,20,0.32477
2025-08-05T04:18:00,318,86.5,20,0.31542
2025-08-05T04:21:00,317,86.2,20,0.32243
2025-08-05T04:24:00,316,86.2,20,0.32243
2025-08-05T04:27:00,315,86.2,20,0.32243
2025-08-05T04:30:00,314,85.8,20,0.33178
2025-08-05T04:33:00,312,85.7,20,0.33412
2025-08-05T04:36:00,312,85.6,20,0.33645
2025-08-05T04:39:00,312,86.4,20,0.31776
2025-08-05T04:42:00,310,86,20,0.32711
2025-08-05T04:45:00,311,86.3,20,0.3201
2025-08-05T04:48:00,310,86.5,20,0.31542
2025-08-05T04:51:00,310,85.5,20,0.33879
2025-08-05T04:54:00,310,85.5,20,0.33879
2025-08-05T04:57:00,311,85.3,20,0.34346
2025-08-05T05:00:00,310,85.6,19,0.31617
2025-08-05T05:03:00,309,85.1,20,0.34814
2025-08-05T05:06:00,309,85.4,20,0.34113
2025-08-05T05:09:00,309,85.3,20,0.34346
2025-08-05T05:12:00,309,84.6,20,0.35982
2025-08-05T05:15:00,310,84.3,20,0.36683
2025-08-05T05:18:00,309,85,20,0.35047
2025-08-05T05:21:00,310,84.8,20,0.35514
2025-08-05T05:24:00,310,84.2,20,0.36916
2025-08-05T05:27:00,309,84,20,0.37384
2025-08-05T05:30:00,309,84.4,20,0.36449
2025-08-05T05:33:00,309,84.8,20,0.35514
2025-08-05T05:36:00,309,84,20,0.37384
2025-08-05T05:39:00,311,84.5,20,0.36215
2025-08-05T05:42:00,310,84.3,20,0.36683
2025-08-05T05:45:00,309,84.7,20,0.35748
2025-08-05T05:48:00,309,85,20,0.35047
2025-08-05T05:51:00,309,84.8,20,0.35514
2025-08-05T05:54:00,309,84.2,20,0.36916
2025-08-05T05:57:00,310,84.4,20,0.36449
2025-08-05T06:00:00,309,84.9,20,0.35281
2025-08-05T06:03:00,309,84.4,20,0.36449
2025-08-05T06:06:00,310,83.8,20,0.37851
2025-08-05T06:09:00,310,84.7,20,0.35748
2025-08-05T06:12:00,309,84.1,20,0.3715
2025-08-05T06:15:00,311,83.8,20,0.37851
2025-08-05T06:18:00,311,84.9,20,0.35281
2025-08-05T06:21:00,311,84.5,20,0.36215
2025-08-05T06:24:00,312,84.1,20,0.3715
2025-08-05T06:27:00,310,84.4,20,0.36449
2025-08-05T06:30:00,311,84.7,20,0.35748
2025-08-05T06:33:00,311,84,20,0.37384
2025-08-05T06:36:00,313,84.5,20,0.36215
2025-08-05T06:39:00,312,84.3,20,0.36683
2025-08-05T06:42:00,314,84.2,20,0.36916
2025-08-05T06:45:00,313,83.9,20,0.37617
2025-08-05T06:48:00,313,84.2,20,0.36916
2025-08-05T06:51:00,315,84.2,20,0.36916
2025-08-05T06:54:00,314,84.9,20,0.35281
2025-08-05T06:57:00,316,84,20,0.37384
2025-08-05T07:00:00,317,83.5,20,0.38552
2025-08-05T07:03:00,316,84.2,20,0.36916
2025-08-05T07:06:00,316,83.8,20,0.37851
2025-08-05T07:09:00,317,83.6,20,0.38318
2025-08-05T07:12:00,317,83.8,20,0.37851
2025-08-05T07:15:00,317,83.5,20,0.38552
2025-08-05T07:18:00,316,83.7,20,0.38085
2025-08-05T07:21:00,316,83.5,20,0.38552
2025-08-05T07:24:00,316,83.5,20,0.38552
2025-08-05T07:27:00,316,83.4,20,0.38786
2025-08-05T07:30:00,317,83,20,0.3972
2025-08-05T07:33:00,316,82.6,20,0.40655
2025-08-05T07:36:00,316,83.1,20,0.39487
2025-08-05T07:39:00,317,82.9,20,0.39954
2025-08-05T07:42:00,318,83.1,20,0.39487
2025-08-05T07:45:00,317,83.1,20,0.39487
2025-08-05T07:48:00,318,82.9,20,0.39954
2025-08-05T07:51:00,317,82.5,20,0.40888
2025-08-05T07:54:00,317,83,20,0.3972
2025-08-05T07:57:00,318,82.3,20,0.41356
2025-08-05T08:00:00,319,82.5,20,0.40888
2025-08-05T08:03:00,319,82.3,20,0.41356
2025-08-05T08:06:00,320,82.2,20,0.41589
2025-08-05T08:09:00,320,82.3,20,0.41356
2025-08-05T08:12:00,323,82.2,20,0.41589
2025-08-05T08:15:00,323,82.2,20,0.41589
2025-08-05T08:18:00,324,82,20,0.42057
2025-08-05T08:21:00,329,82,20,0.42057
2025-08-05T08:24:00,331,81.8,20,0.42524
2025-08-05T08:27:00,330,82.2,20,0.41589
2025-08-05T08:30:00,329,82.3,20,0.41356
2025-08-05T08:33:00,328,82.4,20,0.41122
2025-08-05T08:36:00,329,81.9,20,0.4229
2025-08-05T08:39:00,330,81.7,20,0.42758
2025-08-05T08:42:00,331,81.5,20,0.43225
2025-08-05T08:45:00,337,81.8,20,0.42524
2025-08-05T08:48:00,338,81.8,20,0.42524
2025-08-05T08:51:00,339,81.7,20,0.42758
2025-08-05T08:54:00,347,81.5,20,0.43225
2025-08-05T08:57:00,350,81.2,21,0.46721
2025-08-05T09:00:00,358,81.1,21,0.46969
2025-08-05T09:03:00,347,81.5,21,0.45975
2025-08-05T09:06:00,342,81.9,21,0.44981
2025-08-05T09:09:00,341,81.1,21,0.46969
2025-08-05T09:12:00,343,80.1,21,0.49455
2025-08-05T09:15:00,336,79.7,20,0.47431
2025-08-05T09:18:00,332,85.5,19,0.31837
2025-08-05T09:21:00,330,85.6,20,0.33645
2025-08-05T09:24:00,331,84.4,20,0.36449
2025-08-05T09:27:00,336,86.6,19,0.29422
2025-08-05T09:30:00,340,85.3,20,0.34346
2025-08-05T09:33:00,340,84.2,20,0.36916
2025-08-05T09:36:00,342,85.6,19,0.31617
2025-08-05T09:39:00,345,87.6,19,0.27226
2025-08-05T09:42:00,344,85.9,20,0.32944
2025-08-05T09:45:00,345,84.5,20,0.36215
2025-08-05T09:48:00,344,87.5,19,0.27446
2025-08-05T09:51:00,347,87,19,0.28544
2025-08-05T09:54:00,343,85.2,20,0.3458
2025-08-05T09:57:00,340,87.3,19,0.27885
2025-08-05T10:00:00,338,88.4,19,0.2547
2025-08-05T10:03:00,341,87.5,19,0.27446
2025-08-05T10:06:00,339,87.6,19,0.27226
2025-08-05T10:09:00,340,89.1,19,0.23933
2025-08-05T10:12:00,345,89.6,19,0.22835
2025-08-05T10:15:00,350,87.3,19,0.27885
2025-08-05T10:18:00,356,89.3,19,0.23494
2025-08-05T10:21:00,358,89.6,19,0.22835
2025-08-05T10:24:00,354,89.4,19,0.23274
2025-08-05T10:27:00,345,89.9,19,0.22176
2025-08-05T10:30:00,340,89.8,19,0.22396
2025-08-05T10:33:00,339,89.3,19,0.23494
2025-08-05T10:36:00,339,90,19,0.21957
2025-08-05T10:39:00,339,89.8,19,0.22396
2025-08-05T10:42:00,342,90.2,19,0.21517
2025-08-05T10:45:00,350,89.7,19,0.22615
2025-08-05T10:48:00,351,89.6,19,0.22835
2025-08-05T10:51:00,417,89.4,19,0.23274
2025-08-05T10:54:00,389,89.4,19,0.23274
2025-08-05T10:57:00,444,88.3,19,0.25689
2025-08-05T11:00:00,448,89,20,0.25701
2025-08-05T11:03:00,446,87.7,19,0.27007
2025-08-05T11:06:00,432,88.4,19,0.2547
2025-08-05T11:09:00,372,88.8,20,0.26169
2025-08-05T11:12:00,457,87.6,20,0.28972
2025-08-05T11:15:00,509,87.8,20,0.28505
2025-08-05T11:18:00,590,87.8,20,0.28505
2025-08-05T11:21:00,372,88.3,20,0.27337
2025-08-05T11:24:00,376,87.5,20,0.29206
2025-08-05T11:27:00,383,88.5,20,0.2687
2025-08-05T11:30:00,358,87.5,20,0.29206
2025-08-05T11:33:00,347,88.3,20,0.27337
2025-08-05T11:36:00,418,88,20,0.28038
2025-08-05T11:39:00,387,87.8,20,0.28505
2025-08-05T11:42:00,435,87.8,20,0.28505
2025-08-05T11:45:00,393,87.5,20,0.29206
2025-08-05T11:48:00,405,87.6,20,0.28972
2025-08-05T11:51:00,371,87.9,20,0.28271
2025-08-05T11:54:00,389,88.3,20,0.27337
2025-08-05T11:57:00,368,87,20,0.30374
2025-08-05T12:00:00,400,87,19,0.28544
2025-08-05T12:03:00,370,87.2,20,0.29907
2025-08-05T12:06:00,351,88,20,0.28038
2025-08-05T12:09:00,362,87.6,20,0.28972
2025-08-05T12:12:00,396,87,20,0.30374
2025-08-05T12:15:00,359,87.4,19,0.27665
2025-08-05T12:18:00,346,87.3,19,0.27885
2025-08-05T12:21:00,335,87.6,19,0.27226
2025-08-05T12:24:00,336,87.9,19,0.26567
2025-08-05T12:27:00,342,88.8,19,0.24591
2025-08-05T12:30:00,352,88.7,19,0.24811
2025-08-05T12:33:00,359,88,19,0.26348
2025-08-05T12:36:00,369,88.8,20,0.26169
2025-08-05T12:39:00,373,88.2,20,0.2757
2025-08-05T12:42:00,386,88.7,20,0.26402
2025-08-05T12:45:00,362,88.3,20,0.27337
2025-08-05T12:48:00,357,88.1,19,0.26128
2025-08-05T12:51:00,356,88,19,0.26348
2025-08-05T12:54:00,360,88.3,19,0.25689
2025-08-05T12:57:00,369,88.3,19,0.25689
2025-08-05T13:00:00,369,87.8,19,0.26787
2025-08-05T13:03:00,364,88.3,19,0.25689
2025-08-05T13:06:00,360,88.3,19,0.25689
2025-08-05T13:09:00,352,87.8,19,0.26787
2025-08-05T13:12:00,351,88.2,19,0.25909
2025-08-05T13:15:00,361,88.3,19,0.25689
2025-08-05T13:18:00,363,87.9,19,0.26567
2025-08-05T13:21:00,361.5,88.1,19,0.26128
2025-08-05T13:24:00,360,88.3,19,0.25689
2025-08-05T13:27:00,367,88.7,19,0.24811
2025-08-05T13:30:00,369,88.4,19,0.2547
2025-08-05T13:33:00,372,88.4,19,0.2547
2025-08-05T13:36:00,360,87.9,19,0.26567
2025-08-05T13:39:00,360,88.1,19,0.26128
2025-08-05T13:42:00,358,88.3,19,0.25689
2025-08-05T13:45:00,352,88.7,19,0.24811
2025-08-05T13:48:00,346,88.2,19,0.25909
2025-08-05T13:51:00,350,88.9,19,0.24372
2025-08-05T13:54:00,353,88.4,19,0.2547
2025-08-05T13:57:00,356,88.4,19,0.2547
2025-08-05T14:00:00,355,89,19,0.24152
2025-08-05T14:03:00,350,88.6,19,0.2503
2025-08-05T14:06:00,347,88.4,19,0.2547
2025-08-05T14:09:00,345,88.9,19,0.24372
2025-08-05T14:12:00,342,88.7,19,0.24811
2025-08-05T14:15:00,346,89,19,0.24152
2025-08-05T14:18:00,347,88.6,19,0.2503
2025-08-05T14:21:00,346,89,19,0.24152
2025-08-05T14:24:00,347,88.9,19,0.24372
2025-08-05T14:27:00,345,88.1,19,0.26128
2025-08-05T14:30:00,344,88.1,19,0.26128
2025-08-05T14:33:00,341,89.2,19,0.23713
2025-08-05T14:36:00,340,88.6,19,0.2503
2025-08-05T14:39:00,339,88.4,19,0.2547
2025-08-05T14:42:00,339,88.7,19,0.24811
2025-08-05T14:45:00,339,88.7,19,0.24811
2025-08-05T14:48:00,336,88.7,19,0.24811
2025-08-05T14:51:00,341,88,19,0.26348
2025-08-05T14:54:00,336,89,19,0.24152
2025-08-05T14:57:00,342,89,19,0.24152
2025-08-05T15:00:00,345,88.4,19,0.2547
2025-08-05T15:03:00,347,89,19,0.24152
2025-08-05T15:06:00,350,88.8,19,0.24591
2025-08-05T15:09:00,348,88.7,19,0.24811
2025-08-05T15:12:00,347,88.7,19,0.24811
2025-08-05T15:15:00,350,88.7,19,0.24811
2025-08-05T15:18:00,347,88.6,19,0.2503
2025-08-05T15:21:00,345,88.4,19,0.2547
2025-08-05T15:24:00,344,89.3,19,0.23494
2025-08-05T15:27:00,342,88.9,19,0.24372
2025-08-05T15:30:00,341,89.1,19,0.23933
2025-08-05T15:33:00,342,88.7,19,0.24811
2025-08-05T15:36:00,342,88.7,19,0.24811
2025-08-05T15:39:00,335,88.7,19,0.24811
2025-08-05T15:42:00,333,89,19,0.24152
2025-08-05T15:45:00,329,88.2,19,0.25909
2025-08-05T15:48:00,325,88.5,19,0.2525
2025-08-05T15:51:00,323,88.7,19,0.24811
2025-08-05T15:54:00,321,89,19,0.24152
2025-08-05T15:57:00,326,88.7,19,0.24811
2025-08-05T16:00:00,336,88.9,19,0.24372
2025-08-05T16:03:00,342,88.5,19,0.2525
2025-08-05T16:06:00,342,88.2,19,0.25909
2025-08-05T16:09:00,337,88.7,19,0.24811
2025-08-05T16:12:00,338,89,19,0.24152
2025-08-05T16:15:00,339,89,19,0.24152
2025-08-05T16:18:00,342,89.2,19,0.23713
2025-08-05T16:21:00,342,88.3,19,0.25689
2025-08-05T16:24:00,343,88.8,19,0.24591
2025-08-05T16:27:00,341,89.4,19,0.23274
2025-08-05T16:30:00,342,88.8,19,0.24591
2025-08-05T16:33:00,339,88.8,19,0.24591
2025-08-05T16:36:00,339,88.9,19,0.24372
2025-08-05T16:39:00,339,89.2,19,0.23713
2025-08-05T16:42:00,335,89,19,0.24152
2025-08-05T16:45:00,333,89.2,19,0.23713
2025-08-05T16:48:00,334,89.1,19,0.23933
2025-08-05T16:51:00,334,89.3,19,0.23494
2025-08-05T16:54:00,332,88.9,19,0.24372
2025-08-05T16:57:00,331,89.1,19,0.23933
2025-08-05T17:00:00,329,89.1,19,0.23933
2025-08-05T17:03:00,328,88.8,19,0.24591
2025-08-05T17:06:00,326,88.9,19,0.24372
2025-08-05T17:09:00,323,89.1,19,0.23933
2025-08-05T17:12:00,323,89.4,19,0.23274
2025-08-05T17:15:00,318,89.3,19,0.23494
2025-08-05T17:18:00,315,89.3,19,0.23494
2025-08-05T17:21:00,317,89.4,19,0.23274
2025-08-05T17:24:00,321,89.6,19,0.22835
2025-08-05T17:27:00,322,89.8,19,0.22396
2025-08-05T17:30:00,321,89.8,19,0.22396
2025-08-05T17:33:00,320,89.7,19,0.22615
2025-08-05T17:36:00,321,89.5,19,0.23054
2025-08-05T17:39:00,323,89.7,19,0.22615
2025-08-05T17:42:00,326,89.5,19,0.23054
2025-08-05T17:45:00,326,89.5,19,0.23054
2025-08-05T17:48:00,330,89.8,19,0.22396
2025-08-05T17:51:00,334,89.8,19,0.22396
2025-08-05T17:54:00,347,89.6,19,0.22835
2025-08-05T17:57:00,353,89.4,19,0.23274
2025-08-05T18:00:00,345,89.3,19,0.23494
2025-08-05T18:03:00,343,89.5,19,0.23054
2025-08-05T18:06:00,339,89.5,19,0.23054
2025-08-05T18:09:00,336,90.1,19,0.21737
2025-08-05T18:12:00,334,90.2,19,0.21517
2025-08-05T18:15:00,338,89.6,19,0.22835
2025-08-05T18:18:00,336,89.8,19,0.22396
2025-08-05T18:21:00,334,90,19,0.21957
2025-08-05T18:24:00,331,89.3,19,0.23494
2025-08-05T18:27:00,331,89.4,19,0.23274
2025-08-05T18:30:00,326,89.4,19,0.23274
2025-08-05T18:33:00,329,88.9,19,0.24372
2025-08-05T18:36:00,324,89.7,19,0.22615
2025-08-05T18:39:00,322,89.6,19,0.22835
2025-08-05T18:42:00,320,89.1,19,0.23933
2025-08-05T18:45:00,316,90,19,0.21957
2025-08-05T18:48:00,317,90,19,0.21957
2025-08-05T18:51:00,317,89.6,19,0.22835
2025-08-05T18:54:00,317,89.5,19,0.23054
2025-08-05T18:57:00,315,89.6,19,0.22835
2025-08-05T19:00:00,315,89.9,19,0.22176
2025-08-05T19:03:00,313,89.8,19,0.22396
2025-08-05T19:06:00,313,89.9,19,0.22176
2025-08-05T19:09:00,312,89.7,19,0.22615
2025-08-05T19:12:00,310,90,19,0.21957
2025-08-05T19:15:00,310,89.7,19,0.22615
2025-08-05T19:18:00,309,89.9,19,0.22176
2025-08-05T19:21:00,308,90.5,19,0.20859
2025-08-05T19:24:00,309,90.5,19,0.20859
2025-08-05T19:27:00,308,90.6,19,0.20639
2025-08-05T19:30:00,309,90.2,19,0.21517
2025-08-05T19:33:00,309,90.8,19,0.202
2025-08-05T19:36:00,309,90.6,19,0.20639
2025-08-05T19:39:00,307,90.4,19,0.21078
2025-08-05T19:42:00,307,90.3,19,0.21298
2025-08-05T19:45:00,306,90.4,19,0.21078
2025-08-05T19:48:00,306,90.5,19,0.20859
2025-08-05T19:51:00,305,90.9,18,0.18767
2025-08-05T19:54:00,304,91.5,19,0.18663
2025-08-05T19:57:00,304,91,19,0.19761
2025-08-05T20:00:00,304,90.9,19,0.1998
2025-08-05T20:03:00,0,90.8,18,0.18973
2025-08-05T20:06:00,0,91.1,18,0.18355
2025-08-05T20:09:00,0,91.1,18,0.18355
2025-08-05T20:12:00,0,91.3,18,0.17942
2025-08-05T20:15:00,0,91.6,18,0.17324
2025-08-05T20:18:00,0,91.5,18,0.1753
2025-08-05T20:21:00,0,91.4,18,0.17736
2025-08-05T20:24:00,0,91.2,18,0.18149
2025-08-05T20:27:00,0,91.3,18,0.17942
2025-08-05T20:30:00,0,91.5,18,0.1753
2025-08-05T20:33:00,0,91.8,18,0.16911
2025-08-05T20:36:00,0,91.7,18,0.17117
2025-08-05T20:39:00,0,91.9,18,0.16705
2025-08-05T20:42:00,0,91.9,18,0.16705
2025-08-05T20:45:00,0,91.7,18,0.17117
2025-08-05T20:48:00,0,91.8,18,0.16911
2025-08-05T20:51:00,0,91.8,18,0.16911
2025-08-05T20:54:00,0,92.3,18,0.1588
2025-08-05T20:57:00,0,92,18,0.16499
2025-08-05T21:00:00,0,92.3,18,0.1588
2025-08-05T21:03:00,0,92.5,18,0.15467
2025-08-05T21:06:00,0,92.1,18,0.16292
2025-08-05T21:09:00,0,92.3,18,0.1588
2025-08-05T21:12:00,0,92.5,18,0.15467
2025-08-05T21:15:00,0,91.8,18,0.16911
2025-08-05T21:18:00,0,92.4,18,0.15674
2025-08-05T21:21:00,0,92.5,18,0.15467
2025-08-05T21:24:00,0,91.9,18,0.16705
2025-08-05T21:27:00,0,92.2,18,0.16086
2025-08-05T21:30:00,0,92.4,18,0.15674
2025-08-05T21:33:00,0,92.2,18,0.16086
2025-08-05T21:36:00,0,91.9,18,0.16705
2025-08-05T21:39:00,0,92,18,0.16499
2025-08-05T21:42:00,0,91.5,18,0.1753
2025-08-05T21:45:00,0,91.1,19,0.19541
2025-08-05T21:48:00,0,90.7,19,0.2042
2025-08-05T21:51:00,0,90.6,19,0.20639
2025-08-05T21:54:00,0,90.4,19,0.21078
2025-08-05T21:57:00,0,90.5,19,0.20859
2025-08-05T22:00:00,0,90.5,19,0.20859
2025-08-05T22:03:00,0,89.9,19,0.22176
2025-08-05T22:06:00,0,89.5,19,0.23054
2025-08-05T22:09:00,0,89.2,19,0.23713
2025-08-05T22:12:00,0,89.3,19,0.23494
2025-08-05T22:15:00,0,89.8,19,0.22396
2025-08-05T22:18:00,0,90.2,19,0.21517
2025-08-05T22:21:00,0,90.2,19,0.21517
2025-08-05T22:24:00,0,90.2,19,0.21517
2025-08-05T22:27:00,0,90.2,19,0.21517
2025-08-05T22:30:00,0,90.1,19,0.21737
2025-08-05T22:33:00,0,90.4,19,0.21078
2025-08-05T22:36:00,0,90.6,19,0.20639
2025-08-05T22:39:00,0,90.9,18,0.18767
2025-08-05T22:42:00,0,90.9,19,0.1998
2025-08-05T22:45:00,0,90.9,19,0.1998
2025-08-05T22:48:00,0,91,18,0.18561
2025-08-05T22:51:00,0,90.8,19,0.202
2025-08-05T22:54:00,0,91.1,19,0.19541
2025-08-05T22:57:00,0,91.4,18,0.17736
2025-08-05T23:00:00,0,91.5,18,0.1753
2025-08-05T23:03:00,0,91.2,19,0.19322
2025-08-05T23:06:00,0,91.3,19,0.19102
2025-08-05T23:09:00,0,91.2,19,0.19322
2025-08-05T23:12:00,0,90.6,19,0.20639
2025-08-05T23:15:00,0,90.7,19,0.2042
2025-08-05T23:18:00,0,91,19,0.19761
2025-08-05T23:21:00,0,91,19,0.19761
2025-08-05T23:24:00,0,90.7,19,0.2042
2025-08-05T23:27:00,0,89.6,19,0.22835
2025-08-05T23:30:00,0,89.1,19,0.23933
2025-08-05T23:33:00,0,89.2,19,0.23713
2025-08-05T23:36:00,0,89.7,19,0.22615
2025-08-05T23:39:00,0,89.9,19,0.22176
2025-08-05T23:42:00,0,89.6,19,0.22835
2025-08-05T23:45:00,0,89.1,19,0.23933
2025-08-05T23:48:00,0,88.7,19,0.24811
2025-08-05T23:51:00,0,88.3,19,0.25689
2025-08-05T23:54:00,0,88.6,19,0.2503
2025-08-05T23:57:00,0,88.9,19,0.24372
2025-08-06T00:00:00,0,88.6,19,0.2503
2025-08-06T00:03:00,0,88.1,19,0.26128
2025-08-06T00:06:00,0,89.5,19,0.23054
2025-08-06T00:09:00,0,89,19,0.24152
2025-08-06T00:12:00,0,88.4,19,0.2547
2025-08-06T00:15:00,0,89.1,19,0.23933
2025-08-06T00:18:00,0,88.8,19,0.24591
2025-08-06T00:21:00,0,88.4,19,0.2547
2025-08-06T00:24:00,0,88,19,0.26348
2025-08-06T00:27:00,0,89.3,19,0.23494
2025-08-06T00:30:00,0,88.2,19,0.25909
2025-08-06T00:33:00,0,87.6,19,0.27226
2025-08-06T00:36:00,0,88.7,19,0.24811
2025-08-06T00:39:00,0,88.7,19,0.24811
2025-08-06T00:42:00,0,88.4,19,0.2547
2025-08-06T00:45:00,0,89.2,19,0.23713
2025-08-06T00:48:00,0,88.9,19,0.24372
2025-08-06T00:51:00,0,88.7,19,0.24811
2025-08-06T00:54:00,0,88.4,19,0.2547
2025-08-06T00:57:00,0,88.2,19,0.25909
2025-08-06T01:00:00,0,88.1,19,0.26128
2025-08-06T01:03:00,0,87.8,19,0.26787
2025-08-06T01:06:00,0,88.5,19,0.2525
2025-08-06T01:09:00,0,88.7,19,0.24811
2025-08-06T01:12:00,0,88.4,19,0.2547
2025-08-06T01:15:00,0,88.3,19,0.25689
2025-08-06T01:18:00,0,87.9,19,0.26567
2025-08-06T01:21:00,0,87.9,19,0.26567
2025-08-06T01:24:00,0,87.7,19,0.27007
2025-08-06T01:27:00,0,89.3,19,0.23494
2025-08-06T01:30:00,0,88.6,19,0.2503
2025-08-06T01:33:00,0,88,19,0.26348
2025-08-06T01:36:00,0,87.9,19,0.26567
2025-08-06T01:39:00,0,87.7,19,0.27007
2025-08-06T01:42:00,0,87.6,19,0.27226
2025-08-06T01:45:00,0,87.6,19,0.27226
2025-08-06T01:48:00,0,87.6,19,0.27226
2025-08-06T01:51:00,0,87.6,19,0.27226
2025-08-06T01:54:00,0,87.5,19,0.27446
2025-08-06T01:57:00,0,87.5,19,0.27446
2025-08-06T02:00:00,0,87.3,19,0.27885
2025-08-06T02:03:00,0,88.1,19,0.26128
2025-08-06T02:06:00,0,88.9,19,0.24372
2025-08-06T02:09:00,0,88.7,19,0.24811
2025-08-06T02:12:00,0,88.4,19,0.2547
2025-08-06T02:15:00,0,88.8,19,0.24591
2025-08-06T02:18:00,0,89,19,0.24152
2025-08-06T02:21:00,0,88.4,19,0.2547
2025-08-06T02:24:00,0,88.3,19,0.25689
2025-08-06T02:27:00,0,88.1,19,0.26128
2025-08-06T02:30:00,0,88,19,0.26348
2025-08-06T02:33:00,0,87.7,19,0.27007
2025-08-06T02:36:00,0,87.7,19,0.27007
2025-08-06T02:39:00,0,87.5,19,0.27446
2025-08-06T02:42:00,0,87.2,19,0.28104
2025-08-06T02:45:00,0,86.9,19,0.28763
2025-08-06T02:48:00,0,86.6,19,0.29422
2025-08-06T02:51:00,0,86.6,19,0.29422
2025-08-06T02:54:00,0,86.6,19,0.29422
2025-08-06T02:57:00,0,86.5,19,0.29641
2025-08-06T03:00:00,0,86.6,19,0.29422
2025-08-06T03:03:00,0,86.4,19,0.29861
2025-08-06T03:06:00,0,86.5,19,0.29641
2025-08-06T03:09:00,0,86.5,19,0.29641
2025-08-06T03:12:00,0,86.4,19,0.29861
2025-08-06T03:15:00,0,86.2,19,0.303
2025-08-06T03:18:00,0,86.2,19,0.303
2025-08-06T03:21:00,0,86.2,19,0.303
2025-08-06T03:24:00,0,86.1,19,0.3052
2025-08-06T03:27:00,0,86.1,19,0.3052
2025-08-06T03:30:00,0,86,19,0.30739
2025-08-06T03:33:00,0,85.8,19,0.31178
2025-08-06T03:36:00,0,85.7,19,0.31398
2025-08-06T03:39:00,0,85.4,19,0.32057
2025-08-06T03:42:00,0,85.3,19,0.32276
2025-08-06T03:45:00,0,85.2,19,0.32496
2025-08-06T03:48:00,0,85.1,19,0.32715
2025-08-06T03:51:00,0,85,19,0.32935
2025-08-06T03:54:00,0,85,19,0.32935
2025-08-06T03:57:00,0,84.9,19,0.33154
2025-08-06T04:00:00,202,84.8,19,0.33374
2025-08-06T04:03:00,328,84.2,19,0.34691
2025-08-06T04:06:00,325,83.5,19,0.36228
2025-08-06T04:09:00,322,82.8,19,0.37765
2025-08-06T04:12:00,320,82,19,0.39522
2025-08-06T04:15:00,318,81.5,20,0.43225
2025-08-06T04:18:00,317,81,20,0.44393
2025-08-06T04:21:00,317,80.9,20,0.44627
2025-08-06T04:24:00,316,80.8,20,0.4486
2025-08-06T04:27:00,314,80.7,20,0.45094
2025-08-06T04:30:00,315,80.2,20,0.46262
2025-08-06T04:33:00,314,81.3,20,0.43692
2025-08-06T04:36:00,312,81.8,20,0.42524
2025-08-06T04:39:00,312,81.2,20,0.43926
2025-08-06T04:42:00,312,80,20,0.4673
2025-08-06T04:45:00,312,78.7,20,0.49767
2025-08-06T04:48:00,310,78.9,20,0.493
2025-08-06T04:51:00,309,79.4,20,0.48131
2025-08-06T04:54:00,309,79.4,20,0.48131
2025-08-06T04:57:00,309.5,78.95,20,0.49183
2025-08-06T05:00:00,310,78.5,20,0.50234
2025-08-06T05:03:00,309,78.2,20,0.50935
2025-08-06T05:06:00,308,78.6,20,0.50001
2025-08-06T05:09:00,309,79.2,20,0.48599
2025-08-06T05:12:00,309,78.7,20,0.49767
2025-08-06T05:15:00,309,77.9,20,0.51636
2025-08-06T05:18:00,309,77.9,20,0.51636
2025-08-06T05:21:00,308,78,20,0.51403
2025-08-06T05:24:00,309,78.1,20,0.51169
2025-08-06T05:27:00,309,77.8,20,0.5187
2025-08-06T05:30:00,308,77.3,20,0.53038
2025-08-06T05:33:00,308,78.6,20,0.50001
2025-08-06T05:36:00,309,78.5,20,0.50234
2025-08-06T05:39:00,315,77.9,20,0.51636
2025-08-06T05:42:00,309,78.6,20,0.50001
2025-08-06T05:45:00,309,78.7,20,0.49767
2025-08-06T05:48:00,309,77.7,20,0.52103
2025-08-06T05:51:00,308,77.8,20,0.5187
2025-08-06T05:54:00,310,77.8,20,0.5187
2025-08-06T05:57:00,311,77.3,20,0.53038
2025-08-06T06:00:00,310,78,20,0.51403
2025-08-06T06:03:00,312,77.5,20,0.52571
2025-08-06T06:06:00,312,77.5,20,0.52571
2025-08-06T06:09:00,311,77,20,0.53739
2025-08-06T06:12:00,311,77.4,20,0.52804
2025-08-06T06:15:00,312,77.5,20,0.52571
2025-08-06T06:18:00,312,76.9,20,0.53973
2025-08-06T06:21:00,312,77.2,20,0.53272
2025-08-06T06:24:00,312,77.5,20,0.52571
2025-08-06T06:27:00,310,77.2,20,0.53272
2025-08-06T06:30:00,311,77.6,20,0.52337
2025-08-06T06:33:00,312,77.2,20,0.53272
2025-08-06T06:36:00,313,77.3,20,0.53038
2025-08-06T06:39:00,313,76.9,20,0.53973
2025-08-06T06:42:00,315,77.1,20,0.53505
2025-08-06T06:45:00,316,76.5,20,0.54907
2025-08-06T06:48:00,317,76.5,20,0.54907
2025-08-06T06:51:00,317,76.4,20,0.55141
2025-08-06T06:54:00,321,75.8,20,0.56543
2025-08-06T06:57:00,322,76.2,20,0.55608
2025-08-06T07:00:00,325,75.9,20,0.56309
2025-08-06T07:03:00,323,75.5,20,0.57244
2025-08-06T07:06:00,326,75.7,20,0.56776
2025-08-06T07:09:00,337,75.7,20,0.56776
2025-08-06T07:12:00,339,75.7,20,0.56776
2025-08-06T07:15:00,341,76.3,20,0.55375
2025-08-06T07:18:00,344,76.8,20,0.54206
2025-08-06T07:21:00,337,75.7,20,0.56776
2025-08-06T07:24:00,333,75.3,20,0.57711
2025-08-06T07:27:00,337,75.5,20,0.57244
2025-08-06T07:30:00,338,75.1,20,0.58178
2025-08-06T07:33:00,343,75.7,20,0.56776
2025-08-06T07:36:00,355,75.3,20,0.57711
2025-08-06T07:39:00,339,75.4,20,0.57477
2025-08-06T07:42:00,345,75.3,20,0.57711
2025-08-06T07:45:00,347,74.9,20,0.58646
2025-08-06T07:48:00,348,74.3,20,0.60048
2025-08-06T07:51:00,352,74.1,20,0.60515
2025-08-06T07:54:00,362,74.1,20,0.60515
2025-08-06T07:57:00,341,74,20,0.60748
2025-08-06T08:00:00,366,73.6,20,0.61683
2025-08-06T08:03:00,370,73.2,21,0.66602
2025-08-06T08:06:00,373,72.9,21,0.67348
2025-08-06T08:09:00,385,73,21,0.67099
2025-08-06T08:12:00,473,72.5,21,0.68342
2025-08-06T08:15:00,512,73.7,21,0.6536
2025-08-06T08:18:00,500,78.4,19,0.47426
2025-08-06T08:21:00,497,82.2,18,0.3671
2025-08-06T08:24:00,559,83.1,18,0.34853
2025-08-06T08:27:00,599,83.3,18,0.34441
2025-08-06T08:30:00,561,84.4,18,0.32172
2025-08-06T08:33:00,488,84.4,18,0.32172
2025-08-06T08:36:00,451,84,18,0.32997
2025-08-06T08:39:00,564,84.7,18,0.31554
2025-08-06T08:42:00,632,84.8,18,0.31347
2025-08-06T08:45:00,618,84.9,18,0.31141
2025-08-06T08:48:00,654,85.1,19,0.32715
2025-08-06T08:51:00,621,84.7,18,0.31554
2025-08-06T08:54:00,634,84.7,19,0.33594
2025-08-06T08:57:00,627,84.9,18,0.31141
2025-08-06T09:00:00,646,84.7,19,0.33594
2025-08-06T09:03:00,649,83.8,19,0.3557
2025-08-06T09:06:00,594,84.1,19,0.34911
2025-08-06T09:09:00,521,83.7,19,0.35789
2025-08-06T09:12:00,545,84.5,19,0.34033
2025-08-06T09:15:00,348,84.4,19,0.34252
2025-08-06T09:18:00,481,84.8,19,0.33374
2025-08-06T09:21:00,470,83.5,19,0.36228
2025-08-06T09:24:00,458,83.7,19,0.35789
2025-08-06T09:27:00,459,84.2,19,0.34691
2025-08-06T09:30:00,457,83.3,19,0.36667
2025-08-06T09:33:00,458,83.9,19,0.3535
2025-08-06T09:36:00,454,83.8,19,0.3557
2025-08-06T09:39:00,445,84.1,19,0.34911
2025-08-06T09:42:00,446,84.2,19,0.34691
2025-08-06T09:45:00,435,84,19,0.35131
2025-08-06T09:48:00,424,82.6,19,0.38204
2025-08-06T09:51:00,421,82.3,19,0.38863
2025-08-06T09:54:00,374,83,19,0.37326
2025-08-06T09:57:00,345,83.3,19,0.36667
2025-08-06T10:00:00,347,84.5,19,0.34033
2025-08-06T10:03:00,397,85.1,19,0.32715
2025-08-06T10:06:00,405,84.3,19,0.34472
2025-08-06T10:09:00,402,84.2,19,0.34691
2025-08-06T10:12:00,400,85,19,0.32935
2025-08-06T10:15:00,402,83.4,19,0.36448
2025-08-06T10:18:00,403,83,20,0.3972
2025-08-06T10:21:00,403,81.2,20,0.43926
2025-08-06T10:24:00,416,83.7,19,0.35789
2025-08-06T10:27:00,439,83.4,19,0.36448
2025-08-06T10:30:00,453,83.9,19,0.3535
2025-08-06T10:33:00,424,82.4,19,0.38644
2025-08-06T10:36:00,407,82.4,19,0.38644
2025-08-06T10:39:00,408,82.2,19,0.39083
2025-08-06T10:42:00,470,83,19,0.37326
2025-08-06T10:45:00,412,82.6,19,0.38204
2025-08-06T10:48:00,465,81.1,20,0.44159
2025-08-06T10:51:00,443,80,20,0.4673
2025-08-06T10:54:00,473,80.3,20,0.46029
2025-08-06T10:57:00,455,79.8,20,0.47197
2025-08-06T11:00:00,437,80.3,20,0.46029
2025-08-06T11:03:00,432,80.6,20,0.45328
2025-08-06T11:06:00,430,80.4,20,0.45795
2025-08-06T11:09:00,438,80.8,20,0.4486
2025-08-06T11:12:00,479,79.1,20,0.48832
2025-08-06T11:15:00,542,79.4,20,0.48131
2025-08-06T11:18:00,412,79.9,20,0.46963
2025-08-06T11:21:00,380,80.2,20,0.46262
2025-08-06T11:24:00,364,79.8,20,0.47197
2025-08-06T11:27:00,347,80.9,20,0.44627
2025-08-06T11:30:00,345,81.1,19,0.41498
2025-08-06T11:33:00,350,80.9,20,0.44627
2025-08-06T11:36:00,356,80.2,20,0.46262
2025-08-06T11:39:00,476,80.7,20,0.45094
2025-08-06T11:42:00,460,80.9,20,0.44627
2025-08-06T11:45:00,483,80,20,0.4673
2025-08-06T11:48:00,371,80.2,20,0.46262
2025-08-06T11:51:00,380,80.7,20,0.45094
2025-08-06T11:54:00,342,81,19,0.41717
2025-08-06T11:57:00,501,81.2,20,0.43926
2025-08-06T12:00:00,397,80.5,20,0.45561
2025-08-06T12:03:00,405,80.8,20,0.4486
2025-08-06T12:06:00,366,80.6,20,0.45328
2025-08-06T12:09:00,354,80.6,20,0.45328
2025-08-06T12:12:00,354,81,20,0.44393
2025-08-06T12:15:00,480,80.5,20,0.45561
2025-08-06T12:18:00,486,80.5,20,0.45561
2025-08-06T12:21:00,404,81.1,20,0.44159
2025-08-06T12:24:00,378,81.9,20,0.4229
2025-08-06T12:27:00,401,82.1,19,0.39302
2025-08-06T12:30:00,364,81.9,19,0.39741
2025-08-06T12:33:00,456,81.1,19,0.41498
2025-08-06T12:36:00,413,81.2,19,0.41278
2025-08-06T12:39:00,443,80.3,20,0.46029
2025-08-06T12:42:00,453,80,20,0.4673
2025-08-06T12:45:00,451,80,20,0.4673
2025-08-06T12:48:00,455,80,20,0.4673
2025-08-06T12:51:00,372,80.7,20,0.45094
2025-08-06T12:54:00,383,79.6,20,0.47664
2025-08-06T12:57:00,391,79.9,20,0.46963
2025-08-06T13:00:00,440,79.5,20,0.47898
2025-08-06T13:03:00,445,80.7,20,0.45094
2025-08-06T13:06:00,440,80.2,20,0.46262
2025-08-06T13:09:00,389,80.1,21,0.49455
2025-08-06T13:12:00,376,78.3,21,0.53928
2025-08-06T13:15:00,371,78.2,21,0.54176
2025-08-06T13:18:00,367,79,21,0.52188
2025-08-06T13:21:00,421,77.8,21,0.5517
2025-08-06T13:24:00,446,76.7,21,0.57904
2025-08-06T13:27:00,465,76.8,21,0.57656
2025-08-06T13:30:00,381,78.2,21,0.54176
2025-08-06T13:33:00,378,78.1,21,0.54425
2025-08-06T13:36:00,459,77.3,22,0.59974
2025-08-06T13:39:00,465,75.6,22,0.64466
2025-08-06T13:42:00,466,75,21,0.62129
2025-08-06T13:45:00,459,75.9,21,0.59892
2025-08-06T13:48:00,356,75.4,21,0.61135
2025-08-06T13:51:00,463,75.7,21,0.60389
2025-08-06T13:54:00,471,74.2,22,0.68165
2025-08-06T13:57:00,380,74.5,22,0.67372
2025-08-06T14:00:00,372,74.3,22,0.67901
2025-08-06T14:03:00,360,75.2,21,0.61632
2025-08-06T14:06:00,356,76.7,21,0.57904
2025-08-06T14:09:00,372,77.5,21,0.55916
2025-08-06T14:12:00,443,77.5,21,0.55916
2025-08-06T14:15:00,555,76.4,22,0.62352
2025-08-06T14:18:00,377,73.7,22,0.69486
2025-08-06T14:21:00,364,75.1,21,0.6188
2025-08-06T14:24:00,367,76.1,21,0.59395
2025-08-06T14:27:00,382,76.3,21,0.58898
2025-08-06T14:30:00,381,77.3,21,0.56413
2025-08-06T14:33:00,389,75.6,21,0.60638
2025-08-06T14:36:00,481,74.6,22,0.67108
2025-08-06T14:39:00,367,72.8,22,0.71864
2025-08-06T14:42:00,513,74.4,21,0.6362
2025-08-06T14:45:00,583,76.4,21,0.5865
2025-08-06T14:48:00,381,77.7,21,0.55419
2025-08-06T14:51:00,378,80.3,21,0.48958
2025-08-06T14:54:00,463,78,20,0.51403
2025-08-06T14:57:00,444,79.4,21,0.51194
2025-08-06T15:00:00,449,77.5,21,0.55916
2025-08-06T15:03:00,450,79.4,21,0.51194
2025-08-06T15:06:00,437,78,21,0.54673
2025-08-06T15:09:00,385,78.1,21,0.54425
2025-08-06T15:12:00,406,80.7,21,0.47963
2025-08-06T15:15:00,594,81,21,0.47218
2025-08-06T15:18:00,612,82.4,21,0.43739
2025-08-06T15:21:00,555,80.5,21,0.4846
2025-08-06T15:24:00,531,79.8,21,0.502
2025-08-06T15:27:00,365,80.6,21,0.48212
2025-08-06T15:30:00,617,81.7,21,0.45478
2025-08-06T15:33:00,572,81.5,21,0.45975
2025-08-06T15:36:00,611,80.4,21,0.48709
2025-08-06T15:39:00,597,79.7,21,0.50449
2025-08-06T15:42:00,365,81.2,21,0.46721
2025-08-06T15:45:00,470,80.5,21,0.4846
2025-08-06T15:48:00,377,80.9,21,0.47466
2025-08-06T15:51:00,432,80.2,21,0.49206
2025-08-06T15:54:00,429,81.7,21,0.45478
2025-08-06T15:57:00,427,79.1,21,0.5194
2025-08-06T16:00:00,421,78.9,21,0.52437
2025-08-06T16:03:00,419,78.3,22,0.57332
2025-08-06T16:06:00,424,69,27,1.10475
2025-08-06T16:09:00,431,61.7,30,1.62471
2025-08-06T16:12:00,436,56.6,32,2.06344
2025-08-06T16:15:00,438,52.5,34,2.52697
2025-08-06T16:18:00,443,49.6,35,2.83449
2025-08-06T16:21:00,443,47.4,37,3.30204
2025-08-06T16:24:00,444,47,37,3.32716
2025-08-06T16:27:00,448,46.5,37,3.35854
2025-08-06T16:30:00,456,46.1,38,3.57278
2025-08-06T16:33:00,443,45.6,38,3.60592
2025-08-06T16:36:00,441,46.1,38,3.57278
2025-08-06T16:39:00,441,47,37,3.32716
2025-08-06T16:42:00,441,47.2,37,3.3146
2025-08-06T16:45:00,439,46.6,38,3.53963
2025-08-06T16:48:00,438,46.3,38,3.55952
2025-08-06T16:51:00,438,47.5,37,3.29577
2025-08-06T16:54:00,435,47.4,37,3.30204
2025-08-06T16:57:00,433,47.3,37,3.30832
2025-08-06T17:00:00,434,47.5,38,3.47998
2025-08-06T17:03:00,432,46.5,38,3.54626
2025-08-06T17:06:00,430,47.2,37,3.3146
2025-08-06T17:09:00,430,47.3,37,3.30832
2025-08-06T17:12:00,432,46.5,38,3.54626
2025-08-06T17:15:00,430,46.3,38,3.55952
2025-08-06T17:18:00,431,46.8,37,3.33971
2025-08-06T17:21:00,488,46.2,38,3.56615
2025-08-06T17:24:00,550,46.4,38,3.55289
2025-08-06T17:27:00,561,45.6,38,3.60592
2025-08-06T17:30:00,561,45.3,38,3.62581
2025-08-06T17:33:00,567,45.6,38,3.60592
2025-08-06T17:36:00,549,45.8,38,3.59266
2025-08-06T17:39:00,443,45.2,38,3.63243
2025-08-06T17:42:00,460,45.4,38,3.61918
2025-08-06T17:45:00,500,46.4,38,3.55289
2025-08-06T17:48:00,430,45.6,38,3.60592
2025-08-06T17:51:00,417,45.8,38,3.59266
2025-08-06T17:54:00,416,45.8,37,3.40249
2025-08-06T17:57:00,428,44.9,38,3.65232
2025-08-06T18:00:00,520,44.8,38,3.65895
2025-08-06T18:03:00,408,45.3,37,3.43388
2025-08-06T18:06:00,404,45.1,37,3.44643
2025-08-06T18:09:00,400,45.2,37,3.44015
2025-08-06T18:12:00,397,45.2,37,3.44015
2025-08-06T18:15:00,394,44.9,37,3.45899
2025-08-06T18:18:00,393,44.7,37,3.47154
2025-08-06T18:21:00,389,44.8,37,3.46526
2025-08-06T18:24:00,390,45,37,3.45271
2025-08-06T18:27:00,387,44.9,37,3.45899
2025-08-06T18:30:00,387,44.8,37,3.46526
2025-08-06T18:33:00,386,44.6,37,3.47782
2025-08-06T18:36:00,382,44.5,37,3.4841
2025-08-06T18:39:00,380,44.5,37,3.4841
2025-08-06T18:42:00,379,43.9,37,3.52176
2025-08-06T18:45:00,378,43.8,37,3.52804
2025-08-06T18:48:00,376,43.6,37,3.5406
2025-08-06T18:51:00,377,42.1,38,3.83792
2025-08-06T18:54:00,375,41,38,3.91083
2025-08-06T18:57:00,373,40.9,38,3.91746
2025-08-06T19:00:00,372,40.9,38,3.91746
2025-08-06T19:03:00,374,40.7,38,3.93072
2025-08-06T19:06:00,375,40.5,38,3.94398
2025-08-06T19:09:00,373,40.5,37,3.7352
2025-08-06T19:12:00,372,40.6,37,3.72893
2025-08-06T19:15:00,371,40.8,37,3.71637
2025-08-06T19:18:00,369,40.8,37,3.71637
2025-08-06T19:21:00,369,39.3,38,4.02352
2025-08-06T19:24:00,366,38.5,38,4.07655
2025-08-06T19:27:00,365,38.4,38,4.08317
2025-08-06T19:30:00,362,38.3,38,4.0898
2025-08-06T19:33:00,363,38.6,38,4.06992
2025-08-06T19:36:00,361,38.6,38,4.06992
2025-08-06T19:39:00,362,37.8,38,4.12295
2025-08-06T19:42:00,361,36.8,38,4.18923
2025-08-06T19:45:00,360,36.5,38,4.20912
2025-08-06T19:48:00,361,37.1,38,4.16935
2025-08-06T19:51:00,358,36.8,38,4.18923
2025-08-06T19:54:00,358,36.9,38,4.1826
2025-08-06T19:57:00,359,36.9,38,4.1826
2025-08-06T20:00:00,357,36.2,38,4.229
2025-08-06T20:03:00,0,36.2,38,4.229
2025-08-06T20:06:00,0,36.6,38,4.20249
2025-08-06T20:09:00,0,36.9,37,3.9612
2025-08-06T20:12:00,0,37.4,37,3.92981
2025-08-06T20:15:00,0,37.6,37,3.91725
2025-08-06T20:18:00,0,37,37,3.95492
2025-08-06T20:21:00,0,37.3,37,3.93609
2025-08-06T20:24:00,0,37.8,37,3.9047
2025-08-06T20:27:00,0,37.4,37,3.92981
2025-08-06T20:30:00,0,36.9,37,3.9612
2025-08-06T20:33:00,0,36.9,37,3.9612
2025-08-06T20:36:00,0,37.6,37,3.91725
2025-08-06T20:39:00,0,37.2,37,3.94237
2025-08-06T20:42:00,0,36.6,37,3.98003
2025-08-06T20:45:00,0,36.4,37,3.99259
2025-08-06T20:48:00,0,36.8,37,3.96748
2025-08-06T20:51:00,0,36.6,37,3.98003
2025-08-06T20:54:00,0,35.8,37,4.03025
2025-08-06T20:57:00,0,35.8,37,4.03025
2025-08-06T21:00:00,0,36,37,4.0177
2025-08-06T21:03:00,0,36.3,37,3.99886
2025-08-06T21:06:00,0,36.2,37,4.00514
2025-08-06T21:09:00,0,35.8,37,4.03025
2025-08-06T21:12:00,0,36.1,37,4.01142
2025-08-06T21:15:00,0,36.2,37,4.00514
2025-08-06T21:18:00,0,35.8,37,4.03025
2025-08-06T21:21:00,0,35.2,37,4.06792
2025-08-06T21:24:00,0,35.5,37,4.04909
2025-08-06T21:27:00,0,35.8,37,4.03025
2025-08-06T21:30:00,0,35.7,37,4.03653
2025-08-06T21:33:00,0,35.5,37,4.04909
2025-08-06T21:36:00,0,35.3,37,4.06164
2025-08-06T21:39:00,0,35.6,36,3.8273
2025-08-06T21:42:00,0,35.3,37,4.06164
2025-08-06T21:45:00,0,34.9,37,4.08675
2025-08-06T21:48:00,0,35,37,4.08047
2025-08-06T21:51:00,0,35.4,36,3.83919
2025-08-06T21:54:00,0,35.2,36,3.85107
2025-08-06T21:57:00,0,35.1,36,3.85702
2025-08-06T22:00:00,0,35,36,3.86296
2025-08-06T22:03:00,0,34.7,36,3.88079
2025-08-06T22:06:00,0,34.7,36,3.88079
2025-08-06T22:09:00,0,35,36,3.86296
2025-08-06T22:12:00,0,34.6,36,3.88673
2025-08-06T22:15:00,0,34.7,36,3.88079
2025-08-06T22:18:00,0,34.9,36,3.8689
2025-08-06T22:21:00,0,35,36,3.86296
2025-08-06T22:24:00,0,34.5,36,3.89267
2025-08-06T22:27:00,0,34.7,36,3.88079
2025-08-06T22:30:00,0,34.4,36,3.89862
2025-08-06T22:33:00,0,34.7,36,3.88079
2025-08-06T22:36:00,0,35,36,3.86296
2025-08-06T22:39:00,0,34.7,36,3.88079
2025-08-06T22:42:00,0,35,36,3.86296
2025-08-06T22:45:00,0,34.8,36,3.87484
2025-08-06T22:48:00,0,35,36,3.86296
2025-08-06T22:51:00,0,35,36,3.86296
2025-08-06T22:54:00,0,35.1,36,3.85702
2025-08-06T22:57:00,0,35,35,3.65559
2025-08-06T23:00:00,0,35.1,35,3.64996
2025-08-06T23:03:00,0,35,36,3.86296
2025-08-06T23:06:00,0,34.6,36,3.88673
2025-08-06T23:09:00,0,34.7,36,3.88079
2025-08-06T23:12:00,0,34.4,36,3.89862
2025-08-06T23:15:00,0,35.1,36,3.85702
2025-08-06T23:18:00,0,34.9,36,3.8689
2025-08-06T23:21:00,0,34.5,36,3.89267
2025-08-06T23:24:00,0,34.3,36,3.90456
2025-08-06T23:27:00,0,34,36,3.92239
2025-08-06T23:30:00,0,33.9,37,4.14953
2025-08-06T23:33:00,0,34.1,36,3.91645
2025-08-06T23:36:00,0,34.4,36,3.89862
2025-08-06T23:39:00,0,34.5,36,3.89267
2025-08-06T23:42:00,0,33.9,37,4.14953
2025-08-06T23:45:00,0,33.9,37,4.14953
2025-08-06T23:48:00,0,33.8,37,4.15581
2025-08-06T23:51:00,0,33.7,37,4.16208
2025-08-06T23:54:00,0,33.5,37,4.17464
2025-08-06T23:57:00,0,33.3,37,4.18719
